date,team,opponent,goals_for,goals_against,result,HS,AS,HST,AST,HF,AF,HC,AC,yellow,yellow_away,red,red_away,season,home_away,yellow_home,red_home,pts,xG_for,xG_against,xGD,clean_sheet,card_points,form3,team_avg_pts,opp_avg_pts,delta_P,P0,price
2020-09-12,Arsenal,Fulham,3,0,A,5,13,2,6,12,12,2,3,2,,0,,2020,A,2.0,0.0,3,0.0,0.0,0.0,1,2,3.0,3.0,0.0,0.6907020646602591,142.82051282051282,143.51121488517308
2020-09-19,Arsenal,West Ham United,2,1,H,7,14,3,3,11,13,7,5,0,1.0,0,0.0,2020,H,,,3,0.0,0.0,0.0,0,0,3.0,3.0,0.0,0.48438161022764825,142.82051282051282,143.99559649540072
2020-09-28,Arsenal,Liverpool,1,3,H,21,4,8,3,11,7,7,3,2,,0,,2020,A,2.0,0.0,0,0.0,0.0,0.0,0,2,2.0,2.0,3.0,-0.010289906149001549,142.82051282051282,143.98530658925173
2020-10-04,Arsenal,Sheffield United,2,1,H,6,6,5,2,3,9,2,4,0,1.0,0,0.0,2020,H,,,3,0.0,0.0,0.0,0,0,2.0,2.25,0.0,0.48438161022764825,142.82051282051282,144.46968819947938
2020-10-17,Arsenal,Manchester City,0,1,H,13,11,5,3,15,10,6,6,1,,0,,2020,A,4.0,0.0,0,0.0,0.0,0.0,0,1,1.0,1.8,1.75,0.12171398830322877,142.82051282051282,144.5914021877826
2020-10-25,Arsenal,Leicester City,0,1,A,12,6,4,2,13,9,9,3,3,5.0,0,0.0,2020,H,,,0,0.0,0.0,0.0,0,3,1.0,1.5,2.0,0.08569297302361958,142.82051282051282,144.67709516080623
2020-11-01,Arsenal,Manchester United,1,0,A,8,7,2,2,12,12,6,3,3,,0,,2020,A,3.0,0.0,3,0.0,0.0,0.0,1,3,1.0,1.7142857142857142,1.1666666666666667,0.567142124786727,142.82051282051282,145.24423728559296
2020-11-08,Arsenal,Aston Villa,0,3,A,13,15,2,6,11,13,3,8,0,0.0,0,0.0,2020,H,,,0,0.0,0.0,0.0,0,0,1.0,1.5,2.142857142857143,0.08725134963255168,142.82051282051282,145.3314886352255
2020-11-22,Arsenal,Leeds United,0,0,D,25,9,4,2,9,8,5,3,0,,1,,2020,A,3.0,0.0,1,0.0,0.0,0.0,1,2,1.3333333333333333,1.4444444444444444,1.2222222222222223,0.4468573975060188,142.82051282051282,145.77834603273152
2020-11-29,Arsenal,Wolverhampton Wanderers,1,2,A,13,11,2,5,13,13,8,4,3,4.0,0,0.0,2020,H,,,0,0.0,0.0,0.0,0,3,0.3333333333333333,1.3,1.7,0.11609120950693311,142.82051282051282,145.89443724223844
2020-12-06,Arsenal,Tottenham Hotspur,0,2,H,6,11,3,2,16,12,3,9,2,,0,,2020,A,1.0,0.0,0,0.0,0.0,0.0,0,2,0.3333333333333333,1.181818181818182,2.1818181818181817,0.07261437516912628,142.82051282051282,145.96705161740758
2020-12-13,Arsenal,Burnley,0,1,A,18,10,6,2,5,11,13,4,2,1.0,1,0.0,2020,H,,,0,0.0,0.0,0.0,0,4,0.0,1.0833333333333333,0.8181818181818182,0.2000990258224913,142.82051282051282,146.16715064323006
2020-12-16,Arsenal,Southampton,1,1,D,9,13,4,3,13,13,2,7,1,3.0,1,0.0,2020,H,,,1,0.0,0.0,0.0,0,3,0.3333333333333333,1.0769230769230769,1.8461538461538465,0.1612818122458316,142.82051282051282,146.3284324554759
2020-12-19,Arsenal,Everton,1,2,H,9,13,2,2,9,9,4,3,3,,0,,2020,A,1.0,0.0,0,0.0,0.0,0.0,0,3,0.3333333333333333,1.0,1.8571428571428572,0.10016832372995935,142.82051282051282,146.42860077920585
2020-12-26,Arsenal,Chelsea,3,1,H,15,19,7,3,13,10,7,9,2,1.0,0,0.0,2020,H,,,3,0.0,0.0,0.0,0,2,1.3333333333333333,1.1333333333333333,1.6666666666666667,0.30481336711016965,142.82051282051282,146.73341414631602
2020-12-29,Arsenal,Brighton and Hove Albion,1,0,A,13,11,2,3,11,4,5,4,0,,0,,2020,A,2.0,0.0,3,0.0,0.0,0.0,1,0,2.0,1.25,0.8125,0.6190626590614663,142.82051282051282,147.3524768053775
2021-01-02,Arsenal,West Brom,4,0,A,7,21,3,12,7,4,3,5,2,,0,,2021,A,1.0,0.0,3,0.0,0.0,0.0,1,2,3.0,1.3529411764705883,0.4705882352941176,0.6430185564511399,142.82051282051282,147.99549536182863
2021-01-14,Arsenal,Crystal Palace,0,0,D,11,12,4,2,10,11,7,3,1,1.0,0,0.0,2021,H,,,1,0.0,0.0,0.0,1,1,2.3333333333333335,1.3333333333333333,1.2777777777777777,0.44657267022531066,142.82051282051282,148.44206803205395
2021-01-18,Arsenal,Newcastle United,3,0,H,20,4,6,1,9,8,7,2,0,0.0,0,0.0,2021,H,,,3,0.0,0.0,0.0,1,0,2.3333333333333335,1.4210526315789471,1.0555555555555556,0.5944344582069299,142.82051282051282,149.0365024902609
2021-01-26,Arsenal,Southampton,3,1,A,13,9,5,5,11,6,4,5,2,,0,,2021,A,1.0,0.0,3,0.0,0.0,0.0,0,2,2.3333333333333335,1.5,1.5263157894736843,0.3190347642953456,142.82051282051282,149.35553725455622
2021-01-30,Arsenal,Manchester United,0,0,D,17,14,3,3,9,16,4,7,1,3.0,0,0.0,2021,H,,,1,0.0,0.0,0.0,1,1,2.3333333333333335,1.4761904761904765,1.9523809523809523,0.3782168474453729,142.82051282051282,149.7337541020016
2021-02-02,Arsenal,Wolverhampton Wanderers,1,2,H,11,9,7,3,11,8,9,6,2,,2,,2021,A,3.0,0.0,0,0.0,0.0,0.0,0,6,1.3333333333333333,1.4090909090909092,1.181818181818182,0.1525635270264755,142.82051282051282,149.88631762902807
2021-02-06,Arsenal,Aston Villa,0,1,H,12,14,8,3,12,12,3,7,2,,0,,2021,A,3.0,0.0,0,0.0,0.0,0.0,0,2,0.3333333333333333,1.3478260869565215,1.6666666666666667,0.12481336711016966,142.82051282051282,150.01113099613823
2021-02-14,Arsenal,Leeds United,4,2,H,13,9,5,5,8,17,4,5,0,2.0,0,0.0,2021,H,,,3,0.0,0.0,0.0,0,0,1.0,1.4166666666666667,1.391304347826087,0.34340428160938263,142.82051282051282,150.35453527774763
2021-02-21,Arsenal,Manchester City,0,1,A,7,15,1,3,11,9,1,3,2,2.0,0,0.0,2021,H,,,0,0.0,0.0,0.0,0,2,1.0,1.36,2.36,0.05455966501540066,142.82051282051282,150.40909494276303
2021-02-28,Arsenal,Leicester City,3,1,A,8,12,3,4,15,3,2,7,1,,0,,2021,A,2.0,0.0,3,0.0,0.0,0.0,0,1,2.0,1.4230769230769231,1.8846153846153848,0.2880737539837932,142.82051282051282,150.69716869674681
2021-03-06,Arsenal,Burnley,1,1,D,9,15,5,3,5,12,2,4,1,,0,,2021,A,1.0,0.0,1,0.0,0.0,0.0,0,1,1.3333333333333333,1.4074074074074074,1.0714285714285714,0.2504719041583427,142.82051282051282,150.94764060090515
2021-03-14,Arsenal,Tottenham Hotspur,2,1,H,13,6,3,3,12,14,6,3,1,2.0,0,1.0,2021,H,,,3,0.0,0.0,0.0,0,1,2.3333333333333335,1.4642857142857142,1.6071428571428572,0.3161893390095685,142.82051282051282,151.26382993991473
2021-03-21,Arsenal,West Ham United,3,3,D,15,16,5,7,18,8,3,5,1,,0,,2021,A,3.0,0.0,1,0.0,0.0,0.0,0,1,1.6666666666666667,1.4482758620689655,1.6896551724137931,0.18782857610159642,142.82051282051282,151.45165851601632
2021-04-03,Arsenal,Liverpool,0,3,A,3,16,2,7,10,10,1,2,1,1.0,0,0.0,2021,H,,,0,0.0,0.0,0.0,0,1,1.3333333333333333,1.4,1.6333333333333333,0.13353552471340624,142.82051282051282,151.58519404072973
2021-04-11,Arsenal,Sheffield United,3,0,A,7,14,2,5,9,6,2,4,1,,0,,2021,A,1.0,0.0,3,0.0,0.0,0.0,1,1,1.3333333333333333,1.4516129032258065,0.4516129032258064,0.6502858543281036,142.82051282051282,152.23547989505784
2021-04-18,Arsenal,Fulham,1,1,D,18,3,5,1,9,11,11,1,0,3.0,0,0.0,2021,H,,,1,0.0,0.0,0.0,0,0,1.3333333333333333,1.4375,0.8181818181818182,0.2814773289095205,142.82051282051282,152.51695722396735
2021-04-23,Arsenal,Everton,0,1,A,14,8,3,1,13,10,7,3,1,3.0,0,0.0,2021,H,,,0,0.0,0.0,0.0,0,1,1.3333333333333333,1.393939393939394,1.625,0.13437992017127606,142.82051282051282,152.65133714413864
2021-05-02,Arsenal,Newcastle United,2,0,A,5,19,1,5,10,9,3,7,1,,0,,2021,A,2.0,1.0,3,0.0,0.0,0.0,1,1,1.3333333333333333,1.4411764705882353,1.0588235294117647,0.5887587469614981,142.82051282051282,153.24009589110014
2021-05-09,Arsenal,West Brom,3,1,H,15,12,7,1,7,9,6,6,1,2.0,0,0.0,2021,H,,,3,0.0,0.0,0.0,0,1,2.0,1.4857142857142858,0.7428571428571429,0.40376521078292416,142.82051282051282,153.64386110188306
2021-05-12,Arsenal,Chelsea,1,0,A,19,5,5,2,7,6,9,1,1,,0,,2021,A,0.0,0.0,3,0.0,0.0,0.0,1,1,3.0,1.5277777777777777,1.7777777777777777,0.5159089427531215,142.82051282051282,154.15977004463616
2021-05-19,Arsenal,Crystal Palace,3,1,A,12,6,6,3,7,7,6,7,1,,0,,2021,A,2.0,0.0,3,0.0,0.0,0.0,0,1,3.0,1.5675675675675675,1.1891891891891893,0.3585395204679815,142.82051282051282,154.51830956510415
2021-05-23,Arsenal,Brighton and Hove Albion,2,0,H,16,5,5,1,10,8,11,3,0,0.0,0,0.0,2021,H,,,3,0.0,0.0,0.0,1,0,3.0,1.605263157894737,1.0789473684210529,0.5920642253427337,142.82051282051282,155.11037379044689
2021-08-13,Arsenal,Brentford,0,2,H,8,22,3,4,12,8,2,5,0,,0,,2021,A,0.0,0.0,0,0.0,0.0,0.0,0,0,2.0,1.564102564102564,3.0,0.0003992453945130259,142.82051282051282,155.1107730358414
2021-08-22,Arsenal,Chelsea,0,2,A,6,22,3,5,10,4,9,8,3,0.0,0,0.0,2021,H,,,0,0.0,0.0,0.0,0,3,1.0,1.525,1.825,0.10342527763888582,142.82051282051282,155.2141983134803
2021-08-28,Arsenal,Manchester City,0,5,H,25,1,10,0,5,7,14,0,2,,1,,2021,A,1.0,0.0,0,0.0,0.0,0.0,0,4,0.0,1.4878048780487805,2.2439024390243905,0.05563438385079436,142.82051282051282,155.26983269733108
2021-09-11,Arsenal,Norwich City,1,0,H,30,10,7,1,9,11,8,4,1,2.0,0,0.0,2021,H,,,3,0.0,0.0,0.0,1,1,1.0,1.5238095238095235,0.0,0.6960466404320165,142.82051282051282,155.9658793377631
2021-09-18,Arsenal,Burnley,1,0,A,18,13,3,3,9,8,8,3,1,,0,,2021,A,2.0,0.0,3,0.0,0.0,0.0,1,1,2.0,1.558139534883721,0.9302325581395348,0.6017885428093388,142.82051282051282,156.56766788057243
2021-09-26,Arsenal,Tottenham Hotspur,3,1,H,12,10,7,4,12,13,4,4,2,1.0,0,0.0,2021,H,,,3,0.0,0.0,0.0,0,2,3.0,1.5909090909090908,1.6136363636363635,0.31018679275115946,142.82051282051282,156.8778546733236
2021-10-02,Arsenal,Brighton and Hove Albion,0,0,D,21,8,2,2,8,5,8,5,1,,0,,2021,A,2.0,0.0,1,0.0,0.0,0.0,1,1,2.3333333333333335,1.5777777777777775,1.2222222222222223,0.4522019732777761,142.82051282051282,157.33005664660138
2021-10-18,Arsenal,Crystal Palace,2,2,D,17,9,6,6,7,4,6,4,1,1.0,0,0.0,2021,H,,,1,0.0,0.0,0.0,0,1,1.6666666666666667,1.565217391304348,1.1304347826086956,0.24449295495355017,142.82051282051282,157.57454960155493
2021-10-22,Arsenal,Aston Villa,3,1,H,22,10,9,4,17,10,7,4,2,5.0,0,0.0,2021,H,,,3,0.0,0.0,0.0,0,2,1.6666666666666667,1.5957446808510638,1.3829787234042554,0.333558744399355,142.82051282051282,157.90810834595428
2021-10-30,Arsenal,Leicester City,2,0,A,16,9,8,5,8,11,7,6,0,,0,,2021,A,2.0,0.0,3,0.0,0.0,0.0,1,0,2.3333333333333335,1.625,1.6666666666666667,0.5325121246298097,142.82051282051282,158.4406204705841
2021-11-07,Arsenal,Watford,1,0,H,14,7,6,1,6,19,4,2,4,2.0,0,1.0,2021,H,,,3,0.0,0.0,0.0,1,4,3.0,1.653061224489796,0.9090909090909092,0.5878970449854914,142.82051282051282,159.02851751556958
2021-11-20,Arsenal,Liverpool,0,4,H,19,5,9,3,15,12,6,1,0,,0,,2021,A,2.0,0.0,0,0.0,0.0,0.0,0,0,2.0,1.62,1.88,0.11388599493221688,142.82051282051282,159.1424035105018
2021-11-27,Arsenal,Newcastle United,2,0,H,24,9,6,5,6,12,4,4,1,3.0,0,0.0,2021,H,,,3,0.0,0.0,0.0,1,1,2.0,1.6470588235294117,1.0,0.594719185487638,142.82051282051282,159.73712269598943
2021-12-02,Arsenal,Manchester United,2,3,H,14,17,10,8,9,10,3,8,0,,0,,2021,A,1.0,0.0,0,0.0,0.0,0.0,0,0,1.0,1.6153846153846154,1.8269230769230769,0.11926414446388003,142.82051282051282,159.85638684045333
2021-12-06,Arsenal,Everton,1,2,H,11,10,5,3,8,12,3,3,2,,0,,2021,A,2.0,0.0,0,0.0,0.0,0.0,0,2,1.0,1.5849056603773586,1.4528301886792452,0.14648087319890468,142.82051282051282,160.00286771365222
2021-12-11,Arsenal,Southampton,3,0,H,15,11,5,6,5,9,9,8,2,0.0,0,0.0,2021,H,,,3,0.0,0.0,0.0,1,2,1.0,1.6111111111111112,1.0925925925925926,0.5799924379617716,142.82051282051282,160.582860151614
2021-12-15,Arsenal,West Ham United,2,0,H,21,7,8,1,8,9,5,2,2,0.0,0,1.0,2021,H,,,3,0.0,0.0,0.0,1,2,2.0,1.6363636363636365,1.690909090909091,0.5193665499361284,142.82051282051282,161.1022267015501
2021-12-18,Arsenal,Leeds United,4,1,A,9,21,2,12,11,7,1,4,1,,0,,2021,A,3.0,0.0,3,0.0,0.0,0.0,0,1,3.0,1.6607142857142858,1.3392857142857142,0.3433306215839556,142.82051282051282,161.44555732313407
2021-12-26,Arsenal,Norwich City,5,0,A,4,16,2,6,13,7,3,5,2,,0,,2021,A,1.0,0.0,3,0.0,0.0,0.0,1,2,3.0,1.6842105263157894,0.5555555555555556,0.6344090341356045,142.82051282051282,162.07996635726968
2022-01-01,Arsenal,Manchester City,1,2,A,7,15,2,2,13,5,5,5,3,2.0,1,0.0,2022,H,,,0,0.0,0.0,0.0,0,5,2.0,1.6551724137931034,2.3559322033898304,0.03893811717786866,142.82051282051282,162.11890447444756
2022-01-23,Arsenal,Burnley,0,0,D,20,10,5,1,9,13,12,4,0,2.0,0,0.0,2022,H,,,1,0.0,0.0,0.0,1,0,1.3333333333333333,1.6440677966101696,0.9107142857142856,0.48911085545085764,142.82051282051282,162.6080153298984
2022-02-10,Arsenal,Wolverhampton Wanderers,1,0,A,15,12,4,2,12,13,7,4,3,,1,,2022,A,2.0,0.0,3,0.0,0.0,0.0,1,5,1.3333333333333333,1.6666666666666667,1.3166666666666669,0.5412538550015557,142.82051282051282,163.14926918489996
2022-02-19,Arsenal,Brentford,2,1,H,24,6,8,2,10,5,14,0,1,1.0,0,0.0,2022,H,,,3,0.0,0.0,0.0,0,1,2.3333333333333335,1.6885245901639343,0.9230769230769232,0.38550399912261857,142.82051282051282,163.53477318402258
2022-02-24,Arsenal,Wolverhampton Wanderers,2,1,H,26,6,5,2,8,9,5,4,1,1.0,0,0.0,2022,H,,,3,0.0,0.0,0.0,0,1,3.0,1.7096774193548387,1.3492063492063493,0.3423253888960153,142.82051282051282,163.87709857291858
2022-03-06,Arsenal,Watford,3,2,A,13,16,7,4,5,11,1,5,2,,0,,2022,A,1.0,0.0,3,0.0,0.0,0.0,0,2,3.0,1.7301587301587302,0.7037037037037037,0.40238795335290445,142.82051282051282,164.2794865262715
2022-03-13,Arsenal,Leicester City,2,0,H,21,6,8,3,8,10,2,6,0,3.0,0,0.0,2022,H,,,3,0.0,0.0,0.0,1,0,3.0,1.75,1.546875,0.5446503093366883,142.82051282051282,164.8241368356082
2022-03-16,Arsenal,Liverpool,0,2,A,9,9,2,3,9,9,1,6,0,1.0,0,0.0,2022,H,,,0,0.0,0.0,0.0,0,0,2.0,1.7230769230769232,2.0597014925373136,0.09567730004370467,142.82051282051282,164.9198141356519
2022-03-19,Arsenal,Aston Villa,1,0,A,8,10,1,3,13,14,6,5,3,,0,,2022,A,3.0,0.0,3,0.0,0.0,0.0,1,3,2.0,1.7424242424242424,1.3582089552238803,0.5477336321730029,142.82051282051282,165.4675477678249
2022-04-04,Arsenal,Crystal Palace,0,3,H,6,12,5,3,11,15,0,2,2,,0,,2022,A,0.0,0.0,0,0.0,0.0,0.0,0,2,1.0,1.7164179104477613,1.1911764705882353,0.1729935785298006,142.82051282051282,165.6405413463547
2022-04-09,Arsenal,Brighton and Hove Albion,1,2,A,20,8,4,3,12,19,11,2,3,4.0,0,0.0,2022,H,,,0,0.0,0.0,0.0,0,3,1.0,1.6911764705882353,1.1304347826086956,0.1738038034100356,142.82051282051282,165.81434514976473
2022-04-16,Arsenal,Southampton,0,1,H,9,23,3,6,6,6,6,8,1,,0,,2022,A,2.0,0.0,0,0.0,0.0,0.0,0,1,0.0,1.6666666666666667,1.1714285714285717,0.18033915866390482,142.82051282051282,165.99468430842865
2022-04-20,Arsenal,Chelsea,4,2,A,11,14,2,4,7,6,6,1,1,,0,,2022,A,3.0,0.0,3,0.0,0.0,0.0,0,1,1.0,1.6857142857142855,1.8695652173913044,0.28959874912509653,142.82051282051282,166.28428305755372
2022-04-23,Arsenal,Manchester United,3,1,H,14,14,7,5,9,12,1,7,3,4.0,0,0.0,2022,H,,,3,0.0,0.0,0.0,0,3,2.0,1.704225352112676,1.7777777777777777,0.28821018523348146,142.82051282051282,166.5724932427872
2022-05-01,Arsenal,West Ham United,2,1,A,8,13,3,7,8,9,3,7,2,,0,,2022,A,2.0,0.0,3,0.0,0.0,0.0,0,2,3.0,1.7222222222222223,1.6027397260273972,0.3112909213075272,142.82051282051282,166.88378416409475
2022-05-08,Arsenal,Leeds United,2,1,H,19,3,9,2,13,15,8,2,2,2.0,0,1.0,2022,H,,,3,0.0,0.0,0.0,0,2,3.0,1.7397260273972603,1.273972602739726,0.3446040571796516,142.82051282051282,167.2283882212744
2022-05-12,Arsenal,Tottenham Hotspur,0,3,H,16,8,6,4,8,15,2,2,3,,1,,2022,A,1.0,0.0,0,0.0,0.0,0.0,0,5,2.0,1.7162162162162162,1.7162162162162162,0.10375891004540158,142.82051282051282,167.3321471313198
2022-05-16,Arsenal,Newcastle United,0,2,H,16,11,4,2,11,8,12,8,3,,0,,2022,A,0.0,0.0,0,0.0,0.0,0.0,0,3,1.0,1.6933333333333334,1.2133333333333334,0.1654039042465306,142.82051282051282,167.49755103556632
2022-05-22,Arsenal,Everton,5,1,H,26,6,9,2,8,9,12,2,0,1.0,0,0.0,2022,H,,,3,0.0,0.0,0.0,0,0,1.0,1.7105263157894737,1.2894736842105263,0.3537225235888445,142.82051282051282,167.85127355915517
2022-08-05,Arsenal,Crystal Palace,2,0,A,10,10,2,2,16,11,3,5,2,,0,,2022,A,1.0,0.0,3,0.0,0.0,0.0,1,2,2.0,1.7272727272727273,1.1948051948051948,0.5696354951163265,142.82051282051282,168.4209090542715
2022-08-13,Arsenal,Leicester City,4,2,H,19,6,7,2,15,9,6,2,1,1.0,0,0.0,2022,H,,,3,0.0,0.0,0.0,0,1,3.0,1.7435897435897436,1.5256410256410255,0.3244477121689547,142.82051282051282,168.74535676644047
2022-08-20,Arsenal,Bournemouth,3,0,A,6,14,1,6,12,10,3,4,1,,0,,2022,A,2.0,0.0,3,0.0,0.0,0.0,1,1,3.0,1.759493670886076,1.0,0.594719185487638,142.82051282051282,169.3400759519281
2022-08-27,Arsenal,Fulham,2,1,H,22,11,8,3,6,12,9,2,2,3.0,0,0.0,2022,H,,,3,0.0,0.0,0.0,0,2,3.0,1.775,0.7857142857142857,0.39407802979926493,142.82051282051282,169.73415398172736
2022-08-31,Arsenal,Aston Villa,2,1,H,22,4,9,3,10,14,10,3,2,3.0,0,0.0,2022,H,,,3,0.0,0.0,0.0,0,2,3.0,1.7901234567901234,1.271604938271605,0.34484396659436856,142.82051282051282,170.07899794832173
2022-09-04,Arsenal,Manchester United,1,3,H,10,16,6,3,13,9,2,5,3,,0,,2022,A,3.0,0.0,0,0.0,0.0,0.0,0,3,2.0,1.7682926829268293,1.7560975609756098,0.11040698642468749,142.82051282051282,170.18940493474642
2022-09-18,Arsenal,Brentford,3,0,A,5,13,2,7,10,10,3,3,2,,0,,2022,A,0.0,0.0,3,0.0,0.0,0.0,1,2,2.0,1.783132530120482,1.2222222222222223,0.5668573975060189,142.82051282051282,170.75626233225242
2022-10-01,Arsenal,Tottenham Hotspur,3,1,H,22,7,9,3,10,10,5,2,2,1.0,0,1.0,2022,H,,,3,0.0,0.0,0.0,0,2,2.0,1.7976190476190477,1.7857142857142858,0.29275057485488654,142.82051282051282,171.0490129071073
2022-10-09,Arsenal,Liverpool,3,2,H,11,8,7,3,11,11,4,3,1,2.0,0,0.0,2022,H,,,3,0.0,0.0,0.0,0,1,3.0,1.811764705882353,2.0357142857142856,0.2727632868905492,142.82051282051282,171.32177619399786
2022-10-16,Arsenal,Leeds United,1,0,A,16,9,4,4,10,11,6,3,2,,0,,2022,A,0.0,0.0,3,0.0,0.0,0.0,1,2,3.0,1.8255813953488371,1.2470588235294118,0.5643407679060931,142.82051282051282,171.88611696190395
2022-10-23,Arsenal,Southampton,1,1,D,10,12,3,3,11,8,9,4,1,,0,,2022,A,2.0,0.0,1,0.0,0.0,0.0,0,1,2.3333333333333335,1.8160919540229885,1.0795454545454546,0.2496494410500279,142.82051282051282,172.13576640295398
2022-10-30,Arsenal,Nottingham Forest,5,0,H,24,5,10,2,9,8,9,4,0,1.0,0,0.0,2022,H,,,3,0.0,0.0,0.0,1,0,2.3333333333333335,1.8295454545454544,0.6923076923076923,0.6312414397038194,142.82051282051282,172.7670078426578
2022-11-06,Arsenal,Chelsea,1,0,A,5,14,1,2,20,13,4,6,2,,0,,2022,A,5.0,0.0,3,0.0,0.0,0.0,1,2,2.3333333333333335,1.8426966292134832,1.8202247191011236,0.5062633264468962,142.82051282051282,173.2732711691047
2022-11-12,Arsenal,Wolverhampton Wanderers,2,0,A,11,14,2,4,5,6,6,4,2,,0,,2022,A,3.0,0.0,3,0.0,0.0,0.0,1,2,3.0,1.8555555555555556,1.164835164835165,0.5726722819777963,142.82051282051282,173.8459434510825
2022-12-26,Arsenal,West Ham United,3,1,H,16,8,5,4,13,17,7,5,0,2.0,0,0.0,2022,H,,,3,0.0,0.0,0.0,0,0,3.0,1.868131868131868,1.4673913043478262,0.3356945839505712,142.82051282051282,174.18163803503307
2022-12-31,Arsenal,Brighton and Hove Albion,4,2,A,9,14,5,7,7,11,7,4,3,,0,,2022,A,3.0,0.0,3,0.0,0.0,0.0,0,3,3.0,1.8804347826086956,1.2608695652173914,0.3405871788520732,142.82051282051282,174.52222521388515
2023-01-03,Arsenal,Newcastle United,0,0,D,17,8,4,1,10,16,5,5,4,4.0,0,0.0,2023,H,,,1,0.0,0.0,0.0,1,4,2.3333333333333335,1.870967741935484,1.372340425531915,0.42095715048031035,142.82051282051282,174.94318236436544
2023-01-15,Arsenal,Tottenham Hotspur,2,0,A,17,14,7,5,16,15,4,3,2,,0,,2023,A,4.0,0.0,3,0.0,0.0,0.0,1,2,2.3333333333333335,1.8829787234042552,1.7473684210526317,0.513645669704819,142.82051282051282,175.45682803407027
2023-01-22,Arsenal,Manchester United,3,2,H,25,6,5,4,8,9,12,4,1,2.0,0,0.0,2023,H,,,3,0.0,0.0,0.0,0,1,2.3333333333333335,1.894736842105263,1.78125,0.29854750533621693,142.82051282051282,175.7553755394065
2023-02-04,Arsenal,Everton,0,1,H,12,15,4,3,13,8,7,5,1,,0,,2023,A,4.0,0.0,0,0.0,0.0,0.0,0,1,2.0,1.875,1.1958762886597938,0.17786193369766526,142.82051282051282,175.93323747310416
2023-02-11,Arsenal,Brentford,1,1,D,23,9,7,2,9,9,7,4,0,2.0,0,0.0,2023,H,,,1,0.0,0.0,0.0,0,0,1.3333333333333333,1.865979381443299,1.3333333333333333,0.22927833696847705,142.82051282051282,176.16251581007262
2023-02-15,Arsenal,Manchester City,1,3,A,10,9,1,6,11,15,1,3,2,3.0,0,0.0,2023,H,,,0,0.0,0.0,0.0,0,2,0.3333333333333333,1.846938775510204,2.323232323232323,0.05828524012648689,142.82051282051282,176.2208010501991
2023-02-18,Arsenal,Aston Villa,4,2,A,7,20,5,5,13,4,2,9,1,,0,,2023,A,2.0,0.0,3,0.0,0.0,0.0,0,1,1.3333333333333333,1.8585858585858583,1.292929292929293,0.348027799780331,142.82051282051282,176.56882884997944
2023-02-25,Arsenal,Leicester City,1,0,A,1,10,0,2,14,9,0,8,1,,0,,2023,A,0.0,0.0,3,0.0,0.0,0.0,1,1,2.0,1.87,1.42,0.5521616544109991,142.82051282051282,177.12099050439045
2023-03-01,Arsenal,Everton,4,0,H,15,8,5,5,5,12,5,1,0,2.0,0,0.0,2023,H,,,3,0.0,0.0,0.0,1,0,3.0,1.881188118811881,1.1782178217821782,0.5820054029524764,142.82051282051282,177.70299590734294
2023-03-04,Arsenal,Bournemouth,3,2,H,31,4,9,4,6,8,17,1,0,2.0,0,0.0,2023,H,,,3,0.0,0.0,0.0,0,0,3.0,1.892156862745098,0.84,0.3992665480743704,142.82051282051282,178.1022624554173
2023-03-12,Arsenal,Fulham,3,0,A,12,15,2,7,10,9,4,8,1,,0,,2023,A,0.0,0.0,3,0.0,0.0,0.0,1,1,3.0,1.9029126213592231,1.0307692307692309,0.5916014176431956,142.82051282051282,178.69386387306048
2023-03-19,Arsenal,Crystal Palace,4,1,H,15,8,5,4,8,10,5,4,0,1.0,0,0.0,2023,H,,,3,0.0,0.0,0.0,0,0,3.0,1.9134615384615383,1.1442307692307692,0.36843961851244605,142.82051282051282,179.06230349157295
2023-04-01,Arsenal,Leeds United,4,1,H,13,7,6,5,11,13,4,3,0,2.0,0,0.0,2023,H,,,3,0.0,0.0,0.0,0,0,3.0,1.923809523809524,1.1826923076923077,0.36454240870689303,142.82051282051282,179.42684590027983
2023-04-09,Arsenal,Liverpool,2,2,D,21,9,6,5,11,11,5,4,4,,0,,2023,A,4.0,0.0,1,0.0,0.0,0.0,0,4,2.3333333333333335,1.9150943396226416,1.9523809523809523,0.14517351415397556,142.82051282051282,179.5720194144338
2023-04-16,Arsenal,West Ham United,2,2,D,16,11,3,5,11,8,7,2,2,,0,,2023,A,1.0,0.0,1,0.0,0.0,0.0,0,2,1.6666666666666667,1.9065420560747663,1.4339622641509433,0.20839271197144013,142.82051282051282,179.78041212640525
2023-04-21,Arsenal,Southampton,3,3,D,25,8,6,6,10,14,7,2,1,5.0,0,0.0,2023,H,,,1,0.0,0.0,0.0,0,1,1.0,1.898148148148148,0.9907407407407408,0.25864779668692345,142.82051282051282,180.03905992309217
2023-04-26,Arsenal,Manchester City,1,4,H,14,8,9,2,13,13,1,3,1,,0,,2023,A,3.0,0.0,0,0.0,0.0,0.0,0,1,0.6666666666666666,1.8807339449541285,2.3551401869158877,0.06039667327847642,142.82051282051282,180.09945659637066
2023-05-02,Arsenal,Chelsea,3,1,H,16,7,10,4,10,10,7,2,0,2.0,0,0.0,2023,H,,,3,0.0,0.0,0.0,0,0,1.3333333333333333,1.8909090909090909,1.651376146788991,0.31705186811766556,142.82051282051282,180.41650846448832
2023-05-07,Arsenal,Newcastle United,2,0,A,12,10,5,6,16,12,9,4,1,,0,,2023,A,2.0,0.0,3,0.0,0.0,0.0,1,1,2.0,1.9009009009009008,1.4454545454545455,0.549582410103324,142.82051282051282,180.96609087459163
2023-05-14,Arsenal,Brighton and Hove Albion,0,3,A,14,12,2,6,13,17,5,2,1,2.0,0,0.0,2023,H,,,0,0.0,0.0,0.0,0,1,2.0,1.8839285714285712,1.3636363636363635,0.16086323225901134,142.82051282051282,181.12695410685063
2023-05-20,Arsenal,Nottingham Forest,0,1,H,6,11,2,3,11,12,3,6,2,,0,,2023,A,3.0,0.0,0,0.0,0.0,0.0,0,2,1.0,1.8672566371681416,1.0,0.1923650037397553,142.82051282051282,181.3193191105904
2023-05-28,Arsenal,Wolverhampton Wanderers,5,0,H,14,6,8,0,8,11,8,4,0,0.0,0,0.0,2023,H,,,3,0.0,0.0,0.0,1,0,1.0,1.8771929824561404,1.2017543859649122,0.5796205028057049,142.82051282051282,181.8989396133961
2023-08-12,Arsenal,Nottingham Forest,2,1,H,15,6,7,2,12,12,8,3,2,2.0,0,0.0,2023,H,,,3,0.0,0.0,0.0,0,2,2.0,1.8869565217391304,0.9743589743589745,0.37496314361012395,142.82051282051282,182.27390275700623
2023-08-21,Arsenal,Crystal Palace,1,0,A,14,14,2,3,14,10,1,8,1,,1,,2023,A,2.0,0.0,3,0.0,0.0,0.0,1,3,3.0,1.896551724137931,1.206896551724138,0.5630657329211486,142.82051282051282,182.8369684899274
2023-08-26,Arsenal,Fulham,2,2,D,19,8,11,3,6,5,8,3,0,3.0,0,1.0,2023,H,,,1,0.0,0.0,0.0,0,0,2.3333333333333335,1.8888888888888888,1.0632911392405062,0.2566410252234991,142.82051282051282,183.0936095151509
2023-09-03,Arsenal,Manchester United,3,1,H,17,10,5,2,8,7,12,3,2,3.0,0,0.0,2023,H,,,3,0.0,0.0,0.0,0,2,2.3333333333333335,1.8983050847457628,1.805084745762712,0.29078781543707777,142.82051282051282,183.38439733058794
2023-09-17,Arsenal,Everton,1,0,A,8,13,1,4,12,10,1,11,1,,0,,2023,A,1.0,0.0,3,0.0,0.0,0.0,1,1,2.3333333333333335,1.907563025210084,1.134453781512605,0.5810953259993182,142.82051282051282,183.9654926565873
2023-09-24,Arsenal,Tottenham Hotspur,2,2,D,13,13,6,5,12,19,11,4,3,4.0,0,0.0,2023,H,,,1,0.0,0.0,0.0,0,3,2.3333333333333335,1.9,1.725,0.17355802313332364,142.82051282051282,184.13905067972058
2023-09-30,Arsenal,Bournemouth,4,0,A,8,15,1,8,11,10,6,6,1,,0,,2023,A,0.0,0.0,3,0.0,0.0,0.0,1,1,2.3333333333333335,1.9090909090909092,0.9333333333333332,0.6014743491505965,142.82051282051282,184.7405250288712
2023-10-08,Arsenal,Manchester City,1,0,H,12,4,2,1,8,7,5,4,2,3.0,0,0.0,2023,H,,,3,0.0,0.0,0.0,1,2,2.3333333333333335,1.9180327868852456,2.3442622950819674,0.45316393257753596,142.82051282051282,185.19368896144874
2023-10-21,Arsenal,Chelsea,2,2,D,11,13,5,3,7,14,2,7,3,,0,,2023,A,3.0,0.0,1,0.0,0.0,0.0,0,3,2.3333333333333335,1.910569105691057,1.6016260162601623,0.18605919491203052,142.82051282051282,185.37974815636076
2023-10-28,Arsenal,Sheffield United,5,0,H,13,2,8,0,9,13,6,1,0,3.0,0,0.0,2023,H,,,3,0.0,0.0,0.0,1,0,2.3333333333333335,1.9193548387096775,0.5,0.6507274887315845,142.82051282051282,186.03047564509234
2023-11-04,Arsenal,Newcastle United,0,1,H,9,14,2,1,14,9,0,11,1,,0,,2023,A,5.0,0.0,0,0.0,0.0,0.0,0,1,1.3333333333333333,1.904,1.48,0.14907240113821094,142.82051282051282,186.17954804623056
2023-11-11,Arsenal,Burnley,3,1,H,16,8,6,5,8,9,3,3,0,1.0,1,0.0,2023,H,,,3,0.0,0.0,0.0,0,2,2.0,1.9126984126984128,0.8863636363636364,0.3838794872561619,142.82051282051282,186.56342753348673
2023-11-25,Arsenal,Brentford,1,0,A,9,15,3,4,9,7,1,8,1,,0,,2023,A,1.0,0.0,3,0.0,0.0,0.0,1,1,2.0,1.921259842519685,1.3595505617977528,0.5582868421368503,142.82051282051282,187.12171437562358
2023-12-02,Arsenal,Wolverhampton Wanderers,2,1,H,19,6,6,3,10,10,4,0,1,2.0,0,0.0,2023,H,,,3,0.0,0.0,0.0,0,1,3.0,1.9296875,1.1875,0.3587106817094416,142.82051282051282,187.480425057333
2023-12-05,Arsenal,Luton Town,4,3,A,6,23,4,9,14,7,3,8,1,,0,,2023,A,2.0,0.0,3,0.0,0.0,0.0,0,1,3.0,1.937984496124031,0.6,0.4182405614892639,142.82051282051282,187.89866561882226
2023-12-09,Arsenal,Aston Villa,0,1,H,10,12,3,5,16,11,3,3,2,,0,,2023,A,4.0,0.0,0,0.0,0.0,0.0,0,2,2.0,1.9230769230769231,1.5076923076923077,0.14092183430645547,142.82051282051282,188.03958745312872
2023-12-17,Arsenal,Brighton and Hove Albion,2,0,H,26,6,9,1,11,9,10,1,1,3.0,0,0.0,2023,H,,,3,0.0,0.0,0.0,1,1,2.0,1.931297709923664,1.3740458015267176,0.5568180763863055,142.82051282051282,188.59640552951504
2023-12-23,Arsenal,Liverpool,1,1,D,13,13,3,2,13,14,4,5,5,,0,,2023,A,2.0,0.0,1,0.0,0.0,0.0,0,5,1.3333333333333333,1.9242424242424243,2.022727272727273,0.13270092477682366,142.82051282051282,188.72910645429187
2023-12-28,Arsenal,West Ham United,0,2,A,30,6,8,3,8,8,10,3,2,0.0,0,0.0,2023,H,,,0,0.0,0.0,0.0,0,2,1.3333333333333333,1.9097744360902256,1.4586466165413534,0.1458915093667697,142.82051282051282,188.87499796365864
2023-12-31,Arsenal,Fulham,1,2,H,15,13,4,3,11,10,5,4,1,,0,,2023,A,4.0,0.0,0,0.0,0.0,0.0,0,1,0.3333333333333333,1.8955223880597016,1.0833333333333333,0.18926562493281437,142.82051282051282,189.06426358859144
2024-01-20,Arsenal,Crystal Palace,5,0,H,21,12,6,5,8,12,6,7,0,0.0,0,0.0,2024,H,,,3,0.0,0.0,0.0,1,0,1.0,1.9037037037037037,1.1703703703703705,0.5828005652318344,142.82051282051282,189.64706415382327
2024-01-30,Arsenal,Nottingham Forest,2,1,A,9,19,3,3,6,7,2,11,1,,0,,2024,A,0.0,0.0,3,0.0,0.0,0.0,0,1,2.0,1.911764705882353,0.9666666666666668,0.3810871613429918,142.82051282051282,190.02815131516627
2024-02-04,Arsenal,Liverpool,3,1,H,15,10,7,1,11,11,2,4,6,2.0,0,1.0,2024,H,,,3,0.0,0.0,0.0,0,6,3.0,1.9197080291970805,2.0364963503649633,0.24596116341110763,142.82051282051282,190.27411247857736
2024-02-11,Arsenal,West Ham United,6,0,A,5,25,1,12,17,11,2,6,0,,0,,2024,A,4.0,0.0,3,0.0,0.0,0.0,1,0,3.0,1.927536231884058,1.427536231884058,0.556742602986074,142.82051282051282,190.83085508156344
2024-02-17,Arsenal,Burnley,5,0,A,8,16,0,7,11,8,4,6,1,,0,,2024,A,2.0,0.0,3,0.0,0.0,0.0,1,1,3.0,1.935251798561151,0.8613861386138614,0.6087645752819083,142.82051282051282,191.43961965684537
2024-02-24,Arsenal,Newcastle United,4,1,H,18,3,8,2,15,6,9,0,1,0.0,0,0.0,2024,H,,,3,0.0,0.0,0.0,0,1,3.0,1.9428571428571428,1.4428571428571428,0.33283599232185923,142.82051282051282,191.77245564916723
2024-03-04,Arsenal,Sheffield United,6,0,A,4,22,0,10,11,4,0,7,0,,0,,2024,A,1.0,0.0,3,0.0,0.0,0.0,1,0,3.0,1.950354609929078,0.5538461538461539,0.6452713950038103,142.82051282051282,192.41772704417102
2024-03-09,Arsenal,Brentford,2,1,H,17,9,6,4,9,10,10,4,2,4.0,0,0.0,2024,H,,,3,0.0,0.0,0.0,0,2,3.0,1.9577464788732395,1.2596153846153846,0.3460588375522724,142.82051282051282,192.7637858817233
2024-03-31,Arsenal,Manchester City,0,0,D,12,6,1,2,9,20,7,4,2,,0,,2024,A,0.0,0.0,1,0.0,0.0,0.0,1,2,2.3333333333333335,1.951048951048951,2.3216783216783217,0.3354523091250589,142.82051282051282,193.09923819084835
2024-04-03,Arsenal,Luton Town,2,0,H,13,5,4,1,12,8,3,1,1,1.0,0,0.0,2024,H,,,3,0.0,0.0,0.0,1,1,2.3333333333333335,1.9583333333333333,0.7096774193548387,0.6241368336972963,142.82051282051282,193.72337502454565
2024-04-06,Arsenal,Brighton and Hove Albion,3,0,A,10,20,2,7,14,13,8,7,2,,0,,2024,A,1.0,0.0,3,0.0,0.0,0.0,1,2,2.3333333333333335,1.9655172413793105,1.3586206896551725,0.5530364879427243,142.82051282051282,194.27641151248838
2024-04-14,Arsenal,Aston Villa,0,2,A,18,11,4,2,12,7,4,6,3,1.0,0,0.0,2024,H,,,0,0.0,0.0,0.0,0,3,2.0,1.952054794520548,1.5238095238095235,0.1339441420447522,142.82051282051282,194.41035565453313
2024-04-20,Arsenal,Wolverhampton Wanderers,2,0,A,5,24,3,9,14,9,1,2,2,,0,,2024,A,3.0,0.0,3,0.0,0.0,0.0,1,2,2.0,1.9591836734693877,1.2244897959183674,0.5666276300344897,142.82051282051282,194.9769832845676
2024-04-23,Arsenal,Chelsea,5,0,H,27,7,10,1,12,11,4,2,2,2.0,0,0.0,2024,H,,,3,0.0,0.0,0.0,1,2,2.0,1.966216216216216,1.5890410958904109,0.5296885746116579,142.82051282051282,195.50667185917928
2024-04-28,Arsenal,Tottenham Hotspur,3,2,A,14,9,2,3,12,16,8,6,1,,0,,2024,A,2.0,0.0,3,0.0,0.0,0.0,0,1,3.0,1.9731543624161072,1.7210884353741496,0.30464352356522606,142.82051282051282,195.8113153827445
2024-05-04,Arsenal,Bournemouth,3,0,H,25,7,9,2,16,12,6,1,2,3.0,0,0.0,2024,H,,,3,0.0,0.0,0.0,1,2,3.0,1.98,1.1756756756756757,0.5715738406040305,142.82051282051282,196.38288922334854
2024-05-12,Arsenal,Manchester United,1,0,A,14,11,2,5,5,6,4,7,2,,0,,2024,A,0.0,0.0,3,0.0,0.0,0.0,1,2,3.0,1.9867549668874172,1.74,0.5143922930570407,142.82051282051282,196.89728151640557
2024-05-19,Arsenal,Everton,2,1,H,26,5,5,2,8,11,8,1,4,3.0,0,0.0,2024,H,,,3,0.0,0.0,0.0,0,4,3.0,1.993421052631579,1.1973684210526316,0.34167701240458703,142.82051282051282,197.23895852881017
2024-08-17,Arsenal,Wolverhampton Wanderers,2,0,H,18,9,6,3,17,14,8,2,2,2.0,0,0.0,2024,H,,,3,0.0,0.0,0.0,1,2,3.0,2.0,1.196078431372549,0.5695064812954144,142.82051282051282,197.80846501010558
2024-08-24,Arsenal,Aston Villa,2,0,A,11,9,3,4,8,15,4,1,3,,0,,2024,A,1.0,0.0,3,0.0,0.0,0.0,1,3,3.0,2.0064935064935066,1.5064935064935066,0.5327083359852824,142.82051282051282,198.34117334609087
2024-08-31,Arsenal,Brighton and Hove Albion,1,1,D,11,22,7,4,12,7,3,7,3,2.0,1,0.0,2024,H,,,1,0.0,0.0,0.0,0,5,2.3333333333333335,2.0,1.3483870967741935,0.20103009857289353,142.82051282051282,198.54220344466376
2024-09-15,Arsenal,Tottenham Hotspur,1,0,A,15,7,5,4,13,10,7,6,3,,0,,2024,A,5.0,0.0,3,0.0,0.0,0.0,1,3,2.3333333333333335,2.0064102564102564,1.685897435897436,0.5145297924117613,142.82051282051282,199.05673323707552
2024-09-22,Arsenal,Manchester City,2,2,D,33,5,11,3,7,10,8,2,4,,1,,2024,A,3.0,0.0,1,0.0,0.0,0.0,0,6,1.6666666666666667,2.0,2.3694267515923566,0.09222617318112514,142.82051282051282,199.14895941025662
2024-09-28,Arsenal,Leicester City,4,2,H,36,5,16,3,11,6,17,0,2,4.0,0,0.0,2024,H,,,3,0.0,0.0,0.0,0,2,2.3333333333333335,2.0063291139240507,1.2916666666666667,0.34281116271431156,142.82051282051282,199.49177057297095
2024-10-05,Arsenal,Southampton,3,1,H,29,8,6,2,10,9,13,1,0,3.0,0,0.0,2024,H,,,3,0.0,0.0,0.0,0,0,2.3333333333333335,2.0125786163522013,0.9008264462809916,0.39310315907940657,142.82051282051282,199.88487373205035
2024-10-19,Arsenal,Bournemouth,0,2,H,13,6,4,1,12,11,7,4,1,,1,,2024,A,1.0,0.0,0,0.0,0.0,0.0,0,3,2.0,2.0,1.1666666666666667,0.1701325188106016,142.82051282051282,200.05500625086097
2024-10-27,Arsenal,Liverpool,2,2,D,9,9,3,4,14,14,1,3,2,2.0,0,0.0,2024,H,,,1,0.0,0.0,0.0,0,2,1.3333333333333333,1.9937888198757765,2.062111801242236,0.14474391805349002,142.82051282051282,200.19975016891445
2024-11-02,Arsenal,Newcastle United,0,1,H,9,10,4,1,16,18,4,6,4,,0,,2024,A,4.0,0.0,0,0.0,0.0,0.0,0,4,0.3333333333333333,1.9814814814814816,1.4814814814814814,0.13288855907487332,142.82051282051282,200.33263872798932
2024-11-10,Arsenal,Chelsea,1,1,D,17,13,3,3,12,12,4,3,2,,0,,2024,A,4.0,0.0,1,0.0,0.0,0.0,0,2,0.6666666666666666,1.9754601226993864,1.638036809815951,0.18771435764027455,142.82051282051282,200.5203530856296
2024-11-23,Arsenal,Nottingham Forest,3,0,H,19,7,7,0,10,1,8,1,3,2.0,0,0.0,2024,H,,,3,0.0,0.0,0.0,1,3,1.3333333333333333,1.9817073170731707,1.056818181818182,0.5782727921859201,142.82051282051282,201.09862587781552
2024-11-30,Arsenal,West Ham United,5,2,A,12,16,5,7,10,13,2,10,1,,0,,2024,A,4.0,0.0,3,0.0,0.0,0.0,0,1,2.3333333333333335,1.987878787878788,1.3818181818181818,0.33902091489638625,142.82051282051282,201.43764679271192
2024-12-04,Arsenal,Manchester United,2,0,H,14,5,6,2,12,8,13,0,1,3.0,0,0.0,2024,H,,,3,0.0,0.0,0.0,1,1,3.0,1.9939759036144575,1.7228915662650603,0.521470422877244,142.82051282051282,201.95911721558915
2024-12-08,Arsenal,Fulham,1,1,D,2,12,2,4,10,9,0,6,2,,0,,2024,A,4.0,0.0,1,0.0,0.0,0.0,0,2,2.3333333333333335,1.9880239520958085,1.162790697674419,0.23586983665578667,142.82051282051282,202.19498705224493
2024-12-14,Arsenal,Everton,0,0,D,13,2,5,0,6,9,8,2,0,3.0,0,0.0,2024,H,,,1,0.0,0.0,0.0,1,0,1.6666666666666667,1.9821428571428572,1.1796407185628743,0.4618612244430399,142.82051282051282,202.65684827668798
2024-12-21,Arsenal,Crystal Palace,5,1,A,15,14,6,6,9,8,3,3,2,,0,,2024,A,2.0,0.0,3,0.0,0.0,0.0,0,2,1.6666666666666667,1.9881656804733727,1.1952662721893492,0.35257916934233224,142.82051282051282,203.00942744603032
2024-12-27,Arsenal,Ipswich Town,1,0,H,13,3,5,0,7,12,5,1,1,1.0,0,0.0,2024,H,,,3,0.0,0.0,0.0,1,1,2.3333333333333335,1.9941176470588236,0.6666666666666666,0.6284950038024308,142.82051282051282,203.63792244983273
2025-01-01,Arsenal,Brentford,3,1,A,5,14,2,5,6,8,4,3,2,,0,,2025,A,1.0,0.0,3,0.0,0.0,0.0,0,2,3.0,2.0,1.263157894736842,0.3456998840175505,142.82051282051282,203.9836223338503
2025-01-04,Arsenal,Brighton and Hove Albion,1,1,D,11,9,4,3,17,14,2,5,3,,0,,2025,A,2.0,0.0,1,0.0,0.0,0.0,0,3,2.3333333333333335,1.994186046511628,1.337209302325581,0.2128518675797774,142.82051282051282,204.19647420143008
2025-01-15,Arsenal,Tottenham Hotspur,2,1,H,14,10,4,2,16,9,10,4,3,1.0,0,0.0,2025,H,,,3,0.0,0.0,0.0,0,3,2.3333333333333335,2.0,1.6358381502890174,0.3025925664426707,142.82051282051282,204.49906676787273
2025-01-18,Arsenal,Aston Villa,2,2,D,18,8,6,4,10,18,10,1,2,3.0,0,0.0,2025,H,,,1,0.0,0.0,0.0,0,2,1.6666666666666667,1.9942528735632183,1.5229885057471264,0.19937190948723554,142.82051282051282,204.69843867735997
2025-01-25,Arsenal,Wolverhampton Wanderers,1,0,A,9,9,4,3,20,10,1,5,1,,1,,2025,A,0.0,1.0,3,0.0,0.0,0.0,1,3,2.3333333333333335,2.0,1.1371428571428572,0.5701336972660372,142.82051282051282,205.26857237462602
2025-02-02,Arsenal,Manchester City,5,1,H,12,7,7,4,6,7,5,2,2,0.0,0,0.0,2025,H,,,3,0.0,0.0,0.0,0,2,2.3333333333333335,2.0056818181818183,2.272727272727273,0.2434027883560009,142.82051282051282,205.51197516298203
2025-02-15,Arsenal,Leicester City,2,0,A,6,11,2,5,9,10,3,7,1,,0,,2025,A,2.0,0.0,3,0.0,0.0,0.0,1,1,3.0,2.0112994350282487,1.2158273381294964,0.5728499506075564,142.82051282051282,206.08482511358957
2025-02-22,Arsenal,West Ham United,0,1,A,20,5,2,2,16,15,2,0,1,3.0,1,0.0,2025,H,,,0,0.0,0.0,0.0,0,3,2.0,2.0,1.3651685393258426,0.1500188292523542,142.82051282051282,206.2348439428419
2025-02-26,Arsenal,Nottingham Forest,0,0,D,6,13,2,1,10,17,3,11,1,,0,,2025,A,1.0,0.0,1,0.0,0.0,0.0,1,1,1.3333333333333333,1.994413407821229,1.1844660194174756,0.45602771321634494,142.82051282051282,206.69087165605828
2025-03-09,Arsenal,Manchester United,1,1,D,10,17,6,6,8,11,2,9,1,,0,,2025,A,0.0,0.0,1,0.0,0.0,0.0,0,1,0.6666666666666666,1.988888888888889,1.6722222222222225,0.18959501257668038,142.82051282051282,206.88046666863494
2025-03-16,Arsenal,Chelsea,1,0,H,12,8,4,2,10,13,5,4,3,3.0,0,0.0,2025,H,,,3,0.0,0.0,0.0,1,3,1.6666666666666667,1.9944751381215469,1.6408839779005524,0.5190908915488313,142.82051282051282,207.39955756018378
2025-04-01,Arsenal,Fulham,2,1,H,17,9,4,3,2,10,5,4,1,2.0,0,0.0,2025,H,,,3,0.0,0.0,0.0,0,1,2.3333333333333335,2.0,1.1944444444444444,0.35800701882788344,142.82051282051282,207.75756457901167
2025-04-05,Arsenal,Everton,1,1,D,5,14,2,5,17,13,3,8,1,,0,,2025,A,3.0,0.0,1,0.0,0.0,0.0,0,1,2.3333333333333335,1.994535519125683,1.185792349726776,0.23888371356556248,142.82051282051282,207.9964482925772
2025-04-12,Arsenal,Brentford,1,1,D,14,3,3,2,7,9,13,5,1,3.0,0,0.0,2025,H,,,1,0.0,0.0,0.0,0,1,1.6666666666666667,1.9891304347826089,1.2808219178082192,0.2292546092874063,142.82051282051282,208.22570290186462
2025-04-20,Arsenal,Ipswich Town,4,0,A,4,24,0,7,10,7,0,12,0,,0,,2025,A,0.0,1.0,3,0.0,0.0,0.0,1,0,1.6666666666666667,1.9945945945945944,0.6363636363636364,0.6369101085118966,142.82051282051282,208.86261301037652
2025-04-23,Arsenal,Crystal Palace,2,2,D,12,15,6,4,4,6,3,6,1,1.0,0,0.0,2025,H,,,1,0.0,0.0,0.0,0,1,1.6666666666666667,1.989247311827957,1.2419354838709675,0.2331948726701307,142.82051282051282,209.09580788304666
2025-05-03,Arsenal,Bournemouth,1,2,A,13,9,4,2,7,16,2,3,0,2.0,0,0.0,2025,H,,,0,0.0,0.0,0.0,0,0,1.3333333333333333,1.9786096256684491,1.2612612612612613,0.17658121660410792,142.82051282051282,209.27238909965075
2025-05-11,Arsenal,Liverpool,2,2,D,14,15,5,7,13,10,3,1,1,,1,,2025,A,1.0,0.0,1,0.0,0.0,0.0,0,3,0.6666666666666666,1.9734042553191489,2.0904255319148937,0.13653038401269174,142.82051282051282,209.40891948366345
2025-05-18,Arsenal,Newcastle United,1,0,H,12,14,4,5,9,9,10,7,3,3.0,0,0.0,2025,H,,,3,0.0,0.0,0.0,1,3,1.3333333333333333,1.9788359788359788,1.5396825396825398,0.5293453757201732,142.82051282051282,209.93826485938362
2025-05-25,Arsenal,Southampton,2,1,A,7,23,2,8,7,8,5,8,0,,0,,2025,A,0.0,0.0,3,0.0,0.0,0.0,0,0,2.3333333333333335,1.9842105263157896,0.7894736842105263,0.4043862510610337,142.82051282051282,210.34265111044465
2025-08-17,Arsenal,Manchester United,1,0,A,22,9,7,3,10,19,3,4,4,,0,,2025,A,1.0,0.0,3,0.0,0.0,0.0,1,4,3.0,1.9895287958115184,1.617801047120419,0.5160852504056821,142.82051282051282,210.85873636085034
2025-08-23,Arsenal,Leeds United,5,0,H,18,3,5,1,8,11,2,2,0,2.0,0,0.0,2025,H,,,3,0.0,0.0,0.0,1,0,3.0,1.9947916666666667,1.1293103448275863,0.5869610731200361,142.82051282051282,211.4456974339704
2025-08-31,Arsenal,Liverpool,0,1,H,9,11,3,1,7,10,3,8,2,,0,,2025,A,2.0,0.0,0,0.0,0.0,0.0,0,2,2.0,1.9844559585492227,2.088082901554404,0.08211233255675288,142.82051282051282,211.52780976652713
2025-09-13,Arsenal,Nottingham Forest,3,0,H,16,5,5,1,8,11,8,4,1,1.0,0,0.0,2025,H,,,3,0.0,0.0,0.0,1,1,2.0,1.9896907216494848,1.2118644067796611,0.5732515043553544,142.82051282051282,212.1010612708825
2025-09-21,Arsenal,Manchester City,1,1,D,12,5,3,3,11,10,11,2,1,2.0,0,0.0,2025,H,,,1,0.0,0.0,0.0,0,1,1.3333333333333333,1.984615384615385,2.241025641025641,0.1319596097856686,142.82051282051282,212.23302088066816
2025-09-28,Arsenal,Newcastle United,2,1,A,8,20,3,7,8,9,7,12,1,,0,,2025,A,2.0,0.0,3,0.0,0.0,0.0,0,1,2.3333333333333335,1.989795918367347,1.5153061224489797,0.32549492160650123,142.82051282051282,212.55851580227466
2025-10-04,Arsenal,West Ham United,2,0,H,21,4,5,0,14,14,8,3,0,2.0,0,0.0,2025,H,,,3,0.0,0.0,0.0,1,0,2.3333333333333335,1.9949238578680204,1.3197969543147208,0.567659549779721,142.82051282051282,213.12617535205436
2025-10-18,Arsenal,Fulham,1,0,A,9,16,0,5,11,4,6,10,0,,0,,2025,A,0.0,0.0,3,0.0,0.0,0.0,1,0,3.0,2.0,1.18125,0.5816981600507267,142.82051282051282,213.7078735121051
2025-10-26,Arsenal,Crystal Palace,1,0,H,10,7,3,1,6,11,4,3,0,0.0,0,0.0,2025,H,,,3,0.0,0.0,0.0,1,0,3.0,2.0050251256281406,1.2663316582914572,0.5730770521536062,142.82051282051282,214.28095056425872
2025-11-01,Arsenal,Burnley,2,0,A,3,12,0,8,10,13,1,6,1,,0,,2025,A,2.0,0.0,3,0.0,0.0,0.0,1,1,3.0,2.01,0.8709677419354839,0.6077936958030417,142.82051282051282,214.88874426006174
2025-11-08,Arsenal,Sunderland,2,2,D,6,17,2,7,13,13,2,2,1,,0,,2025,A,2.0,0.0,1,0.0,0.0,0.0,0,1,2.3333333333333335,2.0049751243781095,1.7272727272727273,0.1840168850065101,142.82051282051282,215.07276114506828
2020-09-21,Aston Villa,Sheffield United,1,0,H,18,4,2,1,12,13,10,4,3,1.0,0,1.0,2020,H,,,3,0.0,0.0,0.0,1,3,3.0,3.0,0.0,0.6853574888885019,105.12820512820512,105.81356261709362
2020-09-28,Aston Villa,Fulham,3,0,A,16,12,3,5,18,14,5,3,3,,0,,2020,A,6.0,0.0,3,0.0,0.0,0.0,1,3,3.0,3.0,0.0,0.6853574888885019,105.12820512820512,106.49892010598212
2020-10-04,Aston Villa,Liverpool,7,2,H,18,14,11,8,7,10,2,7,2,1.0,0,0.0,2020,H,,,3,0.0,0.0,0.0,0,2,3.0,3.0,2.25,0.24570568505928225,105.12820512820512,106.74462579104141
2020-10-18,Aston Villa,Leicester City,1,0,A,11,10,5,4,18,18,2,7,3,,0,,2020,A,4.0,0.0,3,0.0,0.0,0.0,1,3,3.0,3.0,1.8,0.5029680699886208,105.12820512820512,107.24759386103003
2020-10-23,Aston Villa,Leeds United,0,3,A,12,27,4,9,14,17,6,5,2,2.0,0,0.0,2020,H,,,0,0.0,0.0,0.0,0,2,2.0,2.4,1.6666666666666667,0.12481336711016966,105.12820512820512,107.3724072281402
2020-11-01,Aston Villa,Southampton,3,4,A,19,9,10,4,12,17,11,1,1,2.0,0,0.0,2020,H,,,0,0.0,0.0,0.0,0,1,1.0,2.0,1.8571428571428572,0.11085747527347392,105.12820512820512,107.48326470341368
2020-11-08,Aston Villa,Arsenal,3,0,A,13,15,2,6,11,13,3,8,0,,0,,2020,A,0.0,0.0,3,0.0,0.0,0.0,1,0,1.0,2.142857142857143,1.5,0.549400033787206,105.12820512820512,108.03266473720088
2020-11-21,Aston Villa,Brighton and Hove Albion,1,2,A,15,7,4,3,5,18,12,3,2,1.0,0,1.0,2020,H,,,0,0.0,0.0,0.0,0,2,1.0,1.875,1.0,0.1923650037397553,105.12820512820512,108.22502974094064
2020-11-30,Aston Villa,West Ham United,1,2,H,6,16,2,6,20,7,3,7,1,,0,,2020,A,1.0,0.0,0,0.0,0.0,0.0,0,1,1.0,1.6666666666666667,1.7,0.12678036105044768,105.12820512820512,108.35181010199108
2020-12-12,Aston Villa,Wolverhampton Wanderers,1,0,A,16,13,7,2,23,15,5,8,5,,0,,2020,A,2.0,0.0,3,0.0,0.0,0.0,1,5,1.0,1.8,1.4166666666666667,0.5311211095071179,105.12820512820512,108.8829312114982
2020-12-17,Aston Villa,Burnley,0,0,D,27,6,7,4,17,19,11,1,1,1.0,0,0.0,2020,H,,,1,0.0,0.0,0.0,1,1,1.3333333333333333,1.7272727272727273,0.8333333333333334,0.4916070946450344,105.12820512820512,109.37453830614324
2020-12-20,Aston Villa,West Brom,3,0,A,1,19,1,10,14,8,1,7,2,,0,,2020,A,1.0,1.0,3,0.0,0.0,0.0,1,2,2.3333333333333335,1.8333333333333333,0.5,0.6400383371880699,105.12820512820512,110.01457664333131
2020-12-26,Aston Villa,Crystal Palace,3,0,H,21,13,10,6,18,16,4,4,1,4.0,1,0.0,2020,H,,,3,0.0,0.0,0.0,1,3,2.3333333333333335,1.9230769230769231,1.2,0.5637645429552478,105.12820512820512,110.57834118628655
2020-12-28,Aston Villa,Chelsea,1,1,D,16,10,5,2,16,3,11,4,1,,0,,2020,A,3.0,0.0,1,0.0,0.0,0.0,0,1,2.3333333333333335,1.8571428571428572,1.625,0.19437992017127606,105.12820512820512,110.77272110645782
2021-01-01,Aston Villa,Manchester United,1,2,H,19,5,9,5,22,10,5,10,0,,0,,2021,A,4.0,0.0,0,0.0,0.0,0.0,0,0,1.3333333333333333,1.7333333333333334,2.0625,0.09539373440486779,105.12820512820512,110.8681148408627
2021-01-20,Aston Villa,Manchester City,0,2,H,28,11,9,4,10,9,16,2,2,,0,,2021,A,0.0,0.0,0,0.0,0.0,0.0,0,2,0.3333333333333333,1.625,2.111111111111111,0.07977894269044594,105.12820512820512,110.94789378355314
2021-01-23,Aston Villa,Newcastle United,2,0,H,14,7,5,1,9,18,5,4,0,3.0,0,0.0,2021,H,,,3,0.0,0.0,0.0,1,0,1.0,1.7058823529411764,1.0,0.6000637612593953,105.12820512820512,111.54795754481253
2021-01-27,Aston Villa,Burnley,2,3,H,10,18,5,10,16,7,2,4,0,,0,,2021,A,1.0,0.0,0,0.0,0.0,0.0,0,0,1.0,1.6111111111111112,1.1578947368421053,0.18705508344994692,105.12820512820512,111.73501262826248
2021-01-30,Aston Villa,Southampton,1,0,A,20,8,5,4,12,11,7,1,0,,0,,2021,A,1.0,0.0,3,0.0,0.0,0.0,1,0,2.0,1.6842105263157894,1.45,0.554466406534425,105.12820512820512,112.28947903479691
2021-02-03,Aston Villa,West Ham United,1,3,A,9,20,2,10,11,15,7,3,1,1.0,0,0.0,2021,H,,,0,0.0,0.0,0.0,0,1,1.0,1.6,1.7272727272727273,0.12401688500651009,105.12820512820512,112.41349591980342
2021-02-06,Aston Villa,Arsenal,1,0,H,12,14,8,3,12,12,3,7,3,2.0,0,0.0,2021,H,,,3,0.0,0.0,0.0,1,3,2.0,1.6666666666666667,1.3478260869565215,0.548785701789557,105.12820512820512,112.96228162159298
2021-02-13,Aston Villa,Brighton and Hove Albion,0,0,D,26,4,9,1,16,12,9,2,3,,0,,2021,A,2.0,0.0,1,0.0,0.0,0.0,1,3,1.3333333333333333,1.6363636363636365,1.0833333333333333,0.4555860793654253,105.12820512820512,113.4178677009584
2021-02-21,Aston Villa,Leicester City,1,2,A,11,16,2,7,11,12,7,8,2,1.0,0,0.0,2021,H,,,0,0.0,0.0,0.0,0,2,1.3333333333333333,1.565217391304348,1.96,0.095090646993152,105.12820512820512,113.51295834795155
2021-02-27,Aston Villa,Leeds United,1,0,A,13,9,3,4,14,14,7,5,2,,0,,2021,A,3.0,0.0,3,0.0,0.0,0.0,1,2,1.3333333333333333,1.625,1.3461538461538465,0.5542997214659036,105.12820512820512,114.06725806941746
2021-03-03,Aston Villa,Sheffield United,0,1,H,9,16,2,4,13,6,2,7,0,,0,,2021,A,1.0,1.0,0,0.0,0.0,0.0,0,0,1.0,1.56,0.5185185185185185,0.25184144840463724,105.12820512820512,114.3190995178221
2021-03-06,Aston Villa,Wolverhampton Wanderers,0,0,D,9,10,1,2,13,13,5,3,1,0.0,0,0.0,2021,H,,,1,0.0,0.0,0.0,1,1,1.3333333333333333,1.5384615384615383,1.25,0.4493873217515434,105.12820512820512,114.76848683957364
2021-03-12,Aston Villa,Newcastle United,1,1,D,12,15,3,6,10,10,2,2,3,,0,,2021,A,2.0,0.0,1,0.0,0.0,0.0,0,3,0.6666666666666666,1.5185185185185186,1.0,0.247020427967998,105.12820512820512,115.01550726754164
2021-03-21,Aston Villa,Tottenham Hotspur,0,2,A,8,9,1,3,18,13,5,8,3,2.0,0,0.0,2021,H,,,0,0.0,0.0,0.0,0,3,0.6666666666666666,1.4642857142857142,1.6551724137931034,0.12063347472857766,105.12820512820512,115.13614074227021
2021-04-04,Aston Villa,Fulham,3,1,H,14,15,4,7,14,20,4,4,1,2.0,0,0.0,2021,H,,,3,0.0,0.0,0.0,0,1,1.3333333333333333,1.5172413793103448,0.8387096774193549,0.39405271740576714,105.12820512820512,115.53019345967598
2021-04-10,Aston Villa,Liverpool,1,2,H,23,9,10,5,16,11,7,0,4,,0,,2021,A,2.0,0.0,0,0.0,0.0,0.0,0,4,1.0,1.4666666666666666,1.6774193548387095,0.11303467304037149,105.12820512820512,115.64322813271636
2021-04-21,Aston Villa,Manchester City,1,2,A,8,13,3,3,12,7,1,11,0,1.0,1,1.0,2021,H,,,0,0.0,0.0,0.0,0,2,1.0,1.4193548387096775,2.3333333333333335,0.057261730480584055,105.12820512820512,115.70048986319694
2021-04-25,Aston Villa,West Brom,2,2,D,24,10,11,4,14,9,11,4,0,2.0,0,0.0,2021,H,,,1,0.0,0.0,0.0,0,0,0.3333333333333333,1.40625,0.7575757575757576,0.28761838678493734,105.12820512820512,115.98810824998188
2021-05-01,Aston Villa,Everton,2,1,A,16,13,3,5,10,13,3,6,2,,0,,2021,A,0.0,0.0,3,0.0,0.0,0.0,0,2,1.3333333333333333,1.4545454545454546,1.5757575757575757,0.314024953923295,105.12820512820512,116.30213320390517
2021-05-09,Aston Villa,Manchester United,1,3,A,11,18,5,7,13,18,5,6,1,1.0,1,0.0,2021,H,,,0,0.0,0.0,0.0,0,3,1.3333333333333333,1.411764705882353,2.0588235294117645,0.07973253449747969,105.12820512820512,116.38186573840265
2021-05-13,Aston Villa,Everton,0,0,D,13,15,2,5,9,12,9,1,2,0.0,0,0.0,2021,H,,,1,0.0,0.0,0.0,1,2,1.3333333333333333,1.4,1.6,0.4085781367492537,105.12820512820512,116.79044387515191
2021-05-16,Aston Villa,Crystal Palace,2,3,H,23,19,8,5,23,13,7,7,2,,0,,2021,A,3.0,0.0,0,0.0,0.0,0.0,0,2,0.3333333333333333,1.3611111111111112,1.2222222222222223,0.1698477915298934,105.12820512820512,116.9602916666818
2021-05-19,Aston Villa,Tottenham Hotspur,2,1,A,10,20,4,4,14,13,4,5,1,,0,,2021,A,1.0,0.0,3,0.0,0.0,0.0,0,1,1.3333333333333333,1.4054054054054057,1.5945945945945943,0.31746082251755786,105.12820512820512,117.27775248919936
2021-05-23,Aston Villa,Chelsea,2,1,H,6,23,3,7,11,12,2,9,3,3.0,0,1.0,2021,H,,,3,0.0,0.0,0.0,0,3,2.0,1.4473684210526316,1.763157894736842,0.2896915807736039,105.12820512820512,117.56744406997296
2021-08-14,Aston Villa,Watford,2,3,H,13,11,7,2,18,13,2,4,1,,0,,2021,A,3.0,0.0,0,0.0,0.0,0.0,0,1,2.0,1.4102564102564104,3.0,-0.004945330377244261,105.12820512820512,117.56249873959571
2021-08-21,Aston Villa,Newcastle United,2,0,H,10,9,2,1,8,18,3,4,3,4.0,0,0.0,2021,H,,,3,0.0,0.0,0.0,1,3,2.0,1.45,1.125,0.5713641020760761,105.12820512820512,118.13386284167179
2021-08-28,Aston Villa,Brentford,1,1,D,7,9,5,2,15,14,3,2,3,3.0,0,0.0,2021,H,,,1,0.0,0.0,0.0,0,3,1.3333333333333333,1.4390243902439024,1.6666666666666667,0.17946879133841237,105.12820512820512,118.31333163301021
2021-09-11,Aston Villa,Chelsea,0,3,H,12,18,4,6,11,11,4,11,4,,0,,2021,A,1.0,0.0,0,0.0,0.0,0.0,0,4,1.3333333333333333,1.4047619047619049,1.8333333333333333,0.0972363064092587,105.12820512820512,118.41056793941947
2021-09-18,Aston Villa,Everton,3,0,H,15,11,3,1,7,10,5,4,1,1.0,0,0.0,2021,H,,,3,0.0,0.0,0.0,1,1,1.3333333333333333,1.441860465116279,1.6046511627906976,0.5334514220328976,105.12820512820512,118.94401936145236
2021-09-25,Aston Villa,Manchester United,1,0,A,28,7,4,3,9,13,5,5,2,,0,,2021,A,2.0,0.0,3,0.0,0.0,0.0,1,2,2.0,1.4772727272727273,1.9772727272727273,0.4903500514747836,105.12820512820512,119.43436941292714
2021-10-03,Aston Villa,Tottenham Hotspur,1,2,H,17,14,8,3,11,14,5,8,1,,0,,2021,A,2.0,0.0,0,0.0,0.0,0.0,0,1,2.0,1.4444444444444444,1.6444444444444444,0.13240966410291316,105.12820512820512,119.56677907703005
2021-10-16,Aston Villa,Wolverhampton Wanderers,2,3,A,14,9,5,4,8,17,6,7,2,3.0,0,0.0,2021,H,,,0,0.0,0.0,0.0,0,2,1.0,1.4130434782608696,1.2391304347826086,0.16813452538349088,105.12820512820512,119.73491360241354
2021-10-22,Aston Villa,Arsenal,1,3,H,22,10,9,4,17,10,7,4,5,,0,,2021,A,2.0,0.0,0,0.0,0.0,0.0,0,5,0.0,1.3829787234042554,1.5957446808510638,0.11596598411719417,105.12820512820512,119.85087958653074
2021-10-31,Aston Villa,West Ham United,1,4,A,9,21,3,9,7,13,3,6,1,2.0,1,0.0,2021,H,,,0,0.0,0.0,0.0,0,3,0.0,1.3541666666666667,1.7708333333333333,0.10891384811503965,105.12820512820512,119.95979343464577
2021-11-05,Aston Villa,Southampton,0,1,H,9,14,3,3,12,12,10,8,2,,0,,2021,A,2.0,0.0,0,0.0,0.0,0.0,0,2,0.0,1.326530612244898,1.163265306122449,0.17582174578965268,105.12820512820512,120.13561518043544
2021-11-20,Aston Villa,Brighton and Hove Albion,2,0,H,9,6,5,2,7,13,5,7,3,3.0,0,0.0,2021,H,,,3,0.0,0.0,0.0,1,3,1.0,1.36,1.16,0.5678176411530229,105.12820512820512,120.70343282158845
2021-11-27,Aston Villa,Crystal Palace,2,1,A,8,10,3,3,12,10,7,3,3,,0,,2021,A,3.0,0.0,3,0.0,0.0,0.0,0,3,2.0,1.392156862745098,1.1764705882352942,0.3491391123895783,105.12820512820512,121.05257193397803
2021-12-01,Aston Villa,Manchester City,1,2,A,9,17,3,7,8,12,4,11,0,0.0,0,0.0,2021,H,,,0,0.0,0.0,0.0,0,0,2.0,1.3653846153846154,2.269230769230769,0.07444623170002035,105.12820512820512,121.12701816567805
2021-12-05,Aston Villa,Leicester City,2,1,H,13,12,4,5,8,25,3,6,1,1.0,0,0.0,2021,H,,,3,0.0,0.0,0.0,0,1,2.0,1.3962264150943395,1.6037735849056605,0.3165307387903784,105.12820512820512,121.44354890446843
2021-12-11,Aston Villa,Liverpool,0,1,H,20,4,5,0,13,6,11,3,2,,0,,2021,A,1.0,0.0,0,0.0,0.0,0.0,0,2,1.0,1.3703703703703705,1.962962962962963,0.09479041749702052,105.12820512820512,121.53833932196545
2021-12-14,Aston Villa,Norwich City,2,0,A,7,17,3,6,12,9,7,10,1,,0,,2021,A,3.0,0.0,3,0.0,0.0,0.0,1,1,2.0,1.4,0.5882352941176471,0.6364422551706174,105.12820512820512,122.17478157713607
2021-12-26,Aston Villa,Chelsea,1,3,A,8,10,1,4,8,11,2,5,3,1.0,0,0.0,2021,H,,,0,0.0,0.0,0.0,0,3,1.0,1.375,1.894736842105263,0.09635902091250154,105.12820512820512,122.27114059804858
2022-01-02,Aston Villa,Brentford,1,2,H,10,16,4,5,17,11,3,7,2,,0,,2022,A,2.0,0.0,0,0.0,0.0,0.0,0,2,1.0,1.350877192982456,1.2105263157894737,0.17103290796199141,105.12820512820512,122.44217350601056
2022-01-15,Aston Villa,Manchester United,2,2,D,13,13,9,6,8,13,3,6,1,2.0,0,0.0,2022,H,,,1,0.0,0.0,0.0,0,1,0.3333333333333333,1.3448275862068966,1.827586206896552,0.17385237541961315,105.12820512820512,122.61602588143018
2022-01-22,Aston Villa,Everton,1,0,A,15,8,1,3,14,16,9,2,3,,0,,2022,A,5.0,0.0,3,0.0,0.0,0.0,1,3,1.3333333333333333,1.3728813559322033,1.3448275862068966,0.5490895322391653,105.12820512820512,123.16511541366934
2022-02-09,Aston Villa,Leeds United,3,3,D,12,16,4,8,11,9,6,11,1,3.0,1,0.0,2022,H,,,1,0.0,0.0,0.0,0,3,1.6666666666666667,1.3666666666666667,1.3666666666666667,0.2098670278217259,105.12820512820512,123.37498244149107
2022-02-13,Aston Villa,Newcastle United,0,1,H,10,11,2,1,22,15,3,6,4,,0,,2022,A,3.0,0.0,0,0.0,0.0,0.0,0,4,1.3333333333333333,1.3442622950819672,1.0819672131147542,0.1733703231024392,105.12820512820512,123.5483527645935
2022-02-19,Aston Villa,Watford,0,1,A,20,8,1,4,12,7,10,5,1,2.0,0,0.0,2022,H,,,0,0.0,0.0,0.0,0,1,0.3333333333333333,1.3225806451612905,0.75,0.22304144324760716,105.12820512820512,123.77139420784111
2022-02-26,Aston Villa,Brighton and Hove Albion,2,0,A,12,9,1,4,17,11,7,2,5,,0,,2022,A,4.0,0.0,3,0.0,0.0,0.0,1,5,1.0,1.3492063492063493,1.15625,0.5575084675655497,105.12820512820512,124.32890267540667
2022-03-05,Aston Villa,Southampton,4,0,H,14,11,9,1,10,8,4,7,1,1.0,0,0.0,2022,H,,,3,0.0,0.0,0.0,1,1,2.0,1.375,1.2,0.5744536944987624,105.12820512820512,124.90335636990542
2022-03-10,Aston Villa,Leeds United,3,0,A,4,15,1,9,17,11,3,5,3,,0,,2022,A,5.0,0.0,3,0.0,0.0,0.0,1,3,3.0,1.4,1.2424242424242424,0.5594658024424559,105.12820512820512,125.46282217234788
2022-03-13,Aston Villa,West Ham United,1,2,H,11,13,4,7,9,3,5,7,0,,0,,2022,A,1.0,0.0,0,0.0,0.0,0.0,0,0,2.0,1.378787878787879,1.6865671641791045,0.133486051888622,105.12820512820512,125.59630822423651
2022-03-19,Aston Villa,Arsenal,0,1,A,8,10,1,3,13,14,6,5,3,3.0,0,0.0,2022,H,,,0,0.0,0.0,0.0,0,3,1.0,1.3582089552238803,1.7424242424242424,0.1117924689941413,105.12820512820512,125.70810069323065
2022-04-02,Aston Villa,Wolverhampton Wanderers,1,2,H,11,15,5,5,15,8,4,9,3,,0,,2022,A,4.0,0.0,0,0.0,0.0,0.0,0,3,0.0,1.338235294117647,1.3623188405797102,0.15030758197365798,105.12820512820512,125.85840827520431
2022-04-09,Aston Villa,Tottenham Hotspur,0,4,A,9,11,8,5,12,14,9,3,2,3.0,0,0.0,2022,H,,,0,0.0,0.0,0.0,0,2,0.0,1.318840579710145,1.7246376811594204,0.11893931175107525,105.12820512820512,125.97734758695537
2022-04-23,Aston Villa,Leicester City,0,0,D,5,11,2,3,15,16,7,6,2,,0,,2022,A,3.0,0.0,1,0.0,0.0,0.0,1,2,0.3333333333333333,1.3142857142857145,1.542857142857143,0.4143682770317896,105.12820512820512,126.39171586398717
2022-04-30,Aston Villa,Norwich City,2,0,H,21,9,6,3,16,8,2,3,4,1.0,0,0.0,2022,H,,,3,0.0,0.0,0.0,1,4,1.3333333333333333,1.3380281690140845,0.6176470588235294,0.6174283085922756,105.12820512820512,127.00914417257944
2022-05-07,Aston Villa,Burnley,3,1,A,14,12,6,7,13,11,4,5,2,,0,,2022,A,1.0,0.0,3,0.0,0.0,0.0,0,2,2.3333333333333335,1.3611111111111112,1.0,0.3723650037397553,105.12820512820512,127.3815091763192
2022-05-10,Aston Villa,Liverpool,1,2,A,9,17,4,6,10,12,2,3,0,0.0,0,0.0,2022,H,,,0,0.0,0.0,0.0,0,0,2.0,1.3424657534246576,2.0945945945945947,0.0921416708171259,105.12820512820512,127.47365084713633
2022-05-15,Aston Villa,Crystal Palace,1,1,D,13,16,4,4,11,15,1,5,1,3.0,0,0.0,2022,H,,,1,0.0,0.0,0.0,0,1,1.3333333333333333,1.337837837837838,1.2027027027027026,0.23717023053630074,105.12820512820512,127.71082107767262
2022-05-19,Aston Villa,Burnley,1,1,D,22,10,9,5,11,20,13,6,0,1.0,0,1.0,2022,H,,,1,0.0,0.0,0.0,0,0,0.6666666666666666,1.3333333333333333,0.9866666666666668,0.26440518801586155,105.12820512820512,127.97522626568849
2022-05-22,Aston Villa,Manchester City,2,3,H,24,4,5,2,5,11,13,1,1,,0,,2022,A,0.0,0.0,0,0.0,0.0,0.0,0,1,0.6666666666666666,1.3157894736842106,2.3552631578947367,0.06038421294215762,105.12820512820512,128.03561047863064
2022-08-06,Aston Villa,Bournemouth,0,2,H,7,15,3,2,18,16,5,5,3,,0,,2022,A,3.0,0.0,0,0.0,0.0,0.0,0,3,0.3333333333333333,1.2987012987012987,3.0,-0.015634481920758836,105.12820512820512,128.0199759967099
2022-08-13,Aston Villa,Everton,2,1,H,12,15,4,4,9,7,5,8,4,1.0,0,0.0,2022,H,,,3,0.0,0.0,0.0,0,4,1.0,1.3205128205128205,1.2564102564102564,0.3356944534925539,105.12820512820512,128.35567045020244
2022-08-20,Aston Villa,Crystal Palace,1,3,H,17,13,9,5,16,14,4,2,1,,0,,2022,A,2.0,0.0,0,0.0,0.0,0.0,0,1,1.0,1.3037974683544304,1.2151898734177216,0.1759049373082919,105.12820512820512,128.53157538751074
2022-08-28,Aston Villa,West Ham United,0,1,A,9,7,3,2,10,10,3,2,2,0.0,0,0.0,2022,H,,,0,0.0,0.0,0.0,0,2,1.0,1.2875,1.55,0.13663490352034716,105.12820512820512,128.66821029103107
2022-08-31,Aston Villa,Arsenal,1,2,H,22,4,9,3,10,14,10,3,3,,0,,2022,A,2.0,0.0,0,0.0,0.0,0.0,0,3,0.0,1.271604938271605,1.7901234567901234,0.10695922899960025,105.12820512820512,128.7751695200307
2022-09-03,Aston Villa,Manchester City,1,1,D,3,13,1,4,7,6,1,4,2,0.0,0,0.0,2022,H,,,1,0.0,0.0,0.0,0,2,0.3333333333333333,1.2682926829268293,2.3536585365853657,0.11520222936382843,105.12820512820512,128.89037174939452
2022-09-16,Aston Villa,Southampton,1,0,H,11,7,3,1,13,13,6,3,3,1.0,0,0.0,2022,H,,,3,0.0,0.0,0.0,1,3,1.3333333333333333,1.289156626506024,1.0843373493975903,0.5754843449729108,105.12820512820512,129.4658560943674
2022-10-02,Aston Villa,Leeds United,0,0,D,9,19,1,7,23,12,2,9,2,,0,,2022,A,3.0,1.0,1,0.0,0.0,0.0,1,2,1.6666666666666667,1.2857142857142858,1.2771084337349397,0.44129591738189633,105.12820512820512,129.9071520117493
2022-10-10,Aston Villa,Nottingham Forest,1,1,D,6,12,3,2,13,19,1,4,3,,0,,2022,A,3.0,0.0,1,0.0,0.0,0.0,0,3,1.6666666666666667,1.2823529411764707,0.5555555555555556,0.2920548523877217,105.12820512820512,130.19920686413704
2022-10-16,Aston Villa,Chelsea,0,2,A,18,8,7,4,12,11,7,1,0,3.0,0,0.0,2022,H,,,0,0.0,0.0,0.0,0,0,0.6666666666666666,1.2674418604651163,1.8823529411764703,0.11364757739117129,105.12820512820512,130.3128544415282
2022-10-20,Aston Villa,Fulham,0,3,H,18,12,8,6,11,11,9,7,2,,1,,2022,A,0.0,0.0,0,0.0,0.0,0.0,0,4,0.3333333333333333,1.2528735632183907,0.8775510204081632,0.19408329565881766,105.12820512820512,130.50693773718703
2022-10-23,Aston Villa,Brentford,4,0,H,19,12,11,3,14,11,7,6,1,0.0,0,0.0,2022,H,,,3,0.0,0.0,0.0,1,1,1.0,1.2727272727272727,1.2,0.5744536944987624,105.12820512820512,131.0813914316858
2022-10-29,Aston Villa,Newcastle United,0,4,H,20,3,7,0,11,11,3,0,1,,0,,2022,A,1.0,0.0,0,0.0,0.0,0.0,0,1,1.0,1.2584269662921348,1.3258426966292134,0.16469276834986118,105.12820512820512,131.24608420003565
2022-11-06,Aston Villa,Manchester United,3,1,H,6,8,4,3,6,12,3,5,3,3.0,0,0.0,2022,H,,,3,0.0,0.0,0.0,0,3,2.0,1.2777777777777777,1.7415730337078652,0.29187871980699825,105.12820512820512,131.53796291984264
2022-11-13,Aston Villa,Brighton and Hove Albion,2,1,A,7,8,2,2,14,11,11,4,7,,0,,2022,A,2.0,0.0,3,0.0,0.0,0.0,0,7,2.0,1.2967032967032968,1.2555555555555555,0.3197473308396277,105.12820512820512,131.85771025068226
2022-12-26,Aston Villa,Liverpool,1,3,A,12,16,6,9,7,12,0,6,0,0.0,0,0.0,2022,H,,,0,0.0,0.0,0.0,0,0,2.0,1.2826086956521738,2.043956043956044,0.0972727462754023,105.12820512820512,131.95498299695768
2023-01-01,Aston Villa,Tottenham Hotspur,2,0,A,6,13,2,4,15,10,5,3,3,,0,,2023,A,4.0,0.0,3,0.0,0.0,0.0,1,3,2.0,1.3010752688172045,1.7526881720430108,0.5077620571042687,105.12820512820512,132.46274505406194
2023-01-04,Aston Villa,Wolverhampton Wanderers,1,1,D,13,10,4,3,6,12,7,8,1,3.0,0,0.0,2023,H,,,1,0.0,0.0,0.0,0,1,1.3333333333333333,1.297872340425532,1.1702127659574468,0.24046235313800135,105.12820512820512,132.70320740719995
2023-01-13,Aston Villa,Leeds United,2,1,H,11,16,5,4,12,8,0,11,2,2.0,0,0.0,2023,H,,,3,0.0,0.0,0.0,0,2,2.3333333333333335,1.3157894736842106,1.2127659574468086,0.35080597077286624,105.12820512820512,133.0540133779728
2023-01-21,Aston Villa,Southampton,1,0,A,8,16,5,5,19,9,2,2,2,,0,,2023,A,1.0,0.0,3,0.0,0.0,0.0,1,2,2.3333333333333335,1.3333333333333333,1.0208333333333333,0.5872636210712061,105.12820512820512,133.641276999044
2023-02-04,Aston Villa,Leicester City,2,4,A,19,9,4,5,10,10,11,3,0,2.0,0,0.0,2023,H,,,0,0.0,0.0,0.0,0,0,2.0,1.3195876288659794,1.4329896907216495,0.15918041190529156,105.12820512820512,133.80045741094932
2023-02-12,Aston Villa,Manchester City,1,3,H,17,6,9,2,13,14,8,4,2,,0,,2023,A,1.0,0.0,0,0.0,0.0,0.0,0,2,1.0,1.3061224489795915,2.316326530612245,0.058984986517053084,105.12820512820512,133.85944239746635
2023-02-18,Aston Villa,Arsenal,2,4,A,7,20,5,5,13,4,2,9,2,1.0,0,0.0,2023,H,,,0,0.0,0.0,0.0,0,2,0.0,1.292929292929293,1.8585858585858583,0.10536668383801626,105.12820512820512,133.9648090813044
2023-02-25,Aston Villa,Everton,2,0,A,15,9,5,5,12,12,5,1,1,,0,,2023,A,2.0,0.0,3,0.0,0.0,0.0,1,1,1.0,1.31,1.19,0.5754669690482062,105.12820512820512,134.5402760503526
2023-03-04,Aston Villa,Crystal Palace,1,0,H,8,3,1,0,14,17,2,4,2,3.0,0,1.0,2023,H,,,3,0.0,0.0,0.0,1,2,2.0,1.3267326732673268,1.1782178217821782,0.5713162514089618,105.12820512820512,135.11159230176156
2023-03-12,Aston Villa,West Ham United,1,1,D,17,12,6,4,8,6,13,2,0,,0,,2023,A,1.0,0.0,1,0.0,0.0,0.0,0,0,2.3333333333333335,1.3235294117647058,1.4215686274509804,0.2203376791792672,105.12820512820512,135.33192998094083
2023-03-18,Aston Villa,Bournemouth,3,0,H,20,10,9,3,8,13,9,6,1,4.0,0,0.0,2023,H,,,3,0.0,0.0,0.0,1,1,2.3333333333333335,1.3398058252427183,0.8888888888888888,0.605977791592569,105.12820512820512,135.93790777253338
2023-04-01,Aston Villa,Chelsea,2,0,A,27,5,8,2,14,16,13,2,3,,0,,2023,A,3.0,0.0,3,0.0,0.0,0.0,1,3,2.3333333333333335,1.3557692307692308,1.7211538461538465,0.5109573500900044,105.12820512820512,136.44886512262337
2023-04-04,Aston Villa,Leicester City,2,1,A,9,15,4,5,10,14,4,8,0,,0,,2023,A,2.0,1.0,3,0.0,0.0,0.0,0,0,3.0,1.3714285714285714,1.361904761904762,0.3463832668272091,105.12820512820512,136.7952483894506
2023-04-08,Aston Villa,Nottingham Forest,2,0,H,8,6,3,2,7,17,1,8,3,4.0,0,0.0,2023,H,,,3,0.0,0.0,0.0,1,3,3.0,1.3867924528301887,0.9,0.5941627794385613,105.12820512820512,137.38941116888915
2023-04-15,Aston Villa,Newcastle United,3,0,H,16,8,6,2,13,15,7,2,1,1.0,0,0.0,2023,H,,,3,0.0,0.0,0.0,1,1,3.0,1.4018691588785046,1.4150943396226414,0.5526587324918584,105.12820512820512,137.94206990138102
2023-04-22,Aston Villa,Brentford,1,1,D,6,14,5,2,12,8,8,4,2,,0,,2023,A,3.0,0.0,1,0.0,0.0,0.0,0,2,2.3333333333333335,1.398148148148148,1.2857142857142858,0.2234143023270757,105.12820512820512,138.1654842037081
2023-04-25,Aston Villa,Fulham,1,0,H,14,1,3,0,6,18,8,2,3,2.0,0,0.0,2023,H,,,3,0.0,0.0,0.0,1,3,2.3333333333333335,1.4128440366972477,1.042857142857143,0.5796874287322216,105.12820512820512,138.7451716324403
2023-04-30,Aston Villa,Manchester United,0,1,H,14,7,6,1,16,7,1,4,0,,0,,2023,A,2.0,0.0,0,0.0,0.0,0.0,0,0,1.3333333333333333,1.4,1.8055555555555556,0.12142926102252058,105.12820512820512,138.86660089346285
2023-05-06,Aston Villa,Wolverhampton Wanderers,0,1,H,6,16,2,3,20,9,5,6,3,,0,,2023,A,3.0,0.0,0,0.0,0.0,0.0,0,3,1.0,1.3873873873873874,1.2252252252252251,0.16419892910665151,105.12820512820512,139.0307998225695
2023-05-13,Aston Villa,Tottenham Hotspur,2,1,H,8,5,4,2,9,14,8,3,3,3.0,0,0.0,2023,H,,,3,0.0,0.0,0.0,0,3,1.0,1.4017857142857142,1.6964285714285714,0.2964530932745916,105.12820512820512,139.32725291584407
2023-05-20,Aston Villa,Liverpool,1,1,D,10,6,5,3,16,13,9,4,5,,0,,2023,A,3.0,0.0,1,0.0,0.0,0.0,0,5,1.3333333333333333,1.3982300884955752,2.0088495575221237,0.13410711833900432,105.12820512820512,139.4613600341831
2023-05-28,Aston Villa,Brighton and Hove Albion,2,1,H,12,8,5,4,15,16,4,3,4,4.0,0,0.0,2023,H,,,3,0.0,0.0,0.0,0,4,2.3333333333333335,1.412280701754386,1.350877192982456,0.3261223592333009,105.12820512820512,139.78748239341638
2023-08-12,Aston Villa,Newcastle United,1,5,H,17,16,13,6,12,17,6,5,4,,0,,2023,A,4.0,0.0,0,0.0,0.0,0.0,0,4,1.3333333333333333,1.4,1.4608695652173913,0.13497711209144023,105.12820512820512,139.92245950550782
2023-08-20,Aston Villa,Everton,4,0,H,13,9,7,2,8,12,7,6,3,4.0,0,0.0,2023,H,,,3,0.0,0.0,0.0,1,3,2.0,1.4137931034482758,1.1551724137931034,0.5683068081768923,105.12820512820512,140.49076631368473
2023-08-27,Aston Villa,Burnley,3,1,A,9,16,2,6,12,11,4,6,0,,0,,2023,A,2.0,0.0,3,0.0,0.0,0.0,0,0,2.0,1.4273504273504274,0.9487179487179488,0.3882504350240072,105.12820512820512,140.87901674870872
2023-09-03,Aston Villa,Liverpool,0,3,H,17,9,4,3,12,7,7,3,1,,0,,2023,A,0.0,0.0,0,0.0,0.0,0.0,0,1,2.0,1.4152542372881356,2.016949152542373,0.09466471007655147,105.12820512820512,140.97368145878528
2023-09-16,Aston Villa,Crystal Palace,3,1,H,16,6,5,3,13,9,4,2,5,3.0,0,0.0,2023,H,,,3,0.0,0.0,0.0,0,5,2.0,1.4285714285714286,1.2100840336134453,0.33504399597398377,105.12820512820512,141.30872545475927
2023-09-24,Aston Villa,Chelsea,1,0,A,10,15,4,7,9,11,5,11,3,,0,,2023,A,2.0,0.0,3,0.0,0.0,0.0,1,3,2.0,1.4416666666666669,1.5833333333333333,0.524922351893236,105.12820512820512,141.8336478066525
2023-09-30,Aston Villa,Brighton and Hove Albion,6,1,H,19,11,9,3,19,21,1,3,4,4.0,0,0.0,2023,H,,,3,0.0,0.0,0.0,0,4,3.0,1.4545454545454546,1.396694214876033,0.3214798370116939,105.12820512820512,142.15512764366417
2023-10-08,Aston Villa,Wolverhampton Wanderers,1,1,D,8,18,3,4,19,9,2,10,2,,0,,2023,A,2.0,1.0,1,0.0,0.0,0.0,0,2,2.3333333333333335,1.4508196721311477,1.1885245901639343,0.23326228682401182,105.12820512820512,142.3883899304882
2023-10-22,Aston Villa,West Ham United,4,1,H,15,14,7,4,9,15,8,7,0,1.0,0,0.0,2023,H,,,3,0.0,0.0,0.0,0,0,2.3333333333333335,1.4634146341463414,1.4227642276422765,0.3402165320547521,105.12820512820512,142.72860646254296
2023-10-29,Aston Villa,Luton Town,3,1,H,17,7,6,1,11,10,6,4,3,2.0,0,0.0,2023,H,,,3,0.0,0.0,0.0,0,3,2.3333333333333335,1.4758064516129032,0.5,0.4176841554401872,105.12820512820512,143.14629061798314
2023-11-05,Aston Villa,Nottingham Forest,0,2,H,5,13,3,3,6,9,0,10,1,,0,,2023,A,1.0,0.0,0,0.0,0.0,0.0,0,1,2.0,1.464,1.0408163265306123,0.1935737650239869,105.12820512820512,143.33986438300713
2023-11-12,Aston Villa,Fulham,3,1,H,12,9,6,5,4,17,2,2,2,5.0,0,0.0,2023,H,,,3,0.0,0.0,0.0,0,2,2.0,1.4761904761904765,1.0454545454545454,0.3677592103331926,105.12820512820512,143.70762359334032
2023-11-26,Aston Villa,Tottenham Hotspur,2,1,A,18,15,8,5,11,13,9,3,4,,0,,2023,A,0.0,0.0,3,0.0,0.0,0.0,0,4,2.0,1.4881889763779528,1.7244094488188977,0.28827328640976185,105.12820512820512,143.9958968797501
2023-12-03,Aston Villa,Bournemouth,2,2,D,15,11,7,3,16,12,7,7,3,,0,,2023,A,5.0,0.0,1,0.0,0.0,0.0,0,3,2.3333333333333335,1.484375,1.0,0.247020427967998,105.12820512820512,144.24291730771807
2023-12-06,Aston Villa,Manchester City,1,0,H,22,2,7,2,13,13,6,0,2,2.0,0,0.0,2023,H,,,3,0.0,0.0,0.0,1,2,2.3333333333333335,1.496124031007752,2.310077519379845,0.45662778889727645,105.12820512820512,144.69954509661537
2023-12-09,Aston Villa,Arsenal,1,0,H,10,12,3,5,16,11,3,3,4,2.0,0,0.0,2023,H,,,3,0.0,0.0,0.0,1,4,2.3333333333333335,1.5076923076923077,1.9230769230769231,0.48515242283909377,105.12820512820512,145.18469751945446
2023-12-17,Aston Villa,Brentford,2,1,A,4,15,3,5,19,6,7,12,4,,1,,2023,A,6.0,1.0,3,0.0,0.0,0.0,0,6,3.0,1.5190839694656488,1.3333333333333333,0.3172108823379333,105.12820512820512,145.50190840179238
2023-12-22,Aston Villa,Sheffield United,1,1,D,12,5,4,2,11,16,9,1,3,3.0,0,0.0,2023,H,,,1,0.0,0.0,0.0,0,3,2.3333333333333335,1.5151515151515151,0.5714285714285714,0.2904464800870173,105.12820512820512,145.7923548818794
2023-12-26,Aston Villa,Manchester United,2,3,H,13,10,7,4,10,10,3,6,3,,0,,2023,A,1.0,0.0,0,0.0,0.0,0.0,0,3,1.3333333333333333,1.5037593984962403,1.7894736842105263,0.10702506880138346,105.12820512820512,145.89937995068078
2023-12-30,Aston Villa,Burnley,3,2,H,19,9,7,5,9,14,6,2,4,1.0,0,1.0,2023,H,,,3,0.0,0.0,0.0,0,4,1.3333333333333333,1.5149253731343284,0.8854166666666666,0.3732862897419507,105.12820512820512,146.27266624042272
2024-01-14,Aston Villa,Everton,0,0,D,10,16,2,5,13,14,4,5,4,,0,,2024,A,1.0,0.0,1,0.0,0.0,0.0,1,4,1.3333333333333333,1.511111111111111,1.1925925925925926,0.4391705409238192,105.12820512820512,146.71183678134656
2024-01-30,Aston Villa,Newcastle United,1,3,A,12,14,6,5,14,12,8,7,4,1.0,0,0.0,2024,H,,,0,0.0,0.0,0.0,0,4,1.3333333333333333,1.5,1.4485294117647058,0.1362275084344239,105.12820512820512,146.84806428978098
2024-02-03,Aston Villa,Sheffield United,5,0,A,10,14,5,10,10,7,3,4,0,,0,,2024,A,1.0,0.0,3,0.0,0.0,0.0,1,0,1.3333333333333333,1.510948905109489,0.5409836065573771,0.6465747241846838,105.12820512820512,147.49463901396567
2024-02-11,Aston Villa,Manchester United,1,2,A,23,17,10,5,9,7,10,8,3,2.0,0,0.0,2024,H,,,0,0.0,0.0,0.0,0,3,1.0,1.5,1.7971014492753623,0.10625216678044999,105.12820512820512,147.60089118074612
2024-02-17,Aston Villa,Fulham,2,1,A,15,12,4,3,11,6,4,4,2,,0,,2024,A,5.0,0.0,3,0.0,0.0,0.0,0,2,2.0,1.5107913669064748,1.0792079207920793,0.364339066714458,105.12820512820512,147.96523024746057
2024-02-24,Aston Villa,Nottingham Forest,4,2,H,16,10,6,3,7,16,7,2,1,2.0,0,0.0,2024,H,,,3,0.0,0.0,0.0,0,1,2.0,1.5214285714285714,0.96875,0.3808760624785244,105.12820512820512,148.3461063099391
2024-03-02,Aston Villa,Luton Town,3,2,A,13,12,5,8,8,19,8,6,4,,0,,2024,A,1.0,0.0,3,0.0,0.0,0.0,0,4,3.0,1.5319148936170213,0.7692307692307693,0.3850591110295588,105.12820512820512,148.73116542096864
2024-03-10,Aston Villa,Tottenham Hotspur,0,4,A,10,9,1,5,11,15,6,4,0,2.0,1,0.0,2024,H,,,0,0.0,0.0,0.0,0,2,2.0,1.5211267605633805,1.74468085106383,0.11690838835564366,105.12820512820512,148.8480738093243
2024-03-17,Aston Villa,West Ham United,1,1,D,13,13,5,5,13,12,7,11,3,,0,,2024,A,3.0,0.0,1,0.0,0.0,0.0,0,3,1.3333333333333333,1.5174825174825175,1.4335664335664335,0.20308824470540035,105.12820512820512,149.0511620540297
2024-03-30,Aston Villa,Wolverhampton Wanderers,2,0,H,11,13,5,3,11,19,5,4,3,4.0,0,0.0,2024,H,,,3,0.0,0.0,0.0,1,3,1.3333333333333333,1.5277777777777777,1.2447552447552448,0.5592296079087861,105.12820512820512,149.61039166193848
2024-04-03,Aston Villa,Manchester City,1,4,H,25,8,11,3,6,13,2,3,2,,0,,2024,A,1.0,0.0,0,0.0,0.0,0.0,0,2,1.3333333333333333,1.5172413793103448,2.326388888888889,0.057965393362142265,105.12820512820512,149.66835705530062
2024-04-06,Aston Villa,Brentford,3,3,D,11,8,3,3,15,11,11,3,2,2.0,0,0.0,2024,H,,,1,0.0,0.0,0.0,0,2,1.3333333333333333,1.5136986301369864,1.2407407407407407,0.22797135717907158,105.12820512820512,149.8963284124797
2024-04-14,Aston Villa,Arsenal,2,0,A,18,11,4,2,12,7,4,6,1,,0,,2024,A,3.0,0.0,3,0.0,0.0,0.0,1,1,1.3333333333333333,1.5238095238095235,1.952054794520548,0.49824989619127774,105.12820512820512,150.394578308671
2024-04-21,Aston Villa,Bournemouth,3,1,H,14,14,4,6,8,14,8,4,1,3.0,0,0.0,2024,H,,,3,0.0,0.0,0.0,0,1,2.3333333333333335,1.5337837837837838,1.1408450704225352,0.3634381069841353,105.12820512820512,150.7580164156551
2024-04-27,Aston Villa,Chelsea,2,2,D,9,21,4,5,13,14,2,4,3,5.0,0,0.0,2024,H,,,1,0.0,0.0,0.0,0,3,2.3333333333333335,1.5302013422818792,1.5850340136054422,0.1877404203134637,105.12820512820512,150.94575683596858
2024-05-05,Aston Villa,Brighton and Hove Albion,0,1,H,15,2,8,1,13,10,7,3,1,,0,,2024,A,2.0,0.0,0,0.0,0.0,0.0,0,1,1.3333333333333333,1.52,1.348993288590604,0.1623469777859577,105.12820512820512,151.10810381375452
2024-05-13,Aston Villa,Liverpool,3,3,D,19,14,5,7,11,15,5,4,1,1.0,0,0.0,2024,H,,,1,0.0,0.0,0.0,0,1,0.6666666666666666,1.5165562913907285,2.033112582781457,0.1530269108272541,105.12820512820512,151.2611307245818
2024-05-19,Aston Villa,Crystal Palace,0,5,H,15,8,9,2,10,8,2,4,4,,0,,2024,A,1.0,0.0,0,0.0,0.0,0.0,0,4,0.3333333333333333,1.506578947368421,1.2236842105263157,0.1590105004323666,105.12820512820512,151.42014122501416
2024-08-17,Aston Villa,West Ham United,2,1,A,14,15,3,3,18,11,5,3,2,,0,,2024,A,1.0,0.0,3,0.0,0.0,0.0,0,2,1.3333333333333333,1.5163398692810457,1.392156862745098,0.3326287468988226,105.12820512820512,151.75276997191298
2024-08-24,Aston Villa,Arsenal,0,2,A,11,9,3,4,8,15,4,1,1,3.0,0,0.0,2024,H,,,0,0.0,0.0,0.0,0,1,1.0,1.5064935064935066,2.0064935064935066,0.09572415408048235,105.12820512820512,151.84849412599345
2024-08-31,Aston Villa,Leicester City,2,1,A,9,10,3,5,13,21,1,4,5,,0,,2024,A,4.0,0.0,3,0.0,0.0,0.0,0,5,2.0,1.5161290322580645,1.3076923076923077,0.3251535979800593,105.12820512820512,152.17364772397352
2024-09-14,Aston Villa,Everton,3,2,H,17,6,8,2,10,12,6,2,1,4.0,0,0.0,2024,H,,,3,0.0,0.0,0.0,0,1,2.0,1.5256410256410255,1.1666666666666667,0.36082167035411616,105.12820512820512,152.53446939432763
2024-09-21,Aston Villa,Wolverhampton Wanderers,3,1,H,9,10,4,4,11,16,6,5,3,6.0,0,0.0,2024,H,,,3,0.0,0.0,0.0,0,3,3.0,1.535031847133758,1.1719745222929936,0.3495946873087737,105.12820512820512,152.8840640816364
2024-09-29,Aston Villa,Ipswich Town,2,2,D,15,7,5,3,10,14,10,0,1,,0,,2024,A,4.0,0.0,1,0.0,0.0,0.0,0,1,2.3333333333333335,1.5316455696202531,0.6666666666666666,0.29148539782630534,105.12820512820512,153.17554947946272
2024-10-06,Aston Villa,Manchester United,0,0,D,11,10,1,4,12,11,6,3,1,5.0,0,0.0,2024,H,,,1,0.0,0.0,0.0,1,1,1.6666666666666667,1.528301886792453,1.729559748427673,0.40079475294960093,105.12820512820512,153.5763442324123
2024-10-19,Aston Villa,Fulham,3,1,A,10,14,4,5,8,11,6,11,3,,1,,2024,A,3.0,1.0,3,0.0,0.0,0.0,0,5,1.6666666666666667,1.5375,1.1311475409836065,0.34304242987440103,105.12820512820512,153.9193866622867
2024-10-26,Aston Villa,Bournemouth,1,1,D,18,11,8,3,12,14,9,7,7,6.0,0,0.0,2024,H,,,1,0.0,0.0,0.0,0,7,1.6666666666666667,1.5341614906832295,1.1647058823529413,0.2089528970077771,105.12820512820512,154.1283395592945
2024-11-03,Aston Villa,Tottenham Hotspur,1,4,H,16,12,6,1,14,14,6,4,0,,0,,2024,A,2.0,0.0,0,0.0,0.0,0.0,0,0,1.3333333333333333,1.5246913580246917,1.6975308641975309,0.13237512806898122,105.12820512820512,154.26071468736347
2024-11-09,Aston Villa,Liverpool,0,2,H,14,12,5,2,11,15,2,9,3,,0,,2024,A,0.0,0.0,0,0.0,0.0,0.0,0,3,0.3333333333333333,1.5153374233128831,2.0736196319018405,0.0782332830890641,105.12820512820512,154.33894797045252
2024-11-23,Aston Villa,Crystal Palace,2,2,D,17,13,5,6,10,11,10,1,3,2.0,0,0.0,2024,H,,,1,0.0,0.0,0.0,0,3,0.3333333333333333,1.5121951219512195,1.1829268292682926,0.22848491791719705,105.12820512820512,154.56743288836972
2024-12-01,Aston Villa,Chelsea,0,3,H,17,10,8,4,21,6,3,4,2,,0,,2024,A,2.0,0.0,0,0.0,0.0,0.0,0,2,0.3333333333333333,1.503030303030303,1.6545454545454543,0.12604157868525306,105.12820512820512,154.69347446705498
2024-12-04,Aston Villa,Brentford,3,1,H,20,9,10,1,11,15,10,5,2,2.0,0,0.0,2024,H,,,3,0.0,0.0,0.0,0,2,1.3333333333333333,1.5120481927710845,1.28125,0.34386665703664887,105.12820512820512,155.03734112409163
2024-12-07,Aston Villa,Southampton,1,0,H,18,4,5,0,18,15,14,1,1,3.0,0,0.0,2024,H,,,3,0.0,0.0,0.0,1,1,2.0,1.520958083832335,0.875968992248062,0.6072869318373284,105.12820512820512,155.64462805592896
2024-12-14,Aston Villa,Nottingham Forest,1,2,H,17,8,6,2,12,6,4,3,1,,0,,2024,A,0.0,0.0,0,0.0,0.0,0.0,0,1,2.0,1.511904761904762,1.108695652173913,0.18669572571321058,105.12820512820512,155.83132378164217
2024-12-21,Aston Villa,Manchester City,2,1,H,11,12,6,6,14,7,5,4,3,3.0,0,0.0,2024,H,,,3,0.0,0.0,0.0,0,3,2.0,1.5207100591715976,2.284023668639054,0.23691357753645878,105.12820512820512,156.06823735917862
2024-12-26,Aston Villa,Newcastle United,0,3,H,22,4,8,1,15,10,9,6,1,,1,,2024,A,2.0,0.0,0,0.0,0.0,0.0,0,3,1.0,1.511764705882353,1.4941176470588236,0.13695274434842278,105.12820512820512,156.20519010352706
2024-12-30,Aston Villa,Brighton and Hove Albion,2,2,D,20,13,4,4,9,14,12,3,2,3.0,0,0.0,2024,H,,,1,0.0,0.0,0.0,0,2,1.3333333333333333,1.5087719298245614,1.3391812865497077,0.21799662720891347,105.12820512820512,156.42318673073598
2025-01-04,Aston Villa,Leicester City,2,1,H,13,4,5,2,10,11,7,2,0,1.0,0,0.0,2025,H,,,3,0.0,0.0,0.0,0,0,1.3333333333333333,1.5174418604651163,1.2388059701492538,0.35885655410252276,105.12820512820512,156.7820432848385
2025-01-15,Aston Villa,Everton,1,0,A,10,11,3,3,17,10,8,5,1,,0,,2025,A,2.0,0.0,3,0.0,0.0,0.0,1,1,2.3333333333333335,1.5260115606936415,1.1569767441860466,0.5788131315138112,105.12820512820512,157.3608564163523
2025-01-18,Aston Villa,Arsenal,2,2,D,18,8,6,4,10,18,10,1,3,,0,,2025,A,2.0,0.0,1,0.0,0.0,0.0,0,3,2.3333333333333335,1.5229885057471264,1.9942528735632183,0.14627531471870223,105.12820512820512,157.507131731071
2025-01-26,Aston Villa,West Ham United,1,1,D,14,14,4,4,13,16,4,3,2,3.0,0,0.0,2025,H,,,1,0.0,0.0,0.0,0,2,1.6666666666666667,1.52,1.3714285714285714,0.21472909190327186,105.12820512820512,157.7218608229743
2025-02-01,Aston Villa,Wolverhampton Wanderers,0,2,H,8,10,5,3,20,13,5,8,3,,0,,2025,A,2.0,0.0,0,0.0,0.0,0.0,0,3,0.6666666666666666,1.5113636363636365,1.1477272727272727,0.17205159939666936,105.12820512820512,157.89391242237093
2025-02-15,Aston Villa,Ipswich Town,1,1,D,25,4,6,3,7,11,16,1,0,3.0,0,1.0,2025,H,,,1,0.0,0.0,0.0,0,0,0.6666666666666666,1.5084745762711864,0.68,0.29547894086547094,105.12820512820512,158.1893913632364
2025-02-19,Aston Villa,Liverpool,2,2,D,9,17,4,3,8,6,6,8,1,0.0,0,0.0,2025,H,,,1,0.0,0.0,0.0,0,1,0.6666666666666666,1.5056179775280898,2.0842696629213484,0.14784329409429328,105.12820512820512,158.33723465733073
2025-02-22,Aston Villa,Chelsea,2,1,H,12,15,6,7,15,16,2,3,1,3.0,0,0.0,2025,H,,,3,0.0,0.0,0.0,0,1,1.6666666666666667,1.5139664804469273,1.6348314606741574,0.31338372328277797,105.12820512820512,158.65061838061348
2025-02-25,Aston Villa,Crystal Palace,1,4,H,19,6,6,2,19,10,3,8,1,,0,,2025,A,3.0,0.0,0,0.0,0.0,0.0,0,1,1.3333333333333333,1.5055555555555555,1.2402234636871508,0.17336834731817027,105.12820512820512,158.82398672793167
2025-03-08,Aston Villa,Brentford,1,0,A,13,12,3,4,10,5,6,5,2,,0,,2025,A,2.0,0.0,3,0.0,0.0,0.0,1,2,2.0,1.5138121546961325,1.2816901408450705,0.5608316646611262,105.12820512820512,159.3848183925928
2025-04-02,Aston Villa,Brighton and Hove Albion,3,0,A,11,8,4,5,16,11,4,0,3,,0,,2025,A,1.0,0.0,3,0.0,0.0,0.0,1,3,2.0,1.521978021978022,1.3681318681318682,0.5467281686624017,105.12820512820512,159.93154656125517
2025-04-05,Aston Villa,Nottingham Forest,2,1,H,17,19,8,3,7,15,4,4,2,2.0,0,0.0,2025,H,,,3,0.0,0.0,0.0,0,2,3.0,1.530054644808743,1.2242990654205608,0.3496373502942872,105.12820512820512,160.28118391154948
2025-04-12,Aston Villa,Southampton,3,0,A,7,25,2,10,11,4,2,14,1,,0,,2025,A,3.0,0.0,3,0.0,0.0,0.0,1,1,3.0,1.5380434782608696,0.8082191780821918,0.6141518480797106,105.12820512820512,160.89533575962918
2025-04-19,Aston Villa,Newcastle United,4,1,H,23,10,9,3,9,12,7,7,1,3.0,0,0.0,2025,H,,,3,0.0,0.0,0.0,0,1,3.0,1.545945945945946,1.5351351351351352,0.3234856982169533,105.12820512820512,161.21882145784613
2025-04-22,Aston Villa,Manchester City,1,2,H,14,7,6,3,9,10,10,2,3,,0,,2025,A,3.0,0.0,0,0.0,0.0,0.0,0,3,2.0,1.5376344086021505,2.2580645161290325,0.05954395239281224,105.12820512820512,161.27836541023896
2025-05-03,Aston Villa,Fulham,1,0,H,10,11,3,3,6,17,5,3,0,5.0,0,0.0,2025,H,,,3,0.0,0.0,0.0,1,0,2.0,1.5454545454545454,1.1946308724832215,0.5803423102970666,105.12820512820512,161.85870772053602
2025-05-10,Aston Villa,Bournemouth,1,0,A,10,6,4,3,19,12,10,0,3,,1,,2025,A,4.0,0.0,3,0.0,0.0,0.0,1,5,2.0,1.553191489361702,1.25,0.5480090186645142,105.12820512820512,162.40671673920053
2025-05-16,Aston Villa,Tottenham Hotspur,2,0,H,18,3,7,1,5,12,9,1,1,2.0,0,0.0,2025,H,,,3,0.0,0.0,0.0,1,1,3.0,1.560846560846561,1.5714285714285714,0.5368177826622789,105.12820512820512,162.9435345218628
2025-05-25,Aston Villa,Manchester United,0,2,H,25,6,10,1,10,10,4,3,2,,1,,2025,A,2.0,0.0,0,0.0,0.0,0.0,0,4,2.0,1.5526315789473684,1.6263157894736842,0.11821286725739319,105.12820512820512,163.0617473891202
2025-08-16,Aston Villa,Newcastle United,0,0,D,3,16,3,3,13,11,3,6,1,1.0,1,0.0,2025,H,,,1,0.0,0.0,0.0,1,3,1.3333333333333333,1.549738219895288,1.5287958115183249,0.4104485001777244,105.12820512820512,163.47219588929792
2025-08-23,Aston Villa,Brentford,0,1,H,9,17,2,2,11,9,2,9,2,,0,,2025,A,1.0,0.0,0,0.0,0.0,0.0,0,2,0.3333333333333333,1.5416666666666667,1.318181818181818,0.16012444989381672,105.12820512820512,163.63232033919175
2025-08-31,Aston Villa,Crystal Palace,0,3,A,13,6,4,4,7,14,10,1,2,3.0,0,0.0,2025,H,,,0,0.0,0.0,0.0,0,2,0.3333333333333333,1.5336787564766838,1.2642487046632125,0.16558935502388325,105.12820512820512,163.79790969421563
2025-09-13,Aston Villa,Everton,0,0,D,20,7,2,1,17,15,10,3,3,,0,,2025,A,3.0,0.0,1,0.0,0.0,0.0,1,3,0.3333333333333333,1.5309278350515465,1.2216494845360826,0.4415708557863488,105.12820512820512,164.23948055000199
2025-09-21,Aston Villa,Sunderland,1,1,D,14,12,4,2,14,8,6,5,1,,0,,2025,A,2.0,1.0,1,0.0,0.0,0.0,0,1,0.6666666666666666,1.528205128205128,1.6,0.1969131065448855,105.12820512820512,164.43639365654687
2025-09-28,Aston Villa,Fulham,3,1,H,9,11,4,4,10,13,2,8,1,4.0,0,0.0,2025,H,,,3,0.0,0.0,0.0,0,1,1.6666666666666667,1.5357142857142858,1.1962025316455696,0.3578288763262231,105.12820512820512,164.79422253287308
2025-10-05,Aston Villa,Burnley,2,1,H,15,5,7,2,9,15,6,4,3,1.0,0,0.0,2025,H,,,3,0.0,0.0,0.0,0,3,2.3333333333333335,1.5431472081218274,0.8429752066115702,0.38293135064521444,105.12820512820512,165.17715388351832
2025-10-19,Aston Villa,Tottenham Hotspur,2,1,A,9,8,3,2,11,7,6,6,0,,0,,2025,A,2.0,0.0,3,0.0,0.0,0.0,0,0,3.0,1.5505050505050506,1.5707070707070707,0.32522586028976097,105.12820512820512,165.50237974380806
2025-10-26,Aston Villa,Manchester City,1,0,H,9,18,3,4,8,16,5,6,1,4.0,0,0.0,2025,H,,,3,0.0,0.0,0.0,1,1,3.0,1.5577889447236182,2.241206030150754,0.4689509373908467,105.12820512820512,165.9713306811989
2025-11-01,Aston Villa,Liverpool,0,2,H,16,10,4,3,13,11,1,4,3,,0,,2025,A,2.0,0.0,0,0.0,0.0,0.0,0,3,2.0,1.55,2.06,0.07961332572695687,105.12820512820512,166.05094400692587
2025-11-09,Aston Villa,Bournemouth,4,0,H,16,13,8,4,8,20,6,9,2,2.0,0,0.0,2025,H,,,3,0.0,0.0,0.0,1,2,2.0,1.5572139303482586,1.288,0.5601923026918998,105.12820512820512,166.61113630961776
2022-08-06,Bournemouth,Aston Villa,2,0,H,7,15,3,2,18,16,5,5,3,3.0,0,0.0,2022,H,,,3,0.0,0.0,0.0,1,3,3.0,3.0,1.2987012987012987,0.5537633915581402,103.33333333333331,103.88709672489145
2022-08-13,Bournemouth,Manchester City,0,4,H,19,3,7,1,9,9,11,1,3,,0,,2022,A,0.0,0.0,0,0.0,0.0,0.0,0,3,1.5,1.5,2.371794871794872,0.04801994490327377,103.33333333333331,103.93511666979472
2022-08-20,Bournemouth,Arsenal,0,3,A,6,14,1,6,12,10,3,4,2,1.0,0,0.0,2022,H,,,0,0.0,0.0,0.0,0,2,1.0,1.0,1.759493670886076,0.11540744302250586,103.33333333333331,104.05052411281723
2022-08-27,Bournemouth,Liverpool,0,9,H,19,5,12,2,6,5,8,1,1,,0,,2022,A,0.0,0.0,0,0.0,0.0,0.0,0,1,0.0,0.75,2.075,0.08878256544630575,103.33333333333331,104.13930667826354
2022-08-31,Bournemouth,Wolverhampton Wanderers,0,0,D,5,17,2,4,12,12,2,5,2,1.0,0,0.0,2022,H,,,1,0.0,0.0,0.0,1,2,0.3333333333333333,0.8,1.2222222222222223,0.4468573975060188,103.33333333333331,104.58616407576956
2022-09-03,Bournemouth,Nottingham Forest,3,2,A,11,8,3,3,13,10,4,6,1,,0,,2022,A,2.0,0.0,3,0.0,0.0,0.0,0,1,1.3333333333333333,1.1666666666666667,0.6666666666666666,0.41148539782630533,103.33333333333331,104.99764947359587
2022-09-17,Bournemouth,Newcastle United,1,1,D,20,10,7,3,10,11,8,1,2,,0,,2022,A,2.0,0.0,1,0.0,0.0,0.0,0,2,1.6666666666666667,1.1428571428571428,1.2289156626506024,0.22916956224646384,103.33333333333331,105.22681903584233
2022-10-01,Bournemouth,Brentford,0,0,D,7,13,1,4,11,10,7,8,1,2.0,0,0.0,2022,H,,,1,0.0,0.0,0.0,1,1,1.6666666666666667,1.125,1.2173913043478262,0.45269147789103403,103.33333333333331,105.67951051373336
2022-10-08,Bournemouth,Leicester City,2,1,H,10,9,4,5,8,16,7,2,1,2.0,0,0.0,2022,H,,,3,0.0,0.0,0.0,0,1,1.6666666666666667,1.3333333333333333,1.4352941176470588,0.33360233441807724,103.33333333333331,106.01311284815144
2022-10-15,Bournemouth,Fulham,2,2,D,19,10,4,6,9,11,5,6,0,,0,,2022,A,2.0,0.0,1,0.0,0.0,0.0,0,0,1.6666666666666667,1.3,0.8333333333333334,0.27994206444066627,103.33333333333331,106.29305491259211
2022-10-19,Bournemouth,Southampton,0,1,A,15,9,3,3,8,13,7,3,1,3.0,0,0.0,2022,H,,,0,0.0,0.0,0.0,0,1,1.3333333333333333,1.181818181818182,1.0804597701149423,0.1895567957803557,103.33333333333331,106.48261170837246
2022-10-24,Bournemouth,West Ham United,0,2,H,20,5,4,3,9,11,5,0,2,,0,,2022,A,0.0,0.0,0,0.0,0.0,0.0,0,2,0.3333333333333333,1.0833333333333333,1.5340909090909092,0.1382469312126441,103.33333333333331,106.62085863958511
2022-10-29,Bournemouth,Tottenham Hotspur,2,3,A,6,23,4,7,10,5,2,19,1,2.0,0,0.0,2022,H,,,0,0.0,0.0,0.0,0,1,0.0,1.0,1.7865168539325842,0.11801382843166439,103.33333333333331,106.73887246801677
2022-11-05,Bournemouth,Leeds United,3,4,H,18,9,4,6,16,10,13,3,2,,0,,2022,A,2.0,0.0,0,0.0,0.0,0.0,0,2,0.0,0.9285714285714286,1.2584269662921348,0.1661792569563766,103.33333333333331,106.90505172497315
2022-11-12,Bournemouth,Everton,3,0,H,16,15,9,3,12,8,3,5,2,0.0,0,0.0,2022,H,,,3,0.0,0.0,0.0,1,2,1.0,1.0666666666666669,1.2307692307692308,0.5659913508825627,103.33333333333331,107.4710430758557
2022-12-27,Bournemouth,Chelsea,0,2,H,15,9,5,4,8,10,6,8,0,,0,,2022,A,0.0,0.0,0,0.0,0.0,0.0,0,0,1.0,1.0,1.8131868131868132,0.12065600510872038,103.33333333333331,107.59169908096443
2022-12-31,Bournemouth,Crystal Palace,0,2,A,6,15,2,6,17,11,2,7,4,1.0,0,0.0,2022,H,,,0,0.0,0.0,0.0,0,4,1.0,0.9411764705882352,1.2391304347826086,0.1574453738399763,103.33333333333331,107.74914445480441
2023-01-03,Bournemouth,Manchester United,0,3,H,18,7,6,4,13,7,6,5,3,,0,,2023,A,0.0,0.0,0,0.0,0.0,0.0,0,3,0.0,0.8888888888888888,1.7956989247311828,0.10639428102300871,103.33333333333331,107.85553873582741
2023-01-14,Bournemouth,Brentford,0,2,H,12,7,4,2,5,9,5,3,1,,0,,2023,A,1.0,0.0,0,0.0,0.0,0.0,0,1,0.0,0.8421052631578947,1.3157894736842106,0.16571143584486675,103.33333333333331,108.02125017167228
2023-01-21,Bournemouth,Nottingham Forest,1,1,D,16,20,4,5,10,7,4,6,1,2.0,0,0.0,2023,H,,,1,0.0,0.0,0.0,0,1,0.3333333333333333,0.85,1.05,0.25264320676429364,103.33333333333331,108.27389337843657
2023-02-04,Bournemouth,Brighton and Hove Albion,0,1,H,20,12,6,2,14,7,7,3,1,,0,,2023,A,3.0,0.0,0,0.0,0.0,0.0,0,1,0.3333333333333333,0.8095238095238095,1.3125,0.1660447498413943,103.33333333333331,108.43993812827797
2023-02-11,Bournemouth,Newcastle United,1,1,D,11,15,5,7,8,10,4,6,2,3.0,0,0.0,2023,H,,,1,0.0,0.0,0.0,0,2,0.6666666666666666,0.8181818181818182,1.3775510204081634,0.214108719730143,103.33333333333331,108.65404684800811
2023-02-18,Bournemouth,Wolverhampton Wanderers,1,0,A,15,5,4,1,12,10,12,2,3,,0,,2023,A,3.0,0.0,3,0.0,0.0,0.0,1,3,1.3333333333333333,0.9130434782608696,1.202020202020202,0.5635598410260672,103.33333333333331,109.21760668903418
2023-02-25,Bournemouth,Manchester City,1,4,A,13,20,2,5,10,9,4,6,2,2.0,0,0.0,2023,H,,,0,0.0,0.0,0.0,0,2,1.3333333333333333,0.875,2.3168316831683167,0.05893380069418769,103.33333333333331,109.27654048972836
2023-03-04,Bournemouth,Arsenal,2,3,H,31,4,9,4,6,8,17,1,2,,0,,2023,A,0.0,0.0,0,0.0,0.0,0.0,0,2,1.0,0.84,1.892156862745098,0.10196501942663339,103.33333333333331,109.378505509155
2023-03-11,Bournemouth,Liverpool,1,0,H,5,15,2,6,7,9,3,8,2,1.0,0,0.0,2023,H,,,3,0.0,0.0,0.0,1,2,1.0,0.9230769230769232,1.9901960784313728,0.4890405611925256,103.33333333333331,109.86754607034753
2023-03-18,Bournemouth,Aston Villa,0,3,H,20,10,9,3,8,13,9,6,4,,0,,2023,A,1.0,0.0,0,0.0,0.0,0.0,0,4,1.0,0.8888888888888888,1.3398058252427183,0.14724419274912184,103.33333333333331,110.01479026309664
2023-04-01,Bournemouth,Fulham,2,1,H,12,10,7,2,15,13,4,3,1,4.0,0,0.0,2023,H,,,3,0.0,0.0,0.0,0,1,2.0,0.9642857142857144,1.0151515151515151,0.37617431504265836,103.33333333333331,110.3909645781393
2023-04-04,Bournemouth,Brighton and Hove Albion,0,2,A,14,16,3,6,11,5,5,5,1,1.0,0,0.0,2023,H,,,0,0.0,0.0,0.0,0,1,1.0,0.9310344827586208,1.3398058252427183,0.1632779200643937,103.33333333333331,110.5542424982037
2023-04-08,Bournemouth,Leicester City,1,0,A,14,19,4,7,10,13,6,6,3,,0,,2023,A,0.0,0.0,3,0.0,0.0,0.0,1,3,2.0,1.0,1.349056603773585,0.5486610166522178,103.33333333333331,111.10290351485591
2023-04-15,Bournemouth,Tottenham Hotspur,3,2,A,24,6,8,6,8,9,8,1,2,,0,,2023,A,1.0,0.0,3,0.0,0.0,0.0,0,2,2.0,1.064516129032258,1.7383177570093458,0.2975531444817563,103.33333333333331,111.40045665933768
2023-04-23,Bournemouth,West Ham United,0,4,A,17,18,5,10,7,8,8,5,1,2.0,0,0.0,2023,H,,,0,0.0,0.0,0.0,0,1,2.0,1.03125,1.4485981308411215,0.15225427262057645,103.33333333333331,111.55271093195825
2023-04-27,Bournemouth,Southampton,1,0,A,11,16,2,2,9,11,6,4,3,,0,,2023,A,0.0,0.0,3,0.0,0.0,0.0,1,3,2.0,1.0909090909090908,0.981651376146789,0.585889253300901,103.33333333333331,112.13860018525915
2023-04-30,Bournemouth,Leeds United,4,1,H,12,15,7,6,12,14,2,6,1,0.0,0,0.0,2023,H,,,3,0.0,0.0,0.0,0,1,2.0,1.1470588235294117,1.1545454545454543,0.36204988192919957,103.33333333333331,112.50065006718835
2023-05-06,Bournemouth,Chelsea,1,3,A,10,11,4,5,9,11,7,7,1,3.0,0,0.0,2023,H,,,0,0.0,0.0,0.0,0,1,2.0,1.1142857142857143,1.6636363636363636,0.1304649957756978,103.33333333333331,112.63111506296406
2023-05-13,Bournemouth,Crystal Palace,0,2,H,17,5,5,0,5,12,11,2,2,,0,,2023,A,0.0,0.0,0,0.0,0.0,0.0,0,2,1.0,1.0833333333333333,1.2053571428571428,0.17155668709939187,103.33333333333331,112.80267175006344
2023-05-20,Bournemouth,Manchester United,0,1,A,10,20,4,5,6,7,3,6,1,0.0,0,0.0,2023,H,,,0,0.0,0.0,0.0,0,1,0.0,1.054054054054054,1.7946428571428572,0.11719044120749758,103.33333333333331,112.91986219127094
2023-05-28,Bournemouth,Everton,0,1,H,13,7,6,2,11,12,9,3,3,,0,,2023,A,1.0,0.0,0,0.0,0.0,0.0,0,3,0.0,1.0263157894736843,1.1754385964912282,0.1692436814865281,103.33333333333331,113.08910587275747
2023-08-12,Bournemouth,West Ham United,1,1,D,14,16,5,3,9,14,10,4,1,4.0,0,0.0,2023,H,,,1,0.0,0.0,0.0,0,1,0.3333333333333333,1.0256410256410255,1.4086956521739131,0.21629748922989703,103.33333333333331,113.30540336198736
2023-08-19,Bournemouth,Liverpool,1,3,H,26,13,10,5,11,13,10,2,3,,0,,2023,A,1.0,1.0,0,0.0,0.0,0.0,0,3,0.3333333333333333,1.0,2.0,0.08569297302361958,103.33333333333331,113.39109633501099
2023-08-26,Bournemouth,Tottenham Hotspur,0,2,A,11,17,3,6,18,11,6,2,1,3.0,0,0.0,2023,H,,,0,0.0,0.0,0.0,0,1,0.3333333333333333,0.975609756097561,1.709401709401709,0.12582770976464586,103.33333333333331,113.51692404477564
2023-09-02,Bournemouth,Brentford,2,2,D,21,12,7,5,6,13,5,2,2,,0,,2023,A,1.0,0.0,1,0.0,0.0,0.0,0,2,0.3333333333333333,0.9761904761904762,1.3875,0.21310061494880864,103.33333333333331,113.73002465972444
2023-09-17,Bournemouth,Chelsea,0,0,D,13,14,4,6,15,20,1,7,1,5.0,0,0.0,2023,H,,,1,0.0,0.0,0.0,1,1,0.6666666666666666,0.9767441860465116,1.596638655462185,0.41426330900821895,103.33333333333331,114.14428796873266
2023-09-24,Bournemouth,Brighton and Hove Albion,1,3,H,13,12,4,4,12,17,4,4,3,,0,,2023,A,3.0,0.0,0,0.0,0.0,0.0,0,3,0.6666666666666666,0.9545454545454546,1.4083333333333334,0.1456450505323768,103.33333333333331,114.28993301926504
2023-09-30,Bournemouth,Arsenal,0,4,A,8,15,1,8,11,10,6,6,0,1.0,0,0.0,2023,H,,,0,0.0,0.0,0.0,0,0,0.3333333333333333,0.9333333333333332,1.9090909090909092,0.11093828715201676,103.33333333333331,114.40087130641705
2023-10-07,Bournemouth,Everton,0,3,H,25,11,8,4,14,15,8,7,2,,0,,2023,A,1.0,0.0,0,0.0,0.0,0.0,0,2,0.0,0.9130434782608696,1.1557377049180328,0.1765844984615324,103.33333333333331,114.57745580487858
2023-10-21,Bournemouth,Wolverhampton Wanderers,1,2,A,7,20,4,7,15,10,3,12,2,6.0,1,0.0,2023,H,,,0,0.0,0.0,0.0,0,4,0.0,0.8936170212765957,1.2032520325203253,0.1610808410286841,103.33333333333331,114.73853664590726
2023-10-28,Bournemouth,Burnley,2,1,H,13,6,6,3,9,12,10,5,2,3.0,0,0.0,2023,H,,,3,0.0,0.0,0.0,0,2,1.0,0.9375,0.9069767441860463,0.38179081350202304,103.33333333333331,115.12032745940928
2023-11-04,Bournemouth,Manchester City,1,6,H,21,5,8,1,8,9,12,1,1,,0,,2023,A,0.0,0.0,0,0.0,0.0,0.0,0,1,1.0,0.9183673469387756,2.36,0.05990424078715795,103.33333333333331,115.18023170019644
2023-11-11,Bournemouth,Newcastle United,2,0,H,19,8,10,5,10,4,6,5,2,1.0,0,0.0,2023,H,,,3,0.0,0.0,0.0,1,2,2.0,0.96,1.468253968253968,0.5419276268451004,103.33333333333331,115.72215932704155
2023-11-25,Bournemouth,Sheffield United,3,1,A,10,23,2,11,6,8,4,7,1,,0,,2023,A,4.0,0.0,3,0.0,0.0,0.0,0,1,2.0,1.0,0.5490196078431373,0.4234062748785852,103.33333333333331,116.14556560192014
2023-12-03,Bournemouth,Aston Villa,2,2,D,15,11,7,3,16,12,7,7,5,3.0,0,0.0,2023,H,,,1,0.0,0.0,0.0,0,5,2.3333333333333335,1.0,1.484375,0.18725079043580012,103.33333333333331,116.33281639235594
2023-12-06,Bournemouth,Crystal Palace,2,0,A,16,11,3,4,10,17,3,9,3,,0,,2023,A,1.0,0.0,3,0.0,0.0,0.0,1,3,2.3333333333333335,1.0377358490566038,1.186046511627907,0.5651784144195879,103.33333333333331,116.89799480677553
2023-12-09,Bournemouth,Manchester United,3,0,A,20,10,3,4,7,10,10,4,1,,0,,2023,A,3.0,0.0,3,0.0,0.0,0.0,1,1,2.3333333333333335,1.0740740740740742,1.8,0.5136572215321353,103.33333333333331,117.41165202830766
2023-12-23,Bournemouth,Nottingham Forest,3,2,A,11,18,5,7,10,10,6,6,3,,0,,2023,A,0.0,1.0,3,0.0,0.0,0.0,0,3,3.0,1.1090909090909091,0.9285714285714286,0.3742581033211679,103.33333333333331,117.78591013162882
2023-12-26,Bournemouth,Fulham,3,0,H,16,8,4,3,10,10,6,5,0,2.0,0,0.0,2023,H,,,3,0.0,0.0,0.0,1,0,3.0,1.1428571428571428,1.063157894736842,0.5936641325260661,103.33333333333331,118.37957426415488
2023-12-31,Bournemouth,Tottenham Hotspur,1,3,H,12,24,6,4,9,18,4,13,3,,0,,2023,A,3.0,0.0,0,0.0,0.0,0.0,0,3,2.0,1.1228070175438596,1.7313432835820894,0.11291527435196005,103.33333333333331,118.49248953850685
2024-01-21,Bournemouth,Liverpool,0,4,A,11,14,1,7,9,12,8,5,1,2.0,0,0.0,2024,H,,,0,0.0,0.0,0.0,0,1,1.0,1.103448275862069,2.0444444444444443,0.09187868212516181,103.33333333333331,118.58436822063202
2024-02-01,Bournemouth,West Ham United,1,1,D,9,9,3,4,13,11,1,5,3,,0,,2024,A,1.0,0.0,1,0.0,0.0,0.0,0,3,0.3333333333333333,1.1016949152542372,1.4485294117647058,0.2015720842061812,103.33333333333331,118.78594030483819
2024-02-04,Bournemouth,Nottingham Forest,1,1,D,9,8,2,6,19,12,11,6,3,2.0,1,0.0,2024,H,,,1,0.0,0.0,0.0,0,5,0.6666666666666666,1.1,0.9672131147540984,0.239653488062004,103.33333333333331,119.0255937929002
2024-02-10,Bournemouth,Fulham,1,3,H,7,25,6,4,11,11,1,14,2,,0,,2024,A,1.0,0.0,0,0.0,0.0,0.0,0,2,0.6666666666666666,1.0819672131147542,1.09,0.18324553279476122,103.33333333333331,119.20883932569495
2024-02-17,Bournemouth,Newcastle United,2,2,D,17,12,5,7,9,22,4,2,3,,0,,2024,A,1.0,0.0,1,0.0,0.0,0.0,0,3,0.6666666666666666,1.0806451612903225,1.4532374100719423,0.20109503471982648,103.33333333333331,119.40993436041478
2024-02-24,Bournemouth,Manchester City,0,1,A,13,15,4,6,14,6,3,8,2,2.0,0,0.0,2024,H,,,0,0.0,0.0,0.0,0,2,0.3333333333333333,1.0634920634920637,2.335714285714286,0.05702047463547838,103.33333333333331,119.46695483505026
2024-03-03,Bournemouth,Burnley,2,0,A,20,10,6,3,8,13,7,2,4,,0,,2024,A,2.0,0.0,3,0.0,0.0,0.0,1,4,1.3333333333333333,1.09375,0.8446601941747572,0.594425645348192,103.33333333333331,120.06138048039846
2024-03-09,Bournemouth,Sheffield United,2,2,D,32,13,12,9,12,11,10,3,3,5.0,0,0.0,2024,H,,,1,0.0,0.0,0.0,0,3,1.3333333333333333,1.0923076923076922,0.5606060606060606,0.2915430975647703,103.33333333333331,120.35292357796322
2024-03-13,Bournemouth,Luton Town,4,3,H,24,8,10,4,16,11,11,3,1,2.0,0,0.0,2024,H,,,3,0.0,0.0,0.0,0,1,2.3333333333333335,1.121212121212121,0.75,0.40304144324760716,103.33333333333331,120.75596502121084
2024-03-30,Bournemouth,Everton,2,1,H,11,7,4,3,14,11,9,8,1,2.0,0,0.0,2024,H,,,3,0.0,0.0,0.0,0,1,2.3333333333333335,1.1492537313432836,1.1538461538461535,0.3621207402893005,103.33333333333331,121.11808576150014
2024-04-02,Bournemouth,Crystal Palace,1,0,H,11,3,6,2,13,14,9,2,3,2.0,0,0.0,2024,H,,,3,0.0,0.0,0.0,1,3,3.0,1.1764705882352942,1.1597222222222223,0.5678457876682852,103.33333333333331,121.68593154916842
2024-04-06,Bournemouth,Luton Town,1,2,H,19,8,9,1,7,14,7,2,0,,0,,2024,A,0.0,0.0,0,0.0,0.0,0.0,0,0,2.0,1.1594202898550725,0.78125,0.22521953605235262,103.33333333333331,121.91115108522078
2024-04-13,Bournemouth,Manchester United,2,2,D,20,8,5,2,13,14,7,2,4,0.0,0,0.0,2024,H,,,1,0.0,0.0,0.0,0,4,1.3333333333333333,1.1571428571428573,1.7602739726027397,0.164639225491953,103.33333333333331,122.07579031071272
2024-04-21,Bournemouth,Aston Villa,1,3,H,14,14,4,6,8,14,8,4,3,,0,,2024,A,1.0,0.0,0,0.0,0.0,0.0,0,3,0.3333333333333333,1.1408450704225352,1.5337837837837838,0.13293347566660682,103.33333333333331,122.20872378637932
2024-04-24,Bournemouth,Wolverhampton Wanderers,1,0,A,15,21,4,6,10,17,8,12,1,,1,,2024,A,4.0,0.0,3,0.0,0.0,0.0,1,3,1.3333333333333333,1.1666666666666667,1.2162162162162162,0.5621213950372308,103.33333333333331,122.77084518141656
2024-04-28,Bournemouth,Brighton and Hove Albion,3,0,H,15,13,6,1,14,10,8,2,2,2.0,0,0.0,2024,H,,,3,0.0,0.0,0.0,1,2,2.0,1.1917808219178083,1.337837837837838,0.555142361423861,103.33333333333331,123.32598754284042
2024-05-04,Bournemouth,Arsenal,0,3,H,25,7,9,2,16,12,6,1,3,,0,,2024,A,2.0,0.0,0,0.0,0.0,0.0,0,3,2.0,1.1756756756756757,1.98,0.08771952212250717,103.33333333333331,123.41370706496294
2024-05-11,Bournemouth,Brentford,1,2,A,13,11,4,5,16,12,3,8,2,2.0,0,0.0,2024,H,,,0,0.0,0.0,0.0,0,2,1.0,1.16,1.2743362831858407,0.16456720636563377,103.33333333333331,123.57827427132857
2024-05-19,Bournemouth,Chelsea,1,2,H,16,22,6,5,5,9,6,5,3,,0,,2024,A,2.0,0.0,0,0.0,0.0,0.0,0,3,0.0,1.144736842105263,1.631578947368421,0.12302414063470637,103.33333333333331,123.70129841196326
2024-08-17,Bournemouth,Nottingham Forest,1,1,D,14,13,8,4,17,8,2,6,3,,0,,2024,A,1.0,0.0,1,0.0,0.0,0.0,0,3,0.3333333333333333,1.1428571428571428,0.974025974025974,0.2496523099146052,103.33333333333331,123.95095072187787
2024-08-25,Bournemouth,Newcastle United,1,1,D,16,14,4,5,19,8,8,9,2,2.0,0,0.0,2024,H,,,1,0.0,0.0,0.0,0,2,0.6666666666666666,1.141025641025641,1.4870129870129871,0.20301721724086969,103.33333333333331,124.15396793911874
2024-08-31,Bournemouth,Everton,3,2,A,18,17,8,7,6,1,8,4,1,,0,,2024,A,2.0,0.0,3,0.0,0.0,0.0,0,1,1.6666666666666667,1.1645569620253164,1.1741935483870969,0.3600589905857176,103.33333333333331,124.51402692970447
2024-09-14,Bournemouth,Chelsea,0,1,A,19,10,7,3,16,9,6,3,6,8.0,0,0.0,2024,H,,,0,0.0,0.0,0.0,0,6,1.3333333333333333,1.15,1.6346153846153846,0.10668273886110138,103.33333333333331,124.62070966856557
2024-09-21,Bournemouth,Liverpool,0,3,H,19,19,13,6,10,12,3,9,4,,0,,2024,A,1.0,0.0,0,0.0,0.0,0.0,0,4,1.0,1.1358024691358024,2.050955414012739,0.07518521483431434,103.33333333333331,124.69589488339987
2024-09-30,Bournemouth,Southampton,3,1,H,14,9,6,3,19,12,7,4,2,5.0,0,0.0,2024,H,,,3,0.0,0.0,0.0,0,2,1.0,1.1585365853658536,0.9083333333333332,0.3816533537763233,103.33333333333331,125.0775482371762
2024-10-05,Bournemouth,Leicester City,0,1,H,6,17,2,2,12,14,0,9,1,,0,,2024,A,4.0,0.0,0,0.0,0.0,0.0,0,1,1.0,1.144578313253012,1.3057851239669422,0.16672515114009107,103.33333333333331,125.24427338831629
2024-10-19,Bournemouth,Arsenal,2,0,H,13,6,4,1,12,11,7,4,1,1.0,0,1.0,2024,H,,,3,0.0,0.0,0.0,1,1,2.0,1.1666666666666667,2.0,0.4933917305432596,103.33333333333331,125.73766511885955
2024-10-26,Bournemouth,Aston Villa,1,1,D,18,11,8,3,12,14,9,7,6,,0,,2024,A,7.0,0.0,1,0.0,0.0,0.0,0,6,1.3333333333333333,1.1647058823529413,1.5341614906832295,0.17686147627249918,103.33333333333331,125.91452659513206
2024-11-02,Bournemouth,Manchester City,2,1,H,12,18,6,4,11,6,3,10,2,1.0,0,0.0,2024,H,,,3,0.0,0.0,0.0,0,2,2.3333333333333335,1.186046511627907,2.3580246913580245,0.23475981801282164,103.33333333333331,126.14928641314488
2024-11-09,Bournemouth,Brentford,2,3,H,12,15,6,3,8,16,6,4,4,,0,,2024,A,2.0,0.0,0,0.0,0.0,0.0,0,4,1.3333333333333333,1.1724137931034482,1.28,0.15330416481181475,103.33333333333331,126.30259057795669
2024-11-23,Bournemouth,Brighton and Hove Albion,1,2,A,19,6,5,4,13,10,7,0,2,2.0,0,1.0,2024,H,,,0,0.0,0.0,0.0,0,2,1.0,1.1590909090909092,1.3658536585365857,0.1552939836381534,103.33333333333331,126.45788456159484
2024-11-30,Bournemouth,Wolverhampton Wanderers,4,2,A,10,12,3,8,13,11,3,4,1,,0,,2024,A,4.0,0.0,3,0.0,0.0,0.0,0,1,1.0,1.1797752808988764,1.1636363636363636,0.36112872324788703,103.33333333333331,126.81901328484273
2024-12-05,Bournemouth,Tottenham Hotspur,1,0,H,21,12,8,4,15,8,5,9,2,2.0,0,0.0,2024,H,,,3,0.0,0.0,0.0,1,2,2.0,1.2,1.680722891566265,0.520398691591093,103.33333333333331,127.33941197643382
2024-12-08,Bournemouth,Ipswich Town,2,1,A,18,22,5,6,9,13,6,13,1,,0,,2024,A,2.0,0.0,3,0.0,0.0,0.0,0,1,3.0,1.21978021978022,0.6,0.4182405614892639,103.33333333333331,127.7576525379231
2024-12-16,Bournemouth,West Ham United,1,1,D,29,16,9,3,6,11,12,6,0,2.0,0,0.0,2024,H,,,1,0.0,0.0,0.0,0,0,2.3333333333333335,1.2173913043478262,1.380952380952381,0.22445322006636378,103.33333333333331,127.98210575798944
2024-12-22,Bournemouth,Manchester United,3,0,A,23,10,7,5,11,11,13,1,3,,0,,2024,A,1.0,0.0,3,0.0,0.0,0.0,1,3,2.3333333333333335,1.2365591397849462,1.7100591715976332,0.5120815452262216,103.33333333333331,128.49418730321568
2024-12-26,Bournemouth,Crystal Palace,0,0,D,18,10,4,4,13,12,5,2,2,2.0,0,0.0,2024,H,,,1,0.0,0.0,0.0,1,2,1.6666666666666667,1.2340425531914894,1.1941176470588235,0.449705162579619,103.33333333333331,128.9438924657953
2024-12-29,Bournemouth,Fulham,2,2,D,11,16,6,9,7,16,1,7,3,,0,,2024,A,1.0,0.0,1,0.0,0.0,0.0,0,3,1.6666666666666667,1.231578947368421,1.1729323308270676,0.22949763500769194,103.33333333333331,129.17339010080298
2025-01-04,Bournemouth,Everton,1,0,H,19,9,8,0,15,14,9,3,2,2.0,0,0.0,2025,H,,,3,0.0,0.0,0.0,1,2,1.6666666666666667,1.25,1.1637426900584795,0.5727829796665088,103.33333333333331,129.74617308046948
2025-01-14,Bournemouth,Chelsea,2,2,D,26,7,10,3,15,16,9,3,3,,0,,2025,A,2.0,0.0,1,0.0,0.0,0.0,0,3,1.6666666666666667,1.2474226804123711,1.6473988439306355,0.18142115077857385,103.33333333333331,129.92759423124807
2025-01-18,Bournemouth,Newcastle United,4,1,A,13,19,5,10,7,18,7,6,6,,0,,2025,A,1.0,0.0,3,0.0,0.0,0.0,0,6,2.3333333333333335,1.2653061224489797,1.511494252873563,0.2991582897903716,103.33333333333331,130.22675252103843
2025-01-25,Bournemouth,Nottingham Forest,5,0,H,16,18,10,4,9,12,3,9,2,3.0,0,0.0,2025,H,,,3,0.0,0.0,0.0,1,2,2.3333333333333335,1.2828282828282829,1.1919191919191918,0.5699279264437274,103.33333333333331,130.79668044748217
2025-02-01,Bournemouth,Liverpool,0,2,A,14,19,3,7,15,9,3,3,2,3.0,0,0.0,2025,H,,,0,0.0,0.0,0.0,0,2,2.0,1.27,2.0914285714285716,0.08177332434331941,103.33333333333331,130.8784537718255
2025-02-15,Bournemouth,Southampton,3,1,A,11,14,4,7,13,15,4,6,3,,0,,2025,A,1.0,0.0,3,0.0,0.0,0.0,0,3,2.0,1.2871287128712872,0.841726618705036,0.3830578668800579,103.33333333333331,131.26151163870554
2025-02-22,Bournemouth,Wolverhampton Wanderers,0,1,A,8,13,3,5,17,9,6,7,3,3.0,1,0.0,2025,H,,,0,0.0,0.0,0.0,0,5,1.0,1.2745098039215683,1.151685393258427,0.16096138157336984,103.33333333333331,131.42247302027891
2025-02-25,Bournemouth,Brighton and Hove Albion,1,2,H,11,19,4,5,12,14,1,9,1,,0,,2025,A,2.0,0.0,0,0.0,0.0,0.0,0,1,1.0,1.2621359223300972,1.3687150837988826,0.16034861847056858,103.33333333333331,131.58282163874946
2025-03-09,Bournemouth,Tottenham Hotspur,2,2,D,12,17,4,8,15,16,3,6,3,,0,,2025,A,3.0,0.0,1,0.0,0.0,0.0,0,3,0.3333333333333333,1.2596153846153846,1.6277777777777778,0.1834093034751382,103.33333333333331,131.7662309422246
2025-03-15,Bournemouth,Brentford,1,2,A,17,10,5,4,13,7,4,3,3,0.0,0,0.0,2025,H,,,0,0.0,0.0,0.0,0,3,0.3333333333333333,1.2476190476190476,1.2937062937062938,0.15725991672559314,103.33333333333331,131.9234908589502
2025-04-02,Bournemouth,Ipswich Town,1,2,A,24,10,7,2,14,15,8,3,1,2.0,0,0.0,2025,H,,,0,0.0,0.0,0.0,0,1,0.3333333333333333,1.2358490566037736,0.6666666666666666,0.23148539782630537,103.33333333333331,132.1549762567765
2025-04-05,Bournemouth,West Ham United,2,2,D,9,11,3,4,13,13,4,7,2,,0,,2025,A,2.0,0.0,1,0.0,0.0,0.0,0,2,0.3333333333333333,1.233644859813084,1.355191256830601,0.2163743776666154,103.33333333333331,132.37135063444313
2025-04-14,Bournemouth,Fulham,1,0,H,12,12,3,7,11,10,6,9,3,2.0,0,0.0,2025,H,,,3,0.0,0.0,0.0,1,3,1.3333333333333333,1.25,1.1986301369863013,0.5639033476880483,103.33333333333331,132.93525398213117
2025-04-19,Bournemouth,Crystal Palace,0,0,D,5,15,0,4,13,10,5,4,4,,0,,2025,A,3.0,1.0,1,0.0,0.0,0.0,1,4,1.6666666666666667,1.2477064220183487,1.2432432432432432,0.43403823940211195,103.33333333333331,133.3692922215333
2025-04-27,Bournemouth,Manchester United,1,1,D,8,25,1,6,11,12,5,10,4,2.0,1,0.0,2025,H,,,1,0.0,0.0,0.0,0,6,1.6666666666666667,1.2454545454545454,1.6451612903225807,0.1656141490757078,103.33333333333331,133.534906370609
2025-05-03,Bournemouth,Arsenal,2,1,A,13,9,4,2,7,16,2,3,2,,0,,2025,A,0.0,0.0,3,0.0,0.0,0.0,0,2,1.6666666666666667,1.2612612612612613,1.9786096256684491,0.2732049809867005,103.33333333333331,133.8081113515957
2025-05-10,Bournemouth,Aston Villa,0,1,A,10,6,4,3,19,12,10,0,4,3.0,0,1.0,2025,H,,,0,0.0,0.0,0.0,0,4,1.3333333333333333,1.25,1.553191489361702,0.12562236648232925,103.33333333333331,133.93373371807803
2025-05-20,Bournemouth,Manchester City,1,3,H,12,8,5,2,7,13,3,1,3,,1,,2025,A,1.0,1.0,0,0.0,0.0,0.0,0,5,1.0,1.238938053097345,2.259259259259259,0.048733740568599526,103.33333333333331,133.98246745864662
2025-05-25,Bournemouth,Leicester City,2,0,H,20,3,7,0,19,16,6,1,0,2.0,0,0.0,2025,H,,,3,0.0,0.0,0.0,1,0,1.0,1.2543859649122806,1.1644736842105263,0.5833980614330172,103.33333333333331,134.56586552007965
2025-08-15,Bournemouth,Liverpool,2,4,H,19,10,10,3,7,10,6,7,2,,0,,2025,A,1.0,0.0,0,0.0,0.0,0.0,0,2,1.0,1.2434782608695651,2.0785340314136125,0.08307989526571366,103.33333333333331,134.64894541534537
2025-08-23,Bournemouth,Wolverhampton Wanderers,1,0,H,14,6,4,1,13,16,8,3,2,4.0,0,1.0,2025,H,,,3,0.0,0.0,0.0,1,2,2.0,1.2586206896551724,1.171875,0.5719589533973157,103.33333333333331,135.22090436874268
2025-08-30,Bournemouth,Tottenham Hotspur,1,0,A,5,20,1,6,17,13,0,8,4,,0,,2025,A,2.0,0.0,3,0.0,0.0,0.0,1,4,2.0,1.2735042735042734,1.5699481865284974,0.5209340589812697,103.33333333333331,135.74183842772393
2025-09-13,Bournemouth,Brighton and Hove Albion,2,1,H,13,6,5,2,16,10,4,4,4,4.0,0,0.0,2025,H,,,3,0.0,0.0,0.0,0,4,3.0,1.2881355932203389,1.3762886597938144,0.3235474799749024,103.33333333333331,136.06538590769884
2025-09-21,Bournemouth,Newcastle United,0,0,D,11,4,2,1,7,10,5,2,2,1.0,0,0.0,2025,H,,,1,0.0,0.0,0.0,1,2,2.3333333333333335,1.2857142857142858,1.523076923076923,0.41637255636035975,103.33333333333331,136.4817584640592
2025-09-27,Bournemouth,Leeds United,2,2,D,19,12,8,5,12,13,7,4,2,,0,,2025,A,2.0,0.0,1,0.0,0.0,0.0,0,2,1.6666666666666667,1.2833333333333334,1.1333333333333333,0.23885467641383817,103.33333333333331,136.72061314047303
2025-10-03,Bournemouth,Fulham,3,1,H,11,12,6,4,8,10,4,3,0,1.0,0,0.0,2025,H,,,3,0.0,0.0,0.0,0,0,1.6666666666666667,1.2975206611570247,1.1886792452830188,0.36393576755791546,103.33333333333331,137.08454890803097
2025-10-18,Bournemouth,Crystal Palace,3,3,D,20,8,7,5,8,16,6,5,4,,0,,2025,A,1.0,0.0,1,0.0,0.0,0.0,0,4,1.6666666666666667,1.2950819672131149,1.2727272727272727,0.21404109175686478,103.33333333333331,137.29858999978782
2025-10-26,Bournemouth,Nottingham Forest,2,0,H,13,8,5,4,17,7,6,4,3,1.0,0,0.0,2025,H,,,3,0.0,0.0,0.0,1,3,2.3333333333333335,1.3089430894308942,1.170731707317073,0.5667302245633759,103.33333333333331,137.8653202243512
2025-11-02,Bournemouth,Manchester City,1,3,H,15,8,8,5,8,11,10,4,2,,0,,2025,A,2.0,0.0,0,0.0,0.0,0.0,0,2,1.3333333333333333,1.2983870967741935,2.245,0.06621232233400415,103.33333333333331,137.93153254668522
2025-11-09,Bournemouth,Aston Villa,0,4,H,16,13,8,4,8,20,6,9,2,,0,,2025,A,2.0,0.0,0,0.0,0.0,0.0,0,2,1.0,1.288,1.5572139303482586,0.1359039343180121,103.33333333333331,138.06743648100323
2021-08-13,Brentford,Arsenal,2,0,H,8,22,3,4,12,8,2,5,0,0.0,0,0.0,2021,H,,,3,0.0,0.0,0.0,1,0,3.0,3.0,1.564102564102564,0.5429046841112843,75.0,75.54290468411128
2021-08-21,Brentford,Crystal Palace,0,0,D,7,14,2,3,12,9,3,5,1,,0,,2021,A,3.0,0.0,1,0.0,0.0,0.0,1,1,2.0,2.0,1.125,0.4620532536195907,75.0,76.00495793773088
2021-08-28,Brentford,Aston Villa,1,1,D,7,9,5,2,15,14,3,2,3,,0,,2021,A,3.0,0.0,1,0.0,0.0,0.0,0,3,1.6666666666666667,1.6666666666666667,1.4390243902439024,0.20253520384607576,75.0,76.20749314157695
2021-09-11,Brentford,Brighton and Hove Albion,0,1,A,7,4,1,2,9,12,1,6,3,2.0,0,0.0,2021,H,,,0,0.0,0.0,0.0,0,3,0.6666666666666666,1.25,1.1904761904761905,0.16771996035954498,75.0,76.3752131019365
2021-09-18,Brentford,Wolverhampton Wanderers,2,0,A,11,9,0,3,10,7,4,2,2,,1,,2021,A,4.0,0.0,3,0.0,0.0,0.0,1,4,1.3333333333333333,1.6,1.1162790697674418,0.5669031959695314,75.0,76.94211629790603
2021-09-25,Brentford,Liverpool,3,3,D,12,16,4,6,8,7,2,11,1,1.0,0,0.0,2021,H,,,1,0.0,0.0,0.0,0,1,1.3333333333333333,1.5,1.8863636363636365,0.1678966080835408,75.0,77.11001290598956
2021-10-03,Brentford,West Ham United,2,1,A,18,13,5,6,16,13,11,6,3,,0,,2021,A,2.0,0.0,3,0.0,0.0,0.0,0,3,2.3333333333333335,1.7142857142857142,1.6888888888888889,0.29721707011742615,75.0,77.40722997610699
2021-10-16,Brentford,Chelsea,0,1,A,17,5,7,1,13,8,5,5,1,1.0,0,0.0,2021,H,,,0,0.0,0.0,0.0,0,1,1.3333333333333333,1.5,1.8695652173913044,0.10959874912509654,75.0,77.51682872523209
2021-10-24,Brentford,Leicester City,1,2,A,15,10,5,6,13,7,9,2,1,1.0,0,0.0,2021,H,,,0,0.0,0.0,0.0,0,1,1.0,1.3333333333333333,1.702127659574468,0.1265647707207788,75.0,77.64339349595286
2021-10-30,Brentford,Burnley,1,3,H,15,12,6,5,7,10,4,2,1,,0,,2021,A,1.0,0.0,0,0.0,0.0,0.0,0,1,0.0,1.2,0.9583333333333334,0.20193155680086167,75.0,77.84532505275374
2021-11-06,Brentford,Norwich City,1,2,A,19,9,7,5,12,13,6,2,2,3.0,0,0.0,2021,H,,,0,0.0,0.0,0.0,0,2,0.0,1.0909090909090908,0.4545454545454545,0.24763452461850716,75.0,78.09295957737224
2021-11-20,Brentford,Newcastle United,3,3,D,23,10,9,4,13,11,8,2,2,,0,,2021,A,2.0,0.0,1,0.0,0.0,0.0,0,2,0.3333333333333333,1.0833333333333333,1.02,0.2503384546408677,75.0,78.34329803201311
2021-11-28,Brentford,Everton,1,0,H,6,14,4,5,8,11,3,3,4,3.0,0,0.0,2021,H,,,3,0.0,0.0,0.0,1,4,1.3333333333333333,1.2307692307692308,1.4509803921568627,0.5329887628052935,75.0,78.8762867948184
2021-12-02,Brentford,Tottenham Hotspur,0,2,H,11,6,6,2,13,11,11,5,0,,0,,2021,A,0.0,0.0,0,0.0,0.0,0.0,0,0,1.3333333333333333,1.1428571428571428,1.6470588235294117,0.1374893314957309,75.0,79.01377612631413
2021-12-05,Brentford,Leeds United,2,2,D,13,9,6,3,11,9,5,1,3,,0,,2021,A,5.0,0.0,1,0.0,0.0,0.0,0,3,1.3333333333333333,1.1333333333333333,1.4150943396226414,0.2049599749722183,75.0,79.21873610128635
2021-12-10,Brentford,Watford,2,1,H,14,6,5,2,12,18,8,2,4,0.0,0,0.0,2021,H,,,3,0.0,0.0,0.0,0,4,1.3333333333333333,1.25,0.8125,0.38067474999831163,75.0,79.59941085128466
2021-12-26,Brentford,Brighton and Hove Albion,0,2,H,15,16,5,6,8,10,6,9,3,,0,,2021,A,1.0,0.0,0,0.0,0.0,0.0,0,3,1.3333333333333333,1.1764705882352942,1.1636363636363636,0.17043957170437243,75.0,79.76985042298904
2021-12-29,Brentford,Manchester City,0,1,A,6,12,2,3,12,10,3,5,0,0.0,0,0.0,2021,H,,,0,0.0,0.0,0.0,0,0,1.0,1.1111111111111112,2.3448275862068964,0.0667861986339334,75.0,79.83663662162297
2022-01-02,Brentford,Aston Villa,2,1,H,10,16,4,5,17,11,3,7,2,2.0,0,0.0,2022,H,,,3,0.0,0.0,0.0,0,2,1.0,1.2105263157894737,1.350877192982456,0.3368115107768155,75.0,80.17344813239978
2022-01-11,Brentford,Southampton,1,4,H,12,5,6,4,9,8,5,2,1,,0,,2022,A,0.0,0.0,0,0.0,0.0,0.0,0,1,1.0,1.15,1.1551724137931034,0.18198635374428143,75.0,80.35543448614406
2022-01-16,Brentford,Liverpool,0,3,H,27,6,13,1,6,6,9,0,1,,0,,2022,A,0.0,0.0,0,0.0,0.0,0.0,0,1,1.0,1.0952380952380951,1.9322033898305084,0.1032517825294649,75.0,80.45868626867353
2022-01-19,Brentford,Manchester United,1,3,A,18,13,8,5,7,9,6,9,0,0.0,0,0.0,2022,H,,,0,0.0,0.0,0.0,0,0,0.0,1.0454545454545454,1.847457627118644,0.11718343075413562,75.0,80.57586969942767
2022-01-22,Brentford,Wolverhampton Wanderers,1,2,A,11,7,1,2,6,7,6,3,2,3.0,0,0.0,2022,H,,,0,0.0,0.0,0.0,0,2,0.0,1.0,1.3389830508474576,0.15801671392810157,75.0,80.73388641335576
2022-02-09,Brentford,Manchester City,0,2,H,15,6,7,2,7,13,9,3,0,,0,,2022,A,0.0,0.0,0,0.0,0.0,0.0,0,0,0.0,0.9583333333333334,2.3548387096774195,0.06577179697153135,75.0,80.7996582103273
2022-02-12,Brentford,Crystal Palace,0,0,D,9,6,2,3,10,10,3,9,1,0.0,0,0.0,2022,H,,,1,0.0,0.0,0.0,1,1,0.3333333333333333,0.96,1.1290322580645162,0.46164467517223434,75.0,81.26130288549953
2022-02-19,Brentford,Arsenal,1,2,H,24,6,8,2,10,5,14,0,1,,0,,2022,A,1.0,0.0,0,0.0,0.0,0.0,0,1,0.3333333333333333,0.9230769230769232,1.6885245901639343,0.1279431351235799,75.0,81.3892460206231
2022-02-26,Brentford,Newcastle United,0,2,A,6,26,1,11,9,7,6,6,3,1.0,1,0.0,2022,H,,,0,0.0,0.0,0.0,0,5,0.3333333333333333,0.8888888888888888,1.1111111111111112,0.16507267031955247,75.0,81.55431869094267
2022-03-05,Brentford,Norwich City,3,1,A,15,10,7,6,13,18,5,5,5,,0,,2022,A,2.0,0.0,3,0.0,0.0,0.0,0,5,1.0,0.9642857142857144,0.6296296296296297,0.39385996344091984,75.0,81.94817865438358
2022-03-12,Brentford,Burnley,2,0,H,13,7,4,1,6,10,2,9,1,1.0,0,1.0,2022,H,,,3,0.0,0.0,0.0,1,1,2.0,1.0344827586206895,0.9230769230769232,0.6025136050987441,75.0,82.55069225948233
2022-03-20,Brentford,Leicester City,1,2,H,12,15,4,6,10,10,2,5,2,,0,,2022,A,1.0,0.0,0,0.0,0.0,0.0,0,2,2.0,1.0,1.5692307692307692,0.13468629861757064,75.0,82.6853785580999
2022-04-02,Brentford,Chelsea,4,1,A,21,17,8,6,11,7,12,7,0,,0,,2022,A,0.0,0.0,3,0.0,0.0,0.0,0,0,2.0,1.064516129032258,1.8805970149253732,0.29382550092926496,75.0,82.97920405902916
2022-04-10,Brentford,West Ham United,2,0,H,15,5,7,1,2,6,4,6,0,1.0,0,0.0,2022,H,,,3,0.0,0.0,0.0,1,0,2.0,1.125,1.6571428571428573,0.5334771480102323,75.0,83.51268120703939
2022-04-16,Brentford,Watford,2,1,A,17,16,4,5,11,9,6,5,1,,0,,2022,A,2.0,0.0,3,0.0,0.0,0.0,0,1,3.0,1.181818181818182,0.6875,0.4093744091816308,75.0,83.92205561622103
2022-04-23,Brentford,Tottenham Hotspur,0,0,D,15,9,2,0,8,7,12,8,2,1.0,0,0.0,2022,H,,,1,0.0,0.0,0.0,1,2,2.3333333333333335,1.1764705882352942,1.6901408450704225,0.3994443943317323,75.0,84.32150001055275
2022-05-02,Brentford,Manchester United,0,3,H,9,12,5,4,4,6,3,8,0,,0,,2022,A,1.0,0.0,0,0.0,0.0,0.0,0,0,1.3333333333333333,1.1428571428571428,1.7837837837837838,0.12363533924578407,75.0,84.44513534979855
2022-05-07,Brentford,Southampton,3,0,H,18,19,5,4,12,9,4,7,0,1.0,0,0.0,2022,H,,,3,0.0,0.0,0.0,1,0,1.3333333333333333,1.1944444444444444,1.1216216216216215,0.5877401518742682,75.0,85.0328755016728
2022-05-15,Brentford,Everton,3,2,A,10,18,5,7,8,8,5,2,3,,0,,2022,A,0.0,2.0,3,0.0,0.0,0.0,0,3,2.0,1.2432432432432432,1.2837837837837838,0.3382653394027014,75.0,85.37114084107552
2022-05-22,Brentford,Leeds United,1,2,A,14,14,5,6,11,13,3,2,2,1.0,1,0.0,2022,H,,,0,0.0,0.0,0.0,0,4,2.0,1.2105263157894737,1.2763157894736843,0.1536774764879256,75.0,85.52481831756344
2022-08-07,Brentford,Leicester City,2,2,D,14,8,5,3,6,5,5,6,0,,0,,2022,A,0.0,0.0,1,0.0,0.0,0.0,0,0,1.3333333333333333,1.205128205128205,1.5454545454545454,0.207784634404518,75.0,85.73260295196795
2022-08-13,Brentford,Manchester United,4,0,H,13,15,7,4,6,15,8,2,0,4.0,0,0.0,2022,H,,,3,0.0,0.0,0.0,1,0,1.3333333333333333,1.25,1.6923076923076923,0.529913984759441,75.0,86.2625169367274
2022-08-20,Brentford,Fulham,2,3,H,18,13,9,5,13,7,6,3,2,,0,,2022,A,3.0,0.0,0,0.0,0.0,0.0,0,2,1.3333333333333333,1.2195121951219512,0.8048780487804879,0.2121362144606096,75.0,86.47465315118801
2022-08-27,Brentford,Everton,1,1,D,19,14,5,7,8,8,8,5,2,2.0,0,0.0,2022,H,,,1,0.0,0.0,0.0,0,2,1.3333333333333333,1.2142857142857142,1.25,0.22703314000366068,75.0,86.70168629119166
2022-08-30,Brentford,Crystal Palace,1,1,D,13,9,4,3,11,8,4,6,2,,0,,2022,A,1.0,0.0,1,0.0,0.0,0.0,0,2,0.6666666666666666,1.2093023255813953,1.1975308641975309,0.23234970399765584,75.0,86.93403599518932
2022-09-03,Brentford,Leeds United,5,2,H,14,17,8,6,8,9,2,6,2,2.0,0,0.0,2022,H,,,3,0.0,0.0,0.0,0,2,1.6666666666666667,1.25,1.2804878048780488,0.3439438883285272,75.0,87.27797988351784
2022-09-18,Brentford,Arsenal,0,3,A,5,13,2,7,10,10,3,3,0,2.0,0,0.0,2022,H,,,0,0.0,0.0,0.0,0,0,1.3333333333333333,1.2222222222222223,1.783132530120482,0.12370132912200965,75.0,87.40168121263986
2022-10-01,Brentford,Bournemouth,0,0,D,7,13,1,4,11,10,7,8,2,,0,,2022,A,1.0,0.0,1,0.0,0.0,0.0,1,2,1.3333333333333333,1.2173913043478262,1.125,0.4567086778478334,75.0,87.8583898904877
2022-10-08,Brentford,Newcastle United,1,5,H,16,6,6,3,14,9,9,5,1,,0,,2022,A,0.0,0.0,0,0.0,0.0,0.0,0,1,0.3333333333333333,1.1914893617021276,1.2705882352941176,0.17029156229126902,75.0,88.02868145277895
2022-10-14,Brentford,Brighton and Hove Albion,2,0,H,7,21,3,7,12,15,2,11,3,1.0,0,0.0,2022,H,,,3,0.0,0.0,0.0,1,3,1.3333333333333333,1.2291666666666667,1.2470588235294118,0.5589961921343358,75.0,88.5876776449133
2022-10-19,Brentford,Chelsea,0,0,D,8,14,5,5,7,7,6,2,0,0.0,0,0.0,2022,H,,,1,0.0,0.0,0.0,1,0,1.3333333333333333,1.2244897959183674,1.872093023255814,0.39169679473813507,75.0,88.97937443965144
2022-10-23,Brentford,Aston Villa,0,4,H,19,12,11,3,14,11,7,6,0,,0,,2022,A,1.0,0.0,0,0.0,0.0,0.0,0,0,1.3333333333333333,1.2,1.2727272727272727,0.17541939484389393,75.0,89.15479383449532
2022-10-29,Brentford,Wolverhampton Wanderers,1,1,D,12,14,3,4,10,17,3,6,3,3.0,0,1.0,2022,H,,,1,0.0,0.0,0.0,0,3,0.6666666666666666,1.196078431372549,1.1910112359550562,0.22766574556289199,75.0,89.38245958005822
2022-11-05,Brentford,Nottingham Forest,2,2,D,15,6,7,2,10,11,3,3,2,,0,,2022,A,2.0,0.0,1,0.0,0.0,0.0,0,2,0.6666666666666666,1.1923076923076923,0.7142857142857143,0.2813157051524348,75.0,89.66377528521065
2022-11-12,Brentford,Manchester City,2,1,A,29,10,6,8,9,7,10,2,2,,0,,2022,A,2.0,0.0,3,0.0,0.0,0.0,0,2,1.6666666666666667,1.2264150943396226,2.344444444444445,0.23613586987009091,75.0,89.89991115508074
2022-12-26,Brentford,Tottenham Hotspur,2,2,D,9,16,5,8,11,10,6,5,3,1.0,0,0.0,2022,H,,,1,0.0,0.0,0.0,0,3,1.6666666666666667,1.2222222222222223,1.7717391304347827,0.16882206600005378,75.0,90.0687332210808
2022-12-30,Brentford,West Ham United,2,0,A,20,9,5,6,9,5,8,1,0,,0,,2022,A,1.0,0.0,3,0.0,0.0,0.0,1,0,2.3333333333333335,1.2545454545454546,1.4516129032258065,0.5543029751554824,75.0,90.62303619623628
2023-01-02,Brentford,Liverpool,3,1,H,10,16,7,6,5,8,4,9,1,3.0,0,0.0,2023,H,,,3,0.0,0.0,0.0,0,1,2.3333333333333335,1.2857142857142858,2.032258064516129,0.27311349698828324,75.0,90.89614969322456
2023-01-14,Brentford,Bournemouth,2,0,H,12,7,4,2,5,9,5,3,1,1.0,0,0.0,2023,H,,,3,0.0,0.0,0.0,1,1,3.0,1.3157894736842106,0.8421052631578947,0.6107182573209609,75.0,91.50686795054553
2023-01-22,Brentford,Leeds United,0,0,D,9,6,5,0,10,18,2,3,2,,0,,2023,A,2.0,0.0,1,0.0,0.0,0.0,1,2,2.3333333333333335,1.3103448275862069,1.2105263157894737,0.44804251393811684,75.0,91.95491046448365
2023-02-04,Brentford,Southampton,3,0,H,14,14,4,6,10,9,4,4,1,2.0,0,0.0,2023,H,,,3,0.0,0.0,0.0,1,1,2.3333333333333335,1.3389830508474576,1.0103092783505154,0.5936745725500672,75.0,92.54858503703372
2023-02-11,Brentford,Arsenal,1,1,D,23,9,7,2,9,9,7,4,2,,0,,2023,A,0.0,0.0,1,0.0,0.0,0.0,0,2,1.6666666666666667,1.3333333333333333,1.865979381443299,0.1646175169837987,75.0,92.7132025540175
2023-02-18,Brentford,Crystal Palace,1,1,D,12,10,5,4,10,8,2,6,2,2.0,0,0.0,2023,H,,,1,0.0,0.0,0.0,0,2,1.6666666666666667,1.3278688524590163,1.1919191919191918,0.23291832046760186,75.0,92.9461208744851
2023-03-06,Brentford,Fulham,3,2,H,14,9,6,5,12,17,2,3,0,3.0,0,0.0,2023,H,,,3,0.0,0.0,0.0,0,0,1.6666666666666667,1.3548387096774193,1.046875,0.3783044308327521,75.0,93.32442530531786
2023-03-11,Brentford,Everton,0,1,H,13,12,6,4,11,12,5,8,1,,0,,2023,A,2.0,0.0,0,0.0,0.0,0.0,0,1,1.3333333333333333,1.3333333333333333,1.194174757281553,0.1780343455417304,75.0,93.50245965085959
2023-03-15,Brentford,Southampton,2,0,A,7,11,1,5,14,10,3,3,2,,0,,2023,A,1.0,0.0,3,0.0,0.0,0.0,1,2,2.0,1.359375,1.019417475728155,0.5874070863189025,75.0,94.0898667371785
2023-03-18,Brentford,Leicester City,1,1,D,11,14,2,1,10,11,8,4,1,2.0,1,0.0,2023,H,,,1,0.0,0.0,0.0,0,3,1.3333333333333333,1.353846153846154,1.3883495145631068,0.20766996002843355,75.0,94.29753669720692
2023-04-01,Brentford,Brighton and Hove Albion,3,3,D,33,7,15,5,16,10,14,0,1,,0,,2023,A,2.0,0.0,1,0.0,0.0,0.0,0,1,1.6666666666666667,1.3484848484848484,1.3235294117647058,0.2249271676177431,75.0,94.52246386482467
2023-04-05,Brentford,Manchester United,0,1,H,18,6,3,1,8,13,12,3,2,,0,,2023,A,3.0,0.0,0,0.0,0.0,0.0,0,2,0.6666666666666666,1.328358208955224,1.7788461538461535,0.11344650517730676,75.0,94.63591037000198
2023-04-08,Brentford,Newcastle United,1,2,A,12,10,6,4,10,15,6,5,0,0.0,0,0.0,2023,H,,,0,0.0,0.0,0.0,0,0,0.3333333333333333,1.3088235294117647,1.4285714285714286,0.15962810316425052,75.0,94.79553847316623
2023-04-15,Brentford,Wolverhampton Wanderers,0,2,H,11,10,9,3,12,8,5,2,1,,0,,2023,A,1.0,0.0,0,0.0,0.0,0.0,0,1,0.0,1.289855072463768,1.2149532710280373,0.17592891162627236,75.0,94.9714673847925
2023-04-22,Brentford,Aston Villa,1,1,D,6,14,5,2,12,8,8,4,3,2.0,0,0.0,2023,H,,,1,0.0,0.0,0.0,0,3,0.3333333333333333,1.2857142857142858,1.398148148148148,0.20667708942532884,75.0,95.17814447421783
2023-04-26,Brentford,Chelsea,2,0,A,15,7,4,1,5,13,5,2,2,,0,,2023,A,1.0,0.0,3,0.0,0.0,0.0,1,2,1.3333333333333333,1.3098591549295775,1.6666666666666667,0.5218229730862951,75.0,95.69996744730412
2023-04-29,Brentford,Nottingham Forest,2,1,H,14,5,8,3,6,13,6,0,1,2.0,0,0.0,2023,H,,,3,0.0,0.0,0.0,0,1,2.3333333333333335,1.3333333333333333,0.8823529411764706,0.38963045656379236,75.0,96.08959790386791
2023-05-06,Brentford,Liverpool,0,1,H,15,5,5,1,19,10,7,3,2,,0,,2023,A,4.0,0.0,0,0.0,0.0,0.0,0,2,2.0,1.3150684931506849,2.009009009009009,0.09012468884092303,75.0,96.17972259270884
2023-05-14,Brentford,West Ham United,2,0,H,24,4,10,4,5,5,7,5,1,0.0,0,0.0,2023,H,,,3,0.0,0.0,0.0,1,1,2.0,1.337837837837838,1.4107142857142858,0.5531025522069112,75.0,96.73282514491575
2023-05-20,Brentford,Tottenham Hotspur,3,1,A,22,11,8,4,11,9,8,2,1,,0,,2023,A,1.0,0.0,3,0.0,0.0,0.0,0,1,2.0,1.36,1.6814159292035398,0.30866343764675913,75.0,97.04148858256251
2023-05-28,Brentford,Manchester City,1,0,H,11,17,4,3,12,8,3,4,4,0.0,0,0.0,2023,H,,,3,0.0,0.0,0.0,1,4,3.0,1.381578947368421,2.3508771929824563,0.44180451026504797,75.0,97.48329309282755
2023-08-13,Brentford,Tottenham Hotspur,2,2,D,11,18,6,6,12,13,3,6,1,4.0,0,0.0,2023,H,,,1,0.0,0.0,0.0,0,1,2.3333333333333335,1.3766233766233766,1.6869565217391305,0.18810202350624391,75.0,97.6713951163338
2023-08-19,Brentford,Fulham,3,0,A,10,17,2,8,13,12,5,5,2,,0,,2023,A,2.0,1.0,3,0.0,0.0,0.0,1,2,2.3333333333333335,1.3974358974358974,1.064102564102564,0.582879260039959,75.0,98.25427437637376
2023-08-26,Brentford,Crystal Palace,1,1,D,12,15,1,5,9,15,8,6,0,0.0,0,0.0,2023,H,,,1,0.0,0.0,0.0,0,0,1.6666666666666667,1.3924050632911391,1.205128205128205,0.24226903632032043,75.0,98.49654341269408
2023-09-02,Brentford,Bournemouth,2,2,D,21,12,7,5,6,13,5,2,1,2.0,0,0.0,2023,H,,,1,0.0,0.0,0.0,0,1,1.6666666666666667,1.3875,0.9761904761904762,0.2601221379625692,75.0,98.75666555065665
2023-09-16,Brentford,Newcastle United,0,1,H,9,11,2,2,8,12,8,3,5,,0,,2023,A,3.0,0.0,0,0.0,0.0,0.0,0,5,0.6666666666666666,1.3703703703703705,1.4369747899159664,0.13205373308744411,75.0,98.8887192837441
2023-09-23,Brentford,Everton,1,3,A,12,18,2,6,9,12,1,4,2,2.0,0,0.0,2023,H,,,0,0.0,0.0,0.0,0,2,0.3333333333333333,1.353658536585366,1.15,0.17716588549809853,75.0,99.0658851692422
2023-10-01,Brentford,Nottingham Forest,1,1,D,6,18,1,5,6,10,1,11,2,,0,,2023,A,1.0,1.0,1,0.0,0.0,0.0,0,2,0.3333333333333333,1.3493975903614457,1.022222222222222,0.25011328251876913,75.0,99.31599845176096
2023-10-07,Brentford,Manchester United,1,2,H,21,11,8,3,10,17,7,5,5,,0,,2023,A,0.0,0.0,0,0.0,0.0,0.0,0,5,0.3333333333333333,1.3333333333333333,1.7950819672131149,0.09576764421460876,75.0,99.41176609597557
2023-10-21,Brentford,Burnley,3,0,H,23,6,10,1,14,12,5,5,5,2.0,0,1.0,2023,H,,,3,0.0,0.0,0.0,1,5,1.3333333333333333,1.3529411764705883,0.9176470588235294,0.5816854963372047,75.0,99.99345159231278
2023-10-28,Brentford,Chelsea,2,0,A,17,7,2,5,12,7,10,1,4,,0,,2023,A,1.0,0.0,3,0.0,0.0,0.0,1,4,2.0,1.372093023255814,1.5887096774193548,0.5190330048583369,75.0,100.51248459717111
2023-11-04,Brentford,West Ham United,3,2,H,16,12,4,2,12,14,4,3,1,4.0,0,0.0,2023,H,,,3,0.0,0.0,0.0,0,1,3.0,1.3908045977011494,1.4,0.3371785975337612,75.0,100.84966319470487
2023-11-12,Brentford,Liverpool,0,3,H,17,16,10,3,16,12,6,8,2,,0,,2023,A,1.0,0.0,0,0.0,0.0,0.0,0,2,2.0,1.375,2.0238095238095237,0.08862499034432025,75.0,100.9382881850492
2023-11-25,Brentford,Arsenal,0,1,A,9,15,3,4,9,7,1,8,1,1.0,0,0.0,2023,H,,,0,0.0,0.0,0.0,0,1,1.0,1.3595505617977528,1.921259842519685,0.10436066432653404,75.0,101.04264884937572
2023-12-02,Brentford,Luton Town,3,1,H,27,7,6,1,10,8,7,5,1,2.0,0,0.0,2023,H,,,3,0.0,0.0,0.0,0,1,1.0,1.3777777777777778,0.6428571428571429,0.413897956277362,75.0,101.45654680565309
2023-12-06,Brentford,Brighton and Hove Albion,1,2,H,18,8,7,2,10,8,7,3,1,,0,,2023,A,3.0,0.0,0,0.0,0.0,0.0,0,1,1.0,1.362637362637363,1.3875968992248062,0.15843537216873024,75.0,101.61498217782182
2023-12-09,Brentford,Sheffield United,0,1,H,9,10,4,4,14,13,3,4,1,,0,,2023,A,5.0,0.0,0,0.0,0.0,0.0,0,1,1.0,1.3478260869565215,0.5740740740740741,0.2408675695804145,75.0,101.85584974740223
2023-12-17,Brentford,Aston Villa,1,2,A,4,15,3,5,19,6,7,12,6,4.0,1,1.0,2023,H,,,0,0.0,0.0,0.0,0,8,0.0,1.3333333333333333,1.5190839694656488,0.10770009158083194,75.0,101.96354983898307
2023-12-27,Brentford,Wolverhampton Wanderers,1,4,A,14,11,4,5,5,14,8,2,1,1.0,0,0.0,2023,H,,,0,0.0,0.0,0.0,0,1,0.0,1.319148936170213,1.218045112781955,0.1756156231702571,75.0,102.13916546215333
2023-12-30,Brentford,Crystal Palace,1,3,H,13,9,6,4,14,10,7,4,1,,0,,2023,A,0.0,0.0,0,0.0,0.0,0.0,0,1,0.0,1.305263157894737,1.1791044776119404,0.17956137862595223,75.0,102.31872684077928
2024-01-20,Brentford,Nottingham Forest,3,2,H,11,12,5,3,10,14,6,4,1,3.0,0,0.0,2024,H,,,3,0.0,0.0,0.0,0,1,1.0,1.3229166666666667,0.9830508474576272,0.37942699400209523,75.0,102.69815383478138
2024-01-31,Brentford,Tottenham Hotspur,2,3,H,19,9,5,5,13,15,5,3,3,,0,,2024,A,2.0,0.0,0,0.0,0.0,0.0,0,3,1.0,1.309278350515464,1.7352941176470589,0.11251494639124915,75.0,102.81066878117262
2024-02-05,Brentford,Manchester City,1,3,A,9,25,3,15,2,4,8,13,1,0.0,0,0.0,2024,H,,,0,0.0,0.0,0.0,0,1,1.0,1.2959183673469388,2.3308823529411766,0.06285465785759717,75.0,102.87352343903022
2024-02-10,Brentford,Wolverhampton Wanderers,2,0,A,17,9,5,6,11,9,7,4,3,,0,,2024,A,2.0,0.0,3,0.0,0.0,0.0,1,3,1.0,1.3131313131313131,1.2246376811594204,0.5612680694276326,75.0,103.43479150845785
2024-02-17,Brentford,Liverpool,1,4,A,15,15,6,8,4,18,1,6,2,1.0,0,0.0,2024,H,,,0,0.0,0.0,0.0,0,2,1.0,1.3,2.050359712230216,0.0859347273233578,75.0,103.52072623578121
2024-02-20,Brentford,Manchester City,0,1,H,25,6,11,2,12,6,10,1,4,,0,,2024,A,2.0,0.0,0,0.0,0.0,0.0,0,4,1.0,1.2871287128712872,2.3309352517985613,0.046815570435737086,75.0,103.56754180621695
2024-02-26,Brentford,West Ham United,2,4,H,17,14,6,8,5,9,1,7,2,,0,,2024,A,1.0,0.0,0,0.0,0.0,0.0,0,2,0.0,1.2745098039215683,1.4285714285714286,0.14893895162073595,75.0,103.71648075783769
2024-03-02,Brentford,Chelsea,2,2,D,14,17,5,6,10,9,0,6,3,1.0,0,0.0,2024,H,,,1,0.0,0.0,0.0,0,3,0.3333333333333333,1.2718446601941749,1.5785714285714283,0.18839525760732193,75.0,103.90487601544501
2024-03-09,Brentford,Arsenal,1,2,H,17,9,6,4,9,10,10,4,4,,0,,2024,A,2.0,0.0,0,0.0,0.0,0.0,0,4,0.3333333333333333,1.2596153846153846,1.9577464788732395,0.08462983901007545,75.0,103.98950585445507
2024-03-16,Brentford,Burnley,1,2,H,17,9,6,5,14,17,5,4,4,,1,,2024,A,2.0,0.0,0,0.0,0.0,0.0,0,6,0.3333333333333333,1.2476190476190476,0.8666666666666667,0.18449702797864326,75.0,104.17400288243373
2024-03-30,Brentford,Manchester United,1,1,D,31,11,5,5,7,14,14,4,2,2.0,0,0.0,2024,H,,,1,0.0,0.0,0.0,0,2,0.3333333333333333,1.2452830188679245,1.7832167832167831,0.17300364042667568,75.0,104.3470065228604
2024-04-03,Brentford,Brighton and Hove Albion,0,0,D,5,24,2,6,9,12,1,5,1,1.0,0,0.0,2024,H,,,1,0.0,0.0,0.0,1,1,0.6666666666666666,1.2429906542056075,1.3680555555555556,0.4374250527650543,75.0,104.78443157562545
2024-04-06,Brentford,Aston Villa,3,3,D,11,8,3,3,15,11,11,3,2,,0,,2024,A,2.0,0.0,1,0.0,0.0,0.0,0,2,1.0,1.2407407407407407,1.5136986301369864,0.20031322893956088,75.0,104.98474480456501
2024-04-13,Brentford,Sheffield United,2,0,H,9,8,5,2,8,11,3,6,3,1.0,0,0.0,2024,H,,,3,0.0,0.0,0.0,1,3,1.6666666666666667,1.256880733944954,0.5571428571428572,0.6289036211337767,75.0,105.61364842569878
2024-04-20,Brentford,Luton Town,5,1,A,6,21,3,9,13,9,4,9,2,,0,,2024,A,1.0,0.0,3,0.0,0.0,0.0,0,2,2.3333333333333335,1.2727272727272727,0.7352941176470589,0.3991869771073848,75.0,106.01283540280618
2024-04-27,Brentford,Everton,0,1,H,18,10,1,4,10,12,6,6,2,,0,,2024,A,1.0,0.0,0,0.0,0.0,0.0,0,2,2.0,1.2612612612612613,1.1946308724832215,0.1726435527774266,75.0,106.1854789555836
2024-05-04,Brentford,Fulham,0,0,D,7,15,3,3,3,6,7,6,1,1.0,0,0.0,2024,H,,,1,0.0,0.0,0.0,1,1,1.3333333333333333,1.2589285714285714,1.1071428571428572,0.46386267245788315,75.0,106.64934162804148
2024-05-11,Brentford,Bournemouth,2,1,A,13,11,4,5,16,12,3,8,2,,0,,2024,A,2.0,0.0,3,0.0,0.0,0.0,0,2,1.3333333333333333,1.2743362831858407,1.16,0.35615261094865475,75.0,107.00549423899014
2024-05-19,Brentford,Newcastle United,2,4,A,10,12,5,7,15,11,3,0,4,4.0,0,0.0,2024,H,,,0,0.0,0.0,0.0,0,4,1.3333333333333333,1.263157894736842,1.480263157894737,0.13301200870321686,75.0,107.13850624769336
2024-08-18,Brentford,Crystal Palace,2,1,H,9,14,5,6,6,15,4,7,1,5.0,0,0.0,2024,H,,,3,0.0,0.0,0.0,0,1,2.0,1.2782608695652171,1.2156862745098038,0.35585463824899954,75.0,107.49436088594236
2024-08-25,Brentford,Liverpool,0,2,H,19,8,8,2,10,7,9,4,3,,0,,2024,A,2.0,0.0,0,0.0,0.0,0.0,0,3,1.0,1.2672413793103448,2.051948051948052,0.08042920913040513,75.0,107.57479009507276
2024-08-31,Brentford,Southampton,3,1,H,20,18,7,6,10,7,2,8,2,1.0,0,0.0,2024,H,,,3,0.0,0.0,0.0,0,2,2.0,1.2820512820512822,0.9230769230769232,0.3801594233508613,75.0,107.95494951842363
2024-09-14,Brentford,Manchester City,1,2,H,18,8,7,5,9,3,12,3,1,,0,,2024,A,3.0,0.0,0,0.0,0.0,0.0,0,1,1.0,1.271186440677966,2.378205128205128,0.058059561479196165,75.0,108.01300907990282
2024-09-21,Brentford,Tottenham Hotspur,1,3,H,23,6,10,6,11,9,9,4,1,,0,,2024,A,3.0,0.0,0,0.0,0.0,0.0,0,1,1.0,1.2605042016806722,1.694267515923567,0.12736121907242182,75.0,108.14037029897524
2024-09-28,Brentford,West Ham United,1,1,D,8,19,3,3,2,11,7,7,2,3.0,0,0.0,2024,H,,,1,0.0,0.0,0.0,0,2,0.3333333333333333,1.2583333333333333,1.379746835443038,0.21388622338113056,75.0,108.35425652235637
2024-10-05,Brentford,Wolverhampton Wanderers,5,3,H,19,17,12,6,9,10,10,3,2,3.0,0,0.0,2024,H,,,3,0.0,0.0,0.0,0,2,1.3333333333333333,1.2727272727272727,1.1572327044025157,0.3564330139686266,75.0,108.71068953632499
2024-10-19,Brentford,Manchester United,1,2,H,23,8,11,2,14,5,9,2,2,,0,,2024,A,2.0,0.0,0,0.0,0.0,0.0,0,2,1.3333333333333333,1.2622950819672132,1.7375,0.1176360057182762,75.0,108.82832554204327
2024-10-26,Brentford,Ipswich Town,4,3,H,20,11,9,5,7,10,5,5,0,1.0,0,1.0,2024,H,,,3,0.0,0.0,0.0,0,0,2.0,1.2764227642276422,0.4444444444444444,0.43934718580792453,75.0,109.26767272785119
2024-11-04,Brentford,Fulham,1,2,H,26,5,12,2,3,10,11,3,1,,0,,2024,A,2.0,0.0,0,0.0,0.0,0.0,0,1,1.0,1.2661290322580645,1.1451612903225807,0.18300075540668342,75.0,109.45067348325787
2024-11-09,Brentford,Bournemouth,3,2,H,12,15,6,3,8,16,6,4,2,4.0,0,0.0,2024,H,,,3,0.0,0.0,0.0,0,2,2.0,1.28,1.1724137931034482,0.35489475288727623,75.0,109.80556823614515
2024-11-23,Brentford,Everton,0,0,D,27,9,5,2,8,10,10,4,0,,1,,2024,A,0.0,0.0,1,0.0,0.0,0.0,1,2,1.3333333333333333,1.2777777777777777,1.1768292682926829,0.4514569500001065,75.0,110.25702518614526
2024-11-30,Brentford,Leicester City,4,1,H,13,7,6,3,9,10,5,4,1,1.0,0,0.0,2024,H,,,3,0.0,0.0,0.0,0,1,2.3333333333333335,1.2913385826771653,1.2755905511811023,0.34978469035361304,75.0,110.60680987649889
2024-12-04,Brentford,Aston Villa,1,3,H,20,9,10,1,11,15,10,5,2,,0,,2024,A,2.0,0.0,0,0.0,0.0,0.0,0,2,1.3333333333333333,1.28125,1.5120481927710845,0.14048046355739283,75.0,110.74729034005627
2024-12-07,Brentford,Newcastle United,4,2,H,11,16,8,3,10,7,3,4,3,0.0,0,0.0,2024,H,,,3,0.0,0.0,0.0,0,3,2.0,1.2945736434108528,1.467065868263473,0.319693832245474,75.0,111.06698417230174
2024-12-15,Brentford,Chelsea,1,2,H,26,9,8,4,11,7,8,5,2,,0,,2024,A,0.0,1.0,0,0.0,0.0,0.0,0,2,1.0,1.2846153846153847,1.6785714285714286,0.12360708788464136,75.0,111.19059126018638
2024-12-21,Brentford,Nottingham Forest,0,2,A,7,10,3,6,9,14,9,5,3,4.0,0,0.0,2024,H,,,0,0.0,0.0,0.0,0,3,1.0,1.2748091603053435,1.1290322580645162,0.17394591765259432,75.0,111.36453717783897
2024-12-27,Brentford,Brighton and Hove Albion,0,0,D,24,8,7,3,6,12,5,3,2,,0,,2024,A,0.0,0.0,1,0.0,0.0,0.0,1,2,0.3333333333333333,1.2727272727272727,1.3411764705882352,0.43480406626426926,75.0,111.79934124410325
2025-01-01,Brentford,Arsenal,1,3,A,5,14,2,5,6,8,4,3,1,2.0,0,0.0,2025,H,,,0,0.0,0.0,0.0,0,1,0.3333333333333333,1.263157894736842,2.0,0.09638212456713416,75.0,111.89572336867039
2025-01-04,Brentford,Southampton,5,0,A,8,20,1,11,10,4,2,2,0,,0,,2025,A,2.0,0.0,3,0.0,0.0,0.0,1,0,1.3333333333333333,1.2761194029850746,0.8507462686567164,0.6151872619973622,75.0,112.51091063066775
2025-01-14,Brentford,Manchester City,2,2,D,18,21,6,8,4,4,4,5,0,0.0,0,0.0,2025,H,,,1,0.0,0.0,0.0,0,0,1.3333333333333333,1.274074074074074,2.277456647398844,0.13361272440056682,75.0,112.64452335506832
2025-01-18,Brentford,Liverpool,0,2,A,11,37,6,8,6,14,2,15,2,3.0,0,0.0,2025,H,,,0,0.0,0.0,0.0,0,2,1.3333333333333333,1.2647058823529411,2.0809248554913293,0.08283763914669887,75.0,112.72736099421502
2025-01-26,Brentford,Crystal Palace,2,1,A,16,13,5,6,8,11,4,7,2,,0,,2025,A,2.0,0.0,3,0.0,0.0,0.0,0,2,1.3333333333333333,1.2773722627737227,1.217142857142857,0.3503624706661188,75.0,113.07772346488113
2025-02-02,Brentford,Tottenham Hotspur,0,2,A,20,13,4,2,4,11,10,3,0,1.0,0,0.0,2025,H,,,0,0.0,0.0,0.0,0,0,1.0,1.2681159420289856,1.625,0.13972449594303335,75.0,113.21744796082416
2025-02-15,Brentford,West Ham United,1,0,A,13,14,3,5,10,13,9,2,1,,0,,2025,A,1.0,0.0,3,0.0,0.0,0.0,1,1,2.0,1.2805755395683454,1.3559322033898304,0.5586534811854016,75.0,113.77610144200956
2025-02-21,Brentford,Leicester City,4,0,A,8,14,3,6,10,10,5,6,0,,0,,2025,A,4.0,0.0,3,0.0,0.0,0.0,1,0,2.0,1.292857142857143,1.207142857142857,0.5790745027352027,75.0,114.35517594474476
2025-02-26,Brentford,Everton,1,1,D,12,14,3,4,3,6,2,5,2,1.0,0,0.0,2025,H,,,1,0.0,0.0,0.0,0,2,2.3333333333333335,1.2907801418439715,1.1955307262569832,0.2325523728847092,75.0,114.58772831762948
2025-03-08,Brentford,Aston Villa,0,1,A,13,12,3,4,10,5,6,5,2,2.0,0,0.0,2025,H,,,0,0.0,0.0,0.0,0,2,1.3333333333333333,1.2816901408450705,1.5138121546961325,0.14030172578490893,75.0,114.72803004341438
2025-03-15,Brentford,Bournemouth,2,1,A,17,10,5,4,13,7,4,3,0,,0,,2025,A,3.0,0.0,3,0.0,0.0,0.0,0,0,1.3333333333333333,1.2937062937062938,1.2476190476190476,0.35796354739228087,75.0,115.08599359080667
2025-04-02,Brentford,Newcastle United,1,2,H,21,12,4,3,12,12,4,5,1,,0,,2025,A,1.0,0.0,0,0.0,0.0,0.0,0,1,1.0,1.2847222222222223,1.5193370165745856,0.14508648136360333,75.0,115.23108007217027
2025-04-06,Brentford,Chelsea,0,0,D,9,21,2,5,12,12,3,6,1,3.0,0,0.0,2025,H,,,1,0.0,0.0,0.0,1,1,1.3333333333333333,1.282758620689655,1.644808743169399,0.40938235661639943,75.0,115.64046242878666
2025-04-12,Brentford,Arsenal,1,1,D,14,3,3,2,7,9,13,5,3,,0,,2025,A,1.0,0.0,1,0.0,0.0,0.0,0,3,0.6666666666666666,1.2808219178082192,1.9891304347826089,0.14679435840344976,75.0,115.78725678719012
2025-04-19,Brentford,Brighton and Hove Albion,4,2,H,16,12,8,3,7,11,4,8,3,3.0,0,1.0,2025,H,,,3,0.0,0.0,0.0,0,3,1.6666666666666667,1.2925170068027212,1.351351351351351,0.33141888974429745,75.0,116.11867567693442
2025-05-01,Brentford,Nottingham Forest,2,0,A,14,11,5,3,10,12,4,5,5,,0,,2025,A,3.0,0.0,3,0.0,0.0,0.0,1,5,2.3333333333333335,1.304054054054054,1.2181818181818185,0.551233074049108,75.0,116.66990875098352
2025-05-04,Brentford,Manchester United,4,3,H,12,14,6,5,8,10,7,4,0,2.0,0,0.0,2025,H,,,3,0.0,0.0,0.0,0,0,3.0,1.3154362416107384,1.6363636363636365,0.31857304759139266,75.0,116.98848179857492
2025-05-10,Brentford,Ipswich Town,1,0,A,11,15,4,5,6,12,5,6,4,,0,,2025,A,2.0,0.0,3,0.0,0.0,0.0,1,4,3.0,1.3266666666666669,0.6111111111111112,0.6180905795396244,75.0,117.60657237811455
2025-05-18,Brentford,Fulham,2,3,A,11,16,6,7,12,8,5,3,4,4.0,0,0.0,2025,H,,,0,0.0,0.0,0.0,0,4,2.0,1.3178807947019868,1.1986754966887416,0.16154456975696024,75.0,117.7681169478715
2025-05-25,Brentford,Wolverhampton Wanderers,1,1,D,18,13,6,7,7,9,8,3,1,,0,,2025,A,2.0,0.0,1,0.0,0.0,0.0,0,1,1.3333333333333333,1.3157894736842106,1.1842105263157894,0.23904399570596918,75.0,118.00716094357747
2025-08-17,Brentford,Nottingham Forest,1,3,H,11,10,5,3,7,15,5,5,2,,0,,2025,A,1.0,0.0,0,0.0,0.0,0.0,0,2,0.3333333333333333,1.30718954248366,1.2347826086956522,0.16857507953542294,75.0,118.17573602311289
2025-08-23,Brentford,Aston Villa,1,0,H,9,17,2,2,11,9,2,9,1,2.0,0,0.0,2025,H,,,3,0.0,0.0,0.0,1,1,1.3333333333333333,1.318181818181818,1.5416666666666667,0.5398334807260997,75.0,118.71556950383899
2025-08-30,Brentford,Sunderland,1,2,H,12,7,3,4,11,12,3,4,2,,0,,2025,A,3.0,0.0,0,0.0,0.0,0.0,0,2,1.0,1.3096774193548386,2.0,0.09103754879537687,75.0,118.80660705263438
2025-09-13,Brentford,Chelsea,2,2,D,7,16,4,6,13,9,5,6,3,2.0,0,0.0,2025,H,,,1,0.0,0.0,0.0,0,3,1.3333333333333333,1.3076923076923077,1.675257731958763,0.17859828055710328,75.0,118.98520533319147
2025-09-20,Brentford,Fulham,1,3,H,14,8,3,3,11,13,2,10,1,,0,,2025,A,4.0,0.0,0,0.0,0.0,0.0,0,1,0.3333333333333333,1.2993630573248407,1.2038216560509554,0.1770568498413208,75.0,119.1622621830328
2025-09-27,Brentford,Manchester United,3,1,H,10,14,8,6,14,10,4,2,2,2.0,0,0.0,2025,H,,,3,0.0,0.0,0.0,0,2,1.3333333333333333,1.3101265822784811,1.6122448979591837,0.31032778642687053,75.0,119.47258996945966
2025-10-05,Brentford,Manchester City,0,1,A,6,10,1,4,10,6,3,2,3,2.0,0,0.0,2025,H,,,0,0.0,0.0,0.0,0,3,1.0,1.30188679245283,2.248730964467005,0.060489697428317335,75.0,119.53307966688799
2025-10-20,Brentford,West Ham United,2,0,A,7,22,1,7,10,10,6,10,1,,0,,2025,A,1.0,0.0,3,0.0,0.0,0.0,1,1,2.0,1.3125,1.3131313131313131,0.5629903864646508,75.0,120.09607005335263
2025-10-25,Brentford,Liverpool,3,2,H,17,18,8,5,7,10,5,4,3,2.0,0,0.0,2025,H,,,3,0.0,0.0,0.0,0,3,2.0,1.3229813664596273,2.0552763819095476,0.26009195792619166,75.0,120.35616201127883
2025-11-01,Brentford,Crystal Palace,0,2,H,9,6,2,2,7,11,6,5,3,,0,,2025,A,0.0,0.0,0,0.0,0.0,0.0,0,3,2.0,1.3148148148148149,1.275,0.15915537785829395,75.0,120.51531738913712
2025-11-09,Brentford,Newcastle United,3,1,H,15,5,7,1,10,13,6,2,2,1.0,0,0.0,2025,H,,,3,0.0,0.0,0.0,0,2,2.0,1.3251533742331287,1.507462686567164,0.3209451012306677,75.0,120.83626249036779
2020-09-14,Brighton and Hove Albion,Chelsea,1,3,A,13,10,3,5,8,13,4,3,1,0.0,0,0.0,2020,H,,,0,0.0,0.0,0.0,0,1,0.0,0.0,3.0,-0.004945330377244261,115.8974358974359,115.89249056705866
2020-09-20,Brighton and Hove Albion,Newcastle United,3,0,A,6,13,0,6,16,15,7,1,0,,1,,2020,A,3.0,0.0,3,0.0,0.0,0.0,1,2,1.5,1.5,1.5,0.5387108822436915,115.8974358974359,116.43120144930235
2020-09-26,Brighton and Hove Albion,Manchester United,2,3,A,18,7,5,3,18,16,7,1,4,2.0,0,0.0,2020,H,,,0,0.0,0.0,0.0,0,4,1.0,1.0,1.5,0.1310121247240515,115.8974358974359,116.5622135740264
2020-10-03,Brighton and Hove Albion,Everton,2,4,H,11,11,6,3,13,14,3,10,1,,0,,2020,A,0.0,0.0,0,0.0,0.0,0.0,0,1,1.0,0.75,3.0,-0.004945330377244261,115.8974358974359,116.55726824364915
2020-10-18,Brighton and Hove Albion,Crystal Palace,1,1,D,1,20,1,3,13,12,2,5,2,,1,,2020,A,3.0,0.0,1,0.0,0.0,0.0,0,4,0.3333333333333333,0.8,1.4,0.20114487021848934,115.8974358974359,116.75841311386765
2020-10-26,Brighton and Hove Albion,West Brom,1,1,D,5,9,3,3,14,7,6,2,2,0.0,0,0.0,2020,H,,,1,0.0,0.0,0.0,0,2,0.6666666666666666,0.8333333333333334,0.5,0.30302873121194446,115.8974358974359,117.06144184507959
2020-11-01,Brighton and Hove Albion,Tottenham Hotspur,1,2,H,9,6,3,2,14,13,4,5,1,,0,,2020,A,2.0,0.0,0,0.0,0.0,0.0,0,1,0.6666666666666666,0.7142857142857143,2.0,0.09638212456713416,115.8974358974359,117.15782396964671
2020-11-06,Brighton and Hove Albion,Burnley,0,0,D,19,4,3,1,11,5,5,3,1,0.0,0,0.0,2020,H,,,1,0.0,0.0,0.0,1,1,0.6666666666666666,0.75,0.2857142857142857,0.5470959390193368,115.8974358974359,117.70491990866606
2020-11-21,Brighton and Hove Albion,Aston Villa,2,1,A,15,7,4,3,5,18,12,3,1,,1,,2020,A,2.0,0.0,3,0.0,0.0,0.0,0,3,1.3333333333333333,1.0,1.875,0.27835890489166687,115.8974358974359,117.98327881355772
2020-11-28,Brighton and Hove Albion,Liverpool,1,1,D,11,6,3,2,9,13,4,3,2,1.0,0,0.0,2020,H,,,1,0.0,0.0,0.0,0,2,1.6666666666666667,1.0,2.1,0.14090480330093902,115.8974358974359,118.12418361685866
2020-12-07,Brighton and Hove Albion,Southampton,1,2,A,12,10,4,3,12,12,4,3,3,3.0,0,0.0,2020,H,,,0,0.0,0.0,0.0,0,3,1.3333333333333333,0.9090909090909092,1.818181818181818,0.10411614664987023,115.8974358974359,118.22829976350853
2020-12-13,Brighton and Hove Albion,Leicester City,0,3,H,15,12,6,4,9,11,9,5,1,,0,,2020,A,2.0,0.0,0,0.0,0.0,0.0,0,1,0.3333333333333333,0.8333333333333334,2.0,0.09638212456713416,115.8974358974359,118.32468188807567
2020-12-16,Brighton and Hove Albion,Fulham,0,0,D,9,9,4,4,15,11,1,8,0,,0,,2020,A,1.0,0.0,1,0.0,0.0,0.0,1,0,0.3333333333333333,0.8461538461538461,0.6923076923076923,0.5112414397038194,115.8974358974359,118.83592332777948
2020-12-20,Brighton and Hove Albion,Sheffield United,1,1,D,21,5,5,3,9,11,14,2,1,5.0,0,1.0,2020,H,,,1,0.0,0.0,0.0,0,1,0.6666666666666666,0.8571428571428571,0.1428571428571428,0.3445616837495512,115.8974358974359,119.18048501152904
2020-12-27,Brighton and Hove Albion,West Ham United,2,2,D,11,13,4,4,6,8,5,4,0,,0,,2020,A,0.0,0.0,1,0.0,0.0,0.0,0,0,1.0,0.8666666666666667,1.4666666666666666,0.21576800964255993,115.8974358974359,119.3962530211716
2020-12-29,Brighton and Hove Albion,Arsenal,0,1,A,13,11,2,3,11,4,5,4,2,0.0,0,0.0,2020,H,,,0,0.0,0.0,0.0,0,2,0.6666666666666666,0.8125,1.25,0.16703314000366068,115.8974358974359,119.56328616117526
2021-01-02,Brighton and Hove Albion,Wolverhampton Wanderers,3,3,D,13,11,4,4,13,8,5,8,2,1.0,0,0.0,2021,H,,,1,0.0,0.0,0.0,0,2,0.6666666666666666,0.8235294117647058,1.2941176470588236,0.22256281110905574,115.8974358974359,119.78584897228431
2021-01-13,Brighton and Hove Albion,Manchester City,0,1,H,16,5,6,1,4,12,8,4,2,,0,,2021,A,0.0,0.0,0,0.0,0.0,0.0,0,2,0.3333333333333333,0.7777777777777778,2.0,0.09103754879537687,115.8974358974359,119.8768865210797
2021-01-16,Brighton and Hove Albion,Leeds United,1,0,A,7,7,2,2,8,9,5,2,1,,0,,2021,A,1.0,0.0,3,0.0,0.0,0.0,1,1,1.3333333333333333,0.8947368421052632,1.2777777777777777,0.5665726702253107,115.8974358974359,120.443459191305
2021-01-27,Brighton and Hove Albion,Fulham,0,0,D,16,10,5,3,10,14,10,0,2,1.0,0,0.0,2021,H,,,1,0.0,0.0,0.0,1,2,1.3333333333333333,0.9,0.6842105263157895,0.5013727533825265,115.8974358974359,120.94483194468754
2021-01-31,Brighton and Hove Albion,Tottenham Hotspur,1,0,H,16,8,5,4,11,11,9,2,2,1.0,0,0.0,2021,H,,,3,0.0,0.0,0.0,1,2,2.3333333333333335,1.0,1.65,0.5235117640020348,115.8974358974359,121.46834370868956
2021-02-03,Brighton and Hove Albion,Liverpool,1,0,A,11,13,1,4,12,6,6,3,0,,0,,2021,A,1.0,0.0,3,0.0,0.0,0.0,1,0,2.3333333333333335,1.0909090909090908,1.818181818181818,0.5171594799412675,115.8974358974359,121.98550318863083
2021-02-06,Brighton and Hove Albion,Burnley,1,1,D,20,10,7,2,8,10,8,7,0,,0,,2021,A,2.0,0.0,1,0.0,0.0,0.0,0,0,2.3333333333333335,1.0869565217391304,1.0454545454545454,0.25844836187670717,115.8974358974359,122.24395155050753
2021-02-13,Brighton and Hove Albion,Aston Villa,0,0,D,26,4,9,1,16,12,9,2,2,3.0,0,0.0,2021,H,,,1,0.0,0.0,0.0,1,2,1.6666666666666667,1.0833333333333333,1.6363636363636365,0.40489350202400354,115.8974358974359,122.64884505253154
2021-02-22,Brighton and Hove Albion,Crystal Palace,1,2,A,25,3,5,2,11,6,13,0,2,0.0,0,0.0,2021,H,,,0,0.0,0.0,0.0,0,2,0.6666666666666666,1.04,1.28,0.16399331635532932,115.8974358974359,122.81283836888687
2021-02-27,Brighton and Hove Albion,West Brom,0,1,H,6,15,2,6,11,12,7,4,0,,0,,2021,A,0.0,0.0,0,0.0,0.0,0.0,0,0,0.3333333333333333,1.0,0.6538461538461539,0.238129043533247,115.8974358974359,123.05096741242012
2021-03-06,Brighton and Hove Albion,Leicester City,1,2,A,7,8,2,4,14,8,6,6,0,1.0,0,0.0,2021,H,,,0,0.0,0.0,0.0,0,0,0.0,0.9629629629629628,1.8928571428571428,0.11258321336864627,115.8974358974359,123.16355062578876
2021-03-14,Brighton and Hove Albion,Southampton,2,1,A,9,8,4,6,11,10,4,5,0,,0,,2021,A,0.0,0.0,3,0.0,0.0,0.0,0,0,1.0,1.0357142857142858,1.137931034482759,0.36907795460128656,115.8974358974359,123.53262858039005
2021-03-20,Brighton and Hove Albion,Newcastle United,3,0,H,11,3,6,1,12,5,3,1,0,1.0,0,0.0,2021,H,,,3,0.0,0.0,0.0,1,0,2.0,1.103448275862069,0.9655172413793104,0.6035578114298912,115.8974358974359,124.13618639181995
2021-04-04,Brighton and Hove Albion,Manchester United,1,2,H,15,5,7,3,14,7,5,6,2,,0,,2021,A,2.0,0.0,0,0.0,0.0,0.0,0,2,2.0,1.0666666666666669,2.0,0.09103754879537687,115.8974358974359,124.22722394061532
2021-04-12,Brighton and Hove Albion,Everton,0,0,D,23,8,3,1,12,7,10,3,1,2.0,0,0.0,2021,H,,,1,0.0,0.0,0.0,1,1,1.3333333333333333,1.064516129032258,1.6,0.413922712521011,115.8974358974359,124.64114665313633
2021-04-20,Brighton and Hove Albion,Chelsea,0,0,D,7,11,4,2,8,9,0,3,0,,1,,2021,A,2.0,0.0,1,0.0,0.0,0.0,1,2,0.6666666666666666,1.0625,1.71875,0.39654550147460876,115.8974358974359,125.03769215461094
2021-04-24,Brighton and Hove Albion,Sheffield United,0,1,H,7,17,3,4,13,7,2,12,0,,0,,2021,A,3.0,0.0,0,0.0,0.0,0.0,0,0,0.6666666666666666,1.0303030303030305,0.5151515151515151,0.2521826182866048,115.8974358974359,125.28987477289755
2021-05-01,Brighton and Hove Albion,Leeds United,2,0,H,17,11,5,2,17,6,2,9,1,1.0,0,0.0,2021,H,,,3,0.0,0.0,0.0,1,1,1.3333333333333333,1.088235294117647,1.3823529411764706,0.5559763350677287,115.8974358974359,125.84585110796527
2021-05-09,Brighton and Hove Albion,Wolverhampton Wanderers,1,2,H,16,5,6,3,12,7,10,5,2,,2,,2021,A,2.0,0.0,0,0.0,0.0,0.0,0,6,1.0,1.0571428571428572,1.2857142857142858,0.14203599924004656,115.8974358974359,125.98788710720532
2021-05-15,Brighton and Hove Albion,West Ham United,1,1,D,10,15,2,3,7,5,3,3,1,1.0,0,0.0,2021,H,,,1,0.0,0.0,0.0,0,1,1.3333333333333333,1.0555555555555556,1.6388888888888888,0.1929725944081597,115.8974358974359,126.18085970161349
2021-05-18,Brighton and Hove Albion,Manchester City,3,2,H,19,8,6,4,13,11,5,3,3,3.0,0,1.0,2021,H,,,3,0.0,0.0,0.0,0,3,1.3333333333333333,1.108108108108108,2.243243243243243,0.24104575425336539,115.8974358974359,126.42190545586685
2021-05-23,Brighton and Hove Albion,Arsenal,0,2,H,16,5,5,1,10,8,11,3,0,,0,,2021,A,0.0,0.0,0,0.0,0.0,0.0,0,0,1.3333333333333333,1.0789473684210529,1.605263157894737,0.1417243799221987,115.8974358974359,126.56362983578904
2021-08-14,Brighton and Hove Albion,Burnley,2,1,A,14,14,3,8,10,7,7,6,1,,0,,2021,A,2.0,0.0,3,0.0,0.0,0.0,0,1,2.0,1.1282051282051282,1.0,0.37770957951151257,115.8974358974359,126.94133941530055
2021-08-21,Brighton and Hove Albion,Watford,2,0,H,13,10,3,1,11,6,7,2,4,0.0,0,0.0,2021,H,,,3,0.0,0.0,0.0,1,4,2.0,1.175,1.5,0.5280217307001769,115.8974358974359,127.46936114600074
2021-08-28,Brighton and Hove Albion,Everton,0,2,A,14,14,3,5,7,9,4,5,1,2.0,0,0.0,2021,H,,,0,0.0,0.0,0.0,0,1,2.0,1.146341463414634,1.6097560975609757,0.1359245460088428,115.8974358974359,127.60528569200957
2021-09-11,Brighton and Hove Albion,Brentford,1,0,A,7,4,1,2,9,12,1,6,2,,0,,2021,A,3.0,0.0,3,0.0,0.0,0.0,1,2,2.0,1.1904761904761905,1.25,0.5640427459797861,115.8974358974359,128.16932843798935
2021-09-19,Brighton and Hove Albion,Leicester City,2,1,H,12,14,5,3,8,10,4,9,2,1.0,0,0.0,2021,H,,,3,0.0,0.0,0.0,0,2,2.0,1.2325581395348837,1.6744186046511629,0.304027882963314,115.8974358974359,128.4733563209527
2021-09-27,Brighton and Hove Albion,Crystal Palace,1,1,D,8,8,3,4,12,10,6,5,3,,0,,2021,A,2.0,0.0,1,0.0,0.0,0.0,0,3,2.3333333333333335,1.2272727272727273,1.1363636363636365,0.23320304774831002,115.8974358974359,128.706559368701
2021-10-02,Brighton and Hove Albion,Arsenal,0,0,D,21,8,2,2,8,5,8,5,2,1.0,0,0.0,2021,H,,,1,0.0,0.0,0.0,1,2,1.6666666666666667,1.2222222222222223,1.5777777777777775,0.4108298579702399,115.8974358974359,129.11738922667124
2021-10-16,Brighton and Hove Albion,Norwich City,0,0,D,15,11,3,3,5,14,8,4,5,,0,,2021,A,3.0,0.0,1,0.0,0.0,0.0,1,5,1.0,1.2173913043478262,0.25,0.5293364736088927,115.8974358974359,129.64672570028011
2021-10-23,Brighton and Hove Albion,Manchester City,1,4,A,10,23,5,14,10,6,7,6,2,3.0,0,0.0,2021,H,,,0,0.0,0.0,0.0,0,2,0.6666666666666666,1.1914893617021276,2.25531914893617,0.06516670923511006,115.8974358974359,129.71189240951523
2021-10-30,Brighton and Hove Albion,Liverpool,2,2,D,14,9,3,6,8,5,5,3,2,,0,,2021,A,2.0,0.0,1,0.0,0.0,0.0,0,2,0.6666666666666666,1.1875,1.8958333333333333,0.16159249201874962,115.8974358974359,129.87348490153397
2021-11-06,Brighton and Hove Albion,Newcastle United,1,1,D,14,6,5,1,16,10,2,5,3,4.0,1,0.0,2021,H,,,1,0.0,0.0,0.0,0,5,0.6666666666666666,1.183673469387755,1.020408163265306,0.2342633691807206,115.8974358974359,130.1077482707147
2021-11-20,Brighton and Hove Albion,Aston Villa,0,2,H,9,6,5,2,7,13,5,7,3,,0,,2021,A,3.0,0.0,0,0.0,0.0,0.0,0,3,0.6666666666666666,1.16,1.36,0.15054254418802177,115.8974358974359,130.25829081490272
2021-11-27,Brighton and Hove Albion,Leeds United,0,0,D,20,11,4,4,12,14,6,1,1,3.0,0,0.0,2021,H,,,1,0.0,0.0,0.0,1,1,0.6666666666666666,1.156862745098039,1.392156862745098,0.4349829286467053,115.8974358974359,130.6932737435494
2021-12-01,Brighton and Hove Albion,West Ham United,1,1,D,14,9,6,3,10,8,9,5,1,,0,,2021,A,1.0,0.0,1,0.0,0.0,0.0,0,1,0.6666666666666666,1.1538461538461535,1.7115384615384617,0.18561119810878177,115.8974358974359,130.8788849416582
2021-12-04,Brighton and Hove Albion,Southampton,1,1,D,14,14,4,4,15,12,6,2,2,,0,,2021,A,4.0,0.0,1,0.0,0.0,0.0,0,2,1.0,1.150943396226415,1.1132075471698113,0.24089397110454264,115.8974358974359,131.11977891276274
2021-12-15,Brighton and Hove Albion,Wolverhampton Wanderers,0,1,A,12,8,2,5,11,14,7,4,2,0.0,0,0.0,2021,H,,,0,0.0,0.0,0.0,0,2,0.6666666666666666,1.1296296296296295,1.2545454545454546,0.1665725606630044,115.8974358974359,131.28635147342575
2021-12-26,Brighton and Hove Albion,Brentford,2,0,H,15,16,5,6,8,10,6,9,1,3.0,0,0.0,2021,H,,,3,0.0,0.0,0.0,1,1,1.3333333333333333,1.1636363636363636,1.1764705882352942,0.5768378699092183,115.8974358974359,131.86318934333497
2021-12-29,Brighton and Hove Albion,Chelsea,1,1,D,11,18,5,6,14,7,10,8,1,,0,,2021,A,4.0,0.0,1,0.0,0.0,0.0,0,1,1.3333333333333333,1.1607142857142858,1.8793103448275863,0.16861130016386947,115.8974358974359,132.03180064349885
2022-01-02,Brighton and Hove Albion,Everton,3,2,A,17,12,6,5,5,12,8,5,1,,0,,2022,A,1.0,0.0,3,0.0,0.0,0.0,0,1,2.3333333333333335,1.1929824561403508,1.3928571428571428,0.3379023650690782,115.8974358974359,132.3697030085679
2022-01-14,Brighton and Hove Albion,Crystal Palace,1,1,D,19,3,4,1,11,7,9,0,0,2.0,0,0.0,2022,H,,,1,0.0,0.0,0.0,0,0,1.6666666666666667,1.1896551724137931,1.152542372881356,0.24759742486802566,115.8974358974359,132.61730043343596
2022-01-18,Brighton and Hove Albion,Chelsea,1,1,D,10,15,2,3,8,5,5,7,1,2.0,0,0.0,2022,H,,,1,0.0,0.0,0.0,0,1,1.6666666666666667,1.1864406779661016,1.819672131147541,0.17465428857349746,115.8974358974359,132.79195472200945
2022-01-23,Brighton and Hove Albion,Leicester City,1,1,D,15,14,5,5,6,8,4,5,1,,0,,2022,A,0.0,0.0,1,0.0,0.0,0.0,0,1,1.0,1.1833333333333331,1.5862068965517242,0.19831072661308383,115.8974358974359,132.99026544862252
2022-02-12,Brighton and Hove Albion,Watford,2,0,A,9,11,1,6,16,9,4,5,2,,0,,2022,A,3.0,0.0,3,0.0,0.0,0.0,1,2,1.6666666666666667,1.213114754098361,0.6521739130434783,0.6246189418704471,115.8974358974359,133.614884390493
2022-02-15,Brighton and Hove Albion,Manchester United,0,2,H,19,10,7,3,8,10,10,2,1,,1,,2022,A,3.0,0.0,0,0.0,0.0,0.0,0,3,1.3333333333333333,1.1935483870967742,1.8571428571428572,0.10016832372995935,115.8974358974359,133.71505271422294
2022-02-19,Brighton and Hove Albion,Burnley,0,3,A,11,10,1,4,12,12,4,4,1,4.0,0,0.0,2022,H,,,0,0.0,0.0,0.0,0,1,1.0,1.1746031746031746,0.9333333333333332,0.20446474317447114,115.8974358974359,133.9195174573974
2022-02-26,Brighton and Hove Albion,Aston Villa,0,2,A,12,9,1,4,17,11,7,2,4,5.0,0,0.0,2022,H,,,0,0.0,0.0,0.0,0,4,0.0,1.15625,1.3492063492063493,0.14629166158074347,115.8974358974359,134.06580911897814
2022-03-05,Brighton and Hove Albion,Newcastle United,1,2,H,10,15,4,4,8,10,4,7,1,,0,,2022,A,1.0,0.0,0,0.0,0.0,0.0,0,1,0.0,1.1384615384615384,1.140625,0.18346040615995934,115.8974358974359,134.24926952513812
2022-03-12,Brighton and Hove Albion,Liverpool,0,2,A,8,18,3,9,12,15,7,6,3,1.0,0,0.0,2022,H,,,0,0.0,0.0,0.0,0,3,0.0,1.121212121212121,2.0454545454545454,0.08108717961705694,115.8974358974359,134.33035670475516
2022-03-16,Brighton and Hove Albion,Tottenham Hotspur,0,2,A,15,17,0,7,11,9,6,3,2,2.0,0,0.0,2022,H,,,0,0.0,0.0,0.0,0,2,0.0,1.1044776119402986,1.6666666666666667,0.12481336711016966,115.8974358974359,134.45517007186533
2022-04-02,Brighton and Hove Albion,Norwich City,0,0,D,31,6,4,0,12,11,11,2,1,1.0,0,0.0,2022,H,,,1,0.0,0.0,0.0,1,1,0.3333333333333333,1.1029411764705883,0.6,0.5152501674653893,115.8974358974359,134.97042023933074
2022-04-09,Brighton and Hove Albion,Arsenal,2,1,A,20,8,4,3,12,19,11,2,4,,0,,2022,A,3.0,0.0,3,0.0,0.0,0.0,0,4,1.3333333333333333,1.1304347826086956,1.6911764705882353,0.29164069951409677,115.8974358974359,135.26206093884483
2022-04-16,Brighton and Hove Albion,Tottenham Hotspur,1,0,A,5,12,0,5,14,10,4,4,3,,0,,2022,A,3.0,0.0,3,0.0,0.0,0.0,1,3,2.3333333333333335,1.1571428571428573,1.7,0.5131008154830585,115.8974358974359,135.77516175432788
2022-04-20,Brighton and Hove Albion,Manchester City,0,3,H,17,2,5,1,12,7,7,4,3,,0,,2022,A,0.0,0.0,0,0.0,0.0,0.0,0,3,2.0,1.1408450704225352,2.3285714285714287,0.05239966639903809,115.8974358974359,135.8275614207269
2022-04-24,Brighton and Hove Albion,Southampton,2,2,D,8,18,5,5,12,7,6,6,1,0.0,0,0.0,2022,H,,,1,0.0,0.0,0.0,0,1,1.3333333333333333,1.1388888888888888,1.1527777777777777,0.24222899611723253,115.8974358974359,136.06979041684414
2022-04-30,Brighton and Hove Albion,Wolverhampton Wanderers,3,0,A,11,17,1,9,6,4,7,3,1,,0,,2022,A,2.0,0.0,3,0.0,0.0,0.0,1,1,1.3333333333333333,1.1643835616438356,1.3055555555555556,0.5637580186990779,115.8974358974359,136.63354843554322
2022-05-07,Brighton and Hove Albion,Manchester United,4,0,H,17,15,6,5,13,9,7,6,0,2.0,0,0.0,2022,H,,,3,0.0,0.0,0.0,1,0,2.3333333333333335,1.1891891891891893,1.76,0.5230548955016677,115.8974358974359,137.1566033310449
2022-05-15,Brighton and Hove Albion,Leeds United,1,1,D,19,16,5,6,16,8,8,1,2,,0,,2022,A,3.0,0.0,1,0.0,0.0,0.0,0,2,2.3333333333333335,1.1866666666666668,1.2533333333333334,0.22669538182051274,115.8974358974359,137.3832987128654
2022-05-22,Brighton and Hove Albion,West Ham United,3,1,H,18,7,7,2,9,9,5,6,1,1.0,0,0.0,2022,H,,,3,0.0,0.0,0.0,0,1,2.3333333333333335,1.2105263157894737,1.5921052631578947,0.31771306013655165,115.8974358974359,137.70101177300197
2022-08-07,Brighton and Hove Albion,Manchester United,2,1,A,17,15,5,4,7,12,6,2,1,,0,,2022,A,4.0,0.0,3,0.0,0.0,0.0,0,1,2.3333333333333335,1.2337662337662338,1.7142857142857142,0.3053328259798137,115.8974358974359,138.00634459898177
2022-08-13,Brighton and Hove Albion,Newcastle United,0,0,D,13,4,7,1,8,6,7,3,2,3.0,0,0.0,2022,H,,,1,0.0,0.0,0.0,1,2,2.3333333333333335,1.2307692307692308,1.2564102564102564,0.443393211012194,115.8974358974359,138.44973780999396
2022-08-21,Brighton and Hove Albion,West Ham United,2,0,A,13,11,3,2,10,7,5,4,0,,0,,2022,A,2.0,0.0,3,0.0,0.0,0.0,1,0,2.3333333333333335,1.2531645569620251,1.5316455696202531,0.5461934687573207,115.8974358974359,138.9959312787513
2022-08-27,Brighton and Hove Albion,Leeds United,1,0,H,13,10,4,2,10,14,5,3,2,3.0,0,0.0,2022,H,,,3,0.0,0.0,0.0,1,2,2.3333333333333335,1.275,1.3,0.5589763732325672,115.8974358974359,139.55490765198385
2022-08-30,Brighton and Hove Albion,Fulham,1,2,H,10,7,3,4,9,11,3,3,1,,0,,2022,A,2.0,0.0,0,0.0,0.0,0.0,0,1,2.0,1.2592592592592593,0.8372093023255814,0.21420474659548114,115.8974358974359,139.76911239857932
2022-09-04,Brighton and Hove Albion,Leicester City,5,2,H,23,6,11,4,6,8,10,1,1,1.0,0,0.0,2022,H,,,3,0.0,0.0,0.0,0,1,2.0,1.2804878048780488,1.451219512195122,0.331988654719537,115.8974358974359,140.10110105329886
2022-10-01,Brighton and Hove Albion,Liverpool,3,3,D,15,6,7,6,9,13,9,2,1,,0,,2022,A,1.0,0.0,1,0.0,0.0,0.0,0,1,1.3333333333333333,1.2771084337349397,2.0602409638554215,0.150278061016268,115.8974358974359,140.25137911431514
2022-10-08,Brighton and Hove Albion,Tottenham Hotspur,0,1,A,14,8,4,3,9,14,6,2,1,2.0,0,0.0,2022,H,,,0,0.0,0.0,0.0,0,1,1.3333333333333333,1.261904761904762,1.8,0.11664761555600983,115.8974358974359,140.36802672987116
2022-10-14,Brighton and Hove Albion,Brentford,0,2,H,7,21,3,7,12,15,2,11,1,,0,,2022,A,3.0,0.0,0,0.0,0.0,0.0,0,1,0.3333333333333333,1.2470588235294118,1.2291666666666667,0.1744887044200925,115.8974358974359,140.54251543429123
2022-10-18,Brighton and Hove Albion,Nottingham Forest,0,0,D,19,3,7,0,10,14,9,1,3,1.0,0,0.0,2022,H,,,1,0.0,0.0,0.0,1,3,0.3333333333333333,1.244186046511628,0.5454545454545454,0.51008796800975,115.8974358974359,141.052603402301
2022-10-22,Brighton and Hove Albion,Manchester City,1,3,H,10,8,4,2,11,12,7,3,3,,0,,2022,A,1.0,0.0,0,0.0,0.0,0.0,0,3,0.3333333333333333,1.2298850574712643,2.3563218390804597,0.049587787928496274,115.8974358974359,141.1021911902295
2022-10-29,Brighton and Hove Albion,Chelsea,4,1,H,19,15,9,7,16,6,8,7,1,2.0,0,0.0,2022,H,,,3,0.0,0.0,0.0,0,1,1.3333333333333333,1.25,1.8409090909090908,0.2925024014901034,115.8974358974359,141.3946935917196
2022-11-05,Brighton and Hove Albion,Wolverhampton Wanderers,3,2,A,8,19,5,8,15,11,4,9,0,,0,,2022,A,2.0,1.0,3,0.0,0.0,0.0,0,0,2.0,1.2696629213483146,1.1777777777777778,0.3650403855153803,115.8974358974359,141.759733977235
2022-11-13,Brighton and Hove Albion,Aston Villa,1,2,A,7,8,2,2,14,11,11,4,2,7.0,0,0.0,2022,H,,,0,0.0,0.0,0.0,0,2,2.0,1.2555555555555555,1.2967032967032968,0.16230081381120343,115.8974358974359,141.92203479104617
2022-12-26,Brighton and Hove Albion,Southampton,3,1,A,14,7,4,4,9,10,4,2,2,,0,,2022,A,1.0,0.0,3,0.0,0.0,0.0,0,2,2.0,1.2747252747252746,1.0326086956521738,0.3690608476002647,115.8974358974359,142.29109563864642
2022-12-31,Brighton and Hove Albion,Arsenal,2,4,A,9,14,5,7,7,11,7,4,3,3.0,0,0.0,2022,H,,,0,0.0,0.0,0.0,0,3,1.0,1.2608695652173914,1.8804347826086956,0.09780821220175179,115.8974358974359,142.38890385084818
2023-01-03,Brighton and Hove Albion,Everton,4,1,A,10,19,4,8,8,10,5,2,1,,0,,2023,A,3.0,0.0,3,0.0,0.0,0.0,0,1,2.0,1.2795698924731185,1.202127659574468,0.357228498192968,115.8974358974359,142.74613234904115
2023-01-14,Brighton and Hove Albion,Liverpool,3,0,H,16,6,9,2,8,15,7,1,1,3.0,0,0.0,2023,H,,,3,0.0,0.0,0.0,1,1,2.0,1.297872340425532,2.0106382978723403,0.4923137788949152,115.8974358974359,143.23844612793607
2023-01-21,Brighton and Hove Albion,Leicester City,2,2,D,9,13,2,4,9,9,5,6,1,,0,,2023,A,0.0,0.0,1,0.0,0.0,0.0,0,1,2.3333333333333335,1.2947368421052632,1.4166666666666667,0.21548980661802156,115.8974358974359,143.4539359345541
2023-02-04,Brighton and Hove Albion,Bournemouth,1,0,H,20,12,6,2,14,7,7,3,3,1.0,0,0.0,2023,H,,,3,0.0,0.0,0.0,1,3,2.3333333333333335,1.3125,0.8095238095238095,0.6033305015525765,115.8974358974359,144.05726643610666
2023-02-11,Brighton and Hove Albion,Crystal Palace,1,1,D,6,17,1,7,10,11,1,6,1,,0,,2023,A,4.0,0.0,1,0.0,0.0,0.0,0,1,1.6666666666666667,1.309278350515464,1.1938775510204085,0.2380644606957657,115.8974358974359,144.29533089680245
2023-02-18,Brighton and Hove Albion,Fulham,0,1,A,21,5,7,2,12,14,10,2,0,5.0,0,0.0,2023,H,,,0,0.0,0.0,0.0,0,0,1.3333333333333333,1.2959183673469388,1.064516129032258,0.19651690012556802,115.8974358974359,144.491847796928
2023-03-04,Brighton and Hove Albion,West Ham United,4,0,H,20,3,9,2,6,8,7,3,0,3.0,0,0.0,2023,H,,,3,0.0,0.0,0.0,1,0,1.3333333333333333,1.3131313131313131,1.4257425742574257,0.5569243497484223,115.8974358974359,145.04877214667644
2023-03-11,Brighton and Hove Albion,Leeds United,2,2,D,12,14,4,2,12,9,4,7,1,,0,,2023,A,1.0,0.0,1,0.0,0.0,0.0,0,1,1.3333333333333333,1.31,1.1764705882352942,0.23982826393309284,115.8974358974359,145.28860041060952
2023-03-15,Brighton and Hove Albion,Crystal Palace,1,0,H,11,11,5,3,13,20,1,4,1,2.0,0,0.0,2023,H,,,3,0.0,0.0,0.0,1,1,2.3333333333333335,1.3267326732673268,1.1553398058252426,0.5789789983118123,115.8974358974359,145.86757940892133
2023-04-01,Brighton and Hove Albion,Brentford,3,3,D,33,7,15,5,16,10,14,0,2,1.0,0,0.0,2023,H,,,1,0.0,0.0,0.0,0,2,1.6666666666666667,1.3235294117647058,1.3484848484848484,0.21705392095610826,115.8974358974359,146.08463332987745
2023-04-04,Brighton and Hove Albion,Bournemouth,2,0,A,14,16,3,6,11,5,5,5,1,,0,,2023,A,1.0,0.0,3,0.0,0.0,0.0,1,1,2.3333333333333335,1.3398058252427183,0.9310344827586208,0.6017072858286296,115.8974358974359,146.68634061570606
2023-04-08,Brighton and Hove Albion,Tottenham Hotspur,1,2,H,9,17,3,4,15,15,3,7,1,,0,,2023,A,3.0,0.0,0,0.0,0.0,0.0,0,1,1.3333333333333333,1.3269230769230769,1.7547169811320755,0.12123602861009489,115.8974358974359,146.80757664431616
2023-04-15,Brighton and Hove Albion,Chelsea,2,1,A,8,26,2,10,11,11,2,8,2,,0,,2023,A,2.0,0.0,3,0.0,0.0,0.0,0,2,2.0,1.3428571428571427,1.6822429906542056,0.30323505784312327,115.8974358974359,147.11081170215928
2023-04-26,Brighton and Hove Albion,Nottingham Forest,1,3,H,12,17,5,7,7,8,2,7,0,,0,,2023,A,2.0,0.0,0,0.0,0.0,0.0,0,0,1.0,1.330188679245283,0.9090909090909092,0.21226574209639515,115.8974358974359,147.3230774442557
2023-04-29,Brighton and Hove Albion,Wolverhampton Wanderers,6,0,H,22,10,8,2,14,11,2,5,1,1.0,0,0.0,2023,H,,,3,0.0,0.0,0.0,1,1,2.0,1.3457943925233644,1.209090909090909,0.5735325358174499,115.8974358974359,147.89660998007315
2023-05-04,Brighton and Hove Albion,Manchester United,1,0,H,22,16,6,5,10,14,8,6,4,4.0,0,0.0,2023,H,,,3,0.0,0.0,0.0,1,4,2.0,1.3611111111111112,1.788990825688073,0.49873902583093,115.8974358974359,148.39534900590405
2023-05-08,Brighton and Hove Albion,Everton,1,5,A,23,10,5,5,11,13,15,1,1,5.0,0,0.0,2023,H,,,0,0.0,0.0,0.0,0,1,2.0,1.348623853211009,1.1711711711711712,0.18036524037688922,115.8974358974359,148.57571424628094
2023-05-14,Brighton and Hove Albion,Arsenal,3,0,A,14,12,2,6,13,17,5,2,2,,0,,2023,A,1.0,0.0,3,0.0,0.0,0.0,1,2,2.0,1.3636363636363635,1.8839285714285712,0.4998083772204034,115.8974358974359,149.07552262350134
2023-05-18,Brighton and Hove Albion,Newcastle United,1,4,H,22,8,9,2,17,16,6,1,4,,0,,2023,A,2.0,0.0,0,0.0,0.0,0.0,0,4,1.0,1.351351351351351,1.4553571428571428,0.13553567181978268,115.8974358974359,149.21105829532115
2023-05-21,Brighton and Hove Albion,Southampton,3,1,H,26,5,8,1,8,9,4,3,2,5.0,0,0.0,2023,H,,,3,0.0,0.0,0.0,0,2,2.0,1.3660714285714286,0.9469026548672568,0.37774522258635945,115.8974358974359,149.5888035179075
2023-05-24,Brighton and Hove Albion,Manchester City,1,1,D,20,13,7,4,16,11,5,1,2,1.0,0,0.0,2023,H,,,1,0.0,0.0,0.0,0,2,1.3333333333333333,1.3628318584070795,2.3716814159292037,0.11337601686914772,115.8974358974359,149.70217953477663
2023-05-28,Brighton and Hove Albion,Aston Villa,1,2,H,12,8,5,4,15,16,4,3,4,,0,,2023,A,4.0,0.0,0,0.0,0.0,0.0,0,4,1.3333333333333333,1.350877192982456,1.412280701754386,0.13990049796478646,115.8974358974359,149.84208003274142
2023-08-12,Brighton and Hove Albion,Luton Town,4,1,H,27,9,12,3,11,12,6,7,2,2.0,0,0.0,2023,H,,,3,0.0,0.0,0.0,0,2,1.3333333333333333,1.3652173913043475,0.0,0.4736924586841337,115.8974358974359,150.31577249142558
2023-08-19,Brighton and Hove Albion,Wolverhampton Wanderers,4,1,A,16,16,5,8,14,11,5,3,6,,0,,2023,A,3.0,1.0,3,0.0,0.0,0.0,0,6,2.0,1.3793103448275863,1.1810344827586208,0.3326429372576231,115.8974358974359,150.6484154286832
2023-08-26,Brighton and Hove Albion,West Ham United,1,3,A,25,12,10,3,10,9,17,4,1,3.0,0,0.0,2023,H,,,0,0.0,0.0,0.0,0,1,2.0,1.3675213675213675,1.435897435897436,0.15354120171524505,115.8974358974359,150.80195663039842
2023-09-02,Brighton and Hove Albion,Newcastle United,3,1,H,15,9,6,2,14,17,5,3,4,4.0,0,0.0,2023,H,,,3,0.0,0.0,0.0,0,4,2.0,1.38135593220339,1.423728813559322,0.3187404899316736,115.8974358974359,151.1206971203301
2023-09-16,Brighton and Hove Albion,Manchester United,3,1,A,14,10,4,8,8,9,8,1,2,,0,,2023,A,2.0,0.0,3,0.0,0.0,0.0,0,2,2.0,1.3949579831932772,1.7899159663865547,0.29232482924587655,115.8974358974359,151.41302194957598
2023-09-24,Brighton and Hove Albion,Bournemouth,3,1,H,13,12,4,4,12,17,4,4,3,3.0,0,0.0,2023,H,,,3,0.0,0.0,0.0,0,3,3.0,1.4083333333333334,0.9545454545454546,0.37162622137456064,115.8974358974359,151.78464817095056
2023-09-30,Brighton and Hove Albion,Aston Villa,1,6,H,19,11,9,3,19,21,1,3,4,,0,,2023,A,4.0,0.0,0,0.0,0.0,0.0,0,4,2.0,1.396694214876033,1.4545454545454546,0.13561791813061416,115.8974358974359,151.92026608908117
2023-10-08,Brighton and Hove Albion,Liverpool,2,2,D,14,14,3,4,12,20,8,1,1,2.0,0,0.0,2023,H,,,1,0.0,0.0,0.0,0,1,1.3333333333333333,1.3934426229508197,2.0081967213114753,0.15555157165775402,115.8974358974359,152.07581766073892
2023-10-21,Brighton and Hove Albion,Manchester City,1,2,H,10,5,6,3,9,11,2,2,2,,0,,2023,A,2.0,1.0,0,0.0,0.0,0.0,0,2,0.3333333333333333,1.3821138211382114,2.3495934959349594,0.05561412958717954,115.8974358974359,152.1314317903261
2023-10-29,Brighton and Hove Albion,Fulham,1,1,D,18,10,7,5,12,8,7,3,0,3.0,0,0.0,2023,H,,,1,0.0,0.0,0.0,0,0,0.6666666666666666,1.3790322580645162,1.069767441860465,0.25598479796156903,115.8974358974359,152.38741658828766
2023-11-04,Brighton and Hove Albion,Everton,1,1,D,10,7,4,2,15,5,3,3,2,,0,,2023,A,4.0,0.0,1,0.0,0.0,0.0,0,2,0.6666666666666666,1.376,1.16,0.23615261094865475,115.8974358974359,152.62356919923633
2023-11-12,Brighton and Hove Albion,Sheffield United,1,1,D,11,9,6,1,13,16,6,3,3,2.0,1,0.0,2023,H,,,1,0.0,0.0,0.0,0,5,1.0,1.373015873015873,0.56,0.2809153566000099,115.8974358974359,152.90448455583632
2023-11-25,Brighton and Hove Albion,Nottingham Forest,3,2,A,18,11,5,5,12,7,6,4,4,,1,,2023,A,2.0,0.0,3,0.0,0.0,0.0,0,6,1.6666666666666667,1.3858267716535433,1.0,0.35098670065272614,115.8974358974359,153.25547125648905
2023-12-03,Brighton and Hove Albion,Chelsea,2,3,H,8,18,5,9,16,12,5,8,5,,0,,2023,A,3.0,1.0,0,0.0,0.0,0.0,0,5,1.3333333333333333,1.375,1.59375,0.11616810005125874,115.8974358974359,153.3716393565403
2023-12-06,Brighton and Hove Albion,Brentford,2,1,H,18,8,7,2,10,8,7,3,3,1.0,0,0.0,2023,H,,,3,0.0,0.0,0.0,0,3,2.0,1.3875968992248062,1.362637362637363,0.33027530694421237,115.8974358974359,153.70191466348453
2023-12-09,Brighton and Hove Albion,Burnley,1,1,D,29,6,11,3,5,8,9,1,0,4.0,0,0.0,2023,H,,,1,0.0,0.0,0.0,0,0,1.3333333333333333,1.3846153846153846,0.8913043478260869,0.27406800908157186,115.8974358974359,153.9759826725661
2023-12-17,Brighton and Hove Albion,Arsenal,0,2,H,26,6,9,1,11,9,10,1,3,,0,,2023,A,1.0,0.0,0,0.0,0.0,0.0,0,3,1.3333333333333333,1.3740458015267176,1.931297709923664,0.09265440122590515,115.8974358974359,154.068637073792
2023-12-21,Brighton and Hove Albion,Crystal Palace,1,1,D,11,18,3,6,12,11,3,1,2,,0,,2023,A,5.0,0.0,1,0.0,0.0,0.0,0,2,0.6666666666666666,1.371212121212121,1.1742424242424243,0.23470946234793177,115.8974358974359,154.30334653613994
2023-12-28,Brighton and Hove Albion,Tottenham Hotspur,4,2,H,15,19,9,3,18,6,7,6,3,2.0,0,0.0,2023,H,,,3,0.0,0.0,0.0,0,3,1.3333333333333333,1.3834586466165413,1.7218045112781954,0.29388181387280754,115.8974358974359,154.59722835001276
2024-01-02,Brighton and Hove Albion,West Ham United,0,0,D,6,22,2,8,4,6,2,0,0,,0,,2024,A,1.0,0.0,1,0.0,0.0,0.0,1,0,1.6666666666666667,1.3805970149253732,1.455223880597015,0.4339370840085962,115.8974358974359,155.03116543402135
2024-01-22,Brighton and Hove Albion,Wolverhampton Wanderers,0,0,D,11,8,4,3,10,13,8,2,1,4.0,0,0.0,2024,H,,,1,0.0,0.0,0.0,1,1,1.6666666666666667,1.3777777777777778,1.2296296296296296,0.4514513995374474,115.8974358974359,155.48261683355878
2024-01-30,Brighton and Hove Albion,Luton Town,0,4,H,18,9,8,2,13,14,7,4,2,,0,,2024,A,2.0,0.0,0,0.0,0.0,0.0,0,2,0.6666666666666666,1.3676470588235294,0.9047619047619048,0.2020152375439818,115.8974358974359,155.68463207110278
2024-02-03,Brighton and Hove Albion,Crystal Palace,4,1,H,13,7,6,5,8,14,3,2,1,3.0,0,0.0,2024,H,,,3,0.0,0.0,0.0,0,1,1.3333333333333333,1.3795620437956204,1.1751824817518248,0.35995878448476015,115.8974358974359,156.04459085558753
2024-02-10,Brighton and Hove Albion,Tottenham Hotspur,1,2,H,16,6,6,3,14,13,9,6,3,,0,,2024,A,2.0,0.0,0,0.0,0.0,0.0,0,3,1.0,1.3695652173913044,1.7391304347826086,0.1121262221395444,115.8974358974359,156.15671707772708
2024-02-18,Brighton and Hove Albion,Sheffield United,5,0,A,6,24,1,10,3,5,5,10,4,,0,,2024,A,1.0,1.0,3,0.0,0.0,0.0,1,4,2.0,1.381294964028777,0.5714285714285714,0.6221115102913854,115.8974358974359,156.77882858801846
2024-02-24,Brighton and Hove Albion,Everton,1,1,D,23,6,7,3,9,14,11,3,2,3.0,1,0.0,2024,H,,,1,0.0,0.0,0.0,0,4,1.3333333333333333,1.3785714285714286,1.1785714285714286,0.22358166381331598,115.8974358974359,157.00241025183178
2024-03-02,Brighton and Hove Albion,Fulham,0,3,H,12,15,5,5,16,10,2,6,2,,0,,2024,A,1.0,0.0,0,0.0,0.0,0.0,0,2,1.3333333333333333,1.3687943262411348,1.116504854368932,0.18055986335788596,115.8974358974359,157.18297011518968
2024-03-10,Brighton and Hove Albion,Nottingham Forest,1,0,H,10,9,3,4,14,14,6,3,4,4.0,0,0.0,2024,H,,,3,0.0,0.0,0.0,1,4,1.3333333333333333,1.380281690140845,0.9393939393939394,0.584826516047783,115.8974358974359,157.76779663123745
2024-03-31,Brighton and Hove Albion,Liverpool,1,2,H,30,9,8,3,20,6,8,4,3,,0,,2024,A,5.0,0.0,0,0.0,0.0,0.0,0,3,1.0,1.3706293706293706,2.062937062937063,0.07931572061453282,115.8974358974359,157.847112351852
2024-04-03,Brighton and Hove Albion,Brentford,0,0,D,5,24,2,6,9,12,1,5,1,,0,,2024,A,1.0,0.0,1,0.0,0.0,0.0,1,1,1.3333333333333333,1.3680555555555556,1.2429906542056075,0.45009756092171427,115.8974358974359,158.2972099127737
2024-04-06,Brighton and Hove Albion,Arsenal,0,3,A,10,20,2,7,14,13,8,7,1,2.0,0,0.0,2024,H,,,0,0.0,0.0,0.0,0,1,0.3333333333333333,1.3586206896551725,1.9655172413793105,0.09987617473762994,115.8974358974359,158.39708608751133
2024-04-13,Brighton and Hove Albion,Burnley,1,1,D,11,20,3,8,18,8,4,5,2,,0,,2024,A,1.0,0.0,1,0.0,0.0,0.0,0,2,0.6666666666666666,1.356164383561644,0.8623853211009175,0.26630914891558716,115.8974358974359,158.6633952364269
2024-04-25,Brighton and Hove Albion,Manchester City,0,4,A,7,14,3,6,10,3,4,4,2,0.0,0,0.0,2024,H,,,0,0.0,0.0,0.0,0,2,0.3333333333333333,1.346938775510204,2.3401360544217686,0.056572428065996466,115.8974358974359,158.7199676644929
2024-04-28,Brighton and Hove Albion,Bournemouth,0,3,H,15,13,6,1,14,10,8,2,2,,0,,2024,A,2.0,0.0,0,0.0,0.0,0.0,0,2,0.3333333333333333,1.337837837837838,1.1917808219178083,0.17293234114768272,115.8974358974359,158.89290000564057
2024-05-05,Brighton and Hove Albion,Aston Villa,1,0,H,15,2,8,1,13,10,7,3,2,1.0,0,0.0,2024,H,,,3,0.0,0.0,0.0,1,2,1.0,1.348993288590604,1.52,0.5366843331448039,115.8974358974359,159.4295843387854
2024-05-11,Brighton and Hove Albion,Newcastle United,1,1,D,18,15,7,4,9,16,8,4,4,,0,,2024,A,3.0,0.0,1,0.0,0.0,0.0,0,4,1.3333333333333333,1.346666666666667,1.48,0.19303867382293907,115.8974358974359,159.62262301260833
2024-05-15,Brighton and Hove Albion,Chelsea,1,2,A,12,13,2,6,13,14,4,6,2,2.0,0,1.0,2024,H,,,0,0.0,0.0,0.0,0,2,1.3333333333333333,1.3377483443708609,1.6225165562913908,0.12928698543000977,115.8974358974359,159.75190999803834
2024-05-19,Brighton and Hove Albion,Manchester United,0,2,A,17,11,3,4,10,9,7,5,1,3.0,0,0.0,2024,H,,,0,0.0,0.0,0.0,0,1,0.3333333333333333,1.3289473684210529,1.756578947368421,0.12104736031017363,115.8974358974359,159.87295735834851
2024-08-17,Brighton and Hove Albion,Everton,3,0,A,9,10,1,5,8,8,1,5,1,,0,,2024,A,1.0,1.0,3,0.0,0.0,0.0,1,1,1.0,1.3398692810457515,1.1895424836601307,0.5755133280145206,115.8974358974359,160.44847068636304
2024-08-24,Brighton and Hove Albion,Manchester United,2,1,H,14,11,5,4,9,13,4,4,1,2.0,0,0.0,2024,H,,,3,0.0,0.0,0.0,0,1,2.0,1.3506493506493509,1.7532467532467533,0.30138500305990285,115.8974358974359,160.74985568942293
2024-08-31,Brighton and Hove Albion,Arsenal,1,1,D,11,22,7,4,12,7,3,7,2,,0,,2024,A,3.0,1.0,1,0.0,0.0,0.0,0,2,2.3333333333333335,1.3483870967741935,2.0,0.15103754879537687,115.8974358974359,160.90089323821832
2024-09-14,Brighton and Hove Albion,Ipswich Town,0,0,D,21,6,6,1,14,16,9,2,4,3.0,0,0.0,2024,H,,,1,0.0,0.0,0.0,1,4,1.6666666666666667,1.3461538461538465,0.5,0.5093491856445553,115.8974358974359,161.41024242386288
2024-09-22,Brighton and Hove Albion,Nottingham Forest,2,2,D,14,4,3,3,12,11,9,1,3,4.0,0,1.0,2024,H,,,1,0.0,0.0,0.0,0,3,1.0,1.3439490445859872,1.0246913580246917,0.2445185155002355,115.8974358974359,161.6547609393631
2024-09-28,Brighton and Hove Albion,Chelsea,2,4,H,15,15,7,5,11,8,8,2,2,,0,,2024,A,3.0,0.0,0,0.0,0.0,0.0,0,2,0.6666666666666666,1.3354430379746836,1.6518987341772151,0.1263097641241162,115.8974358974359,161.78107070348722
2024-10-06,Brighton and Hove Albion,Tottenham Hotspur,3,2,H,11,13,4,3,14,10,4,7,2,2.0,0,0.0,2024,H,,,3,0.0,0.0,0.0,0,2,1.3333333333333333,1.3459119496855343,1.6918238993710693,0.30226424874678903,115.8974358974359,162.083334952234
2024-10-19,Brighton and Hove Albion,Newcastle United,1,0,A,21,10,6,5,11,9,9,4,2,,0,,2024,A,2.0,0.0,3,0.0,0.0,0.0,1,2,2.0,1.35625,1.48125,0.5406107720238986,115.8974358974359,162.6239457242579
2024-10-26,Brighton and Hove Albion,Wolverhampton Wanderers,2,2,D,19,14,6,7,12,10,9,6,3,3.0,0,0.0,2024,H,,,1,0.0,0.0,0.0,0,3,2.3333333333333335,1.3540372670807452,1.1490683229813663,0.23191571418746953,115.8974358974359,162.85586143844537
2024-11-02,Brighton and Hove Albion,Liverpool,1,2,H,16,13,8,5,10,18,10,7,1,,0,,2024,A,1.0,0.0,0,0.0,0.0,0.0,0,1,1.3333333333333333,1.345679012345679,2.067901234567901,0.08950186528078749,115.8974358974359,162.94536330372617
2024-11-09,Brighton and Hove Albion,Manchester City,2,1,H,10,15,4,6,12,10,0,4,3,3.0,0,0.0,2024,H,,,3,0.0,0.0,0.0,0,3,1.3333333333333333,1.3558282208588956,2.3435582822085887,0.23088108666236076,115.8974358974359,163.17624439038852
2024-11-23,Brighton and Hove Albion,Bournemouth,2,1,A,19,6,5,4,13,10,7,0,2,,1,,2024,A,2.0,0.0,3,0.0,0.0,0.0,0,4,2.0,1.3658536585365857,1.1590909090909092,0.3455555752732714,115.8974358974359,163.52179996566178
2024-11-29,Brighton and Hove Albion,Southampton,1,1,D,22,10,5,2,20,16,7,6,2,4.0,0,0.0,2024,H,,,1,0.0,0.0,0.0,0,2,2.3333333333333335,1.3636363636363635,0.889763779527559,0.2635349594029151,115.8974358974359,163.78533492506472
2024-12-05,Brighton and Hove Albion,Fulham,1,3,H,6,13,2,3,7,8,5,6,2,,0,,2024,A,2.0,0.0,0,0.0,0.0,0.0,0,2,1.3333333333333333,1.355421686746988,1.1640625,0.1757409681629432,115.8974358974359,163.96107589322764
2024-12-08,Brighton and Hove Albion,Leicester City,2,2,D,10,16,3,7,9,10,5,5,2,,0,,2024,A,1.0,0.0,1,0.0,0.0,0.0,0,2,0.6666666666666666,1.3532934131736527,1.2868217054263569,0.22330209030609632,115.8974358974359,164.18437798353375
2024-12-15,Brighton and Hove Albion,Crystal Palace,1,3,A,17,13,5,5,11,15,8,5,1,4.0,0,0.0,2024,H,,,0,0.0,0.0,0.0,0,1,0.3333333333333333,1.3452380952380951,1.2023809523809523,0.17720283267753123,115.8974358974359,164.36158081621127
2024-12-21,Brighton and Hove Albion,West Ham United,1,1,D,11,12,4,6,14,20,8,4,2,,0,,2024,A,2.0,0.0,1,0.0,0.0,0.0,0,2,0.6666666666666666,1.343195266272189,1.378698224852071,0.21399247642354097,115.8974358974359,164.57557329263483
2024-12-27,Brighton and Hove Albion,Brentford,0,0,D,24,8,7,3,6,12,5,3,0,2.0,0,0.0,2024,H,,,1,0.0,0.0,0.0,1,0,0.6666666666666666,1.3411764705882352,1.2727272727272727,0.45242900082001936,115.8974358974359,165.02800229345485
2024-12-30,Brighton and Hove Albion,Aston Villa,2,2,D,20,13,4,4,9,14,12,3,3,,0,,2024,A,2.0,0.0,1,0.0,0.0,0.0,0,3,1.0,1.3391812865497077,1.5087719298245614,0.19546786317173528,115.8974358974359,165.22347015662658
2025-01-04,Brighton and Hove Albion,Arsenal,1,1,D,11,9,4,3,17,14,2,5,2,3.0,0,0.0,2025,H,,,1,0.0,0.0,0.0,0,2,1.0,1.337209302325581,1.994186046511628,0.1516266619055186,115.8974358974359,165.37509681853209
2025-01-16,Brighton and Hove Albion,Ipswich Town,2,0,A,5,11,3,5,13,14,1,9,2,,0,,2025,A,2.0,0.0,3,0.0,0.0,0.0,1,2,1.6666666666666667,1.346820809248555,0.7619047619047619,0.6135001942264471,115.8974358974359,165.98859701275853
2025-01-19,Brighton and Hove Albion,Manchester United,3,1,A,10,6,1,3,13,12,4,2,3,,0,,2025,A,3.0,0.0,3,0.0,0.0,0.0,0,3,2.3333333333333335,1.3563218390804597,1.6839080459770115,0.2977217662531645,115.8974358974359,166.2863187790117
2025-01-25,Brighton and Hove Albion,Everton,0,1,A,16,3,1,1,8,11,9,1,3,4.0,0,0.0,2025,H,,,0,0.0,0.0,0.0,0,3,2.0,1.3485714285714283,1.1781609195402298,0.16896783542043634,115.8974358974359,166.45528661443214
2025-02-01,Brighton and Hove Albion,Nottingham Forest,0,7,H,14,10,9,5,8,13,4,6,3,,0,,2025,A,1.0,0.0,0,0.0,0.0,0.0,0,3,1.0,1.3409090909090908,1.21,0.16574166242967853,115.8974358974359,166.6210282768618
2025-02-14,Brighton and Hove Albion,Chelsea,3,0,H,13,8,5,0,12,15,2,9,1,2.0,0,0.0,2025,H,,,3,0.0,0.0,0.0,1,1,1.0,1.3502824858757063,1.6440677966101696,0.529457434845496,115.8974358974359,167.15048571170732
2025-02-22,Brighton and Hove Albion,Southampton,4,0,A,6,18,1,12,11,12,5,6,0,,0,,2025,A,2.0,0.0,3,0.0,0.0,0.0,1,0,2.0,1.3595505617977528,0.8357142857142857,0.616710414571686,115.8974358974359,167.767196126279
2025-02-25,Brighton and Hove Albion,Bournemouth,2,1,H,11,19,4,5,12,14,1,9,2,1.0,0,0.0,2025,H,,,3,0.0,0.0,0.0,0,2,3.0,1.3687150837988826,1.2621359223300972,0.34580343788054924,115.8974358974359,168.11299956415957
2025-03-08,Brighton and Hove Albion,Fulham,2,1,H,9,6,4,1,6,12,3,7,0,2.0,0,0.0,2025,H,,,3,0.0,0.0,0.0,0,0,3.0,1.3777777777777778,1.1901408450704225,0.3637876673713106,115.8974358974359,168.47678723153086
2025-03-15,Brighton and Hove Albion,Manchester City,2,2,D,11,15,3,3,10,10,4,5,5,,0,,2025,A,2.0,0.0,1,0.0,0.0,0.0,0,5,2.3333333333333335,1.3756906077348066,2.248618784530387,0.10981191279227612,115.8974358974359,168.58659914432315
2025-04-02,Brighton and Hove Albion,Aston Villa,0,3,A,11,8,4,5,16,11,4,0,1,3.0,0,0.0,2025,H,,,0,0.0,0.0,0.0,0,1,1.3333333333333333,1.3681318681318682,1.521978021978022,0.14481887500757878,115.8974358974359,168.7314180193307
2025-04-05,Brighton and Hove Albion,Crystal Palace,1,2,H,8,11,3,5,12,13,2,4,1,,1,,2025,A,0.0,2.0,0,0.0,0.0,0.0,0,3,0.3333333333333333,1.360655737704918,1.2582417582417582,0.16085344784499916,115.8974358974359,168.8922714671757
2025-04-12,Brighton and Hove Albion,Leicester City,2,2,D,21,15,7,6,9,11,3,6,2,5.0,0,0.0,2025,H,,,1,0.0,0.0,0.0,0,2,0.3333333333333333,1.358695652173913,1.1643835616438356,0.23570843580369308,115.8974358974359,169.1279799029794
2025-04-19,Brighton and Hove Albion,Brentford,2,4,H,16,12,8,3,7,11,4,8,3,,1,,2025,A,3.0,0.0,0,0.0,0.0,0.0,0,5,0.3333333333333333,1.351351351351351,1.2925170068027212,0.14669127259721626,115.8974358974359,169.27467117557663
2025-04-26,Brighton and Hove Albion,West Ham United,3,2,H,16,12,9,4,7,9,8,1,1,1.0,0,0.0,2025,H,,,3,0.0,0.0,0.0,0,1,1.3333333333333333,1.3602150537634408,1.3387096774193548,0.3433889899335779,115.8974358974359,169.6180601655102
2025-05-04,Brighton and Hove Albion,Newcastle United,1,1,D,5,13,2,5,15,10,1,4,2,1.0,0,0.0,2025,H,,,1,0.0,0.0,0.0,0,2,1.3333333333333333,1.358288770053476,1.5401069518716577,0.19763734090883434,115.8974358974359,169.81569750641904
2025-05-10,Brighton and Hove Albion,Wolverhampton Wanderers,2,0,A,10,7,3,2,8,12,7,4,1,,0,,2025,A,1.0,0.0,3,0.0,0.0,0.0,1,1,2.3333333333333335,1.3670212765957446,1.1914893617021276,0.5753160558174379,115.8974358974359,170.39101356223648
2025-05-19,Brighton and Hove Albion,Liverpool,3,2,H,25,18,12,5,9,8,3,3,1,0.0,0,0.0,2025,H,,,3,0.0,0.0,0.0,0,1,2.3333333333333335,1.3756613756613756,2.0793650793650795,0.26834026306361203,115.8974358974359,170.6593538253001
2025-05-25,Brighton and Hove Albion,Tottenham Hotspur,4,1,A,4,23,2,8,13,8,2,11,1,,0,,2025,A,3.0,0.0,3,0.0,0.0,0.0,0,1,3.0,1.3842105263157896,1.563157894736842,0.3206462233059942,115.8974358974359,170.9800000486061
2025-08-16,Brighton and Hove Albion,Fulham,1,1,D,10,7,4,2,16,15,4,3,3,3.0,0,0.0,2025,H,,,1,0.0,0.0,0.0,0,3,2.3333333333333335,1.382198952879581,1.1895424836601307,0.22781457049488052,115.8974358974359,171.20781461910096
2025-08-24,Brighton and Hove Albion,Everton,0,2,H,11,13,3,4,7,15,2,2,3,,0,,2025,A,4.0,0.0,0,0.0,0.0,0.0,0,3,1.3333333333333333,1.375,1.2135416666666667,0.16538279436008385,115.8974358974359,171.37319741346104
2025-08-31,Brighton and Hove Albion,Manchester City,2,1,H,12,12,7,3,16,14,3,2,2,2.0,0,0.0,2025,H,,,3,0.0,0.0,0.0,0,2,1.3333333333333333,1.383419689119171,2.243523316062176,0.2463619509591811,115.8974358974359,171.61955936442024
2025-09-13,Brighton and Hove Albion,Bournemouth,1,2,H,13,6,5,2,16,10,4,4,4,,0,,2025,A,4.0,0.0,0,0.0,0.0,0.0,0,4,1.0,1.3762886597938144,1.2881355932203389,0.15247980585633508,115.8974358974359,171.77203917027657
2025-09-20,Brighton and Hove Albion,Tottenham Hotspur,2,2,D,12,11,4,3,10,13,2,10,1,2.0,0,0.0,2025,H,,,1,0.0,0.0,0.0,0,1,1.3333333333333333,1.3743589743589744,1.5743589743589743,0.1995112464152542,115.8974358974359,171.97155041669183
2025-09-27,Brighton and Hove Albion,Chelsea,3,1,A,13,12,3,3,9,16,5,7,5,,0,,2025,A,3.0,1.0,3,0.0,0.0,0.0,0,5,1.3333333333333333,1.3826530612244898,1.6581632653061225,0.2896412678131323,115.8974358974359,172.26119168450495
2025-10-05,Brighton and Hove Albion,Wolverhampton Wanderers,1,1,D,6,17,3,6,13,9,2,8,4,,0,,2025,A,2.0,0.0,1,0.0,0.0,0.0,0,4,1.6666666666666667,1.380710659898477,1.1522842639593909,0.22624527530115768,115.8974358974359,172.4874369598061
2025-10-18,Brighton and Hove Albion,Newcastle United,2,1,H,13,16,5,3,9,9,8,4,0,1.0,0,0.0,2025,H,,,3,0.0,0.0,0.0,0,0,2.3333333333333335,1.3888888888888888,1.5151515151515151,0.3308551633422264,115.8974358974359,172.81829212314835
2025-10-25,Brighton and Hove Albion,Manchester United,2,4,H,13,17,9,5,4,13,1,6,2,,0,,2025,A,2.0,0.0,0,0.0,0.0,0.0,0,2,1.3333333333333333,1.3819095477386936,1.6331658291457287,0.12820792171467146,115.8974358974359,172.946500044863
2025-11-01,Brighton and Hove Albion,Leeds United,3,0,H,14,5,7,2,10,7,4,7,0,1.0,0,0.0,2025,H,,,3,0.0,0.0,0.0,1,0,2.0,1.39,1.1209677419354838,0.5878064078387044,115.8974358974359,173.5343064527017
2025-11-09,Brighton and Hove Albion,Crystal Palace,0,0,D,10,7,2,3,10,12,4,8,4,,0,,2025,A,1.0,0.0,1,0.0,0.0,0.0,1,4,1.3333333333333333,1.388059701492537,1.27363184079602,0.4309590401527601,115.8974358974359,173.96526549285448
2020-09-20,Burnley,Leicester City,2,4,H,14,16,6,5,11,13,15,4,2,,0,,2020,A,1.0,0.0,0,0.0,0.0,0.0,0,2,0.0,0.0,3.0,-0.010289906149001549,139.23076923076923,139.22047932462021
2020-09-26,Burnley,Southampton,0,1,A,10,5,2,1,8,10,8,2,1,0.0,0,0.0,2020,H,,,0,0.0,0.0,0.0,0,1,0.0,0.0,1.0,0.19770957951151258,139.23076923076923,139.41818890413174
2020-10-03,Burnley,Newcastle United,1,3,H,10,7,5,3,13,17,3,4,3,,0,,2020,A,2.0,0.0,0,0.0,0.0,0.0,0,3,0.0,0.0,1.75,0.1110248367597142,139.23076923076923,139.52921374089146
2020-10-19,Burnley,West Brom,0,0,D,13,9,6,4,15,17,8,2,2,,0,,2020,A,2.0,0.0,1,0.0,0.0,0.0,1,2,0.3333333333333333,0.25,0.4,0.5301710826825078,139.23076923076923,140.05938482357396
2020-10-26,Burnley,Tottenham Hotspur,0,1,A,13,9,4,3,9,7,4,5,2,0.0,0,0.0,2020,H,,,0,0.0,0.0,0.0,0,2,0.3333333333333333,0.2,1.8333333333333333,0.10792545795277328,139.23076923076923,140.16731028152674
2020-10-31,Burnley,Chelsea,0,3,A,5,14,0,9,10,15,3,4,1,0.0,0,0.0,2020,H,,,0,0.0,0.0,0.0,0,1,0.3333333333333333,0.1666666666666666,1.7142857142857142,0.1253328259798137,139.23076923076923,140.29264310750654
2020-11-06,Burnley,Brighton and Hove Albion,0,0,D,19,4,3,1,11,5,5,3,0,,0,,2020,A,1.0,0.0,1,0.0,0.0,0.0,1,0,0.3333333333333333,0.2857142857142857,0.75,0.5053956249954898,139.23076923076923,140.79803873250205
2020-11-23,Burnley,Crystal Palace,1,0,H,10,15,4,5,13,9,4,7,2,0.0,0,0.0,2020,H,,,3,0.0,0.0,0.0,1,2,1.3333333333333333,0.625,1.4444444444444444,0.544340185296157,139.23076923076923,141.3423789177982
2020-11-28,Burnley,Manchester City,0,5,H,19,9,6,1,12,4,6,4,0,,0,,2020,A,0.0,0.0,0,0.0,0.0,0.0,0,0,1.3333333333333333,0.5555555555555556,1.6666666666666667,0.13550251865368423,139.23076923076923,141.47788143645187
2020-12-05,Burnley,Everton,1,1,D,8,13,3,6,6,9,8,4,0,0.0,0,0.0,2020,H,,,1,0.0,0.0,0.0,0,0,1.3333333333333333,0.6,1.5454545454545454,0.207784634404518,139.23076923076923,141.6856660708564
2020-12-13,Burnley,Arsenal,1,0,A,18,10,6,2,5,11,13,4,1,,0,,2020,A,2.0,1.0,3,0.0,0.0,0.0,1,1,1.3333333333333333,0.8181818181818182,1.0833333333333333,0.5862752309089398,139.23076923076923,142.27194130176534
2020-12-17,Burnley,Aston Villa,0,0,D,27,6,7,4,17,19,11,1,1,,0,,2020,A,1.0,0.0,1,0.0,0.0,0.0,1,1,1.6666666666666667,0.8333333333333334,1.7272727272727273,0.40102649098263554,139.23076923076923,142.67296779274798
2020-12-21,Burnley,Wolverhampton Wanderers,2,1,H,10,15,4,3,11,15,1,7,2,1.0,0,0.0,2020,H,,,3,0.0,0.0,0.0,0,2,2.3333333333333335,1.0,1.4285714285714286,0.32893895162073594,139.23076923076923,143.0019067443687
2020-12-27,Burnley,Leeds United,0,1,H,11,14,4,6,8,14,4,12,3,,0,,2020,A,0.0,0.0,0,0.0,0.0,0.0,0,3,1.3333333333333333,0.9285714285714286,1.3333333333333333,0.1532446096532052,139.23076923076923,143.1551513540219
2020-12-29,Burnley,Sheffield United,1,0,H,5,7,3,3,13,17,3,5,1,2.0,0,0.0,2020,H,,,3,0.0,0.0,0.0,1,1,2.0,1.0666666666666669,0.125,0.6833807085639692,139.23076923076923,143.83853206258587
2021-01-12,Burnley,Manchester United,0,1,A,11,13,0,7,15,13,3,4,1,2.0,0,0.0,2021,H,,,0,0.0,0.0,0.0,0,1,1.0,1.0,2.1176470588235294,0.08446124751485434,139.23076923076923,143.92299331010074
2021-01-16,Burnley,West Ham United,0,1,H,15,10,4,2,12,9,7,4,1,,0,,2021,A,2.0,0.0,0,0.0,0.0,0.0,0,1,1.0,0.9411764705882352,1.6111111111111112,0.13578724593439243,139.23076923076923,144.05878055603512
2021-01-21,Burnley,Liverpool,1,0,A,27,6,6,4,11,8,12,0,1,,0,,2021,A,2.0,0.0,3,0.0,0.0,0.0,1,1,1.0,1.0555555555555556,1.7894736842105263,0.5147238263210234,139.23076923076923,144.57350438235616
2021-01-27,Burnley,Aston Villa,3,2,H,10,18,5,10,16,7,2,4,1,0.0,0,0.0,2021,H,,,3,0.0,0.0,0.0,0,1,2.0,1.1578947368421053,1.6111111111111112,0.31578724593439245,139.23076923076923,144.88929162829055
2021-01-31,Burnley,Chelsea,0,2,H,19,1,8,0,7,9,4,2,1,,0,,2021,A,0.0,0.0,0,0.0,0.0,0.0,0,1,2.0,1.1,1.5714285714285714,0.13980817668615347,139.23076923076923,145.0290998049767
2021-02-03,Burnley,Manchester City,0,2,A,2,17,0,6,8,5,1,3,2,1.0,0,0.0,2021,H,,,0,0.0,0.0,0.0,0,2,1.0,1.0476190476190477,2.238095238095238,0.06691196428481058,139.23076923076923,145.0960117692615
2021-02-06,Burnley,Brighton and Hove Albion,1,1,D,20,10,7,2,8,10,8,7,2,0.0,0,0.0,2021,H,,,1,0.0,0.0,0.0,0,2,0.3333333333333333,1.0454545454545454,1.0869565217391304,0.24355392070111367,139.23076923076923,145.33956568996263
2021-02-13,Burnley,Crystal Palace,3,0,A,13,16,3,4,15,14,7,4,0,,0,,2021,A,0.0,0.0,3,0.0,0.0,0.0,1,0,1.3333333333333333,1.1304347826086956,1.2083333333333333,0.5789538748126498,139.23076923076923,145.91851956477527
2021-02-17,Burnley,Fulham,1,1,D,8,8,3,3,7,13,5,5,1,1.0,0,0.0,2021,H,,,1,0.0,0.0,0.0,0,1,1.6666666666666667,1.125,0.7916666666666666,0.2788194659582581,139.23076923076923,146.19733903073353
2021-02-20,Burnley,West Brom,0,0,D,6,10,1,3,16,10,5,5,3,0.0,0,1.0,2021,H,,,1,0.0,0.0,0.0,1,3,1.6666666666666667,1.12,0.56,0.50861411411965,139.23076923076923,146.70595314485317
2021-02-28,Burnley,Tottenham Hotspur,0,4,H,16,10,7,3,6,10,3,4,0,,0,,2021,A,0.0,0.0,0,0.0,0.0,0.0,0,0,0.6666666666666666,1.0769230769230769,1.56,0.14631078051441793,139.23076923076923,146.8522639253676
2021-03-03,Burnley,Leicester City,1,1,D,12,15,7,4,6,12,5,8,0,2.0,0,0.0,2021,H,,,1,0.0,0.0,0.0,0,0,0.6666666666666666,1.0740740740740742,1.851851851851852,0.176738175145466,139.23076923076923,147.02900210051305
2021-03-06,Burnley,Arsenal,1,1,D,9,15,5,3,5,12,2,4,1,1.0,0,0.0,2021,H,,,1,0.0,0.0,0.0,0,1,0.6666666666666666,1.0714285714285714,1.4074074074074074,0.21642802379343246,139.23076923076923,147.2454301243065
2021-03-13,Burnley,Everton,2,1,A,14,14,4,5,9,6,7,4,4,,0,,2021,A,0.0,0.0,3,0.0,0.0,0.0,0,4,1.6666666666666667,1.137931034482759,1.6428571428571428,0.2965367740177117,139.23076923076923,147.5419668983242
2021-04-04,Burnley,Southampton,2,3,H,24,7,9,5,11,10,6,7,0,,0,,2021,A,0.0,0.0,0,0.0,0.0,0.0,0,0,1.3333333333333333,1.1,1.2,0.18278866429439417,139.23076923076923,147.7247555626186
2021-04-11,Burnley,Newcastle United,1,2,A,24,10,4,5,11,12,13,3,1,0.0,0,0.0,2021,H,,,0,0.0,0.0,0.0,0,1,1.0,1.064516129032258,1.032258064516129,0.19444095193266164,139.23076923076923,147.91919651455126
2021-04-18,Burnley,Manchester United,1,3,H,17,10,9,3,9,12,8,3,2,,0,,2021,A,1.0,0.0,0,0.0,0.0,0.0,0,2,0.0,1.03125,2.0625,0.08470458286135321,139.23076923076923,148.0039010974126
2021-04-25,Burnley,Wolverhampton Wanderers,4,0,A,12,14,2,7,8,9,8,5,2,,0,,2021,A,1.0,0.0,3,0.0,0.0,0.0,1,2,1.0,1.0909090909090908,1.2424242424242424,0.5648103782142133,139.23076923076923,148.56871147562683
2021-05-03,Burnley,West Ham United,1,2,A,8,22,3,4,4,8,5,4,2,1.0,0,0.0,2021,H,,,0,0.0,0.0,0.0,0,2,1.0,1.0588235294117647,1.7058823529411764,0.1208397414260764,139.23076923076923,148.6895512170529
2021-05-10,Burnley,Fulham,2,0,A,21,14,3,5,11,10,8,4,0,,0,,2021,A,2.0,0.0,3,0.0,0.0,0.0,1,0,2.0,1.1142857142857143,0.7714285714285715,0.6232243223895388,139.23076923076923,149.31277553944244
2021-05-15,Burnley,Leeds United,0,4,A,16,16,4,6,10,10,6,8,1,1.0,0,0.0,2021,H,,,0,0.0,0.0,0.0,0,1,1.0,1.0833333333333333,1.4722222222222223,0.14986050356555608,139.23076923076923,149.462636043008
2021-05-19,Burnley,Liverpool,0,3,A,10,20,4,3,10,7,6,7,0,0.0,0,0.0,2021,H,,,0,0.0,0.0,0.0,0,0,1.0,1.054054054054054,1.7837837837837838,0.12363533924578407,139.23076923076923,149.58627138225378
2021-05-23,Burnley,Sheffield United,0,1,H,12,10,3,3,11,1,8,9,1,,0,,2021,A,3.0,0.0,0,0.0,0.0,0.0,0,1,0.0,1.0263157894736843,0.6052631578947368,0.23770725909481982,139.23076923076923,149.82397864134862
2021-08-14,Burnley,Brighton and Hove Albion,1,2,A,14,14,3,8,10,7,7,6,2,1.0,0,0.0,2021,H,,,0,0.0,0.0,0.0,0,2,0.0,1.0,1.1282051282051282,0.1793743043879119,139.23076923076923,150.0033529457365
2021-08-21,Burnley,Liverpool,0,2,H,27,9,9,3,6,12,8,4,0,,0,,2021,A,0.0,0.0,0,0.0,0.0,0.0,0,0,0.0,0.975,1.875,0.11439263220693874,139.23076923076923,150.11774557794345
2021-08-29,Burnley,Leeds United,1,1,D,12,12,3,2,13,9,5,5,4,3.0,0,0.0,2021,H,,,1,0.0,0.0,0.0,0,4,0.3333333333333333,0.975609756097561,1.4878048780487805,0.1922478253941049,139.23076923076923,150.30999340333756
2021-09-13,Burnley,Everton,1,3,H,14,11,6,6,3,6,4,6,1,,0,,2021,A,1.0,0.0,0,0.0,0.0,0.0,0,1,0.3333333333333333,0.9523809523809524,1.6428571428571428,0.1325705013329836,139.23076923076923,150.44256390467055
2021-09-18,Burnley,Arsenal,0,1,A,18,13,3,3,9,8,8,3,2,1.0,0,0.0,2021,H,,,0,0.0,0.0,0.0,0,2,0.3333333333333333,0.9302325581395348,1.558139534883721,0.13581014516614873,139.23076923076923,150.5783740498367
2021-09-25,Burnley,Leicester City,2,2,D,22,9,5,3,10,8,8,4,4,,0,,2021,A,2.0,0.0,1,0.0,0.0,0.0,0,4,0.3333333333333333,0.9318181818181818,1.6590909090909092,0.1748918478010822,139.23076923076923,150.7532658976378
2021-10-02,Burnley,Norwich City,0,0,D,14,10,4,2,13,3,9,5,5,2.0,0,0.0,2021,H,,,1,0.0,0.0,0.0,1,5,0.6666666666666666,0.9333333333333332,0.1428571428571428,0.5401929866386475,139.23076923076923,151.29345888427642
2021-10-16,Burnley,Manchester City,0,2,H,15,7,6,2,11,5,6,2,0,,0,,2021,A,1.0,0.0,0,0.0,0.0,0.0,0,0,0.6666666666666666,0.9130434782608696,2.239130434782609,0.07749622198262704,139.23076923076923,151.37095510625906
2021-10-23,Burnley,Southampton,2,2,D,16,9,4,5,10,11,6,2,3,,0,,2021,A,1.0,0.0,1,0.0,0.0,0.0,0,3,0.6666666666666666,0.9148936170212766,1.0851063829787233,0.2383968147812424,139.23076923076923,151.6093519210403
2021-10-30,Burnley,Brentford,3,1,H,15,12,6,5,7,10,4,2,1,1.0,0,0.0,2021,H,,,3,0.0,0.0,0.0,0,1,1.3333333333333333,0.9583333333333334,1.2,0.35744408852263687,139.23076923076923,151.96679600956293
2021-11-06,Burnley,Chelsea,1,1,D,25,5,4,2,6,9,14,2,4,,0,,2021,A,1.0,0.0,1,0.0,0.0,0.0,0,4,1.6666666666666667,0.9591836734693876,1.8979591836734695,0.1506879334706764,139.23076923076923,152.11748394303362
2021-11-20,Burnley,Crystal Palace,3,3,D,15,18,9,8,14,15,3,6,2,3.0,0,0.0,2021,H,,,1,0.0,0.0,0.0,0,2,1.6666666666666667,0.96,1.2,0.2320995127508796,139.23076923076923,152.34958345578448
2021-12-01,Burnley,Wolverhampton Wanderers,0,0,D,16,6,2,1,5,7,5,5,3,,0,,2021,A,2.0,0.0,1,0.0,0.0,0.0,1,3,1.0,0.9607843137254902,1.2692307692307692,0.43674956530525233,139.23076923076923,152.78633302108975
2021-12-04,Burnley,Newcastle United,0,1,H,19,10,4,1,11,9,10,3,1,,0,,2021,A,1.0,0.0,0,0.0,0.0,0.0,0,1,0.6666666666666666,0.9423076923076924,1.0377358490566038,0.19388590196644168,139.23076923076923,152.98021892305619
2021-12-12,Burnley,West Ham United,0,0,D,9,16,1,3,13,11,6,4,2,1.0,0,0.0,2021,H,,,1,0.0,0.0,0.0,1,2,0.6666666666666666,0.9433962264150944,1.7222222222222223,0.39619367003382966,139.23076923076923,153.37641259309
2021-12-30,Burnley,Manchester United,1,3,H,18,10,6,3,5,10,7,5,0,,0,,2021,A,0.0,0.0,0,0.0,0.0,0.0,0,0,0.3333333333333333,0.925925925925926,1.875,0.11439263220693874,139.23076923076923,153.49080522529695
2022-01-02,Burnley,Leeds United,1,3,H,22,8,7,2,11,7,9,3,1,,0,,2022,A,2.0,0.0,0,0.0,0.0,0.0,0,1,0.3333333333333333,0.9090909090909092,1.368421052631579,0.1603784119004258,139.23076923076923,153.65118363719736
2022-01-23,Burnley,Arsenal,0,0,D,20,10,5,1,9,13,12,4,2,,0,,2022,A,0.0,0.0,1,0.0,0.0,0.0,1,2,0.3333333333333333,0.9107142857142856,1.6440677966101696,0.40411285907373873,139.23076923076923,154.05529649627113
2022-02-05,Burnley,Watford,0,0,D,13,11,2,5,16,9,4,7,1,2.0,0,0.0,2022,H,,,1,0.0,0.0,0.0,1,1,0.6666666666666666,0.912280701754386,0.7142857142857143,0.5036698869003176,139.23076923076923,154.55896638317142
2022-02-08,Burnley,Manchester United,1,1,D,9,22,3,5,11,10,2,10,2,1.0,0,0.0,2022,H,,,1,0.0,0.0,0.0,0,2,1.0,0.913793103448276,1.852459016393443,0.16598750116421956,139.23076923076923,154.72495388433566
2022-02-13,Burnley,Liverpool,0,1,A,8,12,5,4,7,6,5,8,0,1.0,0,0.0,2022,H,,,0,0.0,0.0,0.0,0,0,0.6666666666666666,0.8983050847457628,1.9838709677419355,0.10336101412831691,139.23076923076923,154.82831489846396
2022-02-19,Burnley,Brighton and Hove Albion,3,0,A,11,10,1,4,12,12,4,4,4,,0,,2022,A,1.0,0.0,3,0.0,0.0,0.0,1,4,1.3333333333333333,0.9333333333333332,1.1746031746031746,0.5609933628646175,139.23076923076923,155.38930826132858
2022-02-23,Burnley,Tottenham Hotspur,1,0,H,15,12,4,2,8,8,3,7,0,0.0,0,0.0,2022,H,,,3,0.0,0.0,0.0,1,0,2.0,0.9672131147540984,1.6290322580645162,0.5363255234718024,139.23076923076923,155.9256337848004
2022-02-26,Burnley,Crystal Palace,1,1,D,11,5,4,1,5,17,5,4,2,,0,,2022,A,0.0,0.0,1,0.0,0.0,0.0,0,2,2.3333333333333335,0.967741935483871,1.1384615384615384,0.23833504843976444,139.23076923076923,156.16396883324015
2022-03-01,Burnley,Leicester City,0,2,A,9,22,2,6,10,13,6,8,1,1.0,0,0.0,2022,H,,,0,0.0,0.0,0.0,0,1,1.3333333333333333,0.9523809523809524,1.5483870967741935,0.14214291067104698,139.23076923076923,156.3061117439112
2022-03-05,Burnley,Chelsea,0,4,A,6,11,1,5,12,7,5,2,2,0.0,0,0.0,2022,H,,,0,0.0,0.0,0.0,0,2,0.3333333333333333,0.9375,1.875,0.10370348066342416,139.23076923076923,156.40981522457463
2022-03-12,Burnley,Brentford,0,2,H,13,7,4,1,6,10,2,9,1,,1,,2022,A,1.0,0.0,0,0.0,0.0,0.0,0,3,0.0,0.9230769230769232,1.0344827586206895,0.1835263777975022,139.23076923076923,156.59334160237213
2022-04-02,Burnley,Manchester City,0,2,A,3,18,1,6,11,6,1,8,1,0.0,0,0.0,2022,H,,,0,0.0,0.0,0.0,0,1,0.0,0.9090909090909092,2.338235294117647,0.06210960304182969,139.23076923076923,156.65545120541395
2022-04-06,Burnley,Everton,3,2,H,13,16,4,4,11,16,9,6,2,2.0,0,0.0,2022,H,,,3,0.0,0.0,0.0,0,2,1.0,0.9402985074626866,1.2537313432835822,0.3466550524852115,139.23076923076923,157.00210625789916
2022-04-10,Burnley,Norwich City,0,2,H,17,18,6,4,12,10,6,7,1,,0,,2022,A,1.0,0.0,0,0.0,0.0,0.0,0,1,1.0,0.9264705882352942,0.6774193548387096,0.2303958553000217,139.23076923076923,157.2325021131992
2022-04-17,Burnley,West Ham United,1,1,D,21,9,8,1,9,10,13,4,2,,0,,2022,A,2.0,0.0,1,0.0,0.0,0.0,0,2,1.3333333333333333,0.927536231884058,1.647887323943662,0.18671623011381996,139.23076923076923,157.419218343313
2022-04-21,Burnley,Southampton,2,0,H,16,11,6,3,7,7,10,10,2,2.0,0,0.0,2022,H,,,3,0.0,0.0,0.0,1,2,1.3333333333333333,0.9571428571428572,1.1549295774647887,0.5736759899357657,139.23076923076923,157.99289433324878
2022-04-24,Burnley,Wolverhampton Wanderers,1,0,H,14,10,5,4,8,7,3,6,3,1.0,0,0.0,2022,H,,,3,0.0,0.0,0.0,1,3,2.3333333333333335,0.9859154929577464,1.323943661971831,0.5512056471311557,139.23076923076923,158.54409998037994
2022-04-30,Burnley,Watford,2,1,A,13,17,1,6,13,9,5,6,2,,0,,2022,A,1.0,0.0,3,0.0,0.0,0.0,0,2,3.0,1.0138888888888888,0.6470588235294118,0.4081276348965947,139.23076923076923,158.9522276152765
2022-05-07,Burnley,Aston Villa,1,3,A,14,12,6,7,13,11,4,5,1,2.0,0,0.0,2022,H,,,0,0.0,0.0,0.0,0,1,2.0,1.0,1.3611111111111112,0.16111910967048704,139.23076923076923,159.113346724947
2022-05-15,Burnley,Tottenham Hotspur,0,1,H,21,8,8,1,12,8,8,2,2,,0,,2022,A,3.0,0.0,0,0.0,0.0,0.0,0,2,1.0,0.9864864864864864,1.7333333333333334,0.1180582034472111,139.23076923076923,159.23140492839423
2022-05-19,Burnley,Aston Villa,1,1,D,22,10,9,5,11,20,13,6,1,,1,,2022,A,0.0,0.0,1,0.0,0.0,0.0,0,3,0.3333333333333333,0.9866666666666668,1.3333333333333333,0.21324460965320519,139.23076923076923,159.44464953804743
2022-05-22,Burnley,Newcastle United,1,2,A,12,8,5,6,8,9,8,2,1,0.0,0,0.0,2022,H,,,0,0.0,0.0,0.0,0,1,0.3333333333333333,0.9736842105263158,1.236842105263158,0.1737109717615282,139.23076923076923,159.61836050980895
2023-08-11,Burnley,Manchester City,0,3,A,6,17,1,8,11,8,6,5,0,0.0,1,0.0,2023,H,,,0,0.0,0.0,0.0,0,2,0.3333333333333333,0.961038961038961,2.356521739130435,0.05491210833694629,139.23076923076923,159.67327261814592
2023-08-27,Burnley,Aston Villa,1,3,A,9,16,2,6,12,11,4,6,2,0.0,0,0.0,2023,H,,,0,0.0,0.0,0.0,0,2,0.0,0.9487179487179488,1.4273504273504274,0.149062672566944,139.23076923076923,159.82233529071283
2023-09-02,Burnley,Tottenham Hotspur,2,5,A,16,20,4,10,15,9,7,4,4,3.0,0,0.0,2023,H,,,0,0.0,0.0,0.0,0,4,0.0,0.9367088607594936,1.7203389830508475,0.1086857363464766,139.23076923076923,159.93102102705933
2023-09-18,Burnley,Nottingham Forest,1,1,D,14,10,4,3,16,10,5,4,3,,1,,2023,A,2.0,0.0,1,0.0,0.0,0.0,0,5,0.3333333333333333,0.9375,1.0465116279069768,0.23161837154334952,139.23076923076923,160.16263939860266
2023-09-23,Burnley,Manchester United,0,1,A,12,11,4,4,6,12,9,5,1,2.0,0,0.0,2023,H,,,0,0.0,0.0,0.0,0,1,0.3333333333333333,0.925925925925926,1.8,0.11664761555600983,139.23076923076923,160.27928701415868
2023-09-30,Burnley,Newcastle United,0,2,H,20,8,8,2,7,15,5,3,3,,0,,2023,A,1.0,0.0,0,0.0,0.0,0.0,0,3,0.3333333333333333,0.9146341463414634,1.462809917355372,0.14012507691936005,139.23076923076923,160.41941209107804
2023-10-03,Burnley,Luton Town,2,1,A,18,14,3,4,14,6,7,6,2,,0,,2023,A,4.0,0.0,3,0.0,0.0,0.0,0,2,1.0,0.9397590361445785,0.5714285714285714,0.4157910558587746,139.23076923076923,160.8352031469368
2023-10-07,Burnley,Chelsea,1,4,A,10,9,3,5,11,8,7,3,2,4.0,0,0.0,2023,H,,,0,0.0,0.0,0.0,0,2,1.0,0.9285714285714286,1.6065573770491803,0.13090408844562412,139.23076923076923,160.96610723538242
2023-10-21,Burnley,Brentford,0,3,H,23,6,10,1,14,12,5,5,2,,1,,2023,A,5.0,0.0,0,0.0,0.0,0.0,0,4,1.0,0.9176470588235294,1.3529411764705883,0.14591322103940127,139.23076923076923,161.11202045642185
2023-10-28,Burnley,Bournemouth,1,2,H,13,6,6,3,9,12,10,5,3,,0,,2023,A,2.0,0.0,0,0.0,0.0,0.0,0,3,0.0,0.9069767441860463,0.9375,0.19335339390202164,139.23076923076923,161.30537385032386
2023-11-04,Burnley,Crystal Palace,0,2,A,17,4,5,3,9,12,12,1,0,5.0,0,0.0,2023,H,,,0,0.0,0.0,0.0,0,0,0.0,0.896551724137931,1.216,0.1811674250152841,139.23076923076923,161.48654127533914
2023-11-11,Burnley,Arsenal,1,3,H,16,8,6,5,8,9,3,3,1,,0,,2023,A,0.0,1.0,0,0.0,0.0,0.0,0,1,0.0,0.8863636363636364,1.9126984126984128,0.10522817222100844,139.23076923076923,161.59176944756015
2023-11-25,Burnley,West Ham United,1,2,A,11,11,5,3,11,7,4,5,1,3.0,0,0.0,2023,H,,,0,0.0,0.0,0.0,0,1,0.0,0.8764044943820225,1.4251968503937007,0.15462546481075326,139.23076923076923,161.7463949123709
2023-12-02,Burnley,Sheffield United,5,0,H,19,6,7,3,9,12,6,1,2,5.0,0,1.0,2023,H,,,3,0.0,0.0,0.0,1,2,1.0,0.9,0.5384615384615384,0.6361411273825169,139.23076923076923,162.38253603975343
2023-12-05,Burnley,Wolverhampton Wanderers,0,1,H,7,12,4,3,11,15,6,8,4,,0,,2023,A,2.0,0.0,0,0.0,0.0,0.0,0,4,1.0,0.8901098901098901,1.2015503875968991,0.16125326437799392,139.23076923076923,162.54378930413142
2023-12-09,Burnley,Brighton and Hove Albion,1,1,D,29,6,11,3,5,8,9,1,4,,0,,2023,A,0.0,0.0,1,0.0,0.0,0.0,0,4,1.3333333333333333,0.8913043478260869,1.3846153846153846,0.20270375414071054,139.23076923076923,162.74649305827214
2023-12-16,Burnley,Everton,0,2,A,14,9,2,6,9,8,8,6,0,1.0,0,0.0,2023,H,,,0,0.0,0.0,0.0,0,0,0.3333333333333333,0.8817204301075269,1.2213740458015268,0.1806228866314609,139.23076923076923,162.9271159449036
2023-12-23,Burnley,Fulham,2,0,A,19,7,5,2,5,17,8,6,1,,0,,2023,A,2.0,0.0,3,0.0,0.0,0.0,1,1,1.3333333333333333,0.9042553191489362,1.074468085106383,0.5871735239492268,139.23076923076923,163.5142894688528
2023-12-26,Burnley,Liverpool,0,2,A,9,19,0,10,7,10,4,4,2,1.0,0,0.0,2023,H,,,0,0.0,0.0,0.0,0,2,1.0,0.8947368421052632,2.030075187969925,0.08799010654141057,139.23076923076923,163.60227957539422
2023-12-30,Burnley,Aston Villa,2,3,H,19,9,7,5,9,14,6,2,1,,1,,2023,A,4.0,0.0,0,0.0,0.0,0.0,0,3,1.0,0.8854166666666666,1.5149253731343284,0.1348443504220121,139.23076923076923,163.73712392581623
2024-01-12,Burnley,Luton Town,1,1,D,13,14,7,5,7,12,2,8,1,0.0,0,0.0,2024,H,,,1,0.0,0.0,0.0,0,1,0.3333333333333333,0.8865979381443299,0.8,0.2779750705003882,139.23076923076923,164.01509899631662
2024-01-31,Burnley,Manchester City,1,3,H,14,8,4,3,3,13,7,3,2,,0,,2024,A,2.0,0.0,0,0.0,0.0,0.0,0,2,0.3333333333333333,0.8775510204081632,2.325925925925926,0.0580123042209128,139.23076923076923,164.07311130053753
2024-02-03,Burnley,Fulham,2,2,D,12,15,4,7,11,7,2,13,2,2.0,0,0.0,2024,H,,,1,0.0,0.0,0.0,0,2,0.6666666666666666,0.8787878787878788,1.0707070707070707,0.24520043621843557,139.23076923076923,164.318311736756
2024-02-10,Burnley,Liverpool,1,3,H,25,9,10,4,11,13,9,3,2,,0,,2024,A,3.0,0.0,0,0.0,0.0,0.0,0,2,0.3333333333333333,0.87,2.0434782608695654,0.08663200727605605,139.23076923076923,164.40494374403204
2024-02-17,Burnley,Arsenal,0,5,A,8,16,0,7,11,8,4,6,2,1.0,0,0.0,2024,H,,,0,0.0,0.0,0.0,0,2,0.3333333333333333,0.8613861386138614,1.935251798561151,0.09759831925940138,139.23076923076923,164.50254206329143
2024-02-24,Burnley,Crystal Palace,0,3,H,15,2,6,0,8,13,12,3,1,,1,,2024,A,3.0,0.0,0,0.0,0.0,0.0,0,3,0.0,0.8529411764705882,1.1785714285714286,0.16892623958507327,139.23076923076923,164.67146830287652
2024-03-03,Burnley,Bournemouth,0,2,A,20,10,6,3,8,13,7,2,2,4.0,0,0.0,2024,H,,,0,0.0,0.0,0.0,0,2,0.0,0.8446601941747572,1.09375,0.1828655548387198,139.23076923076923,164.85433385771523
2024-03-10,Burnley,West Ham United,2,2,D,22,11,4,4,11,18,4,4,4,,0,,2024,A,2.0,0.0,1,0.0,0.0,0.0,0,4,0.3333333333333333,0.8461538461538461,1.4366197183098592,0.19743428736137125,139.23076923076923,165.0517681450766
2024-03-16,Burnley,Brentford,2,1,H,17,9,6,5,14,17,5,4,2,4.0,0,1.0,2024,H,,,3,0.0,0.0,0.0,0,2,1.3333333333333333,0.8666666666666667,1.2476190476190476,0.3472743958487663,139.23076923076923,165.39904254092536
2024-03-30,Burnley,Chelsea,2,2,D,33,18,13,7,12,7,12,4,2,,1,,2024,A,2.0,0.0,1,0.0,0.0,0.0,0,4,1.6666666666666667,0.8679245283018868,1.5845070422535212,0.18244924120762515,139.23076923076923,165.58149178213299
2024-04-02,Burnley,Wolverhampton Wanderers,1,1,D,13,8,6,2,10,12,7,4,0,2.0,0,0.0,2024,H,,,1,0.0,0.0,0.0,0,0,1.6666666666666667,0.8691588785046729,1.2430555555555556,0.23842595442873343,139.23076923076923,165.81991773656173
2024-04-06,Burnley,Everton,0,1,H,12,6,3,1,11,13,3,5,1,,1,,2024,A,2.0,0.0,0,0.0,0.0,0.0,0,3,0.6666666666666666,0.8611111111111112,1.1655172413793105,0.17024898714961811,139.23076923076923,165.99016672371135
2024-04-13,Burnley,Brighton and Hove Albion,1,1,D,11,20,3,8,18,8,4,5,1,2.0,0,0.0,2024,H,,,1,0.0,0.0,0.0,0,1,0.6666666666666666,0.8623853211009175,1.356164383561644,0.2216203489833778,139.23076923076923,166.21178707269473
2024-04-20,Burnley,Sheffield United,4,1,A,18,16,11,9,10,9,11,2,0,,0,,2024,A,1.0,0.0,3,0.0,0.0,0.0,0,0,1.3333333333333333,0.8818181818181818,0.5492957746478874,0.428722867370877,139.23076923076923,166.64050994006558
2024-04-27,Burnley,Manchester United,1,1,D,27,16,10,7,7,11,6,5,3,,0,,2024,A,1.0,0.0,1,0.0,0.0,0.0,0,3,1.6666666666666667,0.8828828828828829,1.7635135135135136,0.16965554682803338,139.23076923076923,166.81016548689362
2024-05-04,Burnley,Newcastle United,1,4,A,17,23,5,11,8,8,4,11,2,2.0,0,0.0,2024,H,,,0,0.0,0.0,0.0,0,2,1.3333333333333333,0.875,1.483221476510067,0.14340140135052545,139.23076923076923,166.95356688824415
2024-05-11,Burnley,Tottenham Hotspur,1,2,H,21,7,9,3,10,14,9,3,5,,0,,2024,A,3.0,0.0,0,0.0,0.0,0.0,0,5,0.3333333333333333,0.8672566371681416,1.7066666666666668,0.10472654159712266,139.23076923076923,167.05829342984129
2024-05-19,Burnley,Nottingham Forest,1,2,A,20,12,3,6,11,5,4,3,1,0.0,0,0.0,2024,H,,,0,0.0,0.0,0.0,0,1,0.0,0.8596491228070176,0.9736842105263158,0.20037609148373303,139.23076923076923,167.258669521325
2025-08-16,Burnley,Tottenham Hotspur,0,3,H,16,14,6,4,14,8,6,5,0,,0,,2025,A,0.0,0.0,0,0.0,0.0,0.0,0,0,0.0,0.8521739130434782,1.5706806282722514,0.14522853963438373,139.23076923076923,167.4038980609594
2025-08-23,Burnley,Sunderland,2,0,H,7,9,2,1,9,5,4,3,0,1.0,0,0.0,2025,H,,,3,0.0,0.0,0.0,1,0,1.0,0.8706896551724138,1.5,0.549400033787206,139.23076923076923,167.9532980947466
2025-08-30,Burnley,Manchester United,2,3,H,26,6,6,3,9,9,7,1,5,,0,,2025,A,1.0,0.0,0,0.0,0.0,0.0,0,5,1.0,0.8632478632478633,1.621761658031088,0.11332975003419632,139.23076923076923,168.06662784478078
2025-09-14,Burnley,Liverpool,0,1,A,3,27,0,4,9,9,1,13,0,2.0,0,0.0,2025,H,,,0,0.0,0.0,0.0,0,0,1.0,0.8559322033898306,2.0927835051546393,0.09232518390075323,139.23076923076923,168.15895302868154
2025-09-20,Burnley,Nottingham Forest,1,1,D,12,17,5,8,12,11,4,5,1,1.0,0,0.0,2025,H,,,1,0.0,0.0,0.0,0,1,0.3333333333333333,0.8571428571428571,1.2100840336134453,0.23642229906101292,139.23076923076923,168.39537532774256
2025-09-27,Burnley,Manchester City,1,5,H,21,9,8,2,5,7,10,2,3,,0,,2025,A,1.0,0.0,0,0.0,0.0,0.0,0,3,0.3333333333333333,0.85,2.2448979591836733,0.060878086098465706,139.23076923076923,168.45625341384104
2025-10-05,Burnley,Aston Villa,1,2,H,15,5,7,2,9,15,6,4,1,,0,,2025,A,3.0,0.0,0,0.0,0.0,0.0,0,1,0.3333333333333333,0.8429752066115702,1.5431472081218274,0.14267385525238319,139.23076923076923,168.59892726909342
2025-10-18,Burnley,Leeds United,2,0,H,4,19,3,4,10,7,1,5,2,1.0,0,0.0,2025,H,,,3,0.0,0.0,0.0,1,2,1.0,0.860655737704918,1.1147540983606556,0.5777468689845586,139.23076923076923,169.17667413807797
2025-10-26,Burnley,Wolverhampton Wanderers,3,2,A,15,11,7,7,12,7,5,3,0,,0,,2025,A,1.0,0.0,3,0.0,0.0,0.0,0,0,2.0,0.8780487804878049,1.1407035175879396,0.36879702594436237,139.23076923076923,169.54547116402233
2025-11-01,Burnley,Arsenal,0,2,A,3,12,0,8,10,13,1,6,2,1.0,0,0.0,2025,H,,,0,0.0,0.0,0.0,0,2,2.0,0.8709677419354839,2.01,0.09002427424593312,139.23076923076923,169.63549543826826
2025-11-08,Burnley,West Ham United,2,3,H,15,16,6,7,15,13,7,4,2,,0,,2025,A,2.0,0.0,0,0.0,0.0,0.0,0,2,1.0,0.864,1.3233830845771144,0.15959741880749362,139.23076923076923,169.79509285707576
2020-09-14,Chelsea,Brighton and Hove Albion,3,1,A,13,10,3,5,8,13,4,3,0,,0,,2020,A,1.0,0.0,3,0.0,0.0,0.0,0,0,3.0,3.0,0.0,0.48438161022764825,160.76923076923077,161.25361237945842
2020-09-20,Chelsea,Liverpool,0,2,A,5,18,3,6,10,6,1,11,0,0.0,1,0.0,2020,H,,,0,0.0,0.0,0.0,0,2,1.5,1.5,3.0,-0.010289906149001549,160.76923076923077,161.24332247330943
2020-09-26,Chelsea,West Brom,3,3,D,9,22,3,10,8,16,3,9,3,,0,,2020,A,1.0,0.0,1,0.0,0.0,0.0,0,3,1.3333333333333333,1.3333333333333333,0.3333333333333333,0.3145720645975836,160.76923076923077,161.557894537907
2020-10-03,Chelsea,Crystal Palace,4,0,H,17,4,6,0,17,13,8,5,2,0.0,0,0.0,2020,H,,,3,0.0,0.0,0.0,1,2,1.3333333333333333,1.75,1.5,0.5387108822436915,160.76923076923077,162.0966054201507
2020-10-17,Chelsea,Southampton,3,3,D,11,13,5,6,11,9,6,2,1,1.0,0,0.0,2020,H,,,1,0.0,0.0,0.0,0,1,1.6666666666666667,1.6,1.4,0.2171785975337612,160.76923076923077,162.31378401768447
2020-10-24,Chelsea,Manchester United,0,0,D,14,6,4,1,8,6,9,6,1,,0,,2020,A,3.0,0.0,1,0.0,0.0,0.0,1,1,1.6666666666666667,1.5,1.4,0.4341882035098866,160.76923076923077,162.74797222119435
2020-10-31,Chelsea,Burnley,3,0,A,5,14,0,9,10,15,3,4,0,,0,,2020,A,1.0,0.0,3,0.0,0.0,0.0,1,0,1.6666666666666667,1.7142857142857142,0.1666666666666666,0.6845033070463773,160.76923076923077,163.43247552824073
2020-11-07,Chelsea,Sheffield United,4,1,H,20,6,9,3,5,14,6,7,0,2.0,0,0.0,2020,H,,,3,0.0,0.0,0.0,0,0,2.3333333333333335,1.875,0.125,0.47171567835960093,160.76923076923077,163.90419120660033
2020-11-21,Chelsea,Newcastle United,2,0,A,8,14,1,3,11,12,7,4,0,,0,,2020,A,2.0,0.0,3,0.0,0.0,0.0,1,0,3.0,2.0,1.2222222222222223,0.5775465490495335,160.76923076923077,164.48173775564985
2020-11-29,Chelsea,Tottenham Hotspur,0,0,D,13,5,3,1,20,9,3,3,4,2.0,0,0.0,2020,H,,,1,0.0,0.0,0.0,1,4,2.3333333333333335,1.9,2.1,0.3472252577335499,160.76923076923077,164.8289630133834
2020-12-05,Chelsea,Leeds United,3,1,H,23,8,11,3,12,9,8,4,0,2.0,0,0.0,2020,H,,,3,0.0,0.0,0.0,0,0,2.3333333333333335,2.0,1.2727272727272727,0.35541939484389395,160.76923076923077,165.1843824082273
2020-12-12,Chelsea,Everton,0,1,H,9,10,4,3,10,11,6,6,3,,0,,2020,A,2.0,0.0,0,0.0,0.0,0.0,0,3,1.3333333333333333,1.8333333333333333,1.6666666666666667,0.11946879133841237,160.76923076923077,165.3038511995657
2020-12-15,Chelsea,Wolverhampton Wanderers,1,2,H,12,13,4,3,12,12,5,6,2,,0,,2020,A,2.0,0.0,0,0.0,0.0,0.0,0,2,1.0,1.6923076923076923,1.5384615384615383,0.13780406646201307,160.76923076923077,165.44165526602774
2020-12-21,Chelsea,West Ham United,3,0,H,11,6,7,0,11,6,5,4,0,0.0,0,0.0,2020,H,,,3,0.0,0.0,0.0,1,0,1.0,1.7857142857142858,1.5,0.549400033787206,160.76923076923077,165.99105529981492
2020-12-26,Chelsea,Arsenal,1,3,H,15,19,7,3,13,10,7,9,1,,0,,2020,A,2.0,0.0,0,0.0,0.0,0.0,0,1,1.0,1.6666666666666667,1.1333333333333333,0.18419925218559546,160.76923076923077,166.17525455200052
2020-12-28,Chelsea,Aston Villa,1,1,D,16,10,5,2,16,3,11,4,3,1.0,0,0.0,2020,H,,,1,0.0,0.0,0.0,0,3,1.3333333333333333,1.625,1.8571428571428572,0.16016832372995934,160.76923076923077,166.33542287573047
2021-01-03,Chelsea,Manchester City,1,3,A,9,18,2,6,11,10,5,3,3,1.0,0,0.0,2021,H,,,0,0.0,0.0,0.0,0,3,0.3333333333333333,1.5294117647058822,1.9333333333333331,0.09244813668657817,160.76923076923077,166.42787101241706
2021-01-16,Chelsea,Fulham,1,0,A,10,21,3,6,11,10,1,12,3,,0,,2021,A,2.0,1.0,3,0.0,0.0,0.0,1,3,1.3333333333333333,1.6111111111111112,0.7058823529411765,0.613832226574823,160.76923076923077,167.0417032389919
2021-01-19,Chelsea,Leicester City,0,2,H,8,9,6,5,7,16,6,3,3,,0,,2021,A,1.0,0.0,0,0.0,0.0,0.0,0,3,1.0,1.5263157894736843,2.0,0.08569297302361958,160.76923076923077,167.1273962120155
2021-01-27,Chelsea,Wolverhampton Wanderers,0,0,D,14,4,5,0,14,7,13,1,1,1.0,0,0.0,2021,H,,,1,0.0,0.0,0.0,1,1,1.3333333333333333,1.5,1.15,0.45952006724598127,160.76923076923077,167.5869162792615
2021-01-31,Chelsea,Burnley,2,0,H,19,1,8,0,7,9,4,2,0,1.0,0,0.0,2021,H,,,3,0.0,0.0,0.0,1,0,1.3333333333333333,1.5714285714285714,1.1,0.5899310157649574,160.76923076923077,168.17684729502645
2021-02-04,Chelsea,Tottenham Hotspur,1,0,A,7,18,2,2,20,14,2,7,3,,0,,2021,A,2.0,0.0,3,0.0,0.0,0.0,1,3,2.3333333333333335,1.6363636363636365,1.5714285714285714,0.5261286311187643,160.76923076923077,168.7029759261452
2021-02-07,Chelsea,Sheffield United,2,1,A,8,9,3,3,8,8,1,8,0,,0,,2021,A,1.0,0.0,3,0.0,0.0,0.0,0,0,3.0,1.6956521739130437,0.4782608695652174,0.43592065351511944,160.76923076923077,169.13889657966033
2021-02-15,Chelsea,Newcastle United,2,0,H,18,10,5,4,9,13,10,5,0,0.0,0,0.0,2021,H,,,3,0.0,0.0,0.0,1,0,3.0,1.75,1.0416666666666667,0.5958417839700463,160.76923076923077,169.73473836363038
2021-02-20,Chelsea,Southampton,1,1,D,4,9,1,3,10,10,3,6,1,,0,,2021,A,1.0,0.0,1,0.0,0.0,0.0,0,1,2.3333333333333335,1.72,1.25,0.23237771577541796,160.76923076923077,169.9671160794058
2021-02-28,Chelsea,Manchester United,0,0,D,18,11,6,4,11,12,3,4,1,2.0,0,0.0,2021,H,,,1,0.0,0.0,0.0,1,1,1.6666666666666667,1.6923076923076923,1.9230769230769231,0.38118615015436563,160.76923076923077,170.34830222956015
2021-03-04,Chelsea,Liverpool,1,0,A,7,11,1,5,9,8,5,2,0,,0,,2021,A,0.0,0.0,3,0.0,0.0,0.0,1,0,1.6666666666666667,1.7407407407407407,1.5925925925925926,0.540017862033097,160.76923076923077,170.88832009159324
2021-03-08,Chelsea,Everton,2,0,H,19,7,9,1,11,12,7,3,0,3.0,0,0.0,2021,H,,,3,0.0,0.0,0.0,1,0,2.3333333333333335,1.7857142857142858,1.7037037037037035,0.5287592559281661,160.76923076923077,171.41707934752142
2021-03-13,Chelsea,Leeds United,0,0,D,7,15,4,8,16,6,8,5,0,,0,,2021,A,3.0,0.0,1,0.0,0.0,0.0,1,0,2.3333333333333335,1.7586206896551724,1.2857142857142858,0.45111305984671574,160.76923076923077,171.86819240736813
2021-04-03,Chelsea,West Brom,2,5,A,18,14,8,7,11,6,10,3,1,1.0,1,0.0,2021,H,,,0,0.0,0.0,0.0,0,3,1.3333333333333333,1.7,0.7,0.21741866445131153,160.76923076923077,172.08561107181944
2021-04-10,Chelsea,Crystal Palace,4,1,A,1,23,1,10,7,12,0,8,0,,0,,2021,A,1.0,0.0,3,0.0,0.0,0.0,0,0,1.3333333333333333,1.7419354838709675,1.2258064516129032,0.3601737622313134,160.76923076923077,172.44578483405076
2021-04-20,Chelsea,Brighton and Hove Albion,0,0,D,7,11,4,2,8,9,0,3,2,0.0,0,1.0,2021,H,,,1,0.0,0.0,0.0,1,2,1.3333333333333333,1.71875,1.0625,0.4630416437818571,160.76923076923077,172.90882647783263
2021-04-24,Chelsea,West Ham United,1,0,A,9,17,2,6,9,11,4,2,4,,0,,2021,A,0.0,1.0,3,0.0,0.0,0.0,1,4,2.3333333333333335,1.7575757575757576,1.6666666666666667,0.5111338215427805,160.76923076923077,173.4199602993754
2021-05-01,Chelsea,Fulham,2,0,H,9,10,5,3,15,8,1,8,1,1.0,0,0.0,2021,H,,,3,0.0,0.0,0.0,1,1,2.3333333333333335,1.7941176470588236,0.7941176470588235,0.6155807203291277,160.76923076923077,174.03554101970454
2021-05-08,Chelsea,Manchester City,2,1,A,16,12,4,5,12,10,6,2,0,,0,,2021,A,2.0,0.0,3,0.0,0.0,0.0,0,0,3.0,1.8285714285714283,2.2857142857142856,0.25277599892621194,160.76923076923077,174.28831701863075
2021-05-12,Chelsea,Arsenal,0,1,A,19,5,5,2,7,6,9,1,0,1.0,0,0.0,2021,H,,,0,0.0,0.0,0.0,0,0,2.0,1.7777777777777777,1.5277777777777777,0.14957577628484792,160.76923076923077,174.4378927949156
2021-05-18,Chelsea,Leicester City,2,1,H,17,7,6,3,15,16,6,5,2,4.0,0,0.0,2021,H,,,3,0.0,0.0,0.0,0,2,2.0,1.8108108108108107,1.7837837837837838,0.2929461877022695,160.76923076923077,174.73083898261785
2021-05-23,Chelsea,Aston Villa,1,2,H,6,23,3,7,11,12,2,9,3,,1,,2021,A,3.0,0.0,0,0.0,0.0,0.0,0,5,1.0,1.763157894736842,1.4473684210526316,0.13100057289673517,160.76923076923077,174.8618395555146
2021-08-14,Chelsea,Crystal Palace,3,0,H,13,4,6,1,15,11,5,2,0,0.0,0,0.0,2021,H,,,3,0.0,0.0,0.0,1,0,2.0,1.794871794871795,1.1282051282051282,0.5870730619075519,160.76923076923077,175.44891261742214
2021-08-22,Chelsea,Arsenal,2,0,A,6,22,3,5,10,4,9,8,0,,0,,2021,A,3.0,0.0,3,0.0,0.0,0.0,1,0,2.0,1.825,1.525,0.5468668474135967,160.76923076923077,175.99577946483575
2021-08-28,Chelsea,Liverpool,1,1,D,24,6,7,3,13,4,12,3,2,,1,,2021,A,0.0,0.0,1,0.0,0.0,0.0,0,4,2.3333333333333335,1.804878048780488,1.853658536585366,0.15517680529250302,160.76923076923077,176.15095627012823
2021-09-11,Chelsea,Aston Villa,3,0,H,12,18,4,6,11,11,4,11,1,4.0,0,0.0,2021,H,,,3,0.0,0.0,0.0,1,1,2.3333333333333335,1.8333333333333333,1.4047619047619049,0.5537056918196753,160.76923076923077,176.70466196194792
2021-09-19,Chelsea,Tottenham Hotspur,3,0,A,8,20,2,10,4,15,5,11,1,,0,,2021,A,0.0,0.0,3,0.0,0.0,0.0,1,1,2.3333333333333335,1.8604651162790695,1.6511627906976745,0.5287385171517637,160.76923076923077,177.23340047909969
2021-09-25,Chelsea,Manchester City,0,1,A,5,15,0,4,12,10,4,13,3,2.0,0,0.0,2021,H,,,0,0.0,0.0,0.0,0,3,2.0,1.818181818181818,2.25,0.06036110928752497,160.76923076923077,177.2937615883872
2021-10-02,Chelsea,Southampton,3,1,H,20,6,9,2,11,13,7,2,1,3.0,0,1.0,2021,H,,,3,0.0,0.0,0.0,0,1,2.0,1.8444444444444448,1.0444444444444445,0.3732061370695402,160.76923076923077,177.66696772545674
2021-10-16,Chelsea,Brentford,1,0,A,17,5,7,1,13,8,5,5,1,,0,,2021,A,1.0,0.0,3,0.0,0.0,0.0,1,1,2.0,1.8695652173913044,1.5,0.5440554580154489,160.76923076923077,178.2110231834722
2021-10-23,Chelsea,Norwich City,7,0,H,23,3,13,1,14,16,5,0,0,2.0,0,1.0,2021,H,,,3,0.0,0.0,0.0,1,0,3.0,1.8936170212765957,0.2222222222222222,0.6788740039939118,160.76923076923077,178.88989718746612
2021-10-30,Chelsea,Newcastle United,3,0,A,6,19,1,6,14,12,0,2,2,,0,,2021,A,3.0,0.0,3,0.0,0.0,0.0,1,2,3.0,1.9166666666666667,1.0208333333333333,0.5872636210712061,160.76923076923077,179.47716080853732
2021-11-06,Chelsea,Burnley,1,1,D,25,5,4,2,6,9,14,2,1,4.0,0,0.0,2021,H,,,1,0.0,0.0,0.0,0,1,2.3333333333333335,1.8979591836734695,0.9591836734693876,0.2618453939990382,160.76923076923077,179.73900620253636
2021-11-20,Chelsea,Leicester City,3,0,A,4,16,3,7,15,8,3,5,1,,0,,2021,A,3.0,0.0,3,0.0,0.0,0.0,1,1,2.3333333333333335,1.92,1.62,0.5318961634221234,160.76923076923077,180.27090236595848
2021-11-28,Chelsea,Manchester United,1,1,D,24,3,6,2,13,14,15,2,2,5.0,0,0.0,2021,H,,,1,0.0,0.0,0.0,0,2,1.6666666666666667,1.9019607843137256,1.803921568627451,0.1709056772158432,160.76923076923077,180.44180804317432
2021-12-01,Chelsea,Watford,2,1,A,13,8,6,4,18,16,6,0,3,,0,,2021,A,4.0,0.0,3,0.0,0.0,0.0,0,3,2.3333333333333335,1.9230769230769231,0.9285714285714286,0.3742581033211679,160.76923076923077,180.81606614649547
2021-12-04,Chelsea,West Ham United,2,3,H,11,19,5,7,10,10,1,9,3,,0,,2021,A,1.0,0.0,0,0.0,0.0,0.0,0,3,1.3333333333333333,1.8867924528301887,1.7358490566037736,0.11245871583911576,160.76923076923077,180.9285248623346
2021-12-11,Chelsea,Leeds United,3,2,H,16,12,6,5,9,15,5,2,2,5.0,0,0.0,2021,H,,,3,0.0,0.0,0.0,0,2,2.0,1.9074074074074072,1.3888888888888888,0.332959882372497,160.76923076923077,181.2614847447071
2021-12-16,Chelsea,Everton,1,1,D,23,5,10,3,11,11,7,1,2,3.0,0,0.0,2021,H,,,1,0.0,0.0,0.0,0,2,1.3333333333333333,1.8909090909090909,1.4181818181818182,0.20999170439937884,160.76923076923077,181.4714764491065
2021-12-19,Chelsea,Wolverhampton Wanderers,0,0,D,4,8,1,1,9,7,4,9,2,,0,,2021,A,0.0,0.0,1,0.0,0.0,0.0,1,2,1.6666666666666667,1.875,1.25,0.4440427459797861,160.76923076923077,181.91551919508626
2021-12-26,Chelsea,Aston Villa,3,1,A,8,10,1,4,8,11,2,5,1,,0,,2021,A,3.0,0.0,3,0.0,0.0,0.0,0,1,1.6666666666666667,1.894736842105263,1.375,0.33971178390737067,160.76923076923077,182.25523097899364
2021-12-29,Chelsea,Brighton and Hove Albion,1,1,D,11,18,5,6,14,7,10,8,4,1.0,0,0.0,2021,H,,,1,0.0,0.0,0.0,0,4,1.6666666666666667,1.8793103448275863,1.1607142857142858,0.22539108265160845,160.76923076923077,182.48062206164525
2022-01-02,Chelsea,Liverpool,2,2,D,15,10,6,6,5,13,6,7,1,2.0,0,0.0,2022,H,,,1,0.0,0.0,0.0,0,1,1.6666666666666667,1.8644067796610169,1.913793103448276,0.16511724999337365,160.76923076923077,182.6457393116386
2022-01-15,Chelsea,Manchester City,0,1,H,11,4,6,1,11,6,9,1,2,,0,,2022,A,0.0,0.0,0,0.0,0.0,0.0,0,2,0.6666666666666666,1.8333333333333333,2.3666666666666667,0.05388414864910479,160.76923076923077,182.6996234602877
2022-01-18,Chelsea,Brighton and Hove Albion,1,1,D,10,15,2,3,8,5,5,7,2,,0,,2022,A,1.0,0.0,1,0.0,0.0,0.0,0,2,0.6666666666666666,1.819672131147541,1.1864406779661016,0.23347344434334574,160.76923076923077,182.93309690463107
2022-01-23,Chelsea,Tottenham Hotspur,2,0,H,15,6,7,3,17,14,10,3,2,1.0,0,0.0,2022,H,,,3,0.0,0.0,0.0,1,2,1.3333333333333333,1.8387096774193548,1.6896551724137931,0.5194936063059645,160.76923076923077,183.45259051093703
2022-02-19,Chelsea,Crystal Palace,1,0,A,7,9,0,3,4,20,4,4,3,,0,,2022,A,1.0,0.0,3,0.0,0.0,0.0,1,3,2.3333333333333335,1.8571428571428572,1.1111111111111112,0.5727714278391924,160.76923076923077,184.02536193877623
2022-03-05,Chelsea,Burnley,4,0,A,6,11,1,5,12,7,5,2,0,,0,,2022,A,2.0,0.0,3,0.0,0.0,0.0,1,0,3.0,1.875,0.9375,0.606396727193419,160.76923076923077,184.63175866596964
2022-03-10,Chelsea,Norwich City,3,1,A,9,15,3,7,8,15,3,8,2,,0,,2022,A,0.0,0.0,3,0.0,0.0,0.0,0,2,3.0,1.892307692307692,0.6071428571428571,0.41217221818218963,160.76923076923077,185.04393088415185
2022-03-13,Chelsea,Newcastle United,1,0,H,8,7,3,2,17,16,7,2,4,3.0,0,0.0,2022,H,,,3,0.0,0.0,0.0,1,4,3.0,1.9090909090909092,1.1515151515151516,0.563332813483824,160.76923076923077,185.60726369763566
2022-04-02,Chelsea,Brentford,1,4,A,21,17,8,6,11,7,12,7,0,0.0,0,0.0,2022,H,,,0,0.0,0.0,0.0,0,0,2.0,1.8805970149253732,1.064516129032258,0.19651690012556802,160.76923076923077,185.80378059776123
2022-04-09,Chelsea,Southampton,6,0,A,4,24,1,14,11,10,3,3,0,,0,,2022,A,1.0,0.0,3,0.0,0.0,0.0,1,0,2.0,1.8970588235294117,1.144927536231884,0.5853786228616593,160.76923076923077,186.3891592206229
2022-04-20,Chelsea,Arsenal,2,4,A,11,14,2,4,7,6,6,1,3,1.0,0,0.0,2022,H,,,0,0.0,0.0,0.0,0,3,1.0,1.8695652173913044,1.6857142857142855,0.1175387445775671,160.76923076923077,186.50669796520046
2022-04-24,Chelsea,West Ham United,1,0,H,26,6,5,2,11,9,3,1,1,0.0,0,1.0,2022,H,,,3,0.0,0.0,0.0,1,1,2.0,1.8857142857142857,1.625,0.5313895261474015,160.76923076923077,187.03808749134785
2022-04-28,Chelsea,Manchester United,1,1,D,6,21,3,6,9,12,2,9,1,,0,,2022,A,0.0,0.0,1,0.0,0.0,0.0,0,1,1.3333333333333333,1.8732394366197185,1.7671232876712328,0.17997892914322228,160.76923076923077,187.21806642049108
2022-05-01,Chelsea,Everton,0,1,H,9,17,4,5,9,12,3,8,5,,0,,2022,A,3.0,0.0,0,0.0,0.0,0.0,0,5,1.3333333333333333,1.8472222222222223,1.2816901408450705,0.14778833136972894,160.76923076923077,187.3658547518608
2022-05-07,Chelsea,Wolverhampton Wanderers,2,2,D,19,14,6,4,7,11,9,3,1,3.0,0,0.0,2022,H,,,1,0.0,0.0,0.0,0,1,0.6666666666666666,1.8356164383561644,1.3013698630136987,0.22717253829539852,160.76923076923077,187.59302729015621
2022-05-11,Chelsea,Leeds United,3,0,A,5,17,0,4,10,14,1,5,0,,0,,2022,A,1.0,1.0,3,0.0,0.0,0.0,1,0,1.3333333333333333,1.851351351351351,1.2567567567567568,0.5740472525574603,160.76923076923077,188.16707454271366
2022-05-19,Chelsea,Leicester City,1,1,D,20,2,7,1,13,7,6,0,4,1.0,0,0.0,2022,H,,,1,0.0,0.0,0.0,0,4,1.6666666666666667,1.84,1.5333333333333334,0.1876345428925722,160.76923076923077,188.35470908560623
2022-05-22,Chelsea,Watford,2,1,H,19,8,8,3,9,9,3,3,0,0.0,0,0.0,2022,H,,,3,0.0,0.0,0.0,0,0,2.3333333333333335,1.855263157894737,0.6052631578947368,0.4230518348665771,160.76923076923077,188.77776092047282
2022-08-06,Chelsea,Everton,1,0,A,8,15,4,6,14,11,4,16,2,,0,,2022,A,3.0,0.0,3,0.0,0.0,0.0,1,2,2.3333333333333335,1.87012987012987,1.2727272727272727,0.5617398492765049,160.76923076923077,189.33950076974932
2022-08-14,Chelsea,Tottenham Hotspur,2,2,D,16,10,3,5,9,9,8,5,3,0.0,0,0.0,2022,H,,,1,0.0,0.0,0.0,0,3,2.3333333333333335,1.858974358974359,1.7564102564102564,0.170375301792122,160.76923076923077,189.50987607154144
2022-08-21,Chelsea,Leeds United,0,3,H,12,14,6,3,16,15,4,6,1,,1,,2022,A,0.0,0.0,0,0.0,0.0,0.0,0,3,1.3333333333333333,1.8354430379746836,1.3164556962025316,0.15495477766914406,160.76923076923077,189.66483084921057
2022-08-27,Chelsea,Leicester City,2,1,H,7,17,3,5,10,7,3,11,1,2.0,1,0.0,2022,H,,,3,0.0,0.0,0.0,0,3,1.3333333333333333,1.85,1.4875,0.3176232936826135,160.76923076923077,189.9824541428932
2022-08-30,Chelsea,Southampton,1,2,H,9,10,7,4,15,10,5,3,1,,0,,2022,A,2.0,0.0,0,0.0,0.0,0.0,0,1,1.0,1.8271604938271604,1.1111111111111112,0.18645097340658162,160.76923076923077,190.16890511629978
2022-09-03,Chelsea,West Ham United,2,1,H,8,6,3,3,6,11,10,3,4,2.0,0,0.0,2022,H,,,3,0.0,0.0,0.0,0,4,2.0,1.8414634146341464,1.524390243902439,0.30854072338394467,160.76923076923077,190.47744583968372
2022-10-01,Chelsea,Crystal Palace,2,1,A,7,13,3,3,11,13,5,2,3,,0,,2022,A,1.0,0.0,3,0.0,0.0,0.0,0,3,2.0,1.855421686746988,1.180722891566265,0.34870823731539946,160.76923076923077,190.82615407699913
2022-10-08,Chelsea,Wolverhampton Wanderers,3,0,H,20,8,7,2,8,8,4,2,2,0.0,0,0.0,2022,H,,,3,0.0,0.0,0.0,1,2,3.0,1.869047619047619,1.2,0.569109118727005,160.76923076923077,191.39526319572613
2022-10-16,Chelsea,Aston Villa,2,0,A,18,8,7,4,12,11,7,1,3,,0,,2022,A,0.0,0.0,3,0.0,0.0,0.0,1,3,3.0,1.8823529411764703,1.2674418604651163,0.5569308308776035,160.76923076923077,191.95219402660373
2022-10-19,Chelsea,Brentford,0,0,D,8,14,5,5,7,7,6,2,0,,0,,2022,A,0.0,0.0,1,0.0,0.0,0.0,1,0,2.3333333333333335,1.872093023255814,1.2244897959183674,0.45731678157800426,160.76923076923077,192.40951080818172
2022-10-22,Chelsea,Manchester United,1,1,D,6,13,2,6,8,10,6,4,1,4.0,0,0.0,2022,H,,,1,0.0,0.0,0.0,0,1,1.6666666666666667,1.862068965517241,1.7471264367816093,0.18200515915077006,160.76923076923077,192.5915159673325
2022-10-29,Chelsea,Brighton and Hove Albion,1,4,H,19,15,9,7,16,6,8,7,2,,0,,2022,A,1.0,0.0,0,0.0,0.0,0.0,0,2,0.6666666666666666,1.8409090909090908,1.25,0.16703314000366068,160.76923076923077,192.75854910733617
2022-11-06,Chelsea,Arsenal,0,1,A,5,14,1,2,20,13,4,6,5,2.0,0,0.0,2022,H,,,0,0.0,0.0,0.0,0,5,0.3333333333333333,1.8202247191011236,1.8426966292134832,0.09094297169607465,160.76923076923077,192.84949207903225
2022-11-12,Chelsea,Newcastle United,0,1,H,10,5,3,2,14,11,5,3,2,,0,,2022,A,3.0,0.0,0,0.0,0.0,0.0,0,2,0.0,1.8,1.362637362637363,0.1556198827159697,160.76923076923077,193.0051119617482
2022-12-27,Chelsea,Bournemouth,2,0,H,15,9,5,4,8,10,6,8,0,0.0,0,0.0,2022,H,,,3,0.0,0.0,0.0,1,0,1.0,1.8131868131868132,1.0,0.6000637612593953,160.76923076923077,193.60517572300762
2023-01-01,Chelsea,Nottingham Forest,1,1,D,12,7,5,2,16,14,1,2,2,,0,,2023,A,2.0,0.0,1,0.0,0.0,0.0,0,2,1.3333333333333333,1.8043478260869563,0.8235294117647058,0.270246319318175,160.76923076923077,193.8754220423258
2023-01-05,Chelsea,Manchester City,0,1,A,8,12,2,3,9,9,3,2,2,0.0,0,0.0,2023,H,,,0,0.0,0.0,0.0,0,2,1.3333333333333333,1.7849462365591398,2.3440860215053765,0.05617218795430043,160.76923076923077,193.9315942302801
2023-01-12,Chelsea,Fulham,1,2,H,8,20,3,10,12,16,5,7,3,,1,,2023,A,4.0,0.0,0,0.0,0.0,0.0,0,5,0.3333333333333333,1.7659574468085106,1.0350877192982455,0.17277592712818945,160.76923076923077,194.10437015740825
2023-01-15,Chelsea,Crystal Palace,1,0,H,15,10,5,5,10,17,11,7,2,5.0,0,0.0,2023,H,,,3,0.0,0.0,0.0,1,2,1.0,1.7789473684210526,1.2127659574468086,0.5678155767489916,160.76923076923077,194.67218573415727
2023-01-21,Chelsea,Liverpool,0,0,D,15,11,3,2,16,9,5,5,1,,0,,2023,A,3.0,0.0,1,0.0,0.0,0.0,1,1,1.3333333333333333,1.7708333333333333,2.0,0.3733917305432596,160.76923076923077,195.04557746470053
2023-02-03,Chelsea,Fulham,0,0,D,12,10,3,4,16,12,6,2,1,4.0,0,0.0,2023,H,,,1,0.0,0.0,0.0,1,1,1.6666666666666667,1.7628865979381445,1.0,0.47471918548763803,160.76923076923077,195.52029665018816
2023-02-11,Chelsea,West Ham United,1,1,D,10,12,2,4,9,11,5,6,1,,0,,2023,A,1.0,0.0,1,0.0,0.0,0.0,0,1,1.0,1.7551020408163265,1.4387755102040816,0.21324957377061185,160.76923076923077,195.73354622395877
2023-02-18,Chelsea,Southampton,0,1,A,17,8,5,5,16,24,8,2,3,6.0,0,0.0,2023,H,,,0,0.0,0.0,0.0,0,3,0.6666666666666666,1.7373737373737377,1.02020202020202,0.18497340867619239,160.76923076923077,195.91851963263497
2023-02-26,Chelsea,Tottenham Hotspur,0,2,H,8,10,3,2,10,10,4,4,3,,0,,2023,A,2.0,0.0,0,0.0,0.0,0.0,0,3,0.3333333333333333,1.72,1.7623762376237624,0.10977078409951149,160.76923076923077,196.02829041673448
2023-03-04,Chelsea,Leeds United,1,0,H,13,11,3,2,10,7,5,7,2,0.0,0,0.0,2023,H,,,3,0.0,0.0,0.0,1,2,1.0,1.7326732673267329,1.1782178217821782,0.5713162514089618,160.76923076923077,196.59960666814345
2023-03-11,Chelsea,Leicester City,3,1,A,17,12,7,6,10,11,2,5,2,,0,,2023,A,1.0,1.0,3,0.0,0.0,0.0,0,2,2.0,1.7450980392156863,1.392156862745098,0.3326287468988226,160.76923076923077,196.93223541504227
2023-03-18,Chelsea,Everton,2,2,D,20,12,7,3,8,12,8,2,2,2.0,0,0.0,2023,H,,,1,0.0,0.0,0.0,0,2,2.3333333333333335,1.7378640776699028,1.1923076923076923,0.23287895471199022,160.76923076923077,197.16511436975424
2023-04-01,Chelsea,Aston Villa,0,2,A,27,5,8,2,14,16,13,2,3,3.0,0,0.0,2023,H,,,0,0.0,0.0,0.0,0,3,1.3333333333333333,1.7211538461538465,1.3557692307692308,0.15097123726663259,160.76923076923077,197.31608560702088
2023-04-04,Chelsea,Liverpool,0,0,D,12,7,3,4,6,17,3,5,1,4.0,0,0.0,2023,H,,,1,0.0,0.0,0.0,1,1,0.6666666666666666,1.7142857142857142,1.9615384615384617,0.3772889403488126,160.76923076923077,197.6933745473697
2023-04-08,Chelsea,Wolverhampton Wanderers,0,1,H,9,13,4,1,14,10,8,8,5,,0,,2023,A,2.0,0.0,0,0.0,0.0,0.0,0,5,0.3333333333333333,1.69811320754717,1.19811320754717,0.15625696931286126,160.76923076923077,197.84963151668256
2023-04-15,Chelsea,Brighton and Hove Albion,1,2,A,8,26,2,10,11,11,2,8,2,2.0,0,0.0,2023,H,,,0,0.0,0.0,0.0,0,2,0.3333333333333333,1.6822429906542056,1.3428571428571427,0.15762416204453983,160.76923076923077,198.0072556787271
2023-04-26,Chelsea,Brentford,0,2,A,15,7,4,1,5,13,5,2,1,2.0,0,0.0,2023,H,,,0,0.0,0.0,0.0,0,1,0.0,1.6666666666666667,1.3098591549295775,0.16631233995128264,160.76923076923077,198.1735680186784
2023-05-02,Chelsea,Arsenal,1,3,H,16,7,10,4,10,10,7,2,2,,0,,2023,A,0.0,0.0,0,0.0,0.0,0.0,0,2,0.0,1.651376146788991,1.8909090909090909,0.10209145297112723,160.76923076923077,198.2756594716495
2023-05-06,Chelsea,Bournemouth,3,1,A,10,11,4,5,9,11,7,7,3,,0,,2023,A,1.0,0.0,3,0.0,0.0,0.0,0,3,1.0,1.6636363636363636,1.1142857142857143,0.3554401474029262,160.76923076923077,198.63109961905243
2023-05-13,Chelsea,Nottingham Forest,2,2,D,14,11,6,2,13,15,2,5,3,1.0,0,0.0,2023,H,,,1,0.0,0.0,0.0,0,3,1.3333333333333333,1.6576576576576576,0.9444444444444444,0.25264973102046345,160.76923076923077,198.8837493500729
2023-05-21,Chelsea,Manchester City,0,1,H,15,13,2,6,12,9,5,2,2,,0,,2023,A,0.0,0.0,0,0.0,0.0,0.0,0,2,1.3333333333333333,1.6428571428571428,2.3839285714285716,0.05213504377208872,160.76923076923077,198.935884393845
2023-05-25,Chelsea,Manchester United,1,4,H,18,14,9,5,12,6,3,4,1,,0,,2023,A,1.0,0.0,0,0.0,0.0,0.0,0,1,0.3333333333333333,1.6283185840707963,1.8053097345132745,0.1161095936713494,160.76923076923077,199.05199398751634
2023-05-28,Chelsea,Newcastle United,1,1,D,22,13,5,4,9,11,10,3,0,0.0,0,0.0,2023,H,,,1,0.0,0.0,0.0,0,0,0.3333333333333333,1.6228070175438596,1.4473684210526316,0.2177234517555216,160.76923076923077,199.26971743927186
2023-08-13,Chelsea,Liverpool,1,1,D,10,13,4,1,5,12,4,4,3,3.0,0,0.0,2023,H,,,1,0.0,0.0,0.0,0,3,0.6666666666666666,1.617391304347826,1.991304347826087,0.14657408132748373,160.76923076923077,199.41629152059934
2023-08-20,Chelsea,West Ham United,1,3,H,12,17,6,4,12,9,3,9,3,,0,,2023,A,2.0,1.0,0,0.0,0.0,0.0,0,3,0.6666666666666666,1.603448275862069,1.4224137931034482,0.14421831337942437,160.76923076923077,199.56050983397876
2023-08-25,Chelsea,Luton Town,3,0,H,19,11,8,1,15,12,6,4,2,3.0,0,0.0,2023,H,,,3,0.0,0.0,0.0,1,2,1.3333333333333333,1.6153846153846154,0.0,0.6907020646602591,160.76923076923077,200.251211898639
2023-09-02,Chelsea,Nottingham Forest,0,1,A,21,7,2,3,10,9,8,0,3,4.0,0,0.0,2023,H,,,0,0.0,0.0,0.0,0,3,1.0,1.6016949152542372,1.0476190476190477,0.1821953110658847,160.76923076923077,200.4334072097049
2023-09-17,Chelsea,Bournemouth,0,0,D,13,14,4,6,15,20,1,7,5,,0,,2023,A,1.0,0.0,1,0.0,0.0,0.0,1,5,1.3333333333333333,1.596638655462185,0.9767441860465116,0.4556973348411758,160.76923076923077,200.8891045445461
2023-09-24,Chelsea,Aston Villa,0,1,A,10,15,4,7,9,11,5,11,2,3.0,0,0.0,2023,H,,,0,0.0,0.0,0.0,0,2,0.3333333333333333,1.5833333333333333,1.4416666666666669,0.1476120444726548,160.76923076923077,201.03671658901874
2023-10-02,Chelsea,Fulham,2,0,A,10,11,3,4,15,12,8,1,4,,0,,2023,A,1.0,0.0,3,0.0,0.0,0.0,1,4,1.3333333333333333,1.5950413223140496,1.0602409638554218,0.5725813946214999,160.76923076923077,201.60929798364023
2023-10-07,Chelsea,Burnley,4,1,A,10,9,3,5,11,8,7,3,4,,0,,2023,A,2.0,0.0,3,0.0,0.0,0.0,0,4,2.0,1.6065573770491803,0.9285714285714286,0.3689135275494106,160.76923076923077,201.97821151118964
2023-10-21,Chelsea,Arsenal,2,2,D,11,13,5,3,7,14,2,7,3,3.0,0,0.0,2023,H,,,1,0.0,0.0,0.0,0,3,2.3333333333333335,1.6016260162601623,1.910569105691057,0.15475477793734446,160.76923076923077,202.132966289127
2023-10-28,Chelsea,Brentford,0,2,A,17,7,2,5,12,7,10,1,1,4.0,0,0.0,2023,H,,,0,0.0,0.0,0.0,0,1,1.3333333333333333,1.5887096774193548,1.372093023255814,0.16000634046244153,160.76923076923077,202.29297262958943
2023-11-06,Chelsea,Tottenham Hotspur,4,1,A,8,17,5,8,12,21,1,6,5,,0,,2023,A,1.0,2.0,3,0.0,0.0,0.0,0,5,1.3333333333333333,1.6,1.752,0.28013303030631087,160.76923076923077,202.57310565989576
2023-11-12,Chelsea,Manchester City,4,4,D,17,15,9,10,12,15,3,3,5,3.0,0,0.0,2023,H,,,1,0.0,0.0,0.0,0,5,1.3333333333333333,1.5952380952380951,2.3492063492063493,0.09961963086460779,160.76923076923077,202.67272529076035
2023-11-25,Chelsea,Newcastle United,1,4,H,14,7,5,4,13,19,4,2,4,,1,,2023,A,4.0,0.0,0,0.0,0.0,0.0,0,6,1.3333333333333333,1.5826771653543308,1.4803149606299213,0.12231760812038689,160.76923076923077,202.79504289888075
2023-12-03,Chelsea,Brighton and Hove Albion,3,2,H,8,18,5,9,16,12,5,8,3,5.0,1,0.0,2023,H,,,3,0.0,0.0,0.0,0,5,1.3333333333333333,1.59375,1.375,0.3183334808203415,160.76923076923077,203.1133763797011
2023-12-06,Chelsea,Manchester United,1,2,H,28,13,9,3,12,12,12,4,0,,0,,2023,A,4.0,0.0,0,0.0,0.0,0.0,0,0,1.0,1.5813953488372092,1.813953488372093,0.12057831986342699,160.76923076923077,203.2339546995645
2023-12-10,Chelsea,Everton,0,2,H,9,16,5,4,12,12,4,8,2,,0,,2023,A,2.0,0.0,0,0.0,0.0,0.0,0,2,1.0,1.5692307692307692,1.2076923076923076,0.17132007078976902,160.76923076923077,203.40527477035428
2023-12-16,Chelsea,Sheffield United,2,0,H,15,6,6,1,9,14,7,6,1,3.0,0,0.0,2023,H,,,3,0.0,0.0,0.0,1,1,1.0,1.5801526717557253,0.5636363636363636,0.6389348021906396,160.76923076923077,204.0442095725449
2023-12-24,Chelsea,Wolverhampton Wanderers,1,2,H,14,16,6,5,11,9,10,6,5,,0,,2023,A,3.0,0.0,0,0.0,0.0,0.0,0,5,1.0,1.568181818181818,1.2045454545454546,0.15560520609495146,160.76923076923077,204.19981477863988
2023-12-27,Chelsea,Crystal Palace,2,1,H,9,13,4,5,13,16,4,3,3,2.0,0,0.0,2023,H,,,3,0.0,0.0,0.0,0,3,2.0,1.5789473684210529,1.1654135338345866,0.3502594955711835,160.76923076923077,204.55007427421106
2023-12-30,Chelsea,Luton Town,3,2,A,15,12,6,8,14,21,7,2,2,,0,,2023,A,2.0,0.0,3,0.0,0.0,0.0,0,2,2.0,1.5895522388059702,0.7894736842105263,0.39369709951751913,160.76923076923077,204.94377137372857
2024-01-13,Chelsea,Fulham,1,0,H,17,14,3,4,13,9,6,4,5,1.0,0,0.0,2024,H,,,3,0.0,0.0,0.0,1,5,3.0,1.6,1.0721649484536082,0.5660285918376124,160.76923076923077,205.50979996556617
2024-01-31,Chelsea,Liverpool,1,4,H,28,4,13,3,15,16,8,1,4,,0,,2024,A,2.0,0.0,0,0.0,0.0,0.0,0,4,2.0,1.588235294117647,2.051470588235294,0.07513301354148991,160.76923076923077,205.5849329791077
2024-02-04,Chelsea,Wolverhampton Wanderers,2,4,A,15,14,6,7,15,11,10,1,3,2.0,0,0.0,2024,H,,,0,0.0,0.0,0.0,0,3,1.0,1.5766423357664234,1.2335766423357664,0.16335270126566145,160.76923076923077,205.74828568037333
2024-02-12,Chelsea,Crystal Palace,3,1,A,13,14,4,5,14,7,1,7,2,,0,,2024,A,2.0,0.0,3,0.0,0.0,0.0,0,2,1.0,1.5869565217391304,1.1666666666666667,0.3554770945823589,160.76923076923077,206.1037627749557
2024-02-17,Chelsea,Manchester City,1,1,D,31,9,5,6,7,12,12,1,3,,0,,2024,A,1.0,0.0,1,0.0,0.0,0.0,0,3,1.3333333333333333,1.5827338129496402,2.3260869565217392,0.11265141162871356,160.76923076923077,206.21641418658442
2024-03-02,Chelsea,Brentford,2,2,D,14,17,5,6,10,9,0,6,1,,0,,2024,A,3.0,0.0,1,0.0,0.0,0.0,0,1,1.6666666666666667,1.5785714285714283,1.2718446601941749,0.23016425195381746,160.76923076923077,206.4465784385382
2024-03-11,Chelsea,Newcastle United,3,2,H,12,11,8,3,12,7,0,4,3,1.0,0,0.0,2024,H,,,3,0.0,0.0,0.0,0,3,1.6666666666666667,1.5886524822695036,1.443661971830986,0.32206528950675967,160.76923076923077,206.768643728045
2024-03-30,Chelsea,Burnley,2,2,D,33,18,13,7,12,7,12,4,2,2.0,0,1.0,2024,H,,,1,0.0,0.0,0.0,0,2,1.6666666666666667,1.5845070422535212,0.8679245283018868,0.26574787514750337,160.76923076923077,207.0343916031925
2024-04-04,Chelsea,Manchester United,4,3,H,28,19,10,5,7,15,12,3,3,0.0,0,0.0,2024,H,,,3,0.0,0.0,0.0,0,3,2.3333333333333335,1.5944055944055944,1.7708333333333333,0.2889138481150396,160.76923076923077,207.32330545130753
2024-04-07,Chelsea,Sheffield United,2,2,D,11,6,6,3,12,10,7,6,2,,0,,2024,A,4.0,0.0,1,0.0,0.0,0.0,0,2,1.6666666666666667,1.5902777777777777,0.5652173913043478,0.2964204189329633,160.76923076923077,207.6197258702405
2024-04-15,Chelsea,Everton,6,0,H,14,10,10,2,5,21,4,8,1,4.0,0,0.0,2024,H,,,3,0.0,0.0,0.0,1,1,2.3333333333333335,1.6,1.1575342465753424,0.5787566412155785,160.76923076923077,208.19848251145606
2024-04-23,Chelsea,Arsenal,0,5,H,27,7,10,1,12,11,4,2,2,,0,,2024,A,2.0,0.0,0,0.0,0.0,0.0,0,2,1.3333333333333333,1.5890410958904109,1.966216216216216,0.09446077362457886,160.76923076923077,208.29294328508064
2024-04-27,Chelsea,Aston Villa,2,2,D,9,21,4,5,13,14,2,4,5,,0,,2024,A,3.0,0.0,1,0.0,0.0,0.0,0,5,1.3333333333333333,1.5850340136054422,1.5302013422818792,0.18260732380296735,160.76923076923077,208.47555060888362
2024-05-02,Chelsea,Tottenham Hotspur,2,0,H,16,19,5,3,12,16,4,9,0,1.0,0,0.0,2024,H,,,3,0.0,0.0,0.0,1,0,1.3333333333333333,1.5945945945945943,1.7094594594594594,0.5281760398461539,160.76923076923077,209.00372664872975
2024-05-05,Chelsea,West Ham United,5,0,H,25,13,14,2,12,10,8,6,1,3.0,0,0.0,2024,H,,,3,0.0,0.0,0.0,1,1,2.3333333333333335,1.604026845637584,1.4,0.5541882035098866,160.76923076923077,209.55791485223966
2024-05-11,Chelsea,Nottingham Forest,3,2,A,20,12,4,5,14,8,5,6,3,,0,,2024,A,2.0,0.0,3,0.0,0.0,0.0,0,3,3.0,1.6133333333333333,0.9466666666666668,0.3724245588983648,160.76923076923077,209.93033941113802
2024-05-15,Chelsea,Brighton and Hove Albion,2,1,A,12,13,2,6,13,14,4,6,2,,1,,2024,A,2.0,0.0,3,0.0,0.0,0.0,0,4,3.0,1.6225165562913908,1.3377483443708609,0.3274526720494639,160.76923076923077,210.2577920831875
2024-05-19,Chelsea,Bournemouth,2,1,H,16,22,6,5,5,9,6,5,2,3.0,0,0.0,2024,H,,,3,0.0,0.0,0.0,0,2,3.0,1.631578947368421,1.144736842105263,0.3576991878925426,160.76923076923077,210.61549127108003
2024-08-18,Chelsea,Manchester City,0,2,A,10,11,3,5,12,9,4,3,1,1.0,0,0.0,2024,H,,,0,0.0,0.0,0.0,0,1,2.0,1.6209150326797386,2.366013071895425,0.059294951515596966,160.76923076923077,210.67478622259563
2024-08-25,Chelsea,Wolverhampton Wanderers,6,2,A,12,14,4,8,13,13,5,5,3,,0,,2024,A,2.0,0.0,3,0.0,0.0,0.0,0,3,2.0,1.62987012987013,1.1883116883116882,0.34793928385509554,160.76923076923077,211.0227255064507
2024-09-01,Chelsea,Crystal Palace,1,1,D,13,9,7,3,9,13,4,5,4,2.0,0,0.0,2024,H,,,1,0.0,0.0,0.0,0,4,1.3333333333333333,1.6258064516129032,1.206451612903226,0.22075663569159482,160.76923076923077,211.2434821421423
2024-09-14,Chelsea,Bournemouth,1,0,A,19,10,7,3,16,9,6,3,8,,0,,2024,A,6.0,0.0,3,0.0,0.0,0.0,1,8,2.3333333333333335,1.6346153846153846,1.15,0.5421080368436803,160.76923076923077,211.785590178986
2024-09-21,Chelsea,West Ham United,3,0,A,15,12,7,5,17,9,6,5,2,,0,,2024,A,5.0,0.0,3,0.0,0.0,0.0,1,2,2.3333333333333335,1.643312101910828,1.382165605095541,0.5506507415842712,160.76923076923077,212.33624092057028
2024-09-28,Chelsea,Brighton and Hove Albion,4,2,H,15,15,7,5,11,8,8,2,3,2.0,0,0.0,2024,H,,,3,0.0,0.0,0.0,0,3,3.0,1.6518987341772151,1.3354430379746836,0.33303083865121286,160.76923076923077,212.6692717592215
2024-10-06,Chelsea,Nottingham Forest,1,1,D,22,16,8,9,12,11,11,3,6,2.0,0,1.0,2024,H,,,1,0.0,0.0,0.0,0,6,2.3333333333333335,1.6477987421383649,1.0120481927710845,0.22976588794255287,160.76923076923077,212.89903764716405
2024-10-20,Chelsea,Liverpool,1,2,H,9,12,5,2,12,13,1,6,3,,0,,2024,A,4.0,0.0,0,0.0,0.0,0.0,0,3,1.3333333333333333,1.6375,2.06875,0.07872671049619356,160.76923076923077,212.97776435766022
2024-10-27,Chelsea,Newcastle United,2,1,H,17,11,7,3,13,16,7,4,6,3.0,0,0.0,2024,H,,,3,0.0,0.0,0.0,0,6,1.3333333333333333,1.6459627329192548,1.4720496894409938,0.30315510701438597,160.76923076923077,213.2809194646746
2024-11-03,Chelsea,Manchester United,1,1,D,11,12,4,3,19,14,4,8,2,,0,,2024,A,6.0,0.0,1,0.0,0.0,0.0,0,2,1.3333333333333333,1.6419753086419753,1.7222222222222223,0.1791840640577042,160.76923076923077,213.4601035287323
2024-11-10,Chelsea,Arsenal,1,1,D,17,13,3,3,12,12,4,3,4,2.0,0,0.0,2024,H,,,1,0.0,0.0,0.0,0,4,1.6666666666666667,1.638036809815951,1.9754601226993864,0.1428349605633808,160.76923076923077,213.6029384892957
2024-11-23,Chelsea,Leicester City,2,1,A,4,16,1,7,15,12,2,9,3,,0,,2024,A,4.0,0.0,3,0.0,0.0,0.0,0,3,1.6666666666666667,1.646341463414634,1.2857142857142858,0.3380697265553184,160.76923076923077,213.941008215851
2024-12-01,Chelsea,Aston Villa,3,0,H,17,10,8,4,21,6,3,4,2,2.0,0,0.0,2024,H,,,3,0.0,0.0,0.0,1,2,2.3333333333333335,1.6545454545454543,1.503030303030303,0.5384038293499207,160.76923076923077,214.47941204520095
2024-12-04,Chelsea,Southampton,5,1,A,6,26,4,13,7,14,5,7,0,,0,,2024,A,1.0,1.0,3,0.0,0.0,0.0,0,0,3.0,1.6626506024096386,0.8828125,0.3949284664095642,160.76923076923077,214.8743405116105
2024-12-08,Chelsea,Tottenham Hotspur,4,3,A,13,17,5,8,17,11,5,10,2,,0,,2024,A,2.0,0.0,3,0.0,0.0,0.0,0,2,3.0,1.6706586826347305,1.6706586826347305,0.30440886629202846,160.76923076923077,215.17874937790253
2024-12-15,Chelsea,Brentford,2,1,H,26,9,8,4,11,7,8,5,0,2.0,1,0.0,2024,H,,,3,0.0,0.0,0.0,0,2,3.0,1.6785714285714286,1.2846153846153847,0.34352565117866296,160.76923076923077,215.5222750290812
2024-12-22,Chelsea,Everton,0,0,D,5,12,4,5,20,12,2,5,1,,0,,2024,A,4.0,0.0,1,0.0,0.0,0.0,1,1,2.3333333333333335,1.6745562130177514,1.1785714285714286,0.45662499710471327,160.76923076923077,215.9789000261859
2024-12-26,Chelsea,Fulham,1,2,A,12,14,8,7,13,13,3,1,1,3.0,0,0.0,2024,H,,,0,0.0,0.0,0.0,0,1,1.3333333333333333,1.6647058823529413,1.1742424242424243,0.18005403811968906,160.76923076923077,216.1589540643056
2024-12-30,Chelsea,Ipswich Town,0,2,H,9,20,6,5,9,5,4,7,4,,0,,2024,A,4.0,0.0,0,0.0,0.0,0.0,0,4,0.3333333333333333,1.654970760233918,0.7894736842105263,0.20300794797400457,160.76923076923077,216.3619620122796
2025-01-04,Chelsea,Crystal Palace,1,1,D,13,15,6,1,9,12,6,6,2,,0,,2025,A,0.0,0.0,1,0.0,0.0,0.0,0,2,0.3333333333333333,1.6511627906976745,1.2034883720930232,0.23174604488479456,160.76923076923077,216.5937080571644
2025-01-14,Chelsea,Bournemouth,2,2,D,26,7,10,3,15,16,9,3,2,3.0,0,0.0,2025,H,,,1,0.0,0.0,0.0,0,2,0.6666666666666666,1.6473988439306355,1.2474226804123711,0.2272942932380534,160.76923076923077,216.82100235040244
2025-01-20,Chelsea,Wolverhampton Wanderers,3,1,H,19,9,7,4,8,14,3,6,4,2.0,0,0.0,2025,H,,,3,0.0,0.0,0.0,0,4,1.6666666666666667,1.6551724137931034,1.1436781609195403,0.3471173098191748,160.76923076923077,217.16811966022163
2025-01-25,Chelsea,Manchester City,1,3,H,15,10,6,4,6,8,2,4,2,,0,,2025,A,3.0,0.0,0,0.0,0.0,0.0,0,2,1.3333333333333333,1.6457142857142857,2.2857142857142856,0.06208684738269735,160.76923076923077,217.23020650760432
2025-02-03,Chelsea,West Ham United,2,1,H,22,14,3,5,11,10,4,3,3,1.0,0,0.0,2025,H,,,3,0.0,0.0,0.0,0,3,2.0,1.6534090909090908,1.3636363636363635,0.33017408071549675,160.76923076923077,217.56038058831982
2025-02-14,Chelsea,Brighton and Hove Albion,0,3,H,13,8,5,0,12,15,2,9,2,,0,,2025,A,1.0,0.0,0,0.0,0.0,0.0,0,2,1.0,1.6440677966101696,1.3502824858757063,0.1568717709343798,160.76923076923077,217.7172523592542
2025-02-22,Chelsea,Aston Villa,1,2,H,12,15,6,7,15,16,2,3,3,,0,,2025,A,1.0,0.0,0,0.0,0.0,0.0,0,3,1.0,1.6348314606741574,1.5139664804469273,0.1349415125775912,160.76923076923077,217.8521938718318
2025-02-25,Chelsea,Southampton,4,0,H,19,7,10,2,6,9,4,2,1,2.0,0,0.0,2025,H,,,3,0.0,0.0,0.0,1,1,1.0,1.6424581005586592,0.8297872340425532,0.6119664118611492,160.76923076923077,218.46416028369293
2025-03-09,Chelsea,Leicester City,1,0,H,20,3,7,3,12,13,12,2,1,0.0,0,0.0,2025,H,,,3,0.0,0.0,0.0,1,1,2.0,1.65,1.1901408450704225,0.5754526975756787,160.76923076923077,219.03961298126862
2025-03-16,Chelsea,Arsenal,0,1,H,12,8,4,2,10,13,5,4,3,,0,,2025,A,3.0,0.0,0,0.0,0.0,0.0,0,3,2.0,1.6408839779005524,1.9944751381215469,0.08625279321668247,160.76923076923077,219.1258657744853
2025-04-03,Chelsea,Tottenham Hotspur,1,0,H,11,8,5,2,7,16,4,6,5,5.0,0,0.0,2025,H,,,3,0.0,0.0,0.0,1,5,2.0,1.6483516483516485,1.60989010989011,0.5115422697696967,160.76923076923077,219.63740804425498
2025-04-06,Chelsea,Brentford,0,0,D,9,21,2,5,12,12,3,6,3,,0,,2025,A,1.0,0.0,1,0.0,0.0,0.0,1,3,1.3333333333333333,1.644808743169399,1.282758620689655,0.43537882254605786,160.76923076923077,220.07278686680104
2025-04-13,Chelsea,Ipswich Town,2,2,D,34,13,9,4,11,7,15,4,2,2.0,0,0.0,2025,H,,,1,0.0,0.0,0.0,0,2,1.6666666666666667,1.641304347826087,0.65625,0.28719631637688536,160.76923076923077,220.35998318317795
2025-04-20,Chelsea,Fulham,2,1,A,6,13,1,8,13,9,6,4,3,,0,,2025,A,1.0,0.0,3,0.0,0.0,0.0,0,3,1.6666666666666667,1.648648648648649,1.1904761904761905,0.34771996035954494,160.76923076923077,220.7077031435375
2025-04-26,Chelsea,Everton,1,0,H,10,6,7,3,11,11,10,2,0,0.0,0,0.0,2025,H,,,3,0.0,0.0,0.0,1,0,2.3333333333333335,1.6559139784946235,1.1827956989247312,0.5815415383125735,160.76923076923077,221.28924468185005
2025-05-04,Chelsea,Liverpool,3,1,H,17,11,7,2,10,11,3,6,2,2.0,0,0.0,2025,H,,,3,0.0,0.0,0.0,0,2,3.0,1.6631016042780749,2.0962566844919786,0.2612841039344207,160.76923076923077,221.55052878578448
2025-05-11,Chelsea,Newcastle United,0,2,H,15,10,6,3,9,13,2,8,2,,1,,2025,A,4.0,0.0,0,0.0,0.0,0.0,0,4,2.0,1.6542553191489362,1.547872340425532,0.12616134230650147,160.76923076923077,221.67669012809097
2025-05-16,Chelsea,Manchester United,1,0,H,11,4,3,1,10,14,7,2,1,6.0,0,0.0,2025,H,,,3,0.0,0.0,0.0,1,1,2.0,1.6613756613756614,1.619047619047619,0.5319926657601657,160.76923076923077,222.20868279385115
2025-05-25,Chelsea,Nottingham Forest,1,0,A,10,6,2,2,10,11,7,4,2,,0,,2025,A,2.0,0.0,3,0.0,0.0,0.0,1,2,2.0,1.668421052631579,1.219298245614035,0.5671536766140434,160.76923076923077,222.77583647046518
2025-08-17,Chelsea,Crystal Palace,0,0,D,19,12,3,4,10,12,11,2,2,3.0,0,0.0,2025,H,,,1,0.0,0.0,0.0,1,2,2.3333333333333335,1.6649214659685865,1.256544502617801,0.44337960818564753,160.76923076923077,223.21921607865085
2025-08-22,Chelsea,West Ham United,5,1,A,12,12,4,7,7,10,7,5,1,,0,,2025,A,0.0,0.0,3,0.0,0.0,0.0,0,1,2.3333333333333335,1.671875,1.3333333333333333,0.34393376119671976,160.76923076923077,223.56314983984754
2025-08-30,Chelsea,Fulham,2,0,H,13,11,6,3,11,17,6,4,2,2.0,0,0.0,2025,H,,,3,0.0,0.0,0.0,1,2,2.3333333333333335,1.6787564766839378,1.1806451612903226,0.5710702952743156,160.76923076923077,224.13422013512186
2025-09-13,Chelsea,Brentford,2,2,D,7,16,4,6,13,9,5,6,2,,0,,2025,A,3.0,0.0,1,0.0,0.0,0.0,0,2,2.3333333333333335,1.675257731958763,1.3076923076923077,0.22118732529533114,160.76923076923077,224.3554074604172
2025-09-20,Chelsea,Manchester United,1,2,H,11,5,4,1,13,14,5,5,5,,1,,2025,A,0.0,1.0,0,0.0,0.0,0.0,0,7,1.3333333333333333,1.6666666666666667,1.6205128205128203,0.10276714001804688,160.76923076923077,224.45817460043526
2025-09-27,Chelsea,Brighton and Hove Albion,1,3,A,13,12,3,3,9,16,5,7,3,5.0,1,0.0,2025,H,,,0,0.0,0.0,0.0,0,5,0.3333333333333333,1.6581632653061225,1.3826530612244898,0.13755801560393044,160.76923076923077,224.5957326160392
2025-10-04,Chelsea,Liverpool,2,1,H,12,12,6,2,9,8,7,2,0,2.0,0,0.0,2025,H,,,3,0.0,0.0,0.0,0,0,1.0,1.6649746192893402,2.0761421319796955,0.2740114118913499,160.76923076923077,224.86974402793052
2025-10-18,Chelsea,Nottingham Forest,3,0,A,12,17,2,6,13,16,5,2,2,,1,,2025,A,2.0,0.0,3,0.0,0.0,0.0,1,4,2.0,1.6717171717171715,1.180327868852459,0.5604132941660028,160.76923076923077,225.43015732209653
2025-10-25,Chelsea,Sunderland,1,2,A,16,10,7,4,15,13,9,1,1,1.0,0,0.0,2025,H,,,0,0.0,0.0,0.0,0,1,2.0,1.6633165829145728,1.8888888888888888,0.10764073067206509,160.76923076923077,225.5377980527686
2025-11-01,Chelsea,Tottenham Hotspur,1,0,A,3,15,1,9,14,12,6,5,2,,0,,2025,A,4.0,0.0,3,0.0,0.0,0.0,1,2,2.0,1.67,1.57,0.531617960397585,160.76923076923077,226.06941601316618
2025-11-08,Chelsea,Wolverhampton Wanderers,3,0,H,20,3,8,0,12,14,10,1,1,2.0,0,0.0,2025,H,,,3,0.0,0.0,0.0,1,1,2.0,1.6766169154228856,1.1293532338308458,0.5816121515147333,160.76923076923077,226.6510281646809
2020-09-12,Crystal Palace,Southampton,1,0,H,5,9,3,5,14,11,7,3,2,1.0,0,0.0,2020,H,,,3,0.0,0.0,0.0,1,2,3.0,3.0,0.0,0.6907020646602591,119.48717948717947,120.17788155183973
2020-09-19,Crystal Palace,Manchester United,3,1,A,13,14,4,5,13,10,9,3,1,,0,,2020,A,2.0,0.0,3,0.0,0.0,0.0,0,1,3.0,3.0,0.0,0.47903703445589096,119.48717948717947,120.65691858629563
2020-09-26,Crystal Palace,Everton,1,2,A,8,10,1,5,16,15,7,6,3,1.0,0,0.0,2020,H,,,0,0.0,0.0,0.0,0,3,2.0,2.0,3.0,-0.015634481920758836,119.48717948717947,120.64128410437486
2020-10-03,Crystal Palace,Chelsea,0,4,H,17,4,6,0,17,13,8,5,0,,0,,2020,A,2.0,0.0,0,0.0,0.0,0.0,0,0,1.0,1.5,1.75,0.12705856407498606,119.48717948717947,120.76834266844985
2020-10-18,Crystal Palace,Brighton and Hove Albion,1,1,D,1,20,1,3,13,12,2,5,3,2.0,0,1.0,2020,H,,,1,0.0,0.0,0.0,0,3,0.3333333333333333,1.4,0.8,0.26728591895687365,119.48717948717947,121.03562858740672
2020-10-24,Crystal Palace,Fulham,2,1,A,16,14,3,10,11,11,4,4,1,,0,,2020,A,0.0,1.0,3,0.0,0.0,0.0,0,1,1.3333333333333333,1.6666666666666667,0.1666666666666666,0.46214912529849456,119.48717948717947,121.49777771270521
2020-10-30,Crystal Palace,Wolverhampton Wanderers,0,2,H,15,11,5,2,13,4,7,6,2,,1,,2020,A,0.0,0.0,0,0.0,0.0,0.0,0,4,1.3333333333333333,1.4285714285714286,1.8571428571428572,0.09482374795820206,119.48717948717947,121.59260146066342
2020-11-07,Crystal Palace,Leeds United,4,1,H,10,9,6,3,9,1,3,6,0,2.0,0,0.0,2020,H,,,3,0.0,0.0,0.0,0,0,2.0,1.625,1.25,0.3577222915471753,119.48717948717947,121.9503237522106
2020-11-23,Crystal Palace,Burnley,0,1,H,10,15,4,5,13,9,4,7,0,,0,,2020,A,2.0,0.0,0,0.0,0.0,0.0,0,0,1.0,1.4444444444444444,0.625,0.24105195088741177,119.48717948717947,122.191375703098
2020-11-27,Crystal Palace,Newcastle United,0,2,A,12,14,3,7,9,10,7,3,2,2.0,0,0.0,2020,H,,,0,0.0,0.0,0.0,0,2,1.0,1.3,1.4,0.15183402176200392,119.48717948717947,122.34320972486002
2020-12-06,Crystal Palace,West Brom,5,1,A,9,18,4,6,10,16,4,6,2,,0,,2020,A,2.0,1.0,3,0.0,0.0,0.0,0,2,1.0,1.4545454545454546,0.5454545454545454,0.4184229378053818,119.48717948717947,122.76163266266539
2020-12-13,Crystal Palace,Tottenham Hotspur,1,1,D,16,14,5,6,15,11,4,7,1,1.0,0,0.0,2020,H,,,1,0.0,0.0,0.0,0,1,1.3333333333333333,1.4166666666666667,2.0833333333333335,0.14793816998843595,119.48717948717947,122.90957083265383
2020-12-16,Crystal Palace,West Ham United,1,1,D,9,8,2,2,8,12,5,3,1,,1,,2020,A,0.0,0.0,1,0.0,0.0,0.0,0,3,1.6666666666666667,1.3846153846153846,1.6153846153846154,0.18466507107914973,119.48717948717947,123.09423590373298
2020-12-19,Crystal Palace,Liverpool,0,7,A,5,14,3,8,5,11,5,4,1,0.0,0,0.0,2020,H,,,0,0.0,0.0,0.0,0,1,0.6666666666666666,1.2857142857142858,2.2142857142857144,0.07466909850762449,119.48717948717947,123.1689050022406
2020-12-26,Crystal Palace,Aston Villa,0,3,H,21,13,10,6,18,16,4,4,4,,0,,2020,A,1.0,1.0,0,0.0,0.0,0.0,0,4,0.3333333333333333,1.2,1.9230769230769231,0.08814281686296832,119.48717948717947,123.25704781910358
2020-12-28,Crystal Palace,Leicester City,1,1,D,4,17,1,3,10,7,2,5,0,1.0,0,0.0,2020,H,,,1,0.0,0.0,0.0,0,0,0.3333333333333333,1.1875,1.8125,0.1807255981409624,119.48717948717947,123.43777341724453
2021-01-02,Crystal Palace,Sheffield United,2,0,H,9,7,4,2,8,18,3,6,1,3.0,0,0.0,2021,H,,,3,0.0,0.0,0.0,1,1,1.3333333333333333,1.2941176470588236,0.1176470588235294,0.6841257633797366,119.48717948717947,124.12189918062427
2021-01-14,Crystal Palace,Arsenal,0,0,D,11,12,4,2,10,11,7,3,1,,0,,2021,A,1.0,0.0,1,0.0,0.0,0.0,1,1,1.6666666666666667,1.2777777777777777,1.3333333333333333,0.4409433671728452,119.48717948717947,124.56284254779712
2021-01-17,Crystal Palace,Manchester City,0,4,H,13,2,6,0,9,8,11,1,0,,0,,2021,A,0.0,0.0,0,0.0,0.0,0.0,0,0,1.3333333333333333,1.2105263157894737,2.0588235294117645,0.09576626181275155,119.48717948717947,124.65860880960987
2021-01-26,Crystal Palace,West Ham United,2,3,A,6,17,3,7,9,8,3,4,0,0.0,0,0.0,2021,H,,,0,0.0,0.0,0.0,0,0,0.3333333333333333,1.15,1.75,0.12705856407498606,119.48717948717947,124.78566737368486
2021-01-30,Crystal Palace,Wolverhampton Wanderers,1,0,H,11,6,2,4,7,10,1,6,1,2.0,0,0.0,2021,H,,,3,0.0,0.0,0.0,1,1,1.0,1.238095238095238,1.0952380952380951,0.5850689516834116,119.48717948717947,125.37073632536827
2021-02-02,Crystal Palace,Newcastle United,2,1,A,21,6,5,3,14,11,9,1,3,,0,,2021,A,1.0,0.0,3,0.0,0.0,0.0,0,3,2.0,1.318181818181818,1.0,0.367020427967998,119.48717948717947,125.73775675333627
2021-02-08,Crystal Palace,Leeds United,0,2,H,17,8,7,3,7,8,5,3,2,,0,,2021,A,0.0,0.0,0,0.0,0.0,0.0,0,2,2.0,1.2608695652173914,1.4545454545454546,0.14630706967412874,119.48717948717947,125.8840638230104
2021-02-13,Crystal Palace,Burnley,0,3,A,13,16,3,4,15,14,7,4,0,0.0,0,0.0,2021,H,,,0,0.0,0.0,0.0,0,0,1.0,1.2083333333333333,1.1304347826086956,0.18983753072530746,119.48717948717947,126.0739013537357
2021-02-22,Crystal Palace,Brighton and Hove Albion,2,1,A,25,3,5,2,11,6,13,0,0,,0,,2021,A,2.0,0.0,3,0.0,0.0,0.0,0,0,1.0,1.28,1.04,0.3790010570854947,119.48717948717947,126.4529024108212
2021-02-28,Crystal Palace,Fulham,0,0,D,3,16,0,4,10,14,1,3,1,1.0,0,0.0,2021,H,,,1,0.0,0.0,0.0,1,1,1.3333333333333333,1.2692307692307692,0.8846153846153846,0.48641081490429705,119.48717948717947,126.9393132257255
2021-03-03,Crystal Palace,Manchester United,0,0,D,8,11,2,1,4,13,4,6,1,0.0,0,0.0,2021,H,,,1,0.0,0.0,0.0,1,1,1.6666666666666667,1.2592592592592593,1.8888888888888888,0.38465033664819054,119.48717948717947,127.32396356237368
2021-03-07,Crystal Palace,Tottenham Hotspur,1,4,H,12,5,5,1,8,17,1,5,3,,0,,2021,A,2.0,0.0,0,0.0,0.0,0.0,0,3,0.6666666666666666,1.2142857142857142,1.6666666666666667,0.11946879133841237,119.48717948717947,127.4434323537121
2021-03-13,Crystal Palace,West Brom,1,0,H,6,12,4,1,16,15,3,2,3,1.0,0,0.0,2021,H,,,3,0.0,0.0,0.0,1,3,1.3333333333333333,1.2758620689655171,0.6206896551724138,0.6224645858195773,119.48717948717947,128.06589693953168
2021-04-05,Crystal Palace,Everton,1,1,D,15,13,7,6,10,10,3,4,0,,0,,2021,A,2.0,0.0,1,0.0,0.0,0.0,0,0,1.3333333333333333,1.2666666666666666,1.6206896551724137,0.20016125221434533,119.48717948717947,128.26605819174603
2021-04-10,Crystal Palace,Chelsea,1,4,A,1,23,1,10,7,12,0,8,1,0.0,0,0.0,2021,H,,,0,0.0,0.0,0.0,0,1,1.3333333333333333,1.2258064516129032,1.7419354838709675,0.1225311451979415,119.48717948717947,128.38858933694397
2021-04-26,Crystal Palace,Leicester City,1,2,H,13,4,5,2,13,12,7,2,1,,0,,2021,A,0.0,0.0,0,0.0,0.0,0.0,0,1,0.3333333333333333,1.1875,1.878787878787879,0.1086642403179679,119.48717948717947,128.49725357726192
2021-05-01,Crystal Palace,Manchester City,0,2,A,9,20,4,3,9,10,2,6,2,0.0,0,0.0,2021,H,,,0,0.0,0.0,0.0,0,2,0.0,1.1515151515151516,2.3529411764705883,0.055274917638537424,119.48717948717947,128.55252849490046
2021-05-08,Crystal Palace,Sheffield United,2,0,A,7,21,0,8,11,8,5,11,1,,0,,2021,A,1.0,0.0,3,0.0,0.0,0.0,1,1,1.0,1.2058823529411764,0.4857142857142857,0.6468304480304612,119.48717948717947,129.19935894293093
2021-05-11,Crystal Palace,Southampton,1,3,H,13,11,6,4,20,13,12,8,3,,0,,2021,A,2.0,0.0,0,0.0,0.0,0.0,0,3,1.0,1.1714285714285717,1.1428571428571428,0.17254507726165824,119.48717948717947,129.37190402019257
2021-05-16,Crystal Palace,Aston Villa,3,2,H,23,19,8,5,23,13,7,7,3,2.0,0,0.0,2021,H,,,3,0.0,0.0,0.0,0,3,2.0,1.2222222222222223,1.3611111111111112,0.33042995812697246,119.48717948717947,129.70233397831956
2021-05-19,Crystal Palace,Arsenal,1,3,A,12,6,6,3,7,7,6,7,2,1.0,0,0.0,2021,H,,,0,0.0,0.0,0.0,0,2,1.0,1.1891891891891893,1.5675675675675675,0.13485482660916212,119.48717948717947,129.83718880492873
2021-05-23,Crystal Palace,Liverpool,0,2,H,19,5,5,4,10,8,14,1,2,,0,,2021,A,2.0,0.0,0,0.0,0.0,0.0,0,2,1.0,1.1578947368421053,1.8157894736842104,0.10970313260092027,119.48717948717947,129.94689193752964
2021-08-14,Crystal Palace,Chelsea,0,3,H,13,4,6,1,15,11,5,2,0,,0,,2021,A,0.0,0.0,0,0.0,0.0,0.0,0,0,0.0,1.1282051282051282,1.794871794871795,0.12251181930184085,119.48717948717947,130.0694037568315
2021-08-21,Crystal Palace,Brentford,0,0,D,7,14,2,3,12,9,3,5,3,1.0,0,0.0,2021,H,,,1,0.0,0.0,0.0,1,3,0.3333333333333333,1.125,2.0,0.362702578999745,119.48717948717947,130.43210633583124
2021-08-28,Crystal Palace,West Ham United,2,2,D,14,9,4,2,10,7,5,3,0,,0,,2021,A,1.0,0.0,1,0.0,0.0,0.0,0,0,0.6666666666666666,1.1219512195121952,1.7560975609756098,0.18644071373995935,119.48717948717947,130.6185470495712
2021-09-11,Crystal Palace,Tottenham Hotspur,3,0,H,18,2,4,1,13,15,8,2,2,1.0,0,1.0,2021,H,,,3,0.0,0.0,0.0,1,2,1.6666666666666667,1.1666666666666667,1.6904761904761905,0.5194104146352385,119.48717948717947,131.1379574642064
2021-09-18,Crystal Palace,Liverpool,0,3,H,25,13,10,2,17,11,10,5,1,,0,,2021,A,3.0,0.0,0,0.0,0.0,0.0,0,1,1.3333333333333333,1.1395348837209305,1.9069767441860463,0.10580793432940194,119.48717948717947,131.24376539853583
2021-09-27,Crystal Palace,Brighton and Hove Albion,1,1,D,8,8,3,4,12,10,6,5,2,3.0,0,0.0,2021,H,,,1,0.0,0.0,0.0,0,2,1.3333333333333333,1.1363636363636365,1.2272727272727273,0.229336036706942,119.48717948717947,131.47310143524277
2021-10-03,Crystal Palace,Leicester City,2,2,D,18,9,4,5,15,11,1,3,2,3.0,0,0.0,2021,H,,,1,0.0,0.0,0.0,0,2,0.6666666666666666,1.1333333333333333,1.6444444444444444,0.18706508833115587,119.48717948717947,131.66016652357393
2021-10-18,Crystal Palace,Arsenal,2,2,D,17,9,6,6,7,4,6,4,1,,0,,2021,A,1.0,0.0,1,0.0,0.0,0.0,0,1,1.0,1.1304347826086956,1.565217391304348,0.20043753976034215,119.48717948717947,131.86060406333428
2021-10-23,Crystal Palace,Newcastle United,1,1,D,15,6,3,2,13,9,3,7,3,4.0,0,0.0,2021,H,,,1,0.0,0.0,0.0,0,3,1.0,1.127659574468085,1.0425531914893618,0.24270862137462018,119.48717948717947,132.1033126847089
2021-10-30,Crystal Palace,Manchester City,2,0,A,14,8,3,3,11,11,7,1,3,,0,,2021,A,2.0,1.0,3,0.0,0.0,0.0,1,3,1.6666666666666667,1.1666666666666667,2.2083333333333335,0.4615926925529995,119.48717948717947,132.56490537726188
2021-11-06,Crystal Palace,Wolverhampton Wanderers,2,0,H,13,4,6,2,14,13,4,6,2,1.0,0,0.0,2021,H,,,3,0.0,0.0,0.0,1,2,2.3333333333333335,1.2040816326530612,1.2448979591836735,0.5645597227907269,119.48717948717947,133.1294651000526
2021-11-20,Crystal Palace,Burnley,3,3,D,15,18,9,8,14,15,3,6,3,,0,,2021,A,2.0,0.0,1,0.0,0.0,0.0,0,3,2.3333333333333335,1.2,0.96,0.2510735261657731,119.48717948717947,133.3805386262184
2021-11-27,Crystal Palace,Aston Villa,1,2,A,8,10,3,3,12,10,7,3,3,3.0,0,0.0,2021,H,,,0,0.0,0.0,0.0,0,3,1.3333333333333333,1.1764705882352942,1.392156862745098,0.1472841711270653,119.48717948717947,133.52782279734544
2021-11-30,Crystal Palace,Leeds United,0,1,H,15,9,3,1,15,15,7,4,3,,0,,2021,A,5.0,0.0,0,0.0,0.0,0.0,0,3,0.3333333333333333,1.1538461538461535,1.4230769230769231,0.1441511201069148,119.48717948717947,133.67197391745236
2021-12-05,Crystal Palace,Manchester United,0,1,H,16,8,3,2,16,9,9,6,2,,0,,2021,A,2.0,0.0,0,0.0,0.0,0.0,0,2,0.0,1.1320754716981132,1.849056603773585,0.1063322589756604,119.48717948717947,133.77830617642803
2021-12-12,Crystal Palace,Everton,3,1,H,17,12,6,6,15,14,8,2,0,2.0,0,0.0,2021,H,,,3,0.0,0.0,0.0,0,0,1.0,1.1666666666666667,1.4259259259259258,0.33989616521436794,119.48717948717947,134.1182023416424
2021-12-15,Crystal Palace,Southampton,2,2,D,9,15,6,4,16,20,4,6,2,4.0,0,0.0,2021,H,,,1,0.0,0.0,0.0,0,2,1.3333333333333333,1.1636363636363636,1.0909090909090908,0.24315341692662998,119.48717948717947,134.36135575856903
2021-12-26,Crystal Palace,Tottenham Hotspur,0,3,H,17,4,6,0,16,10,4,2,1,,1,,2021,A,1.0,0.0,0,0.0,0.0,0.0,0,3,1.3333333333333333,1.1428571428571428,1.6851851851851851,0.11759235698759057,119.48717948717947,134.47894811555662
2021-12-28,Crystal Palace,Norwich City,3,0,H,19,12,6,3,9,13,8,8,1,2.0,0,0.0,2021,H,,,3,0.0,0.0,0.0,1,1,1.3333333333333333,1.1754385964912282,0.5263157894736842,0.6427164009876067,119.48717948717947,135.12166451654423
2022-01-01,Crystal Palace,West Ham United,2,3,A,22,10,6,5,6,16,9,1,0,2.0,0,0.0,2022,H,,,0,0.0,0.0,0.0,0,0,1.0,1.1551724137931034,1.706896551724138,0.1314261267881058,119.48717948717947,135.2530906433323
2022-01-14,Crystal Palace,Brighton and Hove Albion,1,1,D,19,3,4,1,11,7,9,0,2,,0,,2022,A,0.0,0.0,1,0.0,0.0,0.0,0,2,1.3333333333333333,1.152542372881356,1.1896551724137931,0.23314772780202833,119.48717948717947,135.48623837113436
2022-01-23,Crystal Palace,Liverpool,1,3,A,8,15,5,7,12,10,2,5,4,1.0,0,0.0,2022,H,,,0,0.0,0.0,0.0,0,4,0.3333333333333333,1.1333333333333333,1.95,0.08541476999908121,119.48717948717947,135.57165314113342
2022-02-09,Crystal Palace,Norwich City,1,1,D,5,13,1,5,11,15,4,6,2,,0,,2022,A,1.0,0.0,1,0.0,0.0,0.0,0,2,0.6666666666666666,1.1311475409836065,0.7391304347826086,0.27879825285568005,119.48717948717947,135.85045139398912
2022-02-12,Crystal Palace,Brentford,0,0,D,9,6,2,3,10,10,3,9,0,,0,,2022,A,1.0,0.0,1,0.0,0.0,0.0,1,0,0.6666666666666666,1.1290322580645162,0.96,0.4841168594571704,119.48717948717947,136.3345682534463
2022-02-19,Crystal Palace,Chelsea,0,1,A,7,9,0,3,4,20,4,4,1,3.0,0,0.0,2022,H,,,0,0.0,0.0,0.0,0,1,0.6666666666666666,1.1111111111111112,1.8571428571428572,0.11085747527347392,119.48717948717947,136.44542572871975
2022-02-23,Crystal Palace,Watford,4,1,A,8,7,1,5,12,9,6,4,1,,0,,2022,A,2.0,0.0,3,0.0,0.0,0.0,0,1,1.3333333333333333,1.140625,0.72,0.4060812668959385,119.48717948717947,136.8515069956157
2022-02-26,Crystal Palace,Burnley,1,1,D,11,5,4,1,5,17,5,4,0,2.0,0,0.0,2022,H,,,1,0.0,0.0,0.0,0,0,1.3333333333333333,1.1384615384615384,0.967741935483871,0.26632278286212074,119.48717948717947,137.1178297784778
2022-03-05,Crystal Palace,Wolverhampton Wanderers,2,0,A,12,12,5,8,13,8,7,7,3,,0,,2022,A,0.0,0.0,3,0.0,0.0,0.0,1,3,2.3333333333333335,1.1666666666666667,1.3076923076923077,0.5528523554996994,119.48717948717947,137.67068213397752
2022-03-14,Crystal Palace,Manchester City,0,0,D,7,18,1,4,6,11,2,6,3,1.0,0,0.0,2022,H,,,1,0.0,0.0,0.0,1,3,1.6666666666666667,1.164179104477612,2.328358208955224,0.3294308773762178,119.48717948717947,138.00011301135373
2022-04-04,Crystal Palace,Arsenal,3,0,H,6,12,5,3,11,15,0,2,0,2.0,0,0.0,2022,H,,,3,0.0,0.0,0.0,1,0,2.3333333333333335,1.1911764705882353,1.7164179104477613,0.527470957717154,119.48717948717947,138.5275839690709
2022-04-10,Crystal Palace,Leicester City,1,2,H,12,11,3,3,11,12,3,4,1,,0,,2022,A,1.0,0.0,0,0.0,0.0,0.0,0,1,1.3333333333333333,1.173913043478261,1.582089552238806,0.13872792663344155,119.48717948717947,138.66631189570433
2022-04-20,Crystal Palace,Newcastle United,0,1,H,13,10,4,2,12,12,2,5,1,,0,,2022,A,1.0,0.0,0,0.0,0.0,0.0,0,1,1.0,1.1571428571428573,1.1971830985915493,0.17772951797318445,119.48717948717947,138.84404141367753
2022-04-25,Crystal Palace,Leeds United,0,0,D,17,9,7,2,12,13,6,3,2,2.0,0,0.0,2022,H,,,1,0.0,0.0,0.0,1,2,0.3333333333333333,1.1549295774647887,1.3098591549295775,0.4379773701556508,119.48717948717947,139.28201878383317
2022-04-30,Crystal Palace,Southampton,2,1,A,8,14,3,5,13,11,6,7,3,,0,,2022,A,1.0,0.0,3,0.0,0.0,0.0,0,3,1.3333333333333333,1.1805555555555556,1.1369863013698631,0.3531399546879461,119.48717948717947,139.6351587385211
2022-05-07,Crystal Palace,Watford,1,0,H,15,6,7,1,11,18,8,5,2,1.0,0,1.0,2022,H,,,3,0.0,0.0,0.0,1,2,2.3333333333333335,1.2054794520547945,0.6285714285714286,0.6270105215523641,119.48717948717947,140.26216926007348
2022-05-15,Crystal Palace,Aston Villa,1,1,D,13,16,4,4,11,15,1,5,3,,0,,2022,A,1.0,0.0,1,0.0,0.0,0.0,0,3,2.3333333333333335,1.2027027027027026,1.337837837837838,0.21278817967597824,119.48717948717947,140.47495743974946
2022-05-19,Crystal Palace,Everton,2,3,H,12,7,6,5,9,13,4,5,3,,0,,2022,A,2.0,0.0,0,0.0,0.0,0.0,0,3,1.3333333333333333,1.1866666666666668,1.3066666666666666,0.1559466751183886,119.48717948717947,140.63090411486786
2022-05-22,Crystal Palace,Manchester United,1,0,H,6,10,3,4,12,22,3,6,2,4.0,0,0.0,2022,H,,,3,0.0,0.0,0.0,1,2,1.3333333333333333,1.2105263157894737,1.736842105263158,0.5147122744937072,119.48717948717947,141.14561638936155
2022-08-05,Crystal Palace,Arsenal,0,2,A,10,10,2,2,16,11,3,5,1,2.0,0,0.0,2022,H,,,0,0.0,0.0,0.0,0,1,1.0,1.1948051948051948,1.7272727272727273,0.12401688500651009,119.48717948717947,141.26963327436806
2022-08-15,Crystal Palace,Liverpool,1,1,D,24,7,4,3,7,8,4,2,4,,0,,2022,A,2.0,1.0,1,0.0,0.0,0.0,0,4,1.3333333333333333,1.1923076923076923,2.08974358974359,0.1312549077055719,119.48717948717947,141.40088818207363
2022-08-20,Crystal Palace,Aston Villa,3,1,H,17,13,9,5,16,14,4,2,2,1.0,0,0.0,2022,H,,,3,0.0,0.0,0.0,0,2,1.3333333333333333,1.2151898734177216,1.3037974683544304,0.3415819794528555,119.48717948717947,141.74247016152648
2022-08-27,Crystal Palace,Manchester City,2,4,H,18,2,5,2,14,8,6,1,2,,0,,2022,A,1.0,0.0,0,0.0,0.0,0.0,0,2,1.3333333333333333,1.2,2.3625,0.054306346378039716,119.48717948717947,141.79677650790453
2022-08-30,Crystal Palace,Brentford,1,1,D,13,9,4,3,11,8,4,6,1,2.0,0,0.0,2022,H,,,1,0.0,0.0,0.0,0,1,1.3333333333333333,1.1975308641975309,1.2093023255813953,0.2365015075464101,119.48717948717947,142.03327801545095
2022-09-03,Crystal Palace,Newcastle United,0,0,D,23,19,6,9,19,12,13,5,1,,0,,2022,A,2.0,0.0,1,0.0,0.0,0.0,1,1,0.6666666666666666,1.195121951219512,1.2317073170731707,0.4512408727566235,119.48717948717947,142.48451888820756
2022-10-01,Crystal Palace,Chelsea,1,2,A,7,13,3,3,11,13,5,2,1,3.0,0,0.0,2022,H,,,0,0.0,0.0,0.0,0,1,0.6666666666666666,1.180722891566265,1.855421686746988,0.11103187708921297,119.48717948717947,142.59555076529676
2022-10-09,Crystal Palace,Leeds United,2,1,H,13,10,5,4,13,23,5,3,3,3.0,0,0.0,2022,H,,,3,0.0,0.0,0.0,0,3,1.3333333333333333,1.2023809523809523,1.261904761904762,0.34048228500637506,119.48717948717947,142.93603305030314
2022-10-15,Crystal Palace,Leicester City,0,0,D,14,8,5,1,18,13,9,2,2,,0,,2022,A,2.0,0.0,1,0.0,0.0,0.0,1,2,1.3333333333333333,1.2,1.430232558139535,0.42578023956539235,119.48717948717947,143.36181328986854
2022-10-18,Crystal Palace,Wolverhampton Wanderers,2,1,H,14,10,4,4,14,18,4,3,3,1.0,0,0.0,2022,H,,,3,0.0,0.0,0.0,0,3,2.3333333333333335,1.2209302325581397,1.206896551724138,0.34605612694502313,119.48717948717947,143.70786941681357
2022-10-22,Crystal Palace,Everton,0,3,H,9,9,6,2,16,14,3,4,4,,0,,2022,A,3.0,0.0,0,0.0,0.0,0.0,0,4,1.3333333333333333,1.206896551724138,1.2613636363636365,0.15519254010850542,119.48717948717947,143.86306195692208
2022-10-29,Crystal Palace,Southampton,1,0,H,12,14,3,4,13,12,8,4,3,3.0,0,0.0,2022,H,,,3,0.0,0.0,0.0,1,3,2.0,1.2272727272727273,1.0674157303370786,0.5771989695658508,119.48717948717947,144.44026092648792
2022-11-06,Crystal Palace,West Ham United,2,1,A,5,15,2,6,10,7,2,5,1,,0,,2022,A,1.0,0.0,3,0.0,0.0,0.0,0,1,2.0,1.247191011235955,1.5,0.32704585203932335,119.48717948717947,144.76730677852726
2022-11-12,Crystal Palace,Nottingham Forest,0,1,H,9,8,2,0,11,13,1,5,4,,0,,2022,A,1.0,0.0,0,0.0,0.0,0.0,0,4,2.0,1.2333333333333334,0.8666666666666667,0.19518617952215783,119.48717948717947,144.9624929580494
2022-12-26,Crystal Palace,Fulham,0,3,A,4,23,0,11,12,15,1,8,0,0.0,2,0.0,2022,H,,,0,0.0,0.0,0.0,0,4,1.0,1.21978021978022,0.925925925925926,0.18918158959952797,119.48717948717947,145.15167454764892
2022-12-31,Crystal Palace,Bournemouth,2,0,A,6,15,2,6,17,11,2,7,1,,0,,2022,A,4.0,0.0,3,0.0,0.0,0.0,1,1,1.0,1.2391304347826086,0.9411764705882352,0.600679624013778,119.48717948717947,145.75235417166272
2023-01-04,Crystal Palace,Tottenham Hotspur,0,4,A,19,14,4,6,11,8,10,4,1,2.0,0,0.0,2023,H,,,0,0.0,0.0,0.0,0,1,1.0,1.2258064516129032,1.7659574468085106,0.12009706083071209,119.48717948717947,145.87245123249343
2023-01-15,Crystal Palace,Chelsea,0,1,H,15,10,5,5,10,17,11,7,5,,0,,2023,A,2.0,0.0,0,0.0,0.0,0.0,0,5,1.0,1.2127659574468086,1.7789473684210526,0.09740252204675709,119.48717948717947,145.96985375454017
2023-01-18,Crystal Palace,Manchester United,1,1,D,10,15,5,4,9,10,3,3,1,2.0,0,0.0,2023,H,,,1,0.0,0.0,0.0,0,1,0.3333333333333333,1.2105263157894737,1.8,0.17664761555600983,119.48717948717947,146.1465013700962
2023-01-21,Crystal Palace,Newcastle United,0,0,D,6,16,1,7,13,7,3,15,4,2.0,0,0.0,2023,H,,,1,0.0,0.0,0.0,1,4,0.6666666666666666,1.2083333333333333,1.3854166666666667,0.419632168245887,119.48717948717947,146.5661335383421
2023-02-04,Crystal Palace,Manchester United,1,2,H,14,10,5,3,9,9,5,5,2,,0,,2023,A,1.0,1.0,0,0.0,0.0,0.0,0,2,0.6666666666666666,1.1958762886597938,1.7938144329896908,0.1119298075467951,119.48717948717947,146.67806334588886
2023-02-11,Crystal Palace,Brighton and Hove Albion,1,1,D,6,17,1,7,10,11,1,6,4,1.0,0,0.0,2023,H,,,1,0.0,0.0,0.0,0,4,0.6666666666666666,1.1938775510204085,1.309278350515464,0.21033746406911336,119.48717948717947,146.88840080995797
2023-02-18,Crystal Palace,Brentford,1,1,D,12,10,5,4,10,8,2,6,2,,0,,2023,A,2.0,0.0,1,0.0,0.0,0.0,0,2,0.6666666666666666,1.1919191919191918,1.3278688524590163,0.21914288736454926,119.48717948717947,147.10754369732254
2023-02-25,Crystal Palace,Liverpool,0,0,D,6,12,0,4,11,14,5,3,2,5.0,0,0.0,2023,H,,,1,0.0,0.0,0.0,1,2,1.0,1.19,1.9898989898989896,0.36907066441740516,119.48717948717947,147.47661436173993
2023-03-04,Crystal Palace,Aston Villa,0,1,H,8,3,1,0,14,17,2,4,3,,1,,2023,A,2.0,0.0,0,0.0,0.0,0.0,0,5,0.6666666666666666,1.1782178217821782,1.3267326732673268,0.14322428619513206,119.48717948717947,147.61983864793507
2023-03-11,Crystal Palace,Manchester City,0,1,A,4,14,0,4,11,17,2,6,2,2.0,0,0.0,2023,H,,,0,0.0,0.0,0.0,0,2,0.3333333333333333,1.1666666666666667,2.3300970873786406,0.057589651046747126,119.48717948717947,147.67742829898182
2023-03-15,Crystal Palace,Brighton and Hove Albion,0,1,H,11,11,5,3,13,20,1,4,2,,0,,2023,A,1.0,0.0,0,0.0,0.0,0.0,0,2,0.0,1.1553398058252426,1.3267326732673268,0.15925801351040392,119.48717948717947,147.83668631249222
2023-03-19,Crystal Palace,Arsenal,1,4,H,15,8,5,4,8,10,5,4,1,,0,,2023,A,0.0,0.0,0,0.0,0.0,0.0,0,1,0.0,1.1442307692307692,1.9134615384615383,0.10515084662962845,119.48717948717947,147.94183715912186
2023-04-01,Crystal Palace,Leicester City,2,1,H,31,3,9,2,12,16,10,1,3,4.0,0,0.0,2023,H,,,3,0.0,0.0,0.0,0,3,1.0,1.161904761904762,1.375,0.3290226323638561,119.48717948717947,148.2708597914857
2023-04-09,Crystal Palace,Leeds United,5,1,A,11,16,7,8,11,8,2,4,1,,0,,2023,A,3.0,0.0,3,0.0,0.0,0.0,0,1,2.0,1.179245283018868,1.1886792452830188,0.35859119178615817,119.48717948717947,148.62945098327185
2023-04-15,Crystal Palace,Southampton,2,0,A,11,9,4,2,6,13,6,2,1,,0,,2023,A,3.0,0.0,3,0.0,0.0,0.0,1,1,3.0,1.1962616822429906,0.9906542056074766,0.5956661710478659,119.48717948717947,149.22511715431972
2023-04-22,Crystal Palace,Everton,0,0,D,12,10,2,5,12,14,8,1,1,1.0,0,1.0,2023,H,,,1,0.0,0.0,0.0,1,1,2.3333333333333335,1.1944444444444444,1.1666666666666667,0.4578312763302416,119.48717948717947,149.68294843064996
2023-04-25,Crystal Palace,Wolverhampton Wanderers,0,2,H,9,14,3,4,13,14,6,11,4,,0,,2023,A,5.0,0.0,0,0.0,0.0,0.0,0,4,1.3333333333333333,1.18348623853211,1.220183486238532,0.1593652199149097,119.48717948717947,149.84231365056488
2023-04-29,Crystal Palace,West Ham United,4,3,H,16,8,6,4,9,17,8,5,1,2.0,0,0.0,2023,H,,,3,0.0,0.0,0.0,0,1,1.3333333333333333,1.2,1.4220183486238531,0.33494753430562807,119.48717948717947,150.1772611848705
2023-05-06,Crystal Palace,Tottenham Hotspur,0,1,H,8,7,3,2,15,14,8,4,5,,0,,2023,A,3.0,0.0,0,0.0,0.0,0.0,0,5,1.0,1.1891891891891893,1.7117117117117118,0.1042153400226285,119.48717948717947,150.28147652489315
2023-05-13,Crystal Palace,Bournemouth,2,0,H,17,5,5,0,5,12,11,2,0,2.0,0,0.0,2023,H,,,3,0.0,0.0,0.0,1,0,2.0,1.2053571428571428,1.0833333333333333,0.591619806680697,119.48717948717947,150.87309633157383
2023-05-20,Crystal Palace,Fulham,2,2,D,11,11,4,5,13,12,7,4,0,,0,,2023,A,3.0,0.0,1,0.0,0.0,0.0,0,0,1.3333333333333333,1.2035398230088497,1.0666666666666669,0.2562989916203113,119.48717948717947,151.12939532319416
2023-05-28,Crystal Palace,Nottingham Forest,1,1,D,16,7,4,4,9,13,5,4,0,2.0,0,0.0,2023,H,,,1,0.0,0.0,0.0,0,0,1.6666666666666667,1.2017543859649122,1.0,0.26305415528326986,119.48717948717947,151.39244947847743
2023-08-12,Crystal Palace,Sheffield United,1,0,A,8,24,1,8,18,11,5,5,0,,0,,2023,A,3.0,0.0,3,0.0,0.0,0.0,1,0,1.6666666666666667,1.2173913043478262,0.5897435897435898,0.6416339991852942,119.48717948717947,152.0340834776627
2023-08-21,Crystal Palace,Arsenal,0,1,A,14,14,2,3,14,10,1,8,2,1.0,0,1.0,2023,H,,,0,0.0,0.0,0.0,0,2,1.3333333333333333,1.206896551724138,1.896551724137931,0.1015196993068643,119.48717948717947,152.13560317696957
2023-08-26,Crystal Palace,Brentford,1,1,D,12,15,1,5,9,15,8,6,0,,0,,2023,A,0.0,0.0,1,0.0,0.0,0.0,0,0,1.3333333333333333,1.205128205128205,1.3924050632911391,0.223292748912691,119.48717948717947,152.35889592588228
2023-09-03,Crystal Palace,Wolverhampton Wanderers,3,2,H,16,12,11,4,12,12,4,2,1,3.0,0,0.0,2023,H,,,3,0.0,0.0,0.0,0,1,1.3333333333333333,1.2203389830508475,1.1864406779661016,0.358818020115103,119.48717948717947,152.71771394599736
2023-09-16,Crystal Palace,Aston Villa,1,3,H,16,6,5,3,13,9,4,2,3,,0,,2023,A,5.0,0.0,0,0.0,0.0,0.0,0,3,1.3333333333333333,1.2100840336134453,1.4285714285714286,0.14359437584897866,119.48717948717947,152.86130832184634
2023-09-23,Crystal Palace,Fulham,0,0,D,7,10,3,5,10,15,3,2,3,2.0,0,0.0,2023,H,,,1,0.0,0.0,0.0,1,3,1.3333333333333333,1.2083333333333333,1.0731707317073171,0.45661582992380306,119.48717948717947,153.31792415177014
2023-09-30,Crystal Palace,Manchester United,1,0,A,19,8,4,2,10,8,10,4,2,,0,,2023,A,3.0,0.0,3,0.0,0.0,0.0,1,2,1.3333333333333333,1.2231404958677683,1.7851239669421488,0.5098199963297985,119.48717948717947,153.82774414809995
2023-10-07,Crystal Palace,Nottingham Forest,0,0,D,8,16,2,5,7,12,3,7,0,1.0,0,0.0,2023,H,,,1,0.0,0.0,0.0,1,0,1.6666666666666667,1.221311475409836,1.0217391304347827,0.4778609904997349,119.48717948717947,154.30560513859967
2023-10-21,Crystal Palace,Newcastle United,0,4,H,10,17,7,3,7,12,6,8,3,,0,,2023,A,2.0,0.0,0,0.0,0.0,0.0,0,3,1.3333333333333333,1.2113821138211385,1.4715447154471544,0.13924000205926673,119.48717948717947,154.44484514065894
2023-10-27,Crystal Palace,Tottenham Hotspur,1,2,A,13,10,3,1,19,11,11,2,2,1.0,0,0.0,2023,H,,,0,0.0,0.0,0.0,0,2,0.3333333333333333,1.2016129032258065,1.7661290322580645,0.11473509874204602,119.48717948717947,154.559580239401
2023-11-04,Crystal Palace,Burnley,2,0,A,17,4,5,3,9,12,12,1,5,,0,,2023,A,0.0,0.0,3,0.0,0.0,0.0,1,5,1.0,1.216,0.896551724137931,0.5838230329120964,119.48717948717947,155.1434032723131
2023-11-11,Crystal Palace,Everton,2,3,A,13,8,4,4,9,18,9,2,1,4.0,0,0.0,2023,H,,,0,0.0,0.0,0.0,0,1,1.0,1.2063492063492065,1.1746031746031746,0.18001748420376396,119.48717948717947,155.32342075651684
2023-11-25,Crystal Palace,Luton Town,1,2,H,8,16,3,8,15,12,4,5,1,,0,,2023,A,6.0,0.0,0,0.0,0.0,0.0,0,1,1.0,1.1968503937007875,0.6923076923076923,0.22888725795593667,119.48717948717947,155.5523080144728
2023-12-03,Crystal Palace,West Ham United,1,1,D,9,9,3,2,17,7,2,3,0,,0,,2023,A,2.0,0.0,1,0.0,0.0,0.0,0,0,0.3333333333333333,1.1953125,1.421875,0.22030663522861021,119.48717948717947,155.7726146497014
2023-12-06,Crystal Palace,Bournemouth,0,2,A,16,11,3,4,10,17,3,9,1,3.0,0,0.0,2023,H,,,0,0.0,0.0,0.0,0,1,0.3333333333333333,1.186046511627907,1.0377358490566038,0.19388590196644168,119.48717948717947,155.96650055166785
2023-12-09,Crystal Palace,Liverpool,1,2,A,8,14,4,2,17,17,6,5,5,2.0,1,0.0,2023,H,,,0,0.0,0.0,0.0,0,7,0.3333333333333333,1.176923076923077,2.0384615384615383,0.06041746013103744,119.48717948717947,156.0269180117989
2023-12-16,Crystal Palace,Manchester City,2,2,D,19,5,9,2,12,9,6,1,1,,0,,2023,A,1.0,0.0,1,0.0,0.0,0.0,0,1,0.3333333333333333,1.1755725190839694,2.3053435114503817,0.1254424436680873,119.48717948717947,156.15236045546698
2023-12-21,Crystal Palace,Brighton and Hove Albion,1,1,D,11,18,3,6,12,11,3,1,5,2.0,0,0.0,2023,H,,,1,0.0,0.0,0.0,0,5,0.6666666666666666,1.1742424242424243,1.371212121212121,0.19871729693755508,119.48717948717947,156.35107775240454
2023-12-27,Crystal Palace,Chelsea,1,2,H,9,13,4,5,13,16,4,3,2,,0,,2023,A,3.0,0.0,0,0.0,0.0,0.0,0,2,0.6666666666666666,1.1654135338345866,1.5789473684210529,0.1337017403509046,119.48717948717947,156.48477949275542
2023-12-30,Crystal Palace,Brentford,3,1,H,13,9,6,4,14,10,7,4,0,1.0,0,0.0,2023,H,,,3,0.0,0.0,0.0,0,0,1.3333333333333333,1.1791044776119404,1.305263157894737,0.35212261640551223,119.48717948717947,156.83690210916095
2024-01-20,Crystal Palace,Arsenal,0,5,H,21,12,6,5,8,12,6,7,0,,0,,2024,A,0.0,0.0,0,0.0,0.0,0.0,0,0,1.0,1.1703703703703705,1.9037037037037037,0.11148415896316494,119.48717948717947,156.9483862681241
2024-01-30,Crystal Palace,Sheffield United,3,2,H,12,9,4,5,8,18,11,1,1,4.0,0,0.0,2024,H,,,3,0.0,0.0,0.0,0,1,2.0,1.1838235294117647,0.55,0.4233069342364828,119.48717948717947,157.37169320236058
2024-02-03,Crystal Palace,Brighton and Hove Albion,1,4,H,13,7,6,5,8,14,3,2,3,,0,,2024,A,1.0,0.0,0,0.0,0.0,0.0,0,3,1.0,1.1751824817518248,1.3795620437956204,0.14856037207670109,119.48717948717947,157.52025357443728
2024-02-12,Crystal Palace,Chelsea,1,3,A,13,14,4,5,14,7,1,7,2,2.0,0,0.0,2024,H,,,0,0.0,0.0,0.0,0,2,1.0,1.1666666666666667,1.5869565217391304,0.13289019322892448,119.48717948717947,157.65314376766622
2024-02-19,Crystal Palace,Everton,1,1,D,19,10,4,4,8,12,3,6,2,,0,,2024,A,0.0,0.0,1,0.0,0.0,0.0,0,2,0.3333333333333333,1.1654676258992809,1.1798561151079137,0.2341406413396872,119.48717948717947,157.8872844090059
2024-02-24,Crystal Palace,Burnley,3,0,H,15,2,6,0,8,13,12,3,3,1.0,0,1.0,2024,H,,,3,0.0,0.0,0.0,1,3,1.3333333333333333,1.1785714285714286,0.8529411764705882,0.5989311302594732,119.48717948717947,158.48621553926537
2024-03-02,Crystal Palace,Tottenham Hotspur,1,3,H,14,4,6,1,7,16,11,1,2,,0,,2024,A,1.0,0.0,0,0.0,0.0,0.0,0,2,1.3333333333333333,1.1702127659574468,1.7357142857142858,0.11781694760210545,119.48717948717947,158.60403248686748
2024-03-09,Crystal Palace,Luton Town,1,1,D,21,8,4,2,20,11,8,6,2,3.0,0,0.0,2024,H,,,1,0.0,0.0,0.0,0,2,1.3333333333333333,1.1690140845070425,0.7777777777777778,0.27488221594961715,119.48717948717947,158.8789147028171
2024-03-30,Crystal Palace,Nottingham Forest,1,1,D,12,10,5,3,14,12,4,6,1,,0,,2024,A,1.0,0.0,1,0.0,0.0,0.0,0,1,0.6666666666666666,1.167832167832168,0.9411764705882352,0.2636700180376525,119.48717948717947,159.14258472085476
2024-04-02,Crystal Palace,Bournemouth,0,1,H,11,3,6,2,13,14,9,2,2,,0,,2024,A,3.0,0.0,0,0.0,0.0,0.0,0,2,0.6666666666666666,1.1597222222222223,1.1764705882352942,0.17448368816133555,119.48717948717947,159.3170684090161
2024-04-06,Crystal Palace,Manchester City,2,4,A,7,18,4,8,13,3,2,9,1,1.0,0,0.0,2024,H,,,0,0.0,0.0,0.0,0,1,0.3333333333333333,1.1517241379310346,2.331034482758621,0.06283924293037438,119.48717948717947,159.37990765194647
2024-04-14,Crystal Palace,Liverpool,1,0,A,21,8,6,5,10,10,11,1,1,,0,,2024,A,1.0,0.0,3,0.0,0.0,0.0,1,1,1.0,1.1643835616438356,2.047945205479452,0.48853356489524147,119.48717948717947,159.8684412168417
2024-04-21,Crystal Palace,West Ham United,5,2,H,18,4,7,1,9,9,4,0,3,2.0,0,0.0,2024,H,,,3,0.0,0.0,0.0,0,3,2.0,1.1768707482993197,1.412162162162162,0.3252570850517339,119.48717948717947,160.19369830189345
2024-04-24,Crystal Palace,Newcastle United,2,0,H,20,7,7,2,10,15,7,2,3,3.0,0,0.0,2024,H,,,3,0.0,0.0,0.0,1,3,3.0,1.1891891891891893,1.4625850340136055,0.537157469752166,119.48717948717947,160.7308557716456
2024-04-27,Crystal Palace,Fulham,1,1,D,9,14,2,4,11,15,5,9,2,,0,,2024,A,0.0,0.0,1,0.0,0.0,0.0,0,2,2.3333333333333335,1.1879194630872485,1.108108108108108,0.24141068428630896,119.48717948717947,160.9722664559319
2024-05-06,Crystal Palace,Manchester United,4,0,H,18,7,10,2,12,8,6,3,1,1.0,0,0.0,2024,H,,,3,0.0,0.0,0.0,1,1,2.3333333333333335,1.2,1.751677852348993,0.5185535817710583,119.48717948717947,161.49082003770297
2024-05-11,Crystal Palace,Wolverhampton Wanderers,3,1,A,13,13,7,3,13,12,8,3,2,,1,,2024,A,3.0,0.0,3,0.0,0.0,0.0,0,4,2.3333333333333335,1.2119205298013245,1.2119205298013245,0.3402024842610082,119.48717948717947,161.83102252196397
2024-05-19,Crystal Palace,Aston Villa,5,0,H,15,8,9,2,10,8,2,4,1,4.0,0,0.0,2024,H,,,3,0.0,0.0,0.0,1,1,3.0,1.2236842105263157,1.506578947368421,0.5433888300223937,119.48717948717947,162.37441135198637
2024-08-18,Crystal Palace,Brentford,1,2,H,9,14,5,6,6,15,4,7,5,,0,,2024,A,1.0,0.0,0,0.0,0.0,0.0,0,5,2.0,1.2156862745098038,1.2782608695652171,0.14813581070083032,119.48717948717947,162.5225471626872
2024-08-24,Crystal Palace,West Ham United,0,2,A,14,18,2,3,9,17,3,3,1,1.0,0,0.0,2024,H,,,0,0.0,0.0,0.0,0,1,1.0,1.207792207792208,1.4025974025974026,0.15691540933910048,119.48717948717947,162.6794625720263
2024-09-01,Crystal Palace,Chelsea,1,1,D,13,9,7,3,9,13,4,5,2,,0,,2024,A,4.0,0.0,1,0.0,0.0,0.0,0,2,0.3333333333333333,1.206451612903226,1.6258064516129032,0.1889536287100475,119.48717948717947,162.86841620073636
2024-09-14,Crystal Palace,Leicester City,2,2,D,20,9,4,4,11,15,5,2,0,3.0,0,0.0,2024,H,,,1,0.0,0.0,0.0,0,0,0.6666666666666666,1.205128205128205,1.305084745762712,0.23214069445278152,119.48717948717947,163.10055689518913
2024-09-21,Crystal Palace,Manchester United,0,0,D,9,15,4,6,7,12,4,11,3,1.0,0,0.0,2024,H,,,1,0.0,0.0,0.0,1,3,1.0,1.2038216560509554,1.7452229299363058,0.38851849108748476,119.48717948717947,163.48907538627662
2024-09-28,Crystal Palace,Everton,1,2,H,8,17,2,5,13,11,5,8,1,,0,,2024,A,2.0,0.0,0,0.0,0.0,0.0,0,1,0.6666666666666666,1.1962025316455696,1.1772151898734178,0.17975281534415435,119.48717948717947,163.66882820162078
2024-10-05,Crystal Palace,Liverpool,0,1,A,9,16,5,4,7,15,3,8,4,2.0,0,0.0,2024,H,,,0,0.0,0.0,0.0,0,4,0.3333333333333333,1.1886792452830188,2.0628930817610063,0.07397560134341083,119.48717948717947,163.74280380296418
2024-10-21,Crystal Palace,Nottingham Forest,0,1,H,20,20,6,7,9,12,6,6,3,,0,,2024,A,2.0,0.0,0,0.0,0.0,0.0,0,3,0.0,1.18125,1.0357142857142858,0.18340159029141304,119.48717948717947,163.9262053932556
2024-10-27,Crystal Palace,Tottenham Hotspur,1,0,H,14,11,6,3,16,12,8,8,4,4.0,0,0.0,2024,H,,,3,0.0,0.0,0.0,1,4,1.0,1.1925465838509317,1.68944099378882,0.5088261569374221,119.48717948717947,164.435031550193
2024-11-02,Crystal Palace,Wolverhampton Wanderers,2,2,D,11,19,6,7,7,9,3,6,2,,0,,2024,A,1.0,0.0,1,0.0,0.0,0.0,0,2,1.3333333333333333,1.191358024691358,1.148148148148148,0.23735352893318074,119.48717948717947,164.6723850791262
2024-11-09,Crystal Palace,Fulham,0,2,A,13,17,5,7,10,11,1,8,1,1.0,1,0.0,2024,H,,,0,0.0,0.0,0.0,0,3,1.3333333333333333,1.1840490797546013,1.16,0.17080803517689747,119.48717948717947,164.8431931143031
2024-11-23,Crystal Palace,Aston Villa,2,2,D,17,13,5,6,10,11,10,1,2,,0,,2024,A,3.0,0.0,1,0.0,0.0,0.0,0,2,0.6666666666666666,1.1829268292682926,1.5121951219512195,0.20046557559751269,119.48717948717947,165.0436586899006
2024-11-30,Crystal Palace,Newcastle United,1,1,D,16,1,4,0,12,11,8,9,3,3.0,0,0.0,2024,H,,,1,0.0,0.0,0.0,0,3,0.6666666666666666,1.181818181818182,1.4787878787878788,0.1985060707522047,119.48717948717947,165.24216476065283
2024-12-03,Crystal Palace,Ipswich Town,1,0,A,9,13,2,3,14,13,4,7,4,,0,,2024,A,2.0,0.0,3,0.0,0.0,0.0,1,4,1.6666666666666667,1.1927710843373494,0.6428571428571429,0.6148738349382156,119.48717948717947,165.85703859559104
2024-12-07,Crystal Palace,Manchester City,2,2,D,12,12,3,4,4,10,6,8,1,0.0,0,1.0,2024,H,,,1,0.0,0.0,0.0,0,1,1.6666666666666667,1.1916167664670658,2.311377245508982,0.12483106075211814,119.48717948717947,165.98186965634315
2024-12-15,Crystal Palace,Brighton and Hove Albion,3,1,A,17,13,5,5,11,15,8,5,4,,0,,2024,A,1.0,0.0,3,0.0,0.0,0.0,0,4,2.3333333333333335,1.2023809523809523,1.3452380952380951,0.3266937546559196,119.48717948717947,166.30856341099906
2024-12-21,Crystal Palace,Arsenal,1,5,A,15,14,6,6,9,8,3,3,2,2.0,0,0.0,2024,H,,,0,0.0,0.0,0.0,0,2,1.3333333333333333,1.1952662721893492,1.9881656804733727,0.09223669027400858,119.48717948717947,166.40080010127306
2024-12-26,Crystal Palace,Bournemouth,0,0,D,18,10,4,4,13,12,5,2,2,,0,,2024,A,2.0,0.0,1,0.0,0.0,0.0,1,2,1.3333333333333333,1.1941176470588235,1.2340425531914894,0.44565967345230284,119.48717948717947,166.84645977472536
2024-12-29,Crystal Palace,Southampton,2,1,H,19,7,10,3,18,19,8,7,2,3.0,0,0.0,2024,H,,,3,0.0,0.0,0.0,0,2,1.3333333333333333,1.2046783625730997,0.8571428571428571,0.38684035444609505,119.48717948717947,167.23330012917148
2025-01-04,Crystal Palace,Chelsea,1,1,D,13,15,6,1,9,12,6,6,0,2.0,0,0.0,2025,H,,,1,0.0,0.0,0.0,0,0,1.6666666666666667,1.2034883720930232,1.6511627906976745,0.19707348694739554,119.48717948717947,167.43037361611886
2025-01-15,Crystal Palace,Leicester City,2,0,A,21,9,4,4,7,6,4,3,0,,0,,2025,A,0.0,0.0,3,0.0,0.0,0.0,1,0,2.3333333333333335,1.213872832369942,1.2296296296296296,0.5767959753092047,119.48717948717947,168.00716959142807
2025-01-18,Crystal Palace,West Ham United,2,0,A,7,12,0,7,13,10,2,4,0,,0,,2025,A,1.0,1.0,3,0.0,0.0,0.0,1,0,2.3333333333333335,1.2241379310344829,1.3735632183908046,0.562211551079024,119.48717948717947,168.5693811425071
2025-01-26,Crystal Palace,Brentford,1,2,A,16,13,5,6,8,11,4,7,2,2.0,0,0.0,2025,H,,,0,0.0,0.0,0.0,0,2,2.0,1.217142857142857,1.2773722627737227,0.1642595782807306,119.48717948717947,168.73364072078783
2025-02-02,Crystal Palace,Manchester United,2,0,A,17,11,2,3,12,13,11,0,1,,0,,2025,A,3.0,0.0,3,0.0,0.0,0.0,1,1,2.0,1.2272727272727273,1.681818181818182,0.5256322843891982,119.48717948717947,169.25927300517702
2025-02-15,Crystal Palace,Everton,1,2,A,17,11,6,6,9,12,6,2,0,1.0,0,0.0,2025,H,,,0,0.0,0.0,0.0,0,0,1.0,1.2203389830508475,1.1977401129943503,0.18301765289313854,119.48717948717947,169.44229065807016
2025-02-22,Crystal Palace,Fulham,2,0,A,10,10,0,5,10,7,7,7,3,,0,,2025,A,1.0,0.0,3,0.0,0.0,0.0,1,3,2.0,1.2303370786516854,1.1857142857142855,0.5652120780258818,119.48717948717947,170.00750273609606
2025-02-25,Crystal Palace,Aston Villa,4,1,H,19,6,6,2,19,10,3,8,3,1.0,0,0.0,2025,H,,,3,0.0,0.0,0.0,0,3,2.0,1.2402234636871508,1.5055555555555555,0.3157937701905622,119.48717948717947,170.32329650628662
2025-03-08,Crystal Palace,Ipswich Town,1,0,H,19,15,4,8,8,7,5,4,4,3.0,0,0.0,2025,H,,,3,0.0,0.0,0.0,1,4,3.0,1.25,0.6071428571428571,0.6184926726148006,119.48717948717947,170.94178917890142
2025-04-02,Crystal Palace,Southampton,1,1,D,8,9,2,3,14,9,2,2,1,,0,,2025,A,2.0,0.0,1,0.0,0.0,0.0,0,1,2.3333333333333335,1.2486187845303869,0.8194444444444444,0.27600481443202535,119.48717948717947,171.21779399333343
2025-04-05,Crystal Palace,Brighton and Hove Albion,2,1,H,8,11,3,5,12,13,2,4,0,1.0,2,1.0,2025,H,,,3,0.0,0.0,0.0,0,4,2.3333333333333335,1.2582417582417582,1.360655737704918,0.3251315241835141,119.48717948717947,171.54292551751695
2025-04-12,Crystal Palace,Manchester City,2,5,H,21,8,9,3,10,16,1,4,3,,0,,2025,A,2.0,0.0,0,0.0,0.0,0.0,0,3,1.3333333333333333,1.2513661202185793,2.25,0.06036110928752497,119.48717948717947,171.60328662680448
2025-04-16,Crystal Palace,Newcastle United,0,5,H,14,11,7,4,9,15,5,4,3,,0,,2025,A,2.0,0.0,0,0.0,0.0,0.0,0,3,1.0,1.2445652173913044,1.5434782608695652,0.131951158976488,119.48717948717947,171.73523778578095
2025-04-19,Crystal Palace,Bournemouth,0,0,D,5,15,0,4,13,10,5,4,3,4.0,1,0.0,2025,H,,,1,0.0,0.0,0.0,1,5,0.3333333333333333,1.2432432432432432,1.2477064220183487,0.42824142108411145,119.48717948717947,172.16347920686508
2025-04-23,Crystal Palace,Arsenal,2,2,D,12,15,6,4,4,6,3,6,1,,0,,2025,A,1.0,0.0,1,0.0,0.0,0.0,0,1,0.6666666666666666,1.2419354838709675,1.989247311827957,0.15747166709341778,119.48717948717947,172.32095087395848
2025-05-05,Crystal Palace,Nottingham Forest,1,1,D,20,12,3,4,9,15,7,4,3,8.0,0,0.0,2025,H,,,1,0.0,0.0,0.0,0,3,1.0,1.2406417112299466,1.2162162162162162,0.22511178906110535,119.48717948717947,172.5460626630196
2025-05-11,Crystal Palace,Tottenham Hotspur,2,0,A,8,23,1,10,12,10,4,8,1,,0,,2025,A,1.0,0.0,3,0.0,0.0,0.0,1,1,1.6666666666666667,1.25,1.5797872340425532,0.5359708206528654,119.48717948717947,173.08203348367246
2025-05-20,Crystal Palace,Wolverhampton Wanderers,4,2,H,14,12,10,3,14,8,0,10,1,2.0,0,0.0,2025,H,,,3,0.0,0.0,0.0,0,1,2.3333333333333335,1.2592592592592593,1.1851851851851851,0.3589452360032943,119.48717948717947,173.44097871967574
2025-05-25,Crystal Palace,Liverpool,1,1,D,14,8,3,5,7,10,11,0,0,,0,,2025,A,1.0,1.0,1,0.0,0.0,0.0,0,0,2.3333333333333335,1.2578947368421052,2.0736842105263156,0.1542604668166741,119.48717948717947,173.59523918649242
2025-08-17,Crystal Palace,Chelsea,0,0,D,19,12,3,4,10,12,11,2,3,,0,,2025,A,2.0,0.0,1,0.0,0.0,0.0,1,3,1.6666666666666667,1.256544502617801,1.6649214659685865,0.3966552340596414,119.48717948717947,173.99189442055206
2025-08-24,Crystal Palace,Nottingham Forest,1,1,D,8,9,4,1,11,11,1,3,3,3.0,0,0.0,2025,H,,,1,0.0,0.0,0.0,0,3,1.0,1.2552083333333333,1.2327586206896552,0.2234355893171513,119.48717948717947,174.2153300098692
2025-08-31,Crystal Palace,Aston Villa,3,0,A,13,6,4,4,7,14,10,1,3,,0,,2025,A,2.0,0.0,3,0.0,0.0,0.0,1,3,1.6666666666666667,1.2642487046632125,1.5336787564766838,0.5299537237924603,119.48717948717947,174.74528373366167
2025-09-13,Crystal Palace,Sunderland,0,0,D,14,6,6,0,10,8,5,3,1,1.0,0,0.0,2025,H,,,1,0.0,0.0,0.0,1,1,1.6666666666666667,1.2628865979381445,1.75,0.3987235942793542,119.48717948717947,175.14400732794104
2025-09-20,Crystal Palace,West Ham United,2,1,A,8,18,3,3,15,5,8,8,3,,0,,2025,A,3.0,0.0,3,0.0,0.0,0.0,0,3,2.3333333333333335,1.2717948717948715,1.328205128205128,0.3337642376272789,119.48717948717947,175.47777156556833
2025-09-27,Crystal Palace,Liverpool,2,1,H,16,20,7,4,10,8,2,6,1,3.0,0,0.0,2025,H,,,3,0.0,0.0,0.0,0,1,2.3333333333333335,1.280612244897959,2.086734693877551,0.2675935187811421,119.48717948717947,175.74536508434946
2025-10-05,Crystal Palace,Everton,1,2,H,14,15,7,8,13,16,2,4,3,,0,,2025,A,2.0,0.0,0,0.0,0.0,0.0,0,3,2.0,1.2741116751269037,1.2233502538071066,0.16438891518854293,119.48717948717947,175.909753999538
2025-10-18,Crystal Palace,Bournemouth,3,3,D,20,8,7,5,8,16,6,5,1,4.0,0,0.0,2025,H,,,1,0.0,0.0,0.0,0,1,1.3333333333333333,1.2727272727272727,1.2950819672131149,0.22780967477382713,119.48717948717947,176.13756367431182
2025-10-26,Crystal Palace,Arsenal,0,1,H,10,7,3,1,6,11,4,3,0,,0,,2025,A,0.0,0.0,0,0.0,0.0,0.0,0,0,0.3333333333333333,1.2663316582914572,2.0050251256281406,0.1012175171482162,119.48717948717947,176.23878119146005
2025-11-01,Crystal Palace,Brentford,2,0,H,9,6,2,2,7,11,6,5,0,3.0,0,0.0,2025,H,,,3,0.0,0.0,0.0,1,0,1.3333333333333333,1.275,1.3148148148148149,0.5681643772954243,119.48717948717947,176.80694556875545
2025-11-09,Crystal Palace,Brighton and Hove Albion,0,0,D,10,7,2,3,10,12,4,8,1,4.0,0,0.0,2025,H,,,1,0.0,0.0,0.0,1,1,1.3333333333333333,1.27363184079602,1.388059701492537,0.43539808356892407,119.48717948717947,177.2423436523244
2020-09-13,Everton,Tottenham Hotspur,1,0,A,9,15,5,4,15,7,5,3,0,,0,,2020,A,1.0,0.0,3,0.0,0.0,0.0,1,0,3.0,3.0,0.0,0.7013912162037736,130.25641025641025,130.95780147261402
2020-09-19,Everton,West Brom,5,2,H,17,6,7,4,9,11,11,1,1,0.0,0,1.0,2020,H,,,3,0.0,0.0,0.0,0,1,3.0,3.0,0.0,0.47903703445589096,130.25641025641025,131.43683850706992
2020-09-26,Everton,Crystal Palace,2,1,A,8,10,1,5,16,15,7,6,1,,0,,2020,A,3.0,0.0,3,0.0,0.0,0.0,0,1,3.0,3.0,2.0,0.2763821245671342,130.25641025641025,131.71322063163706
2020-10-03,Everton,Brighton and Hove Albion,4,2,H,11,11,6,3,13,14,3,10,0,1.0,0,0.0,2020,H,,,3,0.0,0.0,0.0,0,0,3.0,3.0,0.75,0.40838601901936444,130.25641025641025,132.12160665065642
2020-10-17,Everton,Liverpool,2,2,D,11,22,5,8,15,9,2,5,3,2.0,1,0.0,2020,H,,,1,0.0,0.0,0.0,0,5,2.3333333333333335,2.6,2.0,0.135003821480105,130.25641025641025,132.25661047213651
2020-10-25,Everton,Southampton,0,2,H,12,6,6,2,11,11,4,5,2,,1,,2020,A,1.0,0.0,0,0.0,0.0,0.0,0,4,1.3333333333333333,2.1666666666666665,1.6666666666666667,0.11412421556665509,130.25641025641025,132.37073468770316
2020-11-01,Everton,Newcastle United,1,2,H,11,15,4,4,9,10,5,4,4,,0,,2020,A,2.0,0.0,0,0.0,0.0,0.0,0,4,0.3333333333333333,1.8571428571428572,1.5714285714285714,0.12377444937088161,130.25641025641025,132.49450913707406
2020-11-07,Everton,Manchester United,1,3,A,7,13,1,5,12,19,5,2,4,2.0,0,0.0,2020,H,,,0,0.0,0.0,0.0,0,4,0.0,1.625,1.4285714285714286,0.13824980007722137,130.25641025641025,132.63275893715127
2020-11-22,Everton,Fulham,3,2,A,14,9,6,7,14,10,2,5,0,,0,,2020,A,2.0,0.0,3,0.0,0.0,0.0,0,0,1.0,1.7777777777777777,0.4444444444444444,0.43934718580792453,130.25641025641025,133.0721061229592
2020-11-28,Everton,Leeds United,0,1,A,15,23,8,7,8,14,4,2,1,2.0,0,0.0,2020,H,,,0,0.0,0.0,0.0,0,1,1.0,1.6,1.4,0.1571785975337612,130.25641025641025,133.22928472049296
2020-12-05,Everton,Burnley,1,1,D,8,13,3,6,6,9,8,4,0,,0,,2020,A,0.0,0.0,1,0.0,0.0,0.0,0,0,1.3333333333333333,1.5454545454545454,0.6,0.3035851372610212,130.25641025641025,133.53286985775398
2020-12-12,Everton,Chelsea,1,0,H,9,10,4,3,10,11,6,6,2,3.0,0,0.0,2020,H,,,3,0.0,0.0,0.0,1,2,1.3333333333333333,1.6666666666666667,1.8333333333333333,0.5049350639288988,130.25641025641025,134.0378049216829
2020-12-16,Everton,Leicester City,2,0,A,14,11,2,6,12,9,4,6,3,,0,,2020,A,2.0,0.0,3,0.0,0.0,0.0,1,3,2.3333333333333335,1.7692307692307692,1.8461538461538465,0.49829141822195705,130.25641025641025,134.53609633990484
2020-12-19,Everton,Arsenal,2,1,H,9,13,2,2,9,9,4,3,1,3.0,0,0.0,2020,H,,,3,0.0,0.0,0.0,0,1,3.0,1.8571428571428572,1.0,0.37770957951151257,130.25641025641025,134.91380591941635
2020-12-26,Everton,Sheffield United,1,0,A,10,7,2,3,11,10,6,3,4,,0,,2020,A,2.0,0.0,3,0.0,0.0,0.0,1,4,3.0,1.9333333333333331,0.1333333333333333,0.6665025857908274,130.25641025641025,135.58030850520717
2021-01-01,Everton,West Ham United,0,1,A,10,11,2,5,9,7,5,4,2,0.0,0,0.0,2021,H,,,0,0.0,0.0,0.0,0,2,2.0,1.8125,1.5294117647058822,0.13872105700449613,130.25641025641025,135.7190295622117
2021-01-12,Everton,Wolverhampton Wanderers,2,1,A,12,5,3,3,6,11,6,5,2,,0,,2021,A,2.0,0.0,3,0.0,0.0,0.0,0,2,2.0,1.8823529411764703,1.2222222222222223,0.3498477915298934,130.25641025641025,136.06887735374156
2021-01-27,Everton,Leicester City,1,1,D,8,19,2,6,12,10,5,11,1,1.0,0,0.0,2021,H,,,1,0.0,0.0,0.0,0,1,1.3333333333333333,1.8333333333333333,1.95,0.16144849731435307,130.25641025641025,136.2303258510559
2021-01-30,Everton,Newcastle United,0,2,A,11,13,3,3,13,6,7,12,3,4.0,0,0.0,2021,H,,,0,0.0,0.0,0.0,0,3,1.3333333333333333,1.736842105263158,1.0476190476190477,0.1821953110658847,130.25641025641025,136.4125211621218
2021-02-03,Everton,Leeds United,2,1,A,16,10,7,6,12,12,7,1,3,,0,,2021,A,2.0,0.0,3,0.0,0.0,0.0,0,3,1.3333333333333333,1.8,1.380952380952381,0.32841949275109195,130.25641025641025,136.7409406548729
2021-02-06,Everton,Manchester United,3,3,D,14,6,5,3,14,10,5,1,1,,0,,2021,A,2.0,0.0,1,0.0,0.0,0.0,0,1,1.3333333333333333,1.761904761904762,1.9565217391304348,0.16078766608645495,130.25641025641025,136.90172832095936
2021-02-14,Everton,Fulham,0,2,A,7,12,2,3,7,16,5,4,1,1.0,0,0.0,2021,H,,,0,0.0,0.0,0.0,0,1,1.3333333333333333,1.681818181818182,0.782608695652174,0.21973728710811657,130.25641025641025,137.12146560806747
2021-02-17,Everton,Manchester City,1,3,A,3,16,2,7,8,8,0,10,2,1.0,0,0.0,2021,H,,,0,0.0,0.0,0.0,0,2,0.3333333333333333,1.608695652173913,2.3333333333333335,0.057261730480584055,130.25641025641025,137.17872733854804
2021-02-20,Everton,Liverpool,2,0,A,15,9,6,6,10,10,7,2,1,,0,,2021,A,2.0,0.0,3,0.0,0.0,0.0,1,1,1.0,1.6666666666666667,1.6,0.533922712521011,130.25641025641025,137.71265005106906
2021-03-01,Everton,Southampton,1,0,H,7,9,1,1,13,9,4,10,0,2.0,0,0.0,2021,H,,,3,0.0,0.0,0.0,1,0,2.0,1.72,1.1538461538461535,0.5844749220371832,130.25641025641025,138.29712497310624
2021-03-04,Everton,West Brom,1,0,A,11,11,3,3,9,7,3,3,1,,0,,2021,A,3.0,0.0,3,0.0,0.0,0.0,1,1,3.0,1.7692307692307692,0.6296296296296297,0.6322478725040744,130.25641025641025,138.92937284561032
2021-03-08,Everton,Chelsea,0,2,H,19,7,9,1,11,12,7,3,3,,0,,2021,A,0.0,0.0,0,0.0,0.0,0.0,0,3,2.0,1.7037037037037035,1.7857142857142858,0.10740599908312923,130.25641025641025,139.03677884469346
2021-03-13,Everton,Burnley,1,2,A,14,14,4,5,9,6,7,4,0,4.0,0,0.0,2021,H,,,0,0.0,0.0,0.0,0,0,1.0,1.6428571428571428,1.137931034482759,0.1890779546012866,130.25641025641025,139.22585679929475
2021-04-05,Everton,Crystal Palace,1,1,D,15,13,7,6,10,10,3,4,2,0.0,0,0.0,2021,H,,,1,0.0,0.0,0.0,0,2,0.3333333333333333,1.6206896551724137,1.2666666666666666,0.22534434908792103,130.25641025641025,139.45120114838267
2021-04-12,Everton,Brighton and Hove Albion,0,0,D,23,8,3,1,12,7,10,3,2,,0,,2021,A,1.0,0.0,1,0.0,0.0,0.0,1,2,0.6666666666666666,1.6,1.064516129032258,0.46283735455817887,130.25641025641025,139.91403850294083
2021-04-16,Everton,Tottenham Hotspur,2,2,D,18,12,7,3,8,8,6,3,1,1.0,0,0.0,2021,H,,,1,0.0,0.0,0.0,0,1,1.0,1.5806451612903225,1.5625,0.20071288610529972,130.25641025641025,140.11475138904615
2021-04-23,Everton,Arsenal,1,0,A,14,8,3,1,13,10,7,3,3,,0,,2021,A,1.0,0.0,3,0.0,0.0,0.0,1,3,1.6666666666666667,1.625,1.393939393939394,0.5441131577539138,130.25641025641025,140.65886454680006
2021-05-01,Everton,Aston Villa,1,2,A,16,13,3,5,10,13,3,6,0,2.0,0,0.0,2021,H,,,0,0.0,0.0,0.0,0,0,1.3333333333333333,1.5757575757575757,1.4545454545454546,0.1569962212176433,130.25641025641025,140.8158607680177
2021-05-09,Everton,West Ham United,1,0,A,11,9,0,3,8,10,5,6,1,,0,,2021,A,2.0,0.0,3,0.0,0.0,0.0,1,1,2.0,1.6176470588235294,1.6571428571428573,0.5281325722384751,130.25641025641025,141.34399334025616
2021-05-13,Everton,Aston Villa,0,0,D,13,15,2,5,9,12,9,1,0,,0,,2021,A,2.0,0.0,1,0.0,0.0,0.0,1,0,1.3333333333333333,1.6,1.4,0.4395327792816439,130.25641025641025,141.7835261195378
2021-05-16,Everton,Sheffield United,0,1,A,16,10,6,3,8,12,11,4,1,3.0,0,0.0,2021,H,,,0,0.0,0.0,0.0,0,1,1.3333333333333333,1.5555555555555556,0.5555555555555556,0.2427440039312363,130.25641025641025,142.02627012346906
2021-05-19,Everton,Wolverhampton Wanderers,1,0,H,14,9,4,3,11,11,7,12,0,2.0,0,0.0,2021,H,,,3,0.0,0.0,0.0,1,0,1.3333333333333333,1.5945945945945943,1.2162162162162162,0.5781551223525027,130.25641025641025,142.60442524582155
2021-05-23,Everton,Manchester City,0,5,H,21,8,11,3,8,10,7,5,2,,0,,2021,A,2.0,0.0,0,0.0,0.0,0.0,0,2,1.0,1.5526315789473684,2.263157894736842,0.06437242907317203,130.25641025641025,142.66879767489473
2021-08-14,Everton,Southampton,3,1,H,14,6,6,3,13,15,6,8,2,0.0,0,0.0,2021,H,,,3,0.0,0.0,0.0,0,2,2.0,1.5897435897435896,1.1025641025641026,0.36197244425828057,130.25641025641025,143.030770119153
2021-08-21,Everton,Leeds United,2,2,D,17,17,4,8,6,13,8,5,4,,0,,2021,A,2.0,0.0,1,0.0,0.0,0.0,0,4,1.3333333333333333,1.575,1.5,0.1910121247240515,130.25641025641025,143.22178224387704
2021-08-28,Everton,Brighton and Hove Albion,2,0,A,14,14,3,5,7,9,4,5,2,,0,,2021,A,1.0,0.0,3,0.0,0.0,0.0,1,2,2.3333333333333335,1.6097560975609757,1.146341463414634,0.5745462016752401,130.25641025641025,143.7963284455523
2021-09-13,Everton,Burnley,3,1,H,14,11,6,6,3,6,4,6,1,1.0,0,0.0,2021,H,,,3,0.0,0.0,0.0,0,1,2.3333333333333335,1.6428571428571428,0.9523809523809524,0.3825346964136258,130.25641025641025,144.17886314196593
2021-09-18,Everton,Aston Villa,0,3,H,15,11,3,1,7,10,5,4,1,,0,,2021,A,1.0,0.0,0,0.0,0.0,0.0,0,1,2.0,1.6046511627906976,1.441860465116279,0.15293698314074072,130.25641025641025,144.33180012510667
2021-09-25,Everton,Norwich City,2,0,H,11,10,4,2,12,9,6,4,2,3.0,0,0.0,2021,H,,,3,0.0,0.0,0.0,1,2,2.0,1.6363636363636365,0.0,0.6907020646602591,130.25641025641025,145.02250218976693
2021-10-02,Everton,Manchester United,1,1,D,13,12,6,2,10,9,10,1,1,,0,,2021,A,1.0,0.0,1,0.0,0.0,0.0,0,1,1.3333333333333333,1.6222222222222222,1.9555555555555555,0.16088556700910653,130.25641025641025,145.18338775677603
2021-10-17,Everton,West Ham United,0,1,A,15,16,2,4,3,3,7,9,0,2.0,0,0.0,2021,H,,,0,0.0,0.0,0.0,0,0,1.3333333333333333,1.5869565217391304,1.7173913043478262,0.13036272021447665,130.25641025641025,145.3137504769905
2021-10-23,Everton,Watford,2,5,A,15,20,4,8,9,13,3,5,4,3.0,0,0.0,2021,H,,,0,0.0,0.0,0.0,0,4,0.3333333333333333,1.553191489361702,1.1111111111111112,0.17041724609130976,130.25641025641025,145.4841677230818
2021-11-01,Everton,Wolverhampton Wanderers,1,2,H,10,14,4,5,10,8,4,3,1,,0,,2021,A,1.0,0.0,0,0.0,0.0,0.0,0,1,0.0,1.5208333333333333,1.2708333333333333,0.17026672713074342,130.25641025641025,145.65443445021256
2021-11-07,Everton,Tottenham Hotspur,0,0,D,12,8,2,0,13,17,4,2,2,4.0,1,0.0,2021,H,,,1,0.0,0.0,0.0,1,4,0.3333333333333333,1.510204081632653,1.5918367346938775,0.39871614810324424,130.25641025641025,146.0531505983158
2021-11-21,Everton,Manchester City,0,3,H,17,4,7,1,5,7,7,1,1,,0,,2021,A,1.0,0.0,0,0.0,0.0,0.0,0,1,0.3333333333333333,1.48,2.24,0.07206353538048332,130.25641025641025,146.1252141336963
2021-11-28,Everton,Brentford,0,1,H,6,14,4,5,8,11,3,3,3,,0,,2021,A,4.0,0.0,0,0.0,0.0,0.0,0,3,0.3333333333333333,1.4509803921568627,1.2307692307692308,0.1636371691346799,130.25641025641025,146.28885130283098
2021-12-01,Everton,Liverpool,1,4,A,8,16,2,7,8,16,3,11,4,3.0,0,0.0,2021,H,,,0,0.0,0.0,0.0,0,4,0.0,1.4230769230769231,1.9230769230769231,0.08814281686296832,130.25641025641025,146.37699411969393
2021-12-06,Everton,Arsenal,2,1,H,11,10,5,3,8,12,3,3,2,2.0,0,0.0,2021,H,,,3,0.0,0.0,0.0,0,2,1.0,1.4528301886792452,1.5849056603773586,0.31309800179115654,130.25641025641025,146.6900921214851
2021-12-12,Everton,Crystal Palace,1,3,H,17,12,6,6,15,14,8,2,2,,0,,2021,A,0.0,0.0,0,0.0,0.0,0.0,0,2,1.0,1.4259259259259258,1.1666666666666667,0.17547709458235888,130.25641025641025,146.86556921606746
2021-12-16,Everton,Chelsea,1,1,D,23,5,10,3,11,11,7,1,3,,0,,2021,A,2.0,0.0,1,0.0,0.0,0.0,0,3,1.3333333333333333,1.4181818181818182,1.8909090909090909,0.15674687719936994,130.25641025641025,147.02231609326682
2022-01-02,Everton,Brighton and Hove Albion,2,3,A,17,12,6,5,5,12,8,5,1,1.0,0,0.0,2022,H,,,0,0.0,0.0,0.0,0,1,0.3333333333333333,1.3928571428571428,1.1929824561403508,0.1781551583818957,130.25641025641025,147.2004712516487
2022-01-15,Everton,Norwich City,1,2,H,14,12,3,5,12,14,8,8,1,,0,,2022,A,3.0,0.0,0,0.0,0.0,0.0,0,1,0.3333333333333333,1.368421052631579,0.6190476190476191,0.23631051472841863,130.25641025641025,147.43678176637712
2022-01-22,Everton,Aston Villa,0,1,A,15,8,1,3,14,16,9,2,5,3.0,0,0.0,2022,H,,,0,0.0,0.0,0.0,0,5,0.0,1.3448275862068966,1.3728813559322033,0.13854815763166436,130.25641025641025,147.5753299240088
2022-02-08,Everton,Newcastle United,1,3,H,20,11,9,3,13,13,6,2,3,,0,,2022,A,2.0,0.0,0,0.0,0.0,0.0,0,3,0.0,1.3220338983050848,1.05,0.18195405522077907,130.25641025641025,147.75728397922958
2022-02-12,Everton,Leeds United,3,0,H,21,7,10,0,8,9,5,3,1,1.0,0,0.0,2022,H,,,3,0.0,0.0,0.0,1,1,1.0,1.35,1.3442622950819672,0.5598359632936717,130.25641025641025,148.31711994252325
2022-02-19,Everton,Southampton,0,2,H,19,9,11,0,6,9,4,4,2,,0,,2022,A,0.0,0.0,0,0.0,0.0,0.0,0,2,1.0,1.3278688524590163,1.1904761904761905,0.17306453613130227,130.25641025641025,148.49018447865456
2022-02-26,Everton,Manchester City,0,1,A,6,13,2,8,7,14,3,4,3,2.0,0,0.0,2022,H,,,0,0.0,0.0,0.0,0,3,1.0,1.3064516129032258,2.3384615384615386,0.05139752673475306,130.25641025641025,148.5415820053893
2022-03-07,Everton,Tottenham Hotspur,0,5,H,14,6,7,0,15,10,5,2,0,,0,,2022,A,2.0,0.0,0,0.0,0.0,0.0,0,0,0.0,1.2857142857142858,1.671875,0.1349747714925156,130.25641025641025,148.67655677688182
2022-03-13,Everton,Wolverhampton Wanderers,0,1,A,8,14,2,3,13,11,5,2,2,1.0,1,0.0,2022,H,,,0,0.0,0.0,0.0,0,4,0.0,1.265625,1.3582089552238803,0.1453794504251201,130.25641025641025,148.82193622730694
2022-03-17,Everton,Newcastle United,1,0,H,9,17,3,6,13,11,5,7,2,1.0,1,0.0,2022,H,,,3,0.0,0.0,0.0,1,4,1.0,1.2923076923076924,1.1343283582089552,0.5650743075081959,130.25641025641025,149.38701053481515
2022-04-03,Everton,West Ham United,1,2,H,11,13,5,2,9,12,2,4,1,,1,,2022,A,1.0,0.0,0,0.0,0.0,0.0,0,3,1.0,1.2727272727272727,1.681159420289855,0.11800027749863878,130.25641025641025,149.50501081231377
2022-04-06,Everton,Burnley,2,3,H,13,16,4,4,11,16,9,6,2,,0,,2022,A,2.0,0.0,0,0.0,0.0,0.0,0,2,1.0,1.2537313432835822,0.9402985074626866,0.19841440403494204,130.25641025641025,149.7034252163487
2022-04-09,Everton,Manchester United,1,0,H,7,12,3,4,4,10,5,7,2,2.0,0,0.0,2022,H,,,3,0.0,0.0,0.0,1,2,1.0,1.2794117647058822,1.8115942028985508,0.5071378346885591,130.25641025641025,150.21056305103727
2022-04-20,Everton,Leicester City,1,1,D,13,11,3,3,8,17,5,4,3,1.0,0,0.0,2022,H,,,1,0.0,0.0,0.0,0,3,1.3333333333333333,1.2753623188405796,1.5507246376811594,0.1912169020566012,130.25641025641025,150.40177995309386
2022-04-24,Everton,Liverpool,0,2,H,18,9,4,1,8,8,13,1,5,,0,,2022,A,2.0,0.0,0,0.0,0.0,0.0,0,5,1.3333333333333333,1.2571428571428571,2.084507042253521,0.06644093796367867,130.25641025641025,150.46822089105757
2022-05-01,Everton,Chelsea,1,0,H,9,17,4,5,9,12,3,8,3,5.0,0,0.0,2022,H,,,3,0.0,0.0,0.0,1,3,1.3333333333333333,1.2816901408450705,1.8472222222222223,0.49818316239402505,130.25641025641025,150.96640405345158
2022-05-08,Everton,Leicester City,2,1,A,16,10,9,4,11,6,6,1,0,,0,,2022,A,3.0,0.0,3,0.0,0.0,0.0,0,0,2.0,1.3055555555555556,1.5,0.33239042781108064,130.25641025641025,151.29879448126266
2022-05-11,Everton,Watford,0,0,D,6,16,0,5,5,12,1,13,2,,0,,2022,A,1.0,0.0,1,0.0,0.0,0.0,1,2,2.3333333333333335,1.3013698630136987,0.6388888888888888,0.5059650795569063,130.25641025641025,151.80475956081958
2022-05-15,Everton,Brentford,2,3,A,10,18,5,7,8,8,5,2,0,3.0,2,0.0,2022,H,,,0,0.0,0.0,0.0,0,4,1.3333333333333333,1.2837837837837838,1.2432432432432432,0.1570286334259865,130.25641025641025,151.96178819424554
2022-05-19,Everton,Crystal Palace,3,2,H,12,7,6,5,9,13,4,5,2,3.0,0,0.0,2022,H,,,3,0.0,0.0,0.0,0,2,1.3333333333333333,1.3066666666666666,1.1866666666666668,0.3534505454834713,130.25641025641025,152.315238739729
2022-05-22,Everton,Arsenal,1,5,H,26,6,9,2,8,9,12,2,1,,0,,2022,A,0.0,0.0,0,0.0,0.0,0.0,0,1,1.0,1.2894736842105263,1.7105263157894737,0.12571375626155948,130.25641025641025,152.4409524959906
2022-08-06,Everton,Chelsea,0,1,A,8,15,4,6,14,11,4,16,3,2.0,0,0.0,2022,H,,,0,0.0,0.0,0.0,0,3,1.0,1.2727272727272727,1.87012987012987,0.09885238275665575,130.25641025641025,152.53980487874725
2022-08-13,Everton,Aston Villa,1,2,H,12,15,4,4,9,7,5,8,1,,0,,2022,A,4.0,0.0,0,0.0,0.0,0.0,0,1,0.0,1.2564102564102564,1.3205128205128205,0.1652328311319041,130.25641025641025,152.70503770987915
2022-08-20,Everton,Nottingham Forest,1,1,D,19,14,8,5,6,9,6,2,3,2.0,0,0.0,2022,H,,,1,0.0,0.0,0.0,0,3,0.3333333333333333,1.2531645569620251,1.3333333333333333,0.21324460965320519,130.25641025641025,152.91828231953235
2022-08-27,Everton,Brentford,1,1,D,19,14,5,7,8,8,8,5,2,,0,,2022,A,2.0,0.0,1,0.0,0.0,0.0,0,2,0.6666666666666666,1.25,1.2142857142857142,0.23065197768024565,130.25641025641025,153.1489342972126
2022-08-30,Everton,Leeds United,1,1,D,14,7,5,2,10,9,10,2,3,,0,,2022,A,3.0,0.0,1,0.0,0.0,0.0,0,3,1.0,1.2469135802469136,1.2962962962962965,0.2169974783548488,130.25641025641025,153.36593177556745
2022-09-03,Everton,Liverpool,0,0,D,14,23,3,8,7,11,7,9,2,2.0,0,0.0,2022,H,,,1,0.0,0.0,0.0,1,2,1.0,1.2439024390243902,2.073170731707317,0.36063295075118196,130.25641025641025,153.72656472631863
2022-09-18,Everton,West Ham United,1,0,H,7,14,2,4,8,11,5,14,3,1.0,0,0.0,2022,H,,,3,0.0,0.0,0.0,1,3,1.6666666666666667,1.2650602409638554,1.5060240963855422,0.5327559001168476,130.25641025641025,154.25932062643548
2022-10-01,Everton,Southampton,2,1,A,22,12,6,5,11,10,7,6,2,,0,,2022,A,2.0,0.0,3,0.0,0.0,0.0,0,2,2.3333333333333335,1.2857142857142858,1.0714285714285714,0.3651273283865854,130.25641025641025,154.62444795482207
2022-10-09,Everton,Manchester United,1,2,A,11,12,2,4,7,13,5,4,2,1.0,0,0.0,2022,H,,,0,0.0,0.0,0.0,0,2,2.0,1.2705882352941176,1.75,0.11636941253147148,130.25641025641025,154.74081736735354
2022-10-15,Everton,Tottenham Hotspur,0,2,H,21,4,7,0,12,13,7,1,4,,0,,2022,A,1.0,0.0,0,0.0,0.0,0.0,0,4,1.0,1.255813953488372,1.813953488372093,0.09920001677639784,130.25641025641025,154.84001738412994
2022-10-19,Everton,Newcastle United,0,1,H,16,1,4,0,9,12,8,2,4,,0,,2022,A,2.0,0.0,0,0.0,0.0,0.0,0,4,0.0,1.2413793103448276,1.2873563218390804,0.15255876744210897,130.25641025641025,154.99257615157205
2022-10-22,Everton,Crystal Palace,3,0,H,9,9,6,2,16,14,3,4,3,4.0,0,0.0,2022,H,,,3,0.0,0.0,0.0,1,3,1.0,1.2613636363636365,1.206896551724138,0.5630657329211486,130.25641025641025,155.55564188449318
2022-10-29,Everton,Fulham,0,0,D,24,9,6,4,10,8,13,4,1,,0,,2022,A,2.0,0.0,1,0.0,0.0,0.0,1,1,1.3333333333333333,1.2584269662921348,0.9215686274509804,0.48266643685582455,130.25641025641025,156.038308321349
2022-11-05,Everton,Leicester City,0,2,A,12,22,2,8,9,5,8,3,0,0.0,0,0.0,2022,H,,,0,0.0,0.0,0.0,0,0,1.3333333333333333,1.2444444444444445,1.4666666666666666,0.15576800964255993,130.25641025641025,156.19407633099158
2022-11-12,Everton,Bournemouth,0,3,H,16,15,9,3,12,8,3,5,0,,0,,2022,A,2.0,0.0,0,0.0,0.0,0.0,0,0,0.3333333333333333,1.2307692307692308,1.0666666666666669,0.19629899162031128,130.25641025641025,156.39037532261187
2022-12-26,Everton,Wolverhampton Wanderers,1,2,A,12,7,6,4,9,22,2,2,1,6.0,0,0.0,2022,H,,,0,0.0,0.0,0.0,0,1,0.0,1.2173913043478262,1.184782608695652,0.17898602805439917,130.25641025641025,156.56936135066627
2022-12-31,Everton,Manchester City,1,1,D,16,2,3,1,13,14,7,1,4,,0,,2022,A,3.0,0.0,1,0.0,0.0,0.0,0,4,0.3333333333333333,1.2150537634408602,2.3369565217391304,0.1062054504771261,130.25641025641025,156.67556680114342
2023-01-03,Everton,Brighton and Hove Albion,1,4,A,10,19,4,8,8,10,5,2,3,1.0,0,0.0,2023,H,,,0,0.0,0.0,0.0,0,3,0.3333333333333333,1.202127659574468,1.2795698924731185,0.15869232228462335,130.25641025641025,156.83425912342804
2023-01-14,Everton,Southampton,1,2,A,12,13,4,5,7,19,6,4,0,3.0,0,0.0,2023,H,,,0,0.0,0.0,0.0,0,0,0.3333333333333333,1.1894736842105262,1.0315789473684212,0.19985434091660526,130.25641025641025,157.03411346434464
2023-01-21,Everton,West Ham United,0,2,H,11,5,4,2,9,6,4,9,1,,0,,2023,A,1.0,0.0,0,0.0,0.0,0.0,0,1,0.0,1.1770833333333333,1.4479166666666667,0.15232332365100973,130.25641025641025,157.18643678799566
2023-02-04,Everton,Arsenal,1,0,H,12,15,4,3,13,8,7,5,4,1.0,0,0.0,2023,H,,,3,0.0,0.0,0.0,1,4,1.0,1.1958762886597938,1.875,0.49002393509603503,130.25641025641025,157.67646072309168
2023-02-13,Everton,Liverpool,0,2,H,15,6,6,1,8,16,3,3,3,,0,,2023,A,1.0,0.0,0,0.0,0.0,0.0,0,3,1.0,1.183673469387755,1.9896907216494848,0.08673758596119047,130.25641025641025,157.76319830905288
2023-02-18,Everton,Leeds United,1,0,H,15,8,6,0,8,6,6,4,2,3.0,0,0.0,2023,H,,,3,0.0,0.0,0.0,1,2,2.0,1.202020202020202,1.1717171717171715,0.571974945735533,130.25641025641025,158.3351732547884
2023-02-25,Everton,Aston Villa,0,2,A,15,9,5,5,12,12,5,1,2,1.0,0,0.0,2023,H,,,0,0.0,0.0,0.0,0,2,1.0,1.19,1.31,0.16095349270699796,130.25641025641025,158.4961267474954
2023-03-01,Everton,Arsenal,0,4,H,15,8,5,5,5,12,5,1,2,,0,,2023,A,0.0,0.0,0,0.0,0.0,0.0,0,2,1.0,1.1782178217821782,1.881188118811881,0.10307645433332283,130.25641025641025,158.59920320182871
2023-03-05,Everton,Nottingham Forest,2,2,D,10,10,4,3,11,17,3,3,5,,0,,2023,A,3.0,0.0,1,0.0,0.0,0.0,0,5,0.3333333333333333,1.1764705882352942,1.04,0.23227817822670827,130.25641025641025,158.83148138005544
2023-03-11,Everton,Brentford,1,0,H,13,12,6,4,11,12,5,8,2,1.0,0,0.0,2023,H,,,3,0.0,0.0,0.0,1,2,1.3333333333333333,1.194174757281553,1.3333333333333333,0.5555987914010879,130.25641025641025,159.38708017145652
2023-03-18,Everton,Chelsea,2,2,D,20,12,7,3,8,12,8,2,2,,0,,2023,A,2.0,0.0,1,0.0,0.0,0.0,0,2,1.6666666666666667,1.1923076923076923,1.7378640776699028,0.17759911465458286,130.25641025641025,159.5646792861111
2023-04-03,Everton,Tottenham Hotspur,1,1,D,15,8,6,2,10,14,3,3,0,3.0,1,1.0,2023,H,,,1,0.0,0.0,0.0,0,2,1.6666666666666667,1.1904761904761905,1.7428571428571429,0.17709318006678845,130.25641025641025,159.7417724661779
2023-04-08,Everton,Manchester United,0,2,H,29,15,11,1,10,9,10,4,0,,0,,2023,A,0.0,0.0,0,0.0,0.0,0.0,0,0,0.6666666666666666,1.179245283018868,1.7904761904761906,0.12295721470818977,130.25641025641025,159.8647296808861
2023-04-15,Everton,Fulham,1,3,A,15,21,7,7,10,6,4,8,3,2.0,0,0.0,2023,H,,,0,0.0,0.0,0.0,0,3,0.3333333333333333,1.1682242990654206,1.0294117647058822,0.18404020870492804,130.25641025641025,160.048769889591
2023-04-22,Everton,Crystal Palace,0,0,D,12,10,2,5,12,14,8,1,1,,1,,2023,A,1.0,0.0,1,0.0,0.0,0.0,1,3,0.3333333333333333,1.1666666666666667,1.1944444444444444,0.4443274732604943,130.25641025641025,160.4930973628515
2023-04-27,Everton,Newcastle United,1,4,A,13,15,5,8,8,6,3,14,2,1.0,0,0.0,2023,H,,,0,0.0,0.0,0.0,0,2,0.3333333333333333,1.1559633027522935,1.4444444444444444,0.14733057932003155,130.25641025641025,160.64042794217153
2023-05-01,Everton,Leicester City,2,2,D,15,23,6,8,10,12,2,9,1,,0,,2023,A,4.0,0.0,1,0.0,0.0,0.0,0,1,0.6666666666666666,1.1545454545454543,1.3454545454545457,0.22270554962163636,130.25641025641025,160.86313349179318
2023-05-08,Everton,Brighton and Hove Albion,5,1,A,23,10,5,5,11,13,15,1,5,,0,,2023,A,1.0,0.0,3,0.0,0.0,0.0,0,5,1.3333333333333333,1.1711711711711712,1.348623853211009,0.32100610864570933,130.25641025641025,161.18413960043887
2023-05-14,Everton,Manchester City,0,3,A,7,9,3,4,12,4,8,6,1,0.0,0,0.0,2023,H,,,0,0.0,0.0,0.0,0,1,1.3333333333333333,1.1607142857142858,2.3783783783783785,0.058042006480072045,130.25641025641025,161.24218160691896
2023-05-20,Everton,Wolverhampton Wanderers,1,1,D,13,19,5,4,18,10,1,7,1,,0,,2023,A,5.0,0.0,1,0.0,0.0,0.0,0,1,1.3333333333333333,1.15929203539823,1.2123893805309736,0.2361887041250959,130.25641025641025,161.47837031104405
2023-05-28,Everton,Bournemouth,1,0,H,13,7,6,2,11,12,9,3,1,3.0,0,0.0,2023,H,,,3,0.0,0.0,0.0,1,1,1.3333333333333333,1.1754385964912282,1.0263157894736843,0.5920526735154175,130.25641025641025,162.07042298455946
2023-08-12,Everton,Fulham,0,1,A,19,9,9,2,12,6,10,4,0,2.0,0,0.0,2023,H,,,0,0.0,0.0,0.0,0,0,1.3333333333333333,1.1652173913043478,1.077922077922078,0.19515850944344815,130.25641025641025,162.2655814940029
2023-08-20,Everton,Aston Villa,0,4,H,13,9,7,2,8,12,7,6,4,,0,,2023,A,3.0,0.0,0,0.0,0.0,0.0,0,4,1.0,1.1551724137931034,1.4137931034482758,0.13974725015029102,130.25641025641025,162.40532874415322
2023-08-26,Everton,Wolverhampton Wanderers,0,1,A,15,11,7,2,10,14,7,0,3,4.0,0,0.0,2023,H,,,0,0.0,0.0,0.0,0,3,0.0,1.1452991452991452,1.1965811965811963,0.16710135562850484,130.25641025641025,162.5724300997817
2023-09-02,Everton,Sheffield United,2,2,D,13,16,8,6,11,13,4,6,2,,0,,2023,A,1.0,0.0,1,0.0,0.0,0.0,0,2,0.3333333333333333,1.1440677966101696,0.5714285714285714,0.2957910558587746,130.25641025641025,162.86822115564047
2023-09-17,Everton,Arsenal,0,1,A,8,13,1,4,12,10,1,11,1,1.0,0,0.0,2023,H,,,0,0.0,0.0,0.0,0,1,0.3333333333333333,1.134453781512605,1.907563025210084,0.10574852796535403,130.25641025641025,162.97396968360584
2023-09-23,Everton,Brentford,3,1,A,12,18,2,6,9,12,1,4,2,,0,,2023,A,2.0,0.0,3,0.0,0.0,0.0,0,2,1.3333333333333333,1.15,1.353658536585366,0.3365296843082068,130.25641025641025,163.31049936791405
2023-09-30,Everton,Luton Town,1,2,A,23,9,5,2,8,10,3,6,0,1.0,0,0.0,2023,H,,,0,0.0,0.0,0.0,0,0,1.0,1.140495867768595,0.6666666666666666,0.23682997359806265,130.25641025641025,163.54732934151212
2023-10-07,Everton,Bournemouth,3,0,H,25,11,8,4,14,15,8,7,1,2.0,0,0.0,2023,H,,,3,0.0,0.0,0.0,1,1,2.0,1.1557377049180328,0.9130434782608696,0.6035302685262796,130.25641025641025,164.1508596100384
2023-10-21,Everton,Liverpool,0,2,H,26,6,6,1,9,9,12,4,1,,1,,2023,A,1.0,0.0,0,0.0,0.0,0.0,0,3,1.0,1.146341463414634,2.016260162601626,0.08404537213021507,130.25641025641025,164.2349049821686
2023-10-29,Everton,West Ham United,1,0,A,12,10,2,4,7,11,4,3,1,,0,,2023,A,4.0,0.0,3,0.0,0.0,0.0,1,1,2.0,1.1612903225806452,1.4112903225806452,0.5530441838572888,130.25641025641025,164.7879491660259
2023-11-04,Everton,Brighton and Hove Albion,1,1,D,10,7,4,2,15,5,3,3,4,2.0,0,0.0,2023,H,,,1,0.0,0.0,0.0,0,4,1.3333333333333333,1.16,1.376,0.20357672913715444,130.25641025641025,164.99152589516305
2023-11-11,Everton,Crystal Palace,3,2,A,13,8,4,4,9,18,9,2,4,,0,,2023,A,1.0,0.0,3,0.0,0.0,0.0,0,4,2.3333333333333335,1.1746031746031746,1.2063492063492065,0.3407670122870832,130.25641025641025,165.33229290745012
2023-11-26,Everton,Manchester United,0,3,A,24,9,6,4,10,8,6,5,3,0.0,0,0.0,2023,H,,,0,0.0,0.0,0.0,0,3,1.3333333333333333,1.1653543307086611,1.8188976377952757,0.1040436144702393,130.25641025641025,165.43633652192037
2023-12-02,Everton,Nottingham Forest,1,0,A,13,12,2,3,15,14,4,3,0,,0,,2023,A,1.0,0.0,3,0.0,0.0,0.0,1,0,2.0,1.1796875,0.9807692307692308,0.6020123661621718,130.25641025641025,166.03834888808254
2023-12-07,Everton,Newcastle United,3,0,H,21,13,6,3,18,8,5,2,3,0.0,0,0.0,2023,H,,,3,0.0,0.0,0.0,1,3,2.0,1.193798449612403,1.4806201550387597,0.5353300168390733,130.25641025641025,166.57367890492162
2023-12-10,Everton,Chelsea,2,0,H,9,16,5,4,12,12,4,8,2,2.0,0,0.0,2023,H,,,3,0.0,0.0,0.0,1,2,3.0,1.2076923076923076,1.5692307692307692,0.5316959045936961,130.25641025641025,167.1053748095153
2023-12-16,Everton,Burnley,2,0,A,14,9,2,6,9,8,8,6,1,,0,,2023,A,0.0,0.0,3,0.0,0.0,0.0,1,1,3.0,1.2213740458015268,0.8817204301075269,0.6067041532767581,130.25641025641025,167.71207896279208
2023-12-23,Everton,Tottenham Hotspur,1,2,H,13,18,6,8,6,18,3,8,4,,0,,2023,A,1.0,0.0,0,0.0,0.0,0.0,0,4,2.0,1.2121212121212122,1.7348484848484849,0.10721552545681112,130.25641025641025,167.8192944882489
2023-12-27,Everton,Manchester City,1,3,A,7,23,2,9,13,5,8,4,4,2.0,0,0.0,2023,H,,,0,0.0,0.0,0.0,0,4,1.0,1.2030075187969924,2.310606060606061,0.048875475640350774,130.25641025641025,167.86816996388922
2023-12-30,Everton,Wolverhampton Wanderers,0,3,H,12,10,6,0,9,14,5,2,3,,0,,2023,A,2.0,0.0,0,0.0,0.0,0.0,0,3,0.0,1.1940298507462686,1.2313432835820894,0.16357900182414928,130.25641025641025,168.03174896571338
2024-01-14,Everton,Aston Villa,0,0,D,10,16,2,5,13,14,4,5,1,4.0,0,0.0,2024,H,,,1,0.0,0.0,0.0,1,1,0.3333333333333333,1.1925925925925926,1.511111111111111,0.4229295974049557,130.25641025641025,168.45467856311834
2024-01-30,Everton,Fulham,0,0,D,25,21,6,4,6,13,15,6,2,,0,,2024,A,1.0,0.0,1,0.0,0.0,0.0,1,2,0.6666666666666666,1.1911764705882353,1.0714285714285714,0.46213693436271086,130.25641025641025,168.91681549748105
2024-02-03,Everton,Tottenham Hotspur,2,2,D,14,9,5,6,8,14,9,5,3,0.0,0,0.0,2024,H,,,1,0.0,0.0,0.0,0,3,1.0,1.1897810218978102,1.72992700729927,0.17305878202319624,130.25641025641025,169.08987427950424
2024-02-10,Everton,Manchester City,0,2,H,19,5,3,1,6,11,9,0,2,,0,,2024,A,0.0,0.0,0,0.0,0.0,0.0,0,2,0.6666666666666666,1.181159420289855,2.335766423357664,0.05701519166076807,130.25641025641025,169.14688947116503
2024-02-19,Everton,Crystal Palace,1,1,D,19,10,4,4,8,12,3,6,0,2.0,0,0.0,2024,H,,,1,0.0,0.0,0.0,0,0,0.6666666666666666,1.1798561151079137,1.1654676258992809,0.2462877418752072,130.25641025641025,169.39317721304022
2024-02-24,Everton,Brighton and Hove Albion,1,1,D,23,6,7,3,9,14,11,3,3,,0,,2024,A,2.0,1.0,1,0.0,0.0,0.0,0,3,0.6666666666666666,1.1785714285714286,1.3785714285714286,0.2086607485961976,130.25641025641025,169.60183796163642
2024-03-02,Everton,West Ham United,1,3,A,22,12,11,5,9,6,4,5,1,2.0,0,0.0,2024,H,,,0,0.0,0.0,0.0,0,1,0.6666666666666666,1.1702127659574468,1.4397163120567376,0.15315424471327527,130.25641025641025,169.7549922063497
2024-03-09,Everton,Manchester United,0,2,H,15,23,8,6,13,11,5,8,2,,0,,2024,A,1.0,0.0,0,0.0,0.0,0.0,0,2,0.3333333333333333,1.1619718309859155,1.7887323943661972,0.11244475758644273,130.25641025641025,169.86743696393614
2024-03-30,Everton,Bournemouth,1,2,H,11,7,4,3,14,11,9,8,2,,0,,2024,A,1.0,0.0,0,0.0,0.0,0.0,0,2,0.0,1.1538461538461535,1.1492537313432836,0.17724150300178837,130.25641025641025,170.0446784669379
2024-04-02,Everton,Newcastle United,1,1,D,18,10,6,3,9,14,7,3,3,,0,,2024,A,0.0,0.0,1,0.0,0.0,0.0,0,3,0.3333333333333333,1.1527777777777777,1.4513888888888888,0.20128234066671608,130.25641025641025,170.24596080760463
2024-04-06,Everton,Burnley,1,0,H,12,6,3,1,11,13,3,5,2,1.0,0,1.0,2024,H,,,3,0.0,0.0,0.0,1,2,1.3333333333333333,1.1655172413793105,0.8611111111111112,0.6034478673470445,130.25641025641025,170.8494086749517
2024-04-15,Everton,Chelsea,0,6,H,14,10,10,2,5,21,4,8,4,,0,,2024,A,1.0,0.0,0,0.0,0.0,0.0,0,4,1.3333333333333333,1.1575342465753424,1.6,0.12087937922961364,130.25641025641025,170.9702880541813
2024-04-21,Everton,Nottingham Forest,2,0,H,7,8,4,3,15,9,6,4,3,2.0,0,0.0,2024,H,,,3,0.0,0.0,0.0,1,3,2.0,1.1700680272108843,0.9444444444444444,0.5896593369965889,130.25641025641025,171.5599473911779
2024-04-24,Everton,Liverpool,2,0,H,16,23,6,7,6,13,4,13,0,3.0,0,0.0,2024,H,,,3,0.0,0.0,0.0,1,0,2.0,1.1824324324324325,2.0405405405405403,0.49462843651997457,130.25641025641025,172.05457582769787
2024-04-27,Everton,Brentford,1,0,H,18,10,1,4,10,12,6,6,1,2.0,0,0.0,2024,H,,,3,0.0,0.0,0.0,1,1,3.0,1.1946308724832215,1.2612612612612613,0.5682462468084761,130.25641025641025,172.62282207450633
2024-05-03,Everton,Luton Town,1,1,D,18,10,5,3,14,12,8,7,3,,0,,2024,A,1.0,0.0,1,0.0,0.0,0.0,0,3,2.3333333333333335,1.1933333333333334,0.7222222222222222,0.2751669432303253,130.25641025641025,172.89798901773668
2024-05-11,Everton,Sheffield United,1,0,H,15,13,6,1,6,11,3,6,1,2.0,0,0.0,2024,H,,,3,0.0,0.0,0.0,1,1,2.3333333333333335,1.205298013245033,0.52,0.6433563638609396,130.25641025641025,173.5413453815976
2024-05-19,Everton,Arsenal,1,2,H,26,5,5,2,8,11,8,1,3,,0,,2024,A,4.0,0.0,0,0.0,0.0,0.0,0,3,1.3333333333333333,1.1973684210526316,1.993421052631579,0.0863596010166747,130.25641025641025,173.62770498261426
2024-08-17,Everton,Brighton and Hove Albion,0,3,A,9,10,1,5,8,8,1,5,1,1.0,1,0.0,2024,H,,,0,0.0,0.0,0.0,0,3,1.0,1.1895424836601307,1.3398692810457515,0.15258233870585633,130.25641025641025,173.78028732132015
2024-08-24,Everton,Tottenham Hotspur,0,4,H,13,10,7,1,11,15,12,5,0,,0,,2024,A,0.0,0.0,0,0.0,0.0,0.0,0,0,0.0,1.181818181818182,1.707792207792208,0.13133537223822278,130.25641025641025,173.91162269355834
2024-08-31,Everton,Bournemouth,2,3,A,18,17,8,7,6,1,8,4,2,1.0,0,0.0,2024,H,,,0,0.0,0.0,0.0,0,2,0.0,1.1741935483870969,1.1645569620253164,0.17569086558435124,130.25641025641025,174.0873135591427
2024-09-14,Everton,Aston Villa,2,3,H,17,6,8,2,10,12,6,2,4,,0,,2024,A,1.0,0.0,0,0.0,0.0,0.0,0,4,0.0,1.1666666666666667,1.5256410256410255,0.12841398485368283,130.25641025641025,174.2157275439964
2024-09-21,Everton,Leicester City,1,1,D,12,16,2,5,11,12,6,1,2,,0,,2024,A,1.0,0.0,1,0.0,0.0,0.0,0,2,0.3333333333333333,1.1656050955414012,1.3025210084033614,0.22171131989103576,130.25641025641025,174.43743886388742
2024-09-28,Everton,Crystal Palace,2,1,H,8,17,2,5,13,11,5,8,2,1.0,0,0.0,2024,H,,,3,0.0,0.0,0.0,0,2,1.3333333333333333,1.1772151898734178,1.1962025316455696,0.35248430055446583,130.25641025641025,174.7899231644419
2024-10-05,Everton,Newcastle United,0,0,D,8,14,2,3,12,8,0,10,1,2.0,0,0.0,2024,H,,,1,0.0,0.0,0.0,1,1,1.6666666666666667,1.1761006289308176,1.490566037735849,0.4250113774017166,130.25641025641025,175.2149345418436
2024-10-19,Everton,Ipswich Town,2,0,A,13,11,2,8,12,10,5,8,1,,0,,2024,A,1.0,0.0,3,0.0,0.0,0.0,1,1,2.3333333333333335,1.1875,0.5,0.6453829129598272,130.25641025641025,175.86031745480344
2024-10-26,Everton,Fulham,1,1,D,10,14,5,3,8,8,4,2,1,0.0,0,0.0,2024,H,,,1,0.0,0.0,0.0,0,1,1.6666666666666667,1.186335403726708,1.1300813008130082,0.24452877236427634,130.25641025641025,176.1048462271677
2024-11-02,Everton,Southampton,0,1,H,9,16,2,5,14,18,3,6,2,,0,,2024,A,4.0,0.0,0,0.0,0.0,0.0,0,2,1.3333333333333333,1.1790123456790125,0.9032258064516128,0.20217088647630804,130.25641025641025,176.307017113644
2024-11-09,Everton,West Ham United,0,0,D,11,18,6,4,10,9,7,6,2,,0,,2024,A,1.0,0.0,1,0.0,0.0,0.0,1,2,0.6666666666666666,1.177914110429448,1.3803680981595092,0.4308328783873442,130.25641025641025,176.73784999203136
2024-11-23,Everton,Brentford,0,0,D,27,9,5,2,8,10,10,4,0,0.0,0,1.0,2024,H,,,1,0.0,0.0,0.0,1,0,0.6666666666666666,1.1768292682926829,1.2777777777777777,0.45191724599706795,130.25641025641025,177.18976723802842
2024-12-01,Everton,Manchester United,0,4,H,11,8,5,2,12,12,2,2,3,,0,,2024,A,2.0,0.0,0,0.0,0.0,0.0,0,3,0.6666666666666666,1.1696969696969697,1.7333333333333334,0.11271362767545381,130.25641025641025,177.3024808657039
2024-12-04,Everton,Wolverhampton Wanderers,4,0,H,13,6,4,2,10,8,3,4,2,0.0,0,0.0,2024,H,,,3,0.0,0.0,0.0,1,2,1.3333333333333333,1.180722891566265,1.1566265060240963,0.5735040444836287,130.25641025641025,177.87598491018753
2024-12-14,Everton,Arsenal,0,0,D,13,2,5,0,6,9,8,2,3,,0,,2024,A,0.0,0.0,1,0.0,0.0,0.0,1,3,1.3333333333333333,1.1796407185628743,1.9821428571428572,0.3645119978380375,130.25641025641025,178.24049690802553
2024-12-22,Everton,Chelsea,0,0,D,5,12,4,5,20,12,2,5,4,1.0,0,0.0,2024,H,,,1,0.0,0.0,0.0,1,4,1.6666666666666667,1.1785714285714286,1.6745562130177514,0.3903343938903594,130.25641025641025,178.63083130191592
2024-12-26,Everton,Manchester City,1,1,D,24,8,5,3,5,10,8,5,4,,0,,2024,A,1.0,0.0,1,0.0,0.0,0.0,0,4,1.0,1.1775147928994083,2.276470588235294,0.11233433617900473,130.25641025641025,178.74316563809492
2024-12-29,Everton,Nottingham Forest,0,2,A,13,11,2,7,13,10,5,4,4,1.0,0,0.0,2024,H,,,0,0.0,0.0,0.0,0,4,0.6666666666666666,1.1705882352941177,1.168421052631579,0.1646101755740296,130.25641025641025,178.90777581366893
2025-01-04,Everton,Bournemouth,0,1,H,19,9,8,0,15,14,9,3,2,,0,,2025,A,2.0,0.0,0,0.0,0.0,0.0,0,2,0.3333333333333333,1.1637426900584795,1.25,0.16703314000366068,130.25641025641025,179.0748089536726
2025-01-15,Everton,Aston Villa,0,1,A,10,11,3,3,17,10,8,5,2,1.0,0,0.0,2025,H,,,0,0.0,0.0,0.0,0,2,0.0,1.1569767441860466,1.5260115606936415,0.13906559102334815,130.25641025641025,179.21387454469595
2025-01-19,Everton,Tottenham Hotspur,3,2,H,12,11,6,6,14,14,3,8,2,1.0,0,0.0,2025,H,,,3,0.0,0.0,0.0,0,2,1.0,1.1676300578034682,1.6264367816091954,0.3088897589757481,130.25641025641025,179.5227643036717
2025-01-25,Everton,Brighton and Hove Albion,1,0,A,16,3,1,1,8,11,9,1,4,,0,,2025,A,3.0,0.0,3,0.0,0.0,0.0,1,4,2.0,1.1781609195402298,1.3485714285714283,0.5433656024488971,130.25641025641025,180.0661299061206
2025-02-01,Everton,Leicester City,4,0,H,13,9,7,1,7,13,5,6,0,0.0,0,0.0,2025,H,,,3,0.0,0.0,0.0,1,0,3.0,1.1885714285714286,1.2246376811594204,0.5773017967429045,130.25641025641025,180.6434317028635
2025-02-12,Everton,Liverpool,2,2,D,10,6,3,4,9,20,2,3,2,2.0,1,1.0,2025,H,,,1,0.0,0.0,0.0,0,4,2.3333333333333335,1.1875,2.085227272727273,0.1317125346145573,130.25641025641025,180.77514423747806
2025-02-15,Everton,Crystal Palace,2,1,A,17,11,6,6,9,12,6,2,1,,0,,2025,A,0.0,0.0,3,0.0,0.0,0.0,0,1,2.3333333333333335,1.1977401129943503,1.2203389830508475,0.3553831911339377,130.25641025641025,181.130527428612
2025-02-22,Everton,Manchester United,2,2,D,9,9,8,3,12,9,7,9,4,1.0,0,0.0,2025,H,,,1,0.0,0.0,0.0,0,4,1.6666666666666667,1.196629213483146,1.6685393258426966,0.17393446377836974,130.25641025641025,181.30446189239035
2025-02-26,Everton,Brentford,1,1,D,12,14,3,4,3,6,2,5,1,,0,,2025,A,2.0,0.0,1,0.0,0.0,0.0,0,1,1.6666666666666667,1.1955307262569832,1.2907801418439715,0.22824556779009758,130.25641025641025,181.53270746018046
2025-03-08,Everton,Wolverhampton Wanderers,1,1,D,11,12,3,4,11,16,5,5,2,,0,,2025,A,2.0,0.0,1,0.0,0.0,0.0,0,2,1.0,1.1944444444444444,1.1444444444444444,0.23772881580334507,130.25641025641025,181.7704362759838
2025-03-15,Everton,West Ham United,1,1,D,13,10,5,5,12,8,6,5,1,2.0,0,0.0,2025,H,,,1,0.0,0.0,0.0,0,1,1.0,1.1933701657458564,1.3646408839779005,0.22076144676936355,130.25641025641025,181.99119772275316
2025-04-02,Everton,Liverpool,0,1,H,17,5,3,0,7,11,11,5,2,,0,,2025,A,2.0,0.0,0,0.0,0.0,0.0,0,2,0.6666666666666666,1.1868131868131868,2.1043956043956045,0.08045940789459011,130.25641025641025,182.07165713064776
2025-04-05,Everton,Arsenal,1,1,D,5,14,2,5,17,13,3,8,3,1.0,0,0.0,2025,H,,,1,0.0,0.0,0.0,0,3,0.6666666666666666,1.185792349726776,1.994535519125683,0.14624667496320634,130.25641025641025,182.21790380561097
2025-04-12,Everton,Nottingham Forest,1,0,A,10,13,5,5,9,13,1,7,3,,0,,2025,A,0.0,0.0,3,0.0,0.0,0.0,1,3,1.3333333333333333,1.1956521739130437,1.212962962962963,0.5624510389096724,130.25641025641025,182.78035484452064
2025-04-19,Everton,Manchester City,0,2,A,8,12,3,7,7,6,2,5,4,0.0,0,0.0,2025,H,,,0,0.0,0.0,0.0,0,4,1.3333333333333333,1.1891891891891893,2.254054054054054,0.05460574653626346,130.25641025641025,182.8349605910569
2025-04-26,Everton,Chelsea,0,1,H,10,6,7,3,11,11,10,2,0,,0,,2025,A,0.0,0.0,0,0.0,0.0,0.0,0,0,1.0,1.1827956989247312,1.6559139784946235,0.1365920611799679,130.25641025641025,182.97155265223688
2025-05-03,Everton,Ipswich Town,2,2,D,8,12,3,5,12,15,3,3,4,4.0,0,0.0,2025,H,,,1,0.0,0.0,0.0,0,4,0.3333333333333333,1.181818181818182,0.6285714285714286,0.2793117640327241,130.25641025641025,183.2508644162696
2025-05-10,Everton,Fulham,3,1,A,18,11,6,7,15,9,5,5,0,,0,,2025,A,1.0,0.0,3,0.0,0.0,0.0,0,0,1.3333333333333333,1.1914893617021276,1.1866666666666668,0.3641396970269859,130.25641025641025,183.61500411329658
2025-05-18,Everton,Southampton,2,0,H,13,6,5,2,6,10,4,5,1,1.0,0,0.0,2025,H,,,3,0.0,0.0,0.0,1,1,2.3333333333333335,1.2010582010582012,0.7947019867549668,0.6155215106748946,130.25641025641025,184.2305256239715
2025-05-25,Everton,Newcastle United,1,0,A,17,14,6,6,12,9,12,3,4,,0,,2025,A,1.0,0.0,3,0.0,0.0,0.0,1,4,3.0,1.2105263157894737,1.5315789473684212,0.5248219163335124,130.25641025641025,184.755347540305
2025-08-18,Everton,Leeds United,0,1,H,21,7,3,1,6,8,7,2,2,,0,,2025,A,0.0,0.0,0,0.0,0.0,0.0,0,2,2.0,1.2041884816753927,1.1391304347826088,0.1782672708779287,130.25641025641025,184.9336148111829
2025-08-24,Everton,Brighton and Hove Albion,2,0,H,11,13,3,4,7,15,2,2,4,3.0,0,0.0,2025,H,,,3,0.0,0.0,0.0,1,4,2.0,1.2135416666666667,1.375,0.5406876625682242,130.25641025641025,185.47430247375115
2025-08-30,Everton,Wolverhampton Wanderers,3,2,A,12,10,4,4,15,10,2,2,1,,0,,2025,A,0.0,0.0,3,0.0,0.0,0.0,0,1,2.0,1.2227979274611398,1.16580310880829,0.3609091724741027,130.25641025641025,185.83521164622525
2025-09-13,Everton,Aston Villa,0,0,D,20,7,2,1,17,15,10,3,3,3.0,0,0.0,2025,H,,,1,0.0,0.0,0.0,1,3,2.3333333333333335,1.2216494845360826,1.5309278350515465,0.4102324676592215,130.25641025641025,186.24544411388447
2025-09-20,Everton,Liverpool,1,2,H,11,9,3,2,11,10,5,4,3,,0,,2025,A,2.0,0.0,0,0.0,0.0,0.0,0,3,1.3333333333333333,1.2153846153846153,2.0974358974358975,0.0758200415162186,130.25641025641025,186.32126415540068
2025-09-29,Everton,West Ham United,1,1,D,12,14,6,3,7,16,3,5,3,4.0,0,0.0,2025,H,,,1,0.0,0.0,0.0,0,3,0.6666666666666666,1.2142857142857142,1.326530612244898,0.21393391206779278,130.25641025641025,186.53519806746849
2025-10-05,Everton,Crystal Palace,2,1,H,14,15,7,8,13,16,2,4,2,3.0,0,0.0,2025,H,,,3,0.0,0.0,0.0,0,2,1.3333333333333333,1.2233502538071066,1.2741116751269037,0.34458996532860586,130.25641025641025,186.87978803279708
2025-10-18,Everton,Manchester City,0,2,H,19,5,7,1,8,14,11,3,2,,0,,2025,A,0.0,0.0,0,0.0,0.0,0.0,0,2,1.3333333333333333,1.2171717171717171,2.2525252525252526,0.06544980764780656,130.25641025641025,186.9452378404449
2025-10-26,Everton,Tottenham Hotspur,0,3,A,12,7,2,4,9,8,9,8,2,0.0,0,0.0,2025,H,,,0,0.0,0.0,0.0,0,2,1.0,1.2110552763819096,1.5778894472361809,0.13380893681209943,130.25641025641025,187.079046777257
2025-11-03,Everton,Sunderland,1,1,D,17,8,3,2,10,12,4,1,2,,0,,2025,A,3.0,0.0,1,0.0,0.0,0.0,0,2,0.3333333333333333,1.21,1.8,0.17130303978425254,130.25641025641025,187.25034981704124
2025-11-08,Everton,Fulham,2,0,H,14,8,5,4,11,14,7,5,2,2.0,0,0.0,2025,H,,,3,0.0,0.0,0.0,1,2,1.3333333333333333,1.2189054726368158,1.177914110429448,0.5713470257073716,130.25641025641025,187.82169684274862
2020-09-12,Fulham,Arsenal,0,3,A,5,13,2,6,12,12,2,3,2,2.0,0,0.0,2020,H,,,0,0.0,0.0,0.0,0,2,0.0,0.0,3.0,-0.010289906149001549,75.0,74.989710093851
2020-09-19,Fulham,Leeds United,3,4,H,10,14,7,6,13,18,5,3,2,,0,,2020,A,1.0,0.0,0,0.0,0.0,0.0,0,2,0.0,0.0,1.5,0.14170127626756607,75.0,75.13141137011857
2020-09-28,Fulham,Aston Villa,0,3,A,16,12,3,5,18,14,5,3,6,3.0,0,0.0,2020,H,,,0,0.0,0.0,0.0,0,6,0.0,0.0,3.0,-0.0316682092360307,75.0,75.09974316088254
2020-10-04,Fulham,Wolverhampton Wanderers,0,1,H,14,10,5,2,15,8,6,2,1,,0,,2020,A,1.0,0.0,0,0.0,0.0,0.0,0,1,0.0,0.0,1.5,0.14704585203932335,75.0,75.24678901292185
2020-10-18,Fulham,Sheffield United,1,1,D,10,15,6,6,5,9,2,5,2,,0,,2020,A,0.0,0.0,1,0.0,0.0,0.0,0,2,0.3333333333333333,0.2,0.2,0.333426967695258,75.0,75.58021598061711
2020-10-24,Fulham,Crystal Palace,1,2,A,16,14,3,10,11,11,4,4,0,1.0,1,0.0,2020,H,,,0,0.0,0.0,0.0,0,2,0.3333333333333333,0.1666666666666666,1.6666666666666667,0.12481336711016966,75.0,75.70502934772729
2020-11-02,Fulham,West Brom,2,0,H,13,10,6,1,13,11,5,2,3,2.0,0,0.0,2020,H,,,3,0.0,0.0,0.0,1,3,1.3333333333333333,0.5714285714285714,0.4285714285714285,0.6419314367694826,75.0,76.34696078449677
2020-11-07,Fulham,West Ham United,0,1,H,16,13,7,3,10,9,9,5,2,,0,,2020,A,2.0,0.0,0,0.0,0.0,0.0,0,2,1.0,0.5,1.375,0.1543672081356134,75.0,76.50132799263238
2020-11-22,Fulham,Everton,2,3,A,14,9,6,7,14,10,2,5,2,0.0,0,0.0,2020,H,,,0,0.0,0.0,0.0,0,2,1.0,0.4444444444444444,1.7777777777777777,0.11355476100523876,75.0,76.61488275363762
2020-11-30,Fulham,Leicester City,2,1,A,16,10,3,5,9,21,6,5,2,,0,,2020,A,0.0,0.0,3,0.0,0.0,0.0,0,2,1.0,0.7,1.8,0.29130303978425254,75.0,76.90618579342187
2020-12-05,Fulham,Manchester City,0,2,H,16,6,6,1,7,6,9,3,0,,0,,2020,A,0.0,0.0,0,0.0,0.0,0.0,0,0,1.0,0.6363636363636364,1.8,0.12199219132776712,75.0,77.02817798474965
2020-12-13,Fulham,Liverpool,1,1,D,10,12,5,6,9,5,6,8,3,1.0,0,0.0,2020,H,,,1,0.0,0.0,0.0,0,3,1.3333333333333333,0.6666666666666666,2.0833333333333335,0.13724901844492138,75.0,77.16542700319457
2020-12-16,Fulham,Brighton and Hove Albion,0,0,D,9,9,4,4,15,11,1,8,1,0.0,0,0.0,2020,H,,,1,0.0,0.0,0.0,1,1,0.6666666666666666,0.6923076923076923,0.8461538461538461,0.4903080247098501,75.0,77.65573502790441
2020-12-19,Fulham,Newcastle United,1,1,D,12,11,5,4,7,17,2,9,2,,1,,2020,A,1.0,0.0,1,0.0,0.0,0.0,0,4,1.0,0.7142857142857143,1.3846153846153846,0.20270375414071054,75.0,77.85843878204513
2020-12-26,Fulham,Southampton,0,0,D,10,3,1,2,15,12,6,3,2,0.0,0,0.0,2020,H,,,1,0.0,0.0,0.0,1,2,1.0,0.7333333333333333,1.6666666666666667,0.4018229730862951,75.0,78.26026175513141
2021-01-13,Fulham,Tottenham Hotspur,1,1,D,15,15,6,4,13,15,6,5,2,,0,,2021,A,1.0,0.0,1,0.0,0.0,0.0,0,2,1.0,0.75,1.7647058823529411,0.1748793028999365,75.0,78.43514105803135
2021-01-16,Fulham,Chelsea,0,1,A,10,21,3,6,11,10,1,12,2,3.0,1,0.0,2021,H,,,0,0.0,0.0,0.0,0,4,0.6666666666666666,0.7058823529411765,1.6111111111111112,0.11975351861912056,75.0,78.55489457665047
2021-01-20,Fulham,Manchester United,1,2,A,12,15,5,5,6,10,2,8,3,1.0,0,0.0,2021,H,,,0,0.0,0.0,0.0,0,3,0.3333333333333333,0.6666666666666666,2.1052631578947367,0.07502692513473766,75.0,78.6299215017852
2021-01-27,Fulham,Brighton and Hove Albion,0,0,D,16,10,5,3,10,14,10,0,1,,0,,2021,A,2.0,0.0,1,0.0,0.0,0.0,1,1,0.3333333333333333,0.6842105263157895,0.9,0.48485193098207585,75.0,79.1147734327673
2021-01-30,Fulham,West Brom,2,2,D,5,12,3,7,9,10,2,3,0,,0,,2021,A,1.0,0.0,1,0.0,0.0,0.0,0,0,0.6666666666666666,0.7,0.5714285714285714,0.30648020740228915,75.0,79.42125364016958
2021-02-03,Fulham,Leicester City,0,2,A,8,9,1,5,17,10,5,2,3,1.0,0,0.0,2021,H,,,0,0.0,0.0,0.0,0,3,0.6666666666666666,0.6666666666666666,1.9090909090909092,0.0949045598367449,75.0,79.51615820000632
2021-02-06,Fulham,West Ham United,0,0,D,20,8,2,1,11,10,7,3,1,2.0,0,1.0,2021,H,,,1,0.0,0.0,0.0,1,1,0.6666666666666666,0.6818181818181818,1.6956521739130437,0.4042305211785052,75.0,79.92038872118482
2021-02-14,Fulham,Everton,2,0,A,7,12,2,3,7,16,5,4,1,,0,,2021,A,1.0,0.0,3,0.0,0.0,0.0,1,1,1.3333333333333333,0.782608695652174,1.681818181818182,0.5256322843891982,75.0,80.44602100557402
2021-02-17,Fulham,Burnley,1,1,D,8,8,3,3,7,13,5,5,1,,0,,2021,A,1.0,0.0,1,0.0,0.0,0.0,0,1,1.6666666666666667,0.7916666666666666,1.125,0.24504364764346526,75.0,80.6910646532175
2021-02-20,Fulham,Sheffield United,1,0,H,15,4,7,2,11,14,6,4,1,2.0,0,0.0,2021,H,,,3,0.0,0.0,0.0,1,1,2.3333333333333335,0.88,0.44,0.6514625602564899,75.0,81.34252721347399
2021-02-28,Fulham,Crystal Palace,0,0,D,3,16,0,4,10,14,1,3,1,,0,,2021,A,1.0,0.0,1,0.0,0.0,0.0,1,1,1.6666666666666667,0.8846153846153846,1.2692307692307692,0.4474387168487669,75.0,81.78996593032275
2021-03-04,Fulham,Tottenham Hotspur,0,1,A,11,9,3,2,13,9,4,1,2,1.0,0,0.0,2021,H,,,0,0.0,0.0,0.0,0,2,1.3333333333333333,0.8518518518518519,1.6153846153846154,0.13000964685090702,75.0,81.91997557717366
2021-03-07,Fulham,Liverpool,1,0,A,16,10,3,3,10,8,9,4,3,,0,,2021,A,2.0,0.0,3,0.0,0.0,0.0,1,3,1.3333333333333333,0.9285714285714286,1.5357142857142858,0.5297474687953493,75.0,82.44972304596901
2021-03-13,Fulham,Manchester City,0,3,A,3,8,0,7,14,13,4,2,0,0.0,0,0.0,2021,H,,,0,0.0,0.0,0.0,0,0,1.0,0.896551724137931,2.3666666666666667,0.06457330019261937,75.0,82.51429634616161
2021-03-19,Fulham,Leeds United,1,2,A,13,13,6,4,13,12,13,7,2,2.0,0,0.0,2021,H,,,0,0.0,0.0,0.0,0,2,1.0,0.8666666666666667,1.3448275862068966,0.15742450203479721,75.0,82.67172084819641
2021-04-04,Fulham,Aston Villa,1,3,H,14,15,4,7,14,20,4,4,2,,0,,2021,A,1.0,0.0,0,0.0,0.0,0.0,0,2,0.0,0.8387096774193549,1.5172413793103448,0.1399542511823182,75.0,82.81167509937873
2021-04-09,Fulham,Wolverhampton Wanderers,0,1,A,14,7,3,3,11,8,3,4,0,0.0,0,0.0,2021,H,,,0,0.0,0.0,0.0,0,0,0.0,0.8125,1.2258064516129032,0.18017376223131343,75.0,82.99184886161005
2021-04-18,Fulham,Arsenal,1,1,D,18,3,5,1,9,11,11,1,3,,0,,2021,A,0.0,0.0,1,0.0,0.0,0.0,0,3,0.3333333333333333,0.8181818181818182,1.4375,0.20268966642983244,75.0,83.19453852803989
2021-05-01,Fulham,Chelsea,0,2,H,9,10,5,3,15,8,1,8,1,,0,,2021,A,1.0,0.0,0,0.0,0.0,0.0,0,1,0.3333333333333333,0.7941176470588235,1.7941176470588236,0.11724365940862383,75.0,83.3117821874485
2021-05-10,Fulham,Burnley,0,2,A,21,14,3,5,11,10,8,4,2,0.0,0,0.0,2021,H,,,0,0.0,0.0,0.0,0,2,0.3333333333333333,0.7714285714285715,1.1142857142857143,0.18078472317468347,75.0,83.4925669106232
2021-05-15,Fulham,Southampton,1,3,H,11,10,7,3,9,15,6,5,1,,0,,2021,A,0.0,0.0,0,0.0,0.0,0.0,0,1,0.0,0.75,1.1944444444444444,0.17800701882788345,75.0,83.67057392945108
2021-05-18,Fulham,Manchester United,1,1,D,13,8,6,5,10,15,6,1,3,,0,,2021,A,2.0,0.0,1,0.0,0.0,0.0,0,3,0.3333333333333333,0.7567567567567568,1.9189189189189189,0.1539087126137043,75.0,83.82448264206478
2021-05-23,Fulham,Newcastle United,0,2,A,14,10,0,4,12,6,5,4,1,0.0,0,0.0,2021,H,,,0,0.0,0.0,0.0,0,1,0.3333333333333333,0.7368421052631579,1.1842105263157894,0.17904399570596918,75.0,84.00352663777075
2022-08-06,Fulham,Liverpool,2,2,D,9,11,3,4,7,9,4,4,2,0.0,0,0.0,2022,H,,,1,0.0,0.0,0.0,0,2,0.6666666666666666,0.7435897435897436,2.103896103896104,0.14051002100894794,75.0,84.1440366587797
2022-08-13,Fulham,Wolverhampton Wanderers,0,0,D,7,9,1,3,7,14,5,3,3,,0,,2022,A,3.0,0.0,1,0.0,0.0,0.0,1,3,0.6666666666666666,0.75,1.2435897435897436,0.439347705175621,75.0,84.58338436395532
2022-08-20,Fulham,Brentford,3,2,H,18,13,9,5,13,7,6,3,3,2.0,0,0.0,2022,H,,,3,0.0,0.0,0.0,0,3,1.6666666666666667,0.8048780487804879,1.2195121951219512,0.3447778159070369,75.0,84.92816217986235
2022-08-27,Fulham,Arsenal,1,2,H,22,11,8,3,6,12,9,2,3,,0,,2022,A,2.0,0.0,0,0.0,0.0,0.0,0,3,1.3333333333333333,0.7857142857142857,1.775,0.10849165038610473,75.0,85.03665383024845
2022-08-30,Fulham,Brighton and Hove Albion,2,1,H,10,7,3,4,9,11,3,3,2,1.0,0,0.0,2022,H,,,3,0.0,0.0,0.0,0,2,2.0,0.8372093023255814,1.2592592592592593,0.3460949228282497,75.0,85.38274875307671
2022-09-03,Fulham,Tottenham Hotspur,1,2,H,23,9,10,3,9,6,10,3,4,,0,,2022,A,3.0,0.0,0,0.0,0.0,0.0,0,4,1.0,0.8181818181818182,1.7926829268292683,0.10135530864277001,75.0,85.48410406171948
2022-09-16,Fulham,Nottingham Forest,3,2,A,11,15,3,7,11,10,2,10,4,,0,,2022,A,2.0,0.0,3,0.0,0.0,0.0,0,4,2.0,0.8666666666666667,0.5714285714285714,0.40510190431526005,75.0,85.88920596603474
2022-10-01,Fulham,Newcastle United,1,4,A,3,19,1,10,9,10,1,8,2,0.0,1,0.0,2022,H,,,0,0.0,0.0,0.0,0,4,1.0,0.8478260869565217,1.25,0.1563439884601461,75.0,86.04554995449489
2022-10-09,Fulham,West Ham United,1,3,H,17,8,8,2,9,7,4,2,3,,0,,2022,A,1.0,0.0,0,0.0,0.0,0.0,0,3,1.0,0.8297872340425532,1.5411764705882354,0.13218439352751085,75.0,86.1777343480224
2022-10-15,Fulham,Bournemouth,2,2,D,19,10,4,6,9,11,5,6,2,0.0,0,0.0,2022,H,,,1,0.0,0.0,0.0,0,2,0.3333333333333333,0.8333333333333334,1.3,0.22196676725644174,75.0,86.39970111527883
2022-10-20,Fulham,Aston Villa,3,0,H,18,12,8,6,11,11,9,7,0,2.0,0,1.0,2022,H,,,3,0.0,0.0,0.0,1,0,1.3333333333333333,0.8775510204081632,1.2528735632183907,0.5744407266757594,75.0,86.97414184195459
2022-10-23,Fulham,Leeds United,3,2,A,14,11,5,5,12,8,3,6,1,,0,,2022,A,1.0,0.0,3,0.0,0.0,0.0,0,1,2.3333333333333335,0.92,1.2183908045977012,0.3555805950983724,75.0,87.32972243705296
2022-10-29,Fulham,Everton,0,0,D,24,9,6,4,10,8,13,4,2,1.0,0,0.0,2022,H,,,1,0.0,0.0,0.0,1,2,2.3333333333333335,0.9215686274509804,1.2584269662921348,0.44318886293250204,75.0,87.77291129998547
2022-11-05,Fulham,Manchester City,1,2,H,16,4,5,2,6,11,9,0,4,,0,,2022,A,2.0,1.0,0,0.0,0.0,0.0,0,4,1.3333333333333333,0.903846153846154,2.3707865168539324,0.04277754317136245,75.0,87.81568884315683
2022-11-13,Fulham,Manchester United,1,2,A,14,14,7,9,9,10,10,3,1,1.0,0,0.0,2022,H,,,0,0.0,0.0,0.0,0,1,0.3333333333333333,0.8867924528301887,1.7555555555555555,0.1211510579979822,75.0,87.93683990115481
2022-12-26,Fulham,Crystal Palace,3,0,A,4,23,0,11,12,15,1,8,0,,0,,2022,A,0.0,2.0,3,0.0,0.0,0.0,1,0,1.0,0.925925925925926,1.21978021978022,0.5777939909419494,75.0,88.51463389209677
2022-12-31,Fulham,Southampton,2,1,H,8,9,2,3,8,13,4,4,0,1.0,0,0.0,2022,H,,,3,0.0,0.0,0.0,0,0,2.0,0.9636363636363636,1.021505376344086,0.38087507023070255,75.0,88.89550896232747
2023-01-03,Fulham,Leicester City,1,0,A,15,11,6,2,12,11,6,3,6,,0,,2023,A,2.0,0.0,3,0.0,0.0,0.0,1,6,3.0,1.0,1.4361702127659577,0.523800289046729,75.0,89.4193092513742
2023-01-12,Fulham,Chelsea,2,1,H,8,20,3,10,12,16,5,7,4,3.0,0,1.0,2023,H,,,3,0.0,0.0,0.0,0,4,3.0,1.0350877192982455,1.7659574468085106,0.2840633335154402,75.0,89.70337258488964
2023-01-15,Fulham,Newcastle United,0,1,H,20,5,5,0,6,14,10,5,3,,0,,2023,A,1.0,0.0,0,0.0,0.0,0.0,0,3,2.0,1.0172413793103448,1.3894736842105264,0.1475560507791348,75.0,89.85092863566877
2023-01-23,Fulham,Tottenham Hotspur,0,1,A,10,10,5,3,10,10,3,8,1,3.0,0,0.0,2023,H,,,0,0.0,0.0,0.0,0,1,1.0,1.0,1.7422680412371134,0.12249744800640694,75.0,89.97342608367518
2023-02-03,Fulham,Chelsea,0,0,D,12,10,3,4,16,12,6,2,4,,0,,2023,A,1.0,0.0,1,0.0,0.0,0.0,1,4,0.3333333333333333,1.0,1.7628865979381445,0.3813841007921187,75.0,90.3548101844673
2023-02-11,Fulham,Nottingham Forest,2,0,H,16,10,3,1,9,11,5,4,0,1.0,0,0.0,2023,H,,,3,0.0,0.0,0.0,1,0,1.3333333333333333,1.0327868852459017,1.0909090909090908,0.59085217444627,75.0,90.94566235891357
2023-02-18,Fulham,Brighton and Hove Albion,1,0,A,21,5,7,2,12,14,10,2,5,,0,,2023,A,0.0,0.0,3,0.0,0.0,0.0,1,5,2.3333333333333335,1.064516129032258,1.2959183673469388,0.5433562273660479,75.0,91.48901858627961
2023-02-24,Fulham,Wolverhampton Wanderers,1,1,D,10,8,5,2,12,17,4,3,2,0.0,0,0.0,2023,H,,,1,0.0,0.0,0.0,0,2,2.3333333333333335,1.0634920634920637,1.2,0.2320995127508796,75.0,91.72111809903049
2023-03-06,Fulham,Brentford,2,3,H,14,9,6,5,12,17,2,3,3,,0,,2023,A,0.0,0.0,0,0.0,0.0,0.0,0,3,1.3333333333333333,1.046875,1.3548387096774193,0.1510655246006379,75.0,91.87218362363113
2023-03-12,Fulham,Arsenal,0,3,A,12,15,2,7,10,9,4,8,0,1.0,0,0.0,2023,H,,,0,0.0,0.0,0.0,0,0,0.3333333333333333,1.0307692307692309,1.9029126213592231,0.11156431732378258,75.0,91.98374794095491
2023-04-01,Fulham,Bournemouth,1,2,H,12,10,7,2,15,13,4,3,4,,0,,2023,A,1.0,0.0,0,0.0,0.0,0.0,0,4,0.0,1.0151515151515151,0.9642857142857144,0.18529468987282563,75.0,92.16904263082773
2023-04-08,Fulham,West Ham United,0,1,A,16,9,3,5,10,12,11,4,1,1.0,0,0.0,2023,H,,,0,0.0,0.0,0.0,0,1,0.0,1.0,1.438095238095238,0.1533185040120706,75.0,92.32236113483981
2023-04-15,Fulham,Everton,3,1,A,15,21,7,7,10,6,4,8,2,,0,,2023,A,3.0,0.0,3,0.0,0.0,0.0,0,2,1.0,1.0294117647058822,1.1682242990654206,0.35531926365565425,75.0,92.67768039849547
2023-04-22,Fulham,Leeds United,2,1,H,12,10,5,2,10,15,8,6,1,4.0,0,0.0,2023,H,,,3,0.0,0.0,0.0,0,1,2.0,1.0579710144927537,1.1666666666666667,0.36082167035411616,75.0,93.03850206884958
2023-04-25,Fulham,Aston Villa,0,1,H,14,1,3,0,6,18,8,2,2,,0,,2023,A,3.0,0.0,0,0.0,0.0,0.0,0,2,2.0,1.042857142857143,1.4128440366972477,0.1505325682122596,75.0,93.18903463706184
2023-04-30,Fulham,Manchester City,1,2,A,4,12,1,9,9,10,2,5,1,3.0,0,0.0,2023,H,,,0,0.0,0.0,0.0,0,1,1.0,1.028169014084507,2.361111111111111,0.05979165472610862,75.0,93.24882629178795
2023-05-03,Fulham,Liverpool,0,1,H,15,9,3,3,10,8,7,5,0,,0,,2023,A,0.0,0.0,0,0.0,0.0,0.0,0,0,0.0,1.0138888888888888,2.0,0.10172670033889145,75.0,93.35055299212684
2023-05-08,Fulham,Leicester City,5,3,H,17,18,7,9,13,15,2,7,0,3.0,0,0.0,2023,H,,,3,0.0,0.0,0.0,0,0,1.0,1.0410958904109588,1.3333333333333333,0.34927833696847704,75.0,93.69983132909532
2023-05-13,Fulham,Southampton,2,0,A,5,9,1,4,17,12,1,8,0,,0,,2023,A,2.0,0.0,3,0.0,0.0,0.0,1,0,2.0,1.0675675675675675,0.9553571428571428,0.6045873083551265,75.0,94.30441863745045
2023-05-20,Fulham,Crystal Palace,2,2,D,11,11,4,5,13,12,7,4,3,0.0,0,0.0,2023,H,,,1,0.0,0.0,0.0,0,3,2.3333333333333335,1.0666666666666669,1.2035398230088497,0.22639625572268202,75.0,94.53081489317313
2023-05-28,Fulham,Manchester United,1,2,H,21,10,8,3,14,10,5,4,2,,0,,2023,A,1.0,0.0,0,0.0,0.0,0.0,0,2,1.3333333333333333,1.0526315789473684,1.8157894736842104,0.10970313260092027,75.0,94.64051802577404
2023-08-12,Fulham,Everton,1,0,A,19,9,9,2,12,6,10,4,2,,0,,2023,A,0.0,0.0,3,0.0,0.0,0.0,1,2,1.3333333333333333,1.077922077922078,1.1652173913043478,0.5726335519424617,75.0,95.2131515777165
2023-08-19,Fulham,Brentford,0,3,A,10,17,2,8,13,12,5,5,2,2.0,1,0.0,2023,H,,,0,0.0,0.0,0.0,0,4,1.0,1.064102564102564,1.3974358974358974,0.1414046842055262,75.0,95.35455626192203
2023-08-26,Fulham,Arsenal,2,2,D,19,8,11,3,6,5,8,3,3,,1,,2023,A,0.0,0.0,1,0.0,0.0,0.0,0,5,1.3333333333333333,1.0632911392405062,1.8888888888888888,0.14626242758503594,75.0,95.50081868950707
2023-09-02,Fulham,Manchester City,1,5,H,7,6,5,4,12,12,4,5,4,,0,,2023,A,2.0,0.0,0,0.0,0.0,0.0,0,4,0.3333333333333333,1.05,2.3728813559322033,0.04256527845904323,75.0,95.54338396796612
2023-09-16,Fulham,Luton Town,1,0,H,13,7,2,2,6,14,6,2,2,2.0,0,0.0,2023,H,,,3,0.0,0.0,0.0,1,2,1.3333333333333333,1.0740740740740742,0.0,0.6907020646602591,75.0,96.23408603262638
2023-09-23,Fulham,Crystal Palace,0,0,D,7,10,3,5,10,15,3,2,2,,0,,2023,A,3.0,0.0,1,0.0,0.0,0.0,1,2,1.3333333333333333,1.0731707317073171,1.2083333333333333,0.44826472326913525,75.0,96.68235075589551
2023-10-02,Fulham,Chelsea,0,2,A,10,11,3,4,15,12,8,1,1,4.0,0,0.0,2023,H,,,0,0.0,0.0,0.0,0,1,1.3333333333333333,1.0602409638554218,1.5950413223140496,0.13741555673469236,75.0,96.81976631263021
2023-10-07,Fulham,Sheffield United,3,1,H,20,5,6,2,8,10,9,4,1,2.0,0,0.0,2023,H,,,3,0.0,0.0,0.0,0,1,1.3333333333333333,1.0833333333333333,0.5217391304347826,0.42617053622404133,75.0,97.24593684885424
2023-10-23,Fulham,Tottenham Hotspur,0,2,H,15,10,5,3,10,14,3,5,0,,0,,2023,A,2.0,0.0,0,0.0,0.0,0.0,0,0,1.0,1.0705882352941176,1.7560975609756098,0.12644071373995935,75.0,97.37237756259421
2023-10-29,Fulham,Brighton and Hove Albion,1,1,D,18,10,7,5,12,8,7,3,3,,0,,2023,A,0.0,0.0,1,0.0,0.0,0.0,0,3,1.3333333333333333,1.069767441860465,1.3790322580645162,0.2086140539164997,75.0,97.5809916165107
2023-11-04,Fulham,Manchester United,0,1,A,18,12,3,5,9,15,9,4,5,2.0,0,0.0,2023,H,,,0,0.0,0.0,0.0,0,5,0.3333333333333333,1.057471264367816,1.8,0.09526931246898068,75.0,97.67626092897967
2023-11-12,Fulham,Aston Villa,1,3,H,12,9,6,5,4,17,2,2,5,,0,,2023,A,2.0,0.0,0,0.0,0.0,0.0,0,5,0.3333333333333333,1.0454545454545454,1.4761904761904765,0.12808010740335082,75.0,97.80434103638304
2023-11-27,Fulham,Wolverhampton Wanderers,3,2,H,12,10,6,6,13,13,6,2,2,2.0,0,0.0,2023,H,,,3,0.0,0.0,0.0,0,2,1.0,1.0674157303370786,1.1968503937007875,0.3524186543412556,75.0,98.15675969072429
2023-12-03,Fulham,Liverpool,3,4,H,26,9,12,5,6,7,3,4,0,,0,,2023,A,0.0,0.0,0,0.0,0.0,0.0,0,0,1.0,1.0555555555555556,2.0234375,0.09935183811363257,75.0,98.25611152883792
2023-12-06,Fulham,Nottingham Forest,5,0,H,14,4,6,1,7,10,6,1,0,1.0,0,0.0,2023,H,,,3,0.0,0.0,0.0,1,0,2.0,1.0769230769230769,0.9622641509433962,0.6038874388044662,75.0,98.85999896764238
2023-12-10,Fulham,West Ham United,5,0,H,14,9,8,5,5,10,3,6,2,1.0,0,0.0,2023,H,,,3,0.0,0.0,0.0,1,2,2.0,1.0978260869565215,1.4230769230769231,0.5465053018547975,75.0,99.40650426949719
2023-12-16,Fulham,Newcastle United,0,3,H,27,6,10,4,7,12,5,1,2,,1,,2023,A,0.0,0.0,0,0.0,0.0,0.0,0,4,2.0,1.086021505376344,1.4809160305343512,0.13294585478024193,75.0,99.53945012427742
2023-12-23,Fulham,Burnley,0,2,A,19,7,5,2,5,17,8,6,2,1.0,0,0.0,2023,H,,,0,0.0,0.0,0.0,0,2,1.0,1.074468085106383,0.9042553191489362,0.20206656857485533,75.0,99.74151669285229
2023-12-26,Fulham,Bournemouth,0,3,H,16,8,4,3,10,10,6,5,2,,0,,2023,A,0.0,0.0,0,0.0,0.0,0.0,0,2,0.0,1.063157894736842,1.1428571428571428,0.17788965303341553,75.0,99.9194063458857
2023-12-31,Fulham,Arsenal,2,1,H,15,13,4,3,11,10,5,4,4,1.0,0,0.0,2023,H,,,3,0.0,0.0,0.0,0,4,1.0,1.0833333333333333,1.8955223880597016,0.2709348477684391,75.0,100.19034119365413
2024-01-13,Fulham,Chelsea,0,1,H,17,14,3,4,13,9,6,4,1,,0,,2024,A,5.0,0.0,0,0.0,0.0,0.0,0,1,1.0,1.0721649484536082,1.6,0.1369131065448855,75.0,100.32725430019903
2024-01-30,Fulham,Everton,0,0,D,25,21,6,4,6,13,15,6,1,2.0,0,0.0,2024,H,,,1,0.0,0.0,0.0,1,1,1.3333333333333333,1.0714285714285714,1.1911764705882353,0.4553477602776833,75.0,100.7826020604767
2024-02-03,Fulham,Burnley,2,2,D,12,15,4,7,11,7,2,13,2,,0,,2024,A,2.0,0.0,1,0.0,0.0,0.0,0,2,0.6666666666666666,1.0707070707070707,0.8787878787878788,0.26464711949058906,75.0,101.0472491799673
2024-02-10,Fulham,Bournemouth,3,1,H,7,25,6,4,11,11,1,14,1,2.0,0,0.0,2024,H,,,3,0.0,0.0,0.0,0,1,1.6666666666666667,1.09,1.0819672131147542,0.36940405041771107,75.0,101.41665323038501
2024-02-17,Fulham,Aston Villa,1,2,A,15,12,4,3,11,6,4,4,5,2.0,0,0.0,2024,H,,,0,0.0,0.0,0.0,0,5,1.3333333333333333,1.0792079207920793,1.5107913669064748,0.12457408720829014,75.0,101.5412273175933
2024-02-24,Fulham,Manchester United,2,1,A,21,17,9,5,6,11,10,9,5,,0,,2024,A,2.0,0.0,3,0.0,0.0,0.0,0,5,2.0,1.0980392156862746,1.792857142857143,0.2759930800042977,75.0,101.8172203975976
2024-03-02,Fulham,Brighton and Hove Albion,3,0,H,12,15,5,5,16,10,2,6,1,2.0,0,0.0,2024,H,,,3,0.0,0.0,0.0,1,1,2.0,1.116504854368932,1.3687943262411348,0.557350195011697,75.0,102.37457059260929
2024-03-09,Fulham,Wolverhampton Wanderers,1,2,H,8,23,3,6,7,11,3,4,2,,0,,2024,A,2.0,0.0,0,0.0,0.0,0.0,0,2,2.0,1.1057692307692308,1.2535211267605637,0.16667635319047622,75.0,102.54124694579977
2024-03-16,Fulham,Tottenham Hotspur,3,0,H,16,14,7,5,9,10,4,5,2,3.0,0,0.0,2024,H,,,3,0.0,0.0,0.0,1,2,2.0,1.1238095238095238,1.732394366197183,0.5151629525735191,75.0,103.05640989837329
2024-03-30,Fulham,Sheffield United,3,3,D,8,24,4,9,10,13,2,15,1,,0,,2024,A,4.0,0.0,1,0.0,0.0,0.0,0,1,1.3333333333333333,1.1226415094339623,0.5671641791044776,0.30156773165161666,75.0,103.3579776300249
2024-04-02,Fulham,Nottingham Forest,1,3,H,16,18,4,3,7,8,3,8,0,,0,,2024,A,0.0,0.0,0,0.0,0.0,0.0,0,0,1.3333333333333333,1.1121495327102804,0.9710144927536232,0.20599118296281704,75.0,103.56396881298772
2024-04-06,Fulham,Newcastle United,0,1,A,14,12,4,5,10,13,14,3,1,2.0,0,0.0,2024,H,,,0,0.0,0.0,0.0,0,1,0.3333333333333333,1.101851851851852,1.4620689655172414,0.15088930722686875,75.0,103.71485812021459
2024-04-14,Fulham,West Ham United,2,0,A,15,18,4,10,6,13,8,3,2,,0,,2024,A,1.0,0.0,3,0.0,0.0,0.0,1,2,1.0,1.1192660550458715,1.4217687074829932,0.546637860011449,75.0,104.26149598022604
2024-04-21,Fulham,Liverpool,1,3,A,12,14,5,7,5,11,1,4,3,0.0,0,0.0,2024,H,,,0,0.0,0.0,0.0,0,3,1.0,1.1090909090909091,2.054421768707483,0.0801785537069187,75.0,104.34167453393296
2024-04-27,Fulham,Crystal Palace,1,1,D,9,14,2,4,11,15,5,9,0,2.0,0,0.0,2024,H,,,1,0.0,0.0,0.0,0,0,1.3333333333333333,1.108108108108108,1.1879194630872485,0.2440127543541249,75.0,104.58568728828708
2024-05-04,Fulham,Brentford,0,0,D,7,15,3,3,3,6,7,6,1,,0,,2024,A,1.0,0.0,1,0.0,0.0,0.0,1,1,0.6666666666666666,1.1071428571428572,1.2589285714285714,0.44848261233239717,75.0,105.03416990061947
2024-05-11,Fulham,Manchester City,0,4,A,1,16,1,9,9,6,1,7,1,0.0,1,0.0,2024,H,,,0,0.0,0.0,0.0,0,3,0.6666666666666666,1.0973451327433628,2.3533333333333335,0.04989060560993919,75.0,105.08406050622942
2024-05-19,Fulham,Luton Town,4,2,A,15,15,6,7,15,20,4,4,4,,0,,2024,A,5.0,0.0,3,0.0,0.0,0.0,0,4,1.3333333333333333,1.1140350877192982,0.6842105263157895,0.39367399586288654,75.0,105.4777345020923
2024-08-16,Fulham,Manchester United,0,1,H,14,10,5,2,12,10,7,8,3,,0,,2024,A,2.0,0.0,0,0.0,0.0,0.0,0,3,1.0,1.1043478260869566,1.7647058823529411,0.10953472712817922,75.0,105.58726922922048
2024-08-24,Fulham,Leicester City,2,1,H,18,10,6,4,14,13,7,5,2,2.0,0,0.0,2024,H,,,3,0.0,0.0,0.0,0,2,2.0,1.1206896551724137,1.3189655172413792,0.3400450396626691,75.0,105.92731426888315
2024-08-31,Fulham,Ipswich Town,1,1,D,11,9,4,4,15,15,8,6,3,,0,,2024,A,2.0,0.0,1,0.0,0.0,0.0,0,3,1.3333333333333333,1.1196581196581197,0.3333333333333333,0.3145720645975836,75.0,106.24188633348074
2024-09-14,Fulham,West Ham United,1,1,D,21,11,5,3,15,18,3,2,2,3.0,0,0.0,2024,H,,,1,0.0,0.0,0.0,0,2,1.6666666666666667,1.11864406779661,1.391025641025641,0.21274337071663296,75.0,106.45462970419737
2024-09-21,Fulham,Newcastle United,3,1,H,22,15,11,4,16,8,6,0,6,0.0,0,0.0,2024,H,,,3,0.0,0.0,0.0,0,6,1.6666666666666667,1.134453781512605,1.4968152866242035,0.30064567208163373,75.0,106.755275376279
2024-09-28,Fulham,Nottingham Forest,1,0,A,11,14,1,2,11,15,6,5,4,,0,,2024,A,2.0,0.0,3,0.0,0.0,0.0,1,4,2.3333333333333335,1.15,1.0121951219512195,0.5774497575023128,75.0,107.33272513378131
2024-10-05,Fulham,Manchester City,2,3,H,20,11,7,4,4,10,8,3,1,,0,,2024,A,2.0,0.0,0,0.0,0.0,0.0,0,1,2.0,1.140495867768595,2.3647798742138364,0.05941990829811564,75.0,107.39214504207942
2024-10-19,Fulham,Aston Villa,1,3,A,10,14,4,5,8,11,6,11,3,3.0,1,1.0,2024,H,,,0,0.0,0.0,0.0,0,5,1.0,1.1311475409836065,1.5375,0.12186776939188002,75.0,107.5140128114713
2024-10-26,Fulham,Everton,1,1,D,10,14,5,3,8,8,4,2,0,,0,,2024,A,1.0,0.0,1,0.0,0.0,0.0,0,0,0.3333333333333333,1.1300813008130082,1.186335403726708,0.24417326305760928,75.0,107.75818607452892
2024-11-04,Fulham,Brentford,2,1,H,26,5,12,2,3,10,11,3,2,1.0,0,0.0,2024,H,,,3,0.0,0.0,0.0,0,2,1.3333333333333333,1.1451612903225807,1.2661290322580645,0.34539882621423523,75.0,108.10358490074316
2024-11-09,Fulham,Crystal Palace,2,0,A,13,17,5,7,10,11,1,8,1,,0,,2024,A,1.0,1.0,3,0.0,0.0,0.0,1,1,2.3333333333333335,1.16,1.1840490797546013,0.5760699606512494,75.0,108.6796548613944
2024-11-23,Fulham,Wolverhampton Wanderers,1,4,A,10,10,3,5,14,14,7,2,3,0.0,0,0.0,2024,H,,,0,0.0,0.0,0.0,0,3,2.0,1.1507936507936507,1.170731707317073,0.16972061858725046,75.0,108.84937547998166
2024-12-01,Fulham,Tottenham Hotspur,1,1,D,8,14,3,6,4,14,7,11,1,,1,,2024,A,0.0,0.0,1,0.0,0.0,0.0,0,3,1.3333333333333333,1.1496062992125984,1.690909090909091,0.17701236818824564,75.0,109.02638784816989
2024-12-05,Fulham,Brighton and Hove Albion,3,1,H,6,13,2,3,7,8,5,6,2,2.0,0,0.0,2024,H,,,3,0.0,0.0,0.0,0,2,1.3333333333333333,1.1640625,1.355421686746988,0.33635102878964485,75.0,109.36273887695955
2024-12-08,Fulham,Arsenal,1,1,D,2,12,2,4,10,9,0,6,4,2.0,0,0.0,2024,H,,,1,0.0,0.0,0.0,0,4,1.6666666666666667,1.162790697674419,1.9880239520958085,0.14156189970628597,75.0,109.50430077666583
2024-12-14,Fulham,Liverpool,2,2,D,16,12,4,3,10,7,5,4,4,,0,,2024,A,3.0,1.0,1,0.0,0.0,0.0,0,4,1.6666666666666667,1.1615384615384616,2.07185628742515,0.13306738252532013,75.0,109.63736815919114
2024-12-22,Fulham,Southampton,0,0,D,16,5,5,1,8,15,6,5,1,3.0,0,0.0,2024,H,,,1,0.0,0.0,0.0,1,1,1.0,1.1603053435114503,0.8702290076335878,0.48786854986973294,75.0,110.12523670906089
2024-12-26,Fulham,Chelsea,2,1,A,12,14,8,7,13,13,3,1,3,,0,,2024,A,1.0,0.0,3,0.0,0.0,0.0,0,3,1.6666666666666667,1.1742424242424243,1.6647058823529413,0.29966747262261706,75.0,110.4249041816835
2024-12-29,Fulham,Bournemouth,2,2,D,11,16,6,9,7,16,1,7,1,3.0,0,0.0,2024,H,,,1,0.0,0.0,0.0,0,1,1.6666666666666667,1.1729323308270676,1.231578947368421,0.2342442741559723,75.0,110.65914845583947
2025-01-05,Fulham,Ipswich Town,2,2,D,15,7,4,3,10,14,9,2,1,5.0,0,0.0,2025,H,,,1,0.0,0.0,0.0,0,1,1.6666666666666667,1.171641791044776,0.8,0.2779750705003882,75.0,110.93712352633986
2025-01-14,Fulham,West Ham United,2,3,H,4,21,3,5,9,18,0,3,3,,0,,2025,A,3.0,0.0,0,0.0,0.0,0.0,0,3,0.6666666666666666,1.162962962962963,1.3815028901734103,0.1483637110528016,75.0,111.08548723739267
2025-01-18,Fulham,Leicester City,2,0,A,8,17,4,2,8,8,5,2,1,,0,,2025,A,3.0,0.0,3,0.0,0.0,0.0,1,1,1.3333333333333333,1.1764705882352942,1.2205882352941178,0.5723675410146134,75.0,111.65785477840728
2025-01-26,Fulham,Manchester United,0,1,A,9,4,3,1,7,9,3,0,0,1.0,0,0.0,2025,H,,,0,0.0,0.0,0.0,0,0,1.0,1.167883211678832,1.6914285714285715,0.13299345786458536,75.0,111.79084823627187
2025-02-01,Fulham,Newcastle United,2,1,A,11,15,4,4,10,15,4,7,4,,0,,2025,A,4.0,0.0,3,0.0,0.0,0.0,0,4,2.0,1.181159420289855,1.5113636363636365,0.3098606763724108,75.0,112.10070891264428
2025-02-15,Fulham,Nottingham Forest,2,1,H,24,8,10,2,13,8,8,4,0,0.0,0,0.0,2025,H,,,3,0.0,0.0,0.0,0,0,2.0,1.1942446043165469,1.198019801980198,0.3629893127200266,75.0,112.4636982253643
2025-02-22,Fulham,Crystal Palace,0,2,A,10,10,0,5,10,7,7,7,1,3.0,0,0.0,2025,H,,,0,0.0,0.0,0.0,0,1,2.0,1.1857142857142855,1.2303370786516854,0.17437010955241417,75.0,112.63806833491671
2025-02-25,Fulham,Wolverhampton Wanderers,2,1,A,18,11,5,5,8,15,7,5,3,,0,,2025,A,1.0,0.0,3,0.0,0.0,0.0,0,3,2.0,1.198581560283688,1.1452513966480449,0.3523024736185352,75.0,112.99037080853525
2025-03-08,Fulham,Brighton and Hove Albion,1,2,H,9,6,4,1,6,12,3,7,2,,0,,2025,A,0.0,0.0,0,0.0,0.0,0.0,0,2,1.0,1.1901408450704225,1.3777777777777778,0.1540857429829901,75.0,113.14445655151823
2025-03-16,Fulham,Tottenham Hotspur,2,0,H,13,12,4,4,13,10,6,5,0,0.0,0,0.0,2025,H,,,3,0.0,0.0,0.0,1,0,2.0,1.2027972027972027,1.6187845303867403,0.5373638996363546,75.0,113.68182045115459
2025-04-01,Fulham,Arsenal,1,2,H,17,9,4,3,2,10,5,4,2,,0,,2025,A,1.0,0.0,0,0.0,0.0,0.0,0,2,1.0,1.1944444444444444,2.0,0.09103754879537687,75.0,113.77285799994996
2025-04-06,Fulham,Liverpool,3,2,H,12,14,6,6,10,9,4,4,3,0.0,0,0.0,2025,H,,,3,0.0,0.0,0.0,0,3,2.0,1.206896551724138,2.092896174863388,0.25628004005064453,75.0,114.02913804000062
2025-04-14,Fulham,Bournemouth,0,1,H,12,12,3,7,11,10,6,9,2,,0,,2025,A,3.0,0.0,0,0.0,0.0,0.0,0,2,1.0,1.1986301369863013,1.25,0.16703314000366068,75.0,114.19617118000428
2025-04-20,Fulham,Chelsea,1,2,A,6,13,1,8,13,9,6,4,1,3.0,0,0.0,2025,H,,,0,0.0,0.0,0.0,0,1,1.0,1.1904761904761905,1.648648648648649,0.13198366279083465,75.0,114.3281548427951
2025-04-26,Fulham,Southampton,2,1,A,7,26,3,5,10,12,0,13,1,,0,,2025,A,1.0,0.0,3,0.0,0.0,0.0,0,1,1.0,1.2027027027027026,0.8040540540540541,0.397564283520884,75.0,114.725719126316
2025-05-03,Fulham,Aston Villa,0,1,H,10,11,3,3,6,17,5,3,5,,0,,2025,A,0.0,0.0,0,0.0,0.0,0.0,0,5,1.0,1.1946308724832215,1.5454545454545454,0.12106175554573156,75.0,114.84678088186172
2025-05-10,Fulham,Everton,1,3,A,18,11,6,7,15,9,5,5,1,0.0,0,0.0,2025,H,,,0,0.0,0.0,0.0,0,1,1.0,1.1866666666666668,1.1914893617021276,0.17830644984131247,75.0,115.02508733170305
2025-05-18,Fulham,Brentford,3,2,A,11,16,6,7,12,8,5,3,4,,0,,2025,A,4.0,0.0,3,0.0,0.0,0.0,0,4,1.0,1.1986754966887416,1.3178807947019868,0.3294658002933919,75.0,115.35455313199643
2025-05-25,Fulham,Manchester City,0,2,A,13,20,3,5,11,5,1,6,0,0.0,0,0.0,2025,H,,,0,0.0,0.0,0.0,0,0,1.0,1.1907894736842106,2.263157894736842,0.07506158061668661,75.0,115.42961471261312
2025-08-16,Fulham,Brighton and Hove Albion,1,1,D,10,7,4,2,16,15,4,3,3,,0,,2025,A,3.0,0.0,1,0.0,0.0,0.0,0,3,1.3333333333333333,1.1895424836601307,1.382198952879581,0.20829318079030362,75.0,115.63790789340342
2025-08-24,Fulham,Manchester United,1,1,D,13,10,4,3,12,10,9,6,1,1.0,0,0.0,2025,H,,,1,0.0,0.0,0.0,0,1,0.6666666666666666,1.1883116883116882,1.6145833333333333,0.19543541449361335,75.0,115.83334330789702
2025-08-30,Fulham,Chelsea,0,2,H,13,11,6,3,11,17,6,4,2,,0,,2025,A,2.0,0.0,0,0.0,0.0,0.0,0,2,0.6666666666666666,1.1806451612903226,1.6787564766839378,0.12358833743035855,75.0,115.95693164532739
2025-09-13,Fulham,Leeds United,1,0,H,5,10,3,3,20,15,3,3,1,2.0,0,0.0,2025,H,,,3,0.0,0.0,0.0,1,1,1.3333333333333333,1.1923076923076923,1.11864406779661,0.5826972840535591,75.0,116.53962892938095
2025-09-20,Fulham,Brentford,3,1,H,14,8,3,3,11,13,2,10,4,1.0,0,0.0,2025,H,,,3,0.0,0.0,0.0,0,4,2.0,1.2038216560509554,1.2993630573248407,0.3313421554931465,75.0,116.8709710848741
2025-09-28,Fulham,Aston Villa,1,3,H,9,11,4,4,10,13,2,8,4,,0,,2025,A,1.0,0.0,0,0.0,0.0,0.0,0,4,2.0,1.1962025316455696,1.5357142857142858,0.12739328704746655,75.0,116.99836437192157
2025-10-03,Fulham,Bournemouth,1,3,H,11,12,6,4,8,10,4,3,1,,0,,2025,A,0.0,0.0,0,0.0,0.0,0.0,0,1,1.0,1.1886792452830188,1.2975206611570247,0.16756256812310247,75.0,117.16592694004467
2025-10-18,Fulham,Arsenal,0,1,A,9,16,0,5,11,4,6,10,0,0.0,0,0.0,2025,H,,,0,0.0,0.0,0.0,0,0,0.0,1.18125,2.0,0.10172670033889145,75.0,117.26765364038356
2025-10-25,Fulham,Newcastle United,1,2,H,18,12,7,5,11,18,4,3,2,,0,,2025,A,0.0,0.0,0,0.0,0.0,0.0,0,2,0.0,1.173913043478261,1.5226130653266332,0.13940995190952737,75.0,117.40706359229308
2025-11-01,Fulham,Wolverhampton Wanderers,3,0,H,19,5,6,2,13,14,10,1,1,3.0,0,1.0,2025,H,,,3,0.0,0.0,0.0,1,1,1.0,1.1851851851851851,1.135,0.5810399790701469,75.0,117.98810357136324
2025-11-08,Fulham,Everton,0,2,H,14,8,5,4,11,14,7,5,2,,0,,2025,A,2.0,0.0,0,0.0,0.0,0.0,0,2,1.0,1.177914110429448,1.2189054726368158,0.17018386932407048,75.0,118.1582874406873
2020-09-12,Leeds United,Liverpool,3,4,H,22,6,6,3,9,6,9,0,0,,0,,2020,A,1.0,0.0,0,0.0,0.0,0.0,0,0,0.0,0.0,3.0,0.0003992453945130259,75.0,75.00039924539452
2020-09-19,Leeds United,Fulham,4,3,H,10,14,7,6,13,18,5,3,1,2.0,0,0.0,2020,H,,,3,0.0,0.0,0.0,0,1,1.5,1.5,0.0,0.47903703445589096,75.0,75.4794362798504
2020-09-27,Leeds United,Sheffield United,1,0,A,14,17,4,9,18,4,5,7,1,,0,,2020,A,2.0,0.0,3,0.0,0.0,0.0,1,1,2.0,2.0,0.0,0.6960466404320165,75.0,76.17548292028242
2020-10-03,Leeds United,Manchester City,1,1,D,12,23,7,2,11,12,7,10,2,1.0,0,0.0,2020,H,,,1,0.0,0.0,0.0,0,2,2.3333333333333335,1.75,1.3333333333333333,0.21858918542496247,75.0,76.39407210570738
2020-10-19,Leeds United,Wolverhampton Wanderers,0,1,A,13,7,2,3,13,12,8,3,2,1.0,0,0.0,2020,H,,,0,0.0,0.0,0.0,0,2,1.3333333333333333,1.4,1.8,0.11130303978425254,75.0,76.50537514549164
2020-10-23,Leeds United,Aston Villa,3,0,A,12,27,4,9,14,17,6,5,2,,0,,2020,A,2.0,0.0,3,0.0,0.0,0.0,1,2,1.3333333333333333,1.6666666666666667,2.4,0.447516172793751,75.0,76.95289131828538
2020-11-02,Leeds United,Leicester City,1,4,A,11,10,4,8,9,5,10,3,1,1.0,0,0.0,2020,H,,,0,0.0,0.0,0.0,0,1,1.0,1.4285714285714286,2.142857142857143,0.0819067738607944,75.0,77.03479809214618
2020-11-07,Leeds United,Crystal Palace,1,4,H,10,9,6,3,9,1,3,6,2,,0,,2020,A,0.0,0.0,0,0.0,0.0,0.0,0,2,1.0,1.25,1.625,0.12903534439951878,75.0,77.1638334365457
2020-11-22,Leeds United,Arsenal,0,0,D,25,9,4,2,9,8,5,3,3,0.0,0,1.0,2020,H,,,1,0.0,0.0,0.0,1,3,0.3333333333333333,1.2222222222222223,1.4444444444444444,0.41899560952439974,75.0,77.5828290460701
2020-11-28,Leeds United,Everton,1,0,A,15,23,8,7,8,14,4,2,2,,0,,2020,A,1.0,0.0,3,0.0,0.0,0.0,1,2,1.3333333333333333,1.4,1.6,0.5285781367492537,75.0,78.11140718281935
2020-12-05,Leeds United,Chelsea,1,3,H,23,8,11,3,12,9,8,4,2,,0,,2020,A,0.0,0.0,0,0.0,0.0,0.0,0,2,1.3333333333333333,1.2727272727272727,2.0,0.09103754879537687,75.0,78.20244473161473
2020-12-11,Leeds United,West Ham United,1,2,A,13,19,7,8,12,10,5,6,1,2.0,0,0.0,2020,H,,,0,0.0,0.0,0.0,0,1,1.0,1.1666666666666667,1.6666666666666667,0.13015794288192695,75.0,78.33260267449666
2020-12-16,Leeds United,Newcastle United,5,2,H,25,10,10,4,10,13,7,4,3,1.0,0,0.0,2020,H,,,3,0.0,0.0,0.0,0,3,1.0,1.3076923076923077,1.4166666666666667,0.32480065507450695,75.0,78.65740332957117
2020-12-20,Leeds United,Manchester United,2,6,H,26,17,14,3,6,6,11,13,0,,0,,2020,A,1.0,0.0,0,0.0,0.0,0.0,0,0,1.0,1.2142857142857142,2.0,0.10172670033889145,75.0,78.75913002991005
2020-12-27,Leeds United,Burnley,1,0,H,11,14,4,6,8,14,4,12,0,3.0,0,0.0,2020,H,,,3,0.0,0.0,0.0,1,0,2.0,1.3333333333333333,0.9285714285714286,0.6073014366125652,75.0,79.36643146652261
2020-12-29,Leeds United,West Brom,5,0,A,4,14,1,6,7,10,3,10,1,,0,,2020,A,0.0,0.0,3,0.0,0.0,0.0,1,1,2.0,1.4375,0.5,0.6453829129598272,75.0,80.01181437948244
2021-01-02,Leeds United,Tottenham Hotspur,0,3,H,20,18,7,5,15,13,3,5,1,,0,,2021,A,2.0,1.0,0,0.0,0.0,0.0,0,1,2.0,1.3529411764705883,1.8125,0.11538102236920511,75.0,80.12719540185165
2021-01-16,Leeds United,Brighton and Hove Albion,0,1,A,7,7,2,2,8,9,5,2,1,1.0,0,0.0,2021,H,,,0,0.0,0.0,0.0,0,1,1.0,1.2777777777777777,0.8947368421052632,0.2083756274003945,75.0,80.33557102925205
2021-01-26,Leeds United,Newcastle United,2,1,A,22,9,5,2,10,15,9,5,3,,0,,2021,A,1.0,0.0,3,0.0,0.0,0.0,0,3,1.0,1.368421052631579,0.95,0.37208680071521694,75.0,80.70765782996726
2021-01-31,Leeds United,Leicester City,3,1,A,18,8,8,7,17,16,6,4,3,,0,,2021,A,0.0,0.0,3,0.0,0.0,0.0,0,3,2.0,1.45,1.8571428571428572,0.28016832372995937,75.0,80.98782615369723
2021-02-03,Leeds United,Everton,1,2,A,16,10,7,6,12,12,7,1,2,3.0,0,0.0,2021,H,,,0,0.0,0.0,0.0,0,2,2.0,1.380952380952381,1.8,0.11130303978425254,75.0,81.09912919348147
2021-02-08,Leeds United,Crystal Palace,2,0,H,17,8,7,3,7,8,5,3,0,2.0,0,0.0,2021,H,,,3,0.0,0.0,0.0,1,0,2.0,1.4545454545454546,1.2608695652173914,0.5736305121434705,75.0,81.67275970562494
2021-02-14,Leeds United,Arsenal,2,4,H,13,9,5,5,8,17,4,5,2,,0,,2021,A,0.0,0.0,0,0.0,0.0,0.0,0,2,1.0,1.391304347826087,1.4166666666666667,0.15014523084626427,75.0,81.82290493647122
2021-02-19,Leeds United,Wolverhampton Wanderers,0,1,H,15,18,5,7,13,8,7,9,0,,0,,2021,A,1.0,0.0,0,0.0,0.0,0.0,0,0,1.0,1.3333333333333333,1.32,0.17062936970106876,75.0,81.99353430617228
2021-02-23,Leeds United,Southampton,3,0,H,11,13,7,5,11,13,2,4,1,2.0,0,0.0,2021,H,,,3,0.0,0.0,0.0,1,1,1.0,1.4,1.2,0.5744536944987624,75.0,82.56798800067104
2021-02-27,Leeds United,Aston Villa,0,1,A,13,9,3,4,14,14,7,5,3,2.0,0,0.0,2021,H,,,0,0.0,0.0,0.0,0,3,1.0,1.3461538461538465,1.625,0.12369076862776149,75.0,82.6916787692988
2021-03-08,Leeds United,West Ham United,0,2,H,16,17,5,2,9,9,6,6,1,,0,,2021,A,1.0,0.0,0,0.0,0.0,0.0,0,1,1.0,1.2962962962962965,1.7777777777777777,0.11889933677699605,75.0,82.8105781060758
2021-03-13,Leeds United,Chelsea,0,0,D,7,15,4,8,16,6,8,5,3,0.0,0,0.0,2021,H,,,1,0.0,0.0,0.0,1,3,0.3333333333333333,1.2857142857142858,1.7586206896551724,0.3871609301932157,75.0,83.19773903626901
2021-03-19,Leeds United,Fulham,2,1,A,13,13,6,4,13,12,13,7,2,,0,,2021,A,2.0,0.0,3,0.0,0.0,0.0,0,2,1.3333333333333333,1.3448275862068966,0.8666666666666667,0.3858753310656724,75.0,83.58361436733469
2021-04-03,Leeds United,Sheffield United,2,1,H,23,9,8,1,12,13,5,7,1,2.0,0,0.0,2021,H,,,3,0.0,0.0,0.0,0,1,2.3333333333333335,1.4,0.4666666666666667,0.43175088881518103,75.0,84.01536525614986
2021-04-10,Leeds United,Manchester City,2,1,A,29,2,7,2,12,15,9,3,1,,1,,2021,A,3.0,0.0,3,0.0,0.0,0.0,0,3,3.0,1.4516129032258065,2.3125,0.23402814335350133,75.0,84.24939339950338
2021-04-19,Leeds United,Liverpool,1,1,D,12,17,5,7,17,15,10,8,2,1.0,0,0.0,2021,H,,,1,0.0,0.0,0.0,0,2,2.3333333333333335,1.4375,1.65625,0.18586886143250694,75.0,84.43526226093587
2021-04-25,Leeds United,Manchester United,0,0,D,6,16,3,4,21,11,2,6,4,1.0,0,0.0,2021,H,,,1,0.0,0.0,0.0,1,4,1.6666666666666667,1.4242424242424243,2.0303030303030303,0.3542874742902793,75.0,84.78954973522616
2021-05-01,Leeds United,Brighton and Hove Albion,0,2,H,17,11,5,2,17,6,2,9,1,,0,,2021,A,1.0,0.0,0,0.0,0.0,0.0,0,1,0.6666666666666666,1.3823529411764706,1.088235294117647,0.1887689217223027,75.0,84.97831865694846
2021-05-08,Leeds United,Tottenham Hotspur,3,1,H,16,11,7,3,12,10,8,6,1,2.0,0,0.0,2021,H,,,3,0.0,0.0,0.0,0,1,1.3333333333333333,1.4285714285714286,1.6,0.31691310654488547,75.0,85.29523176349335
2021-05-15,Leeds United,Burnley,4,0,A,16,16,4,6,10,10,6,8,1,,0,,2021,A,1.0,0.0,3,0.0,0.0,0.0,1,1,2.0,1.4722222222222223,1.0833333333333333,0.5862752309089398,75.0,85.88150699440229
2021-05-18,Leeds United,Southampton,2,0,A,18,15,3,7,10,12,4,5,3,,0,,2021,A,0.0,0.0,3,0.0,0.0,0.0,1,3,3.0,1.5135135135135136,1.162162162162162,0.5675985547639539,75.0,86.44910554916623
2021-05-23,Leeds United,West Brom,3,1,H,17,14,9,5,12,12,8,3,2,1.0,0,0.0,2021,H,,,3,0.0,0.0,0.0,0,2,3.0,1.5526315789473684,0.6842105263157895,0.4043631474064011,75.0,86.85346869657263
2021-08-14,Leeds United,Manchester United,1,5,H,16,10,8,3,11,9,5,4,2,,0,,2021,A,1.0,0.0,0,0.0,0.0,0.0,0,2,2.0,1.5128205128205128,1.9743589743589745,0.09363568866574554,75.0,86.94710438523839
2021-08-21,Leeds United,Everton,2,2,D,17,17,4,8,6,13,8,5,2,4.0,0,0.0,2021,H,,,1,0.0,0.0,0.0,0,2,1.3333333333333333,1.5,1.575,0.19410171714673768,75.0,87.14120610238513
2021-08-29,Leeds United,Burnley,1,1,D,12,12,3,2,13,9,5,5,3,,0,,2021,A,4.0,0.0,1,0.0,0.0,0.0,0,3,0.6666666666666666,1.4878048780487805,0.975609756097561,0.24949182930810476,75.0,87.39069793169323
2021-09-12,Leeds United,Liverpool,0,3,A,9,30,4,9,9,8,2,11,2,1.0,1,0.0,2021,H,,,0,0.0,0.0,0.0,0,4,0.6666666666666666,1.4523809523809523,1.880952380952381,0.09241118950714544,75.0,87.48310912120037
2021-09-17,Leeds United,Newcastle United,1,1,D,17,22,7,9,9,11,4,5,2,,0,,2021,A,2.0,0.0,1,0.0,0.0,0.0,0,2,0.6666666666666666,1.441860465116279,1.0930232558139534,0.24293919397748753,75.0,87.72604831517786
2021-09-25,Leeds United,West Ham United,1,2,A,15,20,5,7,10,6,5,7,3,2.0,0,0.0,2021,H,,,0,0.0,0.0,0.0,0,3,0.3333333333333333,1.4090909090909092,1.7272727272727273,0.11332773346299552,75.0,87.83937604864086
2021-10-02,Leeds United,Watford,1,0,H,20,5,4,1,10,16,6,3,0,3.0,0,0.0,2021,H,,,3,0.0,0.0,0.0,1,0,1.3333333333333333,1.4444444444444444,1.0,0.6000637612593953,75.0,88.43943980990025
2021-10-16,Leeds United,Southampton,0,1,H,19,3,5,0,16,14,8,1,3,,0,,2021,A,2.0,0.0,0,0.0,0.0,0.0,0,3,1.0,1.4130434782608696,1.0869565217391304,0.1782093449293564,75.0,88.6176491548296
2021-10-23,Leeds United,Wolverhampton Wanderers,1,1,D,18,8,4,4,15,14,6,3,2,3.0,0,0.0,2021,H,,,1,0.0,0.0,0.0,0,2,1.3333333333333333,1.4042553191489362,1.2340425531914894,0.22865006747617736,75.0,88.84629922230579
2021-10-31,Leeds United,Norwich City,2,1,A,14,13,3,6,14,23,5,0,4,,0,,2021,A,1.0,0.0,3,0.0,0.0,0.0,0,4,1.3333333333333333,1.4375,0.2,0.44273781615174346,75.0,89.28903703845752
2021-11-07,Leeds United,Leicester City,1,1,D,18,9,5,3,12,5,10,5,1,1.0,0,0.0,2021,H,,,1,0.0,0.0,0.0,0,1,1.6666666666666667,1.4285714285714286,1.653061224489796,0.19153654771110218,75.0,89.48057358616863
2021-11-21,Leeds United,Tottenham Hotspur,1,2,H,13,18,4,7,11,12,4,8,4,,0,,2021,A,1.0,0.0,0,0.0,0.0,0.0,0,4,1.3333333333333333,1.4,1.62,0.11885283013072609,75.0,89.59942641629935
2021-11-27,Leeds United,Brighton and Hove Albion,0,0,D,20,11,4,4,12,14,6,1,3,,0,,2021,A,1.0,0.0,1,0.0,0.0,0.0,1,3,0.6666666666666666,1.392156862745098,1.156862745098039,0.44813553120775035,75.0,90.0475619475071
2021-11-30,Leeds United,Crystal Palace,1,0,H,15,9,3,1,15,15,7,4,5,3.0,0,0.0,2021,H,,,3,0.0,0.0,0.0,1,5,1.3333333333333333,1.4230769230769231,1.1538461538461535,0.5577520431783969,75.0,90.6053139906855
2021-12-05,Leeds United,Brentford,2,2,D,13,9,6,3,11,9,5,1,5,3.0,0,0.0,2021,H,,,1,0.0,0.0,0.0,0,5,1.6666666666666667,1.4150943396226414,1.1333333333333333,0.2228209490985663,75.0,90.82813493978406
2021-12-11,Leeds United,Chelsea,2,3,H,16,12,6,5,9,15,5,2,5,,0,,2021,A,2.0,0.0,0,0.0,0.0,0.0,0,5,1.3333333333333333,1.3888888888888888,1.9074074074074072,0.08438599323421414,75.0,90.91252093301829
2021-12-14,Leeds United,Manchester City,0,7,H,31,6,15,3,5,9,6,2,1,,0,,2021,A,1.0,0.0,0,0.0,0.0,0.0,0,1,0.3333333333333333,1.3636363636363635,2.309090909090909,0.0650627294025081,75.0,90.9775836624208
2021-12-18,Leeds United,Arsenal,1,4,A,9,21,2,12,11,7,1,4,3,1.0,0,0.0,2021,H,,,0,0.0,0.0,0.0,0,3,0.0,1.3392857142857142,1.6607142857142858,0.12007193095117655,75.0,91.09765559337197
2022-01-02,Leeds United,Burnley,3,1,H,22,8,7,2,11,7,9,3,2,1.0,0,0.0,2022,H,,,3,0.0,0.0,0.0,0,2,1.0,1.368421052631579,0.9090909090909092,0.38157659055288057,75.0,91.47923218392485
2022-01-16,Leeds United,West Ham United,3,2,A,15,18,5,5,6,9,4,3,2,,0,,2022,A,3.0,0.0,3,0.0,0.0,0.0,0,2,2.0,1.396551724137931,1.7,0.3014357852786904,75.0,91.78066796920353
2022-01-22,Leeds United,Newcastle United,0,1,A,13,15,4,3,9,9,6,7,4,2.0,0,0.0,2022,H,,,0,0.0,0.0,0.0,0,4,2.0,1.3728813559322033,1.0169491525423728,0.179958437705658,75.0,91.9606264069092
2022-02-09,Leeds United,Aston Villa,3,3,D,12,16,4,8,11,9,6,11,3,,0,,2022,A,1.0,1.0,1,0.0,0.0,0.0,0,3,1.3333333333333333,1.3666666666666667,1.3666666666666667,0.2098670278217259,75.0,92.17049343473093
2022-02-12,Leeds United,Everton,0,3,H,21,7,10,0,8,9,5,3,1,,0,,2022,A,1.0,0.0,0,0.0,0.0,0.0,0,1,0.3333333333333333,1.3442622950819672,1.35,0.16224497028098012,75.0,92.3327384050119
2022-02-20,Leeds United,Manchester United,2,4,A,16,15,6,9,13,19,3,3,6,3.0,0,0.0,2022,H,,,0,0.0,0.0,0.0,0,6,0.3333333333333333,1.3225806451612905,1.875,0.08232517757639501,75.0,92.4150635825883
2022-02-23,Leeds United,Liverpool,0,6,H,23,3,15,2,5,11,4,0,3,,0,,2022,A,0.0,0.0,0,0.0,0.0,0.0,0,3,0.0,1.3015873015873016,2.015625,0.08410973154011367,75.0,92.49917331412841
2022-02-26,Leeds United,Tottenham Hotspur,0,4,A,19,15,3,11,16,11,3,6,4,2.0,0,0.0,2022,H,,,0,0.0,0.0,0.0,0,4,0.0,1.28125,1.6507936507936507,0.11573258786735952,75.0,92.61490590199577
2022-03-05,Leeds United,Leicester City,0,1,H,7,19,4,4,9,12,5,10,2,,0,,2022,A,1.0,0.0,0,0.0,0.0,0.0,0,2,0.0,1.2615384615384615,1.5714285714285714,0.1344636009143962,75.0,92.74936950291017
2022-03-10,Leeds United,Aston Villa,0,3,A,4,15,1,9,17,11,3,5,5,3.0,0,0.0,2022,H,,,0,0.0,0.0,0.0,0,5,0.0,1.2424242424242424,1.4,0.13580029444673206,75.0,92.8851697973569
2022-03-13,Leeds United,Norwich City,2,1,H,13,12,7,4,18,8,6,2,3,1.0,0,0.0,2022,H,,,3,0.0,0.0,0.0,0,3,1.0,1.2686567164179106,0.5862068965517241,0.40894903001394767,75.0,93.29411882737085
2022-03-18,Leeds United,Wolverhampton Wanderers,3,2,A,14,15,8,6,13,14,2,5,4,,0,,2022,A,1.0,1.0,3,0.0,0.0,0.0,0,4,2.0,1.2941176470588236,1.338235294117647,0.32740333067093624,75.0,93.62152215804178
2022-04-02,Leeds United,Southampton,1,1,D,12,14,3,6,14,7,4,7,1,1.0,0,0.0,2022,H,,,1,0.0,0.0,0.0,0,1,2.3333333333333335,1.289855072463768,1.161764705882353,0.24131837356462782,75.0,93.86284053160641
2022-04-09,Leeds United,Watford,3,0,A,8,10,1,5,8,12,3,8,0,,0,,2022,A,2.0,0.0,3,0.0,0.0,0.0,1,0,2.3333333333333335,1.3142857142857145,0.7096774193548387,0.6294814094690535,75.0,94.49232194107546
2022-04-25,Leeds United,Crystal Palace,0,0,D,17,9,7,2,12,13,6,3,2,,0,,2022,A,2.0,0.0,1,0.0,0.0,0.0,1,2,1.6666666666666667,1.3098591549295775,1.1549295774647887,0.45367598993576574,75.0,94.94599793101123
2022-04-30,Leeds United,Manchester City,0,4,A,7,19,2,6,13,3,3,6,1,2.0,0,0.0,2022,H,,,0,0.0,0.0,0.0,0,1,1.3333333333333333,1.2916666666666667,2.3472222222222223,0.06119898048922498,75.0,95.00719691150046
2022-05-08,Leeds United,Arsenal,1,2,H,19,3,9,2,13,15,8,2,2,,1,,2022,A,2.0,0.0,0,0.0,0.0,0.0,0,4,0.3333333333333333,1.273972602739726,1.7397260273972603,0.10672129648396078,75.0,95.11391820798441
2022-05-11,Leeds United,Chelsea,0,3,A,5,17,0,4,10,14,1,5,1,0.0,1,0.0,2022,H,,,0,0.0,0.0,0.0,0,3,0.0,1.2567567567567568,1.851351351351351,0.10075516227210829,75.0,95.21467337025652
2022-05-15,Leeds United,Brighton and Hove Albion,1,1,D,19,16,5,6,16,8,8,1,3,2.0,0,0.0,2022,H,,,1,0.0,0.0,0.0,0,3,0.3333333333333333,1.2533333333333334,1.1866666666666668,0.228105969711714,75.0,95.44277933996824
2022-05-22,Leeds United,Brentford,2,1,A,14,14,5,6,11,13,3,2,1,,0,,2022,A,2.0,1.0,3,0.0,0.0,0.0,0,1,1.3333333333333333,1.2763157894736843,1.2105263157894737,0.35637748373374867,75.0,95.79915682370199
2022-08-06,Leeds United,Wolverhampton Wanderers,2,1,H,12,15,4,6,13,9,6,4,2,0.0,0,0.0,2022,H,,,3,0.0,0.0,0.0,0,2,2.3333333333333335,1.2987012987012987,1.2467532467532467,0.34736212524698656,75.0,96.14651894894897
2022-08-13,Leeds United,Southampton,2,2,D,14,13,4,5,10,12,2,5,3,,0,,2022,A,1.0,0.0,1,0.0,0.0,0.0,0,3,2.3333333333333335,1.294871794871795,1.0769230769230769,0.23922600835689195,75.0,96.38574495730586
2022-08-21,Leeds United,Chelsea,3,0,H,12,14,6,3,16,15,4,6,0,1.0,0,1.0,2022,H,,,3,0.0,0.0,0.0,1,0,2.3333333333333335,1.3164556962025316,1.8354430379746836,0.515410444470421,75.0,96.9011554017763
2022-08-27,Leeds United,Brighton and Hove Albion,0,1,H,13,10,4,2,10,14,5,3,3,,0,,2022,A,2.0,0.0,0,0.0,0.0,0.0,0,3,1.3333333333333333,1.3,1.275,0.15915537785829395,75.0,97.06031077963458
2022-08-30,Leeds United,Everton,1,1,D,14,7,5,2,10,9,10,2,3,3.0,0,0.0,2022,H,,,1,0.0,0.0,0.0,0,3,1.3333333333333333,1.2962962962962965,1.2469135802469136,0.22200130329037368,75.0,97.28231208292496
2022-09-03,Leeds United,Brentford,2,5,H,14,17,8,6,8,9,2,6,2,,0,,2022,A,2.0,0.0,0,0.0,0.0,0.0,0,2,0.3333333333333333,1.2804878048780488,1.25,0.16703314000366068,75.0,97.44934522292861
2022-10-02,Leeds United,Aston Villa,0,0,D,9,19,1,7,23,12,2,9,3,2.0,1,0.0,2022,H,,,1,0.0,0.0,0.0,1,5,0.6666666666666666,1.2771084337349397,1.2857142857142858,0.4243901809879293,75.0,97.87373540391654
2022-10-09,Leeds United,Crystal Palace,1,2,H,13,10,5,4,13,23,5,3,3,,0,,2022,A,3.0,0.0,0,0.0,0.0,0.0,0,3,0.3333333333333333,1.261904761904762,1.2023809523809523,0.16651368113401666,75.0,98.04024908505056
2022-10-16,Leeds United,Arsenal,0,1,A,16,9,4,4,10,11,6,3,0,2.0,0,0.0,2022,H,,,0,0.0,0.0,0.0,0,0,0.3333333333333333,1.2470588235294118,1.8255813953488371,0.1194000936431435,75.0,98.15964917869371
2022-10-20,Leeds United,Leicester City,0,2,H,5,14,1,2,15,11,2,9,1,,0,,2022,A,2.0,0.0,0,0.0,0.0,0.0,0,1,0.0,1.2325581395348837,1.4482758620689655,0.15228692729506707,75.0,98.31193610598876
2022-10-23,Leeds United,Fulham,2,3,A,14,11,5,5,12,8,3,6,1,1.0,0,0.0,2022,H,,,0,0.0,0.0,0.0,0,1,0.0,1.2183908045977012,0.92,0.20581577590706285,75.0,98.51775188189583
2022-10-29,Leeds United,Liverpool,2,1,A,22,14,10,6,9,3,14,5,1,,0,,2022,A,0.0,0.0,3,0.0,0.0,0.0,0,1,1.0,1.2386363636363635,2.011363636363636,0.2752306762154936,75.0,98.79298255811133
2022-11-05,Leeds United,Bournemouth,4,3,H,18,9,4,6,16,10,13,3,2,2.0,0,0.0,2022,H,,,3,0.0,0.0,0.0,0,2,2.0,1.2584269662921348,0.9285714285714286,0.37960267909292517,75.0,99.17258523720426
2022-11-12,Leeds United,Tottenham Hotspur,3,4,H,14,12,8,5,8,7,9,2,1,,1,,2022,A,1.0,0.0,0,0.0,0.0,0.0,0,3,2.0,1.2444444444444445,1.78021978021978,0.10796274334106543,75.0,99.28054798054532
2022-12-28,Leeds United,Manchester City,1,3,A,9,26,1,9,11,14,3,5,3,3.0,0,0.0,2022,H,,,0,0.0,0.0,0.0,0,3,1.0,1.2307692307692308,2.3516483516483517,0.05006134051570632,75.0,99.33060932106102
2022-12-31,Leeds United,Newcastle United,0,0,D,16,8,5,1,13,19,9,3,5,,0,,2022,A,3.0,0.0,1,0.0,0.0,0.0,1,5,0.3333333333333333,1.2282608695652173,1.3763440860215057,0.41520689398068145,75.0,99.74581621504171
2023-01-04,Leeds United,West Ham United,2,2,D,14,15,6,2,11,18,8,1,3,1.0,0,0.0,2023,H,,,1,0.0,0.0,0.0,0,3,0.6666666666666666,1.2258064516129032,1.446808510638298,0.20174645873753103,75.0,99.94756267377923
2023-01-13,Leeds United,Aston Villa,1,2,H,11,16,5,4,12,8,0,11,2,,0,,2023,A,2.0,0.0,0,0.0,0.0,0.0,0,2,0.6666666666666666,1.2127659574468086,1.3157894736842106,0.16036686007310946,75.0,100.10792953385234
2023-01-22,Leeds United,Brentford,0,0,D,9,6,5,0,10,18,2,3,2,2.0,0,0.0,2023,H,,,1,0.0,0.0,0.0,1,2,0.6666666666666666,1.2105263157894737,1.3103448275862069,0.4379281581814185,75.0,100.54585769203376
2023-02-05,Leeds United,Nottingham Forest,0,1,H,6,10,2,4,15,14,0,2,2,,0,,2023,A,4.0,0.0,0,0.0,0.0,0.0,0,2,0.3333333333333333,1.1979166666666667,1.1428571428571428,0.17788965303341553,75.0,100.72374734506718
2023-02-08,Leeds United,Manchester United,2,2,D,24,8,7,2,7,11,6,5,3,,0,,2023,A,1.0,0.0,1,0.0,0.0,0.0,0,3,0.6666666666666666,1.1958762886597938,1.7857142857142858,0.16740599908312923,75.0,100.89115334415031
2023-02-12,Leeds United,Manchester United,0,2,A,16,11,6,5,10,13,7,3,2,1.0,0,0.0,2023,H,,,0,0.0,0.0,0.0,0,2,0.3333333333333333,1.183673469387755,1.797979797979798,0.11150774171343311,75.0,101.00266108586374
2023-02-18,Leeds United,Everton,0,1,H,15,8,6,0,8,6,6,4,3,,0,,2023,A,2.0,0.0,0,0.0,0.0,0.0,0,3,0.3333333333333333,1.1717171717171715,1.202020202020202,0.16655023504994176,75.0,101.16921132091369
2023-02-25,Leeds United,Southampton,1,0,H,14,8,4,2,15,13,9,2,2,4.0,0,0.0,2023,H,,,3,0.0,0.0,0.0,1,2,1.0,1.19,1.01,0.588361335166437,75.0,101.75757265608013
2023-03-04,Leeds United,Chelsea,0,1,H,13,11,3,2,10,7,5,7,0,,0,,2023,A,2.0,0.0,0,0.0,0.0,0.0,0,0,1.0,1.1782178217821782,1.7326732673267329,0.12881423779926982,75.0,101.88638689387939
2023-03-11,Leeds United,Brighton and Hove Albion,2,2,D,12,14,4,2,12,9,4,7,1,1.0,0,0.0,2023,H,,,1,0.0,0.0,0.0,0,1,1.3333333333333333,1.1764705882352942,1.31,0.22629806847875525,75.0,102.11268496235814
2023-03-18,Leeds United,Wolverhampton Wanderers,4,2,A,23,11,8,4,15,9,5,4,5,,0,,2023,A,3.0,1.0,3,0.0,0.0,0.0,0,5,1.3333333333333333,1.194174757281553,1.1826923076923077,0.3378195298481066,75.0,102.45050449220625
2023-04-01,Leeds United,Arsenal,1,4,H,13,7,6,5,11,13,4,3,2,,0,,2023,A,0.0,0.0,0,0.0,0.0,0.0,0,2,1.3333333333333333,1.1826923076923077,1.923809523809524,0.09875773583875805,75.0,102.54926222804501
2023-04-04,Leeds United,Nottingham Forest,2,1,H,21,13,6,1,11,13,11,4,1,4.0,0,0.0,2023,H,,,3,0.0,0.0,0.0,0,1,2.0,1.2,0.9310344827586208,0.38469767985250414,75.0,102.93395990789752
2023-04-09,Leeds United,Crystal Palace,1,5,A,11,16,7,8,11,8,2,4,3,1.0,0,0.0,2023,H,,,0,0.0,0.0,0.0,0,3,1.0,1.1886792452830188,1.179245283018868,0.16885795962891129,75.0,103.10281786752643
2023-04-17,Leeds United,Liverpool,1,6,A,13,13,3,7,6,12,4,2,0,1.0,0,0.0,2023,H,,,0,0.0,0.0,0.0,0,0,1.0,1.1775700934579438,1.962264150943396,0.10555037788396235,75.0,103.20836824541038
2023-04-22,Leeds United,Fulham,1,2,H,12,10,5,2,10,15,8,6,4,,0,,2023,A,1.0,0.0,0,0.0,0.0,0.0,0,4,0.0,1.1666666666666667,1.0579710144927537,0.1758017968371463,75.0,103.38417004224753
2023-04-25,Leeds United,Leicester City,1,1,D,13,15,3,3,14,15,3,6,4,2.0,0,0.0,2023,H,,,1,0.0,0.0,0.0,0,4,0.3333333333333333,1.165137614678899,1.348623853211009,0.2063506844174666,75.0,103.590520726665
2023-04-30,Leeds United,Bournemouth,1,4,H,12,15,7,6,12,14,2,6,0,,0,,2023,A,1.0,0.0,0,0.0,0.0,0.0,0,0,0.3333333333333333,1.1545454545454543,1.1470588235294117,0.1881530589679201,75.0,103.77867378563292
2023-05-06,Leeds United,Manchester City,1,2,H,18,4,6,2,3,16,10,1,3,,0,,2023,A,0.0,0.0,0,0.0,0.0,0.0,0,3,0.3333333333333333,1.1441441441441442,2.372727272727273,0.04792546708980577,75.0,103.82659925272273
2023-05-13,Leeds United,Newcastle United,2,2,D,9,18,4,5,16,14,2,6,3,2.0,1,0.0,2023,H,,,1,0.0,0.0,0.0,0,5,0.3333333333333333,1.1428571428571428,1.4414414414414414,0.1916011386562443,75.0,104.01820039137897
2023-05-21,Leeds United,West Ham United,1,3,H,19,12,9,3,6,11,9,5,3,,0,,2023,A,1.0,0.0,0,0.0,0.0,0.0,0,3,0.3333333333333333,1.1327433628318584,1.424778761061947,0.1439786771951647,75.0,104.16217906857413
2023-05-28,Leeds United,Tottenham Hotspur,1,4,A,19,11,2,7,7,5,12,3,3,0.0,0,0.0,2023,H,,,0,0.0,0.0,0.0,0,3,0.3333333333333333,1.1228070175438596,1.6929824561403508,0.11680227936619192,75.0,104.27898134794033
2025-08-18,Leeds United,Everton,1,0,H,21,7,3,1,6,8,7,2,0,2.0,0,0.0,2025,H,,,3,0.0,0.0,0.0,1,0,1.0,1.1391304347826088,1.2041884816753927,0.5793738620822708,75.0,104.85835521002261
2025-08-23,Leeds United,Arsenal,0,5,H,18,3,5,1,8,11,2,2,2,,0,,2025,A,0.0,0.0,0,0.0,0.0,0.0,0,2,1.0,1.1293103448275863,1.9947916666666667,0.0915652959565455,75.0,104.94992050597915
2025-08-30,Leeds United,Newcastle United,0,0,D,10,8,1,2,10,15,5,5,1,1.0,0,0.0,2025,H,,,1,0.0,0.0,0.0,1,1,1.3333333333333333,1.1282051282051282,1.5181347150259068,0.4222179134957321,75.0,105.37213841947488
2025-09-13,Leeds United,Fulham,0,1,H,5,10,3,3,20,15,3,3,2,,0,,2025,A,1.0,0.0,0,0.0,0.0,0.0,0,2,0.3333333333333333,1.11864406779661,1.1923076923076923,0.17287895471199022,75.0,105.54501737418687
2025-09-20,Leeds United,Wolverhampton Wanderers,3,1,A,16,6,6,4,11,9,4,0,1,,0,,2025,A,1.0,0.0,3,0.0,0.0,0.0,0,1,1.3333333333333333,1.134453781512605,1.1538461538461535,0.3621207402893005,75.0,105.90713811447617
2025-09-27,Leeds United,Bournemouth,2,2,D,19,12,8,5,12,13,7,4,2,2.0,0,0.0,2025,H,,,1,0.0,0.0,0.0,0,2,1.3333333333333333,1.1333333333333333,1.2833333333333334,0.22365555817218138,75.0,106.13079367264835
2025-10-04,Leeds United,Tottenham Hotspur,1,2,A,16,9,4,3,10,12,4,1,2,3.0,0,0.0,2025,H,,,0,0.0,0.0,0.0,0,2,1.3333333333333333,1.1239669421487604,1.5786802030456852,0.13372881153843985,75.0,106.26452248418678
2025-10-18,Leeds United,Burnley,0,2,H,4,19,3,4,10,7,1,5,1,,0,,2025,A,2.0,0.0,0,0.0,0.0,0.0,0,1,0.3333333333333333,1.1147540983606556,0.860655737704918,0.21182897897097513,75.0,106.47635146315777
2025-10-24,Leeds United,West Ham United,2,1,H,13,9,5,3,12,11,3,4,3,3.0,0,0.0,2025,H,,,3,0.0,0.0,0.0,0,3,1.0,1.1300813008130082,1.306532663316583,0.33596025333680657,75.0,106.81231171649458
2025-11-01,Leeds United,Brighton and Hove Albion,0,3,H,14,5,7,2,10,7,4,7,1,,0,,2025,A,0.0,0.0,0,0.0,0.0,0.0,0,1,1.0,1.1209677419354838,1.39,0.158191872083205,75.0,106.97050358857777
2025-11-09,Leeds United,Nottingham Forest,1,3,H,14,10,6,3,10,11,6,4,1,,0,,2025,A,2.0,0.0,0,0.0,0.0,0.0,0,1,1.0,1.112,1.184,0.17906532780174694,75.0,107.14956891637952
2020-09-12,Liverpool,Leeds United,4,3,H,22,6,6,3,9,6,9,0,1,0.0,0,0.0,2020,H,,,3,0.0,0.0,0.0,0,1,3.0,3.0,0.0,0.47903703445589096,220.0,220.4790370344559
2020-09-20,Liverpool,Chelsea,2,0,A,5,18,3,6,10,6,1,11,0,,0,,2020,A,0.0,1.0,3,0.0,0.0,0.0,1,0,3.0,3.0,1.5,0.549400033787206,220.0,221.0284370682431
2020-09-28,Liverpool,Arsenal,3,1,H,21,4,8,3,11,7,7,3,2,2.0,0,0.0,2020,H,,,3,0.0,0.0,0.0,0,2,3.0,3.0,2.0,0.2710375487953769,220.0,221.29947461703847
2020-10-04,Liverpool,Aston Villa,2,7,H,18,14,11,8,7,10,2,7,1,,0,,2020,A,2.0,0.0,0,0.0,0.0,0.0,0,1,2.0,2.25,3.0,-0.004945330377244261,220.0,221.29452928666123
2020-10-17,Liverpool,Everton,2,2,D,11,22,5,8,15,9,2,5,2,,0,,2020,A,3.0,1.0,1,0.0,0.0,0.0,0,2,1.3333333333333333,2.0,2.6,0.0902410758287498,220.0,221.38477036248997
2020-10-24,Liverpool,Sheffield United,2,1,H,17,13,5,2,7,15,7,3,0,3.0,0,0.0,2020,H,,,3,0.0,0.0,0.0,0,0,1.3333333333333333,2.1666666666666665,0.1666666666666666,0.46749370107025184,220.0,221.85226406356023
2020-10-31,Liverpool,West Ham United,2,1,H,9,4,5,3,13,14,1,2,0,1.0,0,0.0,2020,H,,,3,0.0,0.0,0.0,0,0,2.3333333333333335,2.2857142857142856,1.1428571428571428,0.3685788045769301,220.0,222.22084286813717
2020-11-08,Liverpool,Manchester City,1,1,D,7,10,2,3,19,11,1,2,1,,0,,2020,A,3.0,0.0,1,0.0,0.0,0.0,0,1,2.3333333333333335,2.125,1.7142857142857142,0.1853328259798137,220.0,222.40617569411697
2020-11-22,Liverpool,Leicester City,3,0,H,24,11,13,4,15,6,10,3,0,2.0,0,0.0,2020,H,,,3,0.0,0.0,0.0,1,0,2.3333333333333335,2.2222222222222223,2.0,0.49873630631501686,220.0,222.90491200043198
2020-11-28,Liverpool,Brighton and Hove Albion,1,1,D,11,6,3,2,9,13,4,3,1,,0,,2020,A,2.0,0.0,1,0.0,0.0,0.0,0,1,1.6666666666666667,2.1,1.0,0.2577095795115126,220.0,223.1626215799435
2020-12-06,Liverpool,Wolverhampton Wanderers,4,0,H,11,9,6,3,8,14,4,6,1,1.0,0,0.0,2020,H,,,3,0.0,0.0,0.0,1,1,2.3333333333333335,2.1818181818181817,1.5454545454545454,0.5394496646088862,220.0,223.7020712445524
2020-12-13,Liverpool,Fulham,1,1,D,10,12,5,6,9,5,6,8,1,,0,,2020,A,3.0,0.0,1,0.0,0.0,0.0,0,1,1.6666666666666667,2.0833333333333335,0.6666666666666666,0.29148539782630534,220.0,223.9935566423787
2020-12-16,Liverpool,Tottenham Hotspur,2,1,H,17,8,11,2,8,9,7,4,0,2.0,0,0.0,2020,H,,,3,0.0,0.0,0.0,0,0,2.3333333333333335,2.1538461538461537,1.9230769230769231,0.28952111994999746,220.0,224.2830777623287
2020-12-19,Liverpool,Crystal Palace,7,0,A,5,14,3,8,5,11,5,4,0,,0,,2020,A,1.0,0.0,3,0.0,0.0,0.0,1,0,2.3333333333333335,2.2142857142857144,1.2857142857142858,0.5711130598467158,220.0,224.8541908221754
2020-12-27,Liverpool,West Brom,1,1,D,17,5,2,3,8,5,8,3,0,1.0,0,0.0,2020,H,,,1,0.0,0.0,0.0,0,0,2.3333333333333335,2.1333333333333333,0.5333333333333333,0.3103403009239798,220.0,225.16453112309938
2020-12-30,Liverpool,Newcastle United,0,0,D,8,11,2,4,9,13,5,12,3,,0,,2020,A,2.0,0.0,1,0.0,0.0,0.0,1,3,1.6666666666666667,2.0625,1.2666666666666666,0.4370093792922892,220.0,225.60154050239169
2021-01-04,Liverpool,Southampton,0,1,H,7,17,3,1,5,12,1,10,3,,0,,2021,A,1.0,0.0,0,0.0,0.0,0.0,0,3,0.6666666666666666,1.9411764705882353,1.7058823529411764,0.11549516565431911,220.0,225.717035668046
2021-01-17,Liverpool,Manchester United,0,0,D,17,8,3,4,15,6,7,3,2,1.0,0,0.0,2021,H,,,1,0.0,0.0,0.0,1,2,0.6666666666666666,1.8888888888888888,2.0555555555555554,0.36241785171903684,220.0,226.07945351976502
2021-01-21,Liverpool,Burnley,0,1,A,27,6,6,4,11,8,12,0,2,1.0,0,0.0,2021,H,,,0,0.0,0.0,0.0,0,2,0.3333333333333333,1.7894736842105263,1.0555555555555556,0.1867357006872898,220.0,226.26618922045233
2021-01-28,Liverpool,Tottenham Hotspur,3,1,A,3,14,2,7,9,11,1,2,2,,0,,2021,A,1.0,0.0,3,0.0,0.0,0.0,0,2,1.3333333333333333,1.85,1.736842105263158,0.2977026685175817,220.0,226.56389188896992
2021-01-31,Liverpool,West Ham United,3,1,A,8,14,2,5,7,8,6,5,0,,0,,2021,A,2.0,0.0,3,0.0,0.0,0.0,0,0,2.0,1.9047619047619049,1.6666666666666667,0.3155025186536842,220.0,226.87939440762358
2021-02-03,Liverpool,Brighton and Hove Albion,0,1,A,11,13,1,4,12,6,6,3,1,0.0,0,0.0,2021,H,,,0,0.0,0.0,0.0,0,1,2.0,1.818181818181818,1.0909090909090908,0.18849799269838727,220.0,227.06789240032197
2021-02-07,Liverpool,Manchester City,1,4,A,8,8,3,5,13,8,6,1,2,1.0,0,0.0,2021,H,,,0,0.0,0.0,0.0,0,2,1.0,1.7391304347826086,2.272727272727273,0.06340278835600091,220.0,227.13129518867797
2021-02-13,Liverpool,Leicester City,1,3,H,11,15,6,4,9,6,2,12,2,,0,,2021,A,1.0,0.0,0,0.0,0.0,0.0,0,2,0.0,1.6666666666666667,1.9166666666666667,0.09948150337407508,220.0,227.23077669205205
2021-02-20,Liverpool,Everton,0,2,A,15,9,6,6,10,10,7,2,2,1.0,0,0.0,2021,H,,,0,0.0,0.0,0.0,0,2,0.0,1.6,1.6666666666666667,0.12481336711016966,220.0,227.3555900591622
2021-02-28,Liverpool,Sheffield United,2,0,A,8,16,2,8,9,9,4,3,0,,0,,2021,A,0.0,0.0,3,0.0,0.0,0.0,1,0,1.0,1.6538461538461535,0.4230769230769231,0.6585219083426905,220.0,228.0141119675049
2021-03-04,Liverpool,Chelsea,0,1,A,7,11,1,5,9,8,5,2,0,0.0,0,0.0,2021,H,,,0,0.0,0.0,0.0,0,0,1.0,1.5925925925925926,1.7407407407407407,0.12799678125039696,220.0,228.1421087487553
2021-03-07,Liverpool,Fulham,0,1,A,16,10,3,3,10,8,9,4,2,3.0,0,0.0,2021,H,,,0,0.0,0.0,0.0,0,2,1.0,1.5357142857142858,0.9285714285714286,0.19960267909292517,220.0,228.34171142784822
2021-03-15,Liverpool,Wolverhampton Wanderers,1,0,A,10,12,5,4,17,10,3,2,1,,0,,2021,A,2.0,0.0,3,0.0,0.0,0.0,1,1,1.0,1.5862068965517242,1.206896551724138,0.5737548844646632,220.0,228.9154663123129
2021-04-03,Liverpool,Arsenal,3,0,A,3,16,2,7,10,10,1,2,1,,0,,2021,A,1.0,0.0,3,0.0,0.0,0.0,1,1,2.0,1.6333333333333333,1.4,0.5541882035098866,220.0,229.46965451582278
2021-04-10,Liverpool,Aston Villa,2,1,H,23,9,10,5,16,11,7,0,2,4.0,0,0.0,2021,H,,,3,0.0,0.0,0.0,0,2,3.0,1.6774193548387095,1.4666666666666666,0.32507885809904535,220.0,229.79473337392184
2021-04-19,Liverpool,Leeds United,1,1,D,12,17,5,7,17,15,10,8,1,,0,,2021,A,2.0,0.0,1,0.0,0.0,0.0,0,1,2.3333333333333335,1.65625,1.4375,0.213378817973347,220.0,230.00811219189518
2021-04-24,Liverpool,Newcastle United,1,1,D,22,7,9,4,9,7,6,3,2,1.0,0,0.0,2021,H,,,1,0.0,0.0,0.0,0,2,1.6666666666666667,1.6363636363636365,1.0909090909090908,0.24315341692662998,220.0,230.2512656088218
2021-05-08,Liverpool,Southampton,2,0,H,14,12,6,6,10,6,8,4,0,1.0,0,0.0,2021,H,,,3,0.0,0.0,0.0,1,0,1.6666666666666667,1.6764705882352942,1.088235294117647,0.5911231034701854,220.0,230.842388712292
2021-05-13,Liverpool,Manchester United,4,2,A,18,17,3,8,10,12,6,4,0,,0,,2021,A,3.0,0.0,3,0.0,0.0,0.0,0,0,2.3333333333333335,1.7142857142857142,1.9444444444444444,0.2873560033913569,220.0,231.12974471568336
2021-05-16,Liverpool,West Brom,2,1,A,10,26,3,6,7,14,9,13,0,,0,,2021,A,0.0,0.0,3,0.0,0.0,0.0,0,0,3.0,1.75,0.7222222222222222,0.41120067054559717,220.0,231.54094538622894
2021-05-19,Liverpool,Burnley,3,0,A,10,20,4,3,10,7,6,7,0,,0,,2021,A,0.0,0.0,3,0.0,0.0,0.0,1,0,3.0,1.7837837837837838,1.054054054054054,0.5945866015326722,220.0,232.13553198776162
2021-05-23,Liverpool,Crystal Palace,2,0,H,19,5,5,4,10,8,14,1,2,2.0,0,0.0,2021,H,,,3,0.0,0.0,0.0,1,2,3.0,1.8157894736842104,1.1578947368421053,0.5733755378825578,220.0,232.70890752564418
2021-08-14,Liverpool,Norwich City,3,0,A,14,19,3,8,4,14,3,11,1,,0,,2021,A,1.0,0.0,3,0.0,0.0,0.0,1,1,3.0,1.8461538461538465,0.0,0.6960466404320165,220.0,233.40495416607618
2021-08-21,Liverpool,Burnley,2,0,H,27,9,9,3,6,12,8,4,0,0.0,0,0.0,2021,H,,,3,0.0,0.0,0.0,1,0,3.0,1.875,0.975,0.6025969476330048,220.0,234.0075511137092
2021-08-28,Liverpool,Chelsea,1,1,D,24,6,7,3,13,4,12,3,0,2.0,0,1.0,2021,H,,,1,0.0,0.0,0.0,0,0,2.3333333333333335,1.853658536585366,1.804878048780488,0.18149791105974575,220.0,234.18904902476893
2021-09-12,Liverpool,Leeds United,3,0,A,9,30,4,9,9,8,2,11,1,,0,,2021,A,2.0,1.0,3,0.0,0.0,0.0,1,1,2.3333333333333335,1.880952380952381,1.4523809523809523,0.548880574917562,220.0,234.7379295996865
2021-09-18,Liverpool,Crystal Palace,3,0,H,25,13,10,2,17,11,10,5,3,1.0,0,0.0,2021,H,,,3,0.0,0.0,0.0,1,3,2.3333333333333335,1.9069767441860463,1.1395348837209305,0.5698913193007218,220.0,235.30782091898723
2021-09-25,Liverpool,Brentford,3,3,D,12,16,4,6,8,7,2,11,1,,0,,2021,A,1.0,0.0,1,0.0,0.0,0.0,0,1,2.3333333333333335,1.8863636363636365,1.5,0.20704585203932335,220.0,235.51486677102656
2021-10-03,Liverpool,Manchester City,2,2,D,6,12,4,3,10,12,3,4,3,3.0,0,0.0,2021,H,,,1,0.0,0.0,0.0,0,3,1.6666666666666667,1.8666666666666667,2.2222222222222223,0.1231757608137577,220.0,235.6380425318403
2021-10-16,Liverpool,Watford,5,0,A,6,19,2,8,4,10,1,9,0,,0,,2021,A,0.0,0.0,3,0.0,0.0,0.0,1,0,1.6666666666666667,1.891304347826087,0.875,0.6127296931274426,220.0,236.25077222496776
2021-10-24,Liverpool,Manchester United,5,0,A,12,19,4,8,10,8,6,3,0,,0,,2021,A,6.0,1.0,3,0.0,0.0,0.0,1,0,2.3333333333333335,1.9148936170212767,1.872340425531915,0.5116717260951503,220.0,236.7624439510629
2021-10-30,Liverpool,Brighton and Hove Albion,2,2,D,14,9,3,6,8,5,5,3,2,2.0,0,0.0,2021,H,,,1,0.0,0.0,0.0,0,2,2.3333333333333335,1.8958333333333333,1.1875,0.2333661059376843,220.0,236.9958100570006
2021-11-07,Liverpool,West Ham United,2,3,H,7,16,3,5,11,6,3,2,1,,0,,2021,A,1.0,0.0,0,0.0,0.0,0.0,0,1,1.3333333333333333,1.8571428571428572,1.7959183673469388,0.11706119700476242,220.0,237.11287125400534
2021-11-20,Liverpool,Arsenal,4,0,H,19,5,9,3,15,12,6,1,2,0.0,0,0.0,2021,H,,,3,0.0,0.0,0.0,1,2,1.3333333333333333,1.88,1.62,0.5265515876503661,220.0,237.63942284165572
2021-11-27,Liverpool,Southampton,4,0,H,20,7,6,3,7,14,5,7,0,1.0,0,0.0,2021,H,,,3,0.0,0.0,0.0,1,0,2.0,1.9019607843137256,1.1176470588235294,0.5881428842071155,220.0,238.22756572586283
2021-12-01,Liverpool,Everton,4,1,A,8,16,2,7,8,16,3,11,3,,0,,2021,A,4.0,0.0,3,0.0,0.0,0.0,0,3,3.0,1.9230769230769231,1.4230769230769231,0.3241511201069148,220.0,238.55171684596974
2021-12-04,Liverpool,Wolverhampton Wanderers,1,0,A,3,17,1,5,4,7,2,8,2,,0,,2021,A,2.0,0.0,3,0.0,0.0,0.0,1,2,3.0,1.9433962264150944,1.2452830188679245,0.56452070567292,220.0,239.11623755164266
2021-12-11,Liverpool,Aston Villa,1,0,H,20,4,5,0,13,6,11,3,1,2.0,0,0.0,2021,H,,,3,0.0,0.0,0.0,1,1,3.0,1.962962962962963,1.3703703703703705,0.5571904984712015,220.0,239.67342805011387
2021-12-16,Liverpool,Newcastle United,3,1,H,23,4,8,2,9,4,11,0,1,3.0,0,0.0,2021,H,,,3,0.0,0.0,0.0,0,1,3.0,1.981818181818182,1.0,0.37770957951151257,220.0,240.05113762962537
2021-12-19,Liverpool,Tottenham Hotspur,2,2,D,10,18,5,6,12,11,6,4,4,,1,,2021,A,4.0,0.0,1,0.0,0.0,0.0,0,6,2.3333333333333335,1.9642857142857144,1.660377358490566,0.16407234361398568,220.0,240.21520997323935
2021-12-28,Liverpool,Leicester City,0,1,H,6,21,1,4,8,11,1,12,1,,0,,2021,A,0.0,0.0,0,0.0,0.0,0.0,0,1,1.3333333333333333,1.9298245614035088,1.625,0.13437992017127606,220.0,240.34958989341064
2022-01-02,Liverpool,Chelsea,2,2,D,15,10,6,6,5,13,6,7,2,,0,,2022,A,1.0,0.0,1,0.0,0.0,0.0,0,2,0.6666666666666666,1.913793103448276,1.8644067796610169,0.16477686472003836,220.0,240.51436675813068
2022-01-16,Liverpool,Brentford,3,0,H,27,6,13,1,6,6,9,0,0,1.0,0,0.0,2022,H,,,3,0.0,0.0,0.0,1,0,1.3333333333333333,1.9322033898305084,1.0952380952380951,0.5904135274551687,220.0,241.10478028558583
2022-01-23,Liverpool,Crystal Palace,3,1,A,8,15,5,7,12,10,2,5,1,,0,,2022,A,4.0,0.0,3,0.0,0.0,0.0,0,1,2.3333333333333335,1.95,1.1333333333333333,0.36419925218559546,220.0,241.46897953777145
2022-02-10,Liverpool,Leicester City,2,0,H,22,5,11,1,11,7,7,6,1,0.0,0,0.0,2022,H,,,3,0.0,0.0,0.0,1,1,3.0,1.9672131147540983,1.5593220338983051,0.5380445072984095,220.0,242.00702404506984
2022-02-13,Liverpool,Burnley,1,0,A,8,12,5,4,7,6,5,8,1,,0,,2022,A,0.0,0.0,3,0.0,0.0,0.0,1,1,3.0,1.9838709677419355,0.8983050847457628,0.6050236724311342,220.0,242.61204771750099
2022-02-19,Liverpool,Norwich City,3,1,H,29,6,8,1,7,8,9,4,0,1.0,0,0.0,2022,H,,,3,0.0,0.0,0.0,0,0,3.0,2.0,0.68,0.41547894086547094,220.0,243.02752665836647
2022-02-23,Liverpool,Leeds United,6,0,H,23,3,15,2,5,11,4,0,0,3.0,0,0.0,2022,H,,,3,0.0,0.0,0.0,1,0,3.0,2.015625,1.3015873015873016,0.5695046875460112,220.0,243.59703134591246
2022-03-05,Liverpool,West Ham United,1,0,H,22,13,5,5,7,7,4,6,2,1.0,0,0.0,2022,H,,,3,0.0,0.0,0.0,1,2,3.0,2.0307692307692307,1.6666666666666667,0.5218229730862951,220.0,244.11885431899876
2022-03-12,Liverpool,Brighton and Hove Albion,2,0,A,8,18,3,9,12,15,7,6,1,,0,,2022,A,3.0,0.0,3,0.0,0.0,0.0,1,1,3.0,2.0454545454545454,1.121212121212121,0.5824370697368042,220.0,244.70129138873557
2022-03-16,Liverpool,Arsenal,2,0,A,9,9,2,3,9,9,1,6,1,,0,,2022,A,0.0,0.0,3,0.0,0.0,0.0,1,1,3.0,2.0597014925373136,1.7230769230769232,0.5214516411432413,220.0,245.2227430298788
2022-04-02,Liverpool,Watford,2,0,H,20,5,3,2,9,8,9,3,1,1.0,0,0.0,2022,H,,,3,0.0,0.0,0.0,1,1,3.0,2.073529411764706,0.7333333333333333,0.6217398401394723,220.0,245.84448287001828
2022-04-10,Liverpool,Manchester City,2,2,D,11,6,5,4,9,11,4,1,4,,0,,2022,A,1.0,0.0,1,0.0,0.0,0.0,0,4,2.3333333333333335,2.0579710144927534,2.318840579710145,0.1080410927768431,220.0,245.9525239627951
2022-04-19,Liverpool,Manchester United,4,0,H,14,2,5,1,3,6,10,2,1,2.0,0,0.0,2022,H,,,3,0.0,0.0,0.0,1,1,2.3333333333333335,2.0714285714285716,1.8028169014084507,0.5133717920815877,220.0,246.46589575487673
2022-04-24,Liverpool,Everton,2,0,H,18,9,4,1,8,8,13,1,2,5.0,0,0.0,2022,H,,,3,0.0,0.0,0.0,1,2,2.3333333333333335,2.084507042253521,1.2571428571428571,0.5633189784444692,220.0,247.02921473332117
2022-04-30,Liverpool,Newcastle United,1,0,A,4,24,2,10,11,11,0,6,3,,0,,2022,A,1.0,0.0,3,0.0,0.0,0.0,1,3,3.0,2.0972222222222223,1.2054794520547945,0.5632093240240457,220.0,247.59242405734523
2022-05-07,Liverpool,Tottenham Hotspur,1,1,D,22,8,3,3,12,8,11,5,3,2.0,0,0.0,2022,H,,,1,0.0,0.0,0.0,0,3,2.3333333333333335,2.0821917808219177,1.6986301369863013,0.17623001423973364,220.0,247.76865407158496
2022-05-10,Liverpool,Aston Villa,2,1,A,9,17,4,6,10,12,2,3,0,,0,,2022,A,0.0,0.0,3,0.0,0.0,0.0,0,0,2.3333333333333335,2.0945945945945947,1.3424657534246576,0.34835297208314026,220.0,248.1170070436681
2022-05-17,Liverpool,Southampton,2,1,A,4,24,2,5,6,6,1,9,0,,0,,2022,A,2.0,0.0,3,0.0,0.0,0.0,0,0,2.3333333333333335,2.1066666666666665,1.106666666666667,0.3722458934225361,220.0,248.48925293709064
2022-05-22,Liverpool,Wolverhampton Wanderers,3,1,H,29,7,8,5,6,3,5,3,1,0.0,0,0.0,2022,H,,,3,0.0,0.0,0.0,0,1,3.0,2.1184210526315788,1.263157894736842,0.35104445978930776,220.0,248.84029739687995
2022-08-06,Liverpool,Fulham,2,2,D,9,11,3,4,7,9,4,4,0,,0,,2022,A,2.0,0.0,1,0.0,0.0,0.0,0,0,2.3333333333333335,2.103896103896104,0.7435897435897436,0.28903555398695663,220.0,249.1293329508669
2022-08-15,Liverpool,Crystal Palace,1,1,D,24,7,4,3,7,8,4,2,2,4.0,1,0.0,2022,H,,,1,0.0,0.0,0.0,0,4,1.6666666666666667,2.08974358974359,1.1923076923076923,0.22218980316847564,220.0,249.3515227540354
2022-08-22,Liverpool,Manchester United,1,2,H,12,17,4,5,11,7,6,8,1,,0,,2022,A,3.0,0.0,0,0.0,0.0,0.0,0,1,0.6666666666666666,2.0632911392405062,1.7088607594936709,0.12588252284207976,220.0,249.47740527687745
2022-08-27,Liverpool,Bournemouth,9,0,H,19,5,12,2,6,5,8,1,0,1.0,0,0.0,2022,H,,,3,0.0,0.0,0.0,1,0,1.3333333333333333,2.075,0.75,0.62539562499549,220.0,250.10280090187294
2022-08-31,Liverpool,Newcastle United,2,1,H,23,5,6,2,9,10,13,0,0,2.0,0,0.0,2022,H,,,3,0.0,0.0,0.0,0,0,2.0,2.0864197530864197,1.2345679012345678,0.3592859868395268,220.0,250.46208688871246
2022-09-03,Liverpool,Everton,0,0,D,14,23,3,8,7,11,7,9,2,,0,,2022,A,2.0,0.0,1,0.0,0.0,0.0,1,2,2.3333333333333335,2.073170731707317,1.2439024390243902,0.4446605963148128,220.0,250.9067474850273
2022-10-01,Liverpool,Brighton and Hove Albion,3,3,D,15,6,7,6,9,13,9,2,1,1.0,0,0.0,2022,H,,,1,0.0,0.0,0.0,0,1,1.6666666666666667,2.0602409638554215,1.2771084337349397,0.2296308871775282,220.0,251.13637837220483
2022-10-09,Liverpool,Arsenal,2,3,H,11,8,7,3,11,11,4,3,2,,0,,2022,A,1.0,0.0,0,0.0,0.0,0.0,0,2,0.6666666666666666,2.0357142857142856,1.811764705882353,0.11011095207902458,220.0,251.24648932428383
2022-10-16,Liverpool,Manchester City,1,0,H,13,16,2,6,10,7,5,6,3,1.0,0,0.0,2022,H,,,3,0.0,0.0,0.0,1,3,1.3333333333333333,2.0470588235294116,2.3488372093023258,0.4473557923912409,220.0,251.69384511667508
2022-10-19,Liverpool,West Ham United,1,0,H,22,8,7,3,9,8,8,3,0,0.0,0,0.0,2022,H,,,3,0.0,0.0,0.0,1,0,2.0,2.058139534883721,1.5172413793103448,0.5476530087019582,220.0,252.24149812537703
2022-10-22,Liverpool,Nottingham Forest,0,1,H,10,15,7,7,14,8,2,11,1,,0,,2022,A,2.0,0.0,0,0.0,0.0,0.0,0,1,2.0,2.0344827586206895,0.75,0.22304144324760716,220.0,252.46453956862464
2022-10-29,Liverpool,Leeds United,1,2,A,22,14,10,6,9,3,14,5,0,1.0,0,0.0,2022,H,,,0,0.0,0.0,0.0,0,0,1.0,2.011363636363636,1.2386363636363635,0.17887373989881591,220.0,252.64341330852346
2022-11-06,Liverpool,Tottenham Hotspur,2,1,A,14,13,5,6,10,8,5,3,0,,0,,2022,A,0.0,0.0,3,0.0,0.0,0.0,0,0,1.0,2.0224719101123596,1.7666666666666666,0.3053697731592464,220.0,252.9487830816827
2022-11-12,Liverpool,Southampton,3,1,H,15,9,7,5,8,8,6,0,0,2.0,0,0.0,2022,H,,,3,0.0,0.0,0.0,0,0,2.0,2.033333333333333,1.043956043956044,0.37860020121978066,220.0,253.32738328290247
2022-12-26,Liverpool,Aston Villa,3,1,A,12,16,6,9,7,12,0,6,0,,0,,2022,A,0.0,0.0,3,0.0,0.0,0.0,0,0,3.0,2.043956043956044,1.2826086956521738,0.35441813540768463,220.0,253.68180141831016
2022-12-30,Liverpool,Leicester City,2,1,H,21,7,5,2,8,15,4,5,0,1.0,0,0.0,2022,H,,,3,0.0,0.0,0.0,0,0,3.0,2.0543478260869565,1.4516129032258065,0.33729336917935704,220.0,254.01909478748954
2023-01-02,Liverpool,Brentford,1,3,H,10,16,7,6,5,8,4,9,3,,0,,2023,A,1.0,0.0,0,0.0,0.0,0.0,0,3,2.0,2.032258064516129,1.2857142857142858,0.15806972655531842,220.0,254.17716451404485
2023-01-14,Liverpool,Brighton and Hove Albion,0,3,H,16,6,9,2,8,15,7,1,3,,0,,2023,A,1.0,0.0,0,0.0,0.0,0.0,0,3,1.0,2.0106382978723403,1.297872340425532,0.15683778181435337,220.0,254.3340022958592
2023-01-21,Liverpool,Chelsea,0,0,D,15,11,3,2,16,9,5,5,3,1.0,0,0.0,2023,H,,,1,0.0,0.0,0.0,1,3,0.3333333333333333,2.0,1.7708333333333333,0.38592345409116513,220.0,254.71992574995036
2023-02-04,Liverpool,Wolverhampton Wanderers,0,3,H,12,22,6,4,9,7,2,7,1,,0,,2023,A,1.0,0.0,0,0.0,0.0,0.0,0,1,0.3333333333333333,1.9791666666666667,1.1958762886597938,0.17786193369766526,220.0,254.89778768364803
2023-02-13,Liverpool,Everton,2,0,H,15,6,6,1,8,16,3,3,1,3.0,0,0.0,2023,H,,,3,0.0,0.0,0.0,1,1,1.3333333333333333,1.9896907216494848,1.183673469387755,0.5761080202937725,220.0,255.47389570394182
2023-02-18,Liverpool,Newcastle United,2,0,A,14,13,4,7,3,8,6,7,1,,0,,2023,A,1.0,1.0,3,0.0,0.0,0.0,1,1,2.0,2.0,1.3636363636363635,0.5578728382351368,220.0,256.03176854217696
2023-02-25,Liverpool,Crystal Palace,0,0,D,6,12,0,4,11,14,5,3,5,,0,,2023,A,2.0,0.0,1,0.0,0.0,0.0,1,5,2.3333333333333335,1.9898989898989896,1.19,0.43408866596117696,220.0,256.4658572081381
2023-03-01,Liverpool,Wolverhampton Wanderers,2,0,H,15,4,6,1,13,14,5,2,2,3.0,0,0.0,2023,H,,,3,0.0,0.0,0.0,1,2,2.3333333333333335,2.0,1.188118811881188,0.5703130092807996,220.0,257.03617021741894
2023-03-05,Liverpool,Manchester United,7,0,H,18,8,8,4,13,14,4,3,2,3.0,0,0.0,2023,H,,,3,0.0,0.0,0.0,1,2,2.3333333333333335,2.00990099009901,1.792079207920792,0.5091152394629077,220.0,257.54528545688186
2023-03-11,Liverpool,Bournemouth,0,1,H,5,15,2,6,7,9,3,8,1,,0,,2023,A,2.0,0.0,0,0.0,0.0,0.0,0,1,2.0,1.9901960784313728,0.9230769230769232,0.20550399912261857,220.0,257.75078945600444
2023-04-01,Liverpool,Manchester City,1,4,H,17,4,8,1,9,12,7,1,1,,0,,2023,A,1.0,0.0,0,0.0,0.0,0.0,0,1,1.0,1.970873786407767,2.3365384615384617,0.06228153876854525,220.0,257.813070994773
2023-04-04,Liverpool,Chelsea,0,0,D,12,7,3,4,6,17,3,5,4,,0,,2023,A,1.0,0.0,1,0.0,0.0,0.0,1,4,0.3333333333333333,1.9615384615384617,1.7142857142857142,0.3863087046406673,220.0,258.19937969941367
2023-04-09,Liverpool,Arsenal,2,2,D,21,9,6,5,11,11,5,4,4,4.0,0,0.0,2023,H,,,1,0.0,0.0,0.0,0,4,0.6666666666666666,1.9523809523809523,1.9150943396226416,0.14895167172827176,220.0,258.3483313711419
2023-04-17,Liverpool,Leeds United,6,1,A,13,13,3,7,6,12,4,2,1,,0,,2023,A,0.0,0.0,3,0.0,0.0,0.0,0,1,1.6666666666666667,1.962264150943396,1.1775700934579438,0.35971685386718366,220.0,258.7080482250091
2023-04-22,Liverpool,Nottingham Forest,3,2,H,18,11,6,5,9,12,9,3,0,1.0,0,0.0,2023,H,,,3,0.0,0.0,0.0,0,0,2.3333333333333335,1.97196261682243,0.84375,0.39888657011832895,220.0,259.1069347951275
2023-04-26,Liverpool,West Ham United,2,1,A,7,20,2,4,6,8,3,6,0,,0,,2023,A,0.0,0.0,3,0.0,0.0,0.0,0,0,3.0,1.9814814814814816,1.4351851851851851,0.33895794803895707,220.0,259.4458927431664
2023-04-30,Liverpool,Tottenham Hotspur,4,3,H,12,10,4,7,12,6,5,2,3,2.0,0,0.0,2023,H,,,3,0.0,0.0,0.0,0,3,3.0,1.9908256880733943,1.7,0.29609120950693313,220.0,259.7419839526733
2023-05-03,Liverpool,Fulham,1,0,H,15,9,3,3,10,8,7,5,0,0.0,0,0.0,2023,H,,,3,0.0,0.0,0.0,1,0,3.0,2.0,1.0138888888888888,0.5986564354962789,220.0,260.3406403881696
2023-05-06,Liverpool,Brentford,1,0,H,15,5,5,1,19,10,7,3,4,2.0,0,0.0,2023,H,,,3,0.0,0.0,0.0,1,4,3.0,2.009009009009009,1.3150684931506849,0.5467603696282469,220.0,260.8874007577979
2023-05-15,Liverpool,Leicester City,3,0,A,4,16,4,5,11,17,4,4,1,,0,,2023,A,2.0,0.0,3,0.0,0.0,0.0,1,1,3.0,2.017857142857143,1.3214285714285714,0.5621496463983735,220.0,261.4495504041962
2023-05-20,Liverpool,Aston Villa,1,1,D,10,6,5,3,16,13,9,4,3,5.0,0,0.0,2023,H,,,1,0.0,0.0,0.0,0,3,2.3333333333333335,2.0088495575221237,1.3982300884955752,0.20666878661846677,220.0,261.6562191908147
2023-05-28,Liverpool,Southampton,4,4,D,15,30,10,8,4,10,2,9,2,,0,,2023,A,0.0,0.0,1,0.0,0.0,0.0,0,2,1.6666666666666667,2.0,0.9473684210526316,0.25769802768419625,220.0,261.9139172184989
2023-08-13,Liverpool,Chelsea,1,1,D,10,13,4,1,5,12,4,4,3,,0,,2023,A,3.0,0.0,1,0.0,0.0,0.0,0,3,1.0,1.991304347826087,1.617391304347826,0.18446173839364263,220.0,262.09837895689253
2023-08-19,Liverpool,Bournemouth,3,1,H,26,13,10,5,11,13,10,2,1,3.0,1,0.0,2023,H,,,3,0.0,0.0,0.0,0,3,1.6666666666666667,2.0,1.0,0.367020427967998,220.0,262.4653993848605
2023-08-27,Liverpool,Newcastle United,2,1,A,23,9,8,4,16,10,5,9,2,,1,,2023,A,1.0,0.0,3,0.0,0.0,0.0,0,4,2.3333333333333335,2.0085470085470085,1.435897435897436,0.3175074743999732,220.0,262.7829068592605
2023-09-03,Liverpool,Aston Villa,3,0,H,17,9,4,3,12,7,7,3,0,1.0,0,0.0,2023,H,,,3,0.0,0.0,0.0,1,0,3.0,2.016949152542373,1.4152542372881356,0.5579871062401196,220.0,263.34089396550064
2023-09-16,Liverpool,Wolverhampton Wanderers,3,1,A,11,16,2,6,10,4,4,4,3,,0,,2023,A,1.0,0.0,3,0.0,0.0,0.0,0,3,3.0,2.025210084033614,1.1764705882352942,0.3491391123895783,220.0,263.69003307789023
2023-09-24,Liverpool,West Ham United,3,1,H,22,11,7,4,12,13,7,4,0,2.0,0,0.0,2023,H,,,3,0.0,0.0,0.0,0,0,3.0,2.033333333333333,1.425,0.339989986931909,220.0,264.0300230648221
2023-09-30,Liverpool,Tottenham Hotspur,1,2,H,24,12,8,4,11,17,12,5,4,,2,,2023,A,5.0,0.0,0,0.0,0.0,0.0,0,8,2.0,2.0165289256198347,1.7355371900826446,0.08576743762119768,220.0,264.1157905024433
2023-10-08,Liverpool,Brighton and Hove Albion,2,2,D,14,14,3,4,12,20,8,1,2,,0,,2023,A,1.0,0.0,1,0.0,0.0,0.0,0,2,1.3333333333333333,2.0081967213114753,1.3934426229508197,0.21249846408950804,220.0,264.3282889665328
2023-10-21,Liverpool,Everton,2,0,H,26,6,6,1,9,9,12,4,1,1.0,0,1.0,2023,H,,,3,0.0,0.0,0.0,1,1,1.3333333333333333,2.016260162601626,1.146341463414634,0.5798907774469972,220.0,264.9081797439798
2023-10-29,Liverpool,Nottingham Forest,3,0,H,21,9,8,1,9,13,8,3,2,3.0,0,0.0,2023,H,,,3,0.0,0.0,0.0,1,2,2.3333333333333335,2.024193548387097,1.0,0.5893746097158807,220.0,265.4975543536957
2023-11-05,Liverpool,Luton Town,1,1,D,8,24,5,6,7,13,4,7,1,,0,,2023,A,1.0,0.0,1,0.0,0.0,0.0,0,1,2.3333333333333335,2.016,0.5454545454545454,0.3037675135771391,220.0,265.80132186727286
2023-11-12,Liverpool,Brentford,3,0,H,17,16,10,3,16,12,6,8,1,2.0,0,0.0,2023,H,,,3,0.0,0.0,0.0,1,1,2.3333333333333335,2.0238095238095237,1.375,0.5567213898834962,220.0,266.35804325715634
2023-11-25,Liverpool,Manchester City,1,1,D,16,8,5,3,9,11,9,6,3,,0,,2023,A,1.0,0.0,1,0.0,0.0,0.0,0,3,1.6666666666666667,2.015748031496063,2.338582677165354,0.11138525205820013,220.0,266.46942850921454
2023-12-03,Liverpool,Fulham,4,3,H,26,9,12,5,6,7,3,4,0,0.0,0,0.0,2023,H,,,3,0.0,0.0,0.0,0,0,2.3333333333333335,2.0234375,1.0555555555555556,0.37742485223080435,220.0,266.84685336144537
2023-12-06,Liverpool,Sheffield United,2,0,A,6,15,1,8,12,8,2,12,3,,0,,2023,A,2.0,0.0,3,0.0,0.0,0.0,1,3,2.3333333333333335,2.031007751937985,0.5283018867924528,0.6318260032575095,220.0,267.4786793647028
2023-12-09,Liverpool,Crystal Palace,2,1,A,8,14,4,2,17,17,6,5,2,,0,,2023,A,5.0,1.0,3,0.0,0.0,0.0,0,2,3.0,2.0384615384615383,1.176923076923077,0.3544378386342114,220.0,267.83311720333705
2023-12-17,Liverpool,Manchester United,0,0,D,34,6,8,1,13,8,12,0,2,4.0,0,1.0,2023,H,,,1,0.0,0.0,0.0,1,2,2.3333333333333335,2.030534351145038,1.7938931297709924,0.38893143937835895,220.0,268.22204864271544
2023-12-23,Liverpool,Arsenal,1,1,D,13,13,3,2,13,14,4,5,2,5.0,0,0.0,2023,H,,,1,0.0,0.0,0.0,0,2,1.6666666666666667,2.022727272727273,1.9242424242424243,0.15871387113964797,220.0,268.3807625138551
2023-12-26,Liverpool,Burnley,2,0,A,9,19,0,10,7,10,4,4,1,,0,,2023,A,2.0,0.0,3,0.0,0.0,0.0,1,1,1.6666666666666667,2.030075187969925,0.8947368421052632,0.60538523337652,220.0,268.9861477472316
2024-01-01,Liverpool,Newcastle United,4,2,H,34,5,15,3,16,15,7,3,3,5.0,0,0.0,2024,H,,,3,0.0,0.0,0.0,0,3,2.3333333333333335,2.037313432835821,1.4477611940298507,0.32164992575409723,220.0,269.30779767298566
2024-01-21,Liverpool,Bournemouth,4,0,A,11,14,1,7,9,12,8,5,2,,0,,2024,A,1.0,0.0,3,0.0,0.0,0.0,1,2,3.0,2.0444444444444443,1.103448275862069,0.5788924592043934,220.0,269.8866901321901
2024-01-31,Liverpool,Chelsea,4,1,H,28,4,13,3,15,16,8,1,2,4.0,0,0.0,2024,H,,,3,0.0,0.0,0.0,0,2,3.0,2.051470588235294,1.588235294117647,0.31276061847835623,220.0,270.19945075066846
2024-02-04,Liverpool,Arsenal,1,3,H,15,10,7,1,11,11,2,4,2,,1,,2024,A,6.0,0.0,0,0.0,0.0,0.0,0,4,2.0,2.0364963503649633,1.9197080291970805,0.08848417830579047,220.0,270.2879349289742
2024-02-10,Liverpool,Burnley,3,1,H,25,9,10,4,11,13,9,3,3,2.0,0,0.0,2024,H,,,3,0.0,0.0,0.0,0,3,2.0,2.0434782608695654,0.87,0.38019299711076715,220.0,270.668127926085
2024-02-17,Liverpool,Brentford,4,1,A,15,15,6,8,4,18,1,6,1,,0,,2024,A,2.0,0.0,3,0.0,0.0,0.0,0,1,2.0,2.050359712230216,1.3,0.347311343028199,220.0,271.0154392691132
2024-02-21,Liverpool,Luton Town,4,1,H,29,12,13,3,15,14,13,4,1,4.0,0,0.0,2024,H,,,3,0.0,0.0,0.0,0,1,3.0,2.057142857142857,0.8,0.3979750705003882,220.0,271.4134143396136
2024-03-02,Liverpool,Nottingham Forest,1,0,A,8,22,2,2,11,12,3,12,2,,0,,2024,A,2.0,0.0,3,0.0,0.0,0.0,1,2,3.0,2.0638297872340425,0.953846153846154,0.5940512614825444,220.0,272.0074656010961
2024-03-10,Liverpool,Manchester City,1,1,D,19,10,6,6,6,10,7,4,0,3.0,0,0.0,2024,H,,,1,0.0,0.0,0.0,0,0,2.3333333333333335,2.056338028169014,2.3309859154929575,0.12818873989955495,220.0,272.1356543409957
2024-03-31,Liverpool,Brighton and Hove Albion,2,1,H,30,9,8,3,20,6,8,4,5,3.0,0,0.0,2024,H,,,3,0.0,0.0,0.0,0,5,2.3333333333333335,2.062937062937063,1.3706293706293706,0.31877634557097256,220.0,272.45443068656664
2024-04-04,Liverpool,Sheffield United,3,1,H,29,8,9,3,6,9,13,1,0,1.0,0,0.0,2024,H,,,3,0.0,0.0,0.0,0,0,2.3333333333333335,2.0694444444444446,0.5588235294117647,0.42775744422931916,220.0,272.88218813079595
2024-04-07,Liverpool,Manchester United,2,2,D,9,28,5,7,9,10,6,11,2,,0,,2024,A,5.0,0.0,1,0.0,0.0,0.0,0,2,2.3333333333333335,2.0620689655172413,1.7655172413793103,0.17479708995474835,220.0,273.05698522075073
2024-04-14,Liverpool,Crystal Palace,0,1,A,21,8,6,5,10,10,11,1,1,1.0,0,0.0,2024,H,,,0,0.0,0.0,0.0,0,1,1.3333333333333333,2.047945205479452,1.1643835616438356,0.18105301157545037,220.0,273.2380382323262
2024-04-21,Liverpool,Fulham,3,1,A,12,14,5,7,5,11,1,4,0,,0,,2024,A,3.0,0.0,3,0.0,0.0,0.0,0,0,1.3333333333333333,2.054421768707483,1.1090909090909091,0.37200025110751944,220.0,273.6100384834337
2024-04-24,Liverpool,Everton,0,2,H,16,23,6,7,6,13,4,13,3,,0,,2024,A,0.0,0.0,0,0.0,0.0,0.0,0,3,1.0,2.0405405405405403,1.1824324324324325,0.16853501389030734,220.0,273.778573497324
2024-04-27,Liverpool,West Ham United,2,2,D,11,28,8,8,8,10,5,8,2,,0,,2024,A,0.0,0.0,1,0.0,0.0,0.0,0,2,1.3333333333333333,2.033557046979866,1.4093959731543624,0.21088195171554666,220.0,273.98945544903955
2024-05-05,Liverpool,Tottenham Hotspur,4,2,H,25,11,13,6,14,12,8,3,1,4.0,0,0.0,2024,H,,,3,0.0,0.0,0.0,0,1,1.3333333333333333,2.04,1.6979865771812082,0.3069843760604028,220.0,274.2964398250999
2024-05-13,Liverpool,Aston Villa,3,3,D,19,14,5,7,11,15,5,4,1,,0,,2024,A,1.0,0.0,1,0.0,0.0,0.0,0,1,1.6666666666666667,2.033112582781457,1.5165562913907285,0.20536824516938332,220.0,274.5018080702693
2024-05-19,Liverpool,Wolverhampton Wanderers,2,0,H,36,4,14,3,14,11,10,2,1,1.0,0,1.0,2024,H,,,3,0.0,0.0,0.0,1,1,2.3333333333333335,2.039473684210526,1.2039473684210529,0.5740537177029292,220.0,275.07586178797226
2024-08-17,Liverpool,Ipswich Town,2,0,A,7,18,2,5,9,18,2,10,1,,0,,2024,A,3.0,0.0,3,0.0,0.0,0.0,1,1,2.3333333333333335,2.045751633986928,0.0,0.6960466404320165,220.0,275.7719084284043
2024-08-25,Liverpool,Brentford,2,0,H,19,8,8,2,10,7,9,4,2,3.0,0,0.0,2024,H,,,3,0.0,0.0,0.0,1,2,3.0,2.051948051948052,1.2672413793103448,0.5622957208945383,220.0,276.3342041492988
2024-09-01,Liverpool,Manchester United,3,0,A,8,11,3,3,7,7,5,2,1,,0,,2024,A,4.0,0.0,3,0.0,0.0,0.0,1,1,3.0,2.0580645161290323,1.7419354838709675,0.519540751174067,220.0,276.85374490047286
2024-09-14,Liverpool,Nottingham Forest,0,1,A,14,5,5,3,15,6,7,2,4,4.0,0,0.0,2024,H,,,0,0.0,0.0,0.0,0,4,2.0,2.0448717948717947,1.025,0.17914266582263125,220.0,277.0328875662955
2024-09-21,Liverpool,Bournemouth,3,0,H,19,19,13,6,10,12,3,9,1,4.0,0,0.0,2024,H,,,3,0.0,0.0,0.0,1,1,2.0,2.050955414012739,1.1358024691358024,0.5809586669149447,220.0,277.61384623321044
2024-09-28,Liverpool,Wolverhampton Wanderers,2,1,A,8,10,3,6,16,8,2,10,3,,0,,2024,A,2.0,0.0,3,0.0,0.0,0.0,0,3,2.0,2.0569620253164556,1.1645569620253164,0.35034628981259397,220.0,277.96419252302303
2024-10-05,Liverpool,Crystal Palace,1,0,A,9,16,5,4,7,15,3,8,2,,0,,2024,A,4.0,0.0,3,0.0,0.0,0.0,1,2,3.0,2.0628930817610063,1.1886792452830188,0.5702562219905263,220.0,278.5344487450136
2024-10-20,Liverpool,Chelsea,2,1,H,9,12,5,2,12,13,1,6,4,3.0,0,0.0,2024,H,,,3,0.0,0.0,0.0,0,4,3.0,2.06875,1.6375,0.2970795996691995,220.0,278.8315283446828
2024-10-27,Liverpool,Arsenal,2,2,D,9,9,3,4,14,14,1,3,2,,0,,2024,A,2.0,0.0,1,0.0,0.0,0.0,0,2,2.3333333333333335,2.062111801242236,1.9937888198757765,0.15166691186956555,220.0,278.98319525655234
2024-11-02,Liverpool,Brighton and Hove Albion,2,1,H,16,13,8,5,10,18,10,7,1,1.0,0,0.0,2024,H,,,3,0.0,0.0,0.0,0,1,2.3333333333333335,2.067901234567901,1.345679012345679,0.34268280496283854,220.0,279.3258780615152
2024-11-09,Liverpool,Aston Villa,2,0,H,14,12,5,2,11,15,2,9,0,3.0,0,0.0,2024,H,,,3,0.0,0.0,0.0,1,0,2.3333333333333335,2.0736196319018405,1.5153374233128831,0.5478459317175071,220.0,279.8737239932327
2024-11-24,Liverpool,Southampton,3,2,A,7,27,5,11,11,9,3,10,4,,0,,2024,A,3.0,0.0,3,0.0,0.0,0.0,0,4,3.0,2.0792682926829267,0.8888888888888888,0.37293445830117167,220.0,280.24665845153385
2024-12-01,Liverpool,Manchester City,2,0,H,18,8,7,2,9,8,7,4,1,3.0,0,0.0,2024,H,,,3,0.0,0.0,0.0,1,1,3.0,2.084848484848485,2.315151515151515,0.4614582295910919,220.0,280.7081166811249
2024-12-04,Liverpool,Newcastle United,3,3,D,17,16,6,5,9,17,5,6,5,,0,,2024,A,2.0,0.0,1,0.0,0.0,0.0,0,5,2.3333333333333335,2.0783132530120483,1.4759036144578312,0.1881091743726407,220.0,280.8962258554976
2024-12-14,Liverpool,Fulham,2,2,D,16,12,4,3,10,7,5,4,3,4.0,1,0.0,2024,H,,,1,0.0,0.0,0.0,0,5,1.6666666666666667,2.07185628742515,1.1615384615384616,0.21996299524116075,220.0,281.11618885073875
2024-12-22,Liverpool,Tottenham Hotspur,6,3,A,9,24,5,12,7,9,7,5,2,,0,,2024,A,1.0,0.0,3,0.0,0.0,0.0,0,2,1.6666666666666667,2.077380952380953,1.668639053254438,0.3046135101970644,220.0,281.4208023609358
2024-12-26,Liverpool,Leicester City,3,1,H,19,4,7,1,17,5,14,1,3,2.0,0,0.0,2024,H,,,3,0.0,0.0,0.0,0,3,2.3333333333333335,2.0828402366863905,1.2575757575757576,0.3409209319974763,220.0,281.7617232929333
2024-12-29,Liverpool,West Ham United,5,0,A,7,22,0,13,7,10,3,6,0,,0,,2024,A,0.0,0.0,3,0.0,0.0,0.0,1,0,3.0,2.088235294117647,1.3801169590643274,0.5615474772162106,220.0,282.3232707701495
2025-01-05,Liverpool,Manchester United,2,2,D,19,13,6,4,10,13,6,9,2,4.0,0,0.0,2025,H,,,1,0.0,0.0,0.0,0,2,2.3333333333333335,2.08187134502924,1.686046511627907,0.18284965674303055,220.0,282.50612042689255
2025-01-14,Liverpool,Nottingham Forest,1,1,D,6,23,3,7,7,10,0,9,1,,0,,2025,A,2.0,0.0,1,0.0,0.0,0.0,0,1,1.6666666666666667,2.0755813953488373,1.1855670103092784,0.23890654663523614,220.0,282.7450269735278
2025-01-18,Liverpool,Brentford,2,0,A,11,37,6,8,6,14,2,15,3,,0,,2025,A,2.0,0.0,3,0.0,0.0,0.0,1,3,1.6666666666666667,2.0809248554913293,1.2647058823529411,0.5572080605764939,220.0,283.3022350341043
2025-01-25,Liverpool,Ipswich Town,4,1,H,16,3,6,3,10,11,3,4,0,2.0,0,0.0,2025,H,,,3,0.0,0.0,0.0,0,0,2.3333333333333335,2.086206896551724,0.6956521739130435,0.41389294591851544,220.0,283.71612798002275
2025-02-01,Liverpool,Bournemouth,2,0,A,14,19,3,7,15,9,3,3,3,,0,,2025,A,2.0,0.0,3,0.0,0.0,0.0,1,3,3.0,2.0914285714285716,1.27,0.5566716211091413,220.0,284.2727996011319
2025-02-12,Liverpool,Everton,2,2,D,10,6,3,4,9,20,2,3,2,,1,,2025,A,2.0,1.0,1,0.0,0.0,0.0,0,4,2.3333333333333335,2.085227272727273,1.1875,0.22267695439416973,220.0,284.49547655552607
2025-02-16,Liverpool,Wolverhampton Wanderers,2,1,H,10,16,3,4,15,13,4,3,2,2.0,0,0.0,2025,H,,,3,0.0,0.0,0.0,0,2,2.3333333333333335,2.0903954802259888,1.1412429378531073,0.3580532163182329,220.0,284.8535297718443
2025-02-19,Liverpool,Aston Villa,2,2,D,9,17,4,3,8,6,6,8,0,,0,,2025,A,1.0,0.0,1,0.0,0.0,0.0,0,0,1.6666666666666667,2.0842696629213484,1.5056179775280898,0.2118211724462246,220.0,285.06535094429057
2025-02-23,Liverpool,Manchester City,2,0,A,16,8,5,4,3,10,7,5,0,,0,,2025,A,0.0,0.0,3,0.0,0.0,0.0,1,0,2.3333333333333335,2.089385474860335,2.264044943820225,0.47198130416678213,220.0,285.53733224845735
2025-02-26,Liverpool,Newcastle United,2,0,H,12,3,3,0,12,11,4,2,0,1.0,0,0.0,2025,H,,,3,0.0,0.0,0.0,1,0,2.3333333333333335,2.094444444444445,1.5027932960893855,0.5491169962035626,220.0,286.0864492446609
2025-03-08,Liverpool,Southampton,3,1,H,28,6,7,4,10,9,6,4,2,1.0,0,0.0,2025,H,,,3,0.0,0.0,0.0,0,2,3.0,2.0994475138121547,0.823943661971831,0.39020434439897683,220.0,286.4766535890599
2025-04-02,Liverpool,Everton,1,0,H,17,5,3,0,7,11,11,5,2,2.0,0,0.0,2025,H,,,3,0.0,0.0,0.0,1,2,3.0,2.1043956043956045,1.1868131868131868,0.5704453049460518,220.0,287.0470988940059
2025-04-06,Liverpool,Fulham,2,3,H,12,14,6,6,10,9,4,4,0,,0,,2025,A,3.0,0.0,0,0.0,0.0,0.0,0,0,2.0,2.092896174863388,1.206896551724138,0.182089854260295,220.0,287.2291887482662
2025-04-13,Liverpool,West Ham United,2,1,H,15,11,6,4,15,8,10,3,0,2.0,0,0.0,2025,H,,,3,0.0,0.0,0.0,0,0,2.0,2.097826086956522,1.3478260869565215,0.34780982312870345,220.0,287.57699857139494
2025-04-20,Liverpool,Leicester City,1,0,A,5,28,0,10,11,7,1,13,2,,0,,2025,A,1.0,0.0,3,0.0,0.0,0.0,1,2,2.0,2.1027027027027025,1.1564625850340136,0.5735206541803657,220.0,288.1505192255753
2025-04-27,Liverpool,Tottenham Hotspur,5,1,H,25,8,8,3,16,9,8,2,2,1.0,0,0.0,2025,H,,,3,0.0,0.0,0.0,0,2,3.0,2.10752688172043,1.5913978494623655,0.31244016479415515,220.0,288.4629593903694
2025-05-04,Liverpool,Chelsea,1,3,H,17,11,7,2,10,11,3,6,2,,0,,2025,A,2.0,0.0,0,0.0,0.0,0.0,0,2,2.0,2.0962566844919786,1.6631016042780749,0.1251746058087236,220.0,288.58813399617816
2025-05-11,Liverpool,Arsenal,2,2,D,14,15,5,7,13,10,3,1,1,1.0,0,1.0,2025,H,,,1,0.0,0.0,0.0,0,1,1.3333333333333333,2.0904255319148937,1.9734042553191489,0.1590770036879953,220.0,288.7472109998662
2025-05-19,Liverpool,Brighton and Hove Albion,2,3,H,25,18,12,5,9,8,3,3,0,,0,,2025,A,1.0,0.0,0,0.0,0.0,0.0,0,0,0.3333333333333333,2.0793650793650795,1.3756613756613756,0.1649893441665986,220.0,288.9122003440327
2025-05-25,Liverpool,Crystal Palace,1,1,D,14,8,3,5,7,10,11,0,1,0.0,1,0.0,2025,H,,,1,0.0,0.0,0.0,0,3,0.6666666666666666,2.0736842105263156,1.2578947368421052,0.22088861064023724,220.0,289.133088954673
2025-08-15,Liverpool,Bournemouth,4,2,H,19,10,10,3,7,10,6,7,1,2.0,0,0.0,2025,H,,,3,0.0,0.0,0.0,0,1,1.3333333333333333,2.0785340314136125,1.2434782608695651,0.35303854700331605,220.0,289.4861275016763
2025-08-25,Liverpool,Newcastle United,3,2,A,10,5,3,4,17,15,7,1,3,,0,,2025,A,2.0,1.0,3,0.0,0.0,0.0,0,3,2.3333333333333335,2.0833333333333335,1.5208333333333333,0.31424571185113426,220.0,289.80037321352745
2025-08-31,Liverpool,Arsenal,1,0,H,9,11,3,1,7,10,3,8,2,2.0,0,0.0,2025,H,,,3,0.0,0.0,0.0,1,2,3.0,2.088082901554404,1.9844559585492227,0.4896221929312595,220.0,290.28999540645873
2025-09-14,Liverpool,Burnley,1,0,A,3,27,0,4,9,9,1,13,2,,0,,2025,A,0.0,0.0,3,0.0,0.0,0.0,1,2,3.0,2.0927835051546393,0.8559322033898306,0.6039726328858335,220.0,290.89396803934454
2025-09-20,Liverpool,Everton,2,1,H,11,9,3,2,11,10,5,4,2,3.0,0,0.0,2025,H,,,3,0.0,0.0,0.0,0,2,3.0,2.0974358974358975,1.2153846153846153,0.3505406288286584,220.0,291.2445086681732
2025-09-27,Liverpool,Crystal Palace,1,2,H,16,20,7,4,10,8,2,6,3,,0,,2025,A,1.0,0.0,0,0.0,0.0,0.0,0,3,2.0,2.086734693877551,1.280612244897959,0.15858670336625916,220.0,291.40309537153945
2025-10-04,Liverpool,Chelsea,1,2,H,12,12,6,2,9,8,7,2,2,,0,,2025,A,0.0,0.0,0,0.0,0.0,0.0,0,2,1.0,2.0761421319796955,1.6649746192893402,0.12498481796455949,220.0,291.528080189504
2025-10-19,Liverpool,Manchester United,1,2,A,19,12,6,4,8,14,9,4,0,2.0,0,0.0,2025,H,,,0,0.0,0.0,0.0,0,0,0.0,2.0656565656565657,1.6262626262626263,0.1395965572372955,220.0,291.66767674674134
2025-10-25,Liverpool,Brentford,2,3,H,17,18,8,5,7,10,5,4,2,,0,,2025,A,3.0,0.0,0,0.0,0.0,0.0,0,2,0.0,2.0552763819095476,1.3229813664596273,0.15963812388194362,220.0,291.82731487062324
2025-11-01,Liverpool,Aston Villa,2,0,H,16,10,4,3,13,11,1,4,2,3.0,0,0.0,2025,H,,,3,0.0,0.0,0.0,1,2,1.0,2.06,1.55,0.5336445094964726,220.0,292.3609593801197
2025-11-09,Liverpool,Manchester City,0,3,H,14,7,6,1,14,15,7,7,4,,0,,2025,A,2.0,0.0,0,0.0,0.0,0.0,0,4,1.0,2.0497512437810945,2.2487562189054726,0.055142562688584085,220.0,292.4161019428083
2020-09-21,Manchester City,Wolverhampton Wanderers,3,1,A,10,14,1,9,6,8,4,6,3,,0,,2020,A,0.0,0.0,3,0.0,0.0,0.0,0,3,3.0,3.0,1.5,0.3163567004958088,187.69230769230768,188.0086643928035
2020-09-27,Manchester City,Leicester City,2,5,A,16,7,5,7,13,8,3,4,1,3.0,0,0.0,2020,H,,,0,0.0,0.0,0.0,0,1,1.5,1.5,3.0,-0.004945330377244261,187.69230769230768,188.00371906242626
2020-10-03,Manchester City,Leeds United,1,1,D,12,23,7,2,11,12,7,10,1,,0,,2020,A,2.0,0.0,1,0.0,0.0,0.0,0,1,1.3333333333333333,1.3333333333333333,1.75,0.18171398830322877,187.69230769230768,188.18543305072947
2020-10-17,Manchester City,Arsenal,1,0,H,13,11,5,3,15,10,6,6,4,1.0,0,0.0,2020,H,,,3,0.0,0.0,0.0,1,4,1.3333333333333333,1.75,1.8,0.4976234942168634,187.69230769230768,188.68305654494634
2020-10-24,Manchester City,West Ham United,1,1,D,6,14,2,7,14,6,2,10,0,,0,,2020,A,2.0,0.0,1,0.0,0.0,0.0,0,0,1.6666666666666667,1.6,1.3333333333333333,0.22927833696847705,187.69230769230768,188.9123348819148
2020-10-31,Manchester City,Sheffield United,1,0,A,5,16,1,8,14,6,2,5,0,,0,,2020,A,0.0,0.0,3,0.0,0.0,0.0,1,0,2.3333333333333335,1.8333333333333333,0.1428571428571428,0.6869158654974339,187.69230769230768,189.59925074741224
2020-11-08,Manchester City,Liverpool,1,1,D,7,10,2,3,19,11,1,2,3,1.0,0,0.0,2020,H,,,1,0.0,0.0,0.0,0,3,1.6666666666666667,1.7142857142857142,2.125,0.1330270411555723,187.69230769230768,189.7322777885678
2020-11-21,Manchester City,Tottenham Hotspur,0,2,H,4,22,2,5,13,19,0,10,2,,0,,2020,A,2.0,0.0,0,0.0,0.0,0.0,0,2,1.3333333333333333,1.5,2.2222222222222223,0.06852033658551498,187.69230769230768,189.80079812515334
2020-11-28,Manchester City,Burnley,5,0,H,19,9,6,1,12,4,6,4,0,0.0,0,0.0,2020,H,,,3,0.0,0.0,0.0,1,0,1.3333333333333333,1.6666666666666667,0.5555555555555556,0.645098185679119,187.69230769230768,190.44589631083247
2020-12-05,Manchester City,Fulham,2,0,H,16,6,6,1,7,6,9,3,0,0.0,0,0.0,2020,H,,,3,0.0,0.0,0.0,1,0,2.0,1.8,0.6363636363636364,0.6369101085118966,187.69230769230768,191.08280641934434
2020-12-12,Manchester City,Manchester United,0,0,D,11,9,2,2,13,6,4,3,1,,0,,2020,A,1.0,0.0,1,0.0,0.0,0.0,1,1,2.3333333333333335,1.7272727272727273,1.818181818181818,0.39181490416951026,187.69230769230768,191.47462132351387
2020-12-15,Manchester City,West Brom,1,1,D,26,5,7,1,5,8,13,2,2,3.0,0,0.0,2020,H,,,1,0.0,0.0,0.0,0,2,1.6666666666666667,1.6666666666666667,0.5384615384615384,0.2991315214063915,187.69230769230768,191.77375284492024
2020-12-19,Manchester City,Southampton,1,0,A,9,11,3,5,9,11,6,6,2,,0,,2020,A,2.0,0.0,3,0.0,0.0,0.0,1,2,1.6666666666666667,1.7692307692307692,1.7142857142857142,0.5169978561841819,187.69230769230768,192.29075070110443
2020-12-26,Manchester City,Newcastle United,2,0,H,11,7,6,2,5,12,7,3,2,2.0,0,0.0,2020,H,,,3,0.0,0.0,0.0,1,2,2.3333333333333335,1.8571428571428572,1.2857142857142858,0.5604239083032012,187.69230769230768,192.85117460940762
2021-01-03,Manchester City,Chelsea,3,1,A,9,18,2,6,11,10,5,3,1,,0,,2021,A,3.0,0.0,3,0.0,0.0,0.0,0,1,3.0,1.9333333333333331,1.5294117647058822,0.32406563277625344,187.69230769230768,193.1752402421839
2021-01-13,Manchester City,Brighton and Hove Albion,1,0,H,16,5,6,1,4,12,8,4,0,2.0,0,0.0,2021,H,,,3,0.0,0.0,0.0,1,0,3.0,2.0,0.7777777777777778,0.6225809734692571,187.69230769230768,193.79782121565316
2021-01-17,Manchester City,Crystal Palace,4,0,H,13,2,6,0,9,8,11,1,0,0.0,0,0.0,2021,H,,,3,0.0,0.0,0.0,1,0,3.0,2.0588235294117645,1.2105263157894737,0.5787316654816315,187.69230769230768,194.37655288113478
2021-01-20,Manchester City,Aston Villa,2,0,H,28,11,9,4,10,9,16,2,0,2.0,0,0.0,2021,H,,,3,0.0,0.0,0.0,1,0,3.0,2.111111111111111,1.625,0.5367341019191588,187.69230769230768,194.91328698305392
2021-01-26,Manchester City,West Brom,5,0,A,4,18,1,7,8,8,3,8,0,,0,,2021,A,2.0,0.0,3,0.0,0.0,0.0,1,0,3.0,2.1578947368421053,0.55,0.6456611159843656,187.69230769230768,195.5589480990383
2021-01-30,Manchester City,Sheffield United,1,0,H,10,4,5,1,7,10,10,0,0,3.0,0,0.0,2021,H,,,3,0.0,0.0,0.0,1,0,3.0,2.2,0.3809523809523809,0.6627902809868677,187.69230769230768,196.22173838002516
2021-02-03,Manchester City,Burnley,2,0,A,2,17,0,6,8,5,1,3,1,,0,,2021,A,2.0,0.0,3,0.0,0.0,0.0,1,1,3.0,2.238095238095238,1.0476190476190477,0.5898940685855247,187.69230769230768,196.81163244861068
2021-02-07,Manchester City,Liverpool,4,1,A,8,8,3,5,13,8,6,1,1,,0,,2021,A,2.0,0.0,3,0.0,0.0,0.0,0,1,3.0,2.272727272727273,1.7391304347826086,0.302815373683059,187.69230769230768,197.11444782229376
2021-02-13,Manchester City,Tottenham Hotspur,3,0,H,15,7,6,3,12,13,4,2,1,3.0,0,0.0,2021,H,,,3,0.0,0.0,0.0,1,1,3.0,2.3043478260869565,1.565217391304348,0.5374471457364676,187.69230769230768,197.6518949680302
2021-02-17,Manchester City,Everton,3,1,A,3,16,2,7,8,8,0,10,1,,0,,2021,A,2.0,0.0,3,0.0,0.0,0.0,0,1,3.0,2.3333333333333335,1.608695652173913,0.31603199824102135,187.69230769230768,197.96792696627125
2021-02-21,Manchester City,Arsenal,1,0,A,7,15,1,3,11,9,1,3,2,,0,,2021,A,2.0,0.0,3,0.0,0.0,0.0,1,2,3.0,2.36,1.36,0.5528967259359046,187.69230769230768,198.52082369220716
2021-02-27,Manchester City,West Ham United,2,1,H,10,9,3,3,8,11,4,2,1,1.0,0,0.0,2021,H,,,3,0.0,0.0,0.0,0,1,3.0,2.3846153846153846,1.7307692307692308,0.30366259320600525,187.69230769230768,198.82448628541314
2021-03-02,Manchester City,Wolverhampton Wanderers,4,1,H,22,6,10,1,9,5,10,2,0,1.0,0,0.0,2021,H,,,3,0.0,0.0,0.0,0,0,3.0,2.407407407407407,1.2592592592592593,0.3567840743717643,187.69230769230768,199.18127035978492
2021-03-07,Manchester City,Manchester United,0,2,A,23,8,6,6,9,12,6,2,0,3.0,0,0.0,2021,H,,,0,0.0,0.0,0.0,0,0,2.0,2.3214285714285716,1.9285714285714288,0.1089643756920613,187.69230769230768,199.290234735477
2021-03-10,Manchester City,Southampton,5,2,H,17,11,10,6,6,4,5,5,1,0.0,0,0.0,2021,H,,,3,0.0,0.0,0.0,0,1,2.0,2.3448275862068964,1.1785714285714286,0.35961539112858787,187.69230769230768,199.64985012660557
2021-03-13,Manchester City,Fulham,3,0,A,3,8,0,7,14,13,4,2,0,,0,,2021,A,0.0,0.0,3,0.0,0.0,0.0,1,0,2.0,2.3666666666666667,0.896551724137931,0.6105459117708827,187.69230769230768,200.26039603837646
2021-04-03,Manchester City,Leicester City,2,0,A,5,11,2,4,13,12,1,1,3,,0,,2021,A,2.0,0.0,3,0.0,0.0,0.0,1,3,3.0,2.3870967741935485,1.8666666666666667,0.4962129063256622,187.69230769230768,200.75660894470212
2021-04-10,Manchester City,Leeds United,1,2,A,29,2,7,2,12,15,9,3,3,1.0,0,1.0,2021,H,,,0,0.0,0.0,0.0,0,3,2.0,2.3125,1.4516129032258065,0.14125964186408516,187.69230769230768,200.8978685865662
2021-04-21,Manchester City,Aston Villa,2,1,A,8,13,3,3,12,7,1,11,1,,1,,2021,A,0.0,1.0,3,0.0,0.0,0.0,0,3,2.0,2.3333333333333335,1.4193548387096775,0.32452826944293606,187.69230769230768,201.22239685600914
2021-05-01,Manchester City,Crystal Palace,2,0,A,9,20,4,3,9,10,2,6,0,,0,,2021,A,2.0,0.0,3,0.0,0.0,0.0,1,0,2.0,2.3529411764705883,1.1515151515151516,0.5847111165708532,187.69230769230768,201.80710797257998
2021-05-08,Manchester City,Chelsea,1,2,A,16,12,4,5,12,10,6,2,2,0.0,0,0.0,2021,H,,,0,0.0,0.0,0.0,0,2,2.0,2.2857142857142856,1.8285714285714283,0.10840796964298463,187.69230769230768,201.91551594222298
2021-05-14,Manchester City,Newcastle United,4,3,A,11,15,5,6,11,10,4,5,2,,0,,2021,A,2.0,0.0,3,0.0,0.0,0.0,0,2,2.0,2.3055555555555554,1.0833333333333333,0.36392104916105705,187.69230769230768,202.27943699138402
2021-05-18,Manchester City,Brighton and Hove Albion,2,3,H,19,8,6,4,13,11,5,3,3,,1,,2021,A,3.0,0.0,0,0.0,0.0,0.0,0,5,1.0,2.243243243243243,1.108108108108108,0.16537695697103713,187.69230769230768,202.44481394835506
2021-05-23,Manchester City,Everton,5,0,H,21,8,11,3,8,10,7,5,2,2.0,0,0.0,2021,H,,,3,0.0,0.0,0.0,1,2,2.0,2.263157894736842,1.5526315789473684,0.5333778582992506,187.69230769230768,202.9781918066543
2021-08-15,Manchester City,Tottenham Hotspur,0,1,H,13,18,3,4,11,8,3,11,1,,0,,2021,A,2.0,0.0,0,0.0,0.0,0.0,0,1,1.0,2.2051282051282053,1.6666666666666667,0.13015794288192695,187.69230769230768,203.10834974953625
2021-08-21,Manchester City,Norwich City,5,0,H,16,1,4,0,13,7,6,1,1,0.0,0,0.0,2021,H,,,3,0.0,0.0,0.0,1,1,2.0,2.225,0.0,0.6960466404320165,187.69230769230768,203.80439638996825
2021-08-28,Manchester City,Arsenal,5,0,H,25,1,10,0,5,7,14,0,1,2.0,0,1.0,2021,H,,,3,0.0,0.0,0.0,1,1,2.0,2.2439024390243905,1.4878048780487805,0.5452911586855023,187.69230769230768,204.34968754865375
2021-09-11,Manchester City,Leicester City,1,0,A,6,25,1,8,4,11,5,8,2,,0,,2021,A,1.0,0.0,3,0.0,0.0,0.0,1,2,3.0,2.261904761904762,1.7142857142857142,0.5169978561841819,187.69230769230768,204.86668540483794
2021-09-18,Manchester City,Southampton,0,0,D,18,10,1,2,5,12,8,5,0,2.0,0,0.0,2021,H,,,1,0.0,0.0,0.0,1,0,2.3333333333333335,2.2325581395348837,1.0930232558139534,0.47063795149712756,187.69230769230768,205.33732335633508
2021-09-25,Manchester City,Chelsea,1,0,A,5,15,0,4,12,10,4,13,2,,0,,2021,A,3.0,0.0,3,0.0,0.0,0.0,1,2,2.3333333333333335,2.25,1.818181818181818,0.506470328397753,187.69230769230768,205.84379368473282
2021-10-03,Manchester City,Liverpool,2,2,D,6,12,4,3,10,12,3,4,3,,0,,2021,A,3.0,0.0,1,0.0,0.0,0.0,0,3,1.6666666666666667,2.2222222222222223,1.8666666666666667,0.1592033003495367,187.69230769230768,206.00299698508235
2021-10-16,Manchester City,Burnley,2,0,H,15,7,6,2,11,5,6,2,1,0.0,0,0.0,2021,H,,,3,0.0,0.0,0.0,1,1,2.3333333333333335,2.239130434782609,0.9130434782608696,0.6035302685262796,187.69230769230768,206.60652725360865
2021-10-23,Manchester City,Brighton and Hove Albion,4,1,A,10,23,5,14,10,6,7,6,3,,0,,2021,A,2.0,0.0,3,0.0,0.0,0.0,0,3,2.3333333333333335,2.25531914893617,1.1914893617021276,0.34761729829779786,187.69230769230768,206.95414455190644
2021-10-30,Manchester City,Crystal Palace,0,2,A,14,8,3,3,11,11,7,1,2,3.0,1,0.0,2021,H,,,0,0.0,0.0,0.0,0,4,2.0,2.2083333333333335,1.1666666666666667,0.1647879430388443,187.69230769230768,207.11893249494528
2021-11-06,Manchester City,Manchester United,2,0,A,5,16,1,5,9,12,1,9,2,,0,,2021,A,1.0,0.0,3,0.0,0.0,0.0,1,2,2.0,2.2244897959183674,1.8571428571428572,0.502522505477842,187.69230769230768,207.6214550004231
2021-11-21,Manchester City,Everton,3,0,H,17,4,7,1,5,7,7,1,1,1.0,0,0.0,2021,H,,,3,0.0,0.0,0.0,1,1,2.0,2.24,1.48,0.5460820071143364,187.69230769230768,208.16753700753745
2021-11-28,Manchester City,West Ham United,2,1,H,19,5,9,3,7,6,8,4,2,0.0,0,0.0,2021,H,,,3,0.0,0.0,0.0,0,2,3.0,2.2549019607843137,1.7254901960784317,0.29885292858402973,187.69230769230768,208.4663899361215
2021-12-01,Manchester City,Aston Villa,2,1,A,9,17,3,7,8,12,4,11,0,,0,,2021,A,0.0,0.0,3,0.0,0.0,0.0,0,0,3.0,2.269230769230769,1.3653846153846154,0.3460306621305162,187.69230769230768,208.812420598252
2021-12-04,Manchester City,Watford,3,1,A,11,26,4,13,10,7,5,11,0,,0,,2021,A,3.0,0.0,3,0.0,0.0,0.0,0,0,3.0,2.2830188679245285,0.8666666666666667,0.396564482609187,187.69230769230768,209.2089850808612
2021-12-11,Manchester City,Wolverhampton Wanderers,1,0,H,24,2,10,1,12,5,14,1,3,2.0,0,1.0,2021,H,,,3,0.0,0.0,0.0,1,3,3.0,2.2962962962962963,1.2222222222222223,0.5615128217342615,187.69230769230768,209.77049790259545
2021-12-14,Manchester City,Leeds United,7,0,H,31,6,15,3,5,9,6,2,1,1.0,0,0.0,2021,H,,,3,0.0,0.0,0.0,1,1,3.0,2.309090909090909,1.3636363636363635,0.5578728382351368,187.69230769230768,210.3283707408306
2021-12-19,Manchester City,Newcastle United,4,0,A,5,18,1,7,9,6,3,6,2,,0,,2021,A,1.0,0.0,3,0.0,0.0,0.0,1,2,3.0,2.3214285714285716,0.9821428571428572,0.5911840285541732,187.69230769230768,210.91955476938477
2021-12-26,Manchester City,Leicester City,6,3,H,17,14,9,8,11,9,14,4,1,2.0,0,0.0,2021,H,,,3,0.0,0.0,0.0,0,1,3.0,2.3333333333333335,1.6,0.31691310654488547,187.69230769230768,211.23646787592963
2021-12-29,Manchester City,Brentford,1,0,A,6,12,2,3,12,10,3,5,0,,0,,2021,A,0.0,0.0,3,0.0,0.0,0.0,1,0,3.0,2.3448275862068964,1.1111111111111112,0.5888051551544644,187.69230769230768,211.82527303108412
2022-01-01,Manchester City,Arsenal,2,1,A,7,15,2,2,13,5,5,5,2,,0,,2022,A,3.0,1.0,3,0.0,0.0,0.0,0,2,3.0,2.3559322033898304,1.6551724137931034,0.30597805050033494,187.69230769230768,212.13125108158445
2022-01-15,Manchester City,Chelsea,1,0,H,11,4,6,1,11,6,9,1,0,2.0,0,0.0,2022,H,,,3,0.0,0.0,0.0,1,0,3.0,2.3666666666666667,1.8333333333333333,0.5156242154724133,187.69230769230768,212.64687529705685
2022-01-22,Manchester City,Southampton,1,1,D,7,20,3,5,13,5,2,11,0,,0,,2022,A,3.0,0.0,1,0.0,0.0,0.0,0,0,2.3333333333333335,2.3442622950819674,1.1333333333333333,0.24954382795735275,187.69230769230768,212.8964191250142
2022-02-09,Manchester City,Brentford,2,0,H,15,6,7,2,7,13,9,3,0,0.0,0,0.0,2022,H,,,3,0.0,0.0,0.0,1,0,2.3333333333333335,2.3548387096774195,0.9583333333333334,0.6042857385487443,187.69230769230768,213.50070486356296
2022-02-12,Manchester City,Norwich City,4,0,A,8,22,3,9,7,8,4,12,2,,0,,2022,A,0.0,0.0,3,0.0,0.0,0.0,1,2,2.3333333333333335,2.365079365079365,0.7083333333333334,0.6189284507413244,187.69230769230768,214.11963331430428
2022-02-19,Manchester City,Tottenham Hotspur,2,3,A,21,6,4,5,5,7,10,0,0,3.0,0,0.0,2022,H,,,0,0.0,0.0,0.0,0,0,2.0,2.328125,1.6557377049180328,0.13660992253285778,187.69230769230768,214.25624323683715
2022-02-26,Manchester City,Everton,1,0,A,6,13,2,8,7,14,3,4,2,,0,,2022,A,3.0,0.0,3,0.0,0.0,0.0,1,2,2.0,2.3384615384615386,1.3064516129032258,0.5583226477167971,187.69230769230768,214.81456588455393
2022-03-06,Manchester City,Manchester United,4,1,H,24,5,10,2,10,14,9,3,0,1.0,0,0.0,2022,H,,,3,0.0,0.0,0.0,0,0,2.0,2.3484848484848486,1.8333333333333333,0.2986146094962878,187.69230769230768,215.11318049405023
2022-03-14,Manchester City,Crystal Palace,0,0,D,7,18,1,4,6,11,2,6,1,,0,,2022,A,3.0,0.0,1,0.0,0.0,0.0,1,1,2.3333333333333335,2.328358208955224,1.164179104477612,0.45808333467587437,187.69230769230768,215.5712638287261
2022-04-02,Manchester City,Burnley,2,0,A,3,18,1,6,11,6,1,8,0,,0,,2022,A,1.0,0.0,3,0.0,0.0,0.0,1,0,2.3333333333333335,2.338235294117647,0.9090909090909092,0.6092753480725206,187.69230769230768,216.18053917679862
2022-04-10,Manchester City,Liverpool,2,2,D,11,6,5,4,9,11,4,1,1,4.0,0,0.0,2022,H,,,1,0.0,0.0,0.0,0,1,1.6666666666666667,2.318840579710145,2.0579710144927534,0.15050806920803977,187.69230769230768,216.33104724600665
2022-04-20,Manchester City,Brighton and Hove Albion,3,0,H,17,2,5,1,12,7,7,4,0,3.0,0,0.0,2022,H,,,3,0.0,0.0,0.0,1,0,2.3333333333333335,2.3285714285714287,1.1408450704225352,0.585792288732018,187.69230769230768,216.91683953473867
2022-04-23,Manchester City,Watford,5,1,H,21,5,8,2,9,7,11,4,1,0.0,0,0.0,2022,H,,,3,0.0,0.0,0.0,0,1,2.3333333333333335,2.3380281690140845,0.6666666666666666,0.41148539782630533,187.69230769230768,217.32832493256498
2022-04-30,Manchester City,Leeds United,4,0,A,7,19,2,6,13,3,3,6,2,,0,,2022,A,1.0,0.0,3,0.0,0.0,0.0,1,2,3.0,2.3472222222222223,1.2916666666666667,0.5598207686904371,187.69230769230768,217.8881457012554
2022-05-08,Manchester City,Newcastle United,5,0,H,21,7,9,3,6,11,8,2,1,3.0,0,0.0,2022,H,,,3,0.0,0.0,0.0,1,1,3.0,2.356164383561644,1.1891891891891893,0.5755491264441069,187.69230769230768,218.46369482769953
2022-05-11,Manchester City,Wolverhampton Wanderers,5,1,A,7,16,3,5,2,10,6,2,1,,0,,2022,A,0.0,0.0,3,0.0,0.0,0.0,0,1,3.0,2.364864864864865,1.2837837837837838,0.348954490946216,187.69230769230768,218.81264931864575
2022-05-15,Manchester City,West Ham United,2,2,D,6,31,2,8,9,5,4,9,1,,0,,2022,A,3.0,0.0,1,0.0,0.0,0.0,0,1,2.3333333333333335,2.3466666666666667,1.6133333333333333,0.19556207381229382,187.69230769230768,219.00821139245804
2022-05-22,Manchester City,Aston Villa,3,2,H,24,4,5,2,5,11,13,1,0,1.0,0,0.0,2022,H,,,3,0.0,0.0,0.0,0,0,2.3333333333333335,2.3552631578947367,1.3157894736842106,0.35105601161662403,187.69230769230768,219.35926740407467
2022-08-07,Manchester City,West Ham United,2,0,A,6,14,1,2,8,4,1,4,1,,0,,2022,A,0.0,0.0,3,0.0,0.0,0.0,1,1,2.3333333333333335,2.363636363636364,1.5714285714285714,0.5368177826622789,187.69230769230768,219.89608518673694
2022-08-13,Manchester City,Bournemouth,4,0,H,19,3,7,1,9,9,11,1,0,3.0,0,0.0,2022,H,,,3,0.0,0.0,0.0,1,0,3.0,2.371794871794872,1.5,0.549400033787206,187.69230769230768,220.44548522052415
2022-08-21,Manchester City,Newcastle United,3,3,D,12,21,6,10,14,7,5,5,2,,0,,2022,A,4.0,0.0,1,0.0,0.0,0.0,0,2,2.3333333333333335,2.3544303797468356,1.2531645569620251,0.22671248350067216,187.69230769230768,220.67219770402482
2022-08-27,Manchester City,Crystal Palace,4,2,H,18,2,5,2,14,8,6,1,1,2.0,0,0.0,2022,H,,,3,0.0,0.0,0.0,0,1,2.3333333333333335,2.3625,1.2,0.35744408852263687,187.69230769230768,221.02964179254747
2022-08-31,Manchester City,Nottingham Forest,6,0,H,17,8,9,1,9,7,10,1,0,1.0,0,0.0,2022,H,,,3,0.0,0.0,0.0,1,0,2.3333333333333335,2.3703703703703702,0.8,0.620329252248271,187.69230769230768,221.64997104479573
2022-09-03,Manchester City,Aston Villa,1,1,D,3,13,1,4,7,6,1,4,0,,0,,2022,A,2.0,0.0,1,0.0,0.0,0.0,0,0,2.3333333333333335,2.3536585365853657,1.2682926829268293,0.23586874054209517,187.69230769230768,221.88583978533782
2022-09-17,Manchester City,Wolverhampton Wanderers,3,0,A,6,16,1,7,7,9,5,7,1,,0,,2022,A,2.0,1.0,3,0.0,0.0,0.0,1,1,2.3333333333333335,2.36144578313253,1.2289156626506024,0.5715237439943466,187.69230769230768,222.45736352933216
2022-10-02,Manchester City,Manchester United,6,3,H,22,12,10,8,3,9,5,1,0,3.0,0,0.0,2022,H,,,3,0.0,0.0,0.0,0,0,2.3333333333333335,2.369047619047619,1.7349397590361446,0.3085845799627026,187.69230769230768,222.76594810929487
2022-10-08,Manchester City,Southampton,4,0,H,21,5,8,0,4,8,9,1,0,1.0,0,0.0,2022,H,,,3,0.0,0.0,0.0,1,0,3.0,2.376470588235294,1.0588235294117647,0.5941033227332554,187.69230769230768,223.36005143202811
2022-10-16,Manchester City,Liverpool,0,1,H,13,16,2,6,10,7,5,6,1,,0,,2022,A,3.0,0.0,0,0.0,0.0,0.0,0,1,2.0,2.3488372093023258,2.0470588235294116,0.09161377374622226,187.69230769230768,223.45166520577436
2022-10-22,Manchester City,Brighton and Hove Albion,3,1,H,10,8,4,2,11,12,7,3,1,3.0,0,0.0,2022,H,,,3,0.0,0.0,0.0,0,1,2.0,2.3563218390804597,1.2298850574712643,0.3544159117082072,187.69230769230768,223.80608111748256
2022-10-29,Manchester City,Leicester City,1,0,A,10,15,5,5,5,10,3,10,0,,0,,2022,A,0.0,0.0,3,0.0,0.0,0.0,1,0,2.0,2.363636363636364,1.449438202247191,0.5545233320709106,187.69230769230768,224.36060444955348
2022-11-05,Manchester City,Fulham,2,1,H,16,4,5,2,6,11,9,0,2,4.0,1,0.0,2022,H,,,3,0.0,0.0,0.0,0,4,3.0,2.3707865168539324,0.903846153846154,0.3714188767101232,187.69230769230768,224.73202332626357
2022-11-12,Manchester City,Brentford,1,2,A,29,10,6,8,9,7,10,2,2,2.0,0,0.0,2022,H,,,0,0.0,0.0,0.0,0,2,2.0,2.344444444444445,1.2264150943396226,0.16942293846933,187.69230769230768,224.90144626473293
2022-12-28,Manchester City,Leeds United,3,1,A,9,26,1,9,11,14,3,5,3,,0,,2022,A,3.0,0.0,3,0.0,0.0,0.0,0,3,2.0,2.3516483516483517,1.2307692307692308,0.3436371691346799,187.69230769230768,225.2450834338676
2022-12-31,Manchester City,Everton,1,1,D,16,2,3,1,13,14,7,1,3,4.0,0,0.0,2022,H,,,1,0.0,0.0,0.0,0,3,1.3333333333333333,2.3369565217391304,1.2150537634408602,0.2252295774423252,187.69230769230768,225.47031301130994
2023-01-05,Manchester City,Chelsea,1,0,A,8,12,2,3,9,9,3,2,0,,0,,2023,A,2.0,0.0,3,0.0,0.0,0.0,1,0,2.3333333333333335,2.3440860215053765,1.7849462365591398,0.5205271568406897,187.69230769230768,225.9908401681506
2023-01-14,Manchester City,Manchester United,1,2,H,8,5,4,1,15,5,1,2,0,,0,,2023,A,3.0,0.0,0,0.0,0.0,0.0,0,0,1.3333333333333333,2.3191489361702127,1.8085106382978724,0.12112983000909155,187.69230769230768,226.1119699981597
2023-01-19,Manchester City,Tottenham Hotspur,4,2,H,16,9,6,3,10,14,8,3,1,2.0,0,0.0,2023,H,,,3,0.0,0.0,0.0,0,1,2.0,2.3263157894736843,1.7291666666666667,0.30382497694790334,187.69230769230768,226.41579497510762
2023-01-22,Manchester City,Wolverhampton Wanderers,3,0,H,13,10,7,1,10,10,5,7,1,2.0,0,0.0,2023,H,,,3,0.0,0.0,0.0,1,1,2.0,2.3333333333333335,1.1770833333333333,0.5767757820079044,187.69230769230768,226.99257075711552
2023-02-05,Manchester City,Tottenham Hotspur,0,1,H,12,15,3,5,19,14,4,6,3,,0,,2023,A,2.0,1.0,0,0.0,0.0,0.0,0,3,2.0,2.3092783505154637,1.7551020408163265,0.11050785994877349,187.69230769230768,227.10307861706428
2023-02-12,Manchester City,Aston Villa,3,1,H,17,6,9,2,13,14,8,4,1,2.0,0,0.0,2023,H,,,3,0.0,0.0,0.0,0,1,2.0,2.316326530612245,1.3061224489795915,0.3466909708550702,187.69230769230768,227.44976958791935
2023-02-15,Manchester City,Arsenal,3,1,A,10,9,1,6,11,15,1,3,3,,0,,2023,A,2.0,0.0,3,0.0,0.0,0.0,0,3,2.0,2.323232323232323,1.846938775510204,0.2812022773518408,187.69230769230768,227.73097186527121
2023-02-18,Manchester City,Nottingham Forest,1,1,D,4,26,1,6,8,6,0,10,0,,0,,2023,A,1.0,0.0,1,0.0,0.0,0.0,0,0,2.3333333333333335,2.31,1.0869565217391304,0.2542430722446283,187.69230769230768,227.98521493751582
2023-02-25,Manchester City,Bournemouth,4,1,A,13,20,2,5,10,9,4,6,2,,0,,2023,A,2.0,0.0,3,0.0,0.0,0.0,0,2,2.3333333333333335,2.3168316831683167,0.875,0.38503093560780255,187.69230769230768,228.37024587312362
2023-03-04,Manchester City,Newcastle United,2,0,H,11,5,3,2,8,13,8,4,2,4.0,0,0.0,2023,H,,,3,0.0,0.0,0.0,1,2,2.3333333333333335,2.323529411764706,1.35,0.5539100004853483,187.69230769230768,228.92415587360898
2023-03-11,Manchester City,Crystal Palace,1,0,A,4,14,0,4,11,17,2,6,2,,0,,2023,A,2.0,0.0,3,0.0,0.0,0.0,1,2,3.0,2.3300970873786406,1.1666666666666667,0.5724867005584844,187.69230769230768,229.49664257416745
2023-04-01,Manchester City,Liverpool,4,1,H,17,4,8,1,9,12,7,1,1,1.0,0,0.0,2023,H,,,3,0.0,0.0,0.0,0,1,3.0,2.3365384615384617,1.970873786407767,0.27933340966260145,187.69230769230768,229.77597598383005
2023-04-08,Manchester City,Southampton,4,1,A,4,13,1,8,6,10,0,10,2,,0,,2023,A,0.0,0.0,3,0.0,0.0,0.0,0,2,3.0,2.342857142857143,1.0,0.3723650037397553,187.69230769230768,230.1483409875698
2023-04-15,Manchester City,Leicester City,3,1,H,12,10,4,4,8,8,6,2,1,1.0,0,0.0,2023,H,,,3,0.0,0.0,0.0,0,1,3.0,2.349056603773585,1.3364485981308412,0.34361809934331045,187.69230769230768,230.49195908691314
2023-04-26,Manchester City,Arsenal,4,1,H,14,8,9,2,13,13,1,3,3,1.0,0,0.0,2023,H,,,3,0.0,0.0,0.0,0,3,3.0,2.3551401869158877,1.8807339449541285,0.2777778988426739,187.69230769230768,230.7697369857558
2023-04-30,Manchester City,Fulham,2,1,A,4,12,1,9,9,10,2,5,3,,0,,2023,A,1.0,0.0,3,0.0,0.0,0.0,0,3,3.0,2.361111111111111,1.028169014084507,0.3641661334625225,187.69230769230768,231.13390311921833
2023-05-03,Manchester City,West Ham United,3,0,H,16,6,7,2,8,8,6,3,0,1.0,0,0.0,2023,H,,,3,0.0,0.0,0.0,1,0,3.0,2.36697247706422,1.4090909090909092,0.5586116206003313,187.69230769230768,231.69251473981865
2023-05-06,Manchester City,Leeds United,2,1,H,18,4,6,2,3,16,10,1,0,3.0,0,0.0,2023,H,,,3,0.0,0.0,0.0,0,0,3.0,2.372727272727273,1.1441441441441442,0.3684483960120081,187.69230769230768,232.06096313583066
2023-05-14,Manchester City,Everton,3,0,A,7,9,3,4,12,4,8,6,0,,0,,2023,A,1.0,0.0,3,0.0,0.0,0.0,1,0,3.0,2.3783783783783785,1.1607142857142858,0.5837789917147631,187.69230769230768,232.64474212754544
2023-05-21,Manchester City,Chelsea,1,0,H,15,13,2,6,12,9,5,2,0,2.0,0,0.0,2023,H,,,3,0.0,0.0,0.0,1,0,3.0,2.3839285714285716,1.6428571428571428,0.5349246830808663,187.69230769230768,233.1796668106263
2023-05-24,Manchester City,Brighton and Hove Albion,1,1,D,20,13,7,4,16,11,5,1,1,,0,,2023,A,2.0,0.0,1,0.0,0.0,0.0,0,1,2.3333333333333335,2.3716814159292037,1.3628318584070795,0.22094475072638411,187.69230769230768,233.40061156135266
2023-05-28,Manchester City,Brentford,0,1,H,11,17,4,3,12,8,3,4,0,,0,,2023,A,4.0,0.0,0,0.0,0.0,0.0,0,0,1.3333333333333333,2.3508771929824563,1.381578947368421,0.16438973168607282,187.69230769230768,233.56500129303873
2023-08-11,Manchester City,Burnley,3,0,A,6,17,1,8,11,8,6,5,0,,0,,2023,A,0.0,1.0,3,0.0,0.0,0.0,1,0,1.3333333333333333,2.356521739130435,0.961038961038961,0.6040115841793061,187.69230769230768,234.16901287721805
2023-08-19,Manchester City,Newcastle United,1,0,H,14,7,4,1,12,11,3,0,1,5.0,0,0.0,2023,H,,,3,0.0,0.0,0.0,1,1,2.0,2.3620689655172415,1.4482758620689655,0.5492965332711925,187.69230769230768,234.71830941048924
2023-08-27,Manchester City,Sheffield United,2,1,A,6,30,2,9,11,2,1,12,0,,0,,2023,A,3.0,0.0,3,0.0,0.0,0.0,0,0,3.0,2.3675213675213675,0.5609756097560976,0.42753937940519204,187.69230769230768,235.14584878989444
2023-09-02,Manchester City,Fulham,5,1,H,7,6,5,4,12,12,4,5,2,4.0,0,0.0,2023,H,,,3,0.0,0.0,0.0,0,2,3.0,2.3728813559322033,1.05,0.36729863099253635,187.69230769230768,235.51314742088698
2023-09-16,Manchester City,West Ham United,3,1,A,6,29,3,15,7,11,4,11,2,,0,,2023,A,3.0,0.0,3,0.0,0.0,0.0,0,2,3.0,2.3781512605042017,1.4369747899159664,0.32808746040271597,187.69230769230768,235.8412348812897
2023-09-23,Manchester City,Nottingham Forest,2,0,H,7,10,4,3,5,17,6,6,3,7.0,1,0.0,2023,H,,,3,0.0,0.0,0.0,1,5,3.0,2.3833333333333333,1.0227272727272727,0.5710379856973276,187.69230769230768,236.41227286698702
2023-09-30,Manchester City,Wolverhampton Wanderers,1,2,H,3,23,1,8,18,12,0,6,4,,0,,2023,A,5.0,0.0,0,0.0,0.0,0.0,0,4,2.0,2.363636363636364,1.1900826446280992,0.1624152615869787,187.69230769230768,236.574688128574
2023-10-08,Manchester City,Arsenal,0,1,H,12,4,2,1,8,7,5,4,3,,0,,2023,A,2.0,0.0,0,0.0,0.0,0.0,0,3,1.0,2.3442622950819674,1.9180327868852456,0.09399850211742111,187.69230769230768,236.6686866306914
2023-10-21,Manchester City,Brighton and Hove Albion,2,1,H,10,5,6,3,9,11,2,2,2,2.0,1,0.0,2023,H,,,3,0.0,0.0,0.0,0,4,1.0,2.3495934959349594,1.3821138211382114,0.3229572312012343,187.69230769230768,236.99164386189267
2023-10-29,Manchester City,Manchester United,3,0,A,7,21,3,10,9,4,7,12,1,,0,,2023,A,4.0,0.0,3,0.0,0.0,0.0,1,1,2.0,2.3548387096774195,1.7903225806451613,0.5146378098057905,187.69230769230768,237.50628167169845
2023-11-04,Manchester City,Bournemouth,6,1,H,21,5,8,1,8,9,12,1,0,1.0,0,0.0,2023,H,,,3,0.0,0.0,0.0,0,0,3.0,2.36,0.9183673469387756,0.3913257842583211,187.69230769230768,237.89760745595677
2023-11-12,Manchester City,Chelsea,4,4,D,17,15,9,10,12,15,3,3,3,,0,,2023,A,5.0,0.0,1,0.0,0.0,0.0,0,3,2.3333333333333335,2.3492063492063493,1.5952380952380951,0.18670646669158228,187.69230769230768,238.08431392264833
2023-11-25,Manchester City,Liverpool,1,1,D,16,8,5,3,9,11,9,6,1,3.0,0,0.0,2023,H,,,1,0.0,0.0,0.0,0,1,1.6666666666666667,2.338582677165354,2.015748031496063,0.1547864166152542,187.69230769230768,238.2391003392636
2023-12-03,Manchester City,Tottenham Hotspur,3,3,D,18,8,4,4,14,14,10,8,4,4.0,0,0.0,2023,H,,,1,0.0,0.0,0.0,0,4,1.0,2.328125,1.71875,0.1688467439549687,187.69230769230768,238.40794708321857
2023-12-06,Manchester City,Aston Villa,0,1,H,22,2,7,2,13,13,6,0,2,,0,,2023,A,2.0,0.0,0,0.0,0.0,0.0,0,2,0.6666666666666666,2.310077519379845,1.496124031007752,0.1420940183409939,187.69230769230768,238.55004110155957
2023-12-10,Manchester City,Luton Town,2,1,A,4,18,2,6,16,6,6,3,1,,0,,2023,A,2.0,0.0,3,0.0,0.0,0.0,0,1,1.3333333333333333,2.3153846153846156,0.5625,0.42204034104967814,187.69230769230768,238.97208144260924
2023-12-16,Manchester City,Crystal Palace,2,2,D,19,5,9,2,12,9,6,1,1,1.0,0,0.0,2023,H,,,1,0.0,0.0,0.0,0,1,1.3333333333333333,2.3053435114503817,1.1755725190839694,0.23991926299456062,187.69230769230768,239.2120007056038
2023-12-27,Manchester City,Everton,3,1,A,7,23,2,9,13,5,8,4,2,,0,,2023,A,4.0,0.0,3,0.0,0.0,0.0,0,2,2.3333333333333335,2.310606060606061,1.2030075187969924,0.35179476852548297,187.69230769230768,239.56379547412928
2023-12-30,Manchester City,Sheffield United,2,0,H,18,4,4,2,5,6,12,2,1,1.0,0,0.0,2023,H,,,3,0.0,0.0,0.0,1,1,2.3333333333333335,2.3157894736842106,0.5517241379310345,0.6401418377040835,187.69230769230768,240.20393731183339
2024-01-13,Manchester City,Newcastle United,3,2,A,12,27,5,11,7,7,3,13,2,,0,,2024,A,1.0,0.0,3,0.0,0.0,0.0,0,2,3.0,2.3208955223880596,1.4370370370370371,0.32808115306036023,187.69230769230768,240.53201846489372
2024-01-31,Manchester City,Burnley,3,1,H,14,8,4,3,3,13,7,3,2,2.0,0,0.0,2024,H,,,3,0.0,0.0,0.0,0,2,3.0,2.325925925925926,0.8775510204081632,0.3847724472023322,187.69230769230768,240.91679091209608
2024-02-05,Manchester City,Brentford,3,1,A,9,25,3,15,2,4,8,13,0,,0,,2024,A,1.0,0.0,3,0.0,0.0,0.0,0,0,3.0,2.3308823529411766,1.2959183673469388,0.35306950024870887,187.69230769230768,241.26986041234477
2024-02-10,Manchester City,Everton,2,0,H,19,5,3,1,6,11,9,0,0,2.0,0,0.0,2024,H,,,3,0.0,0.0,0.0,1,0,3.0,2.335766423357664,1.181159420289855,0.5817073382622253,187.69230769230768,241.851567750607
2024-02-17,Manchester City,Chelsea,1,1,D,31,9,5,6,7,12,12,1,1,3.0,0,0.0,2024,H,,,1,0.0,0.0,0.0,0,1,2.3333333333333335,2.3260869565217392,1.5827338129496402,0.19866264533529207,187.69230769230768,242.0502303959423
2024-02-20,Manchester City,Brentford,1,0,H,25,6,11,2,12,6,10,1,2,4.0,0,0.0,2024,H,,,3,0.0,0.0,0.0,1,2,2.3333333333333335,2.3309352517985613,1.2871287128712872,0.560280587999178,187.69230769230768,242.61051098394148
2024-02-24,Manchester City,Bournemouth,1,0,A,13,15,4,6,14,6,3,8,2,,0,,2024,A,2.0,0.0,3,0.0,0.0,0.0,1,2,2.3333333333333335,2.335714285714286,1.0634920634920637,0.582941120513063,187.69230769230768,243.19345210445454
2024-03-03,Manchester City,Manchester United,3,1,H,27,3,8,1,5,10,15,2,0,1.0,0,0.0,2024,H,,,3,0.0,0.0,0.0,0,0,3.0,2.3404255319148937,1.7801418439716312,0.3040043677380101,187.69230769230768,243.49745647219254
2024-03-10,Manchester City,Liverpool,1,1,D,19,10,6,6,6,10,7,4,3,,0,,2024,A,0.0,0.0,1,0.0,0.0,0.0,0,3,2.3333333333333335,2.3309859154929575,2.056338028169014,0.1399843840126687,187.69230769230768,243.63744085620522
2024-03-31,Manchester City,Arsenal,0,0,D,12,6,1,2,9,20,7,4,0,2.0,0,0.0,2024,H,,,1,0.0,0.0,0.0,1,0,1.6666666666666667,2.3216783216783217,1.951048951048951,0.38369639152208435,187.69230769230768,244.0211372477273
2024-04-03,Manchester City,Aston Villa,4,1,H,25,8,11,3,6,13,2,3,1,2.0,0,0.0,2024,H,,,3,0.0,0.0,0.0,0,1,1.6666666666666667,2.326388888888889,1.5172413793103448,0.32529882695407547,187.69230769230768,244.34643607468138
2024-04-06,Manchester City,Crystal Palace,4,2,A,7,18,4,8,13,3,2,9,1,,0,,2024,A,1.0,0.0,3,0.0,0.0,0.0,0,1,2.3333333333333335,2.331034482758621,1.1517241379310346,0.362335758761331,187.69230769230768,244.7087718334427
2024-04-13,Manchester City,Luton Town,5,1,H,33,4,13,2,7,6,12,1,1,0.0,0,0.0,2024,H,,,3,0.0,0.0,0.0,0,1,3.0,2.335616438356164,0.7575757575757576,0.40227381101318005,187.69230769230768,245.11104564445588
2024-04-25,Manchester City,Brighton and Hove Albion,4,0,A,7,14,3,6,10,3,4,4,0,,0,,2024,A,2.0,0.0,3,0.0,0.0,0.0,1,0,3.0,2.3401360544217686,1.346938775510204,0.5649093381154273,187.69230769230768,245.6759549825713
2024-04-28,Manchester City,Nottingham Forest,2,0,A,14,11,2,5,8,6,4,5,0,,0,,2024,A,0.0,0.0,3,0.0,0.0,0.0,1,0,3.0,2.3445945945945947,0.9315068493150684,0.6070039978994213,187.69230769230768,246.28295898047074
2024-05-04,Manchester City,Wolverhampton Wanderers,5,1,H,20,2,12,1,4,17,6,0,0,4.0,0,0.0,2024,H,,,3,0.0,0.0,0.0,0,0,3.0,2.348993288590604,1.22,0.3607621151955066,187.69230769230768,246.64372109566625
2024-05-11,Manchester City,Fulham,4,0,A,1,16,1,9,9,6,1,7,0,,0,,2024,A,1.0,1.0,3,0.0,0.0,0.0,1,0,3.0,2.3533333333333335,1.0973451327433628,0.5902000267072877,187.69230769230768,247.23392112237352
2024-05-14,Manchester City,Tottenham Hotspur,2,0,A,10,8,5,5,14,11,7,4,3,,0,,2024,A,3.0,0.0,3,0.0,0.0,0.0,1,3,3.0,2.357615894039735,1.695364238410596,0.5135705454066417,187.69230769230768,247.74749166778017
2024-05-19,Manchester City,West Ham United,3,1,H,28,3,12,2,3,12,11,2,0,1.0,0,0.0,2024,H,,,3,0.0,0.0,0.0,0,0,3.0,2.361842105263158,1.4013157894736843,0.34238984770690745,187.69230769230768,248.08988151548706
2024-08-18,Manchester City,Chelsea,2,0,A,10,11,3,5,12,9,4,3,1,,0,,2024,A,1.0,0.0,3,0.0,0.0,0.0,1,1,3.0,2.366013071895425,1.6209150326797386,0.5318034454894945,187.69230769230768,248.62168496097655
2024-08-24,Manchester City,Ipswich Town,4,1,H,14,1,5,1,4,15,10,1,2,3.0,0,0.0,2024,H,,,3,0.0,0.0,0.0,0,2,3.0,2.3701298701298703,0.0,0.4736924586841337,187.69230769230768,249.0953774196607
2024-08-31,Manchester City,West Ham United,3,1,A,10,23,2,8,10,3,3,11,2,,0,,2024,A,3.0,0.0,3,0.0,0.0,0.0,0,2,3.0,2.3741935483870966,1.3935483870967742,0.3324877472777741,187.69230769230768,249.4278651669385
2024-09-14,Manchester City,Brentford,2,1,H,18,8,7,5,9,3,12,3,3,1.0,0,0.0,2024,H,,,3,0.0,0.0,0.0,0,3,3.0,2.378205128205128,1.271186440677966,0.339541796118675,187.69230769230768,249.76740696305714
2024-09-22,Manchester City,Arsenal,2,2,D,33,5,11,3,7,10,8,2,3,4.0,0,1.0,2024,H,,,1,0.0,0.0,0.0,0,3,2.3333333333333335,2.3694267515923566,2.0,0.14569297302361958,187.69230769230768,249.91309993608076
2024-09-28,Manchester City,Newcastle United,1,1,D,11,16,4,6,14,10,5,6,4,,0,,2024,A,4.0,0.0,1,0.0,0.0,0.0,0,4,1.6666666666666667,2.3607594936708862,1.4936708860759491,0.1916534377300286,187.69230769230768,250.1047533738108
2024-10-05,Manchester City,Fulham,3,2,H,20,11,7,4,4,10,8,3,2,1.0,0,0.0,2024,H,,,3,0.0,0.0,0.0,0,2,1.6666666666666667,2.3647798742138364,1.140495867768595,0.3581289150285616,187.69230769230768,250.46288228883935
2024-10-20,Manchester City,Wolverhampton Wanderers,2,1,A,3,22,2,7,8,5,1,18,1,,0,,2024,A,4.0,0.0,3,0.0,0.0,0.0,0,1,2.3333333333333335,2.36875,1.15,0.3625104612698558,187.69230769230768,250.82539275010922
2024-10-26,Manchester City,Southampton,1,0,H,22,5,8,2,9,9,12,1,1,3.0,0,0.0,2024,H,,,3,0.0,0.0,0.0,1,1,3.0,2.372670807453416,0.8861788617886179,0.6062523917414697,187.69230769230768,251.43164514185068
2024-11-02,Manchester City,Bournemouth,1,2,H,12,18,6,4,11,6,3,10,1,,0,,2024,A,2.0,0.0,0,0.0,0.0,0.0,0,1,2.0,2.3580246913580245,1.186046511627907,0.17885795998697704,187.69230769230768,251.61050310183765
2024-11-09,Manchester City,Brighton and Hove Albion,1,2,H,10,15,4,6,12,10,0,4,3,,0,,2024,A,3.0,0.0,0,0.0,0.0,0.0,0,3,1.0,2.3435582822085887,1.3558282208588956,0.15096525995097992,187.69230769230768,251.76146836178864
2024-11-23,Manchester City,Tottenham Hotspur,0,4,A,23,9,5,7,19,9,9,3,4,2.0,0,0.0,2024,H,,,0,0.0,0.0,0.0,0,4,0.0,2.3292682926829267,1.695121951219512,0.11124091400319722,187.69230769230768,251.87270927579183
2024-12-01,Manchester City,Liverpool,0,2,H,18,8,7,2,9,8,7,4,3,,0,,2024,A,1.0,0.0,0,0.0,0.0,0.0,0,3,0.0,2.315151515151515,2.084848484848485,0.07709549199803595,187.69230769230768,251.94980476778989
2024-12-04,Manchester City,Nottingham Forest,3,0,H,17,12,7,3,7,15,8,2,2,4.0,0,0.0,2024,H,,,3,0.0,0.0,0.0,1,2,1.0,2.319277108433735,1.0666666666666669,0.5826194460529222,187.69230769230768,252.5324242138428
2024-12-07,Manchester City,Crystal Palace,2,2,D,12,12,3,4,4,10,6,8,0,,1,,2024,A,1.0,0.0,1,0.0,0.0,0.0,0,2,1.3333333333333333,2.311377245508982,1.1916167664670658,0.23294896446897617,187.69230769230768,252.7653731783118
2024-12-15,Manchester City,Manchester United,1,2,A,10,10,3,3,5,14,8,2,1,1.0,0,0.0,2024,H,,,0,0.0,0.0,0.0,0,1,1.3333333333333333,2.297619047619047,1.7202380952380951,0.12472968636704956,187.69230769230768,252.89010286467882
2024-12-21,Manchester City,Aston Villa,1,2,H,11,12,6,6,14,7,5,4,3,,0,,2024,A,3.0,0.0,0,0.0,0.0,0.0,0,3,0.3333333333333333,2.284023668639054,1.5207100591715976,0.1342582029082033,187.69230769230768,253.02436106758702
2024-12-26,Manchester City,Everton,1,1,D,24,8,5,3,5,10,8,5,1,4.0,0,0.0,2024,H,,,1,0.0,0.0,0.0,0,1,0.3333333333333333,2.276470588235294,1.1775147928994083,0.23972245733203712,187.69230769230768,253.26408352491904
2024-12-29,Manchester City,Leicester City,2,0,A,11,14,4,5,11,6,4,4,1,,0,,2024,A,2.0,0.0,3,0.0,0.0,0.0,1,1,1.3333333333333333,2.280701754385965,1.2481203007518795,0.5695777868924163,187.69230769230768,253.83366131181148
2025-01-04,Manchester City,West Ham United,4,1,H,10,17,7,4,8,13,7,1,2,1.0,0,0.0,2025,H,,,3,0.0,0.0,0.0,0,2,2.3333333333333335,2.2848837209302326,1.372093023255814,0.3346617646906842,187.69230769230768,254.16832307650216
2025-01-14,Manchester City,Brentford,2,2,D,18,21,6,8,4,4,4,5,0,,0,,2025,A,0.0,0.0,1,0.0,0.0,0.0,0,0,2.3333333333333335,2.277456647398844,1.274074074074074,0.23528292689110689,187.69230769230768,254.40360600339326
2025-01-19,Manchester City,Ipswich Town,6,0,A,8,17,4,9,4,7,4,7,1,,0,,2025,A,0.0,0.0,3,0.0,0.0,0.0,1,1,2.3333333333333335,2.281609195402299,0.7272727272727273,0.622353945927014,187.69230769230768,255.02595994932028
2025-01-25,Manchester City,Chelsea,3,1,H,15,10,6,4,6,8,2,4,3,2.0,0,0.0,2025,H,,,3,0.0,0.0,0.0,0,3,2.3333333333333335,2.2857142857142856,1.6457142857142857,0.30159184277534223,187.69230769230768,255.32755179209562
2025-02-02,Manchester City,Arsenal,1,5,H,12,7,7,4,6,7,5,2,0,,0,,2025,A,2.0,0.0,0,0.0,0.0,0.0,0,0,2.0,2.272727272727273,2.0056818181818183,0.10115097616307109,187.69230769230768,255.4287027682587
2025-02-15,Manchester City,Newcastle United,4,0,H,11,3,7,1,5,13,7,4,0,1.0,0,0.0,2025,H,,,3,0.0,0.0,0.0,1,0,2.0,2.2768361581920904,1.502824858757062,0.5491137980387757,187.69230769230768,255.97781656629746
2025-02-23,Manchester City,Liverpool,0,2,A,16,8,5,4,3,10,7,5,0,0.0,0,0.0,2025,H,,,0,0.0,0.0,0.0,0,0,1.0,2.264044943820225,2.089385474860335,0.09266949766229898,187.69230769230768,256.0704860639598
2025-02-26,Manchester City,Tottenham Hotspur,1,0,A,11,12,6,5,12,15,8,3,0,,0,,2025,A,3.0,0.0,3,0.0,0.0,0.0,1,0,2.0,2.2681564245810057,1.6312849162011174,0.5360972673559609,187.69230769230768,256.60658333131573
2025-03-08,Manchester City,Nottingham Forest,0,1,H,9,14,4,3,9,7,3,2,2,,0,,2025,A,3.0,0.0,0,0.0,0.0,0.0,0,2,1.0,2.2555555555555555,1.2019230769230769,0.17190465226060195,187.69230769230768,256.7784879835763
2025-03-15,Manchester City,Brighton and Hove Albion,2,2,D,11,15,3,3,10,10,4,5,2,5.0,0,0.0,2025,H,,,1,0.0,0.0,0.0,0,2,1.3333333333333333,2.248618784530387,1.3756906077348066,0.2142972306114805,187.69230769230768,256.99278521418785
2025-04-02,Manchester City,Leicester City,2,0,H,18,2,5,0,11,8,5,0,1,4.0,0,0.0,2025,H,,,3,0.0,0.0,0.0,1,1,1.3333333333333333,2.2527472527472527,1.1736111111111112,0.5771276134486834,187.69230769230768,257.5699128276365
2025-04-06,Manchester City,Manchester United,0,0,D,13,9,2,5,13,9,5,3,2,,0,,2025,A,3.0,0.0,1,0.0,0.0,0.0,1,2,1.6666666666666667,2.2459016393442623,1.6666666666666667,0.4018229730862951,187.69230769230768,257.9717358007228
2025-04-12,Manchester City,Crystal Palace,5,2,H,21,8,9,3,10,16,1,4,2,3.0,0,0.0,2025,H,,,3,0.0,0.0,0.0,0,2,2.3333333333333335,2.25,1.2513661202185793,0.34689471451876397,187.69230769230768,258.3186305152416
2025-04-19,Manchester City,Everton,2,0,A,8,12,3,7,7,6,2,5,0,,0,,2025,A,4.0,0.0,3,0.0,0.0,0.0,1,0,2.3333333333333335,2.254054054054054,1.1891891891891893,0.5808937022158642,187.69230769230768,258.89952421745744
2025-04-22,Manchester City,Aston Villa,2,1,H,14,7,6,3,9,10,10,2,3,3.0,0,0.0,2025,H,,,3,0.0,0.0,0.0,0,3,3.0,2.2580645161290325,1.5376344086021505,0.31254330165381605,187.69230769230768,259.21206751911126
2025-05-02,Manchester City,Wolverhampton Wanderers,1,0,H,9,6,2,1,7,11,4,5,0,0.0,0,0.0,2025,H,,,3,0.0,0.0,0.0,1,0,3.0,2.2620320855614975,1.1978609625668448,0.580015013489652,187.69230769230768,259.7920825326009
2025-05-10,Manchester City,Southampton,0,0,D,2,26,0,5,9,8,1,15,0,,0,,2025,A,2.0,0.0,1,0.0,0.0,0.0,1,0,2.3333333333333335,2.25531914893617,0.8,0.500329252248271,187.69230769230768,260.29241178484915
2025-05-20,Manchester City,Bournemouth,3,1,H,12,8,5,2,7,13,3,1,1,3.0,1,1.0,2025,H,,,3,0.0,0.0,0.0,0,3,2.3333333333333335,2.259259259259259,1.238938053097345,0.34280944315827927,187.69230769230768,260.6352212280074
2025-05-25,Manchester City,Fulham,2,0,A,13,20,3,5,11,5,1,6,0,,0,,2025,A,0.0,0.0,3,0.0,0.0,0.0,1,0,2.3333333333333335,2.263157894736842,1.1907894736842106,0.5807315494607967,187.69230769230768,261.21595277746826
2025-08-16,Manchester City,Wolverhampton Wanderers,4,0,A,9,15,3,4,13,7,4,6,2,,0,,2025,A,1.0,0.0,3,0.0,0.0,0.0,1,2,3.0,2.2670157068062826,1.1780104712041886,0.5713372617153107,187.69230769230768,261.7872900391835
2025-08-23,Manchester City,Tottenham Hotspur,0,2,A,10,12,4,5,7,12,7,2,1,4.0,0,0.0,2025,H,,,0,0.0,0.0,0.0,0,1,2.0,2.2552083333333335,1.578125,0.1391296446217938,187.69230769230768,261.92641968380536
2025-08-31,Manchester City,Brighton and Hove Albion,1,2,H,12,12,7,3,16,14,3,2,2,,0,,2025,A,2.0,0.0,0,0.0,0.0,0.0,0,2,1.0,2.243523316062176,1.383419689119171,0.1535140624657449,187.69230769230768,262.0799337462711
2025-09-14,Manchester City,Manchester United,3,0,H,13,12,6,2,8,8,2,4,0,0.0,0,0.0,2025,H,,,3,0.0,0.0,0.0,1,0,1.0,2.247422680412371,1.61340206185567,0.5379092914739261,187.69230769230768,262.61784303774505
2025-09-21,Manchester City,Arsenal,1,1,D,12,5,3,3,11,10,11,2,2,,0,,2025,A,1.0,0.0,1,0.0,0.0,0.0,0,2,1.3333333333333333,2.241025641025641,1.984615384615385,0.15259643271759804,187.69230769230768,262.77043947046263
2025-09-27,Manchester City,Burnley,5,1,H,21,9,8,2,5,7,10,2,1,3.0,0,0.0,2025,H,,,3,0.0,0.0,0.0,0,1,2.3333333333333335,2.2448979591836733,0.85,0.39290869775316933,187.69230769230768,263.16334816821575
2025-10-05,Manchester City,Brentford,1,0,A,6,10,1,4,10,6,3,2,2,,0,,2025,A,3.0,0.0,3,0.0,0.0,0.0,1,2,2.3333333333333335,2.248730964467005,1.30188679245283,0.5587851893553137,187.69230769230768,263.7221333575711
2025-10-18,Manchester City,Everton,2,0,H,19,5,7,1,8,14,11,3,0,2.0,0,0.0,2025,H,,,3,0.0,0.0,0.0,1,0,3.0,2.2525252525252526,1.2171717171717171,0.5780583038724849,187.69230769230768,264.3001916614436
2025-10-26,Manchester City,Aston Villa,0,1,H,9,18,3,4,8,16,5,6,4,,0,,2025,A,1.0,0.0,0,0.0,0.0,0.0,0,4,2.0,2.241206030150754,1.5577889447236182,0.1251565180312859,187.69230769230768,264.4253481794749
2025-11-02,Manchester City,Bournemouth,3,1,H,15,8,8,5,8,11,10,4,2,2.0,0,0.0,2025,H,,,3,0.0,0.0,0.0,0,2,2.0,2.245,1.2983870967741935,0.3421301986353843,187.69230769230768,264.76747837811024
2025-11-09,Manchester City,Liverpool,3,0,H,14,7,6,1,14,15,7,7,2,4.0,0,0.0,2025,H,,,3,0.0,0.0,0.0,1,2,2.0,2.2487562189054726,2.0497512437810945,0.4830059878588467,187.69230769230768,265.2504843659691
2020-09-19,Manchester United,Crystal Palace,1,3,A,13,14,4,5,13,10,9,3,2,1.0,0,0.0,2020,H,,,0,0.0,0.0,0.0,0,2,0.0,0.0,3.0,-0.010289906149001549,160.76923076923077,160.75894086308176
2020-09-26,Manchester United,Brighton and Hove Albion,3,2,A,18,7,5,3,18,16,7,1,2,,0,,2020,A,4.0,0.0,3,0.0,0.0,0.0,0,2,1.5,1.5,1.0,0.3723650037397553,160.76923076923077,161.13130586682152
2020-10-04,Manchester United,Tottenham Hotspur,1,6,A,5,22,2,8,14,10,2,4,2,1.0,1,0.0,2020,H,,,0,0.0,0.0,0.0,0,4,1.0,1.0,1.75,0.10568026098795691,160.76923076923077,161.23698612780947
2020-10-17,Manchester United,Newcastle United,4,1,A,7,28,4,14,9,12,0,7,1,,0,,2020,A,1.0,0.0,3,0.0,0.0,0.0,0,1,2.0,1.5,1.4,0.3371785975337612,160.76923076923077,161.57416472534325
2020-10-24,Manchester United,Chelsea,0,0,D,14,6,4,1,8,6,9,6,3,1.0,0,0.0,2020,H,,,1,0.0,0.0,0.0,1,3,1.3333333333333333,1.4,1.5,0.41336630647193423,160.76923076923077,161.98753103181517
2020-11-01,Manchester United,Arsenal,0,1,A,8,7,2,2,12,12,6,3,3,3.0,0,0.0,2020,H,,,0,0.0,0.0,0.0,0,3,1.3333333333333333,1.1666666666666667,1.7142857142857142,0.11464367443629914,160.76923076923077,162.10217470625147
2020-11-07,Manchester United,Everton,3,1,A,7,13,1,5,12,19,5,2,2,,0,,2020,A,4.0,0.0,3,0.0,0.0,0.0,0,2,1.3333333333333333,1.4285714285714286,1.625,0.30903534439951874,160.76923076923077,162.411210050651
2020-11-21,Manchester United,West Brom,1,0,H,17,7,7,2,12,17,8,2,1,1.0,0,0.0,2020,H,,,3,0.0,0.0,0.0,1,1,2.0,1.625,0.3333333333333333,0.6622708221172235,160.76923076923077,163.07348087276822
2020-11-29,Manchester United,Southampton,3,2,A,10,15,5,6,12,12,5,9,0,,0,,2020,A,1.0,0.0,3,0.0,0.0,0.0,0,0,3.0,1.7777777777777777,1.7,0.312124936822205,160.76923076923077,163.38560580959043
2020-12-05,Manchester United,West Ham United,3,1,A,19,15,6,6,9,10,5,4,0,,0,,2020,A,0.0,0.0,3,0.0,0.0,0.0,0,0,3.0,1.9,1.5454545454545454,0.327784634404518,160.76923076923077,163.71339044399494
2020-12-12,Manchester United,Manchester City,0,0,D,11,9,2,2,13,6,4,3,1,1.0,0,0.0,2020,H,,,1,0.0,0.0,0.0,1,1,2.3333333333333335,1.818181818181818,1.7272727272727273,0.40102649098263554,160.76923076923077,164.11441693497758
2020-12-17,Manchester United,Sheffield United,3,2,A,12,14,6,8,17,8,6,3,2,,0,,2020,A,3.0,0.0,3,0.0,0.0,0.0,0,2,2.3333333333333335,1.9166666666666667,0.0769230769230769,0.4658980390730276,160.76923076923077,164.5803149740506
2020-12-20,Manchester United,Leeds United,6,2,H,26,17,14,3,6,6,11,13,1,0.0,0,0.0,2020,H,,,3,0.0,0.0,0.0,0,1,2.3333333333333335,2.0,1.2142857142857142,0.35599655345200293,160.76923076923077,164.9363115275026
2020-12-26,Manchester United,Leicester City,2,2,D,10,9,2,4,10,17,5,0,1,,0,,2020,A,2.0,0.0,1,0.0,0.0,0.0,0,1,2.3333333333333335,1.9285714285714288,1.8666666666666667,0.16989245189305127,160.76923076923077,165.10620397939567
2020-12-29,Manchester United,Wolverhampton Wanderers,1,0,H,11,9,3,5,11,7,2,2,1,1.0,0,0.0,2020,H,,,3,0.0,0.0,0.0,1,1,2.3333333333333335,2.0,1.3125,0.5630543558175198,160.76923076923077,165.6692583352132
2021-01-01,Manchester United,Aston Villa,2,1,H,19,5,9,5,22,10,5,10,4,0.0,0,0.0,2021,H,,,3,0.0,0.0,0.0,0,4,2.3333333333333335,2.0625,1.7333333333333334,0.28736905190369655,160.76923076923077,165.95662738711687
2021-01-12,Manchester United,Burnley,1,0,A,11,13,0,7,15,13,3,4,2,,0,,2021,A,1.0,0.0,3,0.0,0.0,0.0,1,2,3.0,2.1176470588235294,1.0,0.5893746097158807,160.76923076923077,166.54600199683276
2021-01-17,Manchester United,Liverpool,0,0,D,17,8,3,4,15,6,7,3,1,,0,,2021,A,2.0,0.0,1,0.0,0.0,0.0,1,1,2.3333333333333335,2.0555555555555554,1.8888888888888888,0.38465033664819054,160.76923076923077,166.93065233348094
2021-01-20,Manchester United,Fulham,2,1,A,12,15,5,5,6,10,2,8,1,,0,,2021,A,3.0,0.0,3,0.0,0.0,0.0,0,1,2.3333333333333335,2.1052631578947367,0.6666666666666666,0.41148539782630533,160.76923076923077,167.34213773130725
2021-01-27,Manchester United,Sheffield United,1,2,A,16,5,4,3,10,12,7,2,1,1.0,0,0.0,2021,H,,,0,0.0,0.0,0.0,0,1,1.3333333333333333,2.0,0.4,0.2585060524781396,160.76923076923077,167.6006437837854
2021-01-30,Manchester United,Arsenal,0,0,D,17,14,3,3,9,16,4,7,3,,0,,2021,A,1.0,0.0,1,0.0,0.0,0.0,1,3,1.3333333333333333,1.9523809523809523,1.4761904761904765,0.4157788649229909,160.76923076923077,168.01642264870839
2021-02-02,Manchester United,Southampton,9,0,H,24,3,14,1,11,6,5,3,2,3.0,0,2.0,2021,H,,,3,0.0,0.0,0.0,1,2,1.3333333333333333,2.0,1.380952380952381,0.5507736744989746,160.76923076923077,168.56719632320736
2021-02-06,Manchester United,Everton,3,3,D,14,6,5,3,14,10,5,1,2,1.0,0,0.0,2021,H,,,1,0.0,0.0,0.0,0,2,1.6666666666666667,1.9565217391304348,1.761904761904762,0.17516313330594313,160.76923076923077,168.7423594565133
2021-02-14,Manchester United,West Brom,1,1,D,7,10,3,7,13,10,4,5,0,,0,,2021,A,5.0,0.0,1,0.0,0.0,0.0,0,0,1.6666666666666667,1.9166666666666667,0.5416666666666666,0.30949590546610994,160.76923076923077,169.05185536197942
2021-02-21,Manchester United,Newcastle United,3,1,H,15,10,7,6,9,11,6,4,1,2.0,0,0.0,2021,H,,,3,0.0,0.0,0.0,0,1,1.6666666666666667,1.96,1.0,0.37770957951151257,160.76923076923077,169.42956494149092
2021-02-28,Manchester United,Chelsea,0,0,D,18,11,6,4,11,12,3,4,2,,0,,2021,A,1.0,0.0,1,0.0,0.0,0.0,1,2,1.6666666666666667,1.9230769230769231,1.6923076923076923,0.39922483321592644,160.76923076923077,169.82878977470685
2021-03-03,Manchester United,Crystal Palace,0,0,D,8,11,2,1,4,13,4,6,0,,0,,2021,A,1.0,0.0,1,0.0,0.0,0.0,1,0,1.6666666666666667,1.8888888888888888,1.2592592592592593,0.4537936803478898,160.76923076923077,170.28258345505475
2021-03-07,Manchester United,Manchester City,2,0,A,23,8,6,6,9,12,6,2,3,,0,,2021,A,0.0,0.0,3,0.0,0.0,0.0,1,3,1.6666666666666667,1.9285714285714288,2.3214285714285716,0.45013303991048054,160.76923076923077,170.73271649496522
2021-03-14,Manchester United,West Ham United,1,0,H,15,7,4,0,12,2,6,3,4,0.0,0,0.0,2021,H,,,3,0.0,0.0,0.0,1,4,2.3333333333333335,1.9655172413793105,1.7142857142857142,0.5063087046406674,160.76923076923077,171.2390251996059
2021-04-04,Manchester United,Brighton and Hove Albion,2,1,H,15,5,7,3,14,7,5,6,2,2.0,0,0.0,2021,H,,,3,0.0,0.0,0.0,0,2,3.0,2.0,1.0666666666666669,0.3656098400767967,160.76923076923077,171.60463503968268
2021-04-11,Manchester United,Tottenham Hotspur,3,1,A,12,12,3,7,11,15,7,5,5,,0,,2021,A,1.0,0.0,3,0.0,0.0,0.0,0,5,3.0,2.032258064516129,1.5806451612903225,0.2974959800051669,160.76923076923077,171.90213101968786
2021-04-18,Manchester United,Burnley,3,1,H,17,10,9,3,9,12,8,3,1,2.0,0,0.0,2021,H,,,3,0.0,0.0,0.0,0,1,3.0,2.0625,1.03125,0.37454309654450074,160.76923076923077,172.27667411623236
2021-04-25,Manchester United,Leeds United,0,0,D,6,16,3,4,21,11,2,6,1,,0,,2021,A,4.0,0.0,1,0.0,0.0,0.0,1,1,2.3333333333333335,2.0303030303030303,1.4242424242424243,0.43173178035971993,160.76923076923077,172.70840589659207
2021-05-09,Manchester United,Aston Villa,3,1,A,11,18,5,7,13,18,5,6,1,,0,,2021,A,1.0,1.0,3,0.0,0.0,0.0,0,1,2.3333333333333335,2.0588235294117645,1.411764705882353,0.3359865098285332,160.76923076923077,173.0443924064206
2021-05-11,Manchester United,Leicester City,1,2,A,4,12,1,3,9,12,3,4,0,0.0,0,0.0,2021,H,,,0,0.0,0.0,0.0,0,0,1.3333333333333333,2.0,1.8333333333333333,0.11861460949628785,160.76923076923077,173.1630070159169
2021-05-13,Manchester United,Liverpool,2,4,A,18,17,3,8,10,12,6,4,3,0.0,0,0.0,2021,H,,,0,0.0,0.0,0.0,0,3,1.0,1.9444444444444444,1.7142857142857142,0.11464367443629914,160.76923076923077,173.2776506903532
2021-05-18,Manchester United,Fulham,1,1,D,13,8,6,5,10,15,6,1,2,3.0,0,0.0,2021,H,,,1,0.0,0.0,0.0,0,2,0.3333333333333333,1.9189189189189189,0.7567567567567568,0.27701222251000945,160.76923076923077,173.5546629128632
2021-05-23,Manchester United,Wolverhampton Wanderers,2,1,A,14,9,4,4,14,3,6,2,1,,0,,2021,A,4.0,0.0,3,0.0,0.0,0.0,0,1,1.3333333333333333,1.9473684210526316,1.1842105263157894,0.3590439957059692,160.76923076923077,173.91370690856917
2021-08-14,Manchester United,Leeds United,5,1,H,16,10,8,3,11,9,5,4,1,2.0,0,0.0,2021,H,,,3,0.0,0.0,0.0,0,1,2.3333333333333335,1.9743589743589745,1.5128205128205128,0.325746782104139,160.76923076923077,174.23945369067332
2021-08-22,Manchester United,Southampton,1,1,D,8,15,3,4,12,10,7,7,3,,0,,2021,A,2.0,0.0,1,0.0,0.0,0.0,0,3,2.3333333333333335,1.95,1.1,0.23688768247356012,160.76923076923077,174.47634137314688
2021-08-29,Manchester United,Wolverhampton Wanderers,1,0,A,15,10,6,3,7,9,5,7,4,,0,,2021,A,3.0,0.0,3,0.0,0.0,0.0,1,4,2.3333333333333335,1.975609756097561,1.0975609756097562,0.5687998528119389,160.76923076923077,175.04514122595882
2021-09-11,Manchester United,Newcastle United,4,1,H,21,12,7,3,9,2,7,3,1,0.0,0,0.0,2021,H,,,3,0.0,0.0,0.0,0,1,2.3333333333333335,2.0,1.0952380952380951,0.36805934570728605,160.76923076923077,175.4132005716661
2021-09-19,Manchester United,West Ham United,2,1,A,13,17,4,10,5,8,2,11,0,,0,,2021,A,0.0,0.0,3,0.0,0.0,0.0,0,0,3.0,2.0232558139534884,1.697674418604651,0.31236058206626166,160.76923076923077,175.72556115373237
2021-09-25,Manchester United,Aston Villa,0,1,A,28,7,4,3,9,13,5,5,2,2.0,0,0.0,2021,H,,,0,0.0,0.0,0.0,0,2,2.0,1.9772727272727273,1.4772727272727273,0.1440041729708474,160.76923076923077,175.8695653267032
2021-10-02,Manchester United,Everton,1,1,D,13,12,6,2,10,9,10,1,1,1.0,0,0.0,2021,H,,,1,0.0,0.0,0.0,0,1,1.3333333333333333,1.9555555555555555,1.6222222222222222,0.19466138532389934,160.76923076923077,176.0642267120271
2021-10-16,Manchester United,Leicester City,2,4,H,22,18,11,6,5,17,4,3,3,,0,,2021,A,0.0,0.0,0,0.0,0.0,0.0,0,3,0.3333333333333333,1.9130434782608696,1.673913043478261,0.11873453441852558,160.76923076923077,176.18296124644564
2021-10-24,Manchester United,Liverpool,0,5,A,12,19,4,8,10,8,6,3,6,0.0,1,0.0,2021,H,,,0,0.0,0.0,0.0,0,8,0.3333333333333333,1.872340425531915,1.9148936170212767,0.06759370735158873,160.76923076923077,176.25055495379723
2021-10-30,Manchester United,Tottenham Hotspur,3,0,A,9,10,0,4,12,14,10,2,3,,0,,2021,A,2.0,0.0,3,0.0,0.0,0.0,1,3,1.0,1.8958333333333333,1.6041666666666667,0.5228113632485615,160.76923076923077,176.77336631704577
2021-11-06,Manchester United,Manchester City,0,2,A,5,16,1,5,9,12,1,9,1,2.0,0,0.0,2021,H,,,0,0.0,0.0,0.0,0,1,1.0,1.8571428571428572,2.2244897959183674,0.07363514488574308,160.76923076923077,176.8470014619315
2021-11-20,Manchester United,Watford,1,4,H,20,9,7,3,7,5,9,3,1,,1,,2021,A,2.0,0.0,0,0.0,0.0,0.0,0,3,1.0,1.82,1.0833333333333333,0.1785764733892998,160.76923076923077,177.02557793532083
2021-11-28,Manchester United,Chelsea,1,1,D,24,3,6,2,13,14,15,2,5,,0,,2021,A,2.0,0.0,1,0.0,0.0,0.0,0,5,0.3333333333333333,1.803921568627451,1.9019607843137256,0.14493788569033816,160.76923076923077,177.17051582101115
2021-12-02,Manchester United,Arsenal,3,2,H,14,17,10,8,9,10,3,8,1,0.0,0,0.0,2021,H,,,3,0.0,0.0,0.0,0,1,1.3333333333333333,1.8269230769230769,1.6153846153846154,0.3153542226226643,160.76923076923077,177.48587004363384
2021-12-05,Manchester United,Crystal Palace,1,0,H,16,8,3,2,16,9,9,6,2,2.0,0,0.0,2021,H,,,3,0.0,0.0,0.0,1,2,2.3333333333333335,1.849056603773585,1.1320754716981132,0.5759917383081326,160.76923076923077,178.06186178194196
2021-12-11,Manchester United,Norwich City,1,0,A,11,13,5,5,6,17,8,6,1,,0,,2021,A,1.0,0.0,3,0.0,0.0,0.0,1,1,3.0,1.8703703703703705,0.625,0.6327169810917799,160.76923076923077,178.69457876303375
2021-12-27,Manchester United,Newcastle United,1,1,D,13,13,8,4,11,8,2,4,3,,0,,2021,A,3.0,0.0,1,0.0,0.0,0.0,0,3,2.3333333333333335,1.8545454545454545,0.9824561403508772,0.248798102616145,160.76923076923077,178.9433768656499
2021-12-30,Manchester United,Burnley,3,1,H,18,10,6,3,5,10,7,5,0,0.0,0,0.0,2021,H,,,3,0.0,0.0,0.0,0,0,2.3333333333333335,1.875,0.925925925925926,0.3905598926865571,160.76923076923077,179.33393675833645
2022-01-03,Manchester United,Wolverhampton Wanderers,0,1,A,9,19,2,6,9,8,3,8,3,1.0,0,0.0,2022,H,,,0,0.0,0.0,0.0,0,3,1.3333333333333333,1.8421052631578947,1.280701754385965,0.15857763359764615,160.76923076923077,179.4925143919341
2022-01-15,Manchester United,Aston Villa,2,2,D,13,13,9,6,8,13,3,6,2,,0,,2022,A,1.0,0.0,1,0.0,0.0,0.0,0,2,1.3333333333333333,1.827586206896552,1.3448275862068966,0.2174245020347972,160.76923076923077,179.70993889396888
2022-01-19,Manchester United,Brentford,3,1,A,18,13,8,5,7,9,6,9,0,,0,,2022,A,0.0,0.0,3,0.0,0.0,0.0,0,0,1.3333333333333333,1.847457627118644,1.0454545454545454,0.37844836187670716,160.76923076923077,180.0883872558456
2022-01-22,Manchester United,West Ham United,1,0,H,18,6,3,1,9,8,3,3,1,1.0,0,0.0,2022,H,,,3,0.0,0.0,0.0,1,1,2.3333333333333335,1.8666666666666667,1.6721311475409837,0.5266138469184656,160.76923076923077,180.61500110276407
2022-02-08,Manchester United,Burnley,1,1,D,9,22,3,5,11,10,2,10,1,,0,,2022,A,2.0,0.0,1,0.0,0.0,0.0,0,1,2.3333333333333335,1.852459016393443,0.913793103448276,0.2664447049377521,160.76923076923077,180.88144580770182
2022-02-12,Manchester United,Southampton,1,1,D,12,13,8,4,12,13,1,4,4,0.0,0,0.0,2022,H,,,1,0.0,0.0,0.0,0,4,1.6666666666666667,1.8387096774193548,1.1612903225806452,0.2253327143019861,160.76923076923077,181.1067785220038
2022-02-15,Manchester United,Brighton and Hove Albion,2,0,H,19,10,7,3,8,10,10,2,3,1.0,0,1.0,2022,H,,,3,0.0,0.0,0.0,1,3,1.6666666666666667,1.8571428571428572,1.1935483870967742,0.564418268471018,160.76923076923077,181.67119679047482
2022-02-20,Manchester United,Leeds United,4,2,A,16,15,6,9,13,19,3,3,3,,0,,2022,A,6.0,0.0,3,0.0,0.0,0.0,0,3,2.3333333333333335,1.875,1.3225806451612905,0.3343341521794888,160.76923076923077,182.0055309426543
2022-02-26,Manchester United,Watford,0,0,D,22,10,3,2,2,7,4,3,0,0.0,0,0.0,2022,H,,,1,0.0,0.0,0.0,1,0,2.3333333333333335,1.8615384615384616,0.7307692307692307,0.5073442298982664,160.76923076923077,182.51287517255258
2022-03-06,Manchester United,Manchester City,1,4,H,24,5,10,2,10,14,9,3,1,,0,,2022,A,0.0,0.0,0,0.0,0.0,0.0,0,1,1.3333333333333333,1.8333333333333333,2.3484848484848486,0.06107104178348713,160.76923076923077,182.57394621433605
2022-03-12,Manchester United,Tottenham Hotspur,3,2,H,10,10,6,3,8,7,4,5,2,1.0,0,0.0,2022,H,,,3,0.0,0.0,0.0,0,2,1.3333333333333333,1.8507462686567164,1.646153846153846,0.30689187900646464,160.76923076923077,182.8808380933425
2022-04-02,Manchester United,Leicester City,1,1,D,11,11,5,3,13,6,6,5,2,2.0,0,0.0,2022,H,,,1,0.0,0.0,0.0,0,2,1.3333333333333333,1.838235294117647,1.5606060606060606,0.1955602183921492,160.76923076923077,183.07639831173466
2022-04-09,Manchester United,Everton,0,1,H,7,12,3,4,4,10,5,7,2,,0,,2022,A,2.0,0.0,0,0.0,0.0,0.0,0,2,1.3333333333333333,1.8115942028985508,1.2794117647058822,0.16405292074059075,160.76923076923077,183.24045123247527
2022-04-16,Manchester United,Norwich City,3,2,H,20,15,9,4,7,6,6,7,0,0.0,0,0.0,2022,H,,,3,0.0,0.0,0.0,0,0,1.3333333333333333,1.8285714285714283,0.65625,0.41788546792039993,160.76923076923077,183.65833670039567
2022-04-19,Manchester United,Liverpool,0,4,H,14,2,5,1,3,6,10,2,2,,0,,2022,A,1.0,0.0,0,0.0,0.0,0.0,0,2,1.0,1.8028169014084507,2.0714285714285716,0.08379987344220696,160.76923076923077,183.74213657383785
2022-04-23,Manchester United,Arsenal,1,3,H,14,14,7,5,9,12,1,7,4,,0,,2022,A,3.0,0.0,0,0.0,0.0,0.0,0,4,1.0,1.7777777777777777,1.704225352112676,0.1103184895593545,160.76923076923077,183.85245506339723
2022-04-28,Manchester United,Chelsea,1,1,D,6,21,3,6,9,12,2,9,0,1.0,0,0.0,2022,H,,,1,0.0,0.0,0.0,0,0,0.3333333333333333,1.7671232876712328,1.8732394366197185,0.17457102561353094,160.76923076923077,184.02702608901075
2022-05-02,Manchester United,Brentford,3,0,H,9,12,5,4,4,6,3,8,1,0.0,0,0.0,2022,H,,,3,0.0,0.0,0.0,1,1,1.3333333333333333,1.7837837837837838,1.1428571428571428,0.5802438347812983,160.76923076923077,184.60726992379205
2022-05-07,Manchester United,Brighton and Hove Albion,0,4,H,17,15,6,5,13,9,7,6,2,,0,,2022,A,0.0,0.0,0,0.0,0.0,0.0,0,2,1.3333333333333333,1.76,1.1891891891891893,0.17319494469622423,160.76923076923077,184.78046486848828
2022-05-22,Manchester United,Crystal Palace,0,1,H,6,10,3,4,12,22,3,6,4,,0,,2022,A,2.0,0.0,0,0.0,0.0,0.0,0,4,1.0,1.736842105263158,1.2105263157894737,0.16034375641847684,160.76923076923077,184.94080862490677
2022-08-07,Manchester United,Brighton and Hove Albion,1,2,A,17,15,5,4,7,12,6,2,4,1.0,0,0.0,2022,H,,,0,0.0,0.0,0.0,0,4,0.0,1.7142857142857142,1.2337662337662338,0.15798891467677562,160.76923076923077,185.09879753958353
2022-08-13,Manchester United,Brentford,0,4,H,13,15,7,4,6,15,8,2,4,,0,,2022,A,0.0,0.0,0,0.0,0.0,0.0,0,4,0.0,1.6923076923076923,1.25,0.1563439884601461,160.76923076923077,185.25514152804368
2022-08-22,Manchester United,Liverpool,2,1,H,12,17,4,5,11,7,6,8,3,1.0,0,0.0,2022,H,,,3,0.0,0.0,0.0,0,3,1.0,1.7088607594936709,2.0632911392405062,0.2592798429638488,160.76923076923077,185.51442137100753
2022-08-27,Manchester United,Southampton,1,0,A,17,11,5,6,4,14,5,3,3,,0,,2022,A,0.0,0.0,3,0.0,0.0,0.0,1,3,2.0,1.725,1.0875,0.5751638816364903,160.76923076923077,186.089585252644
2022-09-01,Manchester United,Leicester City,1,0,A,10,9,2,2,7,15,1,3,3,,0,,2022,A,1.0,0.0,3,0.0,0.0,0.0,1,3,3.0,1.7407407407407407,1.469135802469136,0.5364936970566372,160.76923076923077,186.62607894970066
2022-09-04,Manchester United,Arsenal,3,1,H,10,16,6,3,13,9,2,5,3,3.0,0,0.0,2022,H,,,3,0.0,0.0,0.0,0,3,3.0,1.7560975609756098,1.7682926829268293,0.2891712857546341,160.76923076923077,186.9152502354553
2022-10-02,Manchester United,Manchester City,3,6,H,22,12,10,8,3,9,5,1,3,,0,,2022,A,0.0,0.0,0,0.0,0.0,0.0,0,3,2.0,1.7349397590361446,2.369047619047619,0.048298317032241855,160.76923076923077,186.96354855248754
2022-10-09,Manchester United,Everton,2,1,A,11,12,2,4,7,13,5,4,1,,0,,2022,A,2.0,0.0,3,0.0,0.0,0.0,0,1,2.0,1.75,1.2705882352941176,0.350291562291269,160.76923076923077,187.3138401147788
2022-10-16,Manchester United,Newcastle United,0,0,D,15,9,2,2,13,11,4,4,3,1.0,0,0.0,2022,H,,,1,0.0,0.0,0.0,1,3,1.3333333333333333,1.741176470588235,1.2674418604651163,0.43693083087760365,160.76923076923077,187.7507709456564
2022-10-19,Manchester United,Tottenham Hotspur,2,0,H,28,9,10,2,7,7,8,3,1,0.0,0,0.0,2022,H,,,3,0.0,0.0,0.0,1,1,2.3333333333333335,1.755813953488372,1.793103448275862,0.5143560315662344,160.76923076923077,188.26512697722262
2022-10-22,Manchester United,Chelsea,1,1,D,6,13,2,6,8,10,6,4,4,,0,,2022,A,1.0,0.0,1,0.0,0.0,0.0,0,4,1.6666666666666667,1.7471264367816093,1.862068965517241,0.15432459793384556,160.76923076923077,188.41945157515647
2022-10-30,Manchester United,West Ham United,1,0,H,16,13,3,5,12,10,5,10,1,3.0,0,0.0,2022,H,,,3,0.0,0.0,0.0,1,1,2.3333333333333335,1.7613636363636365,1.5168539325842696,0.5423476919208806,160.76923076923077,188.96179926707737
2022-11-06,Manchester United,Aston Villa,1,3,H,6,8,4,3,6,12,3,5,3,,0,,2022,A,3.0,0.0,0,0.0,0.0,0.0,0,3,1.3333333333333333,1.7415730337078652,1.2777777777777777,0.15887391270567067,160.76923076923077,189.12067317978304
2022-11-13,Manchester United,Fulham,2,1,A,14,14,7,9,9,10,10,3,1,,0,,2022,A,1.0,0.0,3,0.0,0.0,0.0,0,1,2.0,1.7555555555555555,0.8867924528301887,0.3891806121467252,160.76923076923077,189.50985379192974
2022-12-27,Manchester United,Nottingham Forest,3,0,H,17,8,8,3,13,4,9,9,3,1.0,0,0.0,2022,H,,,3,0.0,0.0,0.0,1,3,2.0,1.7692307692307692,0.8125,0.6030289317461943,160.76923076923077,190.11288272367594
2022-12-31,Manchester United,Wolverhampton Wanderers,1,0,A,10,16,3,6,11,11,7,5,3,,0,,2022,A,1.0,0.0,3,0.0,0.0,0.0,1,3,3.0,1.7826086956521738,1.1720430107526882,0.5665973535235852,160.76923076923077,190.67948007719954
2023-01-03,Manchester United,Bournemouth,3,0,H,18,7,6,4,13,7,6,5,0,3.0,0,0.0,2023,H,,,3,0.0,0.0,0.0,1,0,3.0,1.7956989247311828,0.8888888888888888,0.6113223673643262,160.76923076923077,191.29080244456387
2023-01-14,Manchester United,Manchester City,2,1,H,8,5,4,1,15,5,1,2,3,0.0,0,0.0,2023,H,,,3,0.0,0.0,0.0,0,3,3.0,1.8085106382978724,2.3191489361702127,0.23335442357328606,160.76923076923077,191.52415686813714
2023-01-18,Manchester United,Crystal Palace,1,1,D,10,15,5,4,9,10,3,3,2,,0,,2023,A,1.0,0.0,1,0.0,0.0,0.0,0,2,2.3333333333333335,1.8,1.2105263157894737,0.23103290796199139,160.76923076923077,191.75518977609914
2023-01-22,Manchester United,Arsenal,2,3,H,25,6,5,4,8,9,12,4,2,,0,,2023,A,1.0,0.0,0,0.0,0.0,0.0,0,2,1.3333333333333333,1.78125,1.894736842105263,0.10170359668425882,160.76923076923077,191.8568933727834
2023-02-04,Manchester United,Crystal Palace,2,1,H,14,10,5,3,9,9,5,5,1,2.0,1,0.0,2023,H,,,3,0.0,0.0,0.0,0,3,1.3333333333333333,1.7938144329896908,1.1958762886597938,0.34717278215415065,160.76923076923077,192.20406615493755
2023-02-08,Manchester United,Leeds United,2,2,D,24,8,7,2,7,11,6,5,1,3.0,0,0.0,2023,H,,,1,0.0,0.0,0.0,0,1,1.3333333333333333,1.7857142857142858,1.1958762886597938,0.23786193369766523,160.76923076923077,192.44192808863522
2023-02-12,Manchester United,Leeds United,2,0,A,16,11,6,5,10,13,7,3,1,,0,,2023,A,2.0,0.0,3,0.0,0.0,0.0,1,1,2.3333333333333335,1.797979797979798,1.183673469387755,0.5761080202937725,160.76923076923077,193.01803610892898
2023-02-19,Manchester United,Leicester City,3,0,H,26,19,8,3,9,9,6,6,0,2.0,0,0.0,2023,H,,,3,0.0,0.0,0.0,1,0,2.3333333333333335,1.81,1.4343434343434345,0.5560528464855743,160.76923076923077,193.57408895541457
2023-03-05,Manchester United,Liverpool,0,7,H,18,8,8,4,13,14,4,3,3,,0,,2023,A,2.0,0.0,0,0.0,0.0,0.0,0,3,2.0,1.792079207920792,2.00990099009901,0.08468973089545742,160.76923076923077,193.65877868631003
2023-03-12,Manchester United,Southampton,0,0,D,10,17,4,4,12,9,7,8,2,0.0,0,0.0,2023,H,,,1,0.0,0.0,0.0,1,2,1.3333333333333333,1.7843137254901962,1.0294117647058822,0.4663943904528108,160.76923076923077,194.12517307676282
2023-04-02,Manchester United,Newcastle United,0,2,H,22,6,6,1,8,12,7,4,0,,0,,2023,A,0.0,0.0,0,0.0,0.0,0.0,0,0,0.3333333333333333,1.766990291262136,1.3980582524271843,0.16271992564521634,160.76923076923077,194.28789300240805
2023-04-05,Manchester United,Brentford,1,0,H,18,6,3,1,8,13,12,3,3,2.0,0,0.0,2023,H,,,3,0.0,0.0,0.0,1,3,1.3333333333333333,1.7788461538461535,1.328358208955224,0.5507583323205962,160.76923076923077,194.83865133472864
2023-04-08,Manchester United,Everton,2,0,H,29,15,11,1,10,9,10,4,0,0.0,0,0.0,2023,H,,,3,0.0,0.0,0.0,1,0,2.0,1.7904761904761906,1.179245283018868,0.5819012929203087,160.76923076923077,195.42055262764896
2023-04-16,Manchester United,Nottingham Forest,2,0,A,6,22,0,8,9,9,4,9,2,,0,,2023,A,2.0,0.0,3,0.0,0.0,0.0,1,2,3.0,1.80188679245283,0.8709677419354839,0.6024491200312844,160.76923076923077,196.02300174768024
2023-04-27,Manchester United,Tottenham Hotspur,2,2,D,18,17,7,8,8,7,6,8,2,,0,,2023,A,1.0,0.0,1,0.0,0.0,0.0,0,2,2.3333333333333335,1.794392523364486,1.7155963302752293,0.17985544882542945,160.76923076923077,196.20285719650565
2023-04-30,Manchester United,Aston Villa,1,0,H,14,7,6,1,16,7,1,4,2,0.0,0,0.0,2023,H,,,3,0.0,0.0,0.0,1,2,2.3333333333333335,1.8055555555555556,1.4,0.5488436277381293,160.76923076923077,196.75170082424378
2023-05-04,Manchester United,Brighton and Hove Albion,0,1,H,22,16,6,5,10,14,8,6,4,,0,,2023,A,4.0,0.0,0,0.0,0.0,0.0,0,4,1.3333333333333333,1.788990825688073,1.3611111111111112,0.14508538235521518,160.76923076923077,196.89678620659902
2023-05-07,Manchester United,West Ham United,0,1,H,15,19,4,4,4,9,5,6,2,,0,,2023,A,0.0,0.0,0,0.0,0.0,0.0,0,2,1.0,1.7727272727272727,1.423423423423423,0.1494605858804239,160.76923076923077,197.04624679247942
2023-05-13,Manchester United,Wolverhampton Wanderers,2,0,H,27,5,9,0,9,9,11,7,3,2.0,0,0.0,2023,H,,,3,0.0,0.0,0.0,1,3,1.0,1.7837837837837838,1.2142857142857142,0.5623170078846138,160.76923076923077,197.60856380036404
2023-05-20,Manchester United,Bournemouth,1,0,A,10,20,4,5,6,7,3,6,0,,0,,2023,A,1.0,0.0,3,0.0,0.0,0.0,1,0,2.0,1.7946428571428572,1.054054054054054,0.5945866015326722,160.76923076923077,198.20315040189672
2023-05-25,Manchester United,Chelsea,4,1,H,18,14,9,5,12,6,3,4,1,1.0,0,0.0,2023,H,,,3,0.0,0.0,0.0,0,1,3.0,1.8053097345132745,1.6283185840707963,0.3140436564933633,160.76923076923077,198.5171940583901
2023-05-28,Manchester United,Fulham,2,1,H,21,10,8,3,14,10,5,4,1,2.0,0,0.0,2023,H,,,3,0.0,0.0,0.0,0,1,3.0,1.8157894736842104,1.0526315789473684,0.3723765555670716,160.76923076923077,198.88957061395715
2023-08-14,Manchester United,Wolverhampton Wanderers,1,0,H,15,23,3,6,14,10,8,7,2,3.0,0,0.0,2023,H,,,3,0.0,0.0,0.0,1,2,3.0,1.826086956521739,1.191304347826087,0.5699902270308692,160.76923076923077,199.45956084098802
2023-08-19,Manchester United,Tottenham Hotspur,0,2,H,17,22,6,6,9,8,5,6,3,,0,,2023,A,1.0,0.0,0,0.0,0.0,0.0,0,3,2.0,1.8103448275862069,1.6982758620689655,0.11626591201545788,160.76923076923077,199.57582675300347
2023-08-26,Manchester United,Nottingham Forest,3,2,H,18,9,9,4,13,11,11,3,4,4.0,0,1.0,2023,H,,,3,0.0,0.0,0.0,0,4,2.0,1.8205128205128205,1.0,0.3616758521962407,160.76923076923077,199.9375026051997
2023-09-03,Manchester United,Arsenal,1,3,H,17,10,5,2,8,7,12,3,3,,0,,2023,A,2.0,0.0,0,0.0,0.0,0.0,0,3,1.0,1.805084745762712,1.8983050847457628,0.0959974599671157,160.76923076923077,200.03350006516683
2023-09-16,Manchester United,Brighton and Hove Albion,1,3,A,14,10,4,8,8,9,8,1,2,2.0,0,0.0,2023,H,,,0,0.0,0.0,0.0,0,2,1.0,1.7899159663865547,1.3949579831932772,0.15234491649281592,160.76923076923077,200.18584498165964
2023-09-23,Manchester United,Burnley,1,0,A,12,11,4,4,6,12,9,5,2,,0,,2023,A,1.0,0.0,3,0.0,0.0,0.0,1,2,1.0,1.8,0.925925925925926,0.5968803471191679,160.76923076923077,200.7827253287788
2023-09-30,Manchester United,Crystal Palace,0,1,A,19,8,4,2,10,8,10,4,3,2.0,0,0.0,2023,H,,,0,0.0,0.0,0.0,0,3,1.0,1.7851239669421488,1.2231404958677683,0.16441016942669046,160.76923076923077,200.9471354982055
2023-10-07,Manchester United,Brentford,2,1,H,21,11,8,3,10,17,7,5,0,5.0,0,0.0,2023,H,,,3,0.0,0.0,0.0,0,0,2.0,1.7950819672131149,1.3333333333333333,0.34927833696847704,160.76923076923077,201.29641383517398
2023-10-21,Manchester United,Sheffield United,2,1,A,12,14,6,5,12,10,5,4,1,,0,,2023,A,3.0,0.0,3,0.0,0.0,0.0,0,1,2.0,1.804878048780488,0.5106382978723404,0.42729535533535734,160.76923076923077,201.72370919050934
2023-10-29,Manchester United,Manchester City,0,3,A,7,21,3,10,9,4,7,12,4,1.0,0,0.0,2023,H,,,0,0.0,0.0,0.0,0,4,2.0,1.7903225806451613,2.3548387096774195,0.0443934938845022,160.76923076923077,201.76810268439385
2023-11-04,Manchester United,Fulham,1,0,A,18,12,3,5,9,15,9,4,2,,0,,2023,A,5.0,0.0,3,0.0,0.0,0.0,1,2,2.0,1.8,1.057471264367816,0.5835511927650544,160.76923076923077,202.3516538771589
2023-11-11,Manchester United,Luton Town,1,0,H,15,10,4,4,9,11,11,3,0,2.0,0,0.0,2023,H,,,3,0.0,0.0,0.0,1,0,2.0,1.8095238095238095,0.5,0.6507274887315845,160.76923076923077,203.00238136589047
2023-11-26,Manchester United,Everton,3,0,A,24,9,6,4,10,8,6,5,0,,0,,2023,A,3.0,0.0,3,0.0,0.0,0.0,1,0,3.0,1.8188976377952757,1.1653543307086611,0.5833088277646556,160.76923076923077,203.58569019365513
2023-12-02,Manchester United,Newcastle United,0,1,H,22,8,4,1,6,13,7,3,2,,0,,2023,A,1.0,0.0,0,0.0,0.0,0.0,0,2,2.0,1.8046875,1.4921875,0.14249289700931903,160.76923076923077,203.72818309066446
2023-12-06,Manchester United,Chelsea,2,1,H,28,13,9,3,12,12,12,4,4,0.0,0,0.0,2023,H,,,3,0.0,0.0,0.0,0,4,2.0,1.813953488372093,1.5813953488372092,0.3027645411820672,160.76923076923077,204.03094763184652
2023-12-09,Manchester United,Bournemouth,0,3,A,20,10,3,4,7,10,10,4,3,1.0,0,0.0,2023,H,,,0,0.0,0.0,0.0,0,3,1.0,1.8,1.0740740740740742,0.1795146905647107,160.76923076923077,204.21046232241125
2023-12-17,Manchester United,Liverpool,0,0,D,34,6,8,1,13,8,12,0,4,,1,,2023,A,2.0,0.0,1,0.0,0.0,0.0,1,6,1.3333333333333333,1.7938931297709924,2.030534351145038,0.34357488359456845,160.76923076923077,204.5540372060058
2023-12-23,Manchester United,West Ham United,0,2,H,12,11,5,3,13,15,4,4,3,,0,,2023,A,2.0,0.0,0,0.0,0.0,0.0,0,3,0.3333333333333333,1.7803030303030305,1.446969696969697,0.14173012613679856,160.76923076923077,204.6957673321426
2023-12-26,Manchester United,Aston Villa,3,2,H,13,10,7,4,10,10,3,6,1,3.0,0,0.0,2023,H,,,3,0.0,0.0,0.0,0,1,1.3333333333333333,1.7894736842105263,1.5037593984962403,0.3266649217575776,160.76923076923077,205.02243225390018
2023-12-30,Manchester United,Nottingham Forest,1,2,H,8,10,2,5,9,11,4,5,4,,0,,2023,A,2.0,0.0,0,0.0,0.0,0.0,0,4,1.0,1.7761194029850746,1.0,0.18167585219624072,160.76923076923077,205.2041081060964
2024-01-14,Manchester United,Tottenham Hotspur,2,2,D,9,16,2,6,8,5,8,13,2,1.0,0,0.0,2024,H,,,1,0.0,0.0,0.0,0,2,1.3333333333333333,1.7703703703703704,1.725925925925926,0.17880877718753982,160.76923076923077,205.38291688328397
2024-02-01,Manchester United,Wolverhampton Wanderers,4,3,A,16,21,7,8,10,10,4,5,5,,0,,2024,A,2.0,0.0,3,0.0,0.0,0.0,0,5,1.3333333333333333,1.7794117647058822,1.2205882352941178,0.33397963195145874,160.76923076923077,205.71689651523542
2024-02-04,Manchester United,West Ham United,3,0,H,12,22,5,3,10,5,5,8,0,1.0,0,0.0,2024,H,,,3,0.0,0.0,0.0,1,0,2.3333333333333335,1.7883211678832116,1.437956204379562,0.5556867736925142,160.76923076923077,206.27258328892793
2024-02-11,Manchester United,Aston Villa,2,1,A,23,17,10,5,9,7,10,8,2,,0,,2024,A,3.0,0.0,3,0.0,0.0,0.0,0,2,3.0,1.7971014492753623,1.5,0.32170127626756606,160.76923076923077,206.5942845651955
2024-02-18,Manchester United,Luton Town,2,1,A,22,21,4,9,7,21,8,6,5,,0,,2024,A,3.0,0.0,3,0.0,0.0,0.0,0,5,3.0,1.8057553956834531,0.8333333333333334,0.37321918558187983,160.76923076923077,206.96750375077738
2024-02-24,Manchester United,Fulham,1,2,A,21,17,9,5,6,11,10,9,2,5.0,0,0.0,2024,H,,,0,0.0,0.0,0.0,0,2,2.0,1.792857142857143,1.0980392156862746,0.1824309395295221,160.76923076923077,207.1499346903069
2024-03-03,Manchester United,Manchester City,1,3,H,27,3,8,1,5,10,15,2,1,,0,,2024,A,0.0,0.0,0,0.0,0.0,0.0,0,1,1.0,1.7801418439716312,2.3404255319148937,0.061887671820111706,160.76923076923077,207.211822362127
2024-03-09,Manchester United,Everton,2,0,H,15,23,8,6,13,11,5,8,1,2.0,0,0.0,2024,H,,,3,0.0,0.0,0.0,1,1,1.0,1.7887323943661972,1.1619718309859155,0.5783069920811541,160.76923076923077,207.79012935420818
2024-03-30,Manchester United,Brentford,1,1,D,31,11,5,5,7,14,14,4,2,,0,,2024,A,2.0,0.0,1,0.0,0.0,0.0,0,2,1.3333333333333333,1.7832167832167831,1.2452830188679245,0.22751109969679453,160.76923076923077,208.01764045390496
2024-04-04,Manchester United,Chelsea,3,4,H,28,19,10,5,7,15,12,3,0,,0,,2024,A,3.0,0.0,0,0.0,0.0,0.0,0,0,1.3333333333333333,1.7708333333333333,1.5944055944055944,0.14282454919745052,160.76923076923077,208.16046500310242
2024-04-07,Manchester United,Liverpool,2,2,D,9,28,5,7,9,10,6,11,5,2.0,0,0.0,2024,H,,,1,0.0,0.0,0.0,0,5,0.6666666666666666,1.7655172413793103,2.0620689655172413,0.12871453117321258,160.76923076923077,208.28917953427563
2024-04-13,Manchester United,Bournemouth,2,2,D,20,8,5,2,13,14,7,2,0,,0,,2024,A,4.0,0.0,1,0.0,0.0,0.0,0,0,0.6666666666666666,1.7602739726027397,1.1571428571428573,0.2471312695062961,160.76923076923077,208.53631080378193
2024-04-24,Manchester United,Sheffield United,4,2,H,25,10,13,4,7,9,9,4,0,1.0,0,0.0,2024,H,,,3,0.0,0.0,0.0,0,0,1.6666666666666667,1.7687074829931972,0.5416666666666666,0.42949590546610994,160.76923076923077,208.96580670924803
2024-04-27,Manchester United,Burnley,1,1,D,27,16,10,7,7,11,6,5,1,3.0,0,0.0,2024,H,,,1,0.0,0.0,0.0,0,1,1.6666666666666667,1.7635135135135136,0.8828828828828829,0.26957675891941274,160.76923076923077,209.23538346816744
2024-05-06,Manchester United,Crystal Palace,0,4,H,18,7,10,2,12,8,6,3,1,,0,,2024,A,1.0,0.0,0,0.0,0.0,0.0,0,1,1.3333333333333333,1.751677852348993,1.2,0.1774440885226369,160.76923076923077,209.41282755669008
2024-05-12,Manchester United,Arsenal,0,1,A,14,11,2,5,5,6,4,7,0,2.0,0,0.0,2024,H,,,0,0.0,0.0,0.0,0,0,0.3333333333333333,1.74,1.9867549668874172,0.1030687858348435,160.76923076923077,209.5158963425249
2024-05-15,Manchester United,Newcastle United,3,2,H,17,21,8,8,16,7,9,9,3,3.0,0,0.0,2024,H,,,3,0.0,0.0,0.0,0,3,1.0,1.7483443708609272,1.4701986754966887,0.31937639286170083,160.76923076923077,209.83527273538664
2024-05-19,Manchester United,Brighton and Hove Albion,2,0,A,17,11,3,4,10,9,7,5,3,,0,,2024,A,1.0,0.0,3,0.0,0.0,0.0,1,3,2.0,1.756578947368421,1.3289473684210529,0.5506986342913673,160.76923076923077,210.385971369678
2024-08-16,Manchester United,Fulham,1,0,H,14,10,5,2,12,10,7,8,2,3.0,0,0.0,2024,H,,,3,0.0,0.0,0.0,1,2,3.0,1.7647058823529411,1.1043478260869566,0.5788013100695109,160.76923076923077,210.9647726797475
2024-08-24,Manchester United,Brighton and Hove Albion,1,2,H,14,11,5,4,9,13,4,4,2,,0,,2024,A,1.0,0.0,0,0.0,0.0,0.0,0,2,2.0,1.7532467532467533,1.3506493506493509,0.15683459746055764,160.76923076923077,211.12160727720806
2024-09-01,Manchester United,Liverpool,0,3,A,8,11,3,3,7,7,5,2,4,1.0,0,0.0,2024,H,,,0,0.0,0.0,0.0,0,4,1.0,1.7419354838709675,2.0580645161290323,0.07446486760993065,160.76923076923077,211.196072144818
2024-09-14,Manchester United,Southampton,3,0,A,6,20,4,10,11,14,0,7,4,,0,,2024,A,1.0,1.0,3,0.0,0.0,0.0,1,4,1.0,1.75,0.9152542372881356,0.5872725306252795,160.76923076923077,211.7833446754433
2024-09-21,Manchester United,Crystal Palace,0,0,D,9,15,4,6,7,12,4,11,1,,0,,2024,A,3.0,0.0,1,0.0,0.0,0.0,1,1,1.3333333333333333,1.7452229299363058,1.2038216560509554,0.45406645581744626,160.76923076923077,212.23741113126073
2024-09-29,Manchester United,Tottenham Hotspur,0,3,A,11,24,2,10,16,14,5,3,5,3.0,1,0.0,2024,H,,,0,0.0,0.0,0.0,0,7,1.3333333333333333,1.7341772151898731,1.7025316455696202,0.09445638121751312,160.76923076923077,212.33186751247823
2024-10-06,Manchester United,Aston Villa,0,0,D,11,10,1,4,12,11,6,3,5,,0,,2024,A,1.0,0.0,1,0.0,0.0,0.0,1,5,0.6666666666666666,1.729559748427673,1.528301886792453,0.39980939676961647,160.76923076923077,212.73167690924785
2024-10-19,Manchester United,Brentford,2,1,H,23,8,11,2,14,5,9,2,2,2.0,0,0.0,2024,H,,,3,0.0,0.0,0.0,0,2,1.3333333333333333,1.7375,1.2622950819672132,0.34578731063959045,160.76923076923077,213.07746421988745
2024-10-27,Manchester United,West Ham United,1,2,H,12,18,3,5,6,7,6,5,1,,0,,2024,A,5.0,0.0,0,0.0,0.0,0.0,0,1,1.3333333333333333,1.7267080745341614,1.391304347826087,0.15805970583762535,160.76923076923077,213.23552392572506
2024-11-03,Manchester United,Chelsea,1,1,D,11,12,4,3,19,14,4,8,6,2.0,0,0.0,2024,H,,,1,0.0,0.0,0.0,0,6,1.3333333333333333,1.7222222222222223,1.6419753086419753,0.16593697649090294,160.76923076923077,213.40146090221597
2024-11-10,Manchester United,Leicester City,3,0,H,13,6,3,5,9,5,1,5,0,1.0,0,0.0,2024,H,,,3,0.0,0.0,0.0,1,0,1.3333333333333333,1.7300613496932515,1.296,0.5700708345958593,160.76923076923077,213.9715317368118
2024-11-24,Manchester United,Ipswich Town,1,1,D,11,11,6,4,11,10,4,3,0,,0,,2024,A,0.0,0.0,1,0.0,0.0,0.0,0,0,1.6666666666666667,1.725609756097561,0.75,0.28838601901936445,160.76923076923077,214.2599177558312
2024-12-01,Manchester United,Everton,4,0,H,11,8,5,2,12,12,2,2,2,3.0,0,0.0,2024,H,,,3,0.0,0.0,0.0,1,2,2.3333333333333335,1.7333333333333334,1.1696969696969697,0.5721796476647134,160.76923076923077,214.8320974034959
2024-12-04,Manchester United,Arsenal,0,2,H,14,5,6,2,12,8,13,0,3,,0,,2024,A,1.0,0.0,0,0.0,0.0,0.0,0,3,1.3333333333333333,1.7228915662650603,1.9939759036144575,0.08630337937870622,160.76923076923077,214.9184007828746
2024-12-07,Manchester United,Nottingham Forest,2,3,A,17,11,7,3,10,13,5,3,0,2.0,0,0.0,2024,H,,,0,0.0,0.0,0.0,0,0,1.0,1.7125748502994012,1.0879120879120878,0.19414624715629153,160.76923076923077,215.1125470300309
2024-12-15,Manchester United,Manchester City,2,1,A,10,10,3,3,5,14,8,2,1,,0,,2024,A,1.0,0.0,3,0.0,0.0,0.0,0,1,1.0,1.7202380952380951,2.297619047619047,0.24622514392892636,160.76923076923077,215.35877217395984
2024-12-22,Manchester United,Bournemouth,0,3,A,23,10,7,5,11,11,13,1,1,3.0,0,0.0,2024,H,,,0,0.0,0.0,0.0,0,1,1.0,1.7100591715976332,1.2365591397849462,0.17373964393327251,160.76923076923077,215.5325118178931
2024-12-26,Manchester United,Wolverhampton Wanderers,0,2,H,7,11,4,4,12,12,4,4,2,,1,,2024,A,2.0,0.0,0,0.0,0.0,0.0,0,4,1.0,1.7,1.1647058823529413,0.16498662432304897,160.76923076923077,215.69749844221616
2024-12-30,Manchester United,Newcastle United,0,2,A,10,12,0,4,13,8,2,3,1,1.0,0,0.0,2024,H,,,0,0.0,0.0,0.0,0,1,0.0,1.6900584795321638,1.5029239766081872,0.14674957293129887,160.76923076923077,215.84424801514746
2025-01-05,Manchester United,Liverpool,2,2,D,19,13,6,4,10,13,6,9,4,,0,,2025,A,2.0,0.0,1,0.0,0.0,0.0,0,4,0.3333333333333333,1.686046511627907,2.08187134502924,0.13205258222717633,160.76923076923077,215.97630059737463
2025-01-16,Manchester United,Southampton,3,1,H,23,13,9,5,7,10,5,4,1,3.0,0,0.0,2025,H,,,3,0.0,0.0,0.0,0,1,1.3333333333333333,1.69364161849711,0.8444444444444444,0.39347162805841585,160.76923076923077,216.36977222543305
2025-01-19,Manchester United,Brighton and Hove Albion,1,3,A,10,6,1,3,13,12,4,2,3,3.0,0,0.0,2025,H,,,0,0.0,0.0,0.0,0,3,1.3333333333333333,1.6839080459770115,1.3563218390804597,0.15091524287287467,160.76923076923077,216.5206874683059
2025-01-26,Manchester United,Fulham,1,0,A,9,4,3,1,7,9,3,0,1,,0,,2025,A,0.0,0.0,3,0.0,0.0,0.0,1,1,2.0,1.6914285714285715,1.167883211678832,0.5777080069203335,160.76923076923077,217.09839547522625
2025-02-02,Manchester United,Crystal Palace,0,2,A,17,11,2,3,12,13,11,0,3,1.0,0,0.0,2025,H,,,0,0.0,0.0,0.0,0,3,1.0,1.681818181818182,1.2272727272727273,0.1639914609351847,160.76923076923077,217.26238693616142
2025-02-16,Manchester United,Tottenham Hotspur,0,1,H,22,16,7,6,13,9,10,5,2,,0,,2025,A,1.0,0.0,0,0.0,0.0,0.0,0,2,1.0,1.6723163841807909,1.6327683615819208,0.12824819609133506,160.76923076923077,217.39063513225278
2025-02-22,Manchester United,Everton,2,2,D,9,9,8,3,12,9,7,9,1,,0,,2025,A,4.0,0.0,1,0.0,0.0,0.0,0,1,0.3333333333333333,1.6685393258426966,1.196629213483146,0.23778564174155054,160.76923076923077,217.62842077399432
2025-02-26,Manchester United,Ipswich Town,3,2,H,10,12,6,3,9,16,5,6,4,4.0,1,0.0,2025,H,,,3,0.0,0.0,0.0,0,6,1.3333333333333333,1.675977653631285,0.6296296296296297,0.38851538766916255,160.76923076923077,218.01693616166347
2025-03-09,Manchester United,Arsenal,1,1,D,10,17,6,6,8,11,2,9,0,1.0,0,0.0,2025,H,,,1,0.0,0.0,0.0,0,0,1.6666666666666667,1.6722222222222225,1.988888888888889,0.16285256094938452,160.76923076923077,218.17978872261287
2025-03-16,Manchester United,Leicester City,3,0,A,11,18,3,5,6,6,6,4,0,,0,,2025,A,2.0,0.0,3,0.0,0.0,0.0,1,0,2.3333333333333335,1.6795580110497237,1.181818181818182,0.5816405876331446,160.76923076923077,218.761429310246
2025-04-01,Manchester United,Nottingham Forest,0,1,H,8,23,2,6,5,12,3,10,3,,0,,2025,A,1.0,0.0,0,0.0,0.0,0.0,0,3,1.3333333333333333,1.6703296703296704,1.2358490566037736,0.16312244331130496,160.76923076923077,218.92455175355732
2025-04-06,Manchester United,Manchester City,0,0,D,13,9,2,5,13,9,5,3,3,2.0,0,0.0,2025,H,,,1,0.0,0.0,0.0,1,3,1.3333333333333333,1.6666666666666667,2.2459016393442623,0.3377859917183405,160.76923076923077,219.26233774527566
2025-04-13,Manchester United,Newcastle United,1,4,H,13,9,6,5,7,9,7,2,2,,0,,2025,A,0.0,0.0,0,0.0,0.0,0.0,0,2,0.3333333333333333,1.6576086956521738,1.53551912568306,0.1381022136602521,160.76923076923077,219.40043995893592
2025-04-20,Manchester United,Wolverhampton Wanderers,0,1,A,12,4,2,2,11,18,9,2,2,3.0,0,0.0,2025,H,,,0,0.0,0.0,0.0,0,2,0.3333333333333333,1.648648648648649,1.1945945945945946,0.17264722872355193,160.76923076923077,219.57308718765947
2025-04-27,Manchester United,Bournemouth,1,1,D,8,25,1,6,11,12,5,10,2,,0,,2025,A,4.0,1.0,1,0.0,0.0,0.0,0,2,0.3333333333333333,1.6451612903225807,1.2454545454545454,0.22749371934431695,160.76923076923077,219.8005809070038
2025-05-04,Manchester United,Brentford,3,4,H,12,14,6,5,8,10,7,4,2,,0,,2025,A,0.0,0.0,0,0.0,0.0,0.0,0,2,0.3333333333333333,1.6363636363636365,1.3154362416107384,0.16040265218011912,160.76923076923077,219.9609835591839
2025-05-11,Manchester United,West Ham United,0,2,A,20,9,5,4,3,13,8,5,0,1.0,0,0.0,2025,H,,,0,0.0,0.0,0.0,0,0,0.3333333333333333,1.627659574468085,1.3457446808510638,0.16802072671207519,160.76923076923077,220.12900428589597
2025-05-16,Manchester United,Chelsea,0,1,H,11,4,3,1,10,14,7,2,6,,0,,2025,A,1.0,0.0,0,0.0,0.0,0.0,0,6,0.0,1.619047619047619,1.6613756613756614,0.10397118812337533,160.76923076923077,220.23297547401936
2025-05-25,Manchester United,Aston Villa,2,0,H,25,6,10,1,10,10,4,3,2,2.0,0,1.0,2025,H,,,3,0.0,0.0,0.0,1,2,1.0,1.6263157894736842,1.5526315789473684,0.5333778582992506,160.76923076923077,220.7663533323186
2025-08-17,Manchester United,Arsenal,0,1,A,22,9,7,3,10,19,3,4,1,4.0,0,0.0,2025,H,,,0,0.0,0.0,0.0,0,1,1.0,1.617801047120419,1.9895287958115184,0.09744314503775592,160.76923076923077,220.86379647735635
2025-08-24,Manchester United,Fulham,1,1,D,13,10,4,3,12,10,9,6,1,,0,,2025,A,1.0,0.0,1,0.0,0.0,0.0,0,1,1.3333333333333333,1.6145833333333333,1.1883116883116882,0.23862843539861014,160.76923076923077,221.10242491275497
2025-08-30,Manchester United,Burnley,3,2,H,26,6,6,3,9,9,7,1,1,5.0,0,0.0,2025,H,,,3,0.0,0.0,0.0,0,1,1.3333333333333333,1.621761658031088,0.8632478632478633,0.39156632548681214,160.76923076923077,221.4939912382418
2025-09-14,Manchester United,Manchester City,0,3,H,13,12,6,2,8,8,2,4,0,,0,,2025,A,0.0,0.0,0,0.0,0.0,0.0,0,0,1.3333333333333333,1.61340206185567,2.247422680412371,0.07665598983718958,160.76923076923077,221.57064722807897
2025-09-20,Manchester United,Chelsea,2,1,H,11,5,4,1,13,14,5,5,0,5.0,1,1.0,2025,H,,,3,0.0,0.0,0.0,0,2,2.0,1.6205128205128203,1.6666666666666667,0.30481336711016965,160.76923076923077,221.87546059518914
2025-09-27,Manchester United,Brentford,1,3,H,10,14,8,6,14,10,4,2,2,,0,,2025,A,2.0,0.0,0,0.0,0.0,0.0,0,2,1.0,1.6122448979591837,1.3101265822784811,0.16094066644687843,160.76923076923077,222.036401261636
2025-10-04,Manchester United,Sunderland,2,0,H,15,8,6,3,10,12,2,3,1,4.0,0,0.0,2025,H,,,3,0.0,0.0,0.0,1,1,2.0,1.619289340101523,1.5714285714285714,0.5368177826622789,160.76923076923077,222.5732190442983
2025-10-19,Manchester United,Liverpool,2,1,A,19,12,6,4,8,14,9,4,2,,0,,2025,A,0.0,0.0,3,0.0,0.0,0.0,0,2,2.0,1.6262626262626263,2.0656565656565657,0.2643847360970086,160.76923076923077,222.83760378039528
2025-10-25,Manchester United,Brighton and Hove Albion,4,2,H,13,17,9,5,4,13,1,6,2,2.0,0,0.0,2025,H,,,3,0.0,0.0,0.0,0,2,3.0,1.6331658291457287,1.3819095477386936,0.33366708124843486,160.76923076923077,223.17127086164373
2025-11-01,Manchester United,Nottingham Forest,2,2,D,17,18,3,7,10,7,8,5,1,,0,,2025,A,1.0,0.0,1,0.0,0.0,0.0,0,1,2.3333333333333335,1.63,1.1693548387096775,0.24054928472254525,160.76923076923077,223.41182014636627
2025-11-08,Manchester United,Tottenham Hotspur,2,2,D,10,5,4,2,10,8,5,3,1,,0,,2025,A,5.0,0.0,1,0.0,0.0,0.0,0,1,1.6666666666666667,1.626865671641791,1.5671641791044777,0.20024027670723824,160.76923076923077,223.61206042307353
2020-09-12,Newcastle United,West Ham United,2,0,A,15,15,3,2,13,7,8,7,2,,0,,2020,A,2.0,0.0,3,0.0,0.0,0.0,1,2,3.0,3.0,0.0,0.6907020646602591,121.28205128205128,121.97275334671154
2020-09-20,Newcastle United,Brighton and Hove Albion,0,3,A,6,13,0,6,16,15,7,1,3,0.0,0,1.0,2020,H,,,0,0.0,0.0,0.0,0,3,1.5,1.5,1.5,0.13635670049580878,121.28205128205128,122.10911004720735
2020-09-27,Newcastle United,Tottenham Hotspur,1,1,D,23,6,12,1,15,9,10,4,4,,0,,2020,A,1.0,0.0,1,0.0,0.0,0.0,0,4,1.3333333333333333,1.3333333333333333,1.3333333333333333,0.2079000338814479,121.28205128205128,122.3170100810888
2020-10-03,Newcastle United,Burnley,3,1,H,10,7,5,3,13,17,3,4,2,3.0,0,0.0,2020,H,,,3,0.0,0.0,0.0,0,2,1.3333333333333333,1.75,0.0,0.4736924586841337,121.28205128205128,122.79070253977294
2020-10-17,Newcastle United,Manchester United,1,4,A,7,28,4,14,9,12,0,7,1,1.0,0,0.0,2020,H,,,0,0.0,0.0,0.0,0,1,1.3333333333333333,1.4,1.5,0.14704585203932335,121.28205128205128,122.93774839181226
2020-10-25,Newcastle United,Wolverhampton Wanderers,1,1,D,16,5,3,2,10,10,2,3,1,,0,,2020,A,0.0,0.0,1,0.0,0.0,0.0,0,1,1.3333333333333333,1.3333333333333333,1.6666666666666667,0.19015794288192694,121.28205128205128,123.12790633469419
2020-11-01,Newcastle United,Everton,2,1,H,11,15,4,4,9,10,5,4,2,4.0,0,0.0,2020,H,,,3,0.0,0.0,0.0,0,2,1.3333333333333333,1.5714285714285714,1.8571428571428572,0.28551289950171665,121.28205128205128,123.4134192341959
2020-11-06,Newcastle United,Southampton,0,2,H,15,4,8,2,12,11,8,3,2,,0,,2020,A,1.0,0.0,0,0.0,0.0,0.0,0,2,1.3333333333333333,1.375,2.0,0.09103754879537687,121.28205128205128,123.50445678299128
2020-11-21,Newcastle United,Chelsea,0,2,A,8,14,1,3,11,12,7,4,2,0.0,0,0.0,2020,H,,,0,0.0,0.0,0.0,0,2,1.0,1.2222222222222223,2.0,0.09103754879537687,121.28205128205128,123.59549433178665
2020-11-27,Newcastle United,Crystal Palace,2,0,A,12,14,3,7,9,10,7,3,2,,0,,2020,A,2.0,0.0,3,0.0,0.0,0.0,1,2,1.0,1.4,1.3,0.5589763732325672,121.28205128205128,124.15447070501922
2020-12-12,Newcastle United,West Brom,2,1,H,12,13,7,3,9,12,4,3,2,3.0,0,0.0,2020,H,,,3,0.0,0.0,0.0,0,2,2.0,1.5454545454545454,0.5,0.4230287312119445,121.28205128205128,124.57749943623116
2020-12-16,Newcastle United,Leeds United,2,5,H,25,10,10,4,10,13,7,4,1,,0,,2020,A,3.0,0.0,0,0.0,0.0,0.0,0,1,2.0,1.4166666666666667,1.3076923076923077,0.16653190106708843,121.28205128205128,124.74403133729825
2020-12-19,Newcastle United,Fulham,1,1,D,12,11,5,4,7,17,2,9,1,2.0,0,1.0,2020,H,,,1,0.0,0.0,0.0,0,1,1.3333333333333333,1.3846153846153846,0.7142857142857143,0.2866602809241921,121.28205128205128,125.03069161822245
2020-12-26,Newcastle United,Manchester City,0,2,H,11,7,6,2,5,12,7,3,2,,0,,2020,A,2.0,0.0,0,0.0,0.0,0.0,0,2,0.3333333333333333,1.2857142857142858,1.8571428571428572,0.10551289950171663,121.28205128205128,125.13620451772417
2020-12-30,Newcastle United,Liverpool,0,0,D,8,11,2,4,9,13,5,12,2,3.0,0,0.0,2020,H,,,1,0.0,0.0,0.0,1,2,0.6666666666666666,1.2666666666666666,2.0625,0.36171418883747863,121.28205128205128,125.49791870656165
2021-01-03,Newcastle United,Leicester City,1,2,A,8,9,2,3,10,11,3,6,0,2.0,0,0.0,2021,H,,,0,0.0,0.0,0.0,0,0,0.3333333333333333,1.1875,1.8823529411764703,0.11364757739117129,121.28205128205128,125.61156628395281
2021-01-12,Newcastle United,Sheffield United,0,1,H,17,7,4,3,13,12,5,2,3,,1,,2021,A,2.0,0.0,0,0.0,0.0,0.0,0,5,0.3333333333333333,1.1176470588235294,0.2777777777777778,0.24951221610653448,121.28205128205128,125.86107850005935
2021-01-18,Newcastle United,Arsenal,0,3,H,20,4,6,1,9,8,7,2,0,,0,,2021,A,0.0,0.0,0,0.0,0.0,0.0,0,0,0.0,1.0555555555555556,1.4210526315789471,0.16038996372774214,121.28205128205128,126.02146846378709
2021-01-23,Newcastle United,Aston Villa,0,2,H,14,7,5,1,9,18,5,4,3,,0,,2021,A,0.0,0.0,0,0.0,0.0,0.0,0,3,0.0,1.0,1.7058823529411764,0.11549516565431911,121.28205128205128,126.13696362944141
2021-01-26,Newcastle United,Leeds United,1,2,A,22,9,5,2,10,15,9,5,1,3.0,0,0.0,2021,H,,,0,0.0,0.0,0.0,0,1,0.0,0.95,1.368421052631579,0.1603784119004258,121.28205128205128,126.29734204134184
2021-01-30,Newcastle United,Everton,2,0,A,11,13,3,3,13,6,7,12,4,,0,,2021,A,3.0,0.0,3,0.0,0.0,0.0,1,4,1.0,1.0476190476190477,1.736842105263158,0.5040231229501926,121.28205128205128,126.80136516429202
2021-02-02,Newcastle United,Crystal Palace,1,2,A,21,6,5,3,14,11,9,1,1,3.0,0,0.0,2021,H,,,0,0.0,0.0,0.0,0,1,1.0,1.0,1.318181818181818,0.165469025665574,121.28205128205128,126.96683418995761
2021-02-06,Newcastle United,Southampton,3,2,H,6,14,4,5,11,14,0,7,2,1.0,1,0.0,2021,H,,,3,0.0,0.0,0.0,0,4,2.0,1.0869565217391304,1.318181818181818,0.32943529835030216,121.28205128205128,127.2962694883079
2021-02-15,Newcastle United,Chelsea,0,2,H,18,10,5,4,9,13,10,5,0,,0,,2021,A,0.0,0.0,0,0.0,0.0,0.0,0,0,1.0,1.0416666666666667,1.75,0.12705856407498606,121.28205128205128,127.42332805238289
2021-02-21,Newcastle United,Manchester United,1,3,H,15,10,7,6,9,11,6,4,2,,0,,2021,A,1.0,0.0,0,0.0,0.0,0.0,0,2,1.0,1.0,1.96,0.095090646993152,121.28205128205128,127.51841869937604
2021-02-27,Newcastle United,Wolverhampton Wanderers,1,1,D,19,14,7,4,11,13,3,5,2,0.0,0,0.0,2021,H,,,1,0.0,0.0,0.0,0,2,0.3333333333333333,1.0,1.3076923076923077,0.22118732529533114,121.28205128205128,127.73960602467137
2021-03-07,Newcastle United,West Brom,0,0,D,13,9,3,5,11,10,9,7,0,,0,,2021,A,0.0,0.0,1,0.0,0.0,0.0,1,0,0.6666666666666666,1.0,0.6428571428571429,0.5162521380252447,121.28205128205128,128.25585816269663
2021-03-12,Newcastle United,Aston Villa,1,1,D,12,15,3,6,10,10,2,2,2,3.0,0,0.0,2021,H,,,1,0.0,0.0,0.0,0,2,1.0,1.0,1.5185185185185186,0.19982484191674424,121.28205128205128,128.45568300461335
2021-03-20,Newcastle United,Brighton and Hove Albion,0,3,H,11,3,6,1,12,5,3,1,1,,0,,2021,A,0.0,0.0,0,0.0,0.0,0.0,0,1,0.6666666666666666,0.9655172413793104,1.103448275862069,0.18722742900002515,121.28205128205128,128.6429104336134
2021-04-04,Newcastle United,Tottenham Hotspur,2,2,D,22,11,6,5,13,14,7,3,3,2.0,0,0.0,2021,H,,,1,0.0,0.0,0.0,0,3,0.6666666666666666,0.9666666666666668,1.6333333333333333,0.18284637316989166,121.28205128205128,128.8257568067833
2021-04-11,Newcastle United,Burnley,2,1,A,24,10,4,5,11,12,13,3,0,,0,,2021,A,1.0,0.0,3,0.0,0.0,0.0,0,0,1.3333333333333333,1.032258064516129,1.064516129032258,0.37651690012556804,121.28205128205128,129.20227370690884
2021-04-17,Newcastle United,West Ham United,3,2,H,16,16,8,6,9,7,3,8,2,0.0,0,1.0,2021,H,,,3,0.0,0.0,0.0,0,2,2.3333333333333335,1.09375,1.71875,0.29953589549848325,121.28205128205128,129.50180960240732
2021-04-24,Newcastle United,Liverpool,1,1,D,22,7,9,4,9,7,6,3,1,,0,,2021,A,2.0,0.0,1,0.0,0.0,0.0,0,1,2.3333333333333335,1.0909090909090908,1.6363636363636365,0.19322847181963537,121.28205128205128,129.69503807422697
2021-05-02,Newcastle United,Arsenal,0,2,A,5,19,1,5,10,9,3,7,2,1.0,1,0.0,2021,H,,,0,0.0,0.0,0.0,0,4,1.3333333333333333,1.0588235294117647,1.4411764705882353,0.13697256325019141,121.28205128205128,129.83201063747717
2021-05-07,Newcastle United,Leicester City,4,2,A,25,14,9,6,12,9,9,6,1,,0,,2021,A,1.0,0.0,3,0.0,0.0,0.0,0,1,1.3333333333333333,1.1142857142857143,1.8,0.2966476155560098,121.28205128205128,130.12865825303317
2021-05-14,Newcastle United,Manchester City,3,4,A,11,15,5,6,11,10,4,5,2,2.0,0,0.0,2021,H,,,0,0.0,0.0,0.0,0,2,1.0,1.0833333333333333,2.3055555555555554,0.060076382006816836,121.28205128205128,130.18873463504
2021-05-19,Newcastle United,Sheffield United,1,0,H,16,11,5,1,7,7,5,2,0,2.0,0,0.0,2021,H,,,3,0.0,0.0,0.0,1,0,2.0,1.135135135135135,0.5405405405405406,0.6466196189365421,121.28205128205128,130.83535425397653
2021-05-23,Newcastle United,Fulham,2,0,A,14,10,0,4,12,6,5,4,0,,0,,2021,A,1.0,0.0,3,0.0,0.0,0.0,1,0,2.0,1.1842105263157894,0.7368421052631579,0.6267288809816001,121.28205128205128,131.46208313495814
2021-08-15,Newcastle United,West Ham United,2,4,A,17,8,3,9,4,3,7,6,1,0.0,0,0.0,2021,H,,,0,0.0,0.0,0.0,0,1,2.0,1.1538461538461535,1.7435897435897436,0.12236352327082092,121.28205128205128,131.58444665822896
2021-08-21,Newcastle United,Aston Villa,0,2,H,10,9,2,1,8,18,3,4,4,,0,,2021,A,3.0,0.0,0,0.0,0.0,0.0,0,4,1.0,1.125,1.45,0.13607849747127043,121.28205128205128,131.72052515570022
2021-08-28,Newcastle United,Southampton,2,2,D,10,22,5,6,11,6,4,4,3,3.0,0,0.0,2021,H,,,1,0.0,0.0,0.0,0,3,0.3333333333333333,1.1219512195121952,1.0975609756097562,0.23713482260757082,121.28205128205128,131.9576599783078
2021-09-11,Newcastle United,Manchester United,1,4,H,21,12,7,3,9,2,7,3,0,,0,,2021,A,1.0,0.0,0,0.0,0.0,0.0,0,0,0.3333333333333333,1.0952380952380951,2.0,0.10172670033889145,121.28205128205128,132.0593866786467
2021-09-17,Newcastle United,Leeds United,1,1,D,17,22,7,9,9,11,4,5,2,2.0,0,0.0,2021,H,,,1,0.0,0.0,0.0,0,2,0.6666666666666666,1.0930232558139534,1.441860465116279,0.20759240736898343,121.28205128205128,132.26697908601565
2021-09-25,Newcastle United,Watford,1,1,D,15,20,4,6,19,12,5,6,3,,0,,2021,A,4.0,0.0,1,0.0,0.0,0.0,0,3,0.6666666666666666,1.0909090909090908,1.1666666666666667,0.2301325188106016,121.28205128205128,132.49711160482627
2021-10-02,Newcastle United,Wolverhampton Wanderers,1,2,H,7,8,3,2,15,5,0,4,2,,0,,2021,A,0.0,0.0,0,0.0,0.0,0.0,0,2,0.6666666666666666,1.0666666666666669,1.2,0.17209951275087962,121.28205128205128,132.66921111757713
2021-10-17,Newcastle United,Tottenham Hotspur,2,3,A,7,14,1,4,13,4,2,9,4,1.0,1,0.0,2021,H,,,0,0.0,0.0,0.0,0,6,0.3333333333333333,1.0434782608695652,1.673913043478261,0.10270080710325372,121.28205128205128,132.7719119246804
2021-10-23,Newcastle United,Crystal Palace,1,1,D,15,6,3,2,13,9,3,7,4,,0,,2021,A,3.0,0.0,1,0.0,0.0,0.0,0,4,0.3333333333333333,1.0425531914893618,1.127659574468085,0.2287404324161073,121.28205128205128,133.0006523570965
2021-10-30,Newcastle United,Chelsea,0,3,A,6,19,1,6,14,12,0,2,3,2.0,0,0.0,2021,H,,,0,0.0,0.0,0.0,0,3,0.3333333333333333,1.0208333333333333,1.9166666666666667,0.09413692760231779,121.28205128205128,133.09478928469883
2021-11-06,Newcastle United,Brighton and Hove Albion,1,1,D,14,6,5,1,16,10,2,5,4,,0,,2021,A,3.0,1.0,1,0.0,0.0,0.0,0,4,0.6666666666666666,1.020408163265306,1.183673469387755,0.22306468700237528,121.28205128205128,133.3178539717012
2021-11-20,Newcastle United,Brentford,3,3,D,23,10,9,4,13,11,8,2,2,2.0,0,0.0,2021,H,,,1,0.0,0.0,0.0,0,2,0.6666666666666666,1.02,1.0833333333333333,0.24392104916105709,121.28205128205128,133.56177502086226
2021-11-27,Newcastle United,Arsenal,0,2,H,24,9,6,5,6,12,4,4,3,,0,,2021,A,1.0,0.0,0,0.0,0.0,0.0,0,3,0.6666666666666666,1.0,1.6470588235294117,0.12145560418045903,121.28205128205128,133.6832306250427
2021-11-30,Newcastle United,Norwich City,1,1,D,9,16,1,6,8,11,2,5,0,0.0,0,1.0,2021,H,,,1,0.0,0.0,0.0,0,0,0.6666666666666666,1.0,0.7142857142857143,0.2920048566959494,121.28205128205128,133.97523548173865
2021-12-04,Newcastle United,Burnley,1,0,H,19,10,4,1,11,9,10,3,1,1.0,0,0.0,2021,H,,,3,0.0,0.0,0.0,1,1,1.3333333333333333,1.0377358490566038,0.9423076923076924,0.6005650001959675,121.28205128205128,134.57580048193464
2021-12-12,Newcastle United,Leicester City,0,4,H,8,12,5,3,9,16,4,6,3,,0,,2021,A,2.0,0.0,0,0.0,0.0,0.0,0,3,1.3333333333333333,1.0185185185185186,1.6296296296296295,0.12322166004005605,121.28205128205128,134.6990221419747
2021-12-16,Newcastle United,Liverpool,1,3,H,23,4,8,2,9,4,11,0,3,,0,,2021,A,1.0,0.0,0,0.0,0.0,0.0,0,3,1.0,1.0,1.981818181818182,0.08753529038624464,121.28205128205128,134.78655743236092
2021-12-19,Newcastle United,Manchester City,0,4,A,5,18,1,7,9,6,3,6,1,2.0,0,0.0,2021,H,,,0,0.0,0.0,0.0,0,1,0.0,0.9821428571428572,2.3214285714285716,0.06381258547786967,121.28205128205128,134.8503700178388
2021-12-27,Newcastle United,Manchester United,1,1,D,13,13,8,4,11,8,2,4,3,3.0,0,0.0,2021,H,,,1,0.0,0.0,0.0,0,3,0.3333333333333333,0.9824561403508772,1.8545454545454545,0.16043151192462007,121.28205128205128,135.01080152976343
2022-01-15,Newcastle United,Watford,1,1,D,12,18,1,5,13,13,4,6,3,2.0,0,0.0,2022,H,,,1,0.0,0.0,0.0,0,3,0.6666666666666666,0.9827586206896552,0.7368421052631579,0.2736855476902028,121.28205128205128,135.28448707745363
2022-01-22,Newcastle United,Leeds United,1,0,A,13,15,4,3,9,9,6,7,2,,0,,2022,A,4.0,0.0,3,0.0,0.0,0.0,1,2,1.6666666666666667,1.0169491525423728,1.3728813559322033,0.5515914909230617,121.28205128205128,135.83607856837668
2022-02-08,Newcastle United,Everton,3,1,H,20,11,9,3,13,13,6,2,2,3.0,0,0.0,2022,H,,,3,0.0,0.0,0.0,0,2,2.3333333333333335,1.05,1.3220338983050848,0.3397341284186842,121.28205128205128,136.17581269679536
2022-02-13,Newcastle United,Aston Villa,1,0,H,10,11,2,1,22,15,3,6,3,4.0,0,0.0,2022,H,,,3,0.0,0.0,0.0,1,3,3.0,1.0819672131147542,1.3442622950819672,0.5491468117501571,121.28205128205128,136.72495950854554
2022-02-19,Newcastle United,West Ham United,1,1,D,11,14,3,3,3,7,3,7,3,,0,,2022,A,3.0,0.0,1,0.0,0.0,0.0,0,3,2.3333333333333335,1.0806451612903225,1.671875,0.17894104417724374,121.28205128205128,136.90390055272277
2022-02-26,Newcastle United,Brentford,2,0,A,6,26,1,11,9,7,6,6,1,,0,,2022,A,3.0,1.0,3,0.0,0.0,0.0,1,1,2.3333333333333335,1.1111111111111112,0.8888888888888888,0.605977791592569,121.28205128205128,137.50987834431533
2022-03-05,Newcastle United,Brighton and Hove Albion,2,1,H,10,15,4,4,8,10,4,7,1,1.0,0,0.0,2022,H,,,3,0.0,0.0,0.0,0,1,2.3333333333333335,1.140625,1.1384615384615384,0.3636796242115217,121.28205128205128,137.87355796852685
2022-03-10,Newcastle United,Southampton,2,1,A,14,8,5,4,6,7,12,5,1,,0,,2022,A,1.0,0.0,3,0.0,0.0,0.0,0,1,3.0,1.1692307692307693,1.181818181818182,0.3592864058852619,121.28205128205128,138.23284437441214
2022-03-13,Newcastle United,Chelsea,0,1,H,8,7,3,2,17,16,7,2,3,,0,,2022,A,4.0,0.0,0,0.0,0.0,0.0,0,3,2.0,1.1515151515151516,1.9090909090909092,0.0949045598367449,121.28205128205128,138.32774893424886
2022-03-17,Newcastle United,Everton,0,1,H,9,17,3,6,13,11,5,7,1,,0,,2022,A,2.0,1.0,0,0.0,0.0,0.0,0,1,1.0,1.1343283582089552,1.2923076923076924,0.16809078498930963,121.28205128205128,138.49583971923818
2022-04-03,Newcastle United,Tottenham Hotspur,1,5,H,19,8,6,1,10,7,2,3,3,,0,,2022,A,2.0,0.0,0,0.0,0.0,0.0,0,3,0.0,1.1176470588235294,1.7058823529411764,0.11549516565431911,121.28205128205128,138.6113348848925
2022-04-08,Newcastle United,Wolverhampton Wanderers,1,0,H,12,5,4,2,6,13,1,2,1,1.0,0,0.0,2022,H,,,3,0.0,0.0,0.0,1,1,1.0,1.144927536231884,1.3428571428571427,0.5599783437924226,121.28205128205128,139.1713132286849
2022-04-17,Newcastle United,Leicester City,2,1,H,16,8,7,2,10,10,3,5,2,2.0,0,0.0,2022,H,,,3,0.0,0.0,0.0,0,2,2.0,1.1714285714285717,1.5588235294117647,0.31574083774142614,121.28205128205128,139.48705406642634
2022-04-20,Newcastle United,Crystal Palace,1,0,H,13,10,4,2,12,12,2,5,1,1.0,0,0.0,2022,H,,,3,0.0,0.0,0.0,1,1,3.0,1.1971830985915493,1.1571428571428573,0.5787962997106643,121.28205128205128,140.065850366137
2022-04-23,Newcastle United,Norwich City,3,0,A,5,13,2,7,11,10,2,3,2,,0,,2022,A,0.0,0.0,3,0.0,0.0,0.0,1,2,3.0,1.2222222222222223,0.6363636363636364,0.626220956968382,121.28205128205128,140.69207132310538
2022-04-30,Newcastle United,Liverpool,0,1,A,4,24,2,10,11,11,0,6,1,3.0,0,0.0,2022,H,,,0,0.0,0.0,0.0,0,1,2.0,1.2054794520547945,2.0972222222222223,0.08653084422531959,121.28205128205128,140.77860216733072
2022-05-08,Newcastle United,Manchester City,0,5,H,21,7,9,3,6,11,8,2,3,,0,,2022,A,1.0,0.0,0,0.0,0.0,0.0,0,3,1.0,1.1891891891891893,2.356164383561644,0.049603742495484826,121.28205128205128,140.82820590982618
2022-05-16,Newcastle United,Arsenal,2,0,H,16,11,4,2,11,8,12,8,0,3.0,0,0.0,2022,H,,,3,0.0,0.0,0.0,1,0,1.0,1.2133333333333334,1.6933333333333334,0.5298100591646262,121.28205128205128,141.35801596899083
2022-05-22,Newcastle United,Burnley,2,1,A,12,8,5,6,8,9,8,2,0,,0,,2022,A,1.0,0.0,3,0.0,0.0,0.0,0,0,2.0,1.236842105263158,0.9736842105263158,0.3857206672554903,121.28205128205128,141.74373663624633
2022-08-06,Newcastle United,Nottingham Forest,2,0,H,23,5,10,0,9,14,11,1,0,3.0,0,0.0,2022,H,,,3,0.0,0.0,0.0,1,0,3.0,1.2597402597402598,0.0,0.7013912162037736,121.28205128205128,142.44512785245007
2022-08-13,Newcastle United,Brighton and Hove Albion,0,0,D,13,4,7,1,8,6,7,3,3,,0,,2022,A,2.0,0.0,1,0.0,0.0,0.0,1,3,2.3333333333333335,1.2564102564102564,1.2307692307692308,0.44064677511080536,121.28205128205128,142.8857746275609
2022-08-21,Newcastle United,Manchester City,3,3,D,12,21,6,10,14,7,5,5,4,2.0,0,0.0,2022,H,,,1,0.0,0.0,0.0,0,4,1.6666666666666667,1.2531645569620251,2.3544303797468356,0.10443486891714587,121.28205128205128,142.99020949647803
2022-08-28,Newcastle United,Wolverhampton Wanderers,1,1,D,10,21,4,6,10,11,4,13,1,,0,,2022,A,2.0,0.0,1,0.0,0.0,0.0,0,1,1.0,1.25,1.225,0.2349109021490274,121.28205128205128,143.22512039862707
2022-08-31,Newcastle United,Liverpool,1,2,H,23,5,6,2,9,10,13,0,2,,0,,2022,A,0.0,0.0,0,0.0,0.0,0.0,0,2,0.6666666666666666,1.2345679012345678,2.0864197530864197,0.08228085515820838,121.28205128205128,143.30740125378526
2022-09-03,Newcastle United,Crystal Palace,0,0,D,23,19,6,9,19,12,13,5,2,1.0,0,0.0,2022,H,,,1,0.0,0.0,0.0,1,2,0.6666666666666666,1.2317073170731707,1.195121951219512,0.44960339899502644,121.28205128205128,143.7570046527803
2022-09-17,Newcastle United,Bournemouth,1,1,D,20,10,7,3,10,11,8,1,2,2.0,0,0.0,2022,H,,,1,0.0,0.0,0.0,0,2,0.6666666666666666,1.2289156626506024,1.1428571428571428,0.23788965303341553,121.28205128205128,143.99489430581372
2022-10-01,Newcastle United,Fulham,4,1,A,3,19,1,10,9,10,1,8,0,,0,,2022,A,2.0,1.0,3,0.0,0.0,0.0,0,0,1.6666666666666667,1.25,0.8478260869565217,0.3984735506008926,121.28205128205128,144.3933678564146
2022-10-08,Newcastle United,Brentford,5,1,H,16,6,6,3,14,9,9,5,0,1.0,0,0.0,2022,H,,,3,0.0,0.0,0.0,0,0,2.3333333333333335,1.2705882352941176,1.1914893617021276,0.3636510256130697,121.28205128205128,144.7570188820277
2022-10-16,Newcastle United,Manchester United,0,0,D,15,9,2,2,13,11,4,4,1,,0,,2022,A,3.0,0.0,1,0.0,0.0,0.0,1,1,2.3333333333333335,1.2674418604651163,1.741176470588235,0.3996176600582752,121.28205128205128,145.15663654208595
2022-10-19,Newcastle United,Everton,1,0,H,16,1,4,0,9,12,8,2,2,4.0,0,0.0,2022,H,,,3,0.0,0.0,0.0,1,2,2.3333333333333335,1.2873563218390804,1.2413793103448276,0.5649162585224101,121.28205128205128,145.72155280060838
2022-10-23,Newcastle United,Tottenham Hotspur,2,1,A,17,13,5,5,12,6,6,7,2,,0,,2022,A,4.0,0.0,3,0.0,0.0,0.0,0,2,2.3333333333333335,1.306818181818182,1.7727272727272727,0.2940665158281901,121.28205128205128,146.01561931643656
2022-10-29,Newcastle United,Aston Villa,4,0,H,20,3,7,0,11,11,3,0,1,1.0,0,0.0,2022,H,,,3,0.0,0.0,0.0,1,1,3.0,1.3258426966292134,1.2584269662921348,0.5685334387042593,121.28205128205128,146.58415275514082
2022-11-06,Newcastle United,Southampton,4,1,A,16,7,5,4,7,10,8,2,0,,0,,2022,A,1.0,0.0,3,0.0,0.0,0.0,0,0,3.0,1.3444444444444446,1.0555555555555556,0.37742485223080435,121.28205128205128,146.96157760737162
2022-11-12,Newcastle United,Chelsea,1,0,H,10,5,3,2,14,11,5,3,3,2.0,0,0.0,2022,H,,,3,0.0,0.0,0.0,1,3,3.0,1.362637362637363,1.8,0.5029680699886208,121.28205128205128,147.46454567736023
2022-12-26,Newcastle United,Leicester City,3,0,A,8,12,2,5,9,6,5,5,0,,0,,2022,A,0.0,0.0,3,0.0,0.0,0.0,1,0,3.0,1.3804347826086956,1.4673913043478262,0.5527041899266967,121.28205128205128,148.01724986728692
2022-12-31,Newcastle United,Leeds United,0,0,D,16,8,5,1,13,19,9,3,3,5.0,0,0.0,2022,H,,,1,0.0,0.0,0.0,1,3,2.3333333333333335,1.3763440860215057,1.2282608695652173,0.4409009409676893,121.28205128205128,148.45815080825463
2023-01-03,Newcastle United,Arsenal,0,0,D,17,8,4,1,10,16,5,5,4,,0,,2023,A,4.0,0.0,1,0.0,0.0,0.0,1,4,1.6666666666666667,1.372340425531915,1.870967741935484,0.3704325135433914,121.28205128205128,148.82858332179802
2023-01-15,Newcastle United,Fulham,1,0,H,20,5,5,0,6,14,10,5,1,3.0,0,0.0,2023,H,,,3,0.0,0.0,0.0,1,1,1.6666666666666667,1.3894736842105264,1.0172413793103448,0.5929721604023901,121.28205128205128,149.4215554822004
2023-01-21,Newcastle United,Crystal Palace,0,0,D,6,16,1,7,13,7,3,15,2,,0,,2023,A,4.0,0.0,1,0.0,0.0,0.0,1,2,1.6666666666666667,1.3854166666666667,1.2083333333333333,0.44826472326913525,121.28205128205128,149.86982020546955
2023-02-04,Newcastle United,West Ham United,1,1,D,8,10,2,1,11,13,4,2,2,1.0,0,0.0,2023,H,,,1,0.0,0.0,0.0,0,2,1.6666666666666667,1.381443298969072,1.443298969072165,0.2074466474242061,121.28205128205128,150.07726685289376
2023-02-11,Newcastle United,Bournemouth,1,1,D,11,15,5,7,8,10,4,6,3,,0,,2023,A,2.0,0.0,1,0.0,0.0,0.0,0,3,1.0,1.3775510204081634,0.8181818181818182,0.2654436015942486,121.28205128205128,150.34271045448799
2023-02-18,Newcastle United,Liverpool,0,2,A,14,13,4,7,3,8,6,7,1,1.0,1,0.0,2023,H,,,0,0.0,0.0,0.0,0,3,0.6666666666666666,1.3636363636363635,2.0,0.08569297302361958,121.28205128205128,150.42840342751163
2023-03-04,Newcastle United,Manchester City,0,2,H,11,5,3,2,8,13,8,4,4,,0,,2023,A,2.0,0.0,0,0.0,0.0,0.0,0,4,0.3333333333333333,1.35,2.323529411764706,0.04756598535809281,121.28205128205128,150.47596941286972
2023-03-12,Newcastle United,Wolverhampton Wanderers,2,1,H,19,7,8,4,11,10,10,3,1,2.0,0,0.0,2023,H,,,3,0.0,0.0,0.0,0,1,1.0,1.3663366336633664,1.194174757281553,0.35803434554173036,121.28205128205128,150.83400375841143
2023-03-17,Newcastle United,Nottingham Forest,2,1,A,5,15,3,4,17,9,3,7,1,,0,,2023,A,5.0,0.0,3,0.0,0.0,0.0,0,1,2.0,1.3823529411764706,0.9629629629629628,0.3814624482131562,121.28205128205128,151.2154662066246
2023-04-02,Newcastle United,Manchester United,2,0,H,22,6,6,1,8,12,7,4,0,0.0,0,0.0,2023,H,,,3,0.0,0.0,0.0,1,0,3.0,1.3980582524271843,1.766990291262136,0.5223465870787556,121.28205128205128,151.73781279370334
2023-04-05,Newcastle United,West Ham United,5,1,A,7,15,2,8,11,12,7,6,1,,0,,2023,A,2.0,0.0,3,0.0,0.0,0.0,0,1,3.0,1.4134615384615383,1.4230769230769231,0.3348402716504294,121.28205128205128,152.0726530653538
2023-04-08,Newcastle United,Brentford,2,1,A,12,10,6,4,10,15,6,5,0,,0,,2023,A,0.0,0.0,3,0.0,0.0,0.0,0,0,3.0,1.4285714285714286,1.3088235294117647,0.35176185302103535,121.28205128205128,152.42441491837482
2023-04-15,Newcastle United,Aston Villa,0,3,H,16,8,6,2,13,15,7,2,1,,0,,2023,A,1.0,0.0,0,0.0,0.0,0.0,0,1,2.0,1.4150943396226414,1.4018691588785046,0.15698920042171563,121.28205128205128,152.58140411879654
2023-04-23,Newcastle United,Tottenham Hotspur,6,1,H,25,11,8,3,7,13,9,3,0,3.0,0,0.0,2023,H,,,3,0.0,0.0,0.0,0,0,2.0,1.4299065420560748,1.7222222222222223,0.3098732156012188,121.28205128205128,152.89127733439776
2023-04-27,Newcastle United,Everton,4,1,A,13,15,5,8,8,6,3,14,1,,0,,2023,A,2.0,0.0,3,0.0,0.0,0.0,0,1,2.0,1.4444444444444444,1.1559633027522935,0.3619062149789031,121.28205128205128,153.25318354937664
2023-04-30,Newcastle United,Southampton,3,1,H,22,4,5,3,7,10,11,2,1,4.0,0,0.0,2023,H,,,3,0.0,0.0,0.0,0,1,3.0,1.4587155963302751,0.9727272727272728,0.38047305555545013,121.28205128205128,153.6336566049321
2023-05-07,Newcastle United,Arsenal,0,2,A,12,10,5,6,16,12,9,4,2,1.0,0,0.0,2023,H,,,0,0.0,0.0,0.0,0,2,2.0,1.4454545454545455,1.9009009009009008,0.10107900829436933,121.28205128205128,153.73473561322646
2023-05-13,Newcastle United,Leeds United,2,2,D,9,18,4,5,16,14,2,6,2,,0,,2023,A,3.0,1.0,1,0.0,0.0,0.0,0,2,1.3333333333333333,1.4414414414414414,1.1428571428571428,0.23788965303341553,121.28205128205128,153.97262526625988
2023-05-18,Newcastle United,Brighton and Hove Albion,4,1,H,22,8,9,2,17,16,6,1,2,4.0,0,0.0,2023,H,,,3,0.0,0.0,0.0,0,2,1.3333333333333333,1.4553571428571428,1.351351351351351,0.33676346551605474,121.28205128205128,154.30938873177593
2023-05-22,Newcastle United,Leicester City,0,0,D,23,1,4,1,9,5,12,1,2,0.0,0,0.0,2023,H,,,1,0.0,0.0,0.0,1,2,1.6666666666666667,1.4513274336283186,1.3185840707964602,0.43709329663625573,121.28205128205128,154.7464820284122
2023-05-28,Newcastle United,Chelsea,1,1,D,22,13,5,4,9,11,10,3,0,,0,,2023,A,0.0,0.0,1,0.0,0.0,0.0,0,0,1.6666666666666667,1.4473684210526316,1.6228070175438596,0.19994670527405173,121.28205128205128,154.94642873368625
2023-08-12,Newcastle United,Aston Villa,5,1,H,17,16,13,6,12,17,6,5,4,4.0,0,0.0,2023,H,,,3,0.0,0.0,0.0,0,4,1.6666666666666667,1.4608695652173913,1.4,0.32114487021848936,121.28205128205128,155.26757360390474
2023-08-19,Newcastle United,Manchester City,0,1,H,14,7,4,1,12,11,3,0,5,,0,,2023,A,1.0,0.0,0,0.0,0.0,0.0,0,5,1.3333333333333333,1.4482758620689655,2.3620689655172415,0.038316294689899055,121.28205128205128,155.30588989859464
2023-08-27,Newcastle United,Liverpool,1,2,A,23,9,8,4,16,10,5,9,1,2.0,0,1.0,2023,H,,,0,0.0,0.0,0.0,0,1,1.0,1.435897435897436,2.0085470085470085,0.09551607794367795,121.28205128205128,155.4014059765383
2023-09-02,Newcastle United,Brighton and Hove Albion,1,3,H,15,9,6,2,14,17,5,3,4,,0,,2023,A,4.0,0.0,0,0.0,0.0,0.0,0,4,0.0,1.423728813559322,1.38135593220339,0.1430340261581303,121.28205128205128,155.54444000269643
2023-09-16,Newcastle United,Brentford,1,0,H,9,11,2,2,8,12,8,3,3,5.0,0,0.0,2023,H,,,3,0.0,0.0,0.0,1,3,1.0,1.4369747899159664,1.3703703703703705,0.5465013469276869,121.28205128205128,156.09094134962413
2023-09-24,Newcastle United,Sheffield United,8,0,A,9,22,1,15,12,8,2,6,0,,0,,2023,A,3.0,0.0,3,0.0,0.0,0.0,1,0,2.0,1.45,0.5454545454545454,0.6461216953250218,121.28205128205128,156.73706304494914
2023-09-30,Newcastle United,Burnley,2,0,H,20,8,8,2,7,15,5,3,1,3.0,0,0.0,2023,H,,,3,0.0,0.0,0.0,1,1,3.0,1.462809917355372,0.9146341463414634,0.6033690901780118,121.28205128205128,157.34043213512717
2023-10-08,Newcastle United,West Ham United,2,2,D,5,10,3,3,11,18,4,2,3,,0,,2023,A,3.0,0.0,1,0.0,0.0,0.0,0,3,2.3333333333333335,1.459016393442623,1.4344262295081966,0.20300112377085,121.28205128205128,157.543433258898
2023-10-21,Newcastle United,Crystal Palace,4,0,H,10,17,7,3,7,12,6,8,2,3.0,0,0.0,2023,H,,,3,0.0,0.0,0.0,1,2,2.3333333333333335,1.4715447154471544,1.2113821138211385,0.5679557981016219,121.28205128205128,158.11138905699966
2023-10-28,Newcastle United,Wolverhampton Wanderers,2,2,D,11,13,6,5,13,15,8,7,4,,0,,2023,A,1.0,0.0,1,0.0,0.0,0.0,0,4,1.6666666666666667,1.467741935483871,1.2016129032258065,0.22124692982842248,121.28205128205128,158.33263598682805
2023-11-04,Newcastle United,Arsenal,1,0,H,9,14,2,1,14,9,0,11,5,1.0,0,0.0,2023,H,,,3,0.0,0.0,0.0,1,5,2.3333333333333335,1.48,1.904,0.4817408631308908,121.28205128205128,158.81437684995896
2023-11-11,Newcastle United,Bournemouth,0,2,H,19,8,10,5,10,4,6,5,1,,0,,2023,A,2.0,0.0,0,0.0,0.0,0.0,0,1,1.3333333333333333,1.468253968253968,0.96,0.20176267770928769,121.28205128205128,159.01613952766823
2023-11-25,Newcastle United,Chelsea,4,1,H,14,7,5,4,13,19,4,2,4,4.0,0,1.0,2023,H,,,3,0.0,0.0,0.0,0,4,2.0,1.4803149606299213,1.5826771653543308,0.30263465797668165,121.28205128205128,159.3187741856449
2023-12-02,Newcastle United,Manchester United,1,0,H,22,8,4,1,6,13,7,3,1,2.0,0,0.0,2023,H,,,3,0.0,0.0,0.0,1,1,2.0,1.4921875,1.8046875,0.5131822490870835,121.28205128205128,159.831956434732
2023-12-07,Newcastle United,Everton,0,3,H,21,13,6,3,18,8,5,2,0,,0,,2023,A,3.0,0.0,0,0.0,0.0,0.0,0,0,2.0,1.4806201550387597,1.193798449612403,0.1834170516118787,121.28205128205128,160.0153734863439
2023-12-10,Newcastle United,Tottenham Hotspur,1,4,H,23,9,12,3,10,12,3,6,3,,0,,2023,A,1.0,0.0,0,0.0,0.0,0.0,0,3,1.0,1.4692307692307691,1.7153846153846153,0.11453232558471191,121.28205128205128,160.1299058119286
2023-12-16,Newcastle United,Fulham,3,0,H,27,6,10,4,7,12,5,1,0,2.0,0,1.0,2023,H,,,3,0.0,0.0,0.0,1,0,1.0,1.4809160305343512,1.086021505376344,0.5913474210491262,121.28205128205128,160.72125323297772
2023-12-23,Newcastle United,Luton Town,0,1,H,16,15,5,2,11,5,6,7,1,,0,,2023,A,2.0,0.0,0,0.0,0.0,0.0,0,1,1.0,1.4696969696969695,0.7058823529411765,0.22751177214221208,121.28205128205128,160.94876500511992
2023-12-26,Newcastle United,Nottingham Forest,1,3,A,19,15,7,6,10,11,10,2,3,3.0,0,0.0,2023,H,,,0,0.0,0.0,0.0,0,3,1.0,1.4586466165413534,0.9649122807017544,0.19057577726429198,121.28205128205128,161.13934078238424
2024-01-01,Newcastle United,Liverpool,2,4,H,34,5,15,3,16,15,7,3,5,,0,,2024,A,3.0,0.0,0,0.0,0.0,0.0,0,5,0.0,1.4477611940298507,2.037313432835821,0.07122294629561327,121.28205128205128,161.21056372867983
2024-01-13,Newcastle United,Manchester City,2,3,A,12,27,5,11,7,7,3,13,1,2.0,0,0.0,2024,H,,,0,0.0,0.0,0.0,0,1,0.0,1.4370370370370371,2.3208955223880596,0.06386659798050529,121.28205128205128,161.27443032666034
2024-01-30,Newcastle United,Aston Villa,3,1,A,12,14,6,5,14,12,8,7,1,,0,,2024,A,4.0,0.0,3,0.0,0.0,0.0,0,1,1.0,1.4485294117647058,1.5,0.32704585203932335,121.28205128205128,161.60147617869967
2024-02-03,Newcastle United,Luton Town,4,4,D,19,11,6,8,13,16,8,2,2,2.0,0,0.0,2024,H,,,1,0.0,0.0,0.0,0,2,1.3333333333333333,1.4452554744525548,0.9090909090909092,0.2615765905528806,121.28205128205128,161.86305276925253
2024-02-10,Newcastle United,Nottingham Forest,3,2,A,13,7,3,5,9,6,4,4,2,,0,,2024,A,1.0,0.0,3,0.0,0.0,0.0,0,2,2.3333333333333335,1.4565217391304348,0.9516129032258064,0.37726794510803163,121.28205128205128,162.24032071436056
2024-02-17,Newcastle United,Bournemouth,2,2,D,17,12,5,7,9,22,4,2,1,3.0,0,0.0,2024,H,,,1,0.0,0.0,0.0,0,1,1.6666666666666667,1.4532374100719423,1.0806451612903225,0.2495380105643853,121.28205128205128,162.48985872492497
2024-02-24,Newcastle United,Arsenal,1,4,H,18,3,8,2,15,6,9,0,0,,0,,2024,A,1.0,0.0,0,0.0,0.0,0.0,0,0,1.3333333333333333,1.4428571428571428,1.9428571428571428,0.10751684062142736,121.28205128205128,162.5973755655464
2024-03-02,Newcastle United,Wolverhampton Wanderers,3,0,H,14,12,7,3,8,11,3,5,0,1.0,0,0.0,2024,H,,,3,0.0,0.0,0.0,1,0,1.3333333333333333,1.453900709219858,1.2411347517730495,0.5756301905635877,121.28205128205128,163.17300575610997
2024-03-11,Newcastle United,Chelsea,2,3,H,12,11,8,3,12,7,0,4,1,,0,,2024,A,3.0,0.0,0,0.0,0.0,0.0,0,1,1.0,1.443661971830986,1.5886524822695036,0.13806292163645292,121.28205128205128,163.31106867774645
2024-03-30,Newcastle United,West Ham United,4,3,H,24,10,9,4,9,8,3,4,1,1.0,1,0.0,2024,H,,,3,0.0,0.0,0.0,0,3,2.0,1.4545454545454546,1.4236111111111112,0.3240969921929488,121.28205128205128,163.6351656699394
2024-04-02,Newcastle United,Everton,1,1,D,18,10,6,3,9,14,7,3,0,3.0,0,0.0,2024,H,,,1,0.0,0.0,0.0,0,0,1.3333333333333333,1.4513888888888888,1.1527777777777777,0.24757357188898982,121.28205128205128,163.88273924182838
2024-04-06,Newcastle United,Fulham,1,0,A,14,12,4,5,10,13,14,3,2,,0,,2024,A,1.0,0.0,3,0.0,0.0,0.0,1,2,2.3333333333333335,1.4620689655172414,1.101851851851852,0.5790542207863607,121.28205128205128,164.46179346261474
2024-04-13,Newcastle United,Tottenham Hotspur,4,0,H,18,11,5,2,14,12,16,3,0,4.0,0,0.0,2024,H,,,3,0.0,0.0,0.0,1,0,2.3333333333333335,1.4726027397260273,1.7328767123287672,0.525803229211118,121.28205128205128,164.98759669182584
2024-04-24,Newcastle United,Crystal Palace,0,2,H,20,7,7,2,10,15,7,2,3,,0,,2024,A,3.0,0.0,0,0.0,0.0,0.0,0,3,2.0,1.4625850340136055,1.1891891891891893,0.16785036892446695,121.28205128205128,165.1554470607503
2024-04-27,Newcastle United,Sheffield United,5,1,H,20,15,7,5,9,10,4,5,0,0.0,0,0.0,2024,H,,,3,0.0,0.0,0.0,0,0,2.0,1.472972972972973,0.5342465753424658,0.4302477644354461,121.28205128205128,165.58569482518575
2024-05-04,Newcastle United,Burnley,4,1,A,17,23,5,11,8,8,4,11,2,,0,,2024,A,2.0,0.0,3,0.0,0.0,0.0,0,2,2.0,1.483221476510067,0.875,0.38503093560780255,121.28205128205128,165.97072576079356
2024-05-11,Newcastle United,Brighton and Hove Albion,1,1,D,18,15,7,4,9,16,8,4,3,4.0,0,0.0,2024,H,,,1,0.0,0.0,0.0,0,3,2.3333333333333335,1.48,1.346666666666667,0.21189357692061345,121.28205128205128,166.1826193377142
2024-05-15,Newcastle United,Manchester United,2,3,H,17,21,8,8,16,7,9,9,3,,0,,2024,A,3.0,0.0,0,0.0,0.0,0.0,0,3,1.3333333333333333,1.4701986754966887,1.7483443708609272,0.11119259744670817,121.28205128205128,166.29381193516087
2024-05-19,Newcastle United,Brentford,4,2,A,10,12,5,7,15,11,3,0,4,,0,,2024,A,4.0,0.0,3,0.0,0.0,0.0,0,4,1.3333333333333333,1.480263157894737,1.263157894736842,0.3350107324740359,121.28205128205128,166.62882266763492
2024-08-17,Newcastle United,Southampton,1,0,H,3,19,1,4,15,16,3,12,2,4.0,1,0.0,2024,H,,,3,0.0,0.0,0.0,1,4,2.0,1.4901960784313726,0.9391304347826088,0.5848532162994153,121.28205128205128,167.21367588393434
2024-08-25,Newcastle United,Bournemouth,1,1,D,16,14,4,5,19,8,8,9,2,,0,,2024,A,2.0,0.0,1,0.0,0.0,0.0,0,2,2.3333333333333335,1.4870129870129871,1.141025641025641,0.23807523445272755,121.28205128205128,167.45175111838705
2024-09-01,Newcastle United,Tottenham Hotspur,2,1,H,9,20,3,6,16,13,7,12,4,4.0,0,0.0,2024,H,,,3,0.0,0.0,0.0,0,4,2.3333333333333335,1.4967741935483871,1.696774193548387,0.2910734964930609,121.28205128205128,167.74282461488013
2024-09-15,Newcastle United,Wolverhampton Wanderers,2,1,A,12,14,5,6,17,6,4,7,3,,0,,2024,A,3.0,0.0,3,0.0,0.0,0.0,0,3,2.3333333333333335,1.5064102564102564,1.1794871794871795,0.34883344887541723,121.28205128205128,168.09165806375555
2024-09-21,Newcastle United,Fulham,1,3,H,22,15,11,4,16,8,6,0,0,,0,,2024,A,6.0,0.0,0,0.0,0.0,0.0,0,0,2.0,1.4968152866242035,1.134453781512605,0.18943029579495008,121.28205128205128,168.2810883595505
2024-09-28,Newcastle United,Manchester City,1,1,D,11,16,4,6,14,10,5,6,4,4.0,0,0.0,2024,H,,,1,0.0,0.0,0.0,0,4,1.3333333333333333,1.4936708860759491,2.3607594936708862,0.10379355591116882,121.28205128205128,168.38488191546168
2024-10-05,Newcastle United,Everton,0,0,D,8,14,2,3,12,8,0,10,2,,0,,2024,A,1.0,0.0,1,0.0,0.0,0.0,1,2,0.6666666666666666,1.490566037735849,1.1761006289308176,0.4515307811722166,121.28205128205128,168.8364126966339
2024-10-19,Newcastle United,Brighton and Hove Albion,0,1,A,21,10,6,5,11,9,9,4,2,2.0,0,0.0,2024,H,,,0,0.0,0.0,0.0,0,2,0.6666666666666666,1.48125,1.35625,0.15626709791582047,121.28205128205128,168.9926797945497
2024-10-27,Newcastle United,Chelsea,1,2,H,17,11,7,3,13,16,7,4,3,,0,,2024,A,6.0,0.0,0,0.0,0.0,0.0,0,3,0.3333333333333333,1.4720496894409938,1.6459627329192548,0.12156666825237467,121.28205128205128,169.11424646280207
2024-11-02,Newcastle United,Arsenal,1,0,H,9,10,4,1,16,18,4,6,4,4.0,0,0.0,2024,H,,,3,0.0,0.0,0.0,1,4,1.0,1.4814814814814814,1.9814814814814816,0.47923443757880957,121.28205128205128,169.59348090038088
2024-11-10,Newcastle United,Nottingham Forest,3,1,A,9,17,3,6,13,6,4,5,1,,0,,2024,A,1.0,0.0,3,0.0,0.0,0.0,0,1,2.0,1.49079754601227,1.0689655172413792,0.37072147917052095,121.28205128205128,169.9642023795514
2024-11-25,Newcastle United,West Ham United,0,2,A,18,15,2,6,11,8,8,3,1,0.0,0,0.0,2024,H,,,0,0.0,0.0,0.0,0,1,2.0,1.4817073170731707,1.3902439024390243,0.15816715806980391,121.28205128205128,170.1223695376212
2024-11-30,Newcastle United,Crystal Palace,1,1,D,16,1,4,0,12,11,8,9,3,,0,,2024,A,3.0,0.0,1,0.0,0.0,0.0,0,3,1.3333333333333333,1.4787878787878788,1.181818181818182,0.22859725434174732,121.28205128205128,170.35096679196295
2024-12-04,Newcastle United,Liverpool,3,3,D,17,16,6,5,9,17,5,6,2,5.0,0,0.0,2024,H,,,1,0.0,0.0,0.0,0,2,0.6666666666666666,1.4759036144578312,2.0783132530120483,0.14310226617925084,121.28205128205128,170.4940690581422
2024-12-07,Newcastle United,Brentford,2,4,H,11,16,8,3,10,7,3,4,0,,0,,2024,A,3.0,0.0,0,0.0,0.0,0.0,0,0,0.6666666666666666,1.467065868263473,1.2945736434108528,0.1732057577027553,121.28205128205128,170.66727481584496
2024-12-14,Newcastle United,Leicester City,4,0,H,27,4,11,1,7,16,5,2,3,3.0,0,0.0,2024,H,,,3,0.0,0.0,0.0,1,3,1.3333333333333333,1.4761904761904765,1.2769230769230768,0.5559701233441416,121.28205128205128,171.2232449391891
2024-12-21,Newcastle United,Ipswich Town,4,0,A,10,15,2,7,9,7,2,1,0,,0,,2024,A,2.0,0.0,3,0.0,0.0,0.0,1,0,2.0,1.485207100591716,0.7058823529411765,0.6298659538900948,121.28205128205128,171.8531108930792
2024-12-26,Newcastle United,Aston Villa,3,0,H,22,4,8,1,15,10,9,6,2,1.0,0,1.0,2024,H,,,3,0.0,0.0,0.0,1,2,3.0,1.4941176470588236,1.511764705882353,0.5375187945384635,121.28205128205128,172.39062968761766
2024-12-30,Newcastle United,Manchester United,2,0,A,10,12,0,4,13,8,2,3,1,,0,,2024,A,1.0,0.0,3,0.0,0.0,0.0,1,1,3.0,1.5029239766081872,1.6900584795321638,0.5247973159938564,121.28205128205128,172.9154270036115
2025-01-04,Newcastle United,Tottenham Hotspur,2,1,A,13,14,4,4,11,15,9,10,4,,0,,2025,A,1.0,0.0,3,0.0,0.0,0.0,0,4,3.0,1.5116279069767442,1.6453488372093024,0.2962842969705081,121.28205128205128,173.211711300582
2025-01-15,Newcastle United,Wolverhampton Wanderers,3,0,H,17,13,5,7,10,13,4,2,0,2.0,0,0.0,2025,H,,,3,0.0,0.0,0.0,1,0,3.0,1.5202312138728324,1.1502890173410405,0.584835357626136,121.28205128205128,173.79654665820817
2025-01-18,Newcastle United,Bournemouth,1,4,A,13,19,5,10,7,18,7,6,1,6.0,0,0.0,2025,H,,,0,0.0,0.0,0.0,0,1,2.0,1.511494252873563,1.2653061224489797,0.17082678534259585,121.28205128205128,173.96737344355077
2025-01-25,Newcastle United,Southampton,3,1,A,12,17,5,9,10,5,3,8,0,,0,,2025,A,1.0,0.0,3,0.0,0.0,0.0,0,0,2.0,1.52,0.8321167883211679,0.40006533385057425,121.28205128205128,174.36743877740133
2025-02-01,Newcastle United,Fulham,1,2,A,11,15,4,4,10,15,4,7,4,4.0,0,0.0,2025,H,,,0,0.0,0.0,0.0,0,4,1.0,1.5113636363636365,1.181159420289855,0.16331942919907072,121.28205128205128,174.5307582066004
2025-02-15,Newcastle United,Manchester City,0,4,H,11,3,7,1,5,13,7,4,1,,0,,2025,A,0.0,0.0,0,0.0,0.0,0.0,0,1,1.0,1.502824858757062,2.2768361581920904,0.0683310212209503,121.28205128205128,174.59908922782137
2025-02-23,Newcastle United,Nottingham Forest,4,3,H,13,17,5,5,11,13,7,6,1,4.0,0,0.0,2025,H,,,3,0.0,0.0,0.0,0,1,1.0,1.5112359550561798,1.1862745098039216,0.3588348575120695,121.28205128205128,174.95792408533342
2025-02-26,Newcastle United,Liverpool,0,2,H,12,3,3,0,12,11,4,2,1,,0,,2025,A,0.0,0.0,0,0.0,0.0,0.0,0,1,1.0,1.5027932960893855,2.094444444444445,0.08681230937794282,121.28205128205128,175.04473639471138
2025-03-10,Newcastle United,West Ham United,1,0,A,9,9,2,3,7,15,3,4,1,,0,,2025,A,0.0,0.0,3,0.0,0.0,0.0,1,1,2.0,1.511111111111111,1.3666666666666667,0.5575657853413659,121.28205128205128,175.60230218005273
2025-04-02,Newcastle United,Brentford,2,1,H,21,12,4,3,12,12,4,5,1,1.0,0,0.0,2025,H,,,3,0.0,0.0,0.0,0,1,2.0,1.5193370165745856,1.2847222222222223,0.34885940136762705,121.28205128205128,175.95116158142037
2025-04-07,Newcastle United,Leicester City,3,0,A,7,16,2,5,8,9,12,2,0,,0,,2025,A,2.0,0.0,3,0.0,0.0,0.0,1,0,3.0,1.5274725274725274,1.1655172413793105,0.5832923204410154,121.28205128205128,176.53445390186138
2025-04-13,Newcastle United,Manchester United,4,1,H,13,9,6,5,7,9,7,2,0,2.0,0,0.0,2025,H,,,3,0.0,0.0,0.0,0,0,3.0,1.53551912568306,1.6576086956521738,0.3164203398035428,121.28205128205128,176.8508742416649
2025-04-16,Newcastle United,Crystal Palace,5,0,H,14,11,7,4,9,15,5,4,2,3.0,0,0.0,2025,H,,,3,0.0,0.0,0.0,1,2,3.0,1.5434782608695652,1.2445652173913044,0.5645934386697011,121.28205128205128,177.41546768033461
2025-04-19,Newcastle United,Aston Villa,1,4,H,23,10,9,3,9,12,7,7,3,,0,,2025,A,1.0,0.0,0,0.0,0.0,0.0,0,3,2.0,1.5351351351351352,1.545945945945946,0.1317011147280941,121.28205128205128,177.5471687950627
2025-04-26,Newcastle United,Ipswich Town,3,0,H,25,4,5,0,9,9,11,2,1,2.0,0,1.0,2025,H,,,3,0.0,0.0,0.0,1,1,2.0,1.543010752688172,0.6176470588235294,0.6334620359075473,121.28205128205128,178.18063083097024
2025-05-04,Newcastle United,Brighton and Hove Albion,1,1,D,5,13,2,5,15,10,1,4,1,,0,,2025,A,2.0,0.0,1,0.0,0.0,0.0,0,1,1.3333333333333333,1.5401069518716577,1.358288770053476,0.22140509030684222,121.28205128205128,178.4020359212771
2025-05-11,Newcastle United,Chelsea,2,0,H,15,10,6,3,9,13,2,8,4,2.0,0,1.0,2025,H,,,3,0.0,0.0,0.0,1,4,2.3333333333333335,1.547872340425532,1.6542553191489362,0.5123914317991825,121.28205128205128,178.9144273530763
2025-05-18,Newcastle United,Arsenal,0,1,H,12,14,4,5,9,9,10,7,3,,0,,2025,A,3.0,0.0,0,0.0,0.0,0.0,0,3,1.3333333333333333,1.5396825396825398,1.9788359788359788,0.0878374694245588,121.28205128205128,179.00226482250085
2025-05-25,Newcastle United,Everton,0,1,A,17,14,6,6,12,9,12,3,1,4.0,0,0.0,2025,H,,,0,0.0,0.0,0.0,0,1,1.0,1.5315789473684212,1.2105263157894737,0.1763774837337487,121.28205128205128,179.1786423062346
2025-08-16,Newcastle United,Aston Villa,0,0,D,3,16,3,3,13,11,3,6,1,,0,,2025,A,1.0,1.0,1,0.0,0.0,0.0,1,1,0.3333333333333333,1.5287958115183249,1.549738219895288,0.41901561077999544,121.28205128205128,179.5976579170146
2025-08-25,Newcastle United,Liverpool,2,3,A,10,5,3,4,17,15,7,1,2,3.0,1,0.0,2025,H,,,0,0.0,0.0,0.0,0,4,0.3333333333333333,1.5208333333333333,2.0833333333333335,0.07190444267316409,121.28205128205128,179.66956235968775
2025-08-30,Newcastle United,Leeds United,0,0,D,10,8,1,2,10,15,5,5,1,,0,,2025,A,1.0,0.0,1,0.0,0.0,0.0,1,1,0.6666666666666666,1.5181347150259068,1.1282051282051282,0.46172848613579465,121.28205128205128,180.13129084582354
2025-09-13,Newcastle United,Wolverhampton Wanderers,1,0,H,16,8,4,3,10,17,10,4,1,4.0,0,0.0,2025,H,,,3,0.0,0.0,0.0,1,1,1.3333333333333333,1.5257731958762886,1.1597938144329898,0.578527684955289,121.28205128205128,180.70981853077882
2025-09-21,Newcastle United,Bournemouth,0,0,D,11,4,2,1,7,10,5,2,1,,0,,2025,A,2.0,0.0,1,0.0,0.0,0.0,1,1,1.6666666666666667,1.523076923076923,1.2857142857142858,0.44576848407495845,121.28205128205128,181.15558701485378
2025-09-28,Newcastle United,Arsenal,1,2,A,8,20,3,7,8,9,7,12,2,1.0,0,0.0,2025,H,,,0,0.0,0.0,0.0,0,2,1.3333333333333333,1.5153061224489797,1.989795918367347,0.09207150241725828,121.28205128205128,181.24765851727105
2025-10-05,Newcastle United,Nottingham Forest,2,0,H,18,5,9,4,16,15,8,1,0,4.0,0,0.0,2025,H,,,3,0.0,0.0,0.0,1,0,1.3333333333333333,1.5228426395939083,1.1900826446280992,0.5808031706501333,121.28205128205128,181.8284616879212
2025-10-18,Newcastle United,Brighton and Hove Albion,1,2,H,13,16,5,3,9,9,8,4,1,,0,,2025,A,0.0,0.0,0,0.0,0.0,0.0,0,1,1.0,1.5151515151515151,1.3888888888888888,0.1583044581442543,121.28205128205128,181.98676614606543
2025-10-25,Newcastle United,Fulham,2,1,H,18,12,7,5,11,18,4,3,0,2.0,0,0.0,2025,H,,,3,0.0,0.0,0.0,0,0,2.0,1.5226130653266332,1.173913043478261,0.36543198920598663,121.28205128205128,182.35219813527144
2025-11-02,Newcastle United,West Ham United,1,3,H,15,12,9,4,5,10,7,6,2,,0,,2025,A,1.0,0.0,0,0.0,0.0,0.0,0,2,1.0,1.515,1.315,0.16044685543227608,121.28205128205128,182.5126449907037
2025-11-09,Newcastle United,Brentford,1,3,H,15,5,7,1,10,13,6,2,1,,0,,2025,A,2.0,0.0,0,0.0,0.0,0.0,0,1,1.0,1.507462686567164,1.3251533742331287,0.1647626156338926,121.28205128205128,182.6774076063376
2022-08-06,Nottingham Forest,Newcastle United,0,2,H,23,5,10,0,9,14,11,1,3,,0,,2022,A,0.0,0.0,0,0.0,0.0,0.0,0,3,0.0,0.0,1.2597402597402598,0.16070160850192566,75.0,75.16070160850192
2022-08-14,Nottingham Forest,West Ham United,1,0,H,13,19,6,5,10,11,6,7,4,1.0,0,0.0,2022,H,,,3,0.0,0.0,0.0,1,4,1.5,1.5,1.551282051282051,0.5228254509594397,75.0,75.68352705946137
2022-08-20,Nottingham Forest,Everton,1,1,D,19,14,8,5,6,9,6,2,2,,0,,2022,A,3.0,0.0,1,0.0,0.0,0.0,0,2,1.3333333333333333,1.3333333333333333,1.2531645569620251,0.22671248350067216,75.0,75.91023954296203
2022-08-28,Nottingham Forest,Tottenham Hotspur,0,2,A,17,18,1,7,11,13,6,1,6,1.0,0,0.0,2022,H,,,0,0.0,0.0,0.0,0,6,1.3333333333333333,1.0,1.7875,0.09119132988402812,75.0,76.00143087284607
2022-08-31,Nottingham Forest,Manchester City,0,6,H,17,8,9,1,9,7,10,1,1,,0,,2022,A,0.0,0.0,0,0.0,0.0,0.0,0,1,0.3333333333333333,0.8,2.3703703703703702,0.05885343755069772,75.0,76.06028431039677
2022-09-03,Nottingham Forest,Bournemouth,2,3,A,11,8,3,3,13,10,4,6,2,1.0,0,0.0,2022,H,,,0,0.0,0.0,0.0,0,2,0.0,0.6666666666666666,1.1666666666666667,0.17547709458235888,75.0,76.23576140497912
2022-09-16,Nottingham Forest,Fulham,2,3,A,11,15,3,7,11,10,2,10,2,4.0,0,0.0,2022,H,,,0,0.0,0.0,0.0,0,2,0.0,0.5714285714285714,0.8666666666666667,0.2058753310656724,75.0,76.4416367360448
2022-10-03,Nottingham Forest,Leicester City,0,4,H,17,10,7,3,13,12,6,6,4,,0,,2022,A,2.0,0.0,0,0.0,0.0,0.0,0,4,0.0,0.5,1.4523809523809523,0.13583724162616476,75.0,76.57747397767096
2022-10-10,Nottingham Forest,Aston Villa,1,1,D,6,12,3,2,13,19,1,4,3,3.0,0,0.0,2022,H,,,1,0.0,0.0,0.0,0,3,0.3333333333333333,0.5555555555555556,1.2823529411764707,0.21841032304252642,75.0,76.79588430071348
2022-10-15,Nottingham Forest,Wolverhampton Wanderers,0,1,H,9,10,2,2,17,13,4,5,2,,0,,2022,A,2.0,0.0,0,0.0,0.0,0.0,0,2,0.3333333333333333,0.5,1.2209302325581397,0.16997870555436934,75.0,76.96586300626785
2022-10-18,Nottingham Forest,Brighton and Hove Albion,0,0,D,19,3,7,0,10,14,9,1,1,,0,,2022,A,3.0,0.0,1,0.0,0.0,0.0,1,1,0.6666666666666666,0.5454545454545454,1.244186046511628,0.44997643486168515,75.0,77.41583944112953
2022-10-22,Nottingham Forest,Liverpool,1,0,H,10,15,7,7,14,8,2,11,2,1.0,0,0.0,2022,H,,,3,0.0,0.0,0.0,1,2,1.3333333333333333,0.75,2.0344827586206895,0.48455310460100653,75.0,77.90039254573054
2022-10-30,Nottingham Forest,Arsenal,0,5,H,24,5,10,2,9,8,9,4,1,,0,,2022,A,0.0,0.0,0,0.0,0.0,0.0,0,1,1.3333333333333333,0.6923076923076923,1.8295454545454544,0.11365384984174412,75.0,78.0140463955723
2022-11-05,Nottingham Forest,Brentford,2,2,D,15,6,7,2,10,11,3,3,2,2.0,0,0.0,2022,H,,,1,0.0,0.0,0.0,0,2,1.3333333333333333,0.7142857142857143,1.1923076923076923,0.23287895471199022,75.0,78.24692535028429
2022-11-12,Nottingham Forest,Crystal Palace,1,0,H,9,8,2,0,11,13,1,5,1,4.0,0,0.0,2022,H,,,3,0.0,0.0,0.0,1,1,1.3333333333333333,0.8666666666666667,1.2333333333333334,0.571076112667283,75.0,78.81800146295157
2022-12-27,Nottingham Forest,Manchester United,0,3,H,17,8,8,3,13,4,9,9,1,,0,,2022,A,3.0,0.0,0,0.0,0.0,0.0,0,1,1.3333333333333333,0.8125,1.7692307692307692,0.11976538340045226,75.0,78.93776684635202
2023-01-01,Nottingham Forest,Chelsea,1,1,D,12,7,5,2,16,14,1,2,2,2.0,0,0.0,2023,H,,,1,0.0,0.0,0.0,0,2,1.3333333333333333,0.8235294117647058,1.8043478260869563,0.17086248563232048,75.0,79.10862933198433
2023-01-04,Nottingham Forest,Southampton,1,0,A,8,11,0,1,14,17,6,2,2,,0,,2023,A,2.0,0.0,3,0.0,0.0,0.0,1,2,1.3333333333333333,0.9444444444444444,1.0106382978723405,0.5882966580675363,75.0,79.69692599005188
2023-01-14,Nottingham Forest,Leicester City,2,0,H,15,6,5,1,11,12,3,5,1,2.0,0,0.0,2023,H,,,3,0.0,0.0,0.0,1,1,2.3333333333333335,1.0526315789473684,1.4210526315789471,0.5520549939321103,75.0,80.24898098398398
2023-01-21,Nottingham Forest,Bournemouth,1,1,D,16,20,4,5,10,7,4,6,2,,0,,2023,A,1.0,0.0,1,0.0,0.0,0.0,0,2,2.3333333333333335,1.05,0.85,0.26756412198141205,75.0,80.51654510596539
2023-02-05,Nottingham Forest,Leeds United,1,0,H,6,10,2,4,15,14,0,2,4,2.0,0,0.0,2023,H,,,3,0.0,0.0,0.0,1,4,2.3333333333333335,1.1428571428571428,1.1979166666666667,0.5586310660479579,75.0,81.07517617201336
2023-02-11,Nottingham Forest,Fulham,0,2,H,16,10,3,1,9,11,5,4,1,,0,,2023,A,0.0,0.0,0,0.0,0.0,0.0,0,1,1.3333333333333333,1.0909090909090908,1.0327868852459017,0.19438736787399197,75.0,81.26956353988734
2023-02-18,Nottingham Forest,Manchester City,1,1,D,4,26,1,6,8,6,0,10,1,0.0,0,0.0,2023,H,,,1,0.0,0.0,0.0,0,1,1.3333333333333333,1.0869565217391304,2.31,0.12497061353437686,75.0,81.39453415342172
2023-02-25,Nottingham Forest,West Ham United,0,4,H,18,8,5,3,8,5,12,3,0,,0,,2023,A,0.0,0.0,0,0.0,0.0,0.0,0,0,0.3333333333333333,1.0416666666666667,1.44,0.15847007510774336,75.0,81.55300422852946
2023-03-05,Nottingham Forest,Everton,2,2,D,10,10,4,3,11,17,3,3,3,5.0,0,0.0,2023,H,,,1,0.0,0.0,0.0,0,3,0.6666666666666666,1.04,1.1764705882352942,0.22913911238957826,75.0,81.78214334091905
2023-03-11,Nottingham Forest,Tottenham Hotspur,1,3,H,15,9,7,5,13,13,2,10,1,,0,,2023,A,3.0,0.0,0,0.0,0.0,0.0,0,1,0.3333333333333333,1.0,1.7572815533980584,0.12097616702936193,75.0,81.9031195079484
2023-03-17,Nottingham Forest,Newcastle United,1,2,A,5,15,3,4,17,9,3,7,5,1.0,0,0.0,2023,H,,,0,0.0,0.0,0.0,0,5,0.3333333333333333,0.9629629629629628,1.3823529411764706,0.13758842600457402,75.0,82.04070793395297
2023-04-01,Nottingham Forest,Wolverhampton Wanderers,1,1,D,17,8,7,1,14,13,4,3,3,5.0,0,0.0,2023,H,,,1,0.0,0.0,0.0,0,3,0.3333333333333333,0.9642857142857144,1.180952380952381,0.2286849837399676,75.0,82.26939291769295
2023-04-04,Nottingham Forest,Leeds United,1,2,H,21,13,6,1,11,13,11,4,4,,0,,2023,A,1.0,0.0,0,0.0,0.0,0.0,0,4,0.3333333333333333,0.9310344827586208,1.2,0.16141036120736504,75.0,82.43080327890031
2023-04-08,Nottingham Forest,Aston Villa,0,2,H,8,6,3,2,7,17,1,8,4,,0,,2023,A,3.0,0.0,0,0.0,0.0,0.0,0,4,0.3333333333333333,0.9,1.3867924528301887,0.14248315735926415,75.0,82.57328643625958
2023-04-16,Nottingham Forest,Manchester United,0,2,A,6,22,0,8,9,9,4,9,2,2.0,0,0.0,2023,H,,,0,0.0,0.0,0.0,0,2,0.0,0.8709677419354839,1.80188679245283,0.11111185590699904,75.0,82.68439829216658
2023-04-22,Nottingham Forest,Liverpool,2,3,H,18,11,6,5,9,12,9,3,1,,0,,2023,A,0.0,0.0,0,0.0,0.0,0.0,0,1,0.0,0.84375,1.97196261682243,0.09922308124781765,75.0,82.78362137341439
2023-04-26,Nottingham Forest,Brighton and Hove Albion,3,1,H,12,17,5,7,7,8,2,7,2,0.0,0,0.0,2023,H,,,3,0.0,0.0,0.0,0,2,1.0,0.9090909090909092,1.330188679245283,0.33890782522038504,75.0,83.12252919863478
2023-04-29,Nottingham Forest,Brentford,1,2,H,14,5,8,3,6,13,6,0,2,,0,,2023,A,1.0,0.0,0,0.0,0.0,0.0,0,2,1.0,0.8823529411764706,1.3333333333333333,0.15858918542496248,75.0,83.28111838405974
2023-05-08,Nottingham Forest,Southampton,4,3,H,9,19,4,5,16,10,2,11,1,0.0,0,0.0,2023,H,,,3,0.0,0.0,0.0,0,1,2.0,0.9428571428571428,0.963963963963964,0.381361019329328,75.0,83.66247940338907
2023-05-13,Nottingham Forest,Chelsea,2,2,D,14,11,6,2,13,15,2,5,1,,0,,2023,A,3.0,0.0,1,0.0,0.0,0.0,0,1,1.3333333333333333,0.9444444444444444,1.6576576576576576,0.19107080283638084,75.0,83.85355020622545
2023-05-20,Nottingham Forest,Arsenal,1,0,H,6,11,2,3,11,12,3,6,3,2.0,0,0.0,2023,H,,,3,0.0,0.0,0.0,1,3,2.3333333333333335,1.0,1.8672566371681416,0.49615312611625545,75.0,84.3497033323417
2023-05-28,Nottingham Forest,Crystal Palace,1,1,D,16,7,4,4,9,13,5,4,2,,0,,2023,A,0.0,0.0,1,0.0,0.0,0.0,0,2,1.6666666666666667,1.0,1.2017543859649122,0.2319217452860649,75.0,84.58162507762776
2023-08-12,Nottingham Forest,Arsenal,1,2,H,15,6,7,2,12,12,8,3,2,,0,,2023,A,2.0,0.0,0,0.0,0.0,0.0,0,2,1.3333333333333333,0.9743589743589745,1.8869565217391304,0.10249195674561096,75.0,84.68411703437339
2023-08-18,Nottingham Forest,Sheffield United,2,1,H,16,7,4,3,5,9,6,7,2,3.0,0,0.0,2023,H,,,3,0.0,0.0,0.0,0,2,1.3333333333333333,1.025,0.575,0.4154291720911161,75.0,85.0995462064645
2023-08-26,Nottingham Forest,Manchester United,2,3,H,18,9,9,4,13,11,11,3,4,,1,,2023,A,4.0,0.0,0,0.0,0.0,0.0,0,6,1.0,1.0,1.8205128205128205,0.08784622480092846,75.0,85.18739243126542
2023-09-02,Nottingham Forest,Chelsea,1,0,A,21,7,2,3,10,9,8,0,4,,0,,2023,A,3.0,0.0,3,0.0,0.0,0.0,1,4,2.0,1.0476190476190477,1.6016949152542372,0.5177172437566808,75.0,85.7051096750221
2023-09-18,Nottingham Forest,Burnley,1,1,D,14,10,4,3,16,10,5,4,2,3.0,0,1.0,2023,H,,,1,0.0,0.0,0.0,0,2,1.3333333333333333,1.0465116279069768,0.9375,0.2586979696737789,75.0,85.96380764469589
2023-09-23,Nottingham Forest,Manchester City,0,2,H,7,10,4,3,5,17,6,6,7,,0,,2023,A,3.0,1.0,0,0.0,0.0,0.0,0,7,1.3333333333333333,1.0227272727272727,2.3833333333333333,0.025472478874578708,75.0,85.98928012357047
2023-10-01,Nottingham Forest,Brentford,1,1,D,6,18,1,5,6,10,1,11,1,2.0,1,0.0,2023,H,,,1,0.0,0.0,0.0,0,3,0.6666666666666666,1.022222222222222,1.3493975903614457,0.21161685937297423,75.0,86.20089698294343
2023-10-07,Nottingham Forest,Crystal Palace,0,0,D,8,16,2,5,7,12,3,7,1,,0,,2023,A,0.0,0.0,1,0.0,0.0,0.0,1,1,0.6666666666666666,1.0217391304347827,1.221311475409836,0.452294256934374,75.0,86.65319123987781
2023-10-21,Nottingham Forest,Luton Town,2,2,D,19,13,8,4,12,11,4,2,3,0.0,0,0.0,2023,H,,,1,0.0,0.0,0.0,0,3,1.0,1.0212765957446808,0.5555555555555556,0.2920548523877217,75.0,86.94524609226553
2023-10-29,Nottingham Forest,Liverpool,0,3,H,21,9,8,1,9,13,8,3,3,,0,,2023,A,2.0,0.0,0,0.0,0.0,0.0,0,3,0.6666666666666666,1.0,2.024193548387097,0.08324150233948138,75.0,87.02848759460501
2023-11-05,Nottingham Forest,Aston Villa,2,0,H,5,13,3,3,6,9,0,10,1,1.0,0,0.0,2023,H,,,3,0.0,0.0,0.0,1,1,1.3333333333333333,1.0408163265306123,1.464,0.5477032463934465,75.0,87.57619084099846
2023-11-12,Nottingham Forest,West Ham United,2,3,H,16,10,6,5,9,12,9,4,2,,0,,2023,A,2.0,0.0,0,0.0,0.0,0.0,0,2,1.0,1.02,1.4126984126984128,0.15054732392144038,75.0,87.72673816491991
2023-11-25,Nottingham Forest,Brighton and Hove Albion,2,3,A,18,11,5,5,12,7,6,4,2,4.0,0,1.0,2023,H,,,0,0.0,0.0,0.0,0,2,1.0,1.0,1.3858267716535433,0.1532701589186959,75.0,87.8800083238386
2023-12-02,Nottingham Forest,Everton,0,1,A,13,12,2,3,15,14,4,3,1,0.0,0,0.0,2023,H,,,0,0.0,0.0,0.0,0,1,0.0,0.9807692307692308,1.1796875,0.17950230245119458,75.0,88.05951062628979
2023-12-06,Nottingham Forest,Fulham,0,5,H,14,4,6,1,7,10,6,1,1,,0,,2023,A,0.0,0.0,0,0.0,0.0,0.0,0,1,0.0,0.9622641509433962,1.0769230769230769,0.18991515990040653,75.0,88.2494257861902
2023-12-09,Nottingham Forest,Wolverhampton Wanderers,1,1,D,10,8,4,2,9,11,4,3,1,,0,,2023,A,0.0,0.0,1,0.0,0.0,0.0,0,1,0.3333333333333333,0.9629629629629628,1.2,0.23744408852263688,75.0,88.48686987471284
2023-12-15,Nottingham Forest,Tottenham Hotspur,0,2,A,15,12,1,6,16,11,6,4,2,4.0,0,1.0,2023,H,,,0,0.0,0.0,0.0,0,2,0.3333333333333333,0.9454545454545454,1.7251908396946565,0.11888326160451904,75.0,88.60575313631736
2023-12-23,Nottingham Forest,Bournemouth,2,3,A,11,18,5,7,10,10,6,6,0,3.0,1,0.0,2023,H,,,0,0.0,0.0,0.0,0,2,0.3333333333333333,0.9285714285714286,1.1090909090909091,0.1813110995640049,75.0,88.78706423588136
2023-12-26,Nottingham Forest,Newcastle United,3,1,A,19,15,7,6,10,11,10,2,3,,0,,2023,A,3.0,0.0,3,0.0,0.0,0.0,0,3,1.0,0.9649122807017544,1.4586466165413534,0.3205469335950124,75.0,89.10761116947637
2023-12-30,Nottingham Forest,Manchester United,2,1,H,8,10,2,5,9,11,4,5,2,4.0,0,0.0,2023,H,,,3,0.0,0.0,0.0,0,2,2.0,1.0,1.7761194029850746,0.29372279990232725,75.0,89.4013339693787
2024-01-20,Nottingham Forest,Brentford,2,3,H,11,12,5,3,10,14,6,4,3,,0,,2024,A,1.0,0.0,0,0.0,0.0,0.0,0,3,2.0,0.9830508474576272,1.3229166666666667,0.15430010397554245,75.0,89.55563407335424
2024-01-30,Nottingham Forest,Arsenal,1,2,A,9,19,3,3,6,7,2,11,0,1.0,0,0.0,2024,H,,,0,0.0,0.0,0.0,0,0,1.0,0.9666666666666668,1.911764705882353,0.1106673581281013,75.0,89.66630143148234
2024-02-04,Nottingham Forest,Bournemouth,1,1,D,9,8,2,6,19,12,11,6,2,,0,,2024,A,3.0,1.0,1,0.0,0.0,0.0,0,2,0.3333333333333333,0.9672131147540984,1.1,0.2422322582453174,75.0,89.90853368972766
2024-02-10,Nottingham Forest,Newcastle United,2,3,A,13,7,3,5,9,6,4,4,1,2.0,0,0.0,2024,H,,,0,0.0,0.0,0.0,0,1,0.3333333333333333,0.9516129032258064,1.4565217391304348,0.15145139355864415,75.0,90.0599850832863
2024-02-17,Nottingham Forest,West Ham United,2,0,H,19,10,8,3,13,15,5,3,4,4.0,0,1.0,2024,H,,,3,0.0,0.0,0.0,1,4,1.3333333333333333,0.984126984126984,1.4172661870503598,0.5364049374042082,75.0,90.5963900206905
2024-02-24,Nottingham Forest,Aston Villa,2,4,H,16,10,6,3,7,16,7,2,2,,0,,2024,A,1.0,0.0,0,0.0,0.0,0.0,0,2,1.0,0.96875,1.5214285714285714,0.13952997366161513,75.0,90.73591999435213
2024-03-02,Nottingham Forest,Liverpool,0,1,A,8,22,2,2,11,12,3,12,2,2.0,0,0.0,2024,H,,,0,0.0,0.0,0.0,0,2,1.0,0.953846153846154,2.0638297872340425,0.08456983890531017,75.0,90.82048983325744
2024-03-10,Nottingham Forest,Brighton and Hove Albion,0,1,H,10,9,3,4,14,14,6,3,4,,0,,2024,A,4.0,0.0,0,0.0,0.0,0.0,0,4,0.0,0.9393939393939394,1.380281690140845,0.14314287637232215,75.0,90.96363270962976
2024-03-16,Nottingham Forest,Luton Town,1,1,D,10,16,4,6,10,17,6,7,2,,0,,2024,A,1.0,0.0,1,0.0,0.0,0.0,0,2,0.3333333333333333,0.9402985074626866,0.7586206896551724,0.27682335493322596,75.0,91.24045606456299
2024-03-30,Nottingham Forest,Crystal Palace,1,1,D,12,10,5,3,14,12,4,6,1,1.0,0,0.0,2024,H,,,1,0.0,0.0,0.0,0,1,0.6666666666666666,0.9411764705882352,1.167832167832168,0.24070357308728121,75.0,91.48115963765026
2024-04-02,Nottingham Forest,Fulham,3,1,H,16,18,4,3,7,8,3,8,0,0.0,0,0.0,2024,H,,,3,0.0,0.0,0.0,0,0,1.6666666666666667,0.9710144927536232,1.1121495327102804,0.3716903285605358,75.0,91.85284996621081
2024-04-07,Nottingham Forest,Tottenham Hotspur,1,3,H,17,13,7,6,11,12,12,2,3,,0,,2024,A,2.0,0.0,0,0.0,0.0,0.0,0,3,1.3333333333333333,0.9571428571428572,1.7448275862068965,0.11154894428528855,75.0,91.9643989104961
2024-04-13,Nottingham Forest,Wolverhampton Wanderers,2,2,D,18,11,9,4,15,10,10,1,2,3.0,0,0.0,2024,H,,,1,0.0,0.0,0.0,0,2,1.3333333333333333,0.9577464788732394,1.2328767123287672,0.22876819916366714,75.0,92.19316710965975
2024-04-21,Nottingham Forest,Everton,0,2,H,7,8,4,3,15,9,6,4,2,,0,,2024,A,3.0,0.0,0,0.0,0.0,0.0,0,2,0.3333333333333333,0.9444444444444444,1.1700680272108843,0.1751324433750651,75.0,92.36829955303483
2024-04-28,Nottingham Forest,Manchester City,0,2,A,14,11,2,5,8,6,4,5,0,0.0,0,0.0,2024,H,,,0,0.0,0.0,0.0,0,0,0.3333333333333333,0.9315068493150684,2.3445945945945947,0.06680980708103129,75.0,92.43510936011586
2024-05-04,Nottingham Forest,Sheffield United,3,1,A,17,15,5,4,9,7,5,3,1,,0,,2024,A,0.0,1.0,3,0.0,0.0,0.0,0,1,1.0,0.9594594594594594,0.527027027027027,0.4256347271203402,75.0,92.8607440872362
2024-05-11,Nottingham Forest,Chelsea,2,3,A,20,12,4,5,14,8,5,6,2,3.0,0,0.0,2024,H,,,0,0.0,0.0,0.0,0,2,1.0,0.9466666666666668,1.6133333333333333,0.13021749804053653,75.0,92.99096158527674
2024-05-19,Nottingham Forest,Burnley,2,1,A,20,12,3,6,11,5,4,3,0,,0,,2024,A,1.0,0.0,3,0.0,0.0,0.0,0,0,2.0,0.9736842105263158,0.8596491228070176,0.39727555246844576,75.0,93.38823713774518
2024-08-17,Nottingham Forest,Bournemouth,1,1,D,14,13,8,4,17,8,2,6,1,3.0,0,0.0,2024,H,,,1,0.0,0.0,0.0,0,1,1.3333333333333333,0.974025974025974,1.1428571428571428,0.24323422880517281,75.0,93.63147136655036
2024-08-24,Nottingham Forest,Southampton,1,0,A,5,23,1,8,14,14,4,10,3,,0,,2024,A,3.0,0.0,3,0.0,0.0,0.0,1,3,2.3333333333333335,1.0,0.9310344827586208,0.5910181342851151,75.0,94.22248950083547
2024-08-31,Nottingham Forest,Wolverhampton Wanderers,1,1,D,16,11,5,3,15,18,7,3,3,4.0,0,0.0,2024,H,,,1,0.0,0.0,0.0,0,3,1.6666666666666667,1.0,1.1870967741935483,0.2280623880106627,75.0,94.45055188884612
2024-09-14,Nottingham Forest,Liverpool,1,0,A,14,5,5,3,15,6,7,2,4,,0,,2024,A,4.0,0.0,3,0.0,0.0,0.0,1,4,2.3333333333333335,1.025,2.0448717948717947,0.47281125845484256,75.0,94.92336314730098
2024-09-22,Nottingham Forest,Brighton and Hove Albion,2,2,D,14,4,3,3,12,11,9,1,4,,1,,2024,A,3.0,0.0,1,0.0,0.0,0.0,0,6,1.6666666666666667,1.0246913580246917,1.3439490445859872,0.19613521933427752,75.0,95.11949836663524
2024-09-28,Nottingham Forest,Fulham,0,1,A,11,14,1,2,11,15,6,5,2,4.0,0,0.0,2024,H,,,0,0.0,0.0,0.0,0,2,1.3333333333333333,1.0121951219512195,1.15,0.17716588549809853,75.0,95.29666425213335
2024-10-06,Nottingham Forest,Chelsea,1,1,D,22,16,8,9,12,11,11,3,2,,1,,2024,A,6.0,0.0,1,0.0,0.0,0.0,0,4,0.6666666666666666,1.0120481927710845,1.6477987421383649,0.17603605433919053,75.0,95.47270030647255
2024-10-21,Nottingham Forest,Crystal Palace,1,0,H,20,20,6,7,9,12,6,6,2,3.0,0,0.0,2024,H,,,3,0.0,0.0,0.0,1,2,1.3333333333333333,1.0357142857142858,1.18125,0.5710090085072121,75.0,96.04370931497975
2024-10-25,Nottingham Forest,Leicester City,3,1,A,11,20,1,5,16,9,6,7,2,,0,,2024,A,5.0,0.0,3,0.0,0.0,0.0,0,2,2.3333333333333335,1.0588235294117647,1.3089430894308942,0.34106058676506923,75.0,96.38476990174482
2024-11-02,Nottingham Forest,West Ham United,3,0,H,19,4,6,2,7,9,11,6,1,2.0,0,1.0,2024,H,,,3,0.0,0.0,0.0,1,1,3.0,1.0813953488372092,1.382716049382716,0.5559395422373203,75.0,96.94070944398214
2024-11-10,Nottingham Forest,Newcastle United,1,3,A,9,17,3,6,13,6,4,5,1,1.0,0,0.0,2024,H,,,0,0.0,0.0,0.0,0,1,2.0,1.0689655172413792,1.49079754601227,0.14797831328114278,75.0,97.08868775726329
2024-11-23,Nottingham Forest,Arsenal,0,3,H,19,7,7,0,10,1,8,1,2,,0,,2024,A,3.0,0.0,0,0.0,0.0,0.0,0,2,1.0,1.056818181818182,1.9817073170731707,0.09289109980045696,75.0,97.18157885706374
2024-11-30,Nottingham Forest,Ipswich Town,1,0,H,12,7,5,3,5,16,8,7,1,3.0,0,0.0,2024,H,,,3,0.0,0.0,0.0,1,1,1.0,1.0786516853932584,0.6923076923076923,0.6258968639320621,75.0,97.8074757209958
2024-12-04,Nottingham Forest,Manchester City,0,3,H,17,12,7,3,7,15,8,2,4,,0,,2024,A,2.0,0.0,0,0.0,0.0,0.0,0,4,1.0,1.0666666666666669,2.319277108433735,0.04799686043227164,75.0,97.85547258142807
2024-12-07,Nottingham Forest,Manchester United,3,2,A,17,11,7,3,10,13,5,3,2,,0,,2024,A,0.0,0.0,3,0.0,0.0,0.0,0,2,2.0,1.0879120879120878,1.7125748502994012,0.30016160770154554,75.0,98.15563418912961
2024-12-14,Nottingham Forest,Aston Villa,2,1,H,17,8,6,2,12,6,4,3,0,1.0,0,0.0,2024,H,,,3,0.0,0.0,0.0,0,0,2.0,1.108695652173913,1.511904761904762,0.33118414858555234,75.0,98.48681833771516
2024-12-21,Nottingham Forest,Brentford,2,0,A,7,10,3,6,9,14,9,5,4,,0,,2024,A,3.0,0.0,3,0.0,0.0,0.0,1,4,3.0,1.1290322580645162,1.2748091603053435,0.550839745363224,75.0,99.0376580830784
2024-12-26,Nottingham Forest,Tottenham Hotspur,1,0,H,10,13,3,4,12,13,2,7,3,2.0,0,1.0,2024,H,,,3,0.0,0.0,0.0,1,3,3.0,1.148936170212766,1.6588235294117648,0.5172731224513565,75.0,99.55493120552975
2024-12-29,Nottingham Forest,Everton,2,0,A,13,11,2,7,13,10,5,4,1,,0,,2024,A,4.0,0.0,3,0.0,0.0,0.0,1,1,3.0,1.168421052631579,1.1705882352941177,0.5774339137618323,75.0,100.13236511929159
2025-01-06,Nottingham Forest,Wolverhampton Wanderers,3,0,A,13,11,6,3,10,8,5,3,2,,0,,2025,A,1.0,0.0,3,0.0,0.0,0.0,1,2,3.0,1.1875,1.1569767441860466,0.5734685557420538,75.0,100.70583367503363
2025-01-14,Nottingham Forest,Liverpool,1,1,D,6,23,3,7,7,10,0,9,2,1.0,0,0.0,2025,H,,,1,0.0,0.0,0.0,0,2,2.3333333333333335,1.1855670103092784,2.0755813953488373,0.1433790783635343,75.0,100.84921275339717
2025-01-19,Nottingham Forest,Southampton,3,2,H,14,10,5,4,4,18,2,8,0,4.0,0,0.0,2025,H,,,3,0.0,0.0,0.0,0,0,2.3333333333333335,1.2040816326530612,0.8382352941176471,0.3994453612301546,75.0,101.24865811462732
2025-01-25,Nottingham Forest,Bournemouth,0,5,H,16,18,10,4,9,12,3,9,3,,0,,2025,A,2.0,0.0,0,0.0,0.0,0.0,0,3,1.3333333333333333,1.1919191919191918,1.2828282828282829,0.15836215788271923,75.0,101.40702027251004
2025-02-01,Nottingham Forest,Brighton and Hove Albion,7,0,H,14,10,9,5,8,13,4,6,1,3.0,0,0.0,2025,H,,,3,0.0,0.0,0.0,1,1,2.0,1.21,1.3409090909090908,0.5601757349384181,75.0,101.96719600744846
2025-02-15,Nottingham Forest,Fulham,1,2,H,24,8,10,2,13,8,8,4,0,,0,,2025,A,0.0,0.0,0,0.0,0.0,0.0,0,0,1.0,1.198019801980198,1.1942446043165469,0.18337184389119632,75.0,102.15056785133966
2025-02-23,Nottingham Forest,Newcastle United,3,4,H,13,17,5,5,11,13,7,6,4,,0,,2025,A,1.0,0.0,0,0.0,0.0,0.0,0,4,1.0,1.1862745098039216,1.5112359550561798,0.1298736139943394,75.0,102.28044146533401
2025-02-26,Nottingham Forest,Arsenal,0,0,D,6,13,2,1,10,17,3,11,1,1.0,0,0.0,2025,H,,,1,0.0,0.0,0.0,1,1,0.3333333333333333,1.1844660194174756,1.994413407821229,0.37395780571054665,75.0,102.65439927104455
2025-03-08,Nottingham Forest,Manchester City,1,0,H,9,14,4,3,9,7,3,2,3,2.0,0,0.0,2025,H,,,3,0.0,0.0,0.0,1,3,1.3333333333333333,1.2019230769230769,2.2555555555555555,0.4568077849584039,75.0,103.11120705600295
2025-03-15,Nottingham Forest,Ipswich Town,4,2,A,11,11,4,6,4,13,6,3,1,,0,,2025,A,1.0,0.0,3,0.0,0.0,0.0,0,1,2.3333333333333335,1.2190476190476192,0.5862068965517241,0.41963818155746224,75.0,103.53084523756041
2025-04-01,Nottingham Forest,Manchester United,1,0,H,8,23,2,6,5,12,3,10,1,3.0,0,0.0,2025,H,,,3,0.0,0.0,0.0,1,1,3.0,1.2358490566037736,1.6703296703296704,0.5267963860194282,75.0,104.05764162357984
2025-04-05,Nottingham Forest,Aston Villa,1,2,H,17,19,8,3,7,15,4,4,2,,0,,2025,A,2.0,0.0,0,0.0,0.0,0.0,0,2,2.0,1.2242990654205608,1.530054644808743,0.13865591559983886,75.0,104.19629753917968
2025-04-12,Nottingham Forest,Everton,0,1,A,10,13,5,5,9,13,1,7,0,3.0,0,0.0,2025,H,,,0,0.0,0.0,0.0,0,0,1.0,1.212962962962963,1.1956521739130437,0.18322921844632623,75.0,104.37952675762601
2025-04-21,Nottingham Forest,Tottenham Hotspur,2,1,A,22,4,6,3,11,12,7,1,4,,0,,2025,A,1.0,0.0,3,0.0,0.0,0.0,0,4,1.0,1.2293577981651376,1.6,0.3008793792296136,75.0,104.68040613685562
2025-05-01,Nottingham Forest,Brentford,0,2,A,14,11,5,3,10,12,4,5,3,5.0,0,0.0,2025,H,,,0,0.0,0.0,0.0,0,3,1.0,1.2181818181818185,1.304054054054054,0.15621140450518023,75.0,104.8366175413608
2025-05-05,Nottingham Forest,Crystal Palace,1,1,D,20,12,3,4,9,15,7,4,8,,0,,2025,A,3.0,0.0,1,0.0,0.0,0.0,0,8,1.3333333333333333,1.2162162162162162,1.2406417112299466,0.19591393695682102,75.0,105.03253147831762
2025-05-11,Nottingham Forest,Leicester City,2,2,D,15,10,4,6,11,11,4,4,3,3.0,0,0.0,2025,H,,,1,0.0,0.0,0.0,0,3,0.6666666666666666,1.2142857142857142,1.16,0.23080803517689746,75.0,105.26333951349451
2025-05-18,Nottingham Forest,West Ham United,2,1,A,16,10,5,5,14,7,8,7,3,,0,,2025,A,6.0,0.0,3,0.0,0.0,0.0,0,3,1.6666666666666667,1.2300884955752212,1.3386243386243386,0.3327084855529704,75.0,105.59604799904749
2025-05-25,Nottingham Forest,Chelsea,0,1,A,10,6,2,2,10,11,7,4,2,2.0,0,0.0,2025,H,,,0,0.0,0.0,0.0,0,2,1.3333333333333333,1.219298245614035,1.668421052631579,0.12463559964535498,75.0,105.72068359869284
2025-08-17,Nottingham Forest,Brentford,3,1,H,11,10,5,3,7,15,5,5,1,2.0,0,0.0,2025,H,,,3,0.0,0.0,0.0,0,1,2.0,1.2347826086956522,1.30718954248366,0.3465828449861153,75.0,106.06726644367896
2025-08-24,Nottingham Forest,Crystal Palace,1,1,D,8,9,4,1,11,11,1,3,3,,0,,2025,A,3.0,0.0,1,0.0,0.0,0.0,0,3,1.3333333333333333,1.2327586206896552,1.2552083333333333,0.22116081707073476,75.0,106.2884272607497
2025-08-31,Nottingham Forest,West Ham United,0,3,A,11,12,3,8,14,6,9,7,0,0.0,0,0.0,2025,H,,,0,0.0,0.0,0.0,0,0,1.3333333333333333,1.2222222222222223,1.3419689119170986,0.16840331576861195,75.0,106.45683057651831
2025-09-13,Nottingham Forest,Arsenal,0,3,H,16,5,5,1,8,11,8,4,1,,0,,2025,A,1.0,0.0,0,0.0,0.0,0.0,0,1,0.3333333333333333,1.2118644067796611,1.9896907216494848,0.09742673750470504,75.0,106.554257314023
2025-09-20,Nottingham Forest,Burnley,1,1,D,12,17,5,8,12,11,4,5,1,,0,,2025,A,1.0,0.0,1,0.0,0.0,0.0,0,1,0.3333333333333333,1.2100840336134453,0.8571428571428571,0.27218493021785234,75.0,106.82644224424087
2025-09-27,Nottingham Forest,Sunderland,0,1,A,22,11,6,3,11,6,7,4,4,2.0,0,0.0,2025,H,,,0,0.0,0.0,0.0,0,4,0.3333333333333333,1.2,1.8333333333333333,0.0972363064092587,75.0,106.92367855065012
2025-10-05,Nottingham Forest,Newcastle United,0,2,H,18,5,9,4,16,15,8,1,4,,0,,2025,A,0.0,0.0,0,0.0,0.0,0.0,0,4,0.3333333333333333,1.1900826446280992,1.5228426395939083,0.12869753818978907,75.0,107.0523760888399
2025-10-18,Nottingham Forest,Chelsea,0,3,A,12,17,2,6,13,16,5,2,2,2.0,0,1.0,2025,H,,,0,0.0,0.0,0.0,0,2,0.0,1.180327868852459,1.6717171717171715,0.12430161228721828,75.0,107.17667770112712
2025-10-26,Nottingham Forest,Bournemouth,0,2,H,13,8,5,4,17,7,6,4,1,,0,,2025,A,3.0,0.0,0,0.0,0.0,0.0,0,1,0.0,1.170731707317073,1.3089430894308942,0.16640516253682655,75.0,107.34308286366395
2025-11-01,Nottingham Forest,Manchester United,2,2,D,17,18,3,7,10,7,8,5,1,1.0,0,0.0,2025,H,,,1,0.0,0.0,0.0,0,1,0.3333333333333333,1.1693548387096775,1.63,0.19387328289655417,75.0,107.5369561465605
2025-11-09,Nottingham Forest,Leeds United,3,1,H,14,10,6,3,10,11,6,4,2,1.0,0,0.0,2025,H,,,3,0.0,0.0,0.0,0,2,1.3333333333333333,1.184,1.112,0.3610163287859849,75.0,107.89797247534649
2025-08-16,Sunderland,West Ham United,3,0,H,10,12,5,4,8,10,5,7,0,1.0,0,0.0,2025,H,,,3,0.0,0.0,0.0,1,0,3.0,3.0,1.3403141361256543,0.565580595964188,75.0,75.56558059596419
2025-08-23,Sunderland,Burnley,0,2,H,7,9,2,1,9,5,4,3,1,,0,,2025,A,0.0,0.0,0,0.0,0.0,0.0,0,1,1.5,1.5,0.8706896551724138,0.21081226765087185,75.0,75.77639286361506
2025-08-30,Sunderland,Brentford,2,1,H,12,7,3,4,11,12,3,4,3,2.0,0,0.0,2025,H,,,3,0.0,0.0,0.0,0,3,2.0,2.0,1.3096774193548386,0.3356416032110292,75.0,76.11203446682609
2025-09-13,Sunderland,Crystal Palace,0,0,D,14,6,6,0,10,8,5,3,1,,0,,2025,A,1.0,0.0,1,0.0,0.0,0.0,1,1,1.3333333333333333,1.75,1.2628865979381445,0.44808155557957974,75.0,76.56011602240567
2025-09-21,Sunderland,Aston Villa,1,1,D,14,12,4,2,14,8,6,5,2,1.0,1,0.0,2025,H,,,1,0.0,0.0,0.0,0,4,1.6666666666666667,1.6,1.528205128205128,0.18815417086664596,75.0,76.74827019327232
2025-09-27,Sunderland,Nottingham Forest,1,0,A,22,11,6,3,11,6,7,4,2,,0,,2025,A,4.0,0.0,3,0.0,0.0,0.0,1,2,1.6666666666666667,1.8333333333333333,1.2,0.569109118727005,75.0,77.31737931199932
2025-10-04,Sunderland,Manchester United,0,2,H,15,8,6,3,10,12,2,3,4,,0,,2025,A,1.0,0.0,0,0.0,0.0,0.0,0,4,1.3333333333333333,1.5714285714285714,1.619289340101523,0.1189248394895698,75.0,77.43630415148888
2025-10-18,Sunderland,Wolverhampton Wanderers,2,0,H,8,16,2,3,5,12,3,2,0,0.0,0,0.0,2025,H,,,3,0.0,0.0,0.0,1,0,2.0,1.75,1.1464646464646464,0.5852228713938046,75.0,78.0215270228827
2025-10-25,Sunderland,Chelsea,2,1,A,16,10,7,4,15,13,9,1,1,,0,,2025,A,1.0,0.0,3,0.0,0.0,0.0,0,1,2.0,1.8888888888888888,1.6633165829145728,0.3104973983423771,75.0,78.33202442122507
2025-11-03,Sunderland,Everton,1,1,D,17,8,3,2,10,12,4,1,3,2.0,0,0.0,2025,H,,,1,0.0,0.0,0.0,0,3,2.3333333333333335,1.8,1.21,0.22574166242967852,75.0,78.55776608365476
2025-11-08,Sunderland,Arsenal,2,2,D,6,17,2,7,13,13,2,2,2,1.0,0,0.0,2025,H,,,1,0.0,0.0,0.0,0,2,1.6666666666666667,1.7272727272727273,2.0049751243781095,0.1505334321041113,75.0,78.70829951575887
2020-09-13,Tottenham Hotspur,Everton,0,1,A,9,15,5,4,15,7,5,3,1,0.0,0,0.0,2020,H,,,0,0.0,0.0,0.0,0,1,0.0,0.0,3.0,-0.004945330377244261,148.2051282051282,148.20018287475096
2020-09-20,Tottenham Hotspur,Southampton,5,2,A,14,9,7,6,16,18,3,2,3,,0,,2020,A,4.0,0.0,3,0.0,0.0,0.0,0,3,1.5,1.5,0.0,0.4683478829123764,148.2051282051282,148.66853075766335
2020-09-27,Tottenham Hotspur,Newcastle United,1,1,D,23,6,12,1,15,9,10,4,1,4.0,0,0.0,2020,H,,,1,0.0,0.0,0.0,0,1,1.3333333333333333,1.3333333333333333,1.3333333333333333,0.22393376119671976,148.2051282051282,148.89246451886007
2020-10-04,Tottenham Hotspur,Manchester United,6,1,A,5,22,2,8,14,10,2,4,1,,0,,2020,A,2.0,1.0,3,0.0,0.0,0.0,0,1,2.3333333333333335,1.75,1.0,0.37770957951151257,148.2051282051282,149.27017409837157
2020-10-18,Tottenham Hotspur,West Ham United,3,3,D,11,13,6,4,13,12,3,7,0,5.0,0,0.0,2020,H,,,1,0.0,0.0,0.0,0,0,1.6666666666666667,1.6,1.4,0.2225231733055185,148.2051282051282,149.4926972716771
2020-10-26,Tottenham Hotspur,Burnley,1,0,A,13,9,4,3,9,7,4,5,0,,0,,2020,A,2.0,0.0,3,0.0,0.0,0.0,1,0,2.3333333333333335,1.8333333333333333,0.2,0.681125725214898,148.2051282051282,150.173822996892
2020-11-01,Tottenham Hotspur,Brighton and Hove Albion,2,1,H,9,6,3,2,14,13,4,5,2,1.0,0,0.0,2020,H,,,3,0.0,0.0,0.0,0,2,2.3333333333333335,2.0,0.7142857142857143,0.4013157051524348,148.2051282051282,150.57513870204443
2020-11-08,Tottenham Hotspur,West Brom,1,0,A,12,19,2,5,17,12,9,6,0,,0,,2020,A,1.0,0.0,3,0.0,0.0,0.0,1,0,3.0,2.125,0.375,0.6633934205996318,148.2051282051282,151.23853212264405
2020-11-21,Tottenham Hotspur,Manchester City,2,0,H,4,22,2,5,13,19,0,10,2,2.0,0,0.0,2020,H,,,3,0.0,0.0,0.0,1,2,3.0,2.2222222222222223,1.5,0.5387108822436915,148.2051282051282,151.77724300488774
2020-11-29,Tottenham Hotspur,Chelsea,0,0,D,13,5,3,1,20,9,3,3,2,,0,,2020,A,4.0,0.0,1,0.0,0.0,0.0,1,2,2.3333333333333335,2.1,1.9,0.37817990026594017,148.2051282051282,152.15542290515367
2020-12-06,Tottenham Hotspur,Arsenal,2,0,H,6,11,3,2,16,12,3,9,1,2.0,0,0.0,2020,H,,,3,0.0,0.0,0.0,1,1,2.3333333333333335,2.1818181818181817,1.181818181818182,0.5762960118613873,148.2051282051282,152.73171891701506
2020-12-13,Tottenham Hotspur,Crystal Palace,1,1,D,16,14,5,6,15,11,4,7,1,,0,,2020,A,1.0,0.0,1,0.0,0.0,0.0,0,1,1.6666666666666667,2.0833333333333335,1.4166666666666667,0.21548980661802156,148.2051282051282,152.94720872363308
2020-12-16,Tottenham Hotspur,Liverpool,1,2,H,17,8,11,2,8,9,7,4,2,,0,,2020,A,0.0,0.0,0,0.0,0.0,0.0,0,2,1.3333333333333333,1.9230769230769231,2.1538461538461537,0.07544870957316482,148.2051282051282,153.02265743320626
2020-12-20,Tottenham Hotspur,Leicester City,0,2,A,8,17,3,4,15,14,5,3,2,2.0,0,0.0,2020,H,,,0,0.0,0.0,0.0,0,2,0.3333333333333333,1.7857142857142858,1.9285714285714288,0.09827522414854672,148.2051282051282,153.1209326573548
2020-12-27,Tottenham Hotspur,Wolverhampton Wanderers,1,1,D,11,6,6,3,20,13,9,2,1,,0,,2020,A,4.0,0.0,1,0.0,0.0,0.0,0,1,0.3333333333333333,1.7333333333333334,1.4,0.2171785975337612,148.2051282051282,153.33811125488856
2021-01-02,Tottenham Hotspur,Leeds United,3,0,H,20,18,7,5,15,13,3,5,2,1.0,1,0.0,2021,H,,,3,0.0,0.0,0.0,1,4,1.3333333333333333,1.8125,1.3529411764705883,0.5429228270155267,148.2051282051282,153.8810340819041
2021-01-13,Tottenham Hotspur,Fulham,1,1,D,15,15,6,4,13,15,6,5,1,2.0,0,0.0,2021,H,,,1,0.0,0.0,0.0,0,1,1.6666666666666667,1.7647058823529411,0.75,0.28304144324760716,148.2051282051282,154.1640755251517
2021-01-17,Tottenham Hotspur,Sheffield United,3,1,A,15,14,5,5,13,4,5,7,0,,0,,2021,A,4.0,0.0,3,0.0,0.0,0.0,0,0,2.3333333333333335,1.8333333333333333,0.2631578947368421,0.4577164905054434,148.2051282051282,154.62179201565715
2021-01-28,Tottenham Hotspur,Liverpool,1,3,A,3,14,2,7,9,11,1,2,1,2.0,0,0.0,2021,H,,,0,0.0,0.0,0.0,0,1,1.3333333333333333,1.736842105263158,1.85,0.11158124280879092,148.2051282051282,154.73337325846595
2021-01-31,Tottenham Hotspur,Brighton and Hove Albion,0,1,H,16,8,5,4,11,11,9,2,1,,0,,2021,A,2.0,0.0,0,0.0,0.0,0.0,0,1,1.0,1.65,1.0,0.19770957951151258,148.2051282051282,154.93108283797744
2021-02-04,Tottenham Hotspur,Chelsea,0,1,A,7,18,2,2,20,14,2,7,2,3.0,0,0.0,2021,H,,,0,0.0,0.0,0.0,0,2,0.0,1.5714285714285714,1.6363636363636365,0.1278838960478781,148.2051282051282,155.05896673402532
2021-02-07,Tottenham Hotspur,West Brom,2,0,H,13,4,6,1,16,12,8,0,1,2.0,0,0.0,2021,H,,,3,0.0,0.0,0.0,1,1,1.0,1.6363636363636365,0.5217391304347826,0.6431801422001668,148.2051282051282,155.7021468762255
2021-02-13,Tottenham Hotspur,Manchester City,0,3,H,15,7,6,3,12,13,4,2,3,,0,,2021,A,1.0,0.0,0,0.0,0.0,0.0,0,3,1.0,1.565217391304348,2.3043478260869565,0.05485418238837397,148.2051282051282,155.75700105861387
2021-02-21,Tottenham Hotspur,West Ham United,1,2,H,4,20,4,4,14,7,5,7,3,,0,,2021,A,4.0,0.0,0,0.0,0.0,0.0,0,3,1.0,1.5,1.8,0.10595846401249526,148.2051282051282,155.86295952262637
2021-02-28,Tottenham Hotspur,Burnley,4,0,H,16,10,7,3,6,10,3,4,0,0.0,0,0.0,2021,H,,,3,0.0,0.0,0.0,1,0,1.0,1.56,1.0769230769230769,0.5922693416482893,148.2051282051282,156.45522886427466
2021-03-04,Tottenham Hotspur,Fulham,1,0,A,11,9,3,2,13,9,4,1,1,,0,,2021,A,2.0,0.0,3,0.0,0.0,0.0,1,1,2.0,1.6153846153846154,0.8518518518518519,0.6097306602942125,148.2051282051282,157.06495952456885
2021-03-07,Tottenham Hotspur,Crystal Palace,4,1,H,12,5,5,1,8,17,1,5,2,3.0,0,0.0,2021,H,,,3,0.0,0.0,0.0,0,2,3.0,1.6666666666666667,1.2142857142857142,0.35065197768024564,148.2051282051282,157.4156115022491
2021-03-14,Tottenham Hotspur,Arsenal,1,2,H,13,6,3,3,12,14,6,3,2,,1,,2021,A,1.0,0.0,0,0.0,0.0,0.0,0,4,2.0,1.6071428571428572,1.4642857142857142,0.13463096240063646,148.2051282051282,157.55024246464976
2021-03-21,Tottenham Hotspur,Aston Villa,2,0,A,8,9,1,3,18,13,5,8,2,,0,,2021,A,3.0,0.0,3,0.0,0.0,0.0,1,2,2.0,1.6551724137931034,1.4642857142857142,0.5423297199202765,148.2051282051282,158.09257218457003
2021-04-04,Tottenham Hotspur,Newcastle United,2,2,D,22,11,6,5,13,14,7,3,2,,0,,2021,A,3.0,0.0,1,0.0,0.0,0.0,0,2,1.3333333333333333,1.6333333333333333,0.9666666666666668,0.2557425855712345,148.2051282051282,158.34831477014126
2021-04-11,Tottenham Hotspur,Manchester United,1,3,A,12,12,3,7,11,15,7,5,1,5.0,0,0.0,2021,H,,,0,0.0,0.0,0.0,0,1,1.3333333333333333,1.5806451612903225,2.032258064516129,0.09311349698828325,148.2051282051282,158.44142826712954
2021-04-16,Tottenham Hotspur,Everton,2,2,D,18,12,7,3,8,8,6,3,1,,0,,2021,A,1.0,0.0,1,0.0,0.0,0.0,0,1,0.6666666666666666,1.5625,1.5806451612903225,0.19887428309219607,148.2051282051282,158.64030255022175
2021-04-21,Tottenham Hotspur,Southampton,2,1,H,12,10,3,5,10,14,5,5,2,1.0,0,0.0,2021,H,,,3,0.0,0.0,0.0,0,2,1.3333333333333333,1.606060606060606,1.125,0.35969907187170796,148.2051282051282,159.00000162209344
2021-05-02,Tottenham Hotspur,Sheffield United,4,0,H,20,8,11,1,8,9,6,6,1,1.0,0,0.0,2021,H,,,3,0.0,0.0,0.0,1,1,2.3333333333333335,1.6470588235294117,0.5,0.6453829129598272,148.2051282051282,159.64538453505327
2021-05-08,Tottenham Hotspur,Leeds United,1,3,H,16,11,7,3,12,10,8,6,2,,0,,2021,A,1.0,0.0,0,0.0,0.0,0.0,0,2,2.0,1.6,1.4285714285714286,0.14893895162073595,148.2051282051282,159.79432348667402
2021-05-16,Tottenham Hotspur,Wolverhampton Wanderers,2,0,H,24,15,13,3,8,11,10,3,1,0.0,0,0.0,2021,H,,,3,0.0,0.0,0.0,1,1,2.0,1.6388888888888888,1.25,0.5693873217515435,148.2051282051282,160.36371080842554
2021-05-19,Tottenham Hotspur,Aston Villa,1,2,A,10,20,4,4,14,13,4,5,1,1.0,0,0.0,2021,H,,,0,0.0,0.0,0.0,0,1,1.0,1.5945945945945943,1.4054054054054057,0.15663088156108887,148.2051282051282,160.52034168998665
2021-05-23,Tottenham Hotspur,Leicester City,4,2,A,10,11,6,4,9,8,8,7,2,,0,,2021,A,0.0,0.0,3,0.0,0.0,0.0,0,2,2.0,1.631578947368421,1.736842105263158,0.2977026685175817,148.2051282051282,160.8180443585042
2021-08-15,Tottenham Hotspur,Manchester City,1,0,H,13,18,3,4,11,8,3,11,2,1.0,0,0.0,2021,H,,,3,0.0,0.0,0.0,1,2,2.0,1.6666666666666667,2.2051282051282053,0.46726203580855286,148.2051282051282,161.28530639431278
2021-08-22,Tottenham Hotspur,Wolverhampton Wanderers,1,0,A,25,8,6,6,9,7,5,4,4,,0,,2021,A,1.0,0.0,3,0.0,0.0,0.0,1,4,3.0,1.7,1.125,0.5660195263043188,148.2051282051282,161.85132592061709
2021-08-29,Tottenham Hotspur,Watford,1,0,H,15,9,8,2,8,14,10,3,3,3.0,0,0.0,2021,H,,,3,0.0,0.0,0.0,1,3,3.0,1.7317073170731707,1.0,0.5840300339441235,148.2051282051282,162.4353559545612
2021-09-11,Tottenham Hotspur,Crystal Palace,0,3,H,18,2,4,1,13,15,8,2,1,,1,,2021,A,2.0,0.0,0,0.0,0.0,0.0,0,3,2.0,1.6904761904761905,1.1666666666666667,0.1701325188106016,148.2051282051282,162.60548847337182
2021-09-19,Tottenham Hotspur,Chelsea,0,3,A,8,20,2,10,4,15,5,11,0,1.0,0,0.0,2021,H,,,0,0.0,0.0,0.0,0,0,1.0,1.6511627906976745,1.8604651162790695,0.11586541498229311,148.2051282051282,162.72135388835412
2021-09-26,Tottenham Hotspur,Arsenal,1,3,H,12,10,7,4,12,13,4,4,1,,0,,2021,A,2.0,0.0,0,0.0,0.0,0.0,0,1,0.0,1.6136363636363635,1.5909090909090908,0.13783426522619807,148.2051282051282,162.8591881535803
2021-10-03,Tottenham Hotspur,Aston Villa,2,1,H,17,14,8,3,11,14,5,8,2,1.0,0,0.0,2021,H,,,3,0.0,0.0,0.0,0,2,1.0,1.6444444444444444,1.4444444444444444,0.3273305793200315,148.2051282051282,163.18651873290034
2021-10-17,Tottenham Hotspur,Newcastle United,3,2,A,7,14,1,4,13,4,2,9,1,,0,,2021,A,4.0,1.0,3,0.0,0.0,0.0,0,1,2.0,1.673913043478261,1.0434782608695652,0.37330403799219175,148.2051282051282,163.55982277089254
2021-10-24,Tottenham Hotspur,West Ham United,0,1,H,13,7,4,4,11,4,2,4,1,,0,,2021,A,2.0,0.0,0,0.0,0.0,0.0,0,1,2.0,1.6382978723404256,1.74468085106383,0.12225296412740094,148.2051282051282,163.68207573501994
2021-10-30,Tottenham Hotspur,Manchester United,0,3,A,9,10,0,4,12,14,10,2,2,3.0,0,0.0,2021,H,,,0,0.0,0.0,0.0,0,2,1.0,1.6041666666666667,1.8958333333333333,0.10159249201874962,148.2051282051282,163.78366822703867
2021-11-07,Tottenham Hotspur,Everton,0,0,D,12,8,2,0,13,17,4,2,4,,0,,2021,A,2.0,1.0,1,0.0,0.0,0.0,1,4,0.3333333333333333,1.5918367346938775,1.510204081632653,0.4069877770782956,148.2051282051282,164.190656004117
2021-11-21,Tottenham Hotspur,Leeds United,2,1,H,13,18,4,7,11,12,4,8,1,4.0,0,0.0,2021,H,,,3,0.0,0.0,0.0,0,1,1.3333333333333333,1.62,1.4,0.3371785975337612,148.2051282051282,164.52783460165074
2021-12-02,Tottenham Hotspur,Brentford,2,0,H,11,6,6,2,13,11,11,5,0,0.0,0,0.0,2021,H,,,3,0.0,0.0,0.0,1,0,2.3333333333333335,1.6470588235294117,1.1428571428571428,0.5855884105530555,148.2051282051282,165.11342301220378
2021-12-05,Tottenham Hotspur,Norwich City,3,0,H,17,10,7,1,11,4,6,4,1,2.0,0,0.0,2021,H,,,3,0.0,0.0,0.0,1,1,3.0,1.6730769230769231,0.6666666666666666,0.6284950038024308,148.2051282051282,165.74191801600622
2021-12-19,Tottenham Hotspur,Liverpool,2,2,D,10,18,5,6,12,11,6,4,4,4.0,0,1.0,2021,H,,,1,0.0,0.0,0.0,0,4,2.3333333333333335,1.660377358490566,1.9642857142857144,0.14396723492844724,148.2051282051282,165.88588525093468
2021-12-26,Tottenham Hotspur,Crystal Palace,3,0,H,17,4,6,0,16,10,4,2,1,1.0,0,1.0,2021,H,,,3,0.0,0.0,0.0,1,1,2.3333333333333335,1.6851851851851851,1.1428571428571428,0.5802438347812983,148.2051282051282,166.46612908571598
2021-12-28,Tottenham Hotspur,Southampton,1,1,D,9,21,2,11,15,5,3,7,2,,0,,2021,A,2.0,1.0,1,0.0,0.0,0.0,0,2,1.6666666666666667,1.6727272727272726,1.1228070175438596,0.23992128120272635,148.2051282051282,166.7060503669187
2022-01-01,Tottenham Hotspur,Watford,1,0,A,6,21,4,9,6,9,3,7,1,,0,,2022,A,0.0,0.0,3,0.0,0.0,0.0,1,1,2.3333333333333335,1.6964285714285714,0.7222222222222222,0.6228657007499654,148.2051282051282,167.32891606766867
2022-01-19,Tottenham Hotspur,Leicester City,3,2,A,14,27,4,10,6,12,3,8,2,,0,,2022,A,1.0,0.0,3,0.0,0.0,0.0,0,2,2.3333333333333335,1.719298245614035,1.5964912280701755,0.31192406570275766,148.2051282051282,167.64084013337143
2022-01-23,Tottenham Hotspur,Chelsea,0,2,H,15,6,7,3,17,14,10,3,1,,0,,2022,A,2.0,0.0,0,0.0,0.0,0.0,0,1,2.0,1.6896551724137931,1.8387096774193548,0.11272526246138875,148.2051282051282,167.75356539583282
2022-02-09,Tottenham Hotspur,Southampton,2,3,A,8,23,3,10,7,13,2,8,2,3.0,0,0.0,2022,H,,,0,0.0,0.0,0.0,0,2,1.0,1.6610169491525424,1.1639344262295082,0.17575394555215226,148.2051282051282,167.92931934138497
2022-02-13,Tottenham Hotspur,Wolverhampton Wanderers,0,2,A,17,11,7,7,13,13,7,3,3,1.0,0,0.0,2022,H,,,0,0.0,0.0,0.0,0,3,0.0,1.6333333333333333,1.3442622950819672,0.15213720577403167,148.2051282051282,168.081456547159
2022-02-19,Tottenham Hotspur,Manchester City,3,2,A,21,6,4,5,5,7,10,0,3,,0,,2022,A,0.0,0.0,3,0.0,0.0,0.0,0,3,1.0,1.6557377049180328,2.328125,0.23244490186999542,148.2051282051282,168.31390144902898
2022-02-23,Tottenham Hotspur,Burnley,0,1,H,15,12,4,2,8,8,3,7,0,,0,,2022,A,0.0,0.0,0,0.0,0.0,0.0,0,0,1.0,1.6290322580645162,0.9672131147540984,0.20637636692079045,148.2051282051282,168.52027781594978
2022-02-26,Tottenham Hotspur,Leeds United,4,0,A,19,15,3,11,16,11,3,6,2,,0,,2022,A,4.0,0.0,3,0.0,0.0,0.0,1,2,2.0,1.6507936507936507,1.28125,0.5608762630127744,148.2051282051282,169.08115407896256
2022-03-07,Tottenham Hotspur,Everton,5,0,H,14,6,7,0,15,10,5,2,2,0.0,0,0.0,2022,H,,,3,0.0,0.0,0.0,1,2,2.0,1.671875,1.2857142857142858,0.5604239083032012,148.2051282051282,169.64157798726575
2022-03-12,Tottenham Hotspur,Manchester United,2,3,H,10,10,6,3,8,7,4,5,1,,0,,2022,A,2.0,0.0,0,0.0,0.0,0.0,0,1,2.0,1.646153846153846,1.8507462686567164,0.11150562530510108,148.2051282051282,169.75308361257086
2022-03-16,Tottenham Hotspur,Brighton and Hove Albion,2,0,A,15,17,0,7,11,9,6,3,2,,0,,2022,A,2.0,0.0,3,0.0,0.0,0.0,1,2,2.0,1.6666666666666667,1.1044776119402986,0.5787881591993038,148.2051282051282,170.33187177177015
2022-03-20,Tottenham Hotspur,West Ham United,3,1,H,17,6,4,1,7,7,5,3,0,1.0,0,0.0,2022,H,,,3,0.0,0.0,0.0,0,0,2.0,1.6865671641791045,1.661764705882353,0.3159992218641959,148.2051282051282,170.64787099363434
2022-04-03,Tottenham Hotspur,Newcastle United,5,1,H,19,8,6,1,10,7,2,3,2,3.0,0,0.0,2022,H,,,3,0.0,0.0,0.0,0,2,3.0,1.7058823529411764,1.1176470588235294,0.36044412668747544,148.2051282051282,171.00831512032184
2022-04-09,Tottenham Hotspur,Aston Villa,4,0,A,9,11,8,5,12,14,9,3,3,,0,,2022,A,2.0,0.0,3,0.0,0.0,0.0,1,3,3.0,1.7246376811594204,1.318840579710145,0.5517227294691043,148.2051282051282,171.56003784979094
2022-04-16,Tottenham Hotspur,Brighton and Hove Albion,0,1,A,5,12,0,5,14,10,4,4,3,3.0,0,0.0,2022,H,,,0,0.0,0.0,0.0,0,3,2.0,1.7,1.1571428571428573,0.17109754219102424,148.2051282051282,171.73113539198195
2022-04-23,Tottenham Hotspur,Brentford,0,0,D,15,9,2,0,8,7,12,8,1,,0,,2022,A,2.0,0.0,1,0.0,0.0,0.0,1,1,1.3333333333333333,1.6901408450704225,1.1764705882352942,0.45683786990921826,148.2051282051282,172.1879732618912
2022-05-01,Tottenham Hotspur,Leicester City,3,1,H,13,6,7,2,13,8,7,3,2,3.0,0,0.0,2022,H,,,3,0.0,0.0,0.0,0,2,1.3333333333333333,1.7083333333333333,1.5211267605633805,0.31956055538845946,148.2051282051282,172.50753381727964
2022-05-07,Tottenham Hotspur,Liverpool,1,1,D,22,8,3,3,12,8,11,5,2,,0,,2022,A,3.0,0.0,1,0.0,0.0,0.0,0,2,1.6666666666666667,1.6986301369863013,2.0821917808219177,0.14270926482734578,148.2051282051282,172.65024308210698
2022-05-12,Tottenham Hotspur,Arsenal,3,0,H,16,8,6,4,8,15,2,2,1,3.0,0,1.0,2022,H,,,3,0.0,0.0,0.0,1,1,2.3333333333333335,1.7162162162162162,1.7162162162162162,0.5221468191085562,148.2051282051282,173.17238990121552
2022-05-15,Tottenham Hotspur,Burnley,1,0,H,21,8,8,1,12,8,8,2,3,2.0,0,0.0,2022,H,,,3,0.0,0.0,0.0,1,3,2.3333333333333335,1.7333333333333334,0.9864864864864864,0.5853993238758042,148.2051282051282,173.75778922509136
2022-05-22,Tottenham Hotspur,Norwich City,5,0,A,9,19,0,13,13,7,3,2,1,,0,,2022,A,3.0,0.0,3,0.0,0.0,0.0,1,1,3.0,1.75,0.5789473684210527,0.6373833770431658,148.2051282051282,174.3951726021345
2022-08-06,Tottenham Hotspur,Southampton,4,1,H,18,10,8,2,11,6,10,2,3,0.0,0,0.0,2022,H,,,3,0.0,0.0,0.0,0,3,3.0,1.7662337662337662,1.077922077922078,0.3591247821281763,148.2051282051282,174.75429738426269
2022-08-14,Tottenham Hotspur,Chelsea,2,2,D,16,10,3,5,9,9,8,5,0,,0,,2022,A,3.0,0.0,1,0.0,0.0,0.0,0,0,2.3333333333333335,1.7564102564102564,1.858974358974359,0.17601646962591916,148.2051282051282,174.9303138538886
2022-08-20,Tottenham Hotspur,Wolverhampton Wanderers,1,0,H,11,20,4,3,10,8,8,6,2,2.0,0,0.0,2022,H,,,3,0.0,0.0,0.0,1,2,2.3333333333333335,1.7721518987341771,1.2278481012658229,0.5662873415007059,148.2051282051282,175.4966011953893
2022-08-28,Tottenham Hotspur,Nottingham Forest,2,0,A,17,18,1,7,11,13,6,1,1,,0,,2022,A,6.0,0.0,3,0.0,0.0,0.0,1,1,2.3333333333333335,1.7875,1.0,0.594719185487638,148.2051282051282,176.09132038087694
2022-08-31,Tottenham Hotspur,West Ham United,1,1,D,14,13,4,4,10,9,3,4,5,,0,,2022,A,2.0,0.0,1,0.0,0.0,0.0,0,5,2.3333333333333335,1.7777777777777777,1.5432098765432098,0.18128920213370997,148.2051282051282,176.27260958301065
2022-09-03,Tottenham Hotspur,Fulham,2,1,H,23,9,10,3,9,6,10,3,3,4.0,0,0.0,2022,H,,,3,0.0,0.0,0.0,0,3,2.3333333333333335,1.7926829268292683,0.8181818181818182,0.3854436015942486,148.2051282051282,176.6580531846049
2022-09-17,Tottenham Hotspur,Leicester City,6,2,H,16,19,11,7,9,9,6,1,1,2.0,0,0.0,2022,H,,,3,0.0,0.0,0.0,0,1,2.3333333333333335,1.8072289156626504,1.4337349397590362,0.33376032194527616,148.2051282051282,176.9918135065502
2022-10-01,Tottenham Hotspur,Arsenal,1,3,H,22,7,9,3,10,10,5,2,1,,1,,2022,A,2.0,0.0,0,0.0,0.0,0.0,0,3,2.0,1.7857142857142858,1.7976190476190477,0.10619971985760093,148.2051282051282,177.09801322640777
2022-10-08,Tottenham Hotspur,Brighton and Hove Albion,1,0,A,14,8,4,3,9,14,6,2,2,,0,,2022,A,1.0,0.0,3,0.0,0.0,0.0,1,2,2.0,1.8,1.261904761904762,0.5628364667542578,148.2051282051282,177.66084969316205
2022-10-15,Tottenham Hotspur,Everton,2,0,H,21,4,7,0,12,13,7,1,1,4.0,0,0.0,2022,H,,,3,0.0,0.0,0.0,1,1,2.0,1.813953488372093,1.255813953488372,0.5687982086414016,148.2051282051282,178.22964790180345
2022-10-19,Tottenham Hotspur,Manchester United,0,2,H,28,9,10,2,7,7,8,3,0,,0,,2022,A,1.0,0.0,0,0.0,0.0,0.0,0,0,2.0,1.793103448275862,1.755813953488372,0.1264694509648443,148.2051282051282,178.35611735276828
2022-10-23,Tottenham Hotspur,Newcastle United,1,2,A,17,13,5,5,12,6,6,7,4,2.0,0,0.0,2022,H,,,0,0.0,0.0,0.0,0,4,1.0,1.7727272727272727,1.306818181818182,0.15058674670194275,148.2051282051282,178.50670409947023
2022-10-29,Tottenham Hotspur,Bournemouth,3,2,A,6,23,4,7,10,5,2,19,2,,0,,2022,A,1.0,0.0,3,0.0,0.0,0.0,0,2,1.0,1.7865168539325842,1.0,0.3723650037397553,148.2051282051282,178.87906910320999
2022-11-06,Tottenham Hotspur,Liverpool,1,2,A,14,13,5,6,10,8,5,3,0,0.0,0,0.0,2022,H,,,0,0.0,0.0,0.0,0,0,1.0,1.7666666666666666,2.0224719101123596,0.09944967887946721,148.2051282051282,178.97851878208945
2022-11-12,Tottenham Hotspur,Leeds United,4,3,H,14,12,8,5,8,7,9,2,1,1.0,0,1.0,2022,H,,,3,0.0,0.0,0.0,0,1,2.0,1.78021978021978,1.2444444444444445,0.3529406460806645,148.2051282051282,179.33145942817012
2022-12-26,Tottenham Hotspur,Brentford,2,2,D,9,16,5,8,11,10,6,5,1,,0,,2022,A,3.0,0.0,1,0.0,0.0,0.0,0,1,1.3333333333333333,1.7717391304347827,1.2222222222222223,0.2351923673016507,148.2051282051282,179.56665179547176
2023-01-01,Tottenham Hotspur,Aston Villa,0,2,A,6,13,2,4,15,10,5,3,4,3.0,0,0.0,2023,H,,,0,0.0,0.0,0.0,0,4,1.3333333333333333,1.7526881720430108,1.3010752688172045,0.1511686614602988,148.2051282051282,179.71782045693206
2023-01-04,Tottenham Hotspur,Crystal Palace,4,0,A,19,14,4,6,11,8,10,4,2,,0,,2023,A,1.0,0.0,3,0.0,0.0,0.0,1,2,1.3333333333333333,1.7659574468085106,1.2258064516129032,0.5664942166639243,148.2051282051282,180.284314673596
2023-01-15,Tottenham Hotspur,Arsenal,0,2,A,17,14,7,5,16,15,4,3,4,2.0,0,0.0,2023,H,,,0,0.0,0.0,0.0,0,4,1.0,1.7473684210526317,1.8829787234042552,0.09220586538365128,148.2051282051282,180.37652053897963
2023-01-19,Tottenham Hotspur,Manchester City,2,4,H,16,9,6,3,10,14,8,3,2,,0,,2023,A,1.0,0.0,0,0.0,0.0,0.0,0,2,1.0,1.7291666666666667,2.3263157894736843,0.05797280033984284,148.2051282051282,180.4344933393195
2023-01-23,Tottenham Hotspur,Fulham,1,0,A,10,10,5,3,10,10,3,8,3,,0,,2023,A,1.0,0.0,3,0.0,0.0,0.0,1,3,1.0,1.7422680412371134,1.0,0.5840300339441235,148.2051282051282,181.0185233732636
2023-02-05,Tottenham Hotspur,Manchester City,1,0,H,12,15,3,5,19,14,4,6,2,3.0,1,0.0,2023,H,,,3,0.0,0.0,0.0,1,4,2.0,1.7551020408163265,2.3092783505154637,0.4460196151008604,148.2051282051282,181.46454298836449
2023-02-11,Tottenham Hotspur,Leicester City,1,4,H,15,11,7,4,14,9,1,5,2,,0,,2023,A,5.0,0.0,0,0.0,0.0,0.0,0,2,2.0,1.7373737373737377,1.4489795918367347,0.14687104437697313,148.2051282051282,181.61141403274144
2023-02-19,Tottenham Hotspur,West Ham United,2,0,H,16,6,6,1,16,10,4,7,2,1.0,0,0.0,2023,H,,,3,0.0,0.0,0.0,1,2,2.0,1.75,1.4242424242424243,0.5463872045879626,148.2051282051282,182.1578012373294
2023-02-26,Tottenham Hotspur,Chelsea,2,0,H,8,10,3,2,10,10,4,4,2,3.0,0,0.0,2023,H,,,3,0.0,0.0,0.0,1,2,2.0,1.7623762376237624,1.72,0.5164188421559283,148.2051282051282,182.67422007948534
2023-03-04,Tottenham Hotspur,Wolverhampton Wanderers,0,1,H,8,21,5,6,11,18,4,8,1,,0,,2023,A,1.0,0.0,0,0.0,0.0,0.0,0,1,2.0,1.7450980392156863,1.2058823529411764,0.1768480446700229,148.2051282051282,182.85106812415535
2023-03-11,Tottenham Hotspur,Nottingham Forest,3,1,H,15,9,7,5,13,13,2,10,3,1.0,0,0.0,2023,H,,,3,0.0,0.0,0.0,0,3,2.0,1.7572815533980584,1.0,0.367020427967998,148.2051282051282,183.21808855212336
2023-03-18,Tottenham Hotspur,Southampton,3,3,D,19,17,7,3,13,8,10,3,1,,0,,2023,A,1.0,0.0,1,0.0,0.0,0.0,0,1,1.3333333333333333,1.75,1.0192307692307692,0.25576097460873604,148.2051282051282,183.4738495267321
2023-04-03,Tottenham Hotspur,Everton,1,1,D,15,8,6,2,10,14,3,3,3,,1,,2023,A,0.0,1.0,1,0.0,0.0,0.0,0,5,1.6666666666666667,1.7428571428571429,1.1904761904761905,0.21703080881603037,148.2051282051282,183.69088033554812
2023-04-08,Tottenham Hotspur,Brighton and Hove Albion,2,1,H,9,17,3,4,15,15,3,7,3,1.0,0,0.0,2023,H,,,3,0.0,0.0,0.0,0,3,1.6666666666666667,1.7547169811320755,1.3269230769230769,0.33389414462079736,148.2051282051282,184.0247744801689
2023-04-15,Tottenham Hotspur,Bournemouth,2,3,A,24,6,8,6,8,9,8,1,1,2.0,0,0.0,2023,H,,,0,0.0,0.0,0.0,0,1,1.3333333333333333,1.7383177570093458,1.064516129032258,0.19117232435381074,148.2051282051282,184.21594680452273
2023-04-23,Tottenham Hotspur,Newcastle United,1,6,H,25,11,8,3,7,13,9,3,3,,0,,2023,A,0.0,0.0,0,0.0,0.0,0.0,0,3,1.0,1.7222222222222223,1.4299065420560748,0.14345909219751754,148.2051282051282,184.35940589672026
2023-04-27,Tottenham Hotspur,Manchester United,2,2,D,18,17,7,8,8,7,6,8,1,2.0,0,0.0,2023,H,,,1,0.0,0.0,0.0,0,1,0.3333333333333333,1.7155963302752293,1.794392523364486,0.17721580689214655,148.2051282051282,184.53662170361238
2023-04-30,Tottenham Hotspur,Liverpool,3,4,H,12,10,4,7,12,6,5,2,2,,0,,2023,A,3.0,0.0,0,0.0,0.0,0.0,0,2,0.3333333333333333,1.7,1.9908256880733943,0.09196715847376569,148.2051282051282,184.62858886208616
2023-05-06,Tottenham Hotspur,Crystal Palace,1,0,H,8,7,3,2,15,14,8,4,3,5.0,0,0.0,2023,H,,,3,0.0,0.0,0.0,1,3,1.3333333333333333,1.7117117117117118,1.1891891891891893,0.5648599749005924,148.2051282051282,185.19344883698676
2023-05-13,Tottenham Hotspur,Aston Villa,1,2,H,8,5,4,2,9,14,8,3,3,,0,,2023,A,3.0,0.0,0,0.0,0.0,0.0,0,3,1.0,1.6964285714285714,1.4017857142857142,0.14630850410641738,148.2051282051282,185.33975734109316
2023-05-20,Tottenham Hotspur,Brentford,1,3,A,22,11,8,4,11,9,8,2,1,1.0,0,0.0,2023,H,,,0,0.0,0.0,0.0,0,1,1.0,1.6814159292035398,1.36,0.16123169573153634,148.2051282051282,185.5009890368247
2023-05-28,Tottenham Hotspur,Leeds United,4,1,A,19,11,2,7,7,5,12,3,0,,0,,2023,A,3.0,0.0,3,0.0,0.0,0.0,0,0,1.0,1.6929824561403508,1.1228070175438596,0.37061043274624095,148.2051282051282,185.87159946957095
2023-08-13,Tottenham Hotspur,Brentford,2,2,D,11,18,6,6,12,13,3,6,4,,0,,2023,A,1.0,0.0,1,0.0,0.0,0.0,0,4,1.3333333333333333,1.6869565217391305,1.3766233766233766,0.20351356397043585,148.2051282051282,186.07511303354138
2023-08-19,Tottenham Hotspur,Manchester United,2,0,H,17,22,6,6,9,8,5,6,1,3.0,0,0.0,2023,H,,,3,0.0,0.0,0.0,1,1,2.3333333333333335,1.6982758620689655,1.8103448275862069,0.5126090064809865,148.2051282051282,186.58772204002236
2023-08-26,Tottenham Hotspur,Bournemouth,2,0,A,11,17,3,6,18,11,6,2,3,,0,,2023,A,1.0,0.0,3,0.0,0.0,0.0,1,3,2.3333333333333335,1.709401709401709,0.975609756097561,0.5865014352842302,148.2051282051282,187.1742234753066
2023-09-02,Tottenham Hotspur,Burnley,5,2,A,16,20,4,10,15,9,7,4,3,,0,,2023,A,4.0,0.0,3,0.0,0.0,0.0,0,3,3.0,1.7203389830508475,0.9367088607594936,0.3734335580277688,148.2051282051282,187.54765703333436
2023-09-16,Tottenham Hotspur,Sheffield United,2,1,H,28,7,10,5,13,14,15,2,6,5.0,0,1.0,2023,H,,,3,0.0,0.0,0.0,0,6,3.0,1.73109243697479,0.5581395348837209,0.395759297023498,148.2051282051282,187.94341633035788
2023-09-24,Tottenham Hotspur,Arsenal,2,2,D,13,13,6,5,12,19,11,4,4,,0,,2023,A,3.0,0.0,1,0.0,0.0,0.0,0,4,2.3333333333333335,1.725,1.9,0.15048114274630014,148.2051282051282,188.09389747310416
2023-09-30,Tottenham Hotspur,Liverpool,2,1,H,24,12,8,4,11,17,12,5,5,4.0,0,2.0,2023,H,,,3,0.0,0.0,0.0,0,5,2.3333333333333335,1.7355371900826446,2.0165289256198347,0.2533289875140822,148.2051282051282,188.34722646061823
2023-10-07,Tottenham Hotspur,Luton Town,1,0,A,12,15,2,4,16,7,5,6,1,,1,,2023,A,2.0,0.0,3,0.0,0.0,0.0,1,3,2.3333333333333335,1.7459016393442623,0.5,0.6346937614163126,148.2051282051282,188.98192022203455
2023-10-23,Tottenham Hotspur,Fulham,2,0,H,15,10,5,3,10,14,3,5,2,0.0,0,0.0,2023,H,,,3,0.0,0.0,0.0,1,2,3.0,1.7560975609756098,1.0705882352941176,0.5822220834845129,148.2051282051282,189.56414230551906
2023-10-27,Tottenham Hotspur,Crystal Palace,2,1,A,13,10,3,1,19,11,11,2,1,,0,,2023,A,2.0,0.0,3,0.0,0.0,0.0,0,1,3.0,1.7661290322580645,1.2016129032258065,0.35728065714369434,148.2051282051282,189.92142296266277
2023-11-06,Tottenham Hotspur,Chelsea,1,4,A,8,17,5,8,12,21,1,6,1,5.0,2,0.0,2023,H,,,0,0.0,0.0,0.0,0,5,2.0,1.752,1.6,0.11553480345785636,148.2051282051282,190.03695776612062
2023-11-11,Tottenham Hotspur,Wolverhampton Wanderers,1,2,H,17,6,4,2,19,15,11,3,3,,0,,2023,A,4.0,0.0,0,0.0,0.0,0.0,0,3,1.0,1.738095238095238,1.2063492063492065,0.16611158805884052,148.2051282051282,190.20306935417946
2023-11-26,Tottenham Hotspur,Aston Villa,1,2,A,18,15,8,5,11,13,9,3,0,4.0,0,0.0,2023,H,,,0,0.0,0.0,0.0,0,0,0.0,1.7244094488188977,1.4881889763779528,0.15358720877499063,148.2051282051282,190.35665656295447
2023-12-03,Tottenham Hotspur,Manchester City,3,3,D,18,8,4,4,14,14,10,8,4,,0,,2023,A,4.0,0.0,1,0.0,0.0,0.0,0,4,0.3333333333333333,1.71875,2.328125,0.10710032609823814,148.2051282051282,190.4637568890527
2023-12-07,Tottenham Hotspur,West Ham United,1,2,A,23,11,7,5,11,12,8,4,3,3.0,0,0.0,2023,H,,,0,0.0,0.0,0.0,0,3,0.3333333333333333,1.7054263565891472,1.434108527131783,0.14303331574408176,148.2051282051282,190.60679020479677
2023-12-10,Tottenham Hotspur,Newcastle United,4,1,H,23,9,12,3,10,12,3,6,1,3.0,0,0.0,2023,H,,,3,0.0,0.0,0.0,0,1,1.3333333333333333,1.7153846153846153,1.4692307692307691,0.33016361988376575,148.2051282051282,190.93695382468053
2023-12-15,Tottenham Hotspur,Nottingham Forest,2,0,A,15,12,1,6,16,11,6,4,4,,1,,2023,A,2.0,0.0,3,0.0,0.0,0.0,1,6,2.0,1.7251908396946565,0.9454545454545454,0.5735232587167267,148.2051282051282,191.51047708339726
2023-12-23,Tottenham Hotspur,Everton,2,1,H,13,18,6,8,6,18,3,8,1,4.0,0,0.0,2023,H,,,3,0.0,0.0,0.0,0,1,3.0,1.7348484848484849,1.2121212121212122,0.3562158769475535,148.2051282051282,191.86669296034484
2023-12-28,Tottenham Hotspur,Brighton and Hove Albion,2,4,H,15,19,9,3,18,6,7,6,2,,0,,2023,A,3.0,0.0,0,0.0,0.0,0.0,0,2,2.0,1.7218045112781954,1.3834586466165413,0.15351011500168538,148.2051282051282,192.0202030753465
2023-12-31,Tottenham Hotspur,Bournemouth,3,1,H,12,24,6,4,9,18,4,13,3,3.0,0,0.0,2023,H,,,3,0.0,0.0,0.0,0,3,2.0,1.7313432835820894,1.1228070175438596,0.3545767054309691,148.2051282051282,192.3747797807775
2024-01-14,Tottenham Hotspur,Manchester United,2,2,D,9,16,2,6,8,5,8,13,1,,0,,2024,A,2.0,0.0,1,0.0,0.0,0.0,0,1,1.3333333333333333,1.725925925925926,1.7703703703703704,0.17964991051732476,148.2051282051282,192.55442969129479
2024-01-31,Tottenham Hotspur,Brentford,3,2,H,19,9,5,5,13,15,5,3,2,3.0,0,0.0,2024,H,,,3,0.0,0.0,0.0,0,2,2.3333333333333335,1.7352941176470589,1.309278350515464,0.3410266156126279,148.2051282051282,192.89545630690742
2024-02-03,Tottenham Hotspur,Everton,2,2,D,14,9,5,6,8,14,9,5,0,,0,,2024,A,3.0,0.0,1,0.0,0.0,0.0,0,0,1.6666666666666667,1.72992700729927,1.1897810218978102,0.24382412733762138,148.2051282051282,193.13928043424505
2024-02-10,Tottenham Hotspur,Brighton and Hove Albion,2,1,H,16,6,6,3,14,13,9,6,2,3.0,0,0.0,2024,H,,,3,0.0,0.0,0.0,0,2,2.3333333333333335,1.7391304347826086,1.3695652173913044,0.33491790082552847,148.2051282051282,193.47419833507058
2024-02-17,Tottenham Hotspur,Wolverhampton Wanderers,1,2,A,15,12,4,7,8,13,10,4,0,1.0,0,0.0,2024,H,,,0,0.0,0.0,0.0,0,0,1.3333333333333333,1.7266187050359711,1.237410071942446,0.17899799691518004,148.2051282051282,193.65319633198575
2024-03-02,Tottenham Hotspur,Crystal Palace,3,1,H,14,4,6,1,7,16,11,1,1,2.0,0,0.0,2024,H,,,3,0.0,0.0,0.0,0,1,2.0,1.7357142857142858,1.1702127659574468,0.36046235313800135,148.2051282051282,194.01365868512374
2024-03-10,Tottenham Hotspur,Aston Villa,4,0,A,10,9,1,5,11,15,6,4,2,,0,,2024,A,0.0,1.0,3,0.0,0.0,0.0,1,2,2.0,1.74468085106383,1.5211267605633805,0.5365701613645849,148.2051282051282,194.55022884648835
2024-03-16,Tottenham Hotspur,Fulham,0,3,H,16,14,7,5,9,10,4,5,3,,0,,2024,A,2.0,0.0,0,0.0,0.0,0.0,0,3,2.0,1.732394366197183,1.1238095238095238,0.17447512402250354,148.2051282051282,194.72470397051086
2024-03-30,Tottenham Hotspur,Luton Town,2,1,H,17,7,4,3,16,14,3,6,2,4.0,0,0.0,2024,H,,,3,0.0,0.0,0.0,0,2,2.0,1.7412587412587412,0.7333333333333333,0.3993856583915895,148.2051282051282,195.12408962890242
2024-04-02,Tottenham Hotspur,West Ham United,1,1,D,11,13,4,4,13,9,9,5,4,,0,,2024,A,1.0,0.0,1,0.0,0.0,0.0,0,4,1.3333333333333333,1.7361111111111112,1.4206896551724135,0.19904844011619188,148.2051282051282,195.32313806901863
2024-04-07,Tottenham Hotspur,Nottingham Forest,3,1,H,17,13,7,6,11,12,12,2,2,3.0,0,0.0,2024,H,,,3,0.0,0.0,0.0,0,2,2.3333333333333335,1.7448275862068965,0.9571428571428572,0.3767076089516572,148.2051282051282,195.6998456779703
2024-04-13,Tottenham Hotspur,Newcastle United,0,4,H,18,11,5,2,14,12,16,3,4,,0,,2024,A,0.0,0.0,0,0.0,0.0,0.0,0,4,1.3333333333333333,1.7328767123287672,1.4726027397260273,0.13378821938006188,148.2051282051282,195.83363389735035
2024-04-28,Tottenham Hotspur,Arsenal,2,3,A,14,9,2,3,12,16,8,6,2,1.0,0,0.0,2024,H,,,0,0.0,0.0,0.0,0,2,1.0,1.7210884353741496,1.9731543624161072,0.09375774892811187,148.2051282051282,195.92739164627847
2024-05-02,Tottenham Hotspur,Chelsea,0,2,H,16,19,5,3,12,16,4,9,1,,0,,2024,A,0.0,0.0,0,0.0,0.0,0.0,0,1,0.0,1.7094594594594594,1.5945945945945943,0.13746082251755787,148.2051282051282,196.064852468796
2024-05-05,Tottenham Hotspur,Liverpool,2,4,H,25,11,13,6,14,12,8,3,4,,0,,2024,A,1.0,0.0,0,0.0,0.0,0.0,0,4,0.0,1.6979865771812082,2.04,0.07629529905408716,148.2051282051282,196.1411477678501
2024-05-11,Tottenham Hotspur,Burnley,2,1,H,21,7,9,3,10,14,9,3,3,5.0,0,0.0,2024,H,,,3,0.0,0.0,0.0,0,3,1.0,1.7066666666666668,0.8672566371681416,0.3804709750845084,148.2051282051282,196.5216187429346
2024-05-14,Tottenham Hotspur,Manchester City,0,2,A,10,8,5,5,14,11,7,4,3,3.0,0,0.0,2024,H,,,0,0.0,0.0,0.0,0,3,1.0,1.695364238410596,2.357615894039735,0.04945666463291476,148.2051282051282,196.57107540756752
2024-05-19,Tottenham Hotspur,Sheffield United,3,0,A,6,18,1,9,11,9,2,6,0,,0,,2024,A,2.0,0.0,3,0.0,0.0,0.0,1,0,2.0,1.7039473684210529,0.5131578947368421,0.6493942327454743,148.2051282051282,197.220469640313
2024-08-19,Tottenham Hotspur,Leicester City,1,1,D,7,15,3,7,11,12,2,13,1,,0,,2024,A,1.0,0.0,1,0.0,0.0,0.0,0,1,1.3333333333333333,1.699346405228758,1.3304347826086955,0.2242274639646745,148.2051282051282,197.44469710427768
2024-08-24,Tottenham Hotspur,Everton,4,0,H,13,10,7,1,11,15,12,5,0,0.0,0,0.0,2024,H,,,3,0.0,0.0,0.0,1,0,2.3333333333333335,1.707792207792208,1.181818181818182,0.5816405876331446,148.2051282051282,198.0263376919108
2024-09-01,Tottenham Hotspur,Newcastle United,1,2,H,9,20,3,6,16,13,7,12,4,,0,,2024,A,4.0,0.0,0,0.0,0.0,0.0,0,4,1.3333333333333333,1.696774193548387,1.4967741935483871,0.1313389874819366,148.2051282051282,198.15767667939275
2024-09-15,Tottenham Hotspur,Arsenal,0,1,A,15,7,5,4,13,10,7,6,5,3.0,0,0.0,2024,H,,,0,0.0,0.0,0.0,0,5,1.0,1.685897435897436,2.0064102564102564,0.07435428651251283,148.2051282051282,198.23203096590527
2024-09-21,Tottenham Hotspur,Brentford,3,1,H,23,6,10,6,11,9,9,4,3,1.0,0,0.0,2024,H,,,3,0.0,0.0,0.0,0,3,1.0,1.694267515923567,1.2605042016806722,0.3406242002093784,148.2051282051282,198.57265516611466
2024-09-29,Tottenham Hotspur,Manchester United,3,0,A,11,24,2,10,16,14,5,3,3,,0,,2024,A,5.0,1.0,3,0.0,0.0,0.0,1,3,2.0,1.7025316455696202,1.7341772151898731,0.5096377252507823,148.2051282051282,199.08229289136543
2024-10-06,Tottenham Hotspur,Brighton and Hove Albion,2,3,H,11,13,4,3,14,10,4,7,2,,0,,2024,A,2.0,0.0,0,0.0,0.0,0.0,0,2,2.0,1.6918238993710693,1.3459119496855343,0.15731462624327222,148.2051282051282,199.2396075176087
2024-10-19,Tottenham Hotspur,West Ham United,4,1,H,22,11,7,4,10,15,13,5,1,3.0,0,1.0,2024,H,,,3,0.0,0.0,0.0,0,1,2.0,1.7,1.38125,0.3390784873139683,148.2051282051282,199.57868600492267
2024-10-27,Tottenham Hotspur,Crystal Palace,0,1,H,14,11,6,3,16,12,8,8,4,,0,,2024,A,4.0,0.0,0,0.0,0.0,0.0,0,4,1.0,1.68944099378882,1.1925465838509317,0.16216559689639146,148.2051282051282,199.74085160181906
2024-11-03,Tottenham Hotspur,Aston Villa,4,1,H,16,12,6,1,14,14,6,4,2,0.0,0,0.0,2024,H,,,3,0.0,0.0,0.0,0,2,2.0,1.6975308641975309,1.5246913580246917,0.3191993637998036,148.2051282051282,200.06005096561887
2024-11-10,Tottenham Hotspur,Ipswich Town,1,2,A,17,8,5,3,10,19,12,2,1,5.0,0,0.0,2024,H,,,0,0.0,0.0,0.0,0,1,1.0,1.687116564417178,0.7272727272727273,0.22534433995088848,148.2051282051282,200.28539530556975
2024-11-23,Tottenham Hotspur,Manchester City,4,0,A,23,9,5,7,19,9,9,3,2,,0,,2024,A,4.0,0.0,3,0.0,0.0,0.0,1,2,2.0,1.695121951219512,2.3292682926829267,0.45468323668006067,148.2051282051282,200.74007854224982
2024-12-01,Tottenham Hotspur,Fulham,1,1,D,8,14,3,6,4,14,7,11,0,1.0,0,1.0,2024,H,,,1,0.0,0.0,0.0,0,0,1.3333333333333333,1.690909090909091,1.1496062992125984,0.2478949297404101,148.2051282051282,200.98797347199022
2024-12-05,Tottenham Hotspur,Bournemouth,0,1,H,21,12,8,4,15,8,5,9,2,,0,,2024,A,2.0,0.0,0,0.0,0.0,0.0,0,2,1.3333333333333333,1.680722891566265,1.2,0.17209951275087962,148.2051282051282,201.1600729847411
2024-12-08,Tottenham Hotspur,Chelsea,3,4,A,13,17,5,8,17,11,5,10,2,2.0,0,0.0,2024,H,,,0,0.0,0.0,0.0,0,2,0.3333333333333333,1.6706586826347305,1.6706586826347305,0.12440886629202844,148.2051282051282,201.28448185103315
2024-12-15,Tottenham Hotspur,Southampton,5,0,A,9,18,3,9,8,15,2,5,3,,0,,2024,A,1.0,0.0,3,0.0,0.0,0.0,1,3,1.0,1.6785714285714286,0.8692307692307693,0.5972805472830036,148.2051282051282,201.88176239831614
2024-12-22,Tottenham Hotspur,Liverpool,3,6,A,9,24,5,12,7,9,7,5,1,2.0,0,0.0,2024,H,,,0,0.0,0.0,0.0,0,1,1.0,1.668639053254438,2.077380952380953,0.08854130960120005,148.2051282051282,201.97030370791734
2024-12-26,Tottenham Hotspur,Nottingham Forest,0,1,H,10,13,3,4,12,13,2,7,2,,1,,2024,A,3.0,0.0,0,0.0,0.0,0.0,0,4,1.0,1.6588235294117648,1.148936170212766,0.16658452911941837,148.2051282051282,202.13688823703677
2024-12-29,Tottenham Hotspur,Wolverhampton Wanderers,2,2,D,13,11,3,3,9,10,5,5,1,2.0,0,0.0,2024,H,,,1,0.0,0.0,0.0,0,1,0.3333333333333333,1.654970760233918,1.1637426900584795,0.24111794946214066,148.2051282051282,202.3780061864989
2025-01-04,Tottenham Hotspur,Newcastle United,1,2,A,13,14,4,4,11,15,9,10,1,4.0,0,0.0,2025,H,,,0,0.0,0.0,0.0,0,1,0.3333333333333333,1.6453488372093024,1.5116279069767442,0.1458676258190399,148.2051282051282,202.52387381231793
2025-01-15,Tottenham Hotspur,Arsenal,1,2,H,14,10,4,2,16,9,10,4,1,,0,,2025,A,3.0,0.0,0,0.0,0.0,0.0,0,1,0.3333333333333333,1.6358381502890174,2.0,0.09638212456713416,148.2051282051282,202.6202559368851
2025-01-19,Tottenham Hotspur,Everton,2,3,H,12,11,6,6,14,14,3,8,1,,0,,2025,A,2.0,0.0,0,0.0,0.0,0.0,0,1,0.0,1.6264367816091954,1.1676300578034682,0.1807240523821081,148.2051282051282,202.80097998926718
2025-01-26,Tottenham Hotspur,Leicester City,1,2,A,15,12,6,3,6,16,6,4,1,5.0,0,0.0,2025,H,,,0,0.0,0.0,0.0,0,1,0.0,1.6171428571428572,1.2335766423357664,0.17404185280917603,148.2051282051282,202.97502184207636
2025-02-02,Tottenham Hotspur,Brentford,2,0,A,20,13,4,2,4,11,10,3,1,,0,,2025,A,0.0,0.0,3,0.0,0.0,0.0,1,1,1.0,1.625,1.2681159420289856,0.5675516794518265,148.2051282051282,203.5425735215282
2025-02-16,Tottenham Hotspur,Manchester United,1,0,H,22,16,7,6,13,9,10,5,1,2.0,0,0.0,2025,H,,,3,0.0,0.0,0.0,1,1,2.0,1.6327683615819208,1.6723163841807909,0.5265950773611915,148.2051282051282,204.06916859888938
2025-02-22,Tottenham Hotspur,Ipswich Town,4,1,A,17,10,5,6,15,14,4,4,1,,0,,2025,A,2.0,0.0,3,0.0,0.0,0.0,0,1,3.0,1.6404494382022472,0.6538461538461539,0.4127844677614897,148.2051282051282,204.48195306665087
2025-02-26,Tottenham Hotspur,Manchester City,0,1,A,11,12,6,5,12,15,8,3,3,0.0,0,0.0,2025,H,,,0,0.0,0.0,0.0,0,3,2.0,1.6312849162011174,2.2681564245810057,0.05852136499384211,148.2051282051282,204.5404744316447
2025-03-09,Tottenham Hotspur,Bournemouth,2,2,D,12,17,4,8,15,16,3,6,3,3.0,0,0.0,2025,H,,,1,0.0,0.0,0.0,0,3,1.3333333333333333,1.6277777777777778,1.2596153846153846,0.22071426178051515,148.2051282051282,204.76118869342523
2025-03-16,Tottenham Hotspur,Fulham,0,2,H,13,12,4,4,13,10,6,5,0,,0,,2025,A,0.0,0.0,0,0.0,0.0,0.0,0,0,0.3333333333333333,1.6187845303867403,1.2027972027972027,0.18250523085399034,148.2051282051282,204.94369392427922
2025-04-03,Tottenham Hotspur,Chelsea,0,1,H,11,8,5,2,7,16,4,6,5,,0,,2025,A,5.0,0.0,0,0.0,0.0,0.0,0,5,0.3333333333333333,1.60989010989011,1.6483516483516485,0.11063545398801827,148.2051282051282,205.05432937826723
2025-04-06,Tottenham Hotspur,Southampton,3,1,H,13,12,8,4,16,20,4,1,1,1.0,0,0.0,2025,H,,,3,0.0,0.0,0.0,0,1,1.0,1.6174863387978142,0.8137931034482758,0.39657745043218995,148.2051282051282,205.45090682869943
2025-04-13,Tottenham Hotspur,Wolverhampton Wanderers,2,4,H,13,11,5,4,12,15,1,4,2,,0,,2025,A,1.0,0.0,0,0.0,0.0,0.0,0,2,1.0,1.608695652173913,1.184782608695652,0.17364145228264188,148.2051282051282,205.62454828098205
2025-04-21,Tottenham Hotspur,Nottingham Forest,1,2,A,22,4,6,3,11,12,7,1,1,4.0,0,0.0,2025,H,,,0,0.0,0.0,0.0,0,1,1.0,1.6,1.2293577981651376,0.17446933755179275,148.2051282051282,205.79901761853387
2025-04-27,Tottenham Hotspur,Liverpool,1,5,H,25,8,8,3,16,9,8,2,1,,0,,2025,A,2.0,0.0,0,0.0,0.0,0.0,0,1,0.0,1.5913978494623655,2.10752688172043,0.08548669930429778,148.2051282051282,205.88450431783815
2025-05-04,Tottenham Hotspur,West Ham United,1,1,D,11,7,2,2,18,15,1,3,2,,0,,2025,A,2.0,0.0,1,0.0,0.0,0.0,0,2,0.3333333333333333,1.588235294117647,1.3368983957219251,0.21822794672640855,148.2051282051282,206.10273226456457
2025-05-11,Tottenham Hotspur,Crystal Palace,0,2,A,8,23,1,10,12,10,4,8,1,1.0,0,0.0,2025,H,,,0,0.0,0.0,0.0,0,1,0.3333333333333333,1.5797872340425532,1.25,0.17237771577541797,148.2051282051282,206.27510998033998
2025-05-16,Tottenham Hotspur,Aston Villa,0,2,H,18,3,7,1,5,12,9,1,2,,0,,2025,A,1.0,0.0,0,0.0,0.0,0.0,0,2,0.3333333333333333,1.5714285714285714,1.560846560846561,0.1355358491148658,148.2051282051282,206.41064582945484
2025-05-25,Tottenham Hotspur,Brighton and Hove Albion,1,4,A,4,23,2,8,13,8,2,11,3,1.0,0,0.0,2025,H,,,0,0.0,0.0,0.0,0,3,0.0,1.563157894736842,1.3842105263157896,0.1480893531735789,148.2051282051282,206.55873518262842
2025-08-16,Tottenham Hotspur,Burnley,3,0,H,16,14,6,4,14,8,6,5,0,0.0,0,0.0,2025,H,,,3,0.0,0.0,0.0,1,0,1.0,1.5706806282722514,0.8521739130434782,0.615042602425086,148.2051282051282,207.17377778505352
2025-08-23,Tottenham Hotspur,Manchester City,2,0,A,10,12,4,5,7,12,7,2,4,,0,,2025,A,1.0,0.0,3,0.0,0.0,0.0,1,4,2.0,1.578125,2.2552083333333335,0.45149839233072453,148.2051282051282,207.62527617738422
2025-08-30,Tottenham Hotspur,Bournemouth,0,1,A,5,20,1,6,17,13,0,8,2,4.0,0,0.0,2025,H,,,0,0.0,0.0,0.0,0,2,2.0,1.5699481865284974,1.2735042735042734,0.16465151178915607,148.2051282051282,207.7899276891734
2025-09-13,Tottenham Hotspur,West Ham United,3,0,A,7,14,4,5,8,7,2,13,1,,0,,2025,A,0.0,1.0,3,0.0,0.0,0.0,1,1,2.0,1.577319587628866,1.3350515463917525,0.5607692650165834,148.2051282051282,208.35069695418997
2025-09-20,Tottenham Hotspur,Brighton and Hove Albion,2,2,D,12,11,4,3,10,13,2,10,2,,0,,2025,A,1.0,0.0,1,0.0,0.0,0.0,0,2,1.3333333333333333,1.5743589743589743,1.3743589743589744,0.21443216163237258,148.2051282051282,208.56512911582234
2025-09-27,Tottenham Hotspur,Wolverhampton Wanderers,1,1,D,10,9,3,3,9,11,10,9,3,2.0,0,0.0,2025,H,,,1,0.0,0.0,0.0,0,3,1.6666666666666667,1.5714285714285714,1.153061224489796,0.2315111236397768,148.2051282051282,208.79664023946214
2025-10-04,Tottenham Hotspur,Leeds United,2,1,A,16,9,4,3,10,12,4,1,3,,0,,2025,A,2.0,0.0,3,0.0,0.0,0.0,0,3,1.6666666666666667,1.5786802030456852,1.1239669421487604,0.3544591732228271,148.2051282051282,209.15109941268494
2025-10-19,Tottenham Hotspur,Aston Villa,1,2,A,9,8,3,2,11,7,6,6,2,0.0,0,0.0,2025,H,,,0,0.0,0.0,0.0,0,2,1.3333333333333333,1.5707070707070707,1.5505050505050506,0.136583728038052,148.2051282051282,209.287683140723
2025-10-26,Tottenham Hotspur,Everton,3,0,A,12,7,2,4,9,8,9,8,0,,0,,2025,A,2.0,0.0,3,0.0,0.0,0.0,1,0,2.0,1.5778894472361809,1.2110552763819096,0.5786780672510341,148.2051282051282,209.86636120797402
2025-11-01,Tottenham Hotspur,Chelsea,0,1,A,3,15,1,9,14,12,6,5,4,2.0,0,0.0,2025,H,,,0,0.0,0.0,0.0,0,4,1.0,1.57,1.67,0.11378645738350718,148.2051282051282,209.98014766535755
2025-11-08,Tottenham Hotspur,Manchester United,2,2,D,10,5,4,2,10,8,5,3,5,1.0,0,0.0,2025,H,,,1,0.0,0.0,0.0,0,5,1.3333333333333333,1.5671641791044777,1.626865671641791,0.1728125733250223,148.2051282051282,210.15296023868257
2020-09-12,West Ham United,Newcastle United,0,2,A,15,15,3,2,13,7,8,7,2,2.0,0,0.0,2020,H,,,0,0.0,0.0,0.0,0,2,0.0,0.0,3.0,-0.010289906149001549,112.3076923076923,112.29740240154331
2020-09-19,West Ham United,Arsenal,1,2,H,7,14,3,3,11,13,7,5,1,,0,,2020,A,0.0,0.0,0,0.0,0.0,0.0,0,1,0.0,0.0,3.0,-0.004945330377244261,112.3076923076923,112.29245707116606
2020-09-27,West Ham United,Wolverhampton Wanderers,4,0,H,15,11,7,2,7,11,1,3,0,1.0,0,0.0,2020,H,,,3,0.0,0.0,0.0,1,0,1.0,1.0,1.0,0.6000637612593953,112.3076923076923,112.89252083242546
2020-10-04,West Ham United,Leicester City,3,0,A,4,14,0,6,11,8,6,4,2,,0,,2020,A,2.0,0.0,3,0.0,0.0,0.0,1,2,2.0,1.5,2.25,0.4627152910354077,112.3076923076923,113.35523612346087
2020-10-18,West Ham United,Tottenham Hotspur,3,3,D,11,13,6,4,13,12,3,7,5,,0,,2020,A,0.0,0.0,1,0.0,0.0,0.0,0,5,2.3333333333333335,1.4,1.6,0.17553480345785635,112.3076923076923,113.53077092691872
2020-10-24,West Ham United,Manchester City,1,1,D,6,14,2,7,14,6,2,10,2,0.0,0,0.0,2020,H,,,1,0.0,0.0,0.0,0,2,1.6666666666666667,1.3333333333333333,1.6,0.19156853077312821,112.3076923076923,113.72233945769185
2020-10-31,West Ham United,Liverpool,1,2,H,9,4,5,3,13,14,1,2,1,,0,,2020,A,0.0,0.0,0,0.0,0.0,0.0,0,1,0.6666666666666666,1.1428571428571428,2.2857142857142856,0.06743142315445463,112.3076923076923,113.7897708808463
2020-11-07,West Ham United,Fulham,1,0,H,16,13,7,3,10,9,9,5,2,2.0,0,0.0,2020,H,,,3,0.0,0.0,0.0,1,2,1.3333333333333333,1.375,0.5,0.6400383371880699,112.3076923076923,114.42980921803438
2020-11-22,West Ham United,Sheffield United,1,0,A,9,15,5,3,7,6,2,6,0,,0,,2020,A,0.0,0.0,3,0.0,0.0,0.0,1,0,2.0,1.5555555555555556,0.1111111111111111,0.6901326100988427,112.3076923076923,115.11994182813322
2020-11-30,West Ham United,Aston Villa,2,1,H,6,16,2,6,20,7,3,7,1,1.0,0,0.0,2020,H,,,3,0.0,0.0,0.0,0,1,3.0,1.7,1.6666666666666667,0.31015794288192694,112.3076923076923,115.43009977101514
2020-12-05,West Ham United,Manchester United,1,3,A,19,15,6,6,9,10,5,4,0,0.0,0,0.0,2020,H,,,0,0.0,0.0,0.0,0,0,2.0,1.5454545454545454,1.9,0.1118594458333293,112.3076923076923,115.54195921684847
2020-12-11,West Ham United,Leeds United,2,1,A,13,19,7,8,12,10,5,6,2,,0,,2020,A,1.0,0.0,3,0.0,0.0,0.0,0,2,2.0,1.6666666666666667,1.1666666666666667,0.3554770945823589,112.3076923076923,115.89743631143084
2020-12-16,West Ham United,Crystal Palace,1,1,D,9,8,2,2,8,12,5,3,0,1.0,0,1.0,2020,H,,,1,0.0,0.0,0.0,0,0,1.3333333333333333,1.6153846153846154,1.3846153846153846,0.2240820572277397,112.3076923076923,116.12151836865857
2020-12-21,West Ham United,Chelsea,0,3,H,11,6,7,0,11,6,5,4,0,,0,,2020,A,0.0,0.0,0,0.0,0.0,0.0,0,0,1.3333333333333333,1.5,1.7857142857142858,0.12343972639840109,112.3076923076923,116.24495809505697
2020-12-27,West Ham United,Brighton and Hove Albion,2,2,D,11,13,4,4,6,8,5,4,0,0.0,0,0.0,2020,H,,,1,0.0,0.0,0.0,0,0,0.6666666666666666,1.4666666666666666,0.8666666666666667,0.276564482609187,112.3076923076923,116.52152257766616
2020-12-29,West Ham United,Southampton,0,0,D,8,8,3,3,16,15,4,3,1,,0,,2020,A,3.0,0.0,1,0.0,0.0,0.0,1,1,0.6666666666666666,1.4375,1.625,0.41138952614740154,112.3076923076923,116.93291210381356
2021-01-01,West Ham United,Everton,1,0,A,10,11,2,5,9,7,5,4,0,,0,,2021,A,2.0,0.0,3,0.0,0.0,0.0,1,0,1.6666666666666667,1.5294117647058822,1.8125,0.5177352041170878,112.3076923076923,117.45064730793065
2021-01-16,West Ham United,Burnley,1,0,H,15,10,4,2,12,9,7,4,2,1.0,0,0.0,2021,H,,,3,0.0,0.0,0.0,1,2,2.3333333333333335,1.6111111111111112,0.9411764705882352,0.5953350482420207,112.3076923076923,118.04598235617267
2021-01-19,West Ham United,West Brom,2,1,H,14,6,6,2,10,10,3,1,0,1.0,0,0.0,2021,H,,,3,0.0,0.0,0.0,0,0,3.0,1.6842105263157894,0.5789473684210527,0.4257183468387976,112.3076923076923,118.47170070301146
2021-01-26,West Ham United,Crystal Palace,3,2,A,6,17,3,7,9,8,3,4,0,,0,,2021,A,0.0,0.0,3,0.0,0.0,0.0,0,0,3.0,1.75,1.15,0.3678550370416131,112.3076923076923,118.83955574005307
2021-01-31,West Ham United,Liverpool,1,3,A,8,14,2,5,7,8,6,5,2,0.0,0,0.0,2021,H,,,0,0.0,0.0,0.0,0,2,2.0,1.6666666666666667,1.9047619047619049,0.10068778259960337,112.3076923076923,118.94024352265268
2021-02-03,West Ham United,Aston Villa,3,1,A,9,20,2,10,11,15,7,3,1,,0,,2021,A,1.0,0.0,3,0.0,0.0,0.0,0,1,2.0,1.7272727272727273,1.6,0.31691310654488547,112.3076923076923,119.25715662919757
2021-02-06,West Ham United,Fulham,0,0,D,20,8,2,1,11,10,7,3,2,,1,,2021,A,1.0,0.0,1,0.0,0.0,0.0,1,4,1.3333333333333333,1.6956521739130437,0.6818181818181818,0.49092601201830477,112.3076923076923,119.74808264121587
2021-02-15,West Ham United,Sheffield United,3,0,H,13,8,9,5,11,12,7,7,0,2.0,0,0.0,2021,H,,,3,0.0,0.0,0.0,1,0,2.3333333333333335,1.75,0.4583333333333333,0.6549494660209336,112.3076923076923,120.40303210723681
2021-02-21,West Ham United,Tottenham Hotspur,2,1,H,4,20,4,4,14,7,5,7,4,3.0,0,0.0,2021,H,,,3,0.0,0.0,0.0,0,4,2.3333333333333335,1.8,1.5,0.3110121247240515,112.3076923076923,120.71404423196086
2021-02-27,West Ham United,Manchester City,1,2,H,10,9,3,3,8,11,4,2,1,,0,,2021,A,1.0,0.0,0,0.0,0.0,0.0,0,1,2.0,1.7307692307692308,2.3846153846153846,0.05741002651160401,112.3076923076923,120.77145425847246
2021-03-08,West Ham United,Leeds United,2,0,H,16,17,5,2,9,9,6,6,1,1.0,0,0.0,2021,H,,,3,0.0,0.0,0.0,1,1,2.0,1.7777777777777777,1.2962962962962965,0.5646962358744889,112.3076923076923,121.33615049434695
2021-03-14,West Ham United,Manchester United,0,1,H,15,7,4,0,12,2,6,3,0,,0,,2021,A,4.0,0.0,0,0.0,0.0,0.0,0,0,1.0,1.7142857142857142,1.9655172413793105,0.10522075050938723,112.3076923076923,121.44137124485634
2021-03-21,West Ham United,Arsenal,3,3,D,15,16,5,7,18,8,3,5,3,1.0,0,0.0,2021,H,,,1,0.0,0.0,0.0,0,3,1.3333333333333333,1.6896551724137931,1.4482758620689655,0.2015977757515525,112.3076923076923,121.6429690206079
2021-04-05,West Ham United,Wolverhampton Wanderers,3,2,A,20,9,5,6,9,9,4,2,4,,0,,2021,A,1.0,0.0,3,0.0,0.0,0.0,0,4,1.3333333333333333,1.7333333333333334,1.1666666666666667,0.3447879430388443,112.3076923076923,121.98775696364673
2021-04-11,West Ham United,Leicester City,3,2,H,4,15,4,5,7,13,1,9,3,3.0,0,0.0,2021,H,,,3,0.0,0.0,0.0,0,3,2.3333333333333335,1.7741935483870968,1.8064516129032255,0.2853047384967251,112.3076923076923,122.27306170214347
2021-04-17,West Ham United,Newcastle United,2,3,H,16,16,8,6,9,7,3,8,0,,1,,2021,A,2.0,0.0,0,0.0,0.0,0.0,0,2,2.0,1.71875,1.09375,0.1828655548387198,112.3076923076923,122.45592725698218
2021-04-24,West Ham United,Chelsea,0,1,A,9,17,2,6,9,11,4,2,0,4.0,1,0.0,2021,H,,,0,0.0,0.0,0.0,0,2,1.0,1.6666666666666667,1.7575757575757576,0.11560178029704438,112.3076923076923,122.57152903727922
2021-05-03,West Ham United,Burnley,2,1,A,8,22,3,4,4,8,5,4,1,,0,,2021,A,2.0,0.0,3,0.0,0.0,0.0,0,1,1.0,1.7058823529411764,1.0588235294117647,0.37174914098537265,112.3076923076923,122.94327817826459
2021-05-09,West Ham United,Everton,0,1,A,11,9,0,3,8,10,5,6,2,1.0,0,0.0,2021,H,,,0,0.0,0.0,0.0,0,2,1.0,1.6571428571428573,1.6176470588235294,0.12978039921528625,112.3076923076923,123.07305857747988
2021-05-15,West Ham United,Brighton and Hove Albion,1,1,D,10,15,2,3,7,5,3,3,1,,0,,2021,A,1.0,0.0,1,0.0,0.0,0.0,0,1,1.3333333333333333,1.6388888888888888,1.0555555555555556,0.25208027645904707,112.3076923076923,123.32513885393894
2021-05-19,West Ham United,West Brom,3,1,A,14,21,4,9,8,11,6,8,2,,0,,2021,A,2.0,0.0,3,0.0,0.0,0.0,0,2,1.3333333333333333,1.6756756756756757,0.7027027027027027,0.40248938223673264,112.3076923076923,123.72762823617566
2021-05-23,West Ham United,Southampton,3,0,H,14,17,7,5,5,9,2,3,0,3.0,0,0.0,2021,H,,,3,0.0,0.0,0.0,1,0,2.3333333333333335,1.7105263157894737,1.131578947368421,0.5867312013982928,112.3076923076923,124.31435943757396
2021-08-15,West Ham United,Newcastle United,4,2,A,17,8,3,9,4,3,7,6,0,,0,,2021,A,1.0,0.0,3,0.0,0.0,0.0,0,0,3.0,1.7435897435897436,1.1538461538461535,0.3674653160610578,112.3076923076923,124.68182475363501
2021-08-23,West Ham United,Leicester City,4,1,H,13,5,7,1,8,8,10,0,0,1.0,0,1.0,2021,H,,,3,0.0,0.0,0.0,0,0,3.0,1.775,1.725,0.3095917504485955,112.3076923076923,124.99141650408362
2021-08-28,West Ham United,Crystal Palace,2,2,D,14,9,4,2,10,7,5,3,1,0.0,0,0.0,2021,H,,,1,0.0,0.0,0.0,0,1,2.3333333333333335,1.7560975609756098,1.1219512195121952,0.2453525728109786,112.3076923076923,125.23676907689459
2021-09-11,West Ham United,Southampton,0,0,D,11,13,3,3,10,12,5,4,1,,1,,2021,A,3.0,0.0,1,0.0,0.0,0.0,1,3,1.6666666666666667,1.738095238095238,1.0952380952380951,0.4543798001398969,112.3076923076923,125.69114887703448
2021-09-19,West Ham United,Manchester United,1,2,A,13,17,4,10,5,8,2,11,0,0.0,0,0.0,2021,H,,,0,0.0,0.0,0.0,0,0,0.6666666666666666,1.697674418604651,2.0232558139534884,0.09937024789832449,112.3076923076923,125.79051912493281
2021-09-25,West Ham United,Leeds United,2,1,A,15,20,5,7,10,6,5,7,2,,0,,2021,A,3.0,0.0,3,0.0,0.0,0.0,0,2,1.3333333333333333,1.7272727272727273,1.4090909090909092,0.33091286308069134,112.3076923076923,126.1214319880135
2021-10-03,West Ham United,Brentford,1,2,A,18,13,5,6,16,13,11,6,2,3.0,0,0.0,2021,H,,,0,0.0,0.0,0.0,0,2,1.0,1.6888888888888889,1.7142857142857142,0.11998825020805642,112.3076923076923,126.24142023822155
2021-10-17,West Ham United,Everton,1,0,A,15,16,2,4,3,3,7,9,2,,0,,2021,A,0.0,0.0,3,0.0,0.0,0.0,1,2,2.0,1.7173913043478262,1.5869565217391304,0.5298997992050499,112.3076923076923,126.7713200374266
2021-10-24,West Ham United,Tottenham Hotspur,1,0,H,13,7,4,4,11,4,2,4,2,1.0,0,0.0,2021,H,,,3,0.0,0.0,0.0,1,2,2.0,1.74468085106383,1.6382978723404256,0.5246975108152137,112.3076923076923,127.29601754824182
2021-10-31,West Ham United,Aston Villa,4,1,A,9,21,3,9,7,13,3,6,2,,0,,2021,A,1.0,1.0,3,0.0,0.0,0.0,0,2,3.0,1.7708333333333333,1.3541666666666667,0.3364781967802879,112.3076923076923,127.63249574502211
2021-11-07,West Ham United,Liverpool,3,2,H,7,16,3,5,11,6,3,2,1,1.0,0,0.0,2021,H,,,3,0.0,0.0,0.0,0,1,3.0,1.7959183673469388,1.8571428571428572,0.29085747527347394,112.3076923076923,127.92335322029558
2021-11-20,West Ham United,Wolverhampton Wanderers,0,1,H,15,8,5,3,6,9,7,3,1,,0,,2021,A,1.0,0.0,0,0.0,0.0,0.0,0,1,2.0,1.76,1.28,0.1693378921270866,112.3076923076923,128.09269111242267
2021-11-28,West Ham United,Manchester City,1,2,H,19,5,9,3,7,6,8,4,0,,0,,2021,A,2.0,0.0,0,0.0,0.0,0.0,0,0,1.0,1.7254901960784317,2.2549019607843137,0.07589813339228518,112.3076923076923,128.16858924581496
2021-12-01,West Ham United,Brighton and Hove Albion,1,1,D,14,9,6,3,10,8,9,5,1,1.0,0,0.0,2021,H,,,1,0.0,0.0,0.0,0,1,0.3333333333333333,1.7115384615384617,1.1538461538461535,0.24212074028930053,112.3076923076923,128.41070998610425
2021-12-04,West Ham United,Chelsea,3,2,H,11,19,5,7,10,10,1,9,1,3.0,0,0.0,2021,H,,,3,0.0,0.0,0.0,0,1,1.3333333333333333,1.7358490566037736,1.8867924528301887,0.28785315720234683,112.3076923076923,128.69856314330661
2021-12-12,West Ham United,Burnley,0,0,D,9,16,1,3,13,11,6,4,1,,0,,2021,A,2.0,0.0,1,0.0,0.0,0.0,1,1,1.6666666666666667,1.7222222222222223,0.9433962264150944,0.48045470180524436,112.3076923076923,129.17901784511184
2021-12-15,West Ham United,Arsenal,0,2,H,21,7,8,1,8,9,5,2,0,,1,,2021,A,2.0,0.0,0,0.0,0.0,0.0,0,2,1.3333333333333333,1.690909090909091,1.6363636363636365,0.1278838960478781,112.3076923076923,129.30690174115972
2021-12-26,West Ham United,Southampton,2,3,A,11,11,5,6,10,9,10,2,2,3.0,0,0.0,2021,H,,,0,0.0,0.0,0.0,0,2,0.3333333333333333,1.6607142857142858,1.125,0.17969907187170797,112.3076923076923,129.48660081303143
2021-12-28,West Ham United,Watford,4,1,A,14,13,5,6,12,12,4,5,1,,0,,2021,A,0.0,0.0,3,0.0,0.0,0.0,0,1,1.0,1.6842105263157894,0.7647058823529411,0.4015513336160722,112.3076923076923,129.8881521466475
2022-01-01,West Ham United,Crystal Palace,3,2,A,22,10,6,5,6,16,9,1,2,,0,,2022,A,0.0,0.0,3,0.0,0.0,0.0,0,2,2.0,1.706896551724138,1.1551724137931034,0.35664177797252417,112.3076923076923,130.24479392462
2022-01-12,West Ham United,Norwich City,2,0,H,13,7,5,3,9,8,11,2,0,0.0,0,0.0,2022,H,,,3,0.0,0.0,0.0,1,0,3.0,1.728813559322034,0.5,0.6507274887315845,112.3076923076923,130.89552141335162
2022-01-16,West Ham United,Leeds United,2,3,A,15,18,5,5,6,9,4,3,3,2.0,0,0.0,2022,H,,,0,0.0,0.0,0.0,0,3,2.0,1.7,1.396551724137931,0.1468388510072962,112.3076923076923,131.0423602643589
2022-01-22,West Ham United,Manchester United,0,1,H,18,6,3,1,9,8,3,3,1,,0,,2022,A,1.0,0.0,0,0.0,0.0,0.0,0,1,1.0,1.6721311475409837,1.8666666666666667,0.10989245189305127,112.3076923076923,131.15225271625195
2022-02-08,West Ham United,Watford,1,0,H,9,6,3,1,1,6,5,6,1,0.0,0,0.0,2022,H,,,3,0.0,0.0,0.0,1,1,1.0,1.6935483870967742,0.6818181818181818,0.6269597393335766,112.3076923076923,131.77921245558554
2022-02-13,West Ham United,Leicester City,2,2,D,13,8,2,3,10,9,5,4,2,,0,,2022,A,1.0,0.0,1,0.0,0.0,0.0,0,2,1.3333333333333333,1.6825396825396826,1.55,0.19663490352034715,112.3076923076923,131.9758473591059
2022-02-19,West Ham United,Newcastle United,1,1,D,11,14,3,3,3,7,3,7,3,3.0,0,0.0,2022,H,,,1,0.0,0.0,0.0,0,3,1.6666666666666667,1.671875,1.0806451612903225,0.23884885902087072,112.3076923076923,132.21469621812676
2022-02-27,West Ham United,Wolverhampton Wanderers,1,0,H,13,14,4,1,8,2,3,5,1,0.0,0,0.0,2022,H,,,3,0.0,0.0,0.0,1,1,1.6666666666666667,1.6923076923076923,1.328125,0.5614711143340139,112.3076923076923,132.77616733246077
2022-03-05,West Ham United,Liverpool,0,1,H,22,13,5,5,7,7,4,6,1,,0,,2022,A,2.0,0.0,0,0.0,0.0,0.0,0,1,1.3333333333333333,1.6666666666666667,2.0307692307692307,0.09326435672269176,112.3076923076923,132.86943168918347
2022-03-13,West Ham United,Aston Villa,2,1,H,11,13,4,7,9,3,5,7,1,0.0,0,0.0,2022,H,,,3,0.0,0.0,0.0,0,1,2.0,1.6865671641791045,1.378787878787879,0.33932796779015706,112.3076923076923,133.20875965697363
2022-03-20,West Ham United,Tottenham Hotspur,1,3,H,17,6,4,1,7,7,5,3,1,,0,,2022,A,0.0,0.0,0,0.0,0.0,0.0,0,1,1.0,1.661764705882353,1.6865671641791045,0.12814147611686472,112.3076923076923,133.3369011330905
2022-04-03,West Ham United,Everton,2,1,H,11,13,5,2,9,12,2,4,1,1.0,0,1.0,2022,H,,,3,0.0,0.0,0.0,0,1,2.0,1.681159420289855,1.2727272727272727,0.35007481907213667,112.3076923076923,133.6869759521626
2022-04-10,West Ham United,Brentford,0,2,H,15,5,7,1,2,6,4,6,1,,0,,2022,A,0.0,0.0,0,0.0,0.0,0.0,0,1,1.0,1.6571428571428573,1.125,0.18504364764346526,112.3076923076923,133.8720195998061
2022-04-17,West Ham United,Burnley,1,1,D,21,9,8,1,9,10,13,4,2,2.0,0,0.0,2022,H,,,1,0.0,0.0,0.0,0,2,1.3333333333333333,1.647887323943662,0.927536231884058,0.2597075729386233,112.3076923076923,134.13172717274472
2022-04-24,West Ham United,Chelsea,0,1,H,26,6,5,2,11,9,3,1,0,,1,,2022,A,1.0,0.0,0,0.0,0.0,0.0,0,2,0.3333333333333333,1.625,1.8857142857142857,0.10261782936044869,112.3076923076923,134.23434500210516
2022-05-01,West Ham United,Arsenal,1,2,A,8,13,3,7,8,9,3,7,2,2.0,0,0.0,2022,H,,,0,0.0,0.0,0.0,0,2,0.3333333333333333,1.6027397260273972,1.7222222222222223,0.11918406405770421,112.3076923076923,134.35352906616285
2022-05-08,West Ham United,Norwich City,4,0,A,8,13,2,5,7,7,9,5,1,,0,,2022,A,1.0,0.0,3,0.0,0.0,0.0,1,1,1.0,1.6216216216216215,0.6,0.6352501674653894,112.3076923076923,134.98877923362824
2022-05-15,West Ham United,Manchester City,2,2,D,6,31,2,8,9,5,4,9,3,1.0,0,0.0,2022,H,,,1,0.0,0.0,0.0,0,3,1.3333333333333333,1.6133333333333333,2.3466666666666667,0.11056612197623505,112.3076923076923,135.0993453556045
2022-05-22,West Ham United,Brighton and Hove Albion,1,3,H,18,7,7,2,9,9,5,6,1,,0,,2022,A,1.0,0.0,0,0.0,0.0,0.0,0,1,1.3333333333333333,1.5921052631578947,1.2105263157894737,0.1763774837337487,112.3076923076923,135.27572283933824
2022-08-07,West Ham United,Manchester City,0,2,A,6,14,1,2,8,4,1,4,0,1.0,0,0.0,2022,H,,,0,0.0,0.0,0.0,0,0,0.3333333333333333,1.5714285714285714,2.363636363636364,0.06488035308639015,112.3076923076923,135.34060319242462
2022-08-14,West Ham United,Nottingham Forest,0,1,H,13,19,6,5,10,11,6,7,1,,0,,2022,A,4.0,0.0,0,0.0,0.0,0.0,0,1,0.0,1.551282051282051,1.5,0.14704585203932335,112.3076923076923,135.48764904446395
2022-08-21,West Ham United,Brighton and Hove Albion,0,2,A,13,11,3,2,10,7,5,4,2,0.0,0,0.0,2022,H,,,0,0.0,0.0,0.0,0,2,0.0,1.5316455696202531,1.2531645569620251,0.16671248350067217,112.3076923076923,135.65436152796462
2022-08-28,West Ham United,Aston Villa,1,0,A,9,7,3,2,10,10,3,2,0,,0,,2022,A,2.0,0.0,3,0.0,0.0,0.0,1,0,1.0,1.55,1.2875,0.5709321179628866,112.3076923076923,136.2252936459275
2022-08-31,West Ham United,Tottenham Hotspur,1,1,D,14,13,4,4,10,9,3,4,2,5.0,0,0.0,2022,H,,,1,0.0,0.0,0.0,0,2,1.3333333333333333,1.5432098765432098,1.7777777777777777,0.17355476100523876,112.3076923076923,136.39884840693276
2022-09-03,West Ham United,Chelsea,1,2,H,8,6,3,3,6,11,10,3,2,,0,,2022,A,4.0,0.0,0,0.0,0.0,0.0,0,2,1.3333333333333333,1.524390243902439,1.8414634146341464,0.10710165750607101,112.3076923076923,136.50595006443882
2022-09-18,West Ham United,Everton,0,1,H,7,14,2,4,8,11,5,14,1,,0,,2022,A,3.0,0.0,0,0.0,0.0,0.0,0,1,0.3333333333333333,1.5060240963855422,1.2650602409638554,0.17085169988770144,112.3076923076923,136.6768017643265
2022-10-01,West Ham United,Wolverhampton Wanderers,2,0,H,18,15,5,4,8,6,1,6,2,2.0,0,0.0,2022,H,,,3,0.0,0.0,0.0,1,2,1.0,1.5238095238095235,1.2142857142857142,0.5676615836563711,112.3076923076923,137.2444633479829
2022-10-09,West Ham United,Fulham,3,1,H,17,8,8,2,9,7,4,2,1,3.0,0,0.0,2022,H,,,3,0.0,0.0,0.0,0,1,2.0,1.5411764705882354,0.8297872340425532,0.3949568058850238,112.3076923076923,137.63942015386792
2022-10-16,West Ham United,Southampton,1,1,D,10,25,8,4,7,3,4,14,1,,0,,2022,A,1.0,0.0,1,0.0,0.0,0.0,0,1,2.3333333333333335,1.5348837209302326,1.058139534883721,0.2518184484100952,112.3076923076923,137.891238602278
2022-10-19,West Ham United,Liverpool,0,1,H,22,8,7,3,9,8,8,3,0,,0,,2022,A,0.0,0.0,0,0.0,0.0,0.0,0,0,1.3333333333333333,1.5172413793103448,2.058139534883721,0.09583556923747408,112.3076923076923,137.98707417151547
2022-10-24,West Ham United,Bournemouth,2,0,H,20,5,4,3,9,11,5,0,0,2.0,0,0.0,2022,H,,,3,0.0,0.0,0.0,1,0,1.3333333333333333,1.5340909090909092,1.0833333333333333,0.591619806680697,112.3076923076923,138.57869397819618
2022-10-30,West Ham United,Manchester United,0,1,H,16,13,3,5,12,10,5,10,3,,0,,2022,A,1.0,0.0,0,0.0,0.0,0.0,0,3,1.0,1.5168539325842696,1.7613636363636365,0.10987338840807351,112.3076923076923,138.68856736660425
2022-11-06,West Ham United,Crystal Palace,1,2,A,5,15,2,6,10,7,2,5,1,1.0,0,0.0,2022,H,,,0,0.0,0.0,0.0,0,1,1.0,1.5,1.247191011235955,0.172662343457846,112.3076923076923,138.8612297100621
2022-11-12,West Ham United,Leicester City,0,2,A,18,9,6,6,9,8,7,2,3,1.0,0,0.0,2022,H,,,0,0.0,0.0,0.0,0,3,0.0,1.4835164835164836,1.4835164835164836,0.1380269332696172,112.3076923076923,138.9992566433317
2022-12-26,West Ham United,Arsenal,1,3,H,16,8,5,4,13,17,7,5,2,,0,,2022,A,0.0,0.0,0,0.0,0.0,0.0,0,2,0.0,1.4673913043478262,1.868131868131868,0.10439941098584438,112.3076923076923,139.10365605431755
2022-12-30,West Ham United,Brentford,0,2,A,20,9,5,6,9,5,8,1,1,0.0,0,0.0,2022,H,,,0,0.0,0.0,0.0,0,1,0.0,1.4516129032258065,1.2545454545454546,0.1719171364347617,112.3076923076923,139.2755731907523
2023-01-04,West Ham United,Leeds United,2,2,D,14,15,6,2,11,18,8,1,1,,0,,2023,A,3.0,0.0,1,0.0,0.0,0.0,0,1,0.3333333333333333,1.446808510638298,1.2258064516129032,0.23482918645955614,112.3076923076923,139.51040237721188
2023-01-14,West Ham United,Wolverhampton Wanderers,0,1,H,17,16,4,4,10,7,4,3,2,,0,,2023,A,0.0,0.0,0,0.0,0.0,0.0,0,2,0.3333333333333333,1.431578947368421,1.1894736842105262,0.1731661175397678,112.3076923076923,139.68356849475165
2023-01-21,West Ham United,Everton,2,0,H,11,5,4,2,9,6,4,9,1,1.0,0,0.0,2023,H,,,3,0.0,0.0,0.0,1,1,1.3333333333333333,1.4479166666666667,1.1770833333333333,0.5767757820079044,112.3076923076923,140.26034427675955
2023-02-04,West Ham United,Newcastle United,1,1,D,8,10,2,1,11,13,4,2,1,,0,,2023,A,2.0,0.0,1,0.0,0.0,0.0,0,1,1.3333333333333333,1.443298969072165,1.381443298969072,0.21905890082138887,112.3076923076923,140.47940317758093
2023-02-11,West Ham United,Chelsea,1,1,D,10,12,2,4,9,11,5,6,1,1.0,0,0.0,2023,H,,,1,0.0,0.0,0.0,0,1,1.6666666666666667,1.4387755102040816,1.7551020408163265,0.18119701149228806,112.3076923076923,140.66060018907322
2023-02-19,West Ham United,Tottenham Hotspur,0,2,H,16,6,6,1,16,10,4,7,1,,0,,2023,A,2.0,0.0,0,0.0,0.0,0.0,0,1,0.6666666666666666,1.4242424242424243,1.75,0.12171398830322877,112.3076923076923,140.78231417737646
2023-02-25,West Ham United,Nottingham Forest,4,0,H,18,8,5,3,8,5,12,3,0,0.0,0,0.0,2023,H,,,3,0.0,0.0,0.0,1,0,1.3333333333333333,1.44,1.0416666666666667,0.5958417839700463,112.3076923076923,141.3781559613465
2023-03-04,West Ham United,Brighton and Hove Albion,0,4,H,20,3,9,2,6,8,7,3,3,,0,,2023,A,0.0,0.0,0,0.0,0.0,0.0,0,3,1.0,1.4257425742574257,1.3131313131313131,0.1552916289450108,112.3076923076923,141.5334475902915
2023-03-12,West Ham United,Aston Villa,1,1,D,17,12,6,4,8,6,13,2,1,0.0,0,0.0,2023,H,,,1,0.0,0.0,0.0,0,1,1.3333333333333333,1.4215686274509804,1.3235294117647058,0.2249271676177431,112.3076923076923,141.75837475790925
2023-04-02,West Ham United,Southampton,1,0,H,12,9,2,3,10,11,5,3,0,2.0,0,0.0,2023,H,,,3,0.0,0.0,0.0,1,0,1.3333333333333333,1.4368932038834952,1.0095238095238095,0.5990987378789727,112.3076923076923,142.3574734957882
2023-04-05,West Ham United,Newcastle United,1,5,A,7,15,2,8,11,12,7,6,2,1.0,0,0.0,2023,H,,,0,0.0,0.0,0.0,0,2,1.3333333333333333,1.4230769230769231,1.4134615384615383,0.15046999833006036,112.3076923076923,142.50794349411828
2023-04-08,West Ham United,Fulham,1,0,A,16,9,3,5,10,12,11,4,1,,0,,2023,A,1.0,0.0,3,0.0,0.0,0.0,1,1,2.0,1.438095238095238,1.0,0.594719185487638,112.3076923076923,143.10266267960594
2023-04-16,West Ham United,Arsenal,2,2,D,16,11,3,5,11,8,7,2,1,2.0,0,0.0,2023,H,,,1,0.0,0.0,0.0,0,1,1.3333333333333333,1.4339622641509433,1.9065420560747663,0.16585198016941252,112.3076923076923,143.26851465977535
2023-04-23,West Ham United,Bournemouth,4,0,A,17,18,5,10,7,8,8,5,2,,0,,2023,A,1.0,0.0,3,0.0,0.0,0.0,1,2,2.3333333333333335,1.4485981308411215,1.03125,0.5862081267488689,112.3076923076923,143.8547227865242
2023-04-26,West Ham United,Liverpool,1,2,A,7,20,2,4,6,8,3,6,0,0.0,0,0.0,2023,H,,,0,0.0,0.0,0.0,0,0,1.3333333333333333,1.4351851851851851,1.9814814814814816,0.10360313468971324,112.3076923076923,143.9583259212139
2023-04-29,West Ham United,Crystal Palace,3,4,H,16,8,6,4,9,17,8,5,2,,0,,2023,A,1.0,0.0,0,0.0,0.0,0.0,0,2,1.0,1.4220183486238531,1.2,0.17209951275087962,112.3076923076923,144.1304254339648
2023-05-03,West Ham United,Manchester City,0,3,H,16,6,7,2,8,8,6,3,1,,0,,2023,A,0.0,0.0,0,0.0,0.0,0.0,0,1,0.0,1.4090909090909092,2.36697247706422,0.05919773743158244,112.3076923076923,144.1896231713964
2023-05-07,West Ham United,Manchester United,1,0,H,15,19,4,4,4,9,5,6,0,2.0,0,0.0,2023,H,,,3,0.0,0.0,0.0,1,0,1.0,1.423423423423423,1.7727272727272727,0.5217652733478302,112.3076923076923,144.71138844474422
2023-05-14,West Ham United,Brentford,0,2,H,24,4,10,4,5,5,7,5,0,,0,,2023,A,1.0,0.0,0,0.0,0.0,0.0,0,0,1.0,1.4107142857142858,1.337837837837838,0.1688219069912501,112.3076923076923,144.88021035173546
2023-05-21,West Ham United,Leeds United,3,1,H,19,12,9,3,6,11,9,5,1,3.0,0,0.0,2023,H,,,3,0.0,0.0,0.0,0,1,2.0,1.424778761061947,1.1327433628318584,0.3642590323950021,112.3076923076923,145.24446938413047
2023-05-28,West Ham United,Leicester City,1,2,H,13,16,4,3,8,10,3,5,1,,0,,2023,A,1.0,0.0,0,0.0,0.0,0.0,0,1,1.0,1.412280701754386,1.3333333333333333,0.16393376119671976,112.3076923076923,145.40840314532718
2023-08-12,West Ham United,Bournemouth,1,1,D,14,16,5,3,9,14,10,4,4,,0,,2023,A,1.0,0.0,1,0.0,0.0,0.0,0,4,1.3333333333333333,1.4086956521739131,1.0256410256410255,0.23907771232587205,112.3076923076923,145.64748085765305
2023-08-20,West Ham United,Chelsea,3,1,H,12,17,6,4,12,9,3,9,2,3.0,1,0.0,2023,H,,,3,0.0,0.0,0.0,0,4,1.3333333333333333,1.4224137931034482,1.603448275862069,0.3005299742125641,112.3076923076923,145.94801083186562
2023-08-26,West Ham United,Brighton and Hove Albion,3,1,A,25,12,10,3,10,9,17,4,3,,0,,2023,A,1.0,0.0,3,0.0,0.0,0.0,0,3,2.3333333333333335,1.435897435897436,1.3675213675213675,0.3297804231593803,112.3076923076923,146.277791255025
2023-09-01,West Ham United,Luton Town,2,1,A,16,9,1,3,8,13,9,6,1,,0,,2023,A,1.0,0.0,3,0.0,0.0,0.0,0,1,3.0,1.4491525423728813,0.0,0.47903703445589096,112.3076923076923,146.7568282894809
2023-09-16,West Ham United,Manchester City,1,3,A,6,29,3,15,7,11,4,11,3,2.0,0,0.0,2023,H,,,0,0.0,0.0,0.0,0,3,2.0,1.4369747899159664,2.3781512605042017,0.04737586821272022,112.3076923076923,146.80420415769362
2023-09-24,West Ham United,Liverpool,1,3,H,22,11,7,4,12,13,7,4,2,,0,,2023,A,0.0,0.0,0,0.0,0.0,0.0,0,2,1.0,1.425,2.033333333333333,0.0876599669638976,112.3076923076923,146.8918641246575
2023-09-30,West Ham United,Sheffield United,2,0,H,20,16,9,2,6,9,7,4,1,1.0,0,0.0,2023,H,,,3,0.0,0.0,0.0,1,1,1.0,1.43801652892562,0.5333333333333333,0.642005331128348,112.3076923076923,147.53386945578586
2023-10-08,West Ham United,Newcastle United,2,2,D,5,10,3,3,11,18,4,2,3,3.0,0,0.0,2023,H,,,1,0.0,0.0,0.0,0,3,1.3333333333333333,1.4344262295081966,1.459016393442623,0.20050946504270953,112.3076923076923,147.73437892082856
2023-10-22,West Ham United,Aston Villa,1,4,H,15,14,7,4,9,15,8,7,1,,0,,2023,A,0.0,0.0,0,0.0,0.0,0.0,0,1,1.3333333333333333,1.4227642276422765,1.4634146341463414,0.15075295404948355,112.3076923076923,147.88513187487806
2023-10-29,West Ham United,Everton,0,1,A,12,10,2,4,7,11,4,3,4,1.0,0,0.0,2023,H,,,0,0.0,0.0,0.0,0,4,0.3333333333333333,1.4112903225806452,1.1612903225806452,0.16533271430198612,112.3076923076923,148.05046458918002
2023-11-04,West Ham United,Brentford,2,3,H,16,12,4,2,12,14,4,3,4,,0,,2023,A,1.0,0.0,0,0.0,0.0,0.0,0,4,0.0,1.4,1.3908045977011494,0.14207661693062157,112.3076923076923,148.19254120611066
2023-11-12,West Ham United,Nottingham Forest,3,2,H,16,10,6,5,9,12,9,4,2,2.0,0,0.0,2023,H,,,3,0.0,0.0,0.0,0,2,1.0,1.4126984126984128,1.02,0.3703384546408677,112.3076923076923,148.56287966075152
2023-11-25,West Ham United,Burnley,2,1,A,11,11,5,3,11,7,4,5,3,,0,,2023,A,1.0,0.0,3,0.0,0.0,0.0,0,3,2.0,1.4251968503937007,0.8764044943820225,0.37954404599483127,112.3076923076923,148.94242370674635
2023-12-03,West Ham United,Crystal Palace,1,1,D,9,9,3,2,17,7,2,3,2,0.0,0,0.0,2023,H,,,1,0.0,0.0,0.0,0,2,2.3333333333333335,1.421875,1.1953125,0.23257448519593138,112.3076923076923,149.17499819194228
2023-12-07,West Ham United,Tottenham Hotspur,2,1,A,23,11,7,5,11,12,8,4,3,,0,,2023,A,3.0,0.0,3,0.0,0.0,0.0,0,3,2.3333333333333335,1.434108527131783,1.7054263565891472,0.29554137060413416,112.3076923076923,149.47053956254643
2023-12-10,West Ham United,Fulham,0,5,H,14,9,8,5,5,10,3,6,1,,0,,2023,A,2.0,0.0,0,0.0,0.0,0.0,0,1,1.3333333333333333,1.4230769230769231,1.0978260869565215,0.18779711109304079,112.3076923076923,149.65833667363947
2023-12-17,West Ham United,Wolverhampton Wanderers,3,0,H,13,14,4,3,12,15,6,6,3,1.0,0,0.0,2023,H,,,3,0.0,0.0,0.0,1,3,2.0,1.4351145038167938,1.1908396946564883,0.5646927333822191,112.3076923076923,150.22302940702167
2023-12-23,West Ham United,Manchester United,2,0,H,12,11,5,3,13,15,4,4,2,3.0,0,0.0,2023,H,,,3,0.0,0.0,0.0,1,2,2.0,1.446969696969697,1.7803030303030305,0.5103084895698885,112.3076923076923,150.73333789659156
2023-12-28,West Ham United,Arsenal,2,0,A,30,6,8,3,8,8,10,3,0,,0,,2023,A,2.0,0.0,3,0.0,0.0,0.0,1,0,3.0,1.4586466165413534,1.9097744360902256,0.5078786330769157,112.3076923076923,151.2412165296685
2024-01-02,West Ham United,Brighton and Hove Albion,0,0,D,6,22,2,8,4,6,2,0,1,0.0,0,0.0,2024,H,,,1,0.0,0.0,0.0,1,1,2.3333333333333335,1.455223880597015,1.3805970149253732,0.43615425860582235,112.3076923076923,151.67737078827432
2024-01-21,West Ham United,Sheffield United,2,2,D,21,16,6,5,11,10,4,1,1,,1,,2024,A,3.0,1.0,1,0.0,0.0,0.0,0,3,1.6666666666666667,1.451851851851852,0.559322033898305,0.2916732047231478,112.3076923076923,151.96904399299746
2024-02-01,West Ham United,Bournemouth,1,1,D,9,9,3,4,13,11,1,5,1,3.0,0,0.0,2024,H,,,1,0.0,0.0,0.0,0,1,1.0,1.4485294117647058,1.1016949152542372,0.24740509256801646,112.3076923076923,152.21644908556547
2024-02-04,West Ham United,Manchester United,0,3,H,12,22,5,3,10,5,5,8,1,,0,,2024,A,0.0,0.0,0,0.0,0.0,0.0,0,1,0.6666666666666666,1.437956204379562,1.7883211678832116,0.11783100189112666,112.3076923076923,152.3342800874566
2024-02-11,West Ham United,Arsenal,0,6,A,5,25,1,12,17,11,2,6,4,0.0,0,0.0,2024,H,,,0,0.0,0.0,0.0,0,4,0.3333333333333333,1.427536231884058,1.927536231884058,0.0876909664507303,112.3076923076923,152.42197105390733
2024-02-17,West Ham United,Nottingham Forest,0,2,H,19,10,8,3,13,15,5,3,4,,1,,2024,A,4.0,0.0,0,0.0,0.0,0.0,0,6,0.0,1.4172661870503598,0.984126984126984,0.17259507295343057,112.3076923076923,152.59456612686077
2024-02-26,West Ham United,Brentford,4,2,H,17,14,6,8,5,9,1,7,1,2.0,0,0.0,2024,H,,,3,0.0,0.0,0.0,0,1,1.0,1.4285714285714286,1.2745098039215683,0.34989419972285973,112.3076923076923,152.94446032658362
2024-03-02,West Ham United,Everton,3,1,A,22,12,11,5,9,6,4,5,2,,0,,2024,A,1.0,0.0,3,0.0,0.0,0.0,0,2,2.0,1.4397163120567376,1.1702127659574468,0.35511777736624406,112.3076923076923,153.29957810394987
2024-03-10,West Ham United,Burnley,2,2,D,22,11,4,4,11,18,4,4,2,4.0,0,0.0,2024,H,,,1,0.0,0.0,0.0,0,2,2.3333333333333335,1.4366197183098592,0.8461538461538461,0.26795384296196734,112.3076923076923,153.56753194691183
2024-03-17,West Ham United,Aston Villa,1,1,D,13,13,5,5,13,12,7,11,3,3.0,0,0.0,2024,H,,,1,0.0,0.0,0.0,0,3,1.6666666666666667,1.4335664335664335,1.5174825174825175,0.19458524149328468,112.3076923076923,153.7621171884051
2024-03-30,West Ham United,Newcastle United,3,4,H,24,10,9,4,9,8,3,4,1,,0,,2024,A,1.0,1.0,0,0.0,0.0,0.0,0,1,0.6666666666666666,1.4236111111111112,1.4545454545454546,0.15165164544588602,112.3076923076923,153.913768833851
2024-04-02,West Ham United,Tottenham Hotspur,1,1,D,11,13,4,4,13,9,9,5,1,4.0,0,0.0,2024,H,,,1,0.0,0.0,0.0,0,1,0.6666666666666666,1.4206896551724135,1.7361111111111112,0.18312131406634513,112.3076923076923,154.09689014791735
2024-04-06,West Ham United,Wolverhampton Wanderers,2,1,A,14,11,7,4,15,7,4,4,2,,0,,2024,A,5.0,0.0,3,0.0,0.0,0.0,0,2,1.3333333333333333,1.4315068493150684,1.2344827586206897,0.3486054625803838,112.3076923076923,154.44549561049774
2024-04-14,West Ham United,Fulham,0,2,A,15,18,4,10,6,13,8,3,1,2.0,0,0.0,2024,H,,,0,0.0,0.0,0.0,0,1,1.3333333333333333,1.4217687074829932,1.1192660550458715,0.18562465369245826,112.3076923076923,154.6311202641902
2024-04-21,West Ham United,Crystal Palace,2,5,H,18,4,7,1,9,9,4,0,2,,0,,2024,A,3.0,0.0,0,0.0,0.0,0.0,0,2,1.0,1.412162162162162,1.1768707482993197,0.17444314096047747,112.3076923076923,154.80556340515068
2024-04-27,West Ham United,Liverpool,2,2,D,11,28,8,8,8,10,5,8,0,2.0,0,0.0,2024,H,,,1,0.0,0.0,0.0,0,0,0.3333333333333333,1.4093959731543624,2.033557046979866,0.1583264501729727,112.3076923076923,154.96388985532366
2024-05-05,West Ham United,Chelsea,0,5,H,25,13,14,2,12,10,8,6,3,,0,,2024,A,1.0,0.0,0,0.0,0.0,0.0,0,3,0.3333333333333333,1.4,1.604026845637584,0.1258159249814607,112.3076923076923,155.0897057803051
2024-05-11,West Ham United,Luton Town,3,1,H,24,4,8,1,9,15,7,6,1,3.0,0,0.0,2024,H,,,3,0.0,0.0,0.0,0,1,1.3333333333333333,1.4105960264900663,0.7027027027027027,0.4078339580084899,112.3076923076923,155.4975397383136
2024-05-19,West Ham United,Manchester City,1,3,H,28,3,12,2,3,12,11,2,1,,0,,2024,A,0.0,0.0,0,0.0,0.0,0.0,0,1,1.0,1.4013157894736843,2.361842105263158,0.05971758494910248,112.3076923076923,155.5572573232627
2024-08-17,West Ham United,Aston Villa,1,2,A,14,15,3,3,18,11,5,3,1,2.0,0,0.0,2024,H,,,0,0.0,0.0,0.0,0,1,1.0,1.392156862745098,1.5163398692810457,0.14539017467095117,112.3076923076923,155.70264749793364
2024-08-24,West Ham United,Crystal Palace,2,0,A,14,18,2,3,9,17,3,3,1,,0,,2024,A,1.0,0.0,3,0.0,0.0,0.0,1,1,1.0,1.4025974025974026,1.207792207792208,0.5736641299147802,112.3076923076923,156.27631162784843
2024-08-31,West Ham United,Manchester City,1,3,A,10,23,2,8,10,3,3,11,3,2.0,0,0.0,2024,H,,,0,0.0,0.0,0.0,0,3,1.0,1.3935483870967742,2.3741935483870966,0.047776893108949,112.3076923076923,156.3240885209574
2024-09-14,West Ham United,Fulham,1,1,D,21,11,5,3,15,18,3,2,3,,0,,2024,A,2.0,0.0,1,0.0,0.0,0.0,0,3,1.3333333333333333,1.391025641025641,1.11864406779661,0.2349985265339192,112.3076923076923,156.5590870474913
2024-09-21,West Ham United,Chelsea,0,3,A,15,12,7,5,17,9,6,5,5,2.0,0,0.0,2024,H,,,0,0.0,0.0,0.0,0,5,0.3333333333333333,1.382165605095541,1.643312101910828,0.11114609840294062,112.3076923076923,156.67023314589423
2024-09-28,West Ham United,Brentford,1,1,D,8,19,3,3,2,11,7,7,3,,0,,2024,A,2.0,0.0,1,0.0,0.0,0.0,0,3,0.6666666666666666,1.379746835443038,1.2583333333333333,0.22084416877403357,112.3076923076923,156.89107731466828
2024-10-05,West Ham United,Ipswich Town,4,1,H,23,9,13,2,12,6,5,5,0,1.0,0,0.0,2024,H,,,3,0.0,0.0,0.0,0,0,1.3333333333333333,1.389937106918239,0.5714285714285714,0.4264802074022892,112.3076923076923,157.31755752207056
2024-10-19,West Ham United,Tottenham Hotspur,1,4,H,22,11,7,4,10,15,13,5,3,,1,,2024,A,1.0,0.0,0,0.0,0.0,0.0,0,5,1.3333333333333333,1.38125,1.7,0.10540205796341853,112.3076923076923,157.422959580034
2024-10-27,West Ham United,Manchester United,2,1,H,12,18,3,5,6,7,6,5,5,1.0,0,0.0,2024,H,,,3,0.0,0.0,0.0,0,5,2.0,1.391304347826087,1.7267080745341614,0.28269579674440715,112.3076923076923,157.7056553767784
2024-11-02,West Ham United,Nottingham Forest,0,3,H,19,4,6,2,7,9,11,6,2,,1,,2024,A,1.0,0.0,0,0.0,0.0,0.0,0,4,1.0,1.382716049382716,1.0813953488372092,0.17342826865425642,112.3076923076923,157.87908364543264
2024-11-09,West Ham United,Everton,0,0,D,11,18,6,4,10,9,7,6,1,2.0,0,0.0,2024,H,,,1,0.0,0.0,0.0,1,1,1.3333333333333333,1.3803680981595092,1.177914110429448,0.45669160147912896,112.3076923076923,158.33577524691177
2024-11-25,West Ham United,Newcastle United,2,0,A,18,15,2,6,11,8,8,3,0,,0,,2024,A,1.0,0.0,3,0.0,0.0,0.0,1,0,1.3333333333333333,1.3902439024390243,1.4817073170731707,0.5512535847922861,112.3076923076923,158.88702883170407
2024-11-30,West Ham United,Arsenal,2,5,A,12,16,5,7,10,13,2,10,4,1.0,0,0.0,2024,H,,,0,0.0,0.0,0.0,0,4,1.3333333333333333,1.3818181818181818,1.987878787878788,0.08157660882694565,112.3076923076923,158.968605440531
2024-12-03,West Ham United,Leicester City,1,3,H,8,31,6,10,9,7,3,9,2,,0,,2024,A,2.0,0.0,0,0.0,0.0,0.0,0,2,1.0,1.3734939759036144,1.2890625,0.1630750362948959,112.3076923076923,159.1316804768259
2024-12-09,West Ham United,Wolverhampton Wanderers,2,1,H,19,19,4,5,12,17,11,0,5,4.0,0,0.0,2024,H,,,3,0.0,0.0,0.0,0,5,1.0,1.3832335329341316,1.1497005988023952,0.3411624957441872,112.3076923076923,159.47284297257008
2024-12-16,West Ham United,Bournemouth,1,1,D,29,16,9,3,6,11,12,6,2,,0,,2024,A,0.0,0.0,1,0.0,0.0,0.0,0,2,1.3333333333333333,1.380952380952381,1.2173913043478262,0.23033729614315127,112.3076923076923,159.70318026871323
2024-12-21,West Ham United,Brighton and Hove Albion,1,1,D,11,12,4,6,14,20,8,4,2,2.0,0,0.0,2024,H,,,1,0.0,0.0,0.0,0,2,1.6666666666666667,1.378698224852071,1.343195266272189,0.21758990085943608,112.3076923076923,159.92077016957268
2024-12-26,West Ham United,Southampton,1,0,A,18,16,5,2,15,8,2,2,2,,0,,2024,A,1.0,0.0,3,0.0,0.0,0.0,1,2,1.6666666666666667,1.388235294117647,0.8636363636363636,0.6031919899355687,112.3076923076923,160.52396215950824
2024-12-29,West Ham United,Liverpool,0,5,A,7,22,0,13,7,10,3,6,0,0.0,0,0.0,2024,H,,,0,0.0,0.0,0.0,0,0,1.3333333333333333,1.3801169590643274,2.088235294117647,0.09278604254968156,112.3076923076923,160.61674820205792
2025-01-04,West Ham United,Manchester City,1,4,H,10,17,7,4,8,13,7,1,1,,0,,2025,A,2.0,0.0,0,0.0,0.0,0.0,0,1,1.0,1.372093023255814,2.2848837209302326,0.06751558217018913,112.3076923076923,160.6842637842281
2025-01-14,West Ham United,Fulham,3,2,H,4,21,3,5,9,18,0,3,3,3.0,0,0.0,2025,H,,,3,0.0,0.0,0.0,0,3,1.0,1.3815028901734103,1.162962962962963,0.35050780568076595,112.3076923076923,161.03477158990887
2025-01-18,West Ham United,Crystal Palace,0,2,A,7,12,0,7,13,10,2,4,1,0.0,1,0.0,2025,H,,,0,0.0,0.0,0.0,0,3,1.0,1.3735632183908046,1.2241379310344829,0.16430910185977524,112.3076923076923,161.19908069176864
2025-01-26,West Ham United,Aston Villa,1,1,D,14,14,4,4,13,16,4,3,3,,0,,2025,A,2.0,0.0,1,0.0,0.0,0.0,0,3,1.3333333333333333,1.3714285714285714,1.52,0.19433015139692122,112.3076923076923,161.39341084316555
2025-02-03,West Ham United,Chelsea,1,2,H,22,14,3,5,11,10,4,3,1,,0,,2025,A,3.0,0.0,0,0.0,0.0,0.0,0,1,0.3333333333333333,1.3636363636363635,1.6534090909090908,0.1315012992921744,112.3076923076923,161.52491214245774
2025-02-15,West Ham United,Brentford,0,1,A,13,14,3,5,10,13,9,2,1,1.0,0,0.0,2025,H,,,0,0.0,0.0,0.0,0,1,0.3333333333333333,1.3559322033898304,1.2805755395683454,0.16927957416740638,112.3076923076923,161.69419171662514
2025-02-22,West Ham United,Arsenal,1,0,A,20,5,2,2,16,15,2,0,3,,0,,2025,A,1.0,1.0,3,0.0,0.0,0.0,1,3,1.0,1.3651685393258426,2.0,0.482702578999745,112.3076923076923,162.1768942956249
2025-02-27,West Ham United,Leicester City,2,0,H,8,10,2,2,12,6,3,3,0,0.0,0,0.0,2025,H,,,3,0.0,0.0,0.0,1,0,2.0,1.3743016759776536,1.198581560283688,0.5799419971569655,112.3076923076923,162.75683629278186
2025-03-10,West Ham United,Newcastle United,0,1,A,9,9,2,3,7,15,3,4,0,1.0,0,0.0,2025,H,,,0,0.0,0.0,0.0,0,0,2.0,1.3666666666666667,1.511111111111111,0.15126456720058756,112.3076923076923,162.90810085998245
2025-03-15,West Ham United,Everton,1,1,D,13,10,5,5,12,8,6,5,2,,0,,2025,A,1.0,0.0,1,0.0,0.0,0.0,0,2,1.3333333333333333,1.3646408839779005,1.1933701657458564,0.23277129698255503,112.3076923076923,163.140872156965
2025-04-01,West Ham United,Wolverhampton Wanderers,0,1,H,9,10,2,1,16,12,1,2,2,,0,,2025,A,4.0,0.0,0,0.0,0.0,0.0,0,2,0.3333333333333333,1.3571428571428572,1.164835164835165,0.17566267600167093,112.3076923076923,163.31653483296668
2025-04-05,West Ham United,Bournemouth,2,2,D,9,11,3,4,13,13,4,7,2,2.0,0,0.0,2025,H,,,1,0.0,0.0,0.0,0,2,0.6666666666666666,1.355191256830601,1.233644859813084,0.2286903647340594,112.3076923076923,163.54522519770074
2025-04-13,West Ham United,Liverpool,1,2,H,15,11,6,4,15,8,10,3,2,,0,,2025,A,0.0,0.0,0,0.0,0.0,0.0,0,2,0.3333333333333333,1.3478260869565215,2.097826086956522,0.08112508037690505,112.3076923076923,163.62635027807764
2025-04-19,West Ham United,Southampton,1,1,D,12,15,4,4,14,13,2,5,2,1.0,0,0.0,2025,H,,,1,0.0,0.0,0.0,0,2,0.6666666666666666,1.345945945945946,0.8095238095238095,0.2716654713482083,112.3076923076923,163.89801574942584
2025-04-26,West Ham United,Brighton and Hove Albion,2,3,H,16,12,9,4,7,9,8,1,1,,0,,2025,A,1.0,0.0,0,0.0,0.0,0.0,0,1,0.3333333333333333,1.3387096774193548,1.3602150537634408,0.16120990488101067,112.3076923076923,164.05922565430686
2025-05-04,West Ham United,Tottenham Hotspur,1,1,D,11,7,2,2,18,15,1,3,2,2.0,0,0.0,2025,H,,,1,0.0,0.0,0.0,0,2,0.6666666666666666,1.3368983957219251,1.588235294117647,0.1927606184783562,112.3076923076923,164.25198627278522
2025-05-11,West Ham United,Manchester United,2,0,A,20,9,5,4,3,13,8,5,1,,0,,2025,A,0.0,0.0,3,0.0,0.0,0.0,1,1,1.3333333333333333,1.3457446808510638,1.627659574468085,0.5311200382353154,112.3076923076923,164.78310631102053
2025-05-18,West Ham United,Nottingham Forest,1,2,A,16,10,5,5,14,7,8,7,6,3.0,0,0.0,2025,H,,,0,0.0,0.0,0.0,0,6,1.3333333333333333,1.3386243386243386,1.2300884955752212,0.1476724189841081,112.3076923076923,164.93077873000465
2025-05-25,West Ham United,Ipswich Town,3,1,A,14,10,4,6,10,9,4,0,1,,0,,2025,A,1.0,0.0,3,0.0,0.0,0.0,0,1,2.0,1.3473684210526315,0.5789473684210527,0.4203737710670403,112.3076923076923,165.35115250107168
2025-08-16,West Ham United,Sunderland,0,3,H,10,12,5,4,8,10,5,7,1,,0,,2025,A,0.0,0.0,0,0.0,0.0,0.0,0,1,1.0,1.3403141361256543,3.0,-0.004945330377244261,112.3076923076923,165.34620717069444
2025-08-22,West Ham United,Chelsea,1,5,A,12,12,4,7,7,10,7,5,0,1.0,0,0.0,2025,H,,,0,0.0,0.0,0.0,0,0,1.0,1.3333333333333333,1.671875,0.1349747714925156,112.3076923076923,165.48118194218694
2025-08-31,West Ham United,Nottingham Forest,3,0,A,11,12,3,8,14,6,9,7,0,,0,,2025,A,0.0,0.0,3,0.0,0.0,0.0,1,0,1.0,1.3419689119170986,1.2222222222222223,0.5775465490495335,112.3076923076923,166.05872849123648
2025-09-13,West Ham United,Tottenham Hotspur,0,3,A,7,14,4,5,8,7,2,13,0,1.0,1,0.0,2025,H,,,0,0.0,0.0,0.0,0,2,1.0,1.3350515463917525,1.577319587628866,0.13386667923578424,112.3076923076923,166.19259517047226
2025-09-20,West Ham United,Crystal Palace,1,2,A,8,18,3,3,15,5,8,8,3,3.0,0,0.0,2025,H,,,0,0.0,0.0,0.0,0,3,1.0,1.328205128205128,1.2717948717948715,0.15948014534209004,112.3076923076923,166.35207531581437
2025-09-29,West Ham United,Everton,1,1,D,12,14,6,3,7,16,3,5,4,,0,,2025,A,3.0,0.0,1,0.0,0.0,0.0,0,4,0.3333333333333333,1.326530612244898,1.2142857142857142,0.21996282613673107,112.3076923076923,166.57203814195108
2025-10-04,West Ham United,Arsenal,0,2,H,21,4,5,0,14,14,8,3,2,,0,,2025,A,0.0,0.0,0,0.0,0.0,0.0,0,2,0.3333333333333333,1.3197969543147208,1.9949238578680204,0.0915519013585463,112.3076923076923,166.66359004330963
2025-10-20,West Ham United,Brentford,0,2,A,7,22,1,7,10,10,6,10,1,1.0,0,0.0,2025,H,,,0,0.0,0.0,0.0,0,1,0.3333333333333333,1.3131313131313131,1.3125,0.1660447498413943,112.3076923076923,166.82963479315103
2025-10-24,West Ham United,Leeds United,1,2,H,13,9,5,3,12,11,3,4,3,,0,,2025,A,3.0,0.0,0,0.0,0.0,0.0,0,3,0.0,1.306532663316583,1.1300813008130082,0.17383962082076176,112.3076923076923,167.0034744139718
2025-11-02,West Ham United,Newcastle United,3,1,H,15,12,9,4,5,10,7,6,1,2.0,0,0.0,2025,H,,,3,0.0,0.0,0.0,0,1,1.0,1.315,1.515,0.3255259402151577,112.3076923076923,167.32900035418695
2025-11-08,West Ham United,Burnley,3,2,H,15,16,6,7,15,13,7,4,2,2.0,0,0.0,2025,H,,,3,0.0,0.0,0.0,0,2,2.0,1.3233830845771144,0.864,0.3861455376121907,112.3076923076923,167.71514589179912
2020-09-14,Wolverhampton Wanderers,Sheffield United,2,0,A,9,11,2,4,13,7,12,5,1,,0,,2020,A,2.0,0.0,3,0.0,0.0,0.0,1,1,3.0,3.0,0.0,0.6960466404320165,144.6153846153846,145.31143125581664
2020-09-21,Wolverhampton Wanderers,Manchester City,1,3,A,10,14,1,9,6,8,4,6,0,3.0,0,0.0,2020,H,,,0,0.0,0.0,0.0,0,0,1.5,1.5,3.0,0.0003992453945130259,144.6153846153846,145.31183050121115
2020-09-27,Wolverhampton Wanderers,West Ham United,0,4,H,15,11,7,2,7,11,1,3,1,,0,,2020,A,0.0,0.0,0,0.0,0.0,0.0,0,1,1.0,1.0,1.0,0.19770957951151258,144.6153846153846,145.50954008072264
2020-10-04,Wolverhampton Wanderers,Fulham,1,0,H,14,10,5,2,15,8,6,2,1,1.0,0,0.0,2020,H,,,3,0.0,0.0,0.0,1,1,1.0,1.5,0.0,0.6960466404320165,144.6153846153846,146.20558672115467
2020-10-19,Wolverhampton Wanderers,Leeds United,1,0,A,13,7,2,3,13,12,8,3,1,,0,,2020,A,2.0,0.0,3,0.0,0.0,0.0,1,1,2.0,1.8,1.4,0.5541882035098866,144.6153846153846,146.75977492466455
2020-10-25,Wolverhampton Wanderers,Newcastle United,1,1,D,16,5,3,2,10,10,2,3,0,1.0,0,0.0,2020,H,,,1,0.0,0.0,0.0,0,0,2.3333333333333335,1.6666666666666667,1.3333333333333333,0.22927833696847705,144.6153846153846,146.98905326163305
2020-10-30,Wolverhampton Wanderers,Crystal Palace,2,0,H,15,11,5,2,13,4,7,6,0,2.0,0,1.0,2020,H,,,3,0.0,0.0,0.0,1,0,2.3333333333333335,1.8571428571428572,1.4285714285714286,0.556637709140376,144.6153846153846,147.54569097077342
2020-11-08,Wolverhampton Wanderers,Leicester City,0,1,H,10,7,3,2,12,8,6,3,3,,0,,2020,A,2.0,0.0,0,0.0,0.0,0.0,0,3,1.3333333333333333,1.625,2.25,0.06036110928752497,144.6153846153846,147.60605208006095
2020-11-23,Wolverhampton Wanderers,Southampton,1,1,D,20,7,9,2,14,13,7,4,2,0.0,0,0.0,2020,H,,,1,0.0,0.0,0.0,0,2,1.3333333333333333,1.5555555555555556,1.8888888888888888,0.1622961549003078,144.6153846153846,147.76834823496125
2020-11-29,Wolverhampton Wanderers,Arsenal,2,1,A,13,11,2,5,13,13,8,4,4,,0,,2020,A,3.0,0.0,3,0.0,0.0,0.0,0,4,1.3333333333333333,1.7,1.3,0.33127761571292713,144.6153846153846,148.09962585067416
2020-12-06,Wolverhampton Wanderers,Liverpool,0,4,H,11,9,6,3,8,14,4,6,1,,0,,2020,A,1.0,0.0,0,0.0,0.0,0.0,0,1,1.3333333333333333,1.5454545454545454,2.1818181818181817,0.07795895094088356,144.6153846153846,148.17758480161507
2020-12-12,Wolverhampton Wanderers,Aston Villa,0,1,A,16,13,7,2,23,15,5,8,2,5.0,0,0.0,2020,H,,,0,0.0,0.0,0.0,0,2,1.0,1.4166666666666667,1.8,0.11130303978425254,144.6153846153846,148.28888784139932
2020-12-15,Wolverhampton Wanderers,Chelsea,2,1,H,12,13,4,3,12,12,5,6,2,2.0,0,0.0,2020,H,,,3,0.0,0.0,0.0,0,2,1.0,1.5384615384615383,1.6923076923076923,0.302215227239801,144.6153846153846,148.59110306863911
2020-12-21,Wolverhampton Wanderers,Burnley,1,2,H,10,15,4,3,11,15,1,7,1,,0,,2020,A,2.0,0.0,0,0.0,0.0,0.0,0,1,1.0,1.4285714285714286,1.0,0.19770957951151258,144.6153846153846,148.7888126481506
2020-12-27,Wolverhampton Wanderers,Tottenham Hotspur,1,1,D,11,6,6,3,20,13,9,2,4,1.0,0,0.0,2020,H,,,1,0.0,0.0,0.0,0,4,1.3333333333333333,1.4,1.7333333333333334,0.16736905190369653,144.6153846153846,148.95618170005432
2020-12-29,Wolverhampton Wanderers,Manchester United,0,1,H,11,9,3,5,11,7,2,2,1,,0,,2020,A,1.0,0.0,0,0.0,0.0,0.0,0,1,0.3333333333333333,1.3125,2.0,0.09638212456713416,144.6153846153846,149.05256382462144
2021-01-02,Wolverhampton Wanderers,Brighton and Hove Albion,3,3,D,13,11,4,4,13,8,5,8,1,,0,,2021,A,2.0,0.0,1,0.0,0.0,0.0,0,1,0.6666666666666666,1.2941176470588236,0.8235294117647058,0.2755908950899323,144.6153846153846,149.3281547197114
2021-01-12,Wolverhampton Wanderers,Everton,1,2,A,12,5,3,3,6,11,6,5,2,2.0,0,0.0,2021,H,,,0,0.0,0.0,0.0,0,2,0.3333333333333333,1.2222222222222223,1.8823529411764703,0.10295842584765671,144.6153846153846,149.43111314555904
2021-01-16,Wolverhampton Wanderers,West Brom,2,3,A,23,12,6,5,10,14,11,0,2,1.0,0,0.0,2021,H,,,0,0.0,0.0,0.0,0,2,0.3333333333333333,1.1578947368421053,0.6111111111111112,0.23177012510701356,144.6153846153846,149.66288327066604
2021-01-27,Wolverhampton Wanderers,Chelsea,0,0,D,14,4,5,0,14,7,13,1,1,,0,,2021,A,1.0,0.0,1,0.0,0.0,0.0,1,1,0.3333333333333333,1.15,1.5,0.4240554580154488,144.6153846153846,150.0869387286815
2021-01-30,Wolverhampton Wanderers,Crystal Palace,0,1,H,11,6,2,4,7,10,1,6,2,,0,,2021,A,1.0,0.0,0,0.0,0.0,0.0,0,2,0.3333333333333333,1.0952380952380951,1.238095238095238,0.168239419229189,144.6153846153846,150.2551781479107
2021-02-02,Wolverhampton Wanderers,Arsenal,2,1,H,11,9,7,3,11,8,9,6,3,2.0,0,2.0,2021,H,,,3,0.0,0.0,0.0,0,3,1.3333333333333333,1.181818181818182,1.4090909090909092,0.32556828730893406,144.6153846153846,150.58074643521962
2021-02-07,Wolverhampton Wanderers,Leicester City,0,0,D,13,13,1,3,11,15,8,2,1,3.0,0,0.0,2021,H,,,1,0.0,0.0,0.0,1,1,1.3333333333333333,1.173913043478261,1.8695652173913044,0.386608355101222,144.6153846153846,150.96735479032085
2021-02-14,Wolverhampton Wanderers,Southampton,2,1,A,7,10,3,4,10,9,4,6,2,,0,,2021,A,2.0,0.0,3,0.0,0.0,0.0,0,2,2.3333333333333335,1.25,1.2608695652173914,0.34593175462383047,144.6153846153846,151.31328654494467
2021-02-19,Wolverhampton Wanderers,Leeds United,1,0,H,15,18,5,7,13,8,7,9,1,0.0,0,0.0,2021,H,,,3,0.0,0.0,0.0,1,1,2.3333333333333335,1.32,1.3333333333333333,0.5609433671728452,144.6153846153846,151.87422991211753
2021-02-27,Wolverhampton Wanderers,Newcastle United,1,1,D,19,14,7,4,11,13,3,5,0,,0,,2021,A,2.0,0.0,1,0.0,0.0,0.0,0,0,2.3333333333333335,1.3076923076923077,1.0,0.26305415528326986,144.6153846153846,152.1372840674008
2021-03-02,Wolverhampton Wanderers,Manchester City,1,4,H,22,6,10,1,9,5,10,2,1,,0,,2021,A,0.0,0.0,0,0.0,0.0,0.0,0,1,1.3333333333333333,1.2592592592592593,2.407407407407407,0.05510056884905412,144.6153846153846,152.19238463624984
2021-03-06,Wolverhampton Wanderers,Aston Villa,0,0,D,9,10,1,2,13,13,5,3,0,,0,,2021,A,1.0,0.0,1,0.0,0.0,0.0,1,0,0.6666666666666666,1.25,1.5384615384615383,0.42550282398165307,144.6153846153846,152.6178874602315
2021-03-15,Wolverhampton Wanderers,Liverpool,0,1,A,10,12,5,4,17,10,3,2,2,1.0,0,0.0,2021,H,,,0,0.0,0.0,0.0,0,2,0.3333333333333333,1.206896551724138,1.5862068965517242,0.13296615084132654,144.6153846153846,152.75085361107284
2021-04-05,Wolverhampton Wanderers,West Ham United,2,3,A,20,9,5,6,9,9,4,2,1,4.0,0,0.0,2021,H,,,0,0.0,0.0,0.0,0,1,0.3333333333333333,1.1666666666666667,1.7333333333333334,0.12340277921896839,144.6153846153846,152.8742563902918
2021-04-09,Wolverhampton Wanderers,Fulham,1,0,A,14,7,3,3,11,8,3,4,0,,0,,2021,A,0.0,0.0,3,0.0,0.0,0.0,1,0,1.0,1.2258064516129032,0.8125,0.6190626590614663,144.6153846153846,153.49331904935326
2021-04-17,Wolverhampton Wanderers,Sheffield United,1,0,H,10,8,5,2,8,15,3,3,1,2.0,0,0.0,2021,H,,,3,0.0,0.0,0.0,1,1,2.0,1.28125,0.4375,0.6517158788938509,144.6153846153846,154.14503492824713
2021-04-25,Wolverhampton Wanderers,Burnley,0,4,A,12,14,2,7,8,9,8,5,1,2.0,0,0.0,2021,H,,,0,0.0,0.0,0.0,0,1,2.0,1.2424242424242424,1.0909090909090908,0.18849799269838727,144.6153846153846,154.33353292094552
2021-05-03,Wolverhampton Wanderers,West Brom,1,1,D,10,20,4,10,17,11,5,6,0,,0,,2021,A,2.0,0.0,1,0.0,0.0,0.0,0,0,1.3333333333333333,1.2352941176470589,0.7647058823529411,0.2868959093878295,144.6153846153846,154.62042883033334
2021-05-09,Wolverhampton Wanderers,Brighton and Hove Albion,2,1,H,16,5,6,3,12,7,10,5,2,2.0,0,2.0,2021,H,,,3,0.0,0.0,0.0,0,2,1.3333333333333333,1.2857142857142858,1.0571428571428572,0.36657486345721935,144.6153846153846,154.98700369379054
2021-05-16,Wolverhampton Wanderers,Tottenham Hotspur,0,2,H,24,15,13,3,8,11,10,3,0,,0,,2021,A,1.0,0.0,0,0.0,0.0,0.0,0,0,1.3333333333333333,1.25,1.6388888888888888,0.138317170179917,144.6153846153846,155.12532086397047
2021-05-19,Wolverhampton Wanderers,Everton,0,1,H,14,9,4,3,11,11,7,12,2,,0,,2021,A,0.0,0.0,0,0.0,0.0,0.0,0,2,1.0,1.2162162162162162,1.5945945945945943,0.13211624674580058,144.6153846153846,155.25743711071627
2021-05-23,Wolverhampton Wanderers,Manchester United,1,2,A,14,9,4,4,14,3,6,2,4,1.0,0,0.0,2021,H,,,0,0.0,0.0,0.0,0,4,0.0,1.1842105263157894,1.9473684210526316,0.08568142119630326,144.6153846153846,155.34311853191258
2021-08-14,Wolverhampton Wanderers,Leicester City,0,1,H,9,17,5,3,6,10,5,4,2,,0,,2021,A,1.0,0.0,0,0.0,0.0,0.0,0,2,0.0,1.1538461538461535,1.7692307692307692,0.11442080762869497,144.6153846153846,155.45753933954126
2021-08-22,Wolverhampton Wanderers,Tottenham Hotspur,0,1,A,25,8,6,6,9,7,5,4,1,4.0,0,0.0,2021,H,,,0,0.0,0.0,0.0,0,1,0.0,1.125,1.7,0.12678036105044768,144.6153846153846,155.58431970059172
2021-08-29,Wolverhampton Wanderers,Manchester United,0,1,A,15,10,6,3,7,9,5,7,3,4.0,0,0.0,2021,H,,,0,0.0,0.0,0.0,0,3,0.0,1.0975609756097562,1.975609756097561,0.08816437436372637,144.6153846153846,155.67248407495543
2021-09-11,Wolverhampton Wanderers,Watford,2,0,A,6,14,2,5,15,13,6,8,3,,0,,2021,A,3.0,0.0,3,0.0,0.0,0.0,1,3,1.0,1.1428571428571428,0.75,0.609361897680218,144.6153846153846,156.28184597263567
2021-09-18,Wolverhampton Wanderers,Brentford,0,2,A,11,9,0,3,10,7,4,2,4,2.0,0,1.0,2021,H,,,0,0.0,0.0,0.0,0,4,1.0,1.1162790697674418,1.6,0.12087937922961364,144.6153846153846,156.40272535186529
2021-09-26,Wolverhampton Wanderers,Southampton,1,0,A,18,5,6,3,12,8,5,5,0,,0,,2021,A,0.0,0.0,3,0.0,0.0,0.0,1,0,2.0,1.1590909090909092,1.068181818181818,0.5931550711495513,144.6153846153846,156.99588042301482
2021-10-02,Wolverhampton Wanderers,Newcastle United,2,1,H,7,8,3,2,15,5,0,4,0,2.0,0,0.0,2021,H,,,3,0.0,0.0,0.0,0,0,2.0,1.2,1.0666666666666669,0.3762989916203113,144.6153846153846,157.37217941463513
2021-10-16,Wolverhampton Wanderers,Aston Villa,3,2,A,14,9,5,4,8,17,6,7,3,,0,,2021,A,2.0,0.0,3,0.0,0.0,0.0,0,3,3.0,1.2391304347826086,1.4130434782608696,0.3251677835344504,144.6153846153846,157.69734719816958
2021-10-23,Wolverhampton Wanderers,Leeds United,1,1,D,18,8,4,4,15,14,6,3,3,,0,,2021,A,2.0,0.0,1,0.0,0.0,0.0,0,3,2.3333333333333335,1.2340425531914894,1.4042553191489362,0.20605826533090885,144.6153846153846,157.9034054635005
2021-11-01,Wolverhampton Wanderers,Everton,2,1,H,10,14,4,5,10,8,4,3,1,1.0,0,0.0,2021,H,,,3,0.0,0.0,0.0,0,1,2.3333333333333335,1.2708333333333333,1.5208333333333333,0.32493486339464883,144.6153846153846,158.22834032689514
2021-11-06,Wolverhampton Wanderers,Crystal Palace,0,2,H,13,4,6,2,14,13,4,6,1,,0,,2021,A,2.0,0.0,0,0.0,0.0,0.0,0,1,1.3333333333333333,1.2448979591836735,1.2040816326530612,0.17703050707388432,144.6153846153846,158.40537083396902
2021-11-20,Wolverhampton Wanderers,West Ham United,1,0,H,15,8,5,3,6,9,7,3,1,1.0,0,0.0,2021,H,,,3,0.0,0.0,0.0,1,1,2.0,1.28,1.76,0.5177103197299104,144.6153846153846,158.92308115369894
2021-11-27,Wolverhampton Wanderers,Norwich City,0,0,D,14,5,4,2,11,10,4,3,2,,0,,2021,A,2.0,0.0,1,0.0,0.0,0.0,1,2,1.3333333333333333,1.2745098039215683,0.6923076923076923,0.5005522881603048,144.6153846153846,159.42363344185924
2021-12-01,Wolverhampton Wanderers,Burnley,0,0,D,16,6,2,1,5,7,5,5,2,3.0,0,0.0,2021,H,,,1,0.0,0.0,0.0,1,2,1.6666666666666667,1.2692307692307692,0.9607843137254902,0.473348235399974,144.6153846153846,159.89698167725922
2021-12-04,Wolverhampton Wanderers,Liverpool,0,1,A,3,17,1,5,4,7,2,8,2,2.0,0,0.0,2021,H,,,0,0.0,0.0,0.0,0,2,0.6666666666666666,1.2452830188679245,1.9433962264150944,0.0967730651129832,144.6153846153846,159.9937547423722
2021-12-11,Wolverhampton Wanderers,Manchester City,0,1,H,24,2,10,1,12,5,14,1,2,,1,,2021,A,3.0,0.0,0,0.0,0.0,0.0,0,4,0.3333333333333333,1.2222222222222223,2.2962962962962963,0.05032544763871316,144.6153846153846,160.0440801900109
2021-12-15,Wolverhampton Wanderers,Brighton and Hove Albion,1,0,A,12,8,2,5,11,14,7,4,0,,0,,2021,A,2.0,0.0,3,0.0,0.0,0.0,1,0,1.0,1.2545454545454546,1.1296296296296295,0.5869287208036426,144.6153846153846,160.63100891081456
2021-12-19,Wolverhampton Wanderers,Chelsea,0,0,D,4,8,1,1,9,7,4,9,0,2.0,0,0.0,2021,H,,,1,0.0,0.0,0.0,1,0,1.3333333333333333,1.25,1.875,0.3914022381830642,144.6153846153846,161.0224111489976
2022-01-03,Wolverhampton Wanderers,Manchester United,1,0,A,9,19,2,6,9,8,3,8,1,,0,,2022,A,3.0,0.0,3,0.0,0.0,0.0,1,1,2.3333333333333335,1.280701754385965,1.8421052631578947,0.5093908023765825,144.6153846153846,161.5318019513742
2022-01-15,Wolverhampton Wanderers,Southampton,3,1,H,9,13,5,10,13,14,2,10,2,3.0,0,0.0,2022,H,,,3,0.0,0.0,0.0,0,2,2.3333333333333335,1.3103448275862069,1.1355932203389831,0.3586256878150938,144.6153846153846,161.89042763918928
2022-01-22,Wolverhampton Wanderers,Brentford,2,1,A,11,7,1,2,6,7,6,3,3,,0,,2022,A,2.0,0.0,3,0.0,0.0,0.0,0,3,3.0,1.3389830508474576,1.0,0.367020427967998,144.6153846153846,162.2574480671573
2022-02-10,Wolverhampton Wanderers,Arsenal,0,1,A,15,12,4,2,12,13,7,4,2,3.0,0,1.0,2022,H,,,0,0.0,0.0,0.0,0,2,2.0,1.3166666666666669,1.6666666666666667,0.12481336711016966,144.6153846153846,162.38226143426746
2022-02-13,Wolverhampton Wanderers,Tottenham Hotspur,2,0,A,17,11,7,7,13,13,7,3,1,,0,,2022,A,3.0,0.0,3,0.0,0.0,0.0,1,1,2.0,1.3442622950819672,1.6333333333333333,0.5305451306895317,144.6153846153846,162.912806564957
2022-02-20,Wolverhampton Wanderers,Leicester City,2,1,H,11,17,3,7,12,9,7,10,4,4.0,0,0.0,2022,H,,,3,0.0,0.0,0.0,0,4,2.0,1.3709677419354838,1.524590163934426,0.3085204659959111,144.6153846153846,163.22132703095292
2022-02-24,Wolverhampton Wanderers,Arsenal,1,2,H,26,6,5,2,8,9,5,4,1,,0,,2022,A,1.0,0.0,0,0.0,0.0,0.0,0,1,2.0,1.3492063492063493,1.7096774193548387,0.1257997727767924,144.6153846153846,163.3471268037297
2022-02-27,Wolverhampton Wanderers,West Ham United,0,1,H,13,14,4,1,8,2,3,5,0,,0,,2022,A,1.0,0.0,0,0.0,0.0,0.0,0,0,1.0,1.328125,1.6923076923076923,0.13290437878331557,144.6153846153846,163.48003118251302
2022-03-05,Wolverhampton Wanderers,Crystal Palace,0,2,A,12,12,5,8,13,8,7,7,0,3.0,0,0.0,2022,H,,,0,0.0,0.0,0.0,0,0,0.0,1.3076923076923077,1.1666666666666667,0.18616624612587346,144.6153846153846,163.6661974286389
2022-03-10,Wolverhampton Wanderers,Watford,4,0,H,10,9,5,0,11,10,5,2,2,2.0,0,0.0,2022,H,,,3,0.0,0.0,0.0,1,2,1.0,1.3333333333333333,0.6785714285714286,0.6219441488051451,144.6153846153846,164.28814157744404
2022-03-13,Wolverhampton Wanderers,Everton,1,0,A,8,14,2,3,13,11,5,2,1,,0,,2022,A,2.0,1.0,3,0.0,0.0,0.0,1,1,2.0,1.3582089552238803,1.265625,0.5678040802680375,144.6153846153846,164.85594565771208
2022-03-18,Wolverhampton Wanderers,Leeds United,2,3,A,14,15,8,6,13,14,2,5,1,4.0,1,0.0,2022,H,,,0,0.0,0.0,0.0,0,3,2.0,1.338235294117647,1.2941176470588236,0.15721823533729845,144.6153846153846,165.01316389304935
2022-04-02,Wolverhampton Wanderers,Aston Villa,2,1,H,11,15,5,5,15,8,4,9,4,3.0,0,0.0,2022,H,,,3,0.0,0.0,0.0,0,4,2.0,1.3623188405797102,1.338235294117647,0.32740333067093624,144.6153846153846,165.3405672237203
2022-04-08,Wolverhampton Wanderers,Newcastle United,0,1,H,12,5,4,2,6,13,1,2,1,,0,,2022,A,1.0,0.0,0,0.0,0.0,0.0,0,1,1.0,1.3428571428571427,1.144927536231884,0.18302444111377658,144.6153846153846,165.52359166483407
2022-04-24,Wolverhampton Wanderers,Burnley,0,1,H,14,10,5,4,8,7,3,6,1,,0,,2022,A,3.0,0.0,0,0.0,0.0,0.0,0,1,1.0,1.323943661971831,0.9859154929577464,0.19913672676425032,144.6153846153846,165.72272839159834
2022-04-30,Wolverhampton Wanderers,Brighton and Hove Albion,0,3,A,11,17,1,9,6,4,7,3,2,1.0,0,0.0,2022,H,,,0,0.0,0.0,0.0,0,2,0.0,1.3055555555555556,1.1643835616438356,0.17570843580369308,144.6153846153846,165.898436827402
2022-05-07,Wolverhampton Wanderers,Chelsea,2,2,D,19,14,6,4,7,11,9,3,3,,0,,2022,A,1.0,0.0,1,0.0,0.0,0.0,0,3,0.3333333333333333,1.3013698630136987,1.8356164383561644,0.1623495409596818,144.6153846153846,166.0607863683617
2022-05-11,Wolverhampton Wanderers,Manchester City,1,5,A,7,16,3,5,2,10,6,2,0,1.0,0,0.0,2022,H,,,0,0.0,0.0,0.0,0,0,0.3333333333333333,1.2837837837837838,2.364864864864865,0.06475587218351014,144.6153846153846,166.1255422405452
2022-05-15,Wolverhampton Wanderers,Norwich City,1,1,D,17,11,4,2,5,10,5,3,0,3.0,0,0.0,2022,H,,,1,0.0,0.0,0.0,0,0,0.6666666666666666,1.28,0.5945945945945946,0.30413285323369355,144.6153846153846,166.4296750937789
2022-05-22,Wolverhampton Wanderers,Liverpool,1,3,H,29,7,8,5,6,3,5,3,0,,0,,2022,A,1.0,0.0,0,0.0,0.0,0.0,0,0,0.3333333333333333,1.263157894736842,2.1184210526315788,0.0897273964638993,144.6153846153846,166.5194024902428
2022-08-06,Wolverhampton Wanderers,Leeds United,1,2,H,12,15,4,6,13,9,6,4,0,,0,,2022,A,2.0,0.0,0,0.0,0.0,0.0,0,0,0.3333333333333333,1.2467532467532467,1.2987012987012987,0.1727875128972867,144.6153846153846,166.6921900031401
2022-08-13,Wolverhampton Wanderers,Fulham,0,0,D,7,9,1,3,7,14,5,3,3,3.0,0,0.0,2022,H,,,1,0.0,0.0,0.0,1,3,0.3333333333333333,1.2435897435897436,0.75,0.48936189768021804,144.6153846153846,167.18155190082032
2022-08-20,Wolverhampton Wanderers,Tottenham Hotspur,0,1,H,11,20,4,3,10,8,8,6,2,,0,,2022,A,2.0,0.0,0,0.0,0.0,0.0,0,2,0.3333333333333333,1.2278481012658229,1.7721518987341771,0.11412481701055172,144.6153846153846,167.29567671783087
2022-08-28,Wolverhampton Wanderers,Newcastle United,1,1,D,10,21,4,6,10,11,4,13,2,1.0,0,0.0,2022,H,,,1,0.0,0.0,0.0,0,2,0.6666666666666666,1.225,1.25,0.22703314000366068,144.6153846153846,167.5227098578345
2022-08-31,Wolverhampton Wanderers,Bournemouth,0,0,D,5,17,2,4,12,12,2,5,1,,0,,2022,A,2.0,0.0,1,0.0,0.0,0.0,1,1,0.6666666666666666,1.2222222222222223,0.8,0.4949846764765137,144.6153846153846,168.01769453431103
2022-09-03,Wolverhampton Wanderers,Southampton,1,0,H,7,12,2,1,10,14,5,6,4,2.0,0,0.0,2022,H,,,3,0.0,0.0,0.0,1,4,1.6666666666666667,1.2439024390243902,1.0975609756097562,0.5687998528119389,144.6153846153846,168.58649438712297
2022-09-17,Wolverhampton Wanderers,Manchester City,0,3,A,6,16,1,7,7,9,5,7,2,1.0,1,0.0,2022,H,,,0,0.0,0.0,0.0,0,4,1.3333333333333333,1.2289156626506024,2.36144578313253,0.04372401594666531,144.6153846153846,168.63021840306965
2022-10-01,Wolverhampton Wanderers,West Ham United,0,2,H,18,15,5,4,8,6,1,6,2,,0,,2022,A,2.0,0.0,0,0.0,0.0,0.0,0,2,1.0,1.2142857142857142,1.5238095238095235,0.13928871781650948,144.6153846153846,168.76950712088615
2022-10-08,Wolverhampton Wanderers,Chelsea,0,3,H,20,8,7,2,8,8,4,2,0,,0,,2022,A,2.0,0.0,0,0.0,0.0,0.0,0,0,0.0,1.2,1.869047619047619,0.11499577181970291,144.6153846153846,168.88450289270585
2022-10-15,Wolverhampton Wanderers,Nottingham Forest,1,0,H,9,10,2,2,17,13,4,5,2,2.0,0,0.0,2022,H,,,3,0.0,0.0,0.0,1,2,1.0,1.2209302325581397,0.5,0.6400383371880699,144.6153846153846,169.52454122989394
2022-10-18,Wolverhampton Wanderers,Crystal Palace,1,2,H,14,10,4,4,14,18,4,3,1,,0,,2022,A,3.0,0.0,0,0.0,0.0,0.0,0,1,1.0,1.206896551724138,1.2209302325581397,0.17532328132612662,144.6153846153846,169.69986451122006
2022-10-23,Wolverhampton Wanderers,Leicester City,0,4,A,21,5,5,4,10,13,9,2,2,1.0,0,0.0,2022,H,,,0,0.0,0.0,0.0,0,2,1.0,1.193181818181818,1.4659090909090908,0.14515562132248808,144.6153846153846,169.84502013254254
2022-10-29,Wolverhampton Wanderers,Brentford,1,1,D,12,14,3,4,10,17,3,6,3,,1,,2022,A,3.0,0.0,1,0.0,0.0,0.0,0,5,0.3333333333333333,1.1910112359550562,1.196078431372549,0.21646314800401706,144.6153846153846,170.06148328054655
2022-11-05,Wolverhampton Wanderers,Brighton and Hove Albion,2,3,A,8,19,5,8,15,11,4,9,2,0.0,1,0.0,2022,H,,,0,0.0,0.0,0.0,0,4,0.3333333333333333,1.1777777777777778,1.2696629213483146,0.1543515946831499,144.6153846153846,170.21583487522972
2022-11-12,Wolverhampton Wanderers,Arsenal,0,2,A,11,14,2,4,5,6,6,4,3,2.0,0,0.0,2022,H,,,0,0.0,0.0,0.0,0,3,0.3333333333333333,1.164835164835165,1.8555555555555556,0.10032916096002978,144.6153846153846,170.31616403618975
2022-12-26,Wolverhampton Wanderers,Everton,2,1,A,12,7,6,4,9,22,2,2,6,,0,,2022,A,1.0,0.0,3,0.0,0.0,0.0,0,6,1.0,1.184782608695652,1.2173913043478262,0.3289589930561221,144.6153846153846,170.64512302924587
2022-12-31,Wolverhampton Wanderers,Manchester United,0,1,A,10,16,3,6,11,11,7,5,1,3.0,0,0.0,2022,H,,,0,0.0,0.0,0.0,0,1,1.0,1.1720430107526882,1.7826086956521738,0.11840983216373815,144.6153846153846,170.7635328614096
2023-01-04,Wolverhampton Wanderers,Aston Villa,1,1,D,13,10,4,3,6,12,7,8,3,,0,,2023,A,1.0,0.0,1,0.0,0.0,0.0,0,3,1.3333333333333333,1.1702127659574468,1.297872340425532,0.21683778181435337,144.6153846153846,170.98037064322395
2023-01-14,Wolverhampton Wanderers,West Ham United,1,0,H,17,16,4,4,10,7,4,3,0,2.0,0,0.0,2023,H,,,3,0.0,0.0,0.0,1,0,1.3333333333333333,1.1894736842105262,1.431578947368421,0.5563329649149793,144.6153846153846,171.53670360813894
2023-01-22,Wolverhampton Wanderers,Manchester City,0,3,H,13,10,7,1,10,10,5,7,2,,0,,2023,A,1.0,0.0,0,0.0,0.0,0.0,0,2,1.3333333333333333,1.1770833333333333,2.3333333333333335,0.057261730480584055,144.6153846153846,171.5939653386195
2023-02-04,Wolverhampton Wanderers,Liverpool,3,0,H,12,22,6,4,9,7,2,7,1,1.0,0,0.0,2023,H,,,3,0.0,0.0,0.0,1,1,2.0,1.1958762886597938,1.9791666666666667,0.49550271918793415,144.6153846153846,172.08946805780744
2023-02-11,Wolverhampton Wanderers,Southampton,2,1,A,17,11,2,2,12,14,5,2,2,,1,,2023,A,2.0,0.0,3,0.0,0.0,0.0,0,4,2.0,1.2142857142857142,1.0,0.3616758521962407,144.6153846153846,172.45114391000368
2023-02-18,Wolverhampton Wanderers,Bournemouth,0,1,A,15,5,4,1,12,10,12,2,3,3.0,0,0.0,2023,H,,,0,0.0,0.0,0.0,0,3,2.0,1.202020202020202,0.9130434782608696,0.1958315110066396,144.6153846153846,172.64697542101032
2023-02-24,Wolverhampton Wanderers,Fulham,1,1,D,10,8,5,2,12,17,4,3,0,,0,,2023,A,2.0,0.0,1,0.0,0.0,0.0,0,0,1.3333333333333333,1.2,1.0634920634920637,0.25662066608045214,144.6153846153846,172.9035960870908
2023-03-01,Wolverhampton Wanderers,Liverpool,0,2,H,15,4,6,1,13,14,5,2,3,,0,,2023,A,2.0,0.0,0,0.0,0.0,0.0,0,3,0.3333333333333333,1.188118811881188,2.0,0.08569297302361958,144.6153846153846,172.9892890601144
2023-03-04,Wolverhampton Wanderers,Tottenham Hotspur,1,0,H,8,21,5,6,11,18,4,8,1,1.0,0,0.0,2023,H,,,3,0.0,0.0,0.0,1,1,1.3333333333333333,1.2058823529411764,1.7450980392156863,0.5192202974898659,144.6153846153846,173.50850935760425
2023-03-12,Wolverhampton Wanderers,Newcastle United,1,2,H,19,7,8,4,11,10,10,3,2,,0,,2023,A,1.0,0.0,0,0.0,0.0,0.0,0,2,1.0,1.194174757281553,1.3663366336633664,0.15524504499775527,144.6153846153846,173.66375440260202
2023-03-18,Wolverhampton Wanderers,Leeds United,2,4,A,23,11,8,4,15,9,5,4,3,5.0,1,0.0,2023,H,,,0,0.0,0.0,0.0,0,5,1.0,1.1826923076923077,1.194174757281553,0.15665604245470124,144.6153846153846,173.82041044505672
2023-04-01,Wolverhampton Wanderers,Nottingham Forest,1,1,D,17,8,7,1,14,13,4,3,5,,0,,2023,A,3.0,0.0,1,0.0,0.0,0.0,0,5,0.3333333333333333,1.180952380952381,0.9642857142857144,0.23995011410106834,144.6153846153846,174.0603605591578
2023-04-08,Wolverhampton Wanderers,Chelsea,1,0,H,9,13,4,1,14,10,8,8,2,5.0,0,0.0,2023,H,,,3,0.0,0.0,0.0,1,2,1.3333333333333333,1.19811320754717,1.69811320754717,0.5186365751320694,144.6153846153846,174.57899713428986
2023-04-15,Wolverhampton Wanderers,Brentford,2,0,H,11,10,9,3,12,8,5,2,1,1.0,0,0.0,2023,H,,,3,0.0,0.0,0.0,1,1,2.3333333333333335,1.2149532710280373,1.289855072463768,0.5653489086921659,144.6153846153846,175.14434604298202
2023-04-22,Wolverhampton Wanderers,Leicester City,1,2,H,15,16,8,3,17,16,1,7,3,,0,,2023,A,1.0,0.0,0,0.0,0.0,0.0,0,3,2.0,1.2037037037037035,1.351851851851852,0.15136817530238333,144.6153846153846,175.29571421828442
2023-04-25,Wolverhampton Wanderers,Crystal Palace,2,0,H,9,14,3,4,13,14,6,11,5,4.0,0,0.0,2023,H,,,3,0.0,0.0,0.0,1,5,2.0,1.220183486238532,1.18348623853211,0.554748688832833,144.6153846153846,175.85046290711725
2023-04-29,Wolverhampton Wanderers,Brighton and Hove Albion,0,6,H,22,10,8,2,14,11,2,5,1,,0,,2023,A,1.0,0.0,0,0.0,0.0,0.0,0,1,1.0,1.209090909090909,1.3457943925233644,0.16267111378308266,144.6153846153846,176.01313402090034
2023-05-06,Wolverhampton Wanderers,Aston Villa,1,0,H,6,16,2,3,20,9,5,6,3,3.0,0,0.0,2023,H,,,3,0.0,0.0,0.0,1,3,2.0,1.2252252252252251,1.3873873873873874,0.5447770559026075,144.6153846153846,176.55791107680292
2023-05-13,Wolverhampton Wanderers,Manchester United,0,2,H,27,5,9,0,9,9,11,7,2,,0,,2023,A,3.0,0.0,0,0.0,0.0,0.0,0,2,1.0,1.2142857142857142,1.7837837837837838,0.1129461877022695,144.6153846153846,176.6708572645052
2023-05-20,Wolverhampton Wanderers,Everton,1,1,D,13,19,5,4,18,10,1,7,5,1.0,0,0.0,2023,H,,,1,0.0,0.0,0.0,0,5,1.3333333333333333,1.2123893805309736,1.15929203539823,0.22019061988467092,144.6153846153846,176.89104788438988
2023-05-28,Wolverhampton Wanderers,Arsenal,0,5,H,14,6,8,0,8,11,8,4,0,,0,,2023,A,0.0,0.0,0,0.0,0.0,0.0,0,0,0.3333333333333333,1.2017543859649122,1.8771929824561404,0.11417042287592036,144.6153846153846,177.0052183072658
2023-08-14,Wolverhampton Wanderers,Manchester United,0,1,H,15,23,3,6,14,10,8,7,3,,0,,2023,A,2.0,0.0,0,0.0,0.0,0.0,0,3,0.3333333333333333,1.191304347826087,1.826086956521739,0.10331513910090279,144.6153846153846,177.1085334463667
2023-08-19,Wolverhampton Wanderers,Brighton and Hove Albion,1,4,A,16,16,5,8,14,11,5,3,3,6.0,1,0.0,2023,H,,,0,0.0,0.0,0.0,0,5,0.0,1.1810344827586208,1.3793103448275863,0.13789672454902951,144.6153846153846,177.24643017091572
2023-08-26,Wolverhampton Wanderers,Everton,1,0,A,15,11,7,2,10,14,7,0,4,,0,,2023,A,3.0,0.0,3,0.0,0.0,0.0,1,4,1.0,1.1965811965811963,1.1452991452991452,0.5639626655736103,144.6153846153846,177.81039283648934
2023-09-03,Wolverhampton Wanderers,Crystal Palace,2,3,H,16,12,11,4,12,12,4,2,3,,0,,2023,A,1.0,0.0,0,0.0,0.0,0.0,0,3,1.0,1.1864406779661016,1.2203389830508475,0.16469403959042309,144.6153846153846,177.97508687607976
2023-09-16,Wolverhampton Wanderers,Liverpool,1,3,A,11,16,2,6,10,4,4,4,1,3.0,0,0.0,2023,H,,,0,0.0,0.0,0.0,0,1,1.0,1.1764705882352942,2.025210084033614,0.09382765091307416,144.6153846153846,178.06891452699284
2023-09-23,Wolverhampton Wanderers,Luton Town,1,1,D,20,3,4,3,12,17,10,1,2,,1,,2023,A,0.0,0.0,1,0.0,0.0,0.0,0,4,0.3333333333333333,1.175,0.2,0.3227378161517434,144.6153846153846,178.39165234314459
2023-09-30,Wolverhampton Wanderers,Manchester City,2,1,H,3,23,1,8,18,12,0,6,5,4.0,0,0.0,2023,H,,,3,0.0,0.0,0.0,0,5,1.3333333333333333,1.1900826446280992,2.363636363636364,0.2181574742276037,144.6153846153846,178.6098098173722
2023-10-08,Wolverhampton Wanderers,Aston Villa,1,1,D,8,18,3,4,19,9,2,10,2,2.0,1,0.0,2023,H,,,1,0.0,0.0,0.0,0,4,1.6666666666666667,1.1885245901639343,1.4508196721311477,0.19599544218033238,144.6153846153846,178.80580525955253
2023-10-21,Wolverhampton Wanderers,Bournemouth,2,1,A,7,20,4,7,15,10,3,12,6,,0,,2023,A,2.0,1.0,3,0.0,0.0,0.0,0,6,2.3333333333333335,1.2032520325203253,0.8936170212765957,0.36176621713617063,144.6153846153846,179.1675714766887
2023-10-28,Wolverhampton Wanderers,Newcastle United,2,2,D,11,13,6,5,13,15,8,7,1,4.0,0,0.0,2023,H,,,1,0.0,0.0,0.0,0,1,1.6666666666666667,1.2016129032258065,1.467741935483871,0.21031447961817426,144.6153846153846,179.37788595630684
2023-11-04,Wolverhampton Wanderers,Sheffield United,1,2,H,11,10,2,3,13,10,4,4,3,,0,,2023,A,2.0,0.0,0,0.0,0.0,0.0,0,3,1.3333333333333333,1.192,0.5510204081632653,0.23251438733078014,144.6153846153846,179.61040034363765
2023-11-11,Wolverhampton Wanderers,Tottenham Hotspur,2,1,H,17,6,4,2,19,15,11,3,4,3.0,0,0.0,2023,H,,,3,0.0,0.0,0.0,0,4,1.3333333333333333,1.2063492063492065,1.738095238095238,0.28688654021348525,144.6153846153846,179.8972868838511
2023-11-27,Wolverhampton Wanderers,Fulham,2,3,H,12,10,6,6,13,13,6,2,2,,0,,2023,A,2.0,0.0,0,0.0,0.0,0.0,0,2,1.0,1.1968503937007875,1.0674157303370786,0.18553393936148257,144.6153846153846,180.08282082321261
2023-12-02,Wolverhampton Wanderers,Arsenal,1,2,H,19,6,6,3,10,10,4,0,2,,0,,2023,A,1.0,0.0,0,0.0,0.0,0.0,0,2,1.0,1.1875,1.9296875,0.09816213547115349,144.6153846153846,180.18098295868376
2023-12-05,Wolverhampton Wanderers,Burnley,1,0,H,7,12,4,3,11,15,6,8,2,4.0,0,0.0,2023,H,,,3,0.0,0.0,0.0,1,2,1.0,1.2015503875968991,0.8901098901098901,0.6005094948746037,144.6153846153846,180.78149245355837
2023-12-09,Wolverhampton Wanderers,Nottingham Forest,1,1,D,10,8,4,2,9,11,4,3,0,1.0,0,0.0,2023,H,,,1,0.0,0.0,0.0,0,0,1.3333333333333333,1.2,0.9629629629629628,0.2668070239849135,144.6153846153846,181.04829947754328
2023-12-17,Wolverhampton Wanderers,West Ham United,0,3,H,13,14,4,3,12,15,6,6,1,,0,,2023,A,3.0,0.0,0,0.0,0.0,0.0,0,1,1.3333333333333333,1.1908396946564883,1.4351145038167938,0.1536205342303708,144.6153846153846,181.20192001177364
2023-12-24,Wolverhampton Wanderers,Chelsea,2,1,H,14,16,6,5,11,9,10,6,3,5.0,0,0.0,2023,H,,,3,0.0,0.0,0.0,0,3,1.3333333333333333,1.2045454545454546,1.568181818181818,0.3094480103859648,144.6153846153846,181.51136802215962
2023-12-27,Wolverhampton Wanderers,Brentford,4,1,A,14,11,4,5,5,14,8,2,1,,0,,2023,A,1.0,0.0,3,0.0,0.0,0.0,0,1,2.0,1.218045112781955,1.319148936170213,0.345371030061179,144.6153846153846,181.8567390522208
2023-12-30,Wolverhampton Wanderers,Everton,3,0,H,12,10,6,0,9,14,5,2,2,3.0,0,0.0,2023,H,,,3,0.0,0.0,0.0,1,2,3.0,1.2313432835820894,1.1940298507462686,0.5697140587565237,144.6153846153846,182.42645311097732
2024-01-22,Wolverhampton Wanderers,Brighton and Hove Albion,0,0,D,11,8,4,3,10,13,8,2,4,,0,,2024,A,1.0,0.0,1,0.0,0.0,0.0,1,4,2.3333333333333335,1.2296296296296296,1.3777777777777778,0.420406197415601,144.6153846153846,182.8468593083929
2024-02-01,Wolverhampton Wanderers,Manchester United,3,4,A,16,21,7,8,10,10,4,5,2,5.0,0,0.0,2024,H,,,0,0.0,0.0,0.0,0,2,1.3333333333333333,1.2205882352941178,1.7794117647058822,0.11338919326840152,144.6153846153846,182.9602485016613
2024-02-04,Wolverhampton Wanderers,Chelsea,4,2,A,15,14,6,7,15,11,10,1,2,,0,,2024,A,3.0,0.0,3,0.0,0.0,0.0,0,2,1.3333333333333333,1.2335766423357664,1.5766423357664234,0.31393530344336185,144.6153846153846,183.27418380510468
2024-02-10,Wolverhampton Wanderers,Brentford,0,2,A,17,9,5,6,11,9,7,4,2,3.0,0,0.0,2024,H,,,0,0.0,0.0,0.0,0,2,1.0,1.2246376811594204,1.3131313131313131,0.1606362047167681,144.6153846153846,183.43482000982146
2024-02-17,Wolverhampton Wanderers,Tottenham Hotspur,2,1,A,15,12,4,7,8,13,10,4,1,,0,,2024,A,0.0,0.0,3,0.0,0.0,0.0,0,1,2.0,1.237410071942446,1.7266187050359711,0.3040831554152376,144.6153846153846,183.73890316523668
2024-02-25,Wolverhampton Wanderers,Sheffield United,1,0,H,13,12,2,4,8,4,5,6,2,1.0,0,0.0,2024,H,,,3,0.0,0.0,0.0,1,2,2.0,1.25,0.5625,0.6337053712540464,144.6153846153846,184.37260853649073
2024-03-02,Wolverhampton Wanderers,Newcastle United,0,3,H,14,12,7,3,8,11,3,5,1,,0,,2024,A,0.0,0.0,0,0.0,0.0,0.0,0,1,2.0,1.2411347517730495,1.453900709219858,0.151716975848816,144.6153846153846,184.52432551233954
2024-03-09,Wolverhampton Wanderers,Fulham,2,1,H,8,23,3,6,7,11,3,4,2,2.0,0,0.0,2024,H,,,3,0.0,0.0,0.0,0,2,2.0,1.2535211267605637,1.1057692307692308,0.3616476767744845,144.6153846153846,184.88597318911403
2024-03-30,Wolverhampton Wanderers,Aston Villa,0,2,H,11,13,5,3,11,19,5,4,4,,0,,2024,A,3.0,0.0,0,0.0,0.0,0.0,0,4,1.0,1.2447552447552448,1.5277777777777777,0.12819747319781877,144.6153846153846,185.01417066231184
2024-04-02,Wolverhampton Wanderers,Burnley,1,1,D,13,8,6,2,10,12,7,4,2,,0,,2024,A,0.0,0.0,1,0.0,0.0,0.0,0,2,1.3333333333333333,1.2430555555555556,0.8691588785046729,0.265622801582945,144.6153846153846,185.2797934638948
2024-04-06,Wolverhampton Wanderers,West Ham United,1,2,A,14,11,7,4,15,7,4,4,5,2.0,0,0.0,2024,H,,,0,0.0,0.0,0.0,0,5,0.3333333333333333,1.2344827586206897,1.4315068493150684,0.13260778559232014,144.6153846153846,185.41240124948712
2024-04-13,Wolverhampton Wanderers,Nottingham Forest,2,2,D,18,11,9,4,15,10,10,1,3,,0,,2024,A,2.0,0.0,1,0.0,0.0,0.0,0,3,0.6666666666666666,1.2328767123287672,0.9577464788732394,0.25130186972621116,144.6153846153846,185.66370311921332
2024-04-20,Wolverhampton Wanderers,Arsenal,0,2,A,5,24,3,9,14,9,1,2,3,2.0,0,0.0,2024,H,,,0,0.0,0.0,0.0,0,3,0.3333333333333333,1.2244897959183674,1.9591836734693877,0.08982878751114523,144.6153846153846,185.75353190672448
2024-04-24,Wolverhampton Wanderers,Bournemouth,0,1,A,15,21,4,6,10,17,8,12,4,1.0,0,1.0,2024,H,,,0,0.0,0.0,0.0,0,4,0.3333333333333333,1.2162162162162162,1.1666666666666667,0.1647879430388443,144.6153846153846,185.91831984976332
2024-04-27,Wolverhampton Wanderers,Luton Town,2,1,H,13,9,5,6,14,14,4,4,3,1.0,0,0.0,2024,H,,,3,0.0,0.0,0.0,0,3,1.0,1.2281879194630871,0.7142857142857143,0.3959711293806775,144.6153846153846,186.314290979144
2024-05-04,Wolverhampton Wanderers,Manchester City,1,5,H,20,2,12,1,4,17,6,0,4,,0,,2024,A,0.0,0.0,0,0.0,0.0,0.0,0,4,1.0,1.22,2.348993288590604,0.04498579552630744,144.6153846153846,186.3592767746703
2024-05-11,Wolverhampton Wanderers,Crystal Palace,1,3,A,13,13,7,3,13,12,8,3,3,2.0,0,1.0,2024,H,,,0,0.0,0.0,0.0,0,3,1.0,1.2119205298013245,1.2119205298013245,0.16554706003276548,144.6153846153846,186.52482383470306
2024-05-19,Wolverhampton Wanderers,Liverpool,0,2,H,36,4,14,3,14,11,10,2,1,,1,,2024,A,1.0,0.0,0,0.0,0.0,0.0,0,3,0.0,1.2039473684210529,2.039473684210526,0.08169320506528888,144.6153846153846,186.60651703976836
2024-08-17,Wolverhampton Wanderers,Arsenal,0,2,H,18,9,6,3,17,14,8,2,2,,0,,2024,A,2.0,0.0,0,0.0,0.0,0.0,0,2,0.0,1.196078431372549,2.0,0.09103754879537687,144.6153846153846,186.69755458856372
2024-08-25,Wolverhampton Wanderers,Chelsea,2,6,A,12,14,4,8,13,13,5,5,2,3.0,0,0.0,2024,H,,,0,0.0,0.0,0.0,0,2,0.0,1.1883116883116882,1.62987012987013,0.12854186653452992,144.6153846153846,186.82609645509825
2024-08-31,Wolverhampton Wanderers,Nottingham Forest,1,1,D,16,11,5,3,15,18,7,3,4,,0,,2024,A,3.0,0.0,1,0.0,0.0,0.0,0,4,0.3333333333333333,1.1870967741935483,1.0,0.24167585219624071,144.6153846153846,187.0677723072945
2024-09-15,Wolverhampton Wanderers,Newcastle United,1,2,A,12,14,5,6,17,6,4,7,3,3.0,0,0.0,2024,H,,,0,0.0,0.0,0.0,0,3,0.3333333333333333,1.1794871794871795,1.5064102564102564,0.13570716552821663,144.6153846153846,187.20347947282272
2024-09-21,Wolverhampton Wanderers,Aston Villa,1,3,H,9,10,4,4,11,16,6,5,6,,0,,2024,A,3.0,0.0,0,0.0,0.0,0.0,0,6,0.3333333333333333,1.1719745222929936,1.535031847133758,0.11677328526847269,144.6153846153846,187.3202527580912
2024-09-28,Wolverhampton Wanderers,Liverpool,1,2,A,8,10,3,6,16,8,2,10,2,3.0,0,0.0,2024,H,,,0,0.0,0.0,0.0,0,2,0.0,1.1645569620253164,2.0569620253164556,0.08526573174158317,144.6153846153846,187.4055184898328
2024-10-05,Wolverhampton Wanderers,Brentford,3,5,H,19,17,12,6,9,10,10,3,3,,0,,2024,A,2.0,0.0,0,0.0,0.0,0.0,0,3,0.0,1.1572327044025157,1.2727272727272727,0.15938566752862207,144.6153846153846,187.5649041573614
2024-10-20,Wolverhampton Wanderers,Manchester City,1,2,A,3,22,2,7,8,5,1,18,4,1.0,0,0.0,2024,H,,,0,0.0,0.0,0.0,0,4,0.0,1.15,2.36875,0.04298389824112281,144.6153846153846,187.60788805560253
2024-10-26,Wolverhampton Wanderers,Brighton and Hove Albion,2,2,D,19,14,6,7,12,10,9,6,3,,0,,2024,A,3.0,0.0,1,0.0,0.0,0.0,0,3,0.3333333333333333,1.1490683229813663,1.3540372670807452,0.21114673273924292,144.6153846153846,187.81903478834175
2024-11-02,Wolverhampton Wanderers,Crystal Palace,2,2,D,11,19,6,7,7,9,3,6,1,2.0,0,0.0,2024,H,,,1,0.0,0.0,0.0,0,1,0.6666666666666666,1.148148148148148,1.191358024691358,0.23831975788635373,144.6153846153846,188.0573545462281
2024-11-09,Wolverhampton Wanderers,Southampton,2,0,H,8,9,4,0,14,12,1,9,1,4.0,0,0.0,2024,H,,,3,0.0,0.0,0.0,1,1,1.6666666666666667,1.1595092024539877,0.896,0.6052572408018533,144.6153846153846,188.66261178702996
2024-11-23,Wolverhampton Wanderers,Fulham,4,1,A,10,10,3,5,14,14,7,2,0,,0,,2024,A,3.0,0.0,3,0.0,0.0,0.0,0,0,2.3333333333333335,1.170731707317073,1.1507936507936507,0.3677746184265779,144.6153846153846,189.03038640545654
2024-11-30,Wolverhampton Wanderers,Bournemouth,2,4,A,10,12,3,8,13,11,3,4,4,1.0,0,0.0,2024,H,,,0,0.0,0.0,0.0,0,4,2.0,1.1636363636363636,1.1797752808988764,0.16345968052084683,144.6153846153846,189.19384608597738
2024-12-04,Wolverhampton Wanderers,Everton,0,4,H,13,6,4,2,10,8,3,4,0,,0,,2024,A,2.0,0.0,0,0.0,0.0,0.0,0,0,1.0,1.1566265060240963,1.180722891566265,0.18474196463067133,144.6153846153846,189.37858805060807
2024-12-09,Wolverhampton Wanderers,West Ham United,1,2,H,19,19,4,5,12,17,11,0,4,,0,,2024,A,5.0,0.0,0,0.0,0.0,0.0,0,4,0.0,1.1497005988023952,1.3832335329341316,0.1428437736546825,144.6153846153846,189.52143182426275
2024-12-14,Wolverhampton Wanderers,Ipswich Town,1,2,A,16,10,6,5,13,9,7,3,0,2.0,1,0.0,2024,H,,,0,0.0,0.0,0.0,0,2,0.0,1.1428571428571428,0.75,0.21769686747584988,144.6153846153846,189.73912869173859
2024-12-22,Wolverhampton Wanderers,Leicester City,3,0,A,9,8,5,4,15,16,6,1,0,,0,,2024,A,2.0,0.0,3,0.0,0.0,0.0,1,0,1.0,1.1538461538461535,1.267175572519084,0.5729915404727293,144.6153846153846,190.31212023221133
2024-12-26,Wolverhampton Wanderers,Manchester United,2,0,H,7,11,4,4,12,12,4,4,2,2.0,0,1.0,2024,H,,,3,0.0,0.0,0.0,1,2,2.0,1.1647058823529413,1.7,0.5184453912548158,144.6153846153846,190.83056562346616
2024-12-29,Wolverhampton Wanderers,Tottenham Hotspur,2,2,D,13,11,3,3,9,10,5,5,2,,0,,2024,A,1.0,0.0,1,0.0,0.0,0.0,0,2,2.3333333333333335,1.1637426900584795,1.654970760233918,0.18599848354226767,144.6153846153846,191.0165641070084
2025-01-06,Wolverhampton Wanderers,Nottingham Forest,0,3,A,13,11,6,3,10,8,5,3,1,2.0,0,0.0,2025,H,,,0,0.0,0.0,0.0,0,1,1.3333333333333333,1.1569767441860466,1.1875,0.17871068170944163,144.6153846153846,191.19527478871785
2025-01-15,Wolverhampton Wanderers,Newcastle United,0,3,H,17,13,5,7,10,13,4,2,2,,0,,2025,A,0.0,0.0,0,0.0,0.0,0.0,0,2,0.3333333333333333,1.1502890173410405,1.5202312138728324,0.13965129885539657,144.6153846153846,191.33492608757325
2025-01-20,Wolverhampton Wanderers,Chelsea,1,3,H,19,9,7,4,8,14,3,6,2,,0,,2025,A,4.0,0.0,0,0.0,0.0,0.0,0,2,0.0,1.1436781609195403,1.6551724137931034,0.12597805050033495,144.6153846153846,191.4609041380736
2025-01-25,Wolverhampton Wanderers,Arsenal,0,1,A,9,9,4,3,20,10,1,5,0,1.0,1,1.0,2025,H,,,0,0.0,0.0,0.0,0,2,0.0,1.1371428571428572,2.0,0.09103754879537687,144.6153846153846,191.55194168686896
2025-02-01,Wolverhampton Wanderers,Aston Villa,2,0,H,8,10,5,3,20,13,5,8,2,3.0,0,0.0,2025,H,,,3,0.0,0.0,0.0,1,2,1.0,1.1477272727272727,1.5113636363636365,0.5375594338920509,144.6153846153846,192.089501120761
2025-02-16,Wolverhampton Wanderers,Liverpool,1,2,H,10,16,3,4,15,13,4,3,2,,0,,2025,A,2.0,0.0,0,0.0,0.0,0.0,0,2,1.0,1.1412429378531073,2.0903954802259888,0.08187800484560254,144.6153846153846,192.17137912560662
2025-02-22,Wolverhampton Wanderers,Bournemouth,1,0,A,8,13,3,5,17,9,6,7,3,,0,,2025,A,3.0,1.0,3,0.0,0.0,0.0,1,3,2.0,1.151685393258427,1.2745098039215683,0.5562146541554707,144.6153846153846,192.7275937797621
2025-02-25,Wolverhampton Wanderers,Fulham,1,2,A,18,11,5,5,8,15,7,5,1,3.0,0,0.0,2025,H,,,0,0.0,0.0,0.0,0,1,1.0,1.1452513966480449,1.198581560283688,0.1775878154090828,144.6153846153846,192.90518159517117
2025-03-08,Wolverhampton Wanderers,Everton,1,1,D,11,12,3,4,11,16,5,5,2,2.0,0,0.0,2025,H,,,1,0.0,0.0,0.0,0,2,1.3333333333333333,1.1444444444444444,1.1944444444444444,0.23266244305612616,144.6153846153846,193.13784403822729
2025-03-15,Wolverhampton Wanderers,Southampton,2,1,A,10,5,3,3,12,13,5,1,0,,0,,2025,A,0.0,0.0,3,0.0,0.0,0.0,0,0,1.3333333333333333,1.1546961325966851,0.8181818181818182,0.4014773289095205,144.6153846153846,193.5393213671368
2025-04-01,Wolverhampton Wanderers,West Ham United,1,0,H,9,10,2,1,16,12,1,2,4,2.0,0,0.0,2025,H,,,3,0.0,0.0,0.0,1,4,2.3333333333333335,1.164835164835165,1.3571428571428572,0.5424970814065166,144.6153846153846,194.08181844854334
2025-04-05,Wolverhampton Wanderers,Ipswich Town,2,1,A,6,22,2,7,12,16,4,8,2,,0,,2025,A,2.0,0.0,3,0.0,0.0,0.0,0,2,3.0,1.174863387978142,0.6451612903225806,0.40831990710711535,144.6153846153846,194.49013835565046
2025-04-13,Wolverhampton Wanderers,Tottenham Hotspur,4,2,H,13,11,5,4,12,15,1,4,1,2.0,0,0.0,2025,H,,,3,0.0,0.0,0.0,0,1,3.0,1.184782608695652,1.608695652173913,0.31603199824102135,144.6153846153846,194.80617035389147
2025-04-20,Wolverhampton Wanderers,Manchester United,1,0,A,12,4,2,2,11,18,9,2,3,,0,,2025,A,2.0,0.0,3,0.0,0.0,0.0,1,3,3.0,1.1945945945945946,1.648648648648649,0.5183041172234455,144.6153846153846,195.3244744711149
2025-04-26,Wolverhampton Wanderers,Leicester City,3,0,H,20,8,6,2,7,17,4,2,1,4.0,0,0.0,2025,H,,,3,0.0,0.0,0.0,1,1,3.0,1.2043010752688172,1.148648648648649,0.5796569962391493,144.6153846153846,195.90413146735406
2025-05-02,Wolverhampton Wanderers,Manchester City,0,1,H,9,6,2,1,7,11,4,5,0,,0,,2025,A,0.0,0.0,0,0.0,0.0,0.0,0,0,2.0,1.1978609625668448,2.2620320855614975,0.07517565599517731,144.6153846153846,195.97930712334926
2025-05-10,Wolverhampton Wanderers,Brighton and Hove Albion,0,2,A,10,7,3,2,8,12,7,4,1,1.0,0,0.0,2025,H,,,0,0.0,0.0,0.0,0,1,1.0,1.1914893617021276,1.3670212765957446,0.16052024764362902,144.6153846153846,196.13982737099286
2025-05-20,Wolverhampton Wanderers,Crystal Palace,2,4,H,14,12,10,3,14,8,0,10,2,,0,,2025,A,1.0,0.0,0,0.0,0.0,0.0,0,2,0.0,1.1851851851851851,1.2592592592592593,0.16609492282824975,144.6153846153846,196.3059222938211
2025-05-25,Wolverhampton Wanderers,Brentford,1,1,D,18,13,6,7,7,9,8,3,2,1.0,0,0.0,2025,H,,,1,0.0,0.0,0.0,0,2,0.3333333333333333,1.1842105263157894,1.3157894736842106,0.22036686007310946,144.6153846153846,196.52628915389423
2025-08-16,Wolverhampton Wanderers,Manchester City,0,4,A,9,15,3,4,13,7,4,6,1,2.0,0,0.0,2025,H,,,0,0.0,0.0,0.0,0,1,0.3333333333333333,1.1780104712041886,2.2670157068062826,0.06932610256627919,144.6153846153846,196.59561525646052
2025-08-23,Wolverhampton Wanderers,Bournemouth,0,1,H,14,6,4,1,13,16,8,3,4,,1,,2025,A,2.0,0.0,0,0.0,0.0,0.0,0,6,0.3333333333333333,1.171875,1.2586206896551724,0.1447813243740076,144.6153846153846,196.7403965808345
2025-08-30,Wolverhampton Wanderers,Everton,2,3,A,12,10,4,4,15,10,2,2,0,1.0,0,0.0,2025,H,,,0,0.0,0.0,0.0,0,0,0.0,1.16580310880829,1.2227979274611398,0.18047860832675033,144.6153846153846,196.92087518916128
2025-09-13,Wolverhampton Wanderers,Newcastle United,0,1,H,16,8,4,3,10,17,10,4,4,,0,,2025,A,1.0,0.0,0,0.0,0.0,0.0,0,4,0.0,1.1597938144329898,1.5257731958762886,0.12840059238012422,144.6153846153846,197.04927578154138
2025-09-20,Wolverhampton Wanderers,Leeds United,1,3,A,16,6,6,4,11,9,4,0,1,1.0,0,0.0,2025,H,,,0,0.0,0.0,0.0,0,1,0.0,1.1538461538461535,1.134453781512605,0.1840857200231928,144.6153846153846,197.2333615015646
2025-09-27,Wolverhampton Wanderers,Tottenham Hotspur,1,1,D,10,9,3,3,9,11,10,9,2,,0,,2025,A,3.0,0.0,1,0.0,0.0,0.0,0,2,0.3333333333333333,1.153061224489796,1.5714285714285714,0.19446360091439618,144.6153846153846,197.42782510247898
2025-10-05,Wolverhampton Wanderers,Brighton and Hove Albion,1,1,D,6,17,3,6,13,9,2,8,2,4.0,0,0.0,2025,H,,,1,0.0,0.0,0.0,0,2,0.6666666666666666,1.1522842639593909,1.380710659898477,0.21378856150204778,144.6153846153846,197.64161366398102
2025-10-18,Wolverhampton Wanderers,Sunderland,0,2,H,8,16,2,3,5,12,3,2,0,,0,,2025,A,0.0,0.0,0,0.0,0.0,0.0,0,0,0.6666666666666666,1.1464646464646464,1.75,0.12705856407498606,144.6153846153846,197.768672228056
2025-10-26,Wolverhampton Wanderers,Burnley,2,3,A,15,11,7,7,12,7,5,3,1,0.0,0,0.0,2025,H,,,0,0.0,0.0,0.0,0,1,0.3333333333333333,1.1407035175879396,0.8780487804878049,0.21006658621204652,144.6153846153846,197.97873881426807
2025-11-01,Wolverhampton Wanderers,Fulham,0,3,H,19,5,6,2,13,14,10,1,3,,1,,2025,A,1.0,0.0,0,0.0,0.0,0.0,0,5,0.0,1.135,1.1851851851851851,0.1575669329162652,144.6153846153846,198.13630574718434
2025-11-08,Wolverhampton Wanderers,Chelsea,0,3,H,20,3,8,0,12,14,10,1,2,,0,,2025,A,1.0,0.0,0,0.0,0.0,0.0,0,2,0.0,1.1293532338308458,1.6766169154228856,0.12380513372763854,144.6153846153846,198.26011088091195
