date,team,opponent,goals_for,goals_against,result,HS,AS,HST,AST,HF,AF,HC,AC,yellow,yellow_away,red,red_away,season,home_away,yellow_home,red_home,pts,xG_for,xG_against,xGD,clean_sheet,card_points,form3,team_avg_pts,opp_avg_pts
2020-09-12,Arsenal,Fulham,3,0,A,5,13,2,6,12,12,2,3,2,,0,,2020,A,2.0,0.0,3,0.0,0.0,0.0,1,2,3.0,3.0,0.0
2020-09-19,Arsenal,West Ham United,2,1,H,7,14,3,3,11,13,7,5,0,1.0,0,0.0,2020,H,,,3,0.0,0.0,0.0,0,0,3.0,3.0,0.0
2020-09-28,Arsenal,Liverpool,1,3,H,21,4,8,3,11,7,7,3,2,,0,,2020,A,2.0,0.0,0,0.0,0.0,0.0,0,2,2.0,2.0,3.0
2020-10-04,Arsenal,Sheffield United,2,1,H,6,6,5,2,3,9,2,4,0,1.0,0,0.0,2020,H,,,3,0.0,0.0,0.0,0,0,2.0,2.25,0.0
2020-10-17,Arsenal,Manchester City,0,1,H,13,11,5,3,15,10,6,6,1,,0,,2020,A,4.0,0.0,0,0.0,0.0,0.0,0,1,1.0,1.8,1.75
2020-10-25,Arsenal,Leicester City,0,1,A,12,6,4,2,13,9,9,3,3,5.0,0,0.0,2020,H,,,0,0.0,0.0,0.0,0,3,1.0,1.5,2.0
2020-11-01,Arsenal,Manchester United,1,0,A,8,7,2,2,12,12,6,3,3,,0,,2020,A,3.0,0.0,3,0.0,0.0,0.0,1,3,1.0,1.7142857142857142,1.1666666666666667
2020-11-08,Arsenal,Aston Villa,0,3,A,13,15,2,6,11,13,3,8,0,0.0,0,0.0,2020,H,,,0,0.0,0.0,0.0,0,0,1.0,1.5,2.142857142857143
2020-11-22,Arsenal,Leeds United,0,0,D,25,9,4,2,9,8,5,3,0,,1,,2020,A,3.0,0.0,1,0.0,0.0,0.0,1,2,1.3333333333333333,1.4444444444444444,1.2222222222222223
2020-11-29,Arsenal,Wolverhampton Wanderers,1,2,A,13,11,2,5,13,13,8,4,3,4.0,0,0.0,2020,H,,,0,0.0,0.0,0.0,0,3,0.3333333333333333,1.3,1.7
2020-12-06,Arsenal,Tottenham Hotspur,0,2,H,6,11,3,2,16,12,3,9,2,,0,,2020,A,1.0,0.0,0,0.0,0.0,0.0,0,2,0.3333333333333333,1.1818181818181819,2.1818181818181817
2020-12-13,Arsenal,Burnley,0,1,A,18,10,6,2,5,11,13,4,2,1.0,1,0.0,2020,H,,,0,0.0,0.0,0.0,0,4,0.0,1.0833333333333333,0.8181818181818182
2020-12-16,Arsenal,Southampton,1,1,D,9,13,4,3,13,13,2,7,1,3.0,1,0.0,2020,H,,,1,0.0,0.0,0.0,0,3,0.3333333333333333,1.0769230769230769,1.8461538461538463
2020-12-19,Arsenal,Everton,1,2,H,9,13,2,2,9,9,4,3,3,,0,,2020,A,1.0,0.0,0,0.0,0.0,0.0,0,3,0.3333333333333333,1.0,1.8571428571428572
2020-12-26,Arsenal,Chelsea,3,1,H,15,19,7,3,13,10,7,9,2,1.0,0,0.0,2020,H,,,3,0.0,0.0,0.0,0,2,1.3333333333333333,1.1333333333333333,1.6666666666666667
2020-12-29,Arsenal,Brighton and Hove Albion,1,0,A,13,11,2,3,11,4,5,4,0,,0,,2020,A,2.0,0.0,3,0.0,0.0,0.0,1,0,2.0,1.25,0.8125
2021-01-02,Arsenal,West Brom,4,0,A,7,21,3,12,7,4,3,5,2,,0,,2021,A,1.0,0.0,3,0.0,0.0,0.0,1,2,3.0,1.3529411764705883,0.47058823529411764
2021-01-14,Arsenal,Crystal Palace,0,0,D,11,12,4,2,10,11,7,3,1,1.0,0,0.0,2021,H,,,1,0.0,0.0,0.0,1,1,2.3333333333333335,1.3333333333333333,1.2777777777777777
2021-01-18,Arsenal,Newcastle United,3,0,H,20,4,6,1,9,8,7,2,0,0.0,0,0.0,2021,H,,,3,0.0,0.0,0.0,1,0,2.3333333333333335,1.4210526315789473,1.0555555555555556
2021-01-26,Arsenal,Southampton,3,1,A,13,9,5,5,11,6,4,5,2,,0,,2021,A,1.0,0.0,3,0.0,0.0,0.0,0,2,2.3333333333333335,1.5,1.5263157894736843
2021-01-30,Arsenal,Manchester United,0,0,D,17,14,3,3,9,16,4,7,1,3.0,0,0.0,2021,H,,,1,0.0,0.0,0.0,1,1,2.3333333333333335,1.4761904761904763,1.9523809523809523
2021-02-02,Arsenal,Wolverhampton Wanderers,1,2,H,11,9,7,3,11,8,9,6,2,,2,,2021,A,3.0,0.0,0,0.0,0.0,0.0,0,6,1.3333333333333333,1.4090909090909092,1.1818181818181819
2021-02-06,Arsenal,Aston Villa,0,1,H,12,14,8,3,12,12,3,7,2,,0,,2021,A,3.0,0.0,0,0.0,0.0,0.0,0,2,0.3333333333333333,1.3478260869565217,1.6666666666666667
2021-02-14,Arsenal,Leeds United,4,2,H,13,9,5,5,8,17,4,5,0,2.0,0,0.0,2021,H,,,3,0.0,0.0,0.0,0,0,1.0,1.4166666666666667,1.391304347826087
2021-02-21,Arsenal,Manchester City,0,1,A,7,15,1,3,11,9,1,3,2,2.0,0,0.0,2021,H,,,0,0.0,0.0,0.0,0,2,1.0,1.36,2.36
2021-02-28,Arsenal,Leicester City,3,1,A,8,12,3,4,15,3,2,7,1,,0,,2021,A,2.0,0.0,3,0.0,0.0,0.0,0,1,2.0,1.4230769230769231,1.8846153846153846
2021-03-06,Arsenal,Burnley,1,1,D,9,15,5,3,5,12,2,4,1,,0,,2021,A,1.0,0.0,1,0.0,0.0,0.0,0,1,1.3333333333333333,1.4074074074074074,1.0714285714285714
2021-03-14,Arsenal,Tottenham Hotspur,2,1,H,13,6,3,3,12,14,6,3,1,2.0,0,1.0,2021,H,,,3,0.0,0.0,0.0,0,1,2.3333333333333335,1.4642857142857142,1.6071428571428572
2021-03-21,Arsenal,West Ham United,3,3,D,15,16,5,7,18,8,3,5,1,,0,,2021,A,3.0,0.0,1,0.0,0.0,0.0,0,1,1.6666666666666667,1.4482758620689655,1.6896551724137931
2021-04-03,Arsenal,Liverpool,0,3,A,3,16,2,7,10,10,1,2,1,1.0,0,0.0,2021,H,,,0,0.0,0.0,0.0,0,1,1.3333333333333333,1.4,1.6333333333333333
2021-04-11,Arsenal,Sheffield United,3,0,A,7,14,2,5,9,6,2,4,1,,0,,2021,A,1.0,0.0,3,0.0,0.0,0.0,1,1,1.3333333333333333,1.4516129032258065,0.45161290322580644
2021-04-18,Arsenal,Fulham,1,1,D,18,3,5,1,9,11,11,1,0,3.0,0,0.0,2021,H,,,1,0.0,0.0,0.0,0,0,1.3333333333333333,1.4375,0.8181818181818182
2021-04-23,Arsenal,Everton,0,1,A,14,8,3,1,13,10,7,3,1,3.0,0,0.0,2021,H,,,0,0.0,0.0,0.0,0,1,1.3333333333333333,1.393939393939394,1.625
2021-05-02,Arsenal,Newcastle United,2,0,A,5,19,1,5,10,9,3,7,1,,0,,2021,A,2.0,1.0,3,0.0,0.0,0.0,1,1,1.3333333333333333,1.4411764705882353,1.0588235294117647
2021-05-09,Arsenal,West Brom,3,1,H,15,12,7,1,7,9,6,6,1,2.0,0,0.0,2021,H,,,3,0.0,0.0,0.0,0,1,2.0,1.4857142857142858,0.7428571428571429
2021-05-12,Arsenal,Chelsea,1,0,A,19,5,5,2,7,6,9,1,1,,0,,2021,A,0.0,0.0,3,0.0,0.0,0.0,1,1,3.0,1.5277777777777777,1.7777777777777777
2021-05-19,Arsenal,Crystal Palace,3,1,A,12,6,6,3,7,7,6,7,1,,0,,2021,A,2.0,0.0,3,0.0,0.0,0.0,0,1,3.0,1.5675675675675675,1.1891891891891893
2021-05-23,Arsenal,Brighton and Hove Albion,2,0,H,16,5,5,1,10,8,11,3,0,0.0,0,0.0,2021,H,,,3,0.0,0.0,0.0,1,0,3.0,1.605263157894737,1.0789473684210527
2021-08-13,Arsenal,Brentford,0,2,H,8,22,3,4,12,8,2,5,0,,0,,2021,A,0.0,0.0,0,0.0,0.0,0.0,0,0,2.0,1.564102564102564,3.0
2021-08-22,Arsenal,Chelsea,0,2,A,6,22,3,5,10,4,9,8,3,0.0,0,0.0,2021,H,,,0,0.0,0.0,0.0,0,3,1.0,1.525,1.825
2021-08-28,Arsenal,Manchester City,0,5,H,25,1,10,0,5,7,14,0,2,,1,,2021,A,1.0,0.0,0,0.0,0.0,0.0,0,4,0.0,1.4878048780487805,2.2439024390243905
2021-09-11,Arsenal,Norwich City,1,0,H,30,10,7,1,9,11,8,4,1,2.0,0,0.0,2021,H,,,3,0.0,0.0,0.0,1,1,1.0,1.5238095238095237,0.0
2021-09-18,Arsenal,Burnley,1,0,A,18,13,3,3,9,8,8,3,1,,0,,2021,A,2.0,0.0,3,0.0,0.0,0.0,1,1,2.0,1.558139534883721,0.9302325581395349
2021-09-26,Arsenal,Tottenham Hotspur,3,1,H,12,10,7,4,12,13,4,4,2,1.0,0,0.0,2021,H,,,3,0.0,0.0,0.0,0,2,3.0,1.5909090909090908,1.6136363636363635
2021-10-02,Arsenal,Brighton and Hove Albion,0,0,D,21,8,2,2,8,5,8,5,1,,0,,2021,A,2.0,0.0,1,0.0,0.0,0.0,1,1,2.3333333333333335,1.5777777777777777,1.2222222222222223
2021-10-18,Arsenal,Crystal Palace,2,2,D,17,9,6,6,7,4,6,4,1,1.0,0,0.0,2021,H,,,1,0.0,0.0,0.0,0,1,1.6666666666666667,1.565217391304348,1.1304347826086956
2021-10-22,Arsenal,Aston Villa,3,1,H,22,10,9,4,17,10,7,4,2,5.0,0,0.0,2021,H,,,3,0.0,0.0,0.0,0,2,1.6666666666666667,1.5957446808510638,1.3829787234042554
2021-10-30,Arsenal,Leicester City,2,0,A,16,9,8,5,8,11,7,6,0,,0,,2021,A,2.0,0.0,3,0.0,0.0,0.0,1,0,2.3333333333333335,1.625,1.6666666666666667
2021-11-07,Arsenal,Watford,1,0,H,14,7,6,1,6,19,4,2,4,2.0,0,1.0,2021,H,,,3,0.0,0.0,0.0,1,4,3.0,1.653061224489796,0.9090909090909091
2021-11-20,Arsenal,Liverpool,0,4,H,19,5,9,3,15,12,6,1,0,,0,,2021,A,2.0,0.0,0,0.0,0.0,0.0,0,0,2.0,1.62,1.88
2021-11-27,Arsenal,Newcastle United,2,0,H,24,9,6,5,6,12,4,4,1,3.0,0,0.0,2021,H,,,3,0.0,0.0,0.0,1,1,2.0,1.6470588235294117,1.0
2021-12-02,Arsenal,Manchester United,2,3,H,14,17,10,8,9,10,3,8,0,,0,,2021,A,1.0,0.0,0,0.0,0.0,0.0,0,0,1.0,1.6153846153846154,1.8269230769230769
2021-12-06,Arsenal,Everton,1,2,H,11,10,5,3,8,12,3,3,2,,0,,2021,A,2.0,0.0,0,0.0,0.0,0.0,0,2,1.0,1.5849056603773586,1.4528301886792452
2021-12-11,Arsenal,Southampton,3,0,H,15,11,5,6,5,9,9,8,2,0.0,0,0.0,2021,H,,,3,0.0,0.0,0.0,1,2,1.0,1.6111111111111112,1.0925925925925926
2021-12-15,Arsenal,West Ham United,2,0,H,21,7,8,1,8,9,5,2,2,0.0,0,1.0,2021,H,,,3,0.0,0.0,0.0,1,2,2.0,1.6363636363636365,1.690909090909091
2021-12-18,Arsenal,Leeds United,4,1,A,9,21,2,12,11,7,1,4,1,,0,,2021,A,3.0,0.0,3,0.0,0.0,0.0,0,1,3.0,1.6607142857142858,1.3392857142857142
2021-12-26,Arsenal,Norwich City,5,0,A,4,16,2,6,13,7,3,5,2,,0,,2021,A,1.0,0.0,3,0.0,0.0,0.0,1,2,3.0,1.6842105263157894,0.5555555555555556
2022-01-01,Arsenal,Manchester City,1,2,A,7,15,2,2,13,5,5,5,3,2.0,1,0.0,2022,H,,,0,0.0,0.0,0.0,0,5,2.0,1.6551724137931034,2.3559322033898304
2022-01-23,Arsenal,Burnley,0,0,D,20,10,5,1,9,13,12,4,0,2.0,0,0.0,2022,H,,,1,0.0,0.0,0.0,1,0,1.3333333333333333,1.6440677966101696,0.9107142857142857
2022-02-10,Arsenal,Wolverhampton Wanderers,1,0,A,15,12,4,2,12,13,7,4,3,,1,,2022,A,2.0,0.0,3,0.0,0.0,0.0,1,5,1.3333333333333333,1.6666666666666667,1.3166666666666667
2022-02-19,Arsenal,Brentford,2,1,H,24,6,8,2,10,5,14,0,1,1.0,0,0.0,2022,H,,,3,0.0,0.0,0.0,0,1,2.3333333333333335,1.6885245901639345,0.9230769230769231
2022-02-24,Arsenal,Wolverhampton Wanderers,2,1,H,26,6,5,2,8,9,5,4,1,1.0,0,0.0,2022,H,,,3,0.0,0.0,0.0,0,1,3.0,1.7096774193548387,1.3492063492063493
2022-03-06,Arsenal,Watford,3,2,A,13,16,7,4,5,11,1,5,2,,0,,2022,A,1.0,0.0,3,0.0,0.0,0.0,0,2,3.0,1.7301587301587302,0.7037037037037037
2022-03-13,Arsenal,Leicester City,2,0,H,21,6,8,3,8,10,2,6,0,3.0,0,0.0,2022,H,,,3,0.0,0.0,0.0,1,0,3.0,1.75,1.546875
2022-03-16,Arsenal,Liverpool,0,2,A,9,9,2,3,9,9,1,6,0,1.0,0,0.0,2022,H,,,0,0.0,0.0,0.0,0,0,2.0,1.7230769230769232,2.0597014925373136
2022-03-19,Arsenal,Aston Villa,1,0,A,8,10,1,3,13,14,6,5,3,,0,,2022,A,3.0,0.0,3,0.0,0.0,0.0,1,3,2.0,1.7424242424242424,1.3582089552238805
2022-04-04,Arsenal,Crystal Palace,0,3,H,6,12,5,3,11,15,0,2,2,,0,,2022,A,0.0,0.0,0,0.0,0.0,0.0,0,2,1.0,1.7164179104477613,1.1911764705882353
2022-04-09,Arsenal,Brighton and Hove Albion,1,2,A,20,8,4,3,12,19,11,2,3,4.0,0,0.0,2022,H,,,0,0.0,0.0,0.0,0,3,1.0,1.6911764705882353,1.1304347826086956
2022-04-16,Arsenal,Southampton,0,1,H,9,23,3,6,6,6,6,8,1,,0,,2022,A,2.0,0.0,0,0.0,0.0,0.0,0,1,0.0,1.6666666666666667,1.1714285714285715
2022-04-20,Arsenal,Chelsea,4,2,A,11,14,2,4,7,6,6,1,1,,0,,2022,A,3.0,0.0,3,0.0,0.0,0.0,0,1,1.0,1.6857142857142857,1.8695652173913044
2022-04-23,Arsenal,Manchester United,3,1,H,14,14,7,5,9,12,1,7,3,4.0,0,0.0,2022,H,,,3,0.0,0.0,0.0,0,3,2.0,1.704225352112676,1.7777777777777777
2022-05-01,Arsenal,West Ham United,2,1,A,8,13,3,7,8,9,3,7,2,,0,,2022,A,2.0,0.0,3,0.0,0.0,0.0,0,2,3.0,1.7222222222222223,1.6027397260273972
2022-05-08,Arsenal,Leeds United,2,1,H,19,3,9,2,13,15,8,2,2,2.0,0,1.0,2022,H,,,3,0.0,0.0,0.0,0,2,3.0,1.7397260273972603,1.273972602739726
2022-05-12,Arsenal,Tottenham Hotspur,0,3,H,16,8,6,4,8,15,2,2,3,,1,,2022,A,1.0,0.0,0,0.0,0.0,0.0,0,5,2.0,1.7162162162162162,1.7162162162162162
2022-05-16,Arsenal,Newcastle United,0,2,H,16,11,4,2,11,8,12,8,3,,0,,2022,A,0.0,0.0,0,0.0,0.0,0.0,0,3,1.0,1.6933333333333334,1.2133333333333334
2022-05-22,Arsenal,Everton,5,1,H,26,6,9,2,8,9,12,2,0,1.0,0,0.0,2022,H,,,3,0.0,0.0,0.0,0,0,1.0,1.7105263157894737,1.2894736842105263
2022-08-05,Arsenal,Crystal Palace,2,0,A,10,10,2,2,16,11,3,5,2,,0,,2022,A,1.0,0.0,3,0.0,0.0,0.0,1,2,2.0,1.7272727272727273,1.1948051948051948
2022-08-13,Arsenal,Leicester City,4,2,H,19,6,7,2,15,9,6,2,1,1.0,0,0.0,2022,H,,,3,0.0,0.0,0.0,0,1,3.0,1.7435897435897436,1.5256410256410255
2022-08-20,Arsenal,Bournemouth,3,0,A,6,14,1,6,12,10,3,4,1,,0,,2022,A,2.0,0.0,3,0.0,0.0,0.0,1,1,3.0,1.759493670886076,1.0
2022-08-27,Arsenal,Fulham,2,1,H,22,11,8,3,6,12,9,2,2,3.0,0,0.0,2022,H,,,3,0.0,0.0,0.0,0,2,3.0,1.775,0.7857142857142857
2022-08-31,Arsenal,Aston Villa,2,1,H,22,4,9,3,10,14,10,3,2,3.0,0,0.0,2022,H,,,3,0.0,0.0,0.0,0,2,3.0,1.7901234567901234,1.271604938271605
2022-09-04,Arsenal,Manchester United,1,3,H,10,16,6,3,13,9,2,5,3,,0,,2022,A,3.0,0.0,0,0.0,0.0,0.0,0,3,2.0,1.7682926829268293,1.7560975609756098
2022-09-18,Arsenal,Brentford,3,0,A,5,13,2,7,10,10,3,3,2,,0,,2022,A,0.0,0.0,3,0.0,0.0,0.0,1,2,2.0,1.783132530120482,1.2222222222222223
2022-10-01,Arsenal,Tottenham Hotspur,3,1,H,22,7,9,3,10,10,5,2,2,1.0,0,1.0,2022,H,,,3,0.0,0.0,0.0,0,2,2.0,1.7976190476190477,1.7857142857142858
2022-10-09,Arsenal,Liverpool,3,2,H,11,8,7,3,11,11,4,3,1,2.0,0,0.0,2022,H,,,3,0.0,0.0,0.0,0,1,3.0,1.811764705882353,2.0357142857142856
2022-10-16,Arsenal,Leeds United,1,0,A,16,9,4,4,10,11,6,3,2,,0,,2022,A,0.0,0.0,3,0.0,0.0,0.0,1,2,3.0,1.8255813953488371,1.2470588235294118
2022-10-23,Arsenal,Southampton,1,1,D,10,12,3,3,11,8,9,4,1,,0,,2022,A,2.0,0.0,1,0.0,0.0,0.0,0,1,2.3333333333333335,1.8160919540229885,1.0795454545454546
2022-10-30,Arsenal,Nottingham Forest,5,0,H,24,5,10,2,9,8,9,4,0,1.0,0,0.0,2022,H,,,3,0.0,0.0,0.0,1,0,2.3333333333333335,1.8295454545454546,0.6923076923076923
2022-11-06,Arsenal,Chelsea,1,0,A,5,14,1,2,20,13,4,6,2,,0,,2022,A,5.0,0.0,3,0.0,0.0,0.0,1,2,2.3333333333333335,1.8426966292134832,1.8202247191011236
2022-11-12,Arsenal,Wolverhampton Wanderers,2,0,A,11,14,2,4,5,6,6,4,2,,0,,2022,A,3.0,0.0,3,0.0,0.0,0.0,1,2,3.0,1.8555555555555556,1.164835164835165
2022-12-26,Arsenal,West Ham United,3,1,H,16,8,5,4,13,17,7,5,0,2.0,0,0.0,2022,H,,,3,0.0,0.0,0.0,0,0,3.0,1.8681318681318682,1.4673913043478262
2022-12-31,Arsenal,Brighton and Hove Albion,4,2,A,9,14,5,7,7,11,7,4,3,,0,,2022,A,3.0,0.0,3,0.0,0.0,0.0,0,3,3.0,1.8804347826086956,1.2608695652173914
2023-01-03,Arsenal,Newcastle United,0,0,D,17,8,4,1,10,16,5,5,4,4.0,0,0.0,2023,H,,,1,0.0,0.0,0.0,1,4,2.3333333333333335,1.8709677419354838,1.372340425531915
2023-01-15,Arsenal,Tottenham Hotspur,2,0,A,17,14,7,5,16,15,4,3,2,,0,,2023,A,4.0,0.0,3,0.0,0.0,0.0,1,2,2.3333333333333335,1.8829787234042554,1.7473684210526317
2023-01-22,Arsenal,Manchester United,3,2,H,25,6,5,4,8,9,12,4,1,2.0,0,0.0,2023,H,,,3,0.0,0.0,0.0,0,1,2.3333333333333335,1.894736842105263,1.78125
2023-02-04,Arsenal,Everton,0,1,H,12,15,4,3,13,8,7,5,1,,0,,2023,A,4.0,0.0,0,0.0,0.0,0.0,0,1,2.0,1.875,1.1958762886597938
2023-02-11,Arsenal,Brentford,1,1,D,23,9,7,2,9,9,7,4,0,2.0,0,0.0,2023,H,,,1,0.0,0.0,0.0,0,0,1.3333333333333333,1.865979381443299,1.3333333333333333
2023-02-15,Arsenal,Manchester City,1,3,A,10,9,1,6,11,15,1,3,2,3.0,0,0.0,2023,H,,,0,0.0,0.0,0.0,0,2,0.3333333333333333,1.846938775510204,2.323232323232323
2023-02-18,Arsenal,Aston Villa,4,2,A,7,20,5,5,13,4,2,9,1,,0,,2023,A,2.0,0.0,3,0.0,0.0,0.0,0,1,1.3333333333333333,1.8585858585858586,1.292929292929293
2023-02-25,Arsenal,Leicester City,1,0,A,1,10,0,2,14,9,0,8,1,,0,,2023,A,0.0,0.0,3,0.0,0.0,0.0,1,1,2.0,1.87,1.42
2023-03-01,Arsenal,Everton,4,0,H,15,8,5,5,5,12,5,1,0,2.0,0,0.0,2023,H,,,3,0.0,0.0,0.0,1,0,3.0,1.881188118811881,1.1782178217821782
2023-03-04,Arsenal,Bournemouth,3,2,H,31,4,9,4,6,8,17,1,0,2.0,0,0.0,2023,H,,,3,0.0,0.0,0.0,0,0,3.0,1.892156862745098,0.84
2023-03-12,Arsenal,Fulham,3,0,A,12,15,2,7,10,9,4,8,1,,0,,2023,A,0.0,0.0,3,0.0,0.0,0.0,1,1,3.0,1.9029126213592233,1.0307692307692307
2023-03-19,Arsenal,Crystal Palace,4,1,H,15,8,5,4,8,10,5,4,0,1.0,0,0.0,2023,H,,,3,0.0,0.0,0.0,0,0,3.0,1.9134615384615385,1.1442307692307692
2023-04-01,Arsenal,Leeds United,4,1,H,13,7,6,5,11,13,4,3,0,2.0,0,0.0,2023,H,,,3,0.0,0.0,0.0,0,0,3.0,1.9238095238095239,1.1826923076923077
2023-04-09,Arsenal,Liverpool,2,2,D,21,9,6,5,11,11,5,4,4,,0,,2023,A,4.0,0.0,1,0.0,0.0,0.0,0,4,2.3333333333333335,1.9150943396226414,1.9523809523809523
2023-04-16,Arsenal,West Ham United,2,2,D,16,11,3,5,11,8,7,2,2,,0,,2023,A,1.0,0.0,1,0.0,0.0,0.0,0,2,1.6666666666666667,1.9065420560747663,1.4339622641509433
2023-04-21,Arsenal,Southampton,3,3,D,25,8,6,6,10,14,7,2,1,5.0,0,0.0,2023,H,,,1,0.0,0.0,0.0,0,1,1.0,1.8981481481481481,0.9907407407407407
2023-04-26,Arsenal,Manchester City,1,4,H,14,8,9,2,13,13,1,3,1,,0,,2023,A,3.0,0.0,0,0.0,0.0,0.0,0,1,0.6666666666666666,1.8807339449541285,2.3551401869158877
2023-05-02,Arsenal,Chelsea,3,1,H,16,7,10,4,10,10,7,2,0,2.0,0,0.0,2023,H,,,3,0.0,0.0,0.0,0,0,1.3333333333333333,1.8909090909090909,1.651376146788991
2023-05-07,Arsenal,Newcastle United,2,0,A,12,10,5,6,16,12,9,4,1,,0,,2023,A,2.0,0.0,3,0.0,0.0,0.0,1,1,2.0,1.9009009009009008,1.4454545454545455
2023-05-14,Arsenal,Brighton and Hove Albion,0,3,A,14,12,2,6,13,17,5,2,1,2.0,0,0.0,2023,H,,,0,0.0,0.0,0.0,0,1,2.0,1.8839285714285714,1.3636363636363635
2023-05-20,Arsenal,Nottingham Forest,0,1,H,6,11,2,3,11,12,3,6,2,,0,,2023,A,3.0,0.0,0,0.0,0.0,0.0,0,2,1.0,1.8672566371681416,1.0
2023-05-28,Arsenal,Wolverhampton Wanderers,5,0,H,14,6,8,0,8,11,8,4,0,0.0,0,0.0,2023,H,,,3,0.0,0.0,0.0,1,0,1.0,1.8771929824561404,1.2017543859649122
2023-08-12,Arsenal,Nottingham Forest,2,1,H,15,6,7,2,12,12,8,3,2,2.0,0,0.0,2023,H,,,3,0.0,0.0,0.0,0,2,2.0,1.8869565217391304,0.9743589743589743
2023-08-21,Arsenal,Crystal Palace,1,0,A,14,14,2,3,14,10,1,8,1,,1,,2023,A,2.0,0.0,3,0.0,0.0,0.0,1,3,3.0,1.896551724137931,1.206896551724138
2023-08-26,Arsenal,Fulham,2,2,D,19,8,11,3,6,5,8,3,0,3.0,0,1.0,2023,H,,,1,0.0,0.0,0.0,0,0,2.3333333333333335,1.8888888888888888,1.0632911392405062
2023-09-03,Arsenal,Manchester United,3,1,H,17,10,5,2,8,7,12,3,2,3.0,0,0.0,2023,H,,,3,0.0,0.0,0.0,0,2,2.3333333333333335,1.8983050847457628,1.805084745762712
2023-09-17,Arsenal,Everton,1,0,A,8,13,1,4,12,10,1,11,1,,0,,2023,A,1.0,0.0,3,0.0,0.0,0.0,1,1,2.3333333333333335,1.9075630252100841,1.134453781512605
2023-09-24,Arsenal,Tottenham Hotspur,2,2,D,13,13,6,5,12,19,11,4,3,4.0,0,0.0,2023,H,,,1,0.0,0.0,0.0,0,3,2.3333333333333335,1.9,1.725
2023-09-30,Arsenal,Bournemouth,4,0,A,8,15,1,8,11,10,6,6,1,,0,,2023,A,0.0,0.0,3,0.0,0.0,0.0,1,1,2.3333333333333335,1.9090909090909092,0.9333333333333333
2023-10-08,Arsenal,Manchester City,1,0,H,12,4,2,1,8,7,5,4,2,3.0,0,0.0,2023,H,,,3,0.0,0.0,0.0,1,2,2.3333333333333335,1.9180327868852458,2.3442622950819674
2023-10-21,Arsenal,Chelsea,2,2,D,11,13,5,3,7,14,2,7,3,,0,,2023,A,3.0,0.0,1,0.0,0.0,0.0,0,3,2.3333333333333335,1.910569105691057,1.6016260162601625
2023-10-28,Arsenal,Sheffield United,5,0,H,13,2,8,0,9,13,6,1,0,3.0,0,0.0,2023,H,,,3,0.0,0.0,0.0,1,0,2.3333333333333335,1.9193548387096775,0.5
2023-11-04,Arsenal,Newcastle United,0,1,H,9,14,2,1,14,9,0,11,1,,0,,2023,A,5.0,0.0,0,0.0,0.0,0.0,0,1,1.3333333333333333,1.904,1.48
2023-11-11,Arsenal,Burnley,3,1,H,16,8,6,5,8,9,3,3,0,1.0,1,0.0,2023,H,,,3,0.0,0.0,0.0,0,2,2.0,1.9126984126984128,0.8863636363636364
2023-11-25,Arsenal,Brentford,1,0,A,9,15,3,4,9,7,1,8,1,,0,,2023,A,1.0,0.0,3,0.0,0.0,0.0,1,1,2.0,1.921259842519685,1.3595505617977528
2023-12-02,Arsenal,Wolverhampton Wanderers,2,1,H,19,6,6,3,10,10,4,0,1,2.0,0,0.0,2023,H,,,3,0.0,0.0,0.0,0,1,3.0,1.9296875,1.1875
2023-12-05,Arsenal,Luton Town,4,3,A,6,23,4,9,14,7,3,8,1,,0,,2023,A,2.0,0.0,3,0.0,0.0,0.0,0,1,3.0,1.937984496124031,0.6
2023-12-09,Arsenal,Aston Villa,0,1,H,10,12,3,5,16,11,3,3,2,,0,,2023,A,4.0,0.0,0,0.0,0.0,0.0,0,2,2.0,1.9230769230769231,1.5076923076923077
2023-12-17,Arsenal,Brighton and Hove Albion,2,0,H,26,6,9,1,11,9,10,1,1,3.0,0,0.0,2023,H,,,3,0.0,0.0,0.0,1,1,2.0,1.9312977099236641,1.3740458015267176
2023-12-23,Arsenal,Liverpool,1,1,D,13,13,3,2,13,14,4,5,5,,0,,2023,A,2.0,0.0,1,0.0,0.0,0.0,0,5,1.3333333333333333,1.9242424242424243,2.022727272727273
2023-12-28,Arsenal,West Ham United,0,2,A,30,6,8,3,8,8,10,3,2,0.0,0,0.0,2023,H,,,0,0.0,0.0,0.0,0,2,1.3333333333333333,1.9097744360902256,1.4586466165413534
2023-12-31,Arsenal,Fulham,1,2,H,15,13,4,3,11,10,5,4,1,,0,,2023,A,4.0,0.0,0,0.0,0.0,0.0,0,1,0.3333333333333333,1.8955223880597014,1.0833333333333333
2024-01-20,Arsenal,Crystal Palace,5,0,H,21,12,6,5,8,12,6,7,0,0.0,0,0.0,2024,H,,,3,0.0,0.0,0.0,1,0,1.0,1.9037037037037037,1.1703703703703703
2024-01-30,Arsenal,Nottingham Forest,2,1,A,9,19,3,3,6,7,2,11,1,,0,,2024,A,0.0,0.0,3,0.0,0.0,0.0,0,1,2.0,1.911764705882353,0.9666666666666667
2024-02-04,Arsenal,Liverpool,3,1,H,15,10,7,1,11,11,2,4,6,2.0,0,1.0,2024,H,,,3,0.0,0.0,0.0,0,6,3.0,1.9197080291970803,2.0364963503649633
2024-02-11,Arsenal,West Ham United,6,0,A,5,25,1,12,17,11,2,6,0,,0,,2024,A,4.0,0.0,3,0.0,0.0,0.0,1,0,3.0,1.9275362318840579,1.4275362318840579
2024-02-17,Arsenal,Burnley,5,0,A,8,16,0,7,11,8,4,6,1,,0,,2024,A,2.0,0.0,3,0.0,0.0,0.0,1,1,3.0,1.935251798561151,0.8613861386138614
2024-02-24,Arsenal,Newcastle United,4,1,H,18,3,8,2,15,6,9,0,1,0.0,0,0.0,2024,H,,,3,0.0,0.0,0.0,0,1,3.0,1.9428571428571428,1.4428571428571428
2024-03-04,Arsenal,Sheffield United,6,0,A,4,22,0,10,11,4,0,7,0,,0,,2024,A,1.0,0.0,3,0.0,0.0,0.0,1,0,3.0,1.950354609929078,0.5538461538461539
2024-03-09,Arsenal,Brentford,2,1,H,17,9,6,4,9,10,10,4,2,4.0,0,0.0,2024,H,,,3,0.0,0.0,0.0,0,2,3.0,1.9577464788732395,1.2596153846153846
2024-03-31,Arsenal,Manchester City,0,0,D,12,6,1,2,9,20,7,4,2,,0,,2024,A,0.0,0.0,1,0.0,0.0,0.0,1,2,2.3333333333333335,1.951048951048951,2.3216783216783217
2024-04-03,Arsenal,Luton Town,2,0,H,13,5,4,1,12,8,3,1,1,1.0,0,0.0,2024,H,,,3,0.0,0.0,0.0,1,1,2.3333333333333335,1.9583333333333333,0.7096774193548387
2024-04-06,Arsenal,Brighton and Hove Albion,3,0,A,10,20,2,7,14,13,8,7,2,,0,,2024,A,1.0,0.0,3,0.0,0.0,0.0,1,2,2.3333333333333335,1.9655172413793103,1.3586206896551725
2024-04-14,Arsenal,Aston Villa,0,2,A,18,11,4,2,12,7,4,6,3,1.0,0,0.0,2024,H,,,0,0.0,0.0,0.0,0,3,2.0,1.952054794520548,1.5238095238095237
2024-04-20,Arsenal,Wolverhampton Wanderers,2,0,A,5,24,3,9,14,9,1,2,2,,0,,2024,A,3.0,0.0,3,0.0,0.0,0.0,1,2,2.0,1.9591836734693877,1.2244897959183674
2024-04-23,Arsenal,Chelsea,5,0,H,27,7,10,1,12,11,4,2,2,2.0,0,0.0,2024,H,,,3,0.0,0.0,0.0,1,2,2.0,1.9662162162162162,1.5890410958904109
2024-04-28,Arsenal,Tottenham Hotspur,3,2,A,14,9,2,3,12,16,8,6,1,,0,,2024,A,2.0,0.0,3,0.0,0.0,0.0,0,1,3.0,1.9731543624161074,1.7210884353741496
2024-05-04,Arsenal,Bournemouth,3,0,H,25,7,9,2,16,12,6,1,2,3.0,0,0.0,2024,H,,,3,0.0,0.0,0.0,1,2,3.0,1.98,1.1756756756756757
2024-05-12,Arsenal,Manchester United,1,0,A,14,11,2,5,5,6,4,7,2,,0,,2024,A,0.0,0.0,3,0.0,0.0,0.0,1,2,3.0,1.9867549668874172,1.74
2024-05-19,Arsenal,Everton,2,1,H,26,5,5,2,8,11,8,1,4,3.0,0,0.0,2024,H,,,3,0.0,0.0,0.0,0,4,3.0,1.993421052631579,1.1973684210526316
2024-08-17,Arsenal,Wolverhampton Wanderers,2,0,H,18,9,6,3,17,14,8,2,2,2.0,0,0.0,2024,H,,,3,0.0,0.0,0.0,1,2,3.0,2.0,1.196078431372549
2024-08-24,Arsenal,Aston Villa,2,0,A,11,9,3,4,8,15,4,1,3,,0,,2024,A,1.0,0.0,3,0.0,0.0,0.0,1,3,3.0,2.0064935064935066,1.5064935064935066
2024-08-31,Arsenal,Brighton and Hove Albion,1,1,D,11,22,7,4,12,7,3,7,3,2.0,1,0.0,2024,H,,,1,0.0,0.0,0.0,0,5,2.3333333333333335,2.0,1.3483870967741935
2024-09-15,Arsenal,Tottenham Hotspur,1,0,A,15,7,5,4,13,10,7,6,3,,0,,2024,A,5.0,0.0,3,0.0,0.0,0.0,1,3,2.3333333333333335,2.0064102564102564,1.685897435897436
2024-09-22,Arsenal,Manchester City,2,2,D,33,5,11,3,7,10,8,2,4,,1,,2024,A,3.0,0.0,1,0.0,0.0,0.0,0,6,1.6666666666666667,2.0,2.3694267515923566
2024-09-28,Arsenal,Leicester City,4,2,H,36,5,16,3,11,6,17,0,2,4.0,0,0.0,2024,H,,,3,0.0,0.0,0.0,0,2,2.3333333333333335,2.0063291139240507,1.2916666666666667
2024-10-05,Arsenal,Southampton,3,1,H,29,8,6,2,10,9,13,1,0,3.0,0,0.0,2024,H,,,3,0.0,0.0,0.0,0,0,2.3333333333333335,2.0125786163522013,0.9008264462809917
2024-10-19,Arsenal,Bournemouth,0,2,H,13,6,4,1,12,11,7,4,1,,1,,2024,A,1.0,0.0,0,0.0,0.0,0.0,0,3,2.0,2.0,1.1666666666666667
2024-10-27,Arsenal,Liverpool,2,2,D,9,9,3,4,14,14,1,3,2,2.0,0,0.0,2024,H,,,1,0.0,0.0,0.0,0,2,1.3333333333333333,1.9937888198757765,2.062111801242236
2024-11-02,Arsenal,Newcastle United,0,1,H,9,10,4,1,16,18,4,6,4,,0,,2024,A,4.0,0.0,0,0.0,0.0,0.0,0,4,0.3333333333333333,1.9814814814814814,1.4814814814814814
2024-11-10,Arsenal,Chelsea,1,1,D,17,13,3,3,12,12,4,3,2,,0,,2024,A,4.0,0.0,1,0.0,0.0,0.0,0,2,0.6666666666666666,1.9754601226993864,1.638036809815951
2024-11-23,Arsenal,Nottingham Forest,3,0,H,19,7,7,0,10,1,8,1,3,2.0,0,0.0,2024,H,,,3,0.0,0.0,0.0,1,3,1.3333333333333333,1.9817073170731707,1.0568181818181819
2024-11-30,Arsenal,West Ham United,5,2,A,12,16,5,7,10,13,2,10,1,,0,,2024,A,4.0,0.0,3,0.0,0.0,0.0,0,1,2.3333333333333335,1.9878787878787878,1.3818181818181818
2024-12-04,Arsenal,Manchester United,2,0,H,14,5,6,2,12,8,13,0,1,3.0,0,0.0,2024,H,,,3,0.0,0.0,0.0,1,1,3.0,1.9939759036144578,1.7228915662650603
2024-12-08,Arsenal,Fulham,1,1,D,2,12,2,4,10,9,0,6,2,,0,,2024,A,4.0,0.0,1,0.0,0.0,0.0,0,2,2.3333333333333335,1.9880239520958083,1.1627906976744187
2024-12-14,Arsenal,Everton,0,0,D,13,2,5,0,6,9,8,2,0,3.0,0,0.0,2024,H,,,1,0.0,0.0,0.0,1,0,1.6666666666666667,1.9821428571428572,1.1796407185628743
2024-12-21,Arsenal,Crystal Palace,5,1,A,15,14,6,6,9,8,3,3,2,,0,,2024,A,2.0,0.0,3,0.0,0.0,0.0,0,2,1.6666666666666667,1.9881656804733727,1.1952662721893492
2024-12-27,Arsenal,Ipswich Town,1,0,H,13,3,5,0,7,12,5,1,1,1.0,0,0.0,2024,H,,,3,0.0,0.0,0.0,1,1,2.3333333333333335,1.9941176470588236,0.6666666666666666
2025-01-01,Arsenal,Brentford,3,1,A,5,14,2,5,6,8,4,3,2,,0,,2025,A,1.0,0.0,3,0.0,0.0,0.0,0,2,3.0,2.0,1.263157894736842
2025-01-04,Arsenal,Brighton and Hove Albion,1,1,D,11,9,4,3,17,14,2,5,3,,0,,2025,A,2.0,0.0,1,0.0,0.0,0.0,0,3,2.3333333333333335,1.994186046511628,1.3372093023255813
2025-01-15,Arsenal,Tottenham Hotspur,2,1,H,14,10,4,2,16,9,10,4,3,1.0,0,0.0,2025,H,,,3,0.0,0.0,0.0,0,3,2.3333333333333335,2.0,1.6358381502890174
2025-01-18,Arsenal,Aston Villa,2,2,D,18,8,6,4,10,18,10,1,2,3.0,0,0.0,2025,H,,,1,0.0,0.0,0.0,0,2,1.6666666666666667,1.9942528735632183,1.5229885057471264
2025-01-25,Arsenal,Wolverhampton Wanderers,1,0,A,9,9,4,3,20,10,1,5,1,,1,,2025,A,0.0,1.0,3,0.0,0.0,0.0,1,3,2.3333333333333335,2.0,1.1371428571428572
2025-02-02,Arsenal,Manchester City,5,1,H,12,7,7,4,6,7,5,2,2,0.0,0,0.0,2025,H,,,3,0.0,0.0,0.0,0,2,2.3333333333333335,2.0056818181818183,2.272727272727273
2025-02-15,Arsenal,Leicester City,2,0,A,6,11,2,5,9,10,3,7,1,,0,,2025,A,2.0,0.0,3,0.0,0.0,0.0,1,1,3.0,2.0112994350282487,1.2158273381294964
2025-02-22,Arsenal,West Ham United,0,1,A,20,5,2,2,16,15,2,0,1,3.0,1,0.0,2025,H,,,0,0.0,0.0,0.0,0,3,2.0,2.0,1.3651685393258426
2025-02-26,Arsenal,Nottingham Forest,0,0,D,6,13,2,1,10,17,3,11,1,,0,,2025,A,1.0,0.0,1,0.0,0.0,0.0,1,1,1.3333333333333333,1.994413407821229,1.1844660194174756
2025-03-09,Arsenal,Manchester United,1,1,D,10,17,6,6,8,11,2,9,1,,0,,2025,A,0.0,0.0,1,0.0,0.0,0.0,0,1,0.6666666666666666,1.988888888888889,1.6722222222222223
2025-03-16,Arsenal,Chelsea,1,0,H,12,8,4,2,10,13,5,4,3,3.0,0,0.0,2025,H,,,3,0.0,0.0,0.0,1,3,1.6666666666666667,1.9944751381215469,1.6408839779005524
2025-04-01,Arsenal,Fulham,2,1,H,17,9,4,3,2,10,5,4,1,2.0,0,0.0,2025,H,,,3,0.0,0.0,0.0,0,1,2.3333333333333335,2.0,1.1944444444444444
2025-04-05,Arsenal,Everton,1,1,D,5,14,2,5,17,13,3,8,1,,0,,2025,A,3.0,0.0,1,0.0,0.0,0.0,0,1,2.3333333333333335,1.994535519125683,1.185792349726776
2025-04-12,Arsenal,Brentford,1,1,D,14,3,3,2,7,9,13,5,1,3.0,0,0.0,2025,H,,,1,0.0,0.0,0.0,0,1,1.6666666666666667,1.9891304347826086,1.2808219178082192
2025-04-20,Arsenal,Ipswich Town,4,0,A,4,24,0,7,10,7,0,12,0,,0,,2025,A,0.0,1.0,3,0.0,0.0,0.0,1,0,1.6666666666666667,1.9945945945945946,0.6363636363636364
2025-04-23,Arsenal,Crystal Palace,2,2,D,12,15,6,4,4,6,3,6,1,1.0,0,0.0,2025,H,,,1,0.0,0.0,0.0,0,1,1.6666666666666667,1.989247311827957,1.2419354838709677
2025-05-03,Arsenal,Bournemouth,1,2,A,13,9,4,2,7,16,2,3,0,2.0,0,0.0,2025,H,,,0,0.0,0.0,0.0,0,0,1.3333333333333333,1.9786096256684491,1.2612612612612613
2025-05-11,Arsenal,Liverpool,2,2,D,14,15,5,7,13,10,3,1,1,,1,,2025,A,1.0,0.0,1,0.0,0.0,0.0,0,3,0.6666666666666666,1.9734042553191489,2.0904255319148937
2025-05-18,Arsenal,Newcastle United,1,0,H,12,14,4,5,9,9,10,7,3,3.0,0,0.0,2025,H,,,3,0.0,0.0,0.0,1,3,1.3333333333333333,1.9788359788359788,1.5396825396825398
2025-05-25,Arsenal,Southampton,2,1,A,7,23,2,8,7,8,5,8,0,,0,,2025,A,0.0,0.0,3,0.0,0.0,0.0,0,0,2.3333333333333335,1.9842105263157894,0.7894736842105263
2025-08-17,Arsenal,Manchester United,1,0,A,22,9,7,3,10,19,3,4,4,,0,,2025,A,1.0,0.0,3,0.0,0.0,0.0,1,4,3.0,1.9895287958115184,1.617801047120419
2025-08-23,Arsenal,Leeds United,5,0,H,18,3,5,1,8,11,2,2,0,2.0,0,0.0,2025,H,,,3,0.0,0.0,0.0,1,0,3.0,1.9947916666666667,1.1293103448275863
2025-08-31,Arsenal,Liverpool,0,1,H,9,11,3,1,7,10,3,8,2,,0,,2025,A,2.0,0.0,0,0.0,0.0,0.0,0,2,2.0,1.9844559585492227,2.088082901554404
2025-09-13,Arsenal,Nottingham Forest,3,0,H,16,5,5,1,8,11,8,4,1,1.0,0,0.0,2025,H,,,3,0.0,0.0,0.0,1,1,2.0,1.9896907216494846,1.2118644067796611
2025-09-21,Arsenal,Manchester City,1,1,D,12,5,3,3,11,10,11,2,1,2.0,0,0.0,2025,H,,,1,0.0,0.0,0.0,0,1,1.3333333333333333,1.9846153846153847,2.241025641025641
2025-09-28,Arsenal,Newcastle United,2,1,A,8,20,3,7,8,9,7,12,1,,0,,2025,A,2.0,0.0,3,0.0,0.0,0.0,0,1,2.3333333333333335,1.989795918367347,1.5153061224489797
2025-10-04,Arsenal,West Ham United,2,0,H,21,4,5,0,14,14,8,3,0,2.0,0,0.0,2025,H,,,3,0.0,0.0,0.0,1,0,2.3333333333333335,1.9949238578680204,1.3197969543147208
2025-10-18,Arsenal,Fulham,1,0,A,9,16,0,5,11,4,6,10,0,,0,,2025,A,0.0,0.0,3,0.0,0.0,0.0,1,0,3.0,2.0,1.18125
2025-10-26,Arsenal,Crystal Palace,1,0,H,10,7,3,1,6,11,4,3,0,0.0,0,0.0,2025,H,,,3,0.0,0.0,0.0,1,0,3.0,2.0050251256281406,1.2663316582914572
2025-11-01,Arsenal,Burnley,2,0,A,3,12,0,8,10,13,1,6,1,,0,,2025,A,2.0,0.0,3,0.0,0.0,0.0,1,1,3.0,2.01,0.8709677419354839
2025-11-08,Arsenal,Sunderland,2,2,D,6,17,2,7,13,13,2,2,1,,0,,2025,A,2.0,0.0,1,0.0,0.0,0.0,0,1,2.3333333333333335,2.0049751243781095,1.7272727272727273
2020-09-21,Aston Villa,Sheffield United,1,0,H,18,4,2,1,12,13,10,4,3,1.0,0,1.0,2020,H,,,3,0.0,0.0,0.0,1,3,3.0,3.0,0.0
2020-09-28,Aston Villa,Fulham,3,0,A,16,12,3,5,18,14,5,3,3,,0,,2020,A,6.0,0.0,3,0.0,0.0,0.0,1,3,3.0,3.0,0.0
2020-10-04,Aston Villa,Liverpool,7,2,H,18,14,11,8,7,10,2,7,2,1.0,0,0.0,2020,H,,,3,0.0,0.0,0.0,0,2,3.0,3.0,2.25
2020-10-18,Aston Villa,Leicester City,1,0,A,11,10,5,4,18,18,2,7,3,,0,,2020,A,4.0,0.0,3,0.0,0.0,0.0,1,3,3.0,3.0,1.8
2020-10-23,Aston Villa,Leeds United,0,3,A,12,27,4,9,14,17,6,5,2,2.0,0,0.0,2020,H,,,0,0.0,0.0,0.0,0,2,2.0,2.4,1.6666666666666667
2020-11-01,Aston Villa,Southampton,3,4,A,19,9,10,4,12,17,11,1,1,2.0,0,0.0,2020,H,,,0,0.0,0.0,0.0,0,1,1.0,2.0,1.8571428571428572
2020-11-08,Aston Villa,Arsenal,3,0,A,13,15,2,6,11,13,3,8,0,,0,,2020,A,0.0,0.0,3,0.0,0.0,0.0,1,0,1.0,2.142857142857143,1.5
2020-11-21,Aston Villa,Brighton and Hove Albion,1,2,A,15,7,4,3,5,18,12,3,2,1.0,0,1.0,2020,H,,,0,0.0,0.0,0.0,0,2,1.0,1.875,1.0
2020-11-30,Aston Villa,West Ham United,1,2,H,6,16,2,6,20,7,3,7,1,,0,,2020,A,1.0,0.0,0,0.0,0.0,0.0,0,1,1.0,1.6666666666666667,1.7
2020-12-12,Aston Villa,Wolverhampton Wanderers,1,0,A,16,13,7,2,23,15,5,8,5,,0,,2020,A,2.0,0.0,3,0.0,0.0,0.0,1,5,1.0,1.8,1.4166666666666667
2020-12-17,Aston Villa,Burnley,0,0,D,27,6,7,4,17,19,11,1,1,1.0,0,0.0,2020,H,,,1,0.0,0.0,0.0,1,1,1.3333333333333333,1.7272727272727273,0.8333333333333334
2020-12-20,Aston Villa,West Brom,3,0,A,1,19,1,10,14,8,1,7,2,,0,,2020,A,1.0,1.0,3,0.0,0.0,0.0,1,2,2.3333333333333335,1.8333333333333333,0.5
2020-12-26,Aston Villa,Crystal Palace,3,0,H,21,13,10,6,18,16,4,4,1,4.0,1,0.0,2020,H,,,3,0.0,0.0,0.0,1,3,2.3333333333333335,1.9230769230769231,1.2
2020-12-28,Aston Villa,Chelsea,1,1,D,16,10,5,2,16,3,11,4,1,,0,,2020,A,3.0,0.0,1,0.0,0.0,0.0,0,1,2.3333333333333335,1.8571428571428572,1.625
2021-01-01,Aston Villa,Manchester United,1,2,H,19,5,9,5,22,10,5,10,0,,0,,2021,A,4.0,0.0,0,0.0,0.0,0.0,0,0,1.3333333333333333,1.7333333333333334,2.0625
2021-01-20,Aston Villa,Manchester City,0,2,H,28,11,9,4,10,9,16,2,2,,0,,2021,A,0.0,0.0,0,0.0,0.0,0.0,0,2,0.3333333333333333,1.625,2.111111111111111
2021-01-23,Aston Villa,Newcastle United,2,0,H,14,7,5,1,9,18,5,4,0,3.0,0,0.0,2021,H,,,3,0.0,0.0,0.0,1,0,1.0,1.7058823529411764,1.0
2021-01-27,Aston Villa,Burnley,2,3,H,10,18,5,10,16,7,2,4,0,,0,,2021,A,1.0,0.0,0,0.0,0.0,0.0,0,0,1.0,1.6111111111111112,1.1578947368421053
2021-01-30,Aston Villa,Southampton,1,0,A,20,8,5,4,12,11,7,1,0,,0,,2021,A,1.0,0.0,3,0.0,0.0,0.0,1,0,2.0,1.6842105263157894,1.45
2021-02-03,Aston Villa,West Ham United,1,3,A,9,20,2,10,11,15,7,3,1,1.0,0,0.0,2021,H,,,0,0.0,0.0,0.0,0,1,1.0,1.6,1.7272727272727273
2021-02-06,Aston Villa,Arsenal,1,0,H,12,14,8,3,12,12,3,7,3,2.0,0,0.0,2021,H,,,3,0.0,0.0,0.0,1,3,2.0,1.6666666666666667,1.3478260869565217
2021-02-13,Aston Villa,Brighton and Hove Albion,0,0,D,26,4,9,1,16,12,9,2,3,,0,,2021,A,2.0,0.0,1,0.0,0.0,0.0,1,3,1.3333333333333333,1.6363636363636365,1.0833333333333333
2021-02-21,Aston Villa,Leicester City,1,2,A,11,16,2,7,11,12,7,8,2,1.0,0,0.0,2021,H,,,0,0.0,0.0,0.0,0,2,1.3333333333333333,1.565217391304348,1.96
2021-02-27,Aston Villa,Leeds United,1,0,A,13,9,3,4,14,14,7,5,2,,0,,2021,A,3.0,0.0,3,0.0,0.0,0.0,1,2,1.3333333333333333,1.625,1.3461538461538463
2021-03-03,Aston Villa,Sheffield United,0,1,H,9,16,2,4,13,6,2,7,0,,0,,2021,A,1.0,1.0,0,0.0,0.0,0.0,0,0,1.0,1.56,0.5185185185185185
2021-03-06,Aston Villa,Wolverhampton Wanderers,0,0,D,9,10,1,2,13,13,5,3,1,0.0,0,0.0,2021,H,,,1,0.0,0.0,0.0,1,1,1.3333333333333333,1.5384615384615385,1.25
2021-03-12,Aston Villa,Newcastle United,1,1,D,12,15,3,6,10,10,2,2,3,,0,,2021,A,2.0,0.0,1,0.0,0.0,0.0,0,3,0.6666666666666666,1.5185185185185186,1.0
2021-03-21,Aston Villa,Tottenham Hotspur,0,2,A,8,9,1,3,18,13,5,8,3,2.0,0,0.0,2021,H,,,0,0.0,0.0,0.0,0,3,0.6666666666666666,1.4642857142857142,1.6551724137931034
2021-04-04,Aston Villa,Fulham,3,1,H,14,15,4,7,14,20,4,4,1,2.0,0,0.0,2021,H,,,3,0.0,0.0,0.0,0,1,1.3333333333333333,1.5172413793103448,0.8387096774193549
2021-04-10,Aston Villa,Liverpool,1,2,H,23,9,10,5,16,11,7,0,4,,0,,2021,A,2.0,0.0,0,0.0,0.0,0.0,0,4,1.0,1.4666666666666666,1.6774193548387097
2021-04-21,Aston Villa,Manchester City,1,2,A,8,13,3,3,12,7,1,11,0,1.0,1,1.0,2021,H,,,0,0.0,0.0,0.0,0,2,1.0,1.4193548387096775,2.3333333333333335
2021-04-25,Aston Villa,West Brom,2,2,D,24,10,11,4,14,9,11,4,0,2.0,0,0.0,2021,H,,,1,0.0,0.0,0.0,0,0,0.3333333333333333,1.40625,0.7575757575757576
2021-05-01,Aston Villa,Everton,2,1,A,16,13,3,5,10,13,3,6,2,,0,,2021,A,0.0,0.0,3,0.0,0.0,0.0,0,2,1.3333333333333333,1.4545454545454546,1.5757575757575757
2021-05-09,Aston Villa,Manchester United,1,3,A,11,18,5,7,13,18,5,6,1,1.0,1,0.0,2021,H,,,0,0.0,0.0,0.0,0,3,1.3333333333333333,1.411764705882353,2.0588235294117645
2021-05-13,Aston Villa,Everton,0,0,D,13,15,2,5,9,12,9,1,2,0.0,0,0.0,2021,H,,,1,0.0,0.0,0.0,1,2,1.3333333333333333,1.4,1.6
2021-05-16,Aston Villa,Crystal Palace,2,3,H,23,19,8,5,23,13,7,7,2,,0,,2021,A,3.0,0.0,0,0.0,0.0,0.0,0,2,0.3333333333333333,1.3611111111111112,1.2222222222222223
2021-05-19,Aston Villa,Tottenham Hotspur,2,1,A,10,20,4,4,14,13,4,5,1,,0,,2021,A,1.0,0.0,3,0.0,0.0,0.0,0,1,1.3333333333333333,1.4054054054054055,1.5945945945945945
2021-05-23,Aston Villa,Chelsea,2,1,H,6,23,3,7,11,12,2,9,3,3.0,0,1.0,2021,H,,,3,0.0,0.0,0.0,0,3,2.0,1.4473684210526316,1.763157894736842
2021-08-14,Aston Villa,Watford,2,3,H,13,11,7,2,18,13,2,4,1,,0,,2021,A,3.0,0.0,0,0.0,0.0,0.0,0,1,2.0,1.4102564102564104,3.0
2021-08-21,Aston Villa,Newcastle United,2,0,H,10,9,2,1,8,18,3,4,3,4.0,0,0.0,2021,H,,,3,0.0,0.0,0.0,1,3,2.0,1.45,1.125
2021-08-28,Aston Villa,Brentford,1,1,D,7,9,5,2,15,14,3,2,3,3.0,0,0.0,2021,H,,,1,0.0,0.0,0.0,0,3,1.3333333333333333,1.4390243902439024,1.6666666666666667
2021-09-11,Aston Villa,Chelsea,0,3,H,12,18,4,6,11,11,4,11,4,,0,,2021,A,1.0,0.0,0,0.0,0.0,0.0,0,4,1.3333333333333333,1.4047619047619047,1.8333333333333333
2021-09-18,Aston Villa,Everton,3,0,H,15,11,3,1,7,10,5,4,1,1.0,0,0.0,2021,H,,,3,0.0,0.0,0.0,1,1,1.3333333333333333,1.441860465116279,1.6046511627906976
2021-09-25,Aston Villa,Manchester United,1,0,A,28,7,4,3,9,13,5,5,2,,0,,2021,A,2.0,0.0,3,0.0,0.0,0.0,1,2,2.0,1.4772727272727273,1.9772727272727273
2021-10-03,Aston Villa,Tottenham Hotspur,1,2,H,17,14,8,3,11,14,5,8,1,,0,,2021,A,2.0,0.0,0,0.0,0.0,0.0,0,1,2.0,1.4444444444444444,1.6444444444444444
2021-10-16,Aston Villa,Wolverhampton Wanderers,2,3,A,14,9,5,4,8,17,6,7,2,3.0,0,0.0,2021,H,,,0,0.0,0.0,0.0,0,2,1.0,1.4130434782608696,1.2391304347826086
2021-10-22,Aston Villa,Arsenal,1,3,H,22,10,9,4,17,10,7,4,5,,0,,2021,A,2.0,0.0,0,0.0,0.0,0.0,0,5,0.0,1.3829787234042554,1.5957446808510638
2021-10-31,Aston Villa,West Ham United,1,4,A,9,21,3,9,7,13,3,6,1,2.0,1,0.0,2021,H,,,0,0.0,0.0,0.0,0,3,0.0,1.3541666666666667,1.7708333333333333
2021-11-05,Aston Villa,Southampton,0,1,H,9,14,3,3,12,12,10,8,2,,0,,2021,A,2.0,0.0,0,0.0,0.0,0.0,0,2,0.0,1.3265306122448979,1.163265306122449
2021-11-20,Aston Villa,Brighton and Hove Albion,2,0,H,9,6,5,2,7,13,5,7,3,3.0,0,0.0,2021,H,,,3,0.0,0.0,0.0,1,3,1.0,1.36,1.16
2021-11-27,Aston Villa,Crystal Palace,2,1,A,8,10,3,3,12,10,7,3,3,,0,,2021,A,3.0,0.0,3,0.0,0.0,0.0,0,3,2.0,1.392156862745098,1.1764705882352942
2021-12-01,Aston Villa,Manchester City,1,2,A,9,17,3,7,8,12,4,11,0,0.0,0,0.0,2021,H,,,0,0.0,0.0,0.0,0,0,2.0,1.3653846153846154,2.269230769230769
2021-12-05,Aston Villa,Leicester City,2,1,H,13,12,4,5,8,25,3,6,1,1.0,0,0.0,2021,H,,,3,0.0,0.0,0.0,0,1,2.0,1.3962264150943395,1.6037735849056605
2021-12-11,Aston Villa,Liverpool,0,1,H,20,4,5,0,13,6,11,3,2,,0,,2021,A,1.0,0.0,0,0.0,0.0,0.0,0,2,1.0,1.3703703703703705,1.962962962962963
2021-12-14,Aston Villa,Norwich City,2,0,A,7,17,3,6,12,9,7,10,1,,0,,2021,A,3.0,0.0,3,0.0,0.0,0.0,1,1,2.0,1.4,0.5882352941176471
2021-12-26,Aston Villa,Chelsea,1,3,A,8,10,1,4,8,11,2,5,3,1.0,0,0.0,2021,H,,,0,0.0,0.0,0.0,0,3,1.0,1.375,1.894736842105263
2022-01-02,Aston Villa,Brentford,1,2,H,10,16,4,5,17,11,3,7,2,,0,,2022,A,2.0,0.0,0,0.0,0.0,0.0,0,2,1.0,1.3508771929824561,1.2105263157894737
2022-01-15,Aston Villa,Manchester United,2,2,D,13,13,9,6,8,13,3,6,1,2.0,0,0.0,2022,H,,,1,0.0,0.0,0.0,0,1,0.3333333333333333,1.3448275862068966,1.8275862068965518
2022-01-22,Aston Villa,Everton,1,0,A,15,8,1,3,14,16,9,2,3,,0,,2022,A,5.0,0.0,3,0.0,0.0,0.0,1,3,1.3333333333333333,1.3728813559322033,1.3448275862068966
2022-02-09,Aston Villa,Leeds United,3,3,D,12,16,4,8,11,9,6,11,1,3.0,1,0.0,2022,H,,,1,0.0,0.0,0.0,0,3,1.6666666666666667,1.3666666666666667,1.3666666666666667
2022-02-13,Aston Villa,Newcastle United,0,1,H,10,11,2,1,22,15,3,6,4,,0,,2022,A,3.0,0.0,0,0.0,0.0,0.0,0,4,1.3333333333333333,1.3442622950819672,1.0819672131147542
2022-02-19,Aston Villa,Watford,0,1,A,20,8,1,4,12,7,10,5,1,2.0,0,0.0,2022,H,,,0,0.0,0.0,0.0,0,1,0.3333333333333333,1.3225806451612903,0.75
2022-02-26,Aston Villa,Brighton and Hove Albion,2,0,A,12,9,1,4,17,11,7,2,5,,0,,2022,A,4.0,0.0,3,0.0,0.0,0.0,1,5,1.0,1.3492063492063493,1.15625
2022-03-05,Aston Villa,Southampton,4,0,H,14,11,9,1,10,8,4,7,1,1.0,0,0.0,2022,H,,,3,0.0,0.0,0.0,1,1,2.0,1.375,1.2
2022-03-10,Aston Villa,Leeds United,3,0,A,4,15,1,9,17,11,3,5,3,,0,,2022,A,5.0,0.0,3,0.0,0.0,0.0,1,3,3.0,1.4,1.2424242424242424
2022-03-13,Aston Villa,West Ham United,1,2,H,11,13,4,7,9,3,5,7,0,,0,,2022,A,1.0,0.0,0,0.0,0.0,0.0,0,0,2.0,1.378787878787879,1.6865671641791045
2022-03-19,Aston Villa,Arsenal,0,1,A,8,10,1,3,13,14,6,5,3,3.0,0,0.0,2022,H,,,0,0.0,0.0,0.0,0,3,1.0,1.3582089552238805,1.7424242424242424
2022-04-02,Aston Villa,Wolverhampton Wanderers,1,2,H,11,15,5,5,15,8,4,9,3,,0,,2022,A,4.0,0.0,0,0.0,0.0,0.0,0,3,0.0,1.338235294117647,1.3623188405797102
2022-04-09,Aston Villa,Tottenham Hotspur,0,4,A,9,11,8,5,12,14,9,3,2,3.0,0,0.0,2022,H,,,0,0.0,0.0,0.0,0,2,0.0,1.318840579710145,1.7246376811594204
2022-04-23,Aston Villa,Leicester City,0,0,D,5,11,2,3,15,16,7,6,2,,0,,2022,A,3.0,0.0,1,0.0,0.0,0.0,1,2,0.3333333333333333,1.3142857142857143,1.542857142857143
2022-04-30,Aston Villa,Norwich City,2,0,H,21,9,6,3,16,8,2,3,4,1.0,0,0.0,2022,H,,,3,0.0,0.0,0.0,1,4,1.3333333333333333,1.3380281690140845,0.6176470588235294
2022-05-07,Aston Villa,Burnley,3,1,A,14,12,6,7,13,11,4,5,2,,0,,2022,A,1.0,0.0,3,0.0,0.0,0.0,0,2,2.3333333333333335,1.3611111111111112,1.0
2022-05-10,Aston Villa,Liverpool,1,2,A,9,17,4,6,10,12,2,3,0,0.0,0,0.0,2022,H,,,0,0.0,0.0,0.0,0,0,2.0,1.3424657534246576,2.0945945945945947
2022-05-15,Aston Villa,Crystal Palace,1,1,D,13,16,4,4,11,15,1,5,1,3.0,0,0.0,2022,H,,,1,0.0,0.0,0.0,0,1,1.3333333333333333,1.337837837837838,1.2027027027027026
2022-05-19,Aston Villa,Burnley,1,1,D,22,10,9,5,11,20,13,6,0,1.0,0,1.0,2022,H,,,1,0.0,0.0,0.0,0,0,0.6666666666666666,1.3333333333333333,0.9866666666666667
2022-05-22,Aston Villa,Manchester City,2,3,H,24,4,5,2,5,11,13,1,1,,0,,2022,A,0.0,0.0,0,0.0,0.0,0.0,0,1,0.6666666666666666,1.3157894736842106,2.3552631578947367
2022-08-06,Aston Villa,Bournemouth,0,2,H,7,15,3,2,18,16,5,5,3,,0,,2022,A,3.0,0.0,0,0.0,0.0,0.0,0,3,0.3333333333333333,1.2987012987012987,3.0
2022-08-13,Aston Villa,Everton,2,1,H,12,15,4,4,9,7,5,8,4,1.0,0,0.0,2022,H,,,3,0.0,0.0,0.0,0,4,1.0,1.3205128205128205,1.2564102564102564
2022-08-20,Aston Villa,Crystal Palace,1,3,H,17,13,9,5,16,14,4,2,1,,0,,2022,A,2.0,0.0,0,0.0,0.0,0.0,0,1,1.0,1.3037974683544304,1.2151898734177216
2022-08-28,Aston Villa,West Ham United,0,1,A,9,7,3,2,10,10,3,2,2,0.0,0,0.0,2022,H,,,0,0.0,0.0,0.0,0,2,1.0,1.2875,1.55
2022-08-31,Aston Villa,Arsenal,1,2,H,22,4,9,3,10,14,10,3,3,,0,,2022,A,2.0,0.0,0,0.0,0.0,0.0,0,3,0.0,1.271604938271605,1.7901234567901234
2022-09-03,Aston Villa,Manchester City,1,1,D,3,13,1,4,7,6,1,4,2,0.0,0,0.0,2022,H,,,1,0.0,0.0,0.0,0,2,0.3333333333333333,1.2682926829268293,2.3536585365853657
2022-09-16,Aston Villa,Southampton,1,0,H,11,7,3,1,13,13,6,3,3,1.0,0,0.0,2022,H,,,3,0.0,0.0,0.0,1,3,1.3333333333333333,1.2891566265060241,1.0843373493975903
2022-10-02,Aston Villa,Leeds United,0,0,D,9,19,1,7,23,12,2,9,2,,0,,2022,A,3.0,1.0,1,0.0,0.0,0.0,1,2,1.6666666666666667,1.2857142857142858,1.2771084337349397
2022-10-10,Aston Villa,Nottingham Forest,1,1,D,6,12,3,2,13,19,1,4,3,,0,,2022,A,3.0,0.0,1,0.0,0.0,0.0,0,3,1.6666666666666667,1.2823529411764707,0.5555555555555556
2022-10-16,Aston Villa,Chelsea,0,2,A,18,8,7,4,12,11,7,1,0,3.0,0,0.0,2022,H,,,0,0.0,0.0,0.0,0,0,0.6666666666666666,1.2674418604651163,1.8823529411764706
2022-10-20,Aston Villa,Fulham,0,3,H,18,12,8,6,11,11,9,7,2,,1,,2022,A,0.0,0.0,0,0.0,0.0,0.0,0,4,0.3333333333333333,1.2528735632183907,0.8775510204081632
2022-10-23,Aston Villa,Brentford,4,0,H,19,12,11,3,14,11,7,6,1,0.0,0,0.0,2022,H,,,3,0.0,0.0,0.0,1,1,1.0,1.2727272727272727,1.2
2022-10-29,Aston Villa,Newcastle United,0,4,H,20,3,7,0,11,11,3,0,1,,0,,2022,A,1.0,0.0,0,0.0,0.0,0.0,0,1,1.0,1.2584269662921348,1.3258426966292134
2022-11-06,Aston Villa,Manchester United,3,1,H,6,8,4,3,6,12,3,5,3,3.0,0,0.0,2022,H,,,3,0.0,0.0,0.0,0,3,2.0,1.2777777777777777,1.7415730337078652
2022-11-13,Aston Villa,Brighton and Hove Albion,2,1,A,7,8,2,2,14,11,11,4,7,,0,,2022,A,2.0,0.0,3,0.0,0.0,0.0,0,7,2.0,1.2967032967032968,1.2555555555555555
2022-12-26,Aston Villa,Liverpool,1,3,A,12,16,6,9,7,12,0,6,0,0.0,0,0.0,2022,H,,,0,0.0,0.0,0.0,0,0,2.0,1.2826086956521738,2.043956043956044
2023-01-01,Aston Villa,Tottenham Hotspur,2,0,A,6,13,2,4,15,10,5,3,3,,0,,2023,A,4.0,0.0,3,0.0,0.0,0.0,1,3,2.0,1.3010752688172043,1.7526881720430108
2023-01-04,Aston Villa,Wolverhampton Wanderers,1,1,D,13,10,4,3,6,12,7,8,1,3.0,0,0.0,2023,H,,,1,0.0,0.0,0.0,0,1,1.3333333333333333,1.297872340425532,1.1702127659574468
2023-01-13,Aston Villa,Leeds United,2,1,H,11,16,5,4,12,8,0,11,2,2.0,0,0.0,2023,H,,,3,0.0,0.0,0.0,0,2,2.3333333333333335,1.3157894736842106,1.2127659574468086
2023-01-21,Aston Villa,Southampton,1,0,A,8,16,5,5,19,9,2,2,2,,0,,2023,A,1.0,0.0,3,0.0,0.0,0.0,1,2,2.3333333333333335,1.3333333333333333,1.0208333333333333
2023-02-04,Aston Villa,Leicester City,2,4,A,19,9,4,5,10,10,11,3,0,2.0,0,0.0,2023,H,,,0,0.0,0.0,0.0,0,0,2.0,1.3195876288659794,1.4329896907216495
2023-02-12,Aston Villa,Manchester City,1,3,H,17,6,9,2,13,14,8,4,2,,0,,2023,A,1.0,0.0,0,0.0,0.0,0.0,0,2,1.0,1.3061224489795917,2.316326530612245
2023-02-18,Aston Villa,Arsenal,2,4,A,7,20,5,5,13,4,2,9,2,1.0,0,0.0,2023,H,,,0,0.0,0.0,0.0,0,2,0.0,1.292929292929293,1.8585858585858586
2023-02-25,Aston Villa,Everton,2,0,A,15,9,5,5,12,12,5,1,1,,0,,2023,A,2.0,0.0,3,0.0,0.0,0.0,1,1,1.0,1.31,1.19
2023-03-04,Aston Villa,Crystal Palace,1,0,H,8,3,1,0,14,17,2,4,2,3.0,0,1.0,2023,H,,,3,0.0,0.0,0.0,1,2,2.0,1.3267326732673268,1.1782178217821782
2023-03-12,Aston Villa,West Ham United,1,1,D,17,12,6,4,8,6,13,2,0,,0,,2023,A,1.0,0.0,1,0.0,0.0,0.0,0,0,2.3333333333333335,1.3235294117647058,1.4215686274509804
2023-03-18,Aston Villa,Bournemouth,3,0,H,20,10,9,3,8,13,9,6,1,4.0,0,0.0,2023,H,,,3,0.0,0.0,0.0,1,1,2.3333333333333335,1.3398058252427185,0.8888888888888888
2023-04-01,Aston Villa,Chelsea,2,0,A,27,5,8,2,14,16,13,2,3,,0,,2023,A,3.0,0.0,3,0.0,0.0,0.0,1,3,2.3333333333333335,1.3557692307692308,1.7211538461538463
2023-04-04,Aston Villa,Leicester City,2,1,A,9,15,4,5,10,14,4,8,0,,0,,2023,A,2.0,1.0,3,0.0,0.0,0.0,0,0,3.0,1.3714285714285714,1.361904761904762
2023-04-08,Aston Villa,Nottingham Forest,2,0,H,8,6,3,2,7,17,1,8,3,4.0,0,0.0,2023,H,,,3,0.0,0.0,0.0,1,3,3.0,1.3867924528301887,0.9
2023-04-15,Aston Villa,Newcastle United,3,0,H,16,8,6,2,13,15,7,2,1,1.0,0,0.0,2023,H,,,3,0.0,0.0,0.0,1,1,3.0,1.4018691588785046,1.4150943396226414
2023-04-22,Aston Villa,Brentford,1,1,D,6,14,5,2,12,8,8,4,2,,0,,2023,A,3.0,0.0,1,0.0,0.0,0.0,0,2,2.3333333333333335,1.3981481481481481,1.2857142857142858
2023-04-25,Aston Villa,Fulham,1,0,H,14,1,3,0,6,18,8,2,3,2.0,0,0.0,2023,H,,,3,0.0,0.0,0.0,1,3,2.3333333333333335,1.4128440366972477,1.042857142857143
2023-04-30,Aston Villa,Manchester United,0,1,H,14,7,6,1,16,7,1,4,0,,0,,2023,A,2.0,0.0,0,0.0,0.0,0.0,0,0,1.3333333333333333,1.4,1.8055555555555556
2023-05-06,Aston Villa,Wolverhampton Wanderers,0,1,H,6,16,2,3,20,9,5,6,3,,0,,2023,A,3.0,0.0,0,0.0,0.0,0.0,0,3,1.0,1.3873873873873874,1.2252252252252251
2023-05-13,Aston Villa,Tottenham Hotspur,2,1,H,8,5,4,2,9,14,8,3,3,3.0,0,0.0,2023,H,,,3,0.0,0.0,0.0,0,3,1.0,1.4017857142857142,1.6964285714285714
2023-05-20,Aston Villa,Liverpool,1,1,D,10,6,5,3,16,13,9,4,5,,0,,2023,A,3.0,0.0,1,0.0,0.0,0.0,0,5,1.3333333333333333,1.3982300884955752,2.0088495575221237
2023-05-28,Aston Villa,Brighton and Hove Albion,2,1,H,12,8,5,4,15,16,4,3,4,4.0,0,0.0,2023,H,,,3,0.0,0.0,0.0,0,4,2.3333333333333335,1.412280701754386,1.3508771929824561
2023-08-12,Aston Villa,Newcastle United,1,5,H,17,16,13,6,12,17,6,5,4,,0,,2023,A,4.0,0.0,0,0.0,0.0,0.0,0,4,1.3333333333333333,1.4,1.4608695652173913
2023-08-20,Aston Villa,Everton,4,0,H,13,9,7,2,8,12,7,6,3,4.0,0,0.0,2023,H,,,3,0.0,0.0,0.0,1,3,2.0,1.4137931034482758,1.1551724137931034
2023-08-27,Aston Villa,Burnley,3,1,A,9,16,2,6,12,11,4,6,0,,0,,2023,A,2.0,0.0,3,0.0,0.0,0.0,0,0,2.0,1.4273504273504274,0.9487179487179487
2023-09-03,Aston Villa,Liverpool,0,3,H,17,9,4,3,12,7,7,3,1,,0,,2023,A,0.0,0.0,0,0.0,0.0,0.0,0,1,2.0,1.4152542372881356,2.016949152542373
2023-09-16,Aston Villa,Crystal Palace,3,1,H,16,6,5,3,13,9,4,2,5,3.0,0,0.0,2023,H,,,3,0.0,0.0,0.0,0,5,2.0,1.4285714285714286,1.2100840336134453
2023-09-24,Aston Villa,Chelsea,1,0,A,10,15,4,7,9,11,5,11,3,,0,,2023,A,2.0,0.0,3,0.0,0.0,0.0,1,3,2.0,1.4416666666666667,1.5833333333333333
2023-09-30,Aston Villa,Brighton and Hove Albion,6,1,H,19,11,9,3,19,21,1,3,4,4.0,0,0.0,2023,H,,,3,0.0,0.0,0.0,0,4,3.0,1.4545454545454546,1.396694214876033
2023-10-08,Aston Villa,Wolverhampton Wanderers,1,1,D,8,18,3,4,19,9,2,10,2,,0,,2023,A,2.0,1.0,1,0.0,0.0,0.0,0,2,2.3333333333333335,1.4508196721311475,1.1885245901639345
2023-10-22,Aston Villa,West Ham United,4,1,H,15,14,7,4,9,15,8,7,0,1.0,0,0.0,2023,H,,,3,0.0,0.0,0.0,0,0,2.3333333333333335,1.4634146341463414,1.4227642276422765
2023-10-29,Aston Villa,Luton Town,3,1,H,17,7,6,1,11,10,6,4,3,2.0,0,0.0,2023,H,,,3,0.0,0.0,0.0,0,3,2.3333333333333335,1.4758064516129032,0.5
2023-11-05,Aston Villa,Nottingham Forest,0,2,H,5,13,3,3,6,9,0,10,1,,0,,2023,A,1.0,0.0,0,0.0,0.0,0.0,0,1,2.0,1.464,1.0408163265306123
2023-11-12,Aston Villa,Fulham,3,1,H,12,9,6,5,4,17,2,2,2,5.0,0,0.0,2023,H,,,3,0.0,0.0,0.0,0,2,2.0,1.4761904761904763,1.0454545454545454
2023-11-26,Aston Villa,Tottenham Hotspur,2,1,A,18,15,8,5,11,13,9,3,4,,0,,2023,A,0.0,0.0,3,0.0,0.0,0.0,0,4,2.0,1.4881889763779528,1.7244094488188977
2023-12-03,Aston Villa,Bournemouth,2,2,D,15,11,7,3,16,12,7,7,3,,0,,2023,A,5.0,0.0,1,0.0,0.0,0.0,0,3,2.3333333333333335,1.484375,1.0
2023-12-06,Aston Villa,Manchester City,1,0,H,22,2,7,2,13,13,6,0,2,2.0,0,0.0,2023,H,,,3,0.0,0.0,0.0,1,2,2.3333333333333335,1.496124031007752,2.310077519379845
2023-12-09,Aston Villa,Arsenal,1,0,H,10,12,3,5,16,11,3,3,4,2.0,0,0.0,2023,H,,,3,0.0,0.0,0.0,1,4,2.3333333333333335,1.5076923076923077,1.9230769230769231
2023-12-17,Aston Villa,Brentford,2,1,A,4,15,3,5,19,6,7,12,4,,1,,2023,A,6.0,1.0,3,0.0,0.0,0.0,0,6,3.0,1.5190839694656488,1.3333333333333333
2023-12-22,Aston Villa,Sheffield United,1,1,D,12,5,4,2,11,16,9,1,3,3.0,0,0.0,2023,H,,,1,0.0,0.0,0.0,0,3,2.3333333333333335,1.5151515151515151,0.5714285714285714
2023-12-26,Aston Villa,Manchester United,2,3,H,13,10,7,4,10,10,3,6,3,,0,,2023,A,1.0,0.0,0,0.0,0.0,0.0,0,3,1.3333333333333333,1.5037593984962405,1.7894736842105263
2023-12-30,Aston Villa,Burnley,3,2,H,19,9,7,5,9,14,6,2,4,1.0,0,1.0,2023,H,,,3,0.0,0.0,0.0,0,4,1.3333333333333333,1.5149253731343284,0.8854166666666666
2024-01-14,Aston Villa,Everton,0,0,D,10,16,2,5,13,14,4,5,4,,0,,2024,A,1.0,0.0,1,0.0,0.0,0.0,1,4,1.3333333333333333,1.511111111111111,1.1925925925925926
2024-01-30,Aston Villa,Newcastle United,1,3,A,12,14,6,5,14,12,8,7,4,1.0,0,0.0,2024,H,,,0,0.0,0.0,0.0,0,4,1.3333333333333333,1.5,1.4485294117647058
2024-02-03,Aston Villa,Sheffield United,5,0,A,10,14,5,10,10,7,3,4,0,,0,,2024,A,1.0,0.0,3,0.0,0.0,0.0,1,0,1.3333333333333333,1.510948905109489,0.5409836065573771
2024-02-11,Aston Villa,Manchester United,1,2,A,23,17,10,5,9,7,10,8,3,2.0,0,0.0,2024,H,,,0,0.0,0.0,0.0,0,3,1.0,1.5,1.7971014492753623
2024-02-17,Aston Villa,Fulham,2,1,A,15,12,4,3,11,6,4,4,2,,0,,2024,A,5.0,0.0,3,0.0,0.0,0.0,0,2,2.0,1.5107913669064748,1.0792079207920793
2024-02-24,Aston Villa,Nottingham Forest,4,2,H,16,10,6,3,7,16,7,2,1,2.0,0,0.0,2024,H,,,3,0.0,0.0,0.0,0,1,2.0,1.5214285714285714,0.96875
2024-03-02,Aston Villa,Luton Town,3,2,A,13,12,5,8,8,19,8,6,4,,0,,2024,A,1.0,0.0,3,0.0,0.0,0.0,0,4,3.0,1.5319148936170213,0.7692307692307693
2024-03-10,Aston Villa,Tottenham Hotspur,0,4,A,10,9,1,5,11,15,6,4,0,2.0,1,0.0,2024,H,,,0,0.0,0.0,0.0,0,2,2.0,1.5211267605633803,1.7446808510638299
2024-03-17,Aston Villa,West Ham United,1,1,D,13,13,5,5,13,12,7,11,3,,0,,2024,A,3.0,0.0,1,0.0,0.0,0.0,0,3,1.3333333333333333,1.5174825174825175,1.4335664335664335
2024-03-30,Aston Villa,Wolverhampton Wanderers,2,0,H,11,13,5,3,11,19,5,4,3,4.0,0,0.0,2024,H,,,3,0.0,0.0,0.0,1,3,1.3333333333333333,1.5277777777777777,1.2447552447552448
2024-04-03,Aston Villa,Manchester City,1,4,H,25,8,11,3,6,13,2,3,2,,0,,2024,A,1.0,0.0,0,0.0,0.0,0.0,0,2,1.3333333333333333,1.5172413793103448,2.326388888888889
2024-04-06,Aston Villa,Brentford,3,3,D,11,8,3,3,15,11,11,3,2,2.0,0,0.0,2024,H,,,1,0.0,0.0,0.0,0,2,1.3333333333333333,1.5136986301369864,1.2407407407407407
2024-04-14,Aston Villa,Arsenal,2,0,A,18,11,4,2,12,7,4,6,1,,0,,2024,A,3.0,0.0,3,0.0,0.0,0.0,1,1,1.3333333333333333,1.5238095238095237,1.952054794520548
2024-04-21,Aston Villa,Bournemouth,3,1,H,14,14,4,6,8,14,8,4,1,3.0,0,0.0,2024,H,,,3,0.0,0.0,0.0,0,1,2.3333333333333335,1.5337837837837838,1.1408450704225352
2024-04-27,Aston Villa,Chelsea,2,2,D,9,21,4,5,13,14,2,4,3,5.0,0,0.0,2024,H,,,1,0.0,0.0,0.0,0,3,2.3333333333333335,1.5302013422818792,1.5850340136054422
2024-05-05,Aston Villa,Brighton and Hove Albion,0,1,H,15,2,8,1,13,10,7,3,1,,0,,2024,A,2.0,0.0,0,0.0,0.0,0.0,0,1,1.3333333333333333,1.52,1.348993288590604
2024-05-13,Aston Villa,Liverpool,3,3,D,19,14,5,7,11,15,5,4,1,1.0,0,0.0,2024,H,,,1,0.0,0.0,0.0,0,1,0.6666666666666666,1.5165562913907285,2.033112582781457
2024-05-19,Aston Villa,Crystal Palace,0,5,H,15,8,9,2,10,8,2,4,4,,0,,2024,A,1.0,0.0,0,0.0,0.0,0.0,0,4,0.3333333333333333,1.506578947368421,1.2236842105263157
2024-08-17,Aston Villa,West Ham United,2,1,A,14,15,3,3,18,11,5,3,2,,0,,2024,A,1.0,0.0,3,0.0,0.0,0.0,0,2,1.3333333333333333,1.5163398692810457,1.392156862745098
2024-08-24,Aston Villa,Arsenal,0,2,A,11,9,3,4,8,15,4,1,1,3.0,0,0.0,2024,H,,,0,0.0,0.0,0.0,0,1,1.0,1.5064935064935066,2.0064935064935066
2024-08-31,Aston Villa,Leicester City,2,1,A,9,10,3,5,13,21,1,4,5,,0,,2024,A,4.0,0.0,3,0.0,0.0,0.0,0,5,2.0,1.5161290322580645,1.3076923076923077
2024-09-14,Aston Villa,Everton,3,2,H,17,6,8,2,10,12,6,2,1,4.0,0,0.0,2024,H,,,3,0.0,0.0,0.0,0,1,2.0,1.5256410256410255,1.1666666666666667
2024-09-21,Aston Villa,Wolverhampton Wanderers,3,1,H,9,10,4,4,11,16,6,5,3,6.0,0,0.0,2024,H,,,3,0.0,0.0,0.0,0,3,3.0,1.535031847133758,1.1719745222929936
2024-09-29,Aston Villa,Ipswich Town,2,2,D,15,7,5,3,10,14,10,0,1,,0,,2024,A,4.0,0.0,1,0.0,0.0,0.0,0,1,2.3333333333333335,1.5316455696202531,0.6666666666666666
2024-10-06,Aston Villa,Manchester United,0,0,D,11,10,1,4,12,11,6,3,1,5.0,0,0.0,2024,H,,,1,0.0,0.0,0.0,1,1,1.6666666666666667,1.528301886792453,1.729559748427673
2024-10-19,Aston Villa,Fulham,3,1,A,10,14,4,5,8,11,6,11,3,,1,,2024,A,3.0,1.0,3,0.0,0.0,0.0,0,5,1.6666666666666667,1.5375,1.1311475409836065
2024-10-26,Aston Villa,Bournemouth,1,1,D,18,11,8,3,12,14,9,7,7,6.0,0,0.0,2024,H,,,1,0.0,0.0,0.0,0,7,1.6666666666666667,1.5341614906832297,1.1647058823529413
2024-11-03,Aston Villa,Tottenham Hotspur,1,4,H,16,12,6,1,14,14,6,4,0,,0,,2024,A,2.0,0.0,0,0.0,0.0,0.0,0,0,1.3333333333333333,1.5246913580246915,1.6975308641975309
2024-11-09,Aston Villa,Liverpool,0,2,H,14,12,5,2,11,15,2,9,3,,0,,2024,A,0.0,0.0,0,0.0,0.0,0.0,0,3,0.3333333333333333,1.5153374233128833,2.0736196319018405
2024-11-23,Aston Villa,Crystal Palace,2,2,D,17,13,5,6,10,11,10,1,3,2.0,0,0.0,2024,H,,,1,0.0,0.0,0.0,0,3,0.3333333333333333,1.5121951219512195,1.1829268292682926
2024-12-01,Aston Villa,Chelsea,0,3,H,17,10,8,4,21,6,3,4,2,,0,,2024,A,2.0,0.0,0,0.0,0.0,0.0,0,2,0.3333333333333333,1.503030303030303,1.6545454545454545
2024-12-04,Aston Villa,Brentford,3,1,H,20,9,10,1,11,15,10,5,2,2.0,0,0.0,2024,H,,,3,0.0,0.0,0.0,0,2,1.3333333333333333,1.5120481927710843,1.28125
2024-12-07,Aston Villa,Southampton,1,0,H,18,4,5,0,18,15,14,1,1,3.0,0,0.0,2024,H,,,3,0.0,0.0,0.0,1,1,2.0,1.5209580838323353,0.875968992248062
2024-12-14,Aston Villa,Nottingham Forest,1,2,H,17,8,6,2,12,6,4,3,1,,0,,2024,A,0.0,0.0,0,0.0,0.0,0.0,0,1,2.0,1.5119047619047619,1.108695652173913
2024-12-21,Aston Villa,Manchester City,2,1,H,11,12,6,6,14,7,5,4,3,3.0,0,0.0,2024,H,,,3,0.0,0.0,0.0,0,3,2.0,1.5207100591715976,2.2840236686390534
2024-12-26,Aston Villa,Newcastle United,0,3,H,22,4,8,1,15,10,9,6,1,,1,,2024,A,2.0,0.0,0,0.0,0.0,0.0,0,3,1.0,1.511764705882353,1.4941176470588236
2024-12-30,Aston Villa,Brighton and Hove Albion,2,2,D,20,13,4,4,9,14,12,3,2,3.0,0,0.0,2024,H,,,1,0.0,0.0,0.0,0,2,1.3333333333333333,1.5087719298245614,1.3391812865497077
2025-01-04,Aston Villa,Leicester City,2,1,H,13,4,5,2,10,11,7,2,0,1.0,0,0.0,2025,H,,,3,0.0,0.0,0.0,0,0,1.3333333333333333,1.5174418604651163,1.2388059701492538
2025-01-15,Aston Villa,Everton,1,0,A,10,11,3,3,17,10,8,5,1,,0,,2025,A,2.0,0.0,3,0.0,0.0,0.0,1,1,2.3333333333333335,1.5260115606936415,1.1569767441860466
2025-01-18,Aston Villa,Arsenal,2,2,D,18,8,6,4,10,18,10,1,3,,0,,2025,A,2.0,0.0,1,0.0,0.0,0.0,0,3,2.3333333333333335,1.5229885057471264,1.9942528735632183
2025-01-26,Aston Villa,West Ham United,1,1,D,14,14,4,4,13,16,4,3,2,3.0,0,0.0,2025,H,,,1,0.0,0.0,0.0,0,2,1.6666666666666667,1.52,1.3714285714285714
2025-02-01,Aston Villa,Wolverhampton Wanderers,0,2,H,8,10,5,3,20,13,5,8,3,,0,,2025,A,2.0,0.0,0,0.0,0.0,0.0,0,3,0.6666666666666666,1.5113636363636365,1.1477272727272727
2025-02-15,Aston Villa,Ipswich Town,1,1,D,25,4,6,3,7,11,16,1,0,3.0,0,1.0,2025,H,,,1,0.0,0.0,0.0,0,0,0.6666666666666666,1.5084745762711864,0.68
2025-02-19,Aston Villa,Liverpool,2,2,D,9,17,4,3,8,6,6,8,1,0.0,0,0.0,2025,H,,,1,0.0,0.0,0.0,0,1,0.6666666666666666,1.5056179775280898,2.0842696629213484
2025-02-22,Aston Villa,Chelsea,2,1,H,12,15,6,7,15,16,2,3,1,3.0,0,0.0,2025,H,,,3,0.0,0.0,0.0,0,1,1.6666666666666667,1.5139664804469273,1.6348314606741574
2025-02-25,Aston Villa,Crystal Palace,1,4,H,19,6,6,2,19,10,3,8,1,,0,,2025,A,3.0,0.0,0,0.0,0.0,0.0,0,1,1.3333333333333333,1.5055555555555555,1.2402234636871508
2025-03-08,Aston Villa,Brentford,1,0,A,13,12,3,4,10,5,6,5,2,,0,,2025,A,2.0,0.0,3,0.0,0.0,0.0,1,2,2.0,1.5138121546961325,1.2816901408450705
2025-04-02,Aston Villa,Brighton and Hove Albion,3,0,A,11,8,4,5,16,11,4,0,3,,0,,2025,A,1.0,0.0,3,0.0,0.0,0.0,1,3,2.0,1.521978021978022,1.3681318681318682
2025-04-05,Aston Villa,Nottingham Forest,2,1,H,17,19,8,3,7,15,4,4,2,2.0,0,0.0,2025,H,,,3,0.0,0.0,0.0,0,2,3.0,1.530054644808743,1.2242990654205608
2025-04-12,Aston Villa,Southampton,3,0,A,7,25,2,10,11,4,2,14,1,,0,,2025,A,3.0,0.0,3,0.0,0.0,0.0,1,1,3.0,1.5380434782608696,0.8082191780821918
2025-04-19,Aston Villa,Newcastle United,4,1,H,23,10,9,3,9,12,7,7,1,3.0,0,0.0,2025,H,,,3,0.0,0.0,0.0,0,1,3.0,1.545945945945946,1.5351351351351352
2025-04-22,Aston Villa,Manchester City,1,2,H,14,7,6,3,9,10,10,2,3,,0,,2025,A,3.0,0.0,0,0.0,0.0,0.0,0,3,2.0,1.5376344086021505,2.2580645161290325
2025-05-03,Aston Villa,Fulham,1,0,H,10,11,3,3,6,17,5,3,0,5.0,0,0.0,2025,H,,,3,0.0,0.0,0.0,1,0,2.0,1.5454545454545454,1.1946308724832215
2025-05-10,Aston Villa,Bournemouth,1,0,A,10,6,4,3,19,12,10,0,3,,1,,2025,A,4.0,0.0,3,0.0,0.0,0.0,1,5,2.0,1.553191489361702,1.25
2025-05-16,Aston Villa,Tottenham Hotspur,2,0,H,18,3,7,1,5,12,9,1,1,2.0,0,0.0,2025,H,,,3,0.0,0.0,0.0,1,1,3.0,1.560846560846561,1.5714285714285714
2025-05-25,Aston Villa,Manchester United,0,2,H,25,6,10,1,10,10,4,3,2,,1,,2025,A,2.0,0.0,0,0.0,0.0,0.0,0,4,2.0,1.5526315789473684,1.6263157894736842
2025-08-16,Aston Villa,Newcastle United,0,0,D,3,16,3,3,13,11,3,6,1,1.0,1,0.0,2025,H,,,1,0.0,0.0,0.0,1,3,1.3333333333333333,1.549738219895288,1.5287958115183247
2025-08-23,Aston Villa,Brentford,0,1,H,9,17,2,2,11,9,2,9,2,,0,,2025,A,1.0,0.0,0,0.0,0.0,0.0,0,2,0.3333333333333333,1.5416666666666667,1.3181818181818181
2025-08-31,Aston Villa,Crystal Palace,0,3,A,13,6,4,4,7,14,10,1,2,3.0,0,0.0,2025,H,,,0,0.0,0.0,0.0,0,2,0.3333333333333333,1.5336787564766838,1.2642487046632125
2025-09-13,Aston Villa,Everton,0,0,D,20,7,2,1,17,15,10,3,3,,0,,2025,A,3.0,0.0,1,0.0,0.0,0.0,1,3,0.3333333333333333,1.5309278350515463,1.2216494845360826
2025-09-21,Aston Villa,Sunderland,1,1,D,14,12,4,2,14,8,6,5,1,,0,,2025,A,2.0,1.0,1,0.0,0.0,0.0,0,1,0.6666666666666666,1.528205128205128,1.6
2025-09-28,Aston Villa,Fulham,3,1,H,9,11,4,4,10,13,2,8,1,4.0,0,0.0,2025,H,,,3,0.0,0.0,0.0,0,1,1.6666666666666667,1.5357142857142858,1.1962025316455696
2025-10-05,Aston Villa,Burnley,2,1,H,15,5,7,2,9,15,6,4,3,1.0,0,0.0,2025,H,,,3,0.0,0.0,0.0,0,3,2.3333333333333335,1.5431472081218274,0.8429752066115702
2025-10-19,Aston Villa,Tottenham Hotspur,2,1,A,9,8,3,2,11,7,6,6,0,,0,,2025,A,2.0,0.0,3,0.0,0.0,0.0,0,0,3.0,1.5505050505050506,1.5707070707070707
2025-10-26,Aston Villa,Manchester City,1,0,H,9,18,3,4,8,16,5,6,1,4.0,0,0.0,2025,H,,,3,0.0,0.0,0.0,1,1,3.0,1.5577889447236182,2.241206030150754
2025-11-01,Aston Villa,Liverpool,0,2,H,16,10,4,3,13,11,1,4,3,,0,,2025,A,2.0,0.0,0,0.0,0.0,0.0,0,3,2.0,1.55,2.06
2025-11-09,Aston Villa,Bournemouth,4,0,H,16,13,8,4,8,20,6,9,2,2.0,0,0.0,2025,H,,,3,0.0,0.0,0.0,1,2,2.0,1.5572139303482586,1.288
2022-08-06,Bournemouth,Aston Villa,2,0,H,7,15,3,2,18,16,5,5,3,3.0,0,0.0,2022,H,,,3,0.0,0.0,0.0,1,3,3.0,3.0,1.2987012987012987
2022-08-13,Bournemouth,Manchester City,0,4,H,19,3,7,1,9,9,11,1,3,,0,,2022,A,0.0,0.0,0,0.0,0.0,0.0,0,3,1.5,1.5,2.371794871794872
2022-08-20,Bournemouth,Arsenal,0,3,A,6,14,1,6,12,10,3,4,2,1.0,0,0.0,2022,H,,,0,0.0,0.0,0.0,0,2,1.0,1.0,1.759493670886076
2022-08-27,Bournemouth,Liverpool,0,9,H,19,5,12,2,6,5,8,1,1,,0,,2022,A,0.0,0.0,0,0.0,0.0,0.0,0,1,0.0,0.75,2.075
2022-08-31,Bournemouth,Wolverhampton Wanderers,0,0,D,5,17,2,4,12,12,2,5,2,1.0,0,0.0,2022,H,,,1,0.0,0.0,0.0,1,2,0.3333333333333333,0.8,1.2222222222222223
2022-09-03,Bournemouth,Nottingham Forest,3,2,A,11,8,3,3,13,10,4,6,1,,0,,2022,A,2.0,0.0,3,0.0,0.0,0.0,0,1,1.3333333333333333,1.1666666666666667,0.6666666666666666
2022-09-17,Bournemouth,Newcastle United,1,1,D,20,10,7,3,10,11,8,1,2,,0,,2022,A,2.0,0.0,1,0.0,0.0,0.0,0,2,1.6666666666666667,1.1428571428571428,1.2289156626506024
2022-10-01,Bournemouth,Brentford,0,0,D,7,13,1,4,11,10,7,8,1,2.0,0,0.0,2022,H,,,1,0.0,0.0,0.0,1,1,1.6666666666666667,1.125,1.2173913043478262
2022-10-08,Bournemouth,Leicester City,2,1,H,10,9,4,5,8,16,7,2,1,2.0,0,0.0,2022,H,,,3,0.0,0.0,0.0,0,1,1.6666666666666667,1.3333333333333333,1.4352941176470588
2022-10-15,Bournemouth,Fulham,2,2,D,19,10,4,6,9,11,5,6,0,,0,,2022,A,2.0,0.0,1,0.0,0.0,0.0,0,0,1.6666666666666667,1.3,0.8333333333333334
2022-10-19,Bournemouth,Southampton,0,1,A,15,9,3,3,8,13,7,3,1,3.0,0,0.0,2022,H,,,0,0.0,0.0,0.0,0,1,1.3333333333333333,1.1818181818181819,1.0804597701149425
2022-10-24,Bournemouth,West Ham United,0,2,H,20,5,4,3,9,11,5,0,2,,0,,2022,A,0.0,0.0,0,0.0,0.0,0.0,0,2,0.3333333333333333,1.0833333333333333,1.5340909090909092
2022-10-29,Bournemouth,Tottenham Hotspur,2,3,A,6,23,4,7,10,5,2,19,1,2.0,0,0.0,2022,H,,,0,0.0,0.0,0.0,0,1,0.0,1.0,1.7865168539325842
2022-11-05,Bournemouth,Leeds United,3,4,H,18,9,4,6,16,10,13,3,2,,0,,2022,A,2.0,0.0,0,0.0,0.0,0.0,0,2,0.0,0.9285714285714286,1.2584269662921348
2022-11-12,Bournemouth,Everton,3,0,H,16,15,9,3,12,8,3,5,2,0.0,0,0.0,2022,H,,,3,0.0,0.0,0.0,1,2,1.0,1.0666666666666667,1.2307692307692308
2022-12-27,Bournemouth,Chelsea,0,2,H,15,9,5,4,8,10,6,8,0,,0,,2022,A,0.0,0.0,0,0.0,0.0,0.0,0,0,1.0,1.0,1.8131868131868132
2022-12-31,Bournemouth,Crystal Palace,0,2,A,6,15,2,6,17,11,2,7,4,1.0,0,0.0,2022,H,,,0,0.0,0.0,0.0,0,4,1.0,0.9411764705882353,1.2391304347826086
2023-01-03,Bournemouth,Manchester United,0,3,H,18,7,6,4,13,7,6,5,3,,0,,2023,A,0.0,0.0,0,0.0,0.0,0.0,0,3,0.0,0.8888888888888888,1.7956989247311828
2023-01-14,Bournemouth,Brentford,0,2,H,12,7,4,2,5,9,5,3,1,,0,,2023,A,1.0,0.0,0,0.0,0.0,0.0,0,1,0.0,0.8421052631578947,1.3157894736842106
2023-01-21,Bournemouth,Nottingham Forest,1,1,D,16,20,4,5,10,7,4,6,1,2.0,0,0.0,2023,H,,,1,0.0,0.0,0.0,0,1,0.3333333333333333,0.85,1.05
2023-02-04,Bournemouth,Brighton and Hove Albion,0,1,H,20,12,6,2,14,7,7,3,1,,0,,2023,A,3.0,0.0,0,0.0,0.0,0.0,0,1,0.3333333333333333,0.8095238095238095,1.3125
2023-02-11,Bournemouth,Newcastle United,1,1,D,11,15,5,7,8,10,4,6,2,3.0,0,0.0,2023,H,,,1,0.0,0.0,0.0,0,2,0.6666666666666666,0.8181818181818182,1.3775510204081634
2023-02-18,Bournemouth,Wolverhampton Wanderers,1,0,A,15,5,4,1,12,10,12,2,3,,0,,2023,A,3.0,0.0,3,0.0,0.0,0.0,1,3,1.3333333333333333,0.9130434782608695,1.202020202020202
2023-02-25,Bournemouth,Manchester City,1,4,A,13,20,2,5,10,9,4,6,2,2.0,0,0.0,2023,H,,,0,0.0,0.0,0.0,0,2,1.3333333333333333,0.875,2.3168316831683167
2023-03-04,Bournemouth,Arsenal,2,3,H,31,4,9,4,6,8,17,1,2,,0,,2023,A,0.0,0.0,0,0.0,0.0,0.0,0,2,1.0,0.84,1.892156862745098
2023-03-11,Bournemouth,Liverpool,1,0,H,5,15,2,6,7,9,3,8,2,1.0,0,0.0,2023,H,,,3,0.0,0.0,0.0,1,2,1.0,0.9230769230769231,1.9901960784313726
2023-03-18,Bournemouth,Aston Villa,0,3,H,20,10,9,3,8,13,9,6,4,,0,,2023,A,1.0,0.0,0,0.0,0.0,0.0,0,4,1.0,0.8888888888888888,1.3398058252427185
2023-04-01,Bournemouth,Fulham,2,1,H,12,10,7,2,15,13,4,3,1,4.0,0,0.0,2023,H,,,3,0.0,0.0,0.0,0,1,2.0,0.9642857142857143,1.0151515151515151
2023-04-04,Bournemouth,Brighton and Hove Albion,0,2,A,14,16,3,6,11,5,5,5,1,1.0,0,0.0,2023,H,,,0,0.0,0.0,0.0,0,1,1.0,0.9310344827586207,1.3398058252427185
2023-04-08,Bournemouth,Leicester City,1,0,A,14,19,4,7,10,13,6,6,3,,0,,2023,A,0.0,0.0,3,0.0,0.0,0.0,1,3,2.0,1.0,1.349056603773585
2023-04-15,Bournemouth,Tottenham Hotspur,3,2,A,24,6,8,6,8,9,8,1,2,,0,,2023,A,1.0,0.0,3,0.0,0.0,0.0,0,2,2.0,1.064516129032258,1.7383177570093458
2023-04-23,Bournemouth,West Ham United,0,4,A,17,18,5,10,7,8,8,5,1,2.0,0,0.0,2023,H,,,0,0.0,0.0,0.0,0,1,2.0,1.03125,1.4485981308411215
2023-04-27,Bournemouth,Southampton,1,0,A,11,16,2,2,9,11,6,4,3,,0,,2023,A,0.0,0.0,3,0.0,0.0,0.0,1,3,2.0,1.0909090909090908,0.981651376146789
2023-04-30,Bournemouth,Leeds United,4,1,H,12,15,7,6,12,14,2,6,1,0.0,0,0.0,2023,H,,,3,0.0,0.0,0.0,0,1,2.0,1.1470588235294117,1.1545454545454545
2023-05-06,Bournemouth,Chelsea,1,3,A,10,11,4,5,9,11,7,7,1,3.0,0,0.0,2023,H,,,0,0.0,0.0,0.0,0,1,2.0,1.1142857142857143,1.6636363636363636
2023-05-13,Bournemouth,Crystal Palace,0,2,H,17,5,5,0,5,12,11,2,2,,0,,2023,A,0.0,0.0,0,0.0,0.0,0.0,0,2,1.0,1.0833333333333333,1.2053571428571428
2023-05-20,Bournemouth,Manchester United,0,1,A,10,20,4,5,6,7,3,6,1,0.0,0,0.0,2023,H,,,0,0.0,0.0,0.0,0,1,0.0,1.054054054054054,1.7946428571428572
2023-05-28,Bournemouth,Everton,0,1,H,13,7,6,2,11,12,9,3,3,,0,,2023,A,1.0,0.0,0,0.0,0.0,0.0,0,3,0.0,1.0263157894736843,1.1754385964912282
2023-08-12,Bournemouth,West Ham United,1,1,D,14,16,5,3,9,14,10,4,1,4.0,0,0.0,2023,H,,,1,0.0,0.0,0.0,0,1,0.3333333333333333,1.0256410256410255,1.4086956521739131
2023-08-19,Bournemouth,Liverpool,1,3,H,26,13,10,5,11,13,10,2,3,,0,,2023,A,1.0,1.0,0,0.0,0.0,0.0,0,3,0.3333333333333333,1.0,2.0
2023-08-26,Bournemouth,Tottenham Hotspur,0,2,A,11,17,3,6,18,11,6,2,1,3.0,0,0.0,2023,H,,,0,0.0,0.0,0.0,0,1,0.3333333333333333,0.975609756097561,1.7094017094017093
2023-09-02,Bournemouth,Brentford,2,2,D,21,12,7,5,6,13,5,2,2,,0,,2023,A,1.0,0.0,1,0.0,0.0,0.0,0,2,0.3333333333333333,0.9761904761904762,1.3875
2023-09-17,Bournemouth,Chelsea,0,0,D,13,14,4,6,15,20,1,7,1,5.0,0,0.0,2023,H,,,1,0.0,0.0,0.0,1,1,0.6666666666666666,0.9767441860465116,1.596638655462185
2023-09-24,Bournemouth,Brighton and Hove Albion,1,3,H,13,12,4,4,12,17,4,4,3,,0,,2023,A,3.0,0.0,0,0.0,0.0,0.0,0,3,0.6666666666666666,0.9545454545454546,1.4083333333333334
2023-09-30,Bournemouth,Arsenal,0,4,A,8,15,1,8,11,10,6,6,0,1.0,0,0.0,2023,H,,,0,0.0,0.0,0.0,0,0,0.3333333333333333,0.9333333333333333,1.9090909090909092
2023-10-07,Bournemouth,Everton,0,3,H,25,11,8,4,14,15,8,7,2,,0,,2023,A,1.0,0.0,0,0.0,0.0,0.0,0,2,0.0,0.9130434782608695,1.1557377049180328
2023-10-21,Bournemouth,Wolverhampton Wanderers,1,2,A,7,20,4,7,15,10,3,12,2,6.0,1,0.0,2023,H,,,0,0.0,0.0,0.0,0,4,0.0,0.8936170212765957,1.2032520325203253
2023-10-28,Bournemouth,Burnley,2,1,H,13,6,6,3,9,12,10,5,2,3.0,0,0.0,2023,H,,,3,0.0,0.0,0.0,0,2,1.0,0.9375,0.9069767441860465
2023-11-04,Bournemouth,Manchester City,1,6,H,21,5,8,1,8,9,12,1,1,,0,,2023,A,0.0,0.0,0,0.0,0.0,0.0,0,1,1.0,0.9183673469387755,2.36
2023-11-11,Bournemouth,Newcastle United,2,0,H,19,8,10,5,10,4,6,5,2,1.0,0,0.0,2023,H,,,3,0.0,0.0,0.0,1,2,2.0,0.96,1.4682539682539681
2023-11-25,Bournemouth,Sheffield United,3,1,A,10,23,2,11,6,8,4,7,1,,0,,2023,A,4.0,0.0,3,0.0,0.0,0.0,0,1,2.0,1.0,0.5490196078431373
2023-12-03,Bournemouth,Aston Villa,2,2,D,15,11,7,3,16,12,7,7,5,3.0,0,0.0,2023,H,,,1,0.0,0.0,0.0,0,5,2.3333333333333335,1.0,1.484375
2023-12-06,Bournemouth,Crystal Palace,2,0,A,16,11,3,4,10,17,3,9,3,,0,,2023,A,1.0,0.0,3,0.0,0.0,0.0,1,3,2.3333333333333335,1.0377358490566038,1.186046511627907
2023-12-09,Bournemouth,Manchester United,3,0,A,20,10,3,4,7,10,10,4,1,,0,,2023,A,3.0,0.0,3,0.0,0.0,0.0,1,1,2.3333333333333335,1.0740740740740742,1.8
2023-12-23,Bournemouth,Nottingham Forest,3,2,A,11,18,5,7,10,10,6,6,3,,0,,2023,A,0.0,1.0,3,0.0,0.0,0.0,0,3,3.0,1.1090909090909091,0.9285714285714286
2023-12-26,Bournemouth,Fulham,3,0,H,16,8,4,3,10,10,6,5,0,2.0,0,0.0,2023,H,,,3,0.0,0.0,0.0,1,0,3.0,1.1428571428571428,1.063157894736842
2023-12-31,Bournemouth,Tottenham Hotspur,1,3,H,12,24,6,4,9,18,4,13,3,,0,,2023,A,3.0,0.0,0,0.0,0.0,0.0,0,3,2.0,1.1228070175438596,1.7313432835820894
2024-01-21,Bournemouth,Liverpool,0,4,A,11,14,1,7,9,12,8,5,1,2.0,0,0.0,2024,H,,,0,0.0,0.0,0.0,0,1,1.0,1.103448275862069,2.0444444444444443
2024-02-01,Bournemouth,West Ham United,1,1,D,9,9,3,4,13,11,1,5,3,,0,,2024,A,1.0,0.0,1,0.0,0.0,0.0,0,3,0.3333333333333333,1.1016949152542372,1.4485294117647058
2024-02-04,Bournemouth,Nottingham Forest,1,1,D,9,8,2,6,19,12,11,6,3,2.0,1,0.0,2024,H,,,1,0.0,0.0,0.0,0,5,0.6666666666666666,1.1,0.9672131147540983
2024-02-10,Bournemouth,Fulham,1,3,H,7,25,6,4,11,11,1,14,2,,0,,2024,A,1.0,0.0,0,0.0,0.0,0.0,0,2,0.6666666666666666,1.0819672131147542,1.09
2024-02-17,Bournemouth,Newcastle United,2,2,D,17,12,5,7,9,22,4,2,3,,0,,2024,A,1.0,0.0,1,0.0,0.0,0.0,0,3,0.6666666666666666,1.0806451612903225,1.4532374100719425
2024-02-24,Bournemouth,Manchester City,0,1,A,13,15,4,6,14,6,3,8,2,2.0,0,0.0,2024,H,,,0,0.0,0.0,0.0,0,2,0.3333333333333333,1.0634920634920635,2.335714285714286
2024-03-03,Bournemouth,Burnley,2,0,A,20,10,6,3,8,13,7,2,4,,0,,2024,A,2.0,0.0,3,0.0,0.0,0.0,1,4,1.3333333333333333,1.09375,0.8446601941747572
2024-03-09,Bournemouth,Sheffield United,2,2,D,32,13,12,9,12,11,10,3,3,5.0,0,0.0,2024,H,,,1,0.0,0.0,0.0,0,3,1.3333333333333333,1.0923076923076922,0.5606060606060606
2024-03-13,Bournemouth,Luton Town,4,3,H,24,8,10,4,16,11,11,3,1,2.0,0,0.0,2024,H,,,3,0.0,0.0,0.0,0,1,2.3333333333333335,1.121212121212121,0.75
2024-03-30,Bournemouth,Everton,2,1,H,11,7,4,3,14,11,9,8,1,2.0,0,0.0,2024,H,,,3,0.0,0.0,0.0,0,1,2.3333333333333335,1.1492537313432836,1.1538461538461537
2024-04-02,Bournemouth,Crystal Palace,1,0,H,11,3,6,2,13,14,9,2,3,2.0,0,0.0,2024,H,,,3,0.0,0.0,0.0,1,3,3.0,1.1764705882352942,1.1597222222222223
2024-04-06,Bournemouth,Luton Town,1,2,H,19,8,9,1,7,14,7,2,0,,0,,2024,A,0.0,0.0,0,0.0,0.0,0.0,0,0,2.0,1.1594202898550725,0.78125
2024-04-13,Bournemouth,Manchester United,2,2,D,20,8,5,2,13,14,7,2,4,0.0,0,0.0,2024,H,,,1,0.0,0.0,0.0,0,4,1.3333333333333333,1.1571428571428573,1.7602739726027397
2024-04-21,Bournemouth,Aston Villa,1,3,H,14,14,4,6,8,14,8,4,3,,0,,2024,A,1.0,0.0,0,0.0,0.0,0.0,0,3,0.3333333333333333,1.1408450704225352,1.5337837837837838
2024-04-24,Bournemouth,Wolverhampton Wanderers,1,0,A,15,21,4,6,10,17,8,12,1,,1,,2024,A,4.0,0.0,3,0.0,0.0,0.0,1,3,1.3333333333333333,1.1666666666666667,1.2162162162162162
2024-04-28,Bournemouth,Brighton and Hove Albion,3,0,H,15,13,6,1,14,10,8,2,2,2.0,0,0.0,2024,H,,,3,0.0,0.0,0.0,1,2,2.0,1.1917808219178083,1.337837837837838
2024-05-04,Bournemouth,Arsenal,0,3,H,25,7,9,2,16,12,6,1,3,,0,,2024,A,2.0,0.0,0,0.0,0.0,0.0,0,3,2.0,1.1756756756756757,1.98
2024-05-11,Bournemouth,Brentford,1,2,A,13,11,4,5,16,12,3,8,2,2.0,0,0.0,2024,H,,,0,0.0,0.0,0.0,0,2,1.0,1.16,1.2743362831858407
2024-05-19,Bournemouth,Chelsea,1,2,H,16,22,6,5,5,9,6,5,3,,0,,2024,A,2.0,0.0,0,0.0,0.0,0.0,0,3,0.0,1.144736842105263,1.631578947368421
2024-08-17,Bournemouth,Nottingham Forest,1,1,D,14,13,8,4,17,8,2,6,3,,0,,2024,A,1.0,0.0,1,0.0,0.0,0.0,0,3,0.3333333333333333,1.1428571428571428,0.974025974025974
2024-08-25,Bournemouth,Newcastle United,1,1,D,16,14,4,5,19,8,8,9,2,2.0,0,0.0,2024,H,,,1,0.0,0.0,0.0,0,2,0.6666666666666666,1.141025641025641,1.4870129870129871
2024-08-31,Bournemouth,Everton,3,2,A,18,17,8,7,6,1,8,4,1,,0,,2024,A,2.0,0.0,3,0.0,0.0,0.0,0,1,1.6666666666666667,1.1645569620253164,1.1741935483870967
2024-09-14,Bournemouth,Chelsea,0,1,A,19,10,7,3,16,9,6,3,6,8.0,0,0.0,2024,H,,,0,0.0,0.0,0.0,0,6,1.3333333333333333,1.15,1.6346153846153846
2024-09-21,Bournemouth,Liverpool,0,3,H,19,19,13,6,10,12,3,9,4,,0,,2024,A,1.0,0.0,0,0.0,0.0,0.0,0,4,1.0,1.1358024691358024,2.050955414012739
2024-09-30,Bournemouth,Southampton,3,1,H,14,9,6,3,19,12,7,4,2,5.0,0,0.0,2024,H,,,3,0.0,0.0,0.0,0,2,1.0,1.1585365853658536,0.9083333333333333
2024-10-05,Bournemouth,Leicester City,0,1,H,6,17,2,2,12,14,0,9,1,,0,,2024,A,4.0,0.0,0,0.0,0.0,0.0,0,1,1.0,1.144578313253012,1.3057851239669422
2024-10-19,Bournemouth,Arsenal,2,0,H,13,6,4,1,12,11,7,4,1,1.0,0,1.0,2024,H,,,3,0.0,0.0,0.0,1,1,2.0,1.1666666666666667,2.0
2024-10-26,Bournemouth,Aston Villa,1,1,D,18,11,8,3,12,14,9,7,6,,0,,2024,A,7.0,0.0,1,0.0,0.0,0.0,0,6,1.3333333333333333,1.1647058823529413,1.5341614906832297
2024-11-02,Bournemouth,Manchester City,2,1,H,12,18,6,4,11,6,3,10,2,1.0,0,0.0,2024,H,,,3,0.0,0.0,0.0,0,2,2.3333333333333335,1.186046511627907,2.3580246913580245
2024-11-09,Bournemouth,Brentford,2,3,H,12,15,6,3,8,16,6,4,4,,0,,2024,A,2.0,0.0,0,0.0,0.0,0.0,0,4,1.3333333333333333,1.1724137931034482,1.28
2024-11-23,Bournemouth,Brighton and Hove Albion,1,2,A,19,6,5,4,13,10,7,0,2,2.0,0,1.0,2024,H,,,0,0.0,0.0,0.0,0,2,1.0,1.1590909090909092,1.3658536585365855
2024-11-30,Bournemouth,Wolverhampton Wanderers,4,2,A,10,12,3,8,13,11,3,4,1,,0,,2024,A,4.0,0.0,3,0.0,0.0,0.0,0,1,1.0,1.1797752808988764,1.1636363636363636
2024-12-05,Bournemouth,Tottenham Hotspur,1,0,H,21,12,8,4,15,8,5,9,2,2.0,0,0.0,2024,H,,,3,0.0,0.0,0.0,1,2,2.0,1.2,1.680722891566265
2024-12-08,Bournemouth,Ipswich Town,2,1,A,18,22,5,6,9,13,6,13,1,,0,,2024,A,2.0,0.0,3,0.0,0.0,0.0,0,1,3.0,1.2197802197802199,0.6
2024-12-16,Bournemouth,West Ham United,1,1,D,29,16,9,3,6,11,12,6,0,2.0,0,0.0,2024,H,,,1,0.0,0.0,0.0,0,0,2.3333333333333335,1.2173913043478262,1.380952380952381
2024-12-22,Bournemouth,Manchester United,3,0,A,23,10,7,5,11,11,13,1,3,,0,,2024,A,1.0,0.0,3,0.0,0.0,0.0,1,3,2.3333333333333335,1.2365591397849462,1.7100591715976332
2024-12-26,Bournemouth,Crystal Palace,0,0,D,18,10,4,4,13,12,5,2,2,2.0,0,0.0,2024,H,,,1,0.0,0.0,0.0,1,2,1.6666666666666667,1.2340425531914894,1.1941176470588235
2024-12-29,Bournemouth,Fulham,2,2,D,11,16,6,9,7,16,1,7,3,,0,,2024,A,1.0,0.0,1,0.0,0.0,0.0,0,3,1.6666666666666667,1.231578947368421,1.1729323308270676
2025-01-04,Bournemouth,Everton,1,0,H,19,9,8,0,15,14,9,3,2,2.0,0,0.0,2025,H,,,3,0.0,0.0,0.0,1,2,1.6666666666666667,1.25,1.1637426900584795
2025-01-14,Bournemouth,Chelsea,2,2,D,26,7,10,3,15,16,9,3,3,,0,,2025,A,2.0,0.0,1,0.0,0.0,0.0,0,3,1.6666666666666667,1.2474226804123711,1.6473988439306357
2025-01-18,Bournemouth,Newcastle United,4,1,A,13,19,5,10,7,18,7,6,6,,0,,2025,A,1.0,0.0,3,0.0,0.0,0.0,0,6,2.3333333333333335,1.2653061224489797,1.5114942528735633
2025-01-25,Bournemouth,Nottingham Forest,5,0,H,16,18,10,4,9,12,3,9,2,3.0,0,0.0,2025,H,,,3,0.0,0.0,0.0,1,2,2.3333333333333335,1.2828282828282829,1.1919191919191918
2025-02-01,Bournemouth,Liverpool,0,2,A,14,19,3,7,15,9,3,3,2,3.0,0,0.0,2025,H,,,0,0.0,0.0,0.0,0,2,2.0,1.27,2.0914285714285716
2025-02-15,Bournemouth,Southampton,3,1,A,11,14,4,7,13,15,4,6,3,,0,,2025,A,1.0,0.0,3,0.0,0.0,0.0,0,3,2.0,1.2871287128712872,0.841726618705036
2025-02-22,Bournemouth,Wolverhampton Wanderers,0,1,A,8,13,3,5,17,9,6,7,3,3.0,1,0.0,2025,H,,,0,0.0,0.0,0.0,0,5,1.0,1.2745098039215685,1.151685393258427
2025-02-25,Bournemouth,Brighton and Hove Albion,1,2,H,11,19,4,5,12,14,1,9,1,,0,,2025,A,2.0,0.0,0,0.0,0.0,0.0,0,1,1.0,1.2621359223300972,1.3687150837988826
2025-03-09,Bournemouth,Tottenham Hotspur,2,2,D,12,17,4,8,15,16,3,6,3,,0,,2025,A,3.0,0.0,1,0.0,0.0,0.0,0,3,0.3333333333333333,1.2596153846153846,1.6277777777777778
2025-03-15,Bournemouth,Brentford,1,2,A,17,10,5,4,13,7,4,3,3,0.0,0,0.0,2025,H,,,0,0.0,0.0,0.0,0,3,0.3333333333333333,1.2476190476190476,1.2937062937062938
2025-04-02,Bournemouth,Ipswich Town,1,2,A,24,10,7,2,14,15,8,3,1,2.0,0,0.0,2025,H,,,0,0.0,0.0,0.0,0,1,0.3333333333333333,1.2358490566037736,0.6666666666666666
2025-04-05,Bournemouth,West Ham United,2,2,D,9,11,3,4,13,13,4,7,2,,0,,2025,A,2.0,0.0,1,0.0,0.0,0.0,0,2,0.3333333333333333,1.233644859813084,1.355191256830601
2025-04-14,Bournemouth,Fulham,1,0,H,12,12,3,7,11,10,6,9,3,2.0,0,0.0,2025,H,,,3,0.0,0.0,0.0,1,3,1.3333333333333333,1.25,1.1986301369863013
2025-04-19,Bournemouth,Crystal Palace,0,0,D,5,15,0,4,13,10,5,4,4,,0,,2025,A,3.0,1.0,1,0.0,0.0,0.0,1,4,1.6666666666666667,1.2477064220183487,1.2432432432432432
2025-04-27,Bournemouth,Manchester United,1,1,D,8,25,1,6,11,12,5,10,4,2.0,1,0.0,2025,H,,,1,0.0,0.0,0.0,0,6,1.6666666666666667,1.2454545454545454,1.6451612903225807
2025-05-03,Bournemouth,Arsenal,2,1,A,13,9,4,2,7,16,2,3,2,,0,,2025,A,0.0,0.0,3,0.0,0.0,0.0,0,2,1.6666666666666667,1.2612612612612613,1.9786096256684491
2025-05-10,Bournemouth,Aston Villa,0,1,A,10,6,4,3,19,12,10,0,4,3.0,0,1.0,2025,H,,,0,0.0,0.0,0.0,0,4,1.3333333333333333,1.25,1.553191489361702
2025-05-20,Bournemouth,Manchester City,1,3,H,12,8,5,2,7,13,3,1,3,,1,,2025,A,1.0,1.0,0,0.0,0.0,0.0,0,5,1.0,1.238938053097345,2.259259259259259
2025-05-25,Bournemouth,Leicester City,2,0,H,20,3,7,0,19,16,6,1,0,2.0,0,0.0,2025,H,,,3,0.0,0.0,0.0,1,0,1.0,1.2543859649122806,1.1644736842105263
2025-08-15,Bournemouth,Liverpool,2,4,H,19,10,10,3,7,10,6,7,2,,0,,2025,A,1.0,0.0,0,0.0,0.0,0.0,0,2,1.0,1.2434782608695651,2.0785340314136125
2025-08-23,Bournemouth,Wolverhampton Wanderers,1,0,H,14,6,4,1,13,16,8,3,2,4.0,0,1.0,2025,H,,,3,0.0,0.0,0.0,1,2,2.0,1.2586206896551724,1.171875
2025-08-30,Bournemouth,Tottenham Hotspur,1,0,A,5,20,1,6,17,13,0,8,4,,0,,2025,A,2.0,0.0,3,0.0,0.0,0.0,1,4,2.0,1.2735042735042734,1.5699481865284974
2025-09-13,Bournemouth,Brighton and Hove Albion,2,1,H,13,6,5,2,16,10,4,4,4,4.0,0,0.0,2025,H,,,3,0.0,0.0,0.0,0,4,3.0,1.2881355932203389,1.3762886597938144
2025-09-21,Bournemouth,Newcastle United,0,0,D,11,4,2,1,7,10,5,2,2,1.0,0,0.0,2025,H,,,1,0.0,0.0,0.0,1,2,2.3333333333333335,1.2857142857142858,1.523076923076923
2025-09-27,Bournemouth,Leeds United,2,2,D,19,12,8,5,12,13,7,4,2,,0,,2025,A,2.0,0.0,1,0.0,0.0,0.0,0,2,1.6666666666666667,1.2833333333333334,1.1333333333333333
2025-10-03,Bournemouth,Fulham,3,1,H,11,12,6,4,8,10,4,3,0,1.0,0,0.0,2025,H,,,3,0.0,0.0,0.0,0,0,1.6666666666666667,1.2975206611570247,1.1886792452830188
2025-10-18,Bournemouth,Crystal Palace,3,3,D,20,8,7,5,8,16,6,5,4,,0,,2025,A,1.0,0.0,1,0.0,0.0,0.0,0,4,1.6666666666666667,1.2950819672131149,1.2727272727272727
2025-10-26,Bournemouth,Nottingham Forest,2,0,H,13,8,5,4,17,7,6,4,3,1.0,0,0.0,2025,H,,,3,0.0,0.0,0.0,1,3,2.3333333333333335,1.3089430894308942,1.170731707317073
2025-11-02,Bournemouth,Manchester City,1,3,H,15,8,8,5,8,11,10,4,2,,0,,2025,A,2.0,0.0,0,0.0,0.0,0.0,0,2,1.3333333333333333,1.2983870967741935,2.245
2025-11-09,Bournemouth,Aston Villa,0,4,H,16,13,8,4,8,20,6,9,2,,0,,2025,A,2.0,0.0,0,0.0,0.0,0.0,0,2,1.0,1.288,1.5572139303482586
2021-08-13,Brentford,Arsenal,2,0,H,8,22,3,4,12,8,2,5,0,0.0,0,0.0,2021,H,,,3,0.0,0.0,0.0,1,0,3.0,3.0,1.564102564102564
2021-08-21,Brentford,Crystal Palace,0,0,D,7,14,2,3,12,9,3,5,1,,0,,2021,A,3.0,0.0,1,0.0,0.0,0.0,1,1,2.0,2.0,1.125
2021-08-28,Brentford,Aston Villa,1,1,D,7,9,5,2,15,14,3,2,3,,0,,2021,A,3.0,0.0,1,0.0,0.0,0.0,0,3,1.6666666666666667,1.6666666666666667,1.4390243902439024
2021-09-11,Brentford,Brighton and Hove Albion,0,1,A,7,4,1,2,9,12,1,6,3,2.0,0,0.0,2021,H,,,0,0.0,0.0,0.0,0,3,0.6666666666666666,1.25,1.1904761904761905
2021-09-18,Brentford,Wolverhampton Wanderers,2,0,A,11,9,0,3,10,7,4,2,2,,1,,2021,A,4.0,0.0,3,0.0,0.0,0.0,1,4,1.3333333333333333,1.6,1.1162790697674418
2021-09-25,Brentford,Liverpool,3,3,D,12,16,4,6,8,7,2,11,1,1.0,0,0.0,2021,H,,,1,0.0,0.0,0.0,0,1,1.3333333333333333,1.5,1.8863636363636365
2021-10-03,Brentford,West Ham United,2,1,A,18,13,5,6,16,13,11,6,3,,0,,2021,A,2.0,0.0,3,0.0,0.0,0.0,0,3,2.3333333333333335,1.7142857142857142,1.6888888888888889
2021-10-16,Brentford,Chelsea,0,1,A,17,5,7,1,13,8,5,5,1,1.0,0,0.0,2021,H,,,0,0.0,0.0,0.0,0,1,1.3333333333333333,1.5,1.8695652173913044
2021-10-24,Brentford,Leicester City,1,2,A,15,10,5,6,13,7,9,2,1,1.0,0,0.0,2021,H,,,0,0.0,0.0,0.0,0,1,1.0,1.3333333333333333,1.702127659574468
2021-10-30,Brentford,Burnley,1,3,H,15,12,6,5,7,10,4,2,1,,0,,2021,A,1.0,0.0,0,0.0,0.0,0.0,0,1,0.0,1.2,0.9583333333333334
2021-11-06,Brentford,Norwich City,1,2,A,19,9,7,5,12,13,6,2,2,3.0,0,0.0,2021,H,,,0,0.0,0.0,0.0,0,2,0.0,1.0909090909090908,0.45454545454545453
2021-11-20,Brentford,Newcastle United,3,3,D,23,10,9,4,13,11,8,2,2,,0,,2021,A,2.0,0.0,1,0.0,0.0,0.0,0,2,0.3333333333333333,1.0833333333333333,1.02
2021-11-28,Brentford,Everton,1,0,H,6,14,4,5,8,11,3,3,4,3.0,0,0.0,2021,H,,,3,0.0,0.0,0.0,1,4,1.3333333333333333,1.2307692307692308,1.4509803921568627
2021-12-02,Brentford,Tottenham Hotspur,0,2,H,11,6,6,2,13,11,11,5,0,,0,,2021,A,0.0,0.0,0,0.0,0.0,0.0,0,0,1.3333333333333333,1.1428571428571428,1.6470588235294117
2021-12-05,Brentford,Leeds United,2,2,D,13,9,6,3,11,9,5,1,3,,0,,2021,A,5.0,0.0,1,0.0,0.0,0.0,0,3,1.3333333333333333,1.1333333333333333,1.4150943396226414
2021-12-10,Brentford,Watford,2,1,H,14,6,5,2,12,18,8,2,4,0.0,0,0.0,2021,H,,,3,0.0,0.0,0.0,0,4,1.3333333333333333,1.25,0.8125
2021-12-26,Brentford,Brighton and Hove Albion,0,2,H,15,16,5,6,8,10,6,9,3,,0,,2021,A,1.0,0.0,0,0.0,0.0,0.0,0,3,1.3333333333333333,1.1764705882352942,1.1636363636363636
2021-12-29,Brentford,Manchester City,0,1,A,6,12,2,3,12,10,3,5,0,0.0,0,0.0,2021,H,,,0,0.0,0.0,0.0,0,0,1.0,1.1111111111111112,2.3448275862068964
2022-01-02,Brentford,Aston Villa,2,1,H,10,16,4,5,17,11,3,7,2,2.0,0,0.0,2022,H,,,3,0.0,0.0,0.0,0,2,1.0,1.2105263157894737,1.3508771929824561
2022-01-11,Brentford,Southampton,1,4,H,12,5,6,4,9,8,5,2,1,,0,,2022,A,0.0,0.0,0,0.0,0.0,0.0,0,1,1.0,1.15,1.1551724137931034
2022-01-16,Brentford,Liverpool,0,3,H,27,6,13,1,6,6,9,0,1,,0,,2022,A,0.0,0.0,0,0.0,0.0,0.0,0,1,1.0,1.0952380952380953,1.9322033898305084
2022-01-19,Brentford,Manchester United,1,3,A,18,13,8,5,7,9,6,9,0,0.0,0,0.0,2022,H,,,0,0.0,0.0,0.0,0,0,0.0,1.0454545454545454,1.847457627118644
2022-01-22,Brentford,Wolverhampton Wanderers,1,2,A,11,7,1,2,6,7,6,3,2,3.0,0,0.0,2022,H,,,0,0.0,0.0,0.0,0,2,0.0,1.0,1.3389830508474576
2022-02-09,Brentford,Manchester City,0,2,H,15,6,7,2,7,13,9,3,0,,0,,2022,A,0.0,0.0,0,0.0,0.0,0.0,0,0,0.0,0.9583333333333334,2.3548387096774195
2022-02-12,Brentford,Crystal Palace,0,0,D,9,6,2,3,10,10,3,9,1,0.0,0,0.0,2022,H,,,1,0.0,0.0,0.0,1,1,0.3333333333333333,0.96,1.1290322580645162
2022-02-19,Brentford,Arsenal,1,2,H,24,6,8,2,10,5,14,0,1,,0,,2022,A,1.0,0.0,0,0.0,0.0,0.0,0,1,0.3333333333333333,0.9230769230769231,1.6885245901639345
2022-02-26,Brentford,Newcastle United,0,2,A,6,26,1,11,9,7,6,6,3,1.0,1,0.0,2022,H,,,0,0.0,0.0,0.0,0,5,0.3333333333333333,0.8888888888888888,1.1111111111111112
2022-03-05,Brentford,Norwich City,3,1,A,15,10,7,6,13,18,5,5,5,,0,,2022,A,2.0,0.0,3,0.0,0.0,0.0,0,5,1.0,0.9642857142857143,0.6296296296296297
2022-03-12,Brentford,Burnley,2,0,H,13,7,4,1,6,10,2,9,1,1.0,0,1.0,2022,H,,,3,0.0,0.0,0.0,1,1,2.0,1.0344827586206897,0.9230769230769231
2022-03-20,Brentford,Leicester City,1,2,H,12,15,4,6,10,10,2,5,2,,0,,2022,A,1.0,0.0,0,0.0,0.0,0.0,0,2,2.0,1.0,1.5692307692307692
2022-04-02,Brentford,Chelsea,4,1,A,21,17,8,6,11,7,12,7,0,,0,,2022,A,0.0,0.0,3,0.0,0.0,0.0,0,0,2.0,1.064516129032258,1.8805970149253732
2022-04-10,Brentford,West Ham United,2,0,H,15,5,7,1,2,6,4,6,0,1.0,0,0.0,2022,H,,,3,0.0,0.0,0.0,1,0,2.0,1.125,1.6571428571428573
2022-04-16,Brentford,Watford,2,1,A,17,16,4,5,11,9,6,5,1,,0,,2022,A,2.0,0.0,3,0.0,0.0,0.0,0,1,3.0,1.1818181818181819,0.6875
2022-04-23,Brentford,Tottenham Hotspur,0,0,D,15,9,2,0,8,7,12,8,2,1.0,0,0.0,2022,H,,,1,0.0,0.0,0.0,1,2,2.3333333333333335,1.1764705882352942,1.6901408450704225
2022-05-02,Brentford,Manchester United,0,3,H,9,12,5,4,4,6,3,8,0,,0,,2022,A,1.0,0.0,0,0.0,0.0,0.0,0,0,1.3333333333333333,1.1428571428571428,1.7837837837837838
2022-05-07,Brentford,Southampton,3,0,H,18,19,5,4,12,9,4,7,0,1.0,0,0.0,2022,H,,,3,0.0,0.0,0.0,1,0,1.3333333333333333,1.1944444444444444,1.1216216216216217
2022-05-15,Brentford,Everton,3,2,A,10,18,5,7,8,8,5,2,3,,0,,2022,A,0.0,2.0,3,0.0,0.0,0.0,0,3,2.0,1.2432432432432432,1.2837837837837838
2022-05-22,Brentford,Leeds United,1,2,A,14,14,5,6,11,13,3,2,2,1.0,1,0.0,2022,H,,,0,0.0,0.0,0.0,0,4,2.0,1.2105263157894737,1.2763157894736843
2022-08-07,Brentford,Leicester City,2,2,D,14,8,5,3,6,5,5,6,0,,0,,2022,A,0.0,0.0,1,0.0,0.0,0.0,0,0,1.3333333333333333,1.205128205128205,1.5454545454545454
2022-08-13,Brentford,Manchester United,4,0,H,13,15,7,4,6,15,8,2,0,4.0,0,0.0,2022,H,,,3,0.0,0.0,0.0,1,0,1.3333333333333333,1.25,1.6923076923076923
2022-08-20,Brentford,Fulham,2,3,H,18,13,9,5,13,7,6,3,2,,0,,2022,A,3.0,0.0,0,0.0,0.0,0.0,0,2,1.3333333333333333,1.2195121951219512,0.8048780487804879
2022-08-27,Brentford,Everton,1,1,D,19,14,5,7,8,8,8,5,2,2.0,0,0.0,2022,H,,,1,0.0,0.0,0.0,0,2,1.3333333333333333,1.2142857142857142,1.25
2022-08-30,Brentford,Crystal Palace,1,1,D,13,9,4,3,11,8,4,6,2,,0,,2022,A,1.0,0.0,1,0.0,0.0,0.0,0,2,0.6666666666666666,1.2093023255813953,1.1975308641975309
2022-09-03,Brentford,Leeds United,5,2,H,14,17,8,6,8,9,2,6,2,2.0,0,0.0,2022,H,,,3,0.0,0.0,0.0,0,2,1.6666666666666667,1.25,1.2804878048780488
2022-09-18,Brentford,Arsenal,0,3,A,5,13,2,7,10,10,3,3,0,2.0,0,0.0,2022,H,,,0,0.0,0.0,0.0,0,0,1.3333333333333333,1.2222222222222223,1.783132530120482
2022-10-01,Brentford,Bournemouth,0,0,D,7,13,1,4,11,10,7,8,2,,0,,2022,A,1.0,0.0,1,0.0,0.0,0.0,1,2,1.3333333333333333,1.2173913043478262,1.125
2022-10-08,Brentford,Newcastle United,1,5,H,16,6,6,3,14,9,9,5,1,,0,,2022,A,0.0,0.0,0,0.0,0.0,0.0,0,1,0.3333333333333333,1.1914893617021276,1.2705882352941176
2022-10-14,Brentford,Brighton and Hove Albion,2,0,H,7,21,3,7,12,15,2,11,3,1.0,0,0.0,2022,H,,,3,0.0,0.0,0.0,1,3,1.3333333333333333,1.2291666666666667,1.2470588235294118
2022-10-19,Brentford,Chelsea,0,0,D,8,14,5,5,7,7,6,2,0,0.0,0,0.0,2022,H,,,1,0.0,0.0,0.0,1,0,1.3333333333333333,1.2244897959183674,1.872093023255814
2022-10-23,Brentford,Aston Villa,0,4,H,19,12,11,3,14,11,7,6,0,,0,,2022,A,1.0,0.0,0,0.0,0.0,0.0,0,0,1.3333333333333333,1.2,1.2727272727272727
2022-10-29,Brentford,Wolverhampton Wanderers,1,1,D,12,14,3,4,10,17,3,6,3,3.0,0,1.0,2022,H,,,1,0.0,0.0,0.0,0,3,0.6666666666666666,1.196078431372549,1.1910112359550562
2022-11-05,Brentford,Nottingham Forest,2,2,D,15,6,7,2,10,11,3,3,2,,0,,2022,A,2.0,0.0,1,0.0,0.0,0.0,0,2,0.6666666666666666,1.1923076923076923,0.7142857142857143
2022-11-12,Brentford,Manchester City,2,1,A,29,10,6,8,9,7,10,2,2,,0,,2022,A,2.0,0.0,3,0.0,0.0,0.0,0,2,1.6666666666666667,1.2264150943396226,2.3444444444444446
2022-12-26,Brentford,Tottenham Hotspur,2,2,D,9,16,5,8,11,10,6,5,3,1.0,0,0.0,2022,H,,,1,0.0,0.0,0.0,0,3,1.6666666666666667,1.2222222222222223,1.7717391304347827
2022-12-30,Brentford,West Ham United,2,0,A,20,9,5,6,9,5,8,1,0,,0,,2022,A,1.0,0.0,3,0.0,0.0,0.0,1,0,2.3333333333333335,1.2545454545454546,1.4516129032258065
2023-01-02,Brentford,Liverpool,3,1,H,10,16,7,6,5,8,4,9,1,3.0,0,0.0,2023,H,,,3,0.0,0.0,0.0,0,1,2.3333333333333335,1.2857142857142858,2.032258064516129
2023-01-14,Brentford,Bournemouth,2,0,H,12,7,4,2,5,9,5,3,1,1.0,0,0.0,2023,H,,,3,0.0,0.0,0.0,1,1,3.0,1.3157894736842106,0.8421052631578947
2023-01-22,Brentford,Leeds United,0,0,D,9,6,5,0,10,18,2,3,2,,0,,2023,A,2.0,0.0,1,0.0,0.0,0.0,1,2,2.3333333333333335,1.3103448275862069,1.2105263157894737
2023-02-04,Brentford,Southampton,3,0,H,14,14,4,6,10,9,4,4,1,2.0,0,0.0,2023,H,,,3,0.0,0.0,0.0,1,1,2.3333333333333335,1.3389830508474576,1.0103092783505154
2023-02-11,Brentford,Arsenal,1,1,D,23,9,7,2,9,9,7,4,2,,0,,2023,A,0.0,0.0,1,0.0,0.0,0.0,0,2,1.6666666666666667,1.3333333333333333,1.865979381443299
2023-02-18,Brentford,Crystal Palace,1,1,D,12,10,5,4,10,8,2,6,2,2.0,0,0.0,2023,H,,,1,0.0,0.0,0.0,0,2,1.6666666666666667,1.3278688524590163,1.1919191919191918
2023-03-06,Brentford,Fulham,3,2,H,14,9,6,5,12,17,2,3,0,3.0,0,0.0,2023,H,,,3,0.0,0.0,0.0,0,0,1.6666666666666667,1.3548387096774193,1.046875
2023-03-11,Brentford,Everton,0,1,H,13,12,6,4,11,12,5,8,1,,0,,2023,A,2.0,0.0,0,0.0,0.0,0.0,0,1,1.3333333333333333,1.3333333333333333,1.1941747572815533
2023-03-15,Brentford,Southampton,2,0,A,7,11,1,5,14,10,3,3,2,,0,,2023,A,1.0,0.0,3,0.0,0.0,0.0,1,2,2.0,1.359375,1.0194174757281553
2023-03-18,Brentford,Leicester City,1,1,D,11,14,2,1,10,11,8,4,1,2.0,1,0.0,2023,H,,,1,0.0,0.0,0.0,0,3,1.3333333333333333,1.353846153846154,1.3883495145631068
2023-04-01,Brentford,Brighton and Hove Albion,3,3,D,33,7,15,5,16,10,14,0,1,,0,,2023,A,2.0,0.0,1,0.0,0.0,0.0,0,1,1.6666666666666667,1.3484848484848484,1.3235294117647058
2023-04-05,Brentford,Manchester United,0,1,H,18,6,3,1,8,13,12,3,2,,0,,2023,A,3.0,0.0,0,0.0,0.0,0.0,0,2,0.6666666666666666,1.328358208955224,1.7788461538461537
2023-04-08,Brentford,Newcastle United,1,2,A,12,10,6,4,10,15,6,5,0,0.0,0,0.0,2023,H,,,0,0.0,0.0,0.0,0,0,0.3333333333333333,1.3088235294117647,1.4285714285714286
2023-04-15,Brentford,Wolverhampton Wanderers,0,2,H,11,10,9,3,12,8,5,2,1,,0,,2023,A,1.0,0.0,0,0.0,0.0,0.0,0,1,0.0,1.289855072463768,1.2149532710280373
2023-04-22,Brentford,Aston Villa,1,1,D,6,14,5,2,12,8,8,4,3,2.0,0,0.0,2023,H,,,1,0.0,0.0,0.0,0,3,0.3333333333333333,1.2857142857142858,1.3981481481481481
2023-04-26,Brentford,Chelsea,2,0,A,15,7,4,1,5,13,5,2,2,,0,,2023,A,1.0,0.0,3,0.0,0.0,0.0,1,2,1.3333333333333333,1.3098591549295775,1.6666666666666667
2023-04-29,Brentford,Nottingham Forest,2,1,H,14,5,8,3,6,13,6,0,1,2.0,0,0.0,2023,H,,,3,0.0,0.0,0.0,0,1,2.3333333333333335,1.3333333333333333,0.8823529411764706
2023-05-06,Brentford,Liverpool,0,1,H,15,5,5,1,19,10,7,3,2,,0,,2023,A,4.0,0.0,0,0.0,0.0,0.0,0,2,2.0,1.3150684931506849,2.009009009009009
2023-05-14,Brentford,West Ham United,2,0,H,24,4,10,4,5,5,7,5,1,0.0,0,0.0,2023,H,,,3,0.0,0.0,0.0,1,1,2.0,1.337837837837838,1.4107142857142858
2023-05-20,Brentford,Tottenham Hotspur,3,1,A,22,11,8,4,11,9,8,2,1,,0,,2023,A,1.0,0.0,3,0.0,0.0,0.0,0,1,2.0,1.36,1.6814159292035398
2023-05-28,Brentford,Manchester City,1,0,H,11,17,4,3,12,8,3,4,4,0.0,0,0.0,2023,H,,,3,0.0,0.0,0.0,1,4,3.0,1.381578947368421,2.3508771929824563
2023-08-13,Brentford,Tottenham Hotspur,2,2,D,11,18,6,6,12,13,3,6,1,4.0,0,0.0,2023,H,,,1,0.0,0.0,0.0,0,1,2.3333333333333335,1.3766233766233766,1.6869565217391305
2023-08-19,Brentford,Fulham,3,0,A,10,17,2,8,13,12,5,5,2,,0,,2023,A,2.0,1.0,3,0.0,0.0,0.0,1,2,2.3333333333333335,1.3974358974358974,1.064102564102564
2023-08-26,Brentford,Crystal Palace,1,1,D,12,15,1,5,9,15,8,6,0,0.0,0,0.0,2023,H,,,1,0.0,0.0,0.0,0,0,1.6666666666666667,1.3924050632911393,1.205128205128205
2023-09-02,Brentford,Bournemouth,2,2,D,21,12,7,5,6,13,5,2,1,2.0,0,0.0,2023,H,,,1,0.0,0.0,0.0,0,1,1.6666666666666667,1.3875,0.9761904761904762
2023-09-16,Brentford,Newcastle United,0,1,H,9,11,2,2,8,12,8,3,5,,0,,2023,A,3.0,0.0,0,0.0,0.0,0.0,0,5,0.6666666666666666,1.3703703703703705,1.4369747899159664
2023-09-23,Brentford,Everton,1,3,A,12,18,2,6,9,12,1,4,2,2.0,0,0.0,2023,H,,,0,0.0,0.0,0.0,0,2,0.3333333333333333,1.353658536585366,1.15
2023-10-01,Brentford,Nottingham Forest,1,1,D,6,18,1,5,6,10,1,11,2,,0,,2023,A,1.0,1.0,1,0.0,0.0,0.0,0,2,0.3333333333333333,1.3493975903614457,1.0222222222222221
2023-10-07,Brentford,Manchester United,1,2,H,21,11,8,3,10,17,7,5,5,,0,,2023,A,0.0,0.0,0,0.0,0.0,0.0,0,5,0.3333333333333333,1.3333333333333333,1.7950819672131149
2023-10-21,Brentford,Burnley,3,0,H,23,6,10,1,14,12,5,5,5,2.0,0,1.0,2023,H,,,3,0.0,0.0,0.0,1,5,1.3333333333333333,1.3529411764705883,0.9176470588235294
2023-10-28,Brentford,Chelsea,2,0,A,17,7,2,5,12,7,10,1,4,,0,,2023,A,1.0,0.0,3,0.0,0.0,0.0,1,4,2.0,1.372093023255814,1.5887096774193548
2023-11-04,Brentford,West Ham United,3,2,H,16,12,4,2,12,14,4,3,1,4.0,0,0.0,2023,H,,,3,0.0,0.0,0.0,0,1,3.0,1.3908045977011494,1.4
2023-11-12,Brentford,Liverpool,0,3,H,17,16,10,3,16,12,6,8,2,,0,,2023,A,1.0,0.0,0,0.0,0.0,0.0,0,2,2.0,1.375,2.0238095238095237
2023-11-25,Brentford,Arsenal,0,1,A,9,15,3,4,9,7,1,8,1,1.0,0,0.0,2023,H,,,0,0.0,0.0,0.0,0,1,1.0,1.3595505617977528,1.921259842519685
2023-12-02,Brentford,Luton Town,3,1,H,27,7,6,1,10,8,7,5,1,2.0,0,0.0,2023,H,,,3,0.0,0.0,0.0,0,1,1.0,1.3777777777777778,0.6428571428571429
2023-12-06,Brentford,Brighton and Hove Albion,1,2,H,18,8,7,2,10,8,7,3,1,,0,,2023,A,3.0,0.0,0,0.0,0.0,0.0,0,1,1.0,1.3626373626373627,1.3875968992248062
2023-12-09,Brentford,Sheffield United,0,1,H,9,10,4,4,14,13,3,4,1,,0,,2023,A,5.0,0.0,0,0.0,0.0,0.0,0,1,1.0,1.3478260869565217,0.5740740740740741
2023-12-17,Brentford,Aston Villa,1,2,A,4,15,3,5,19,6,7,12,6,4.0,1,1.0,2023,H,,,0,0.0,0.0,0.0,0,8,0.0,1.3333333333333333,1.5190839694656488
2023-12-27,Brentford,Wolverhampton Wanderers,1,4,A,14,11,4,5,5,14,8,2,1,1.0,0,0.0,2023,H,,,0,0.0,0.0,0.0,0,1,0.0,1.3191489361702127,1.218045112781955
2023-12-30,Brentford,Crystal Palace,1,3,H,13,9,6,4,14,10,7,4,1,,0,,2023,A,0.0,0.0,0,0.0,0.0,0.0,0,1,0.0,1.305263157894737,1.1791044776119404
2024-01-20,Brentford,Nottingham Forest,3,2,H,11,12,5,3,10,14,6,4,1,3.0,0,0.0,2024,H,,,3,0.0,0.0,0.0,0,1,1.0,1.3229166666666667,0.9830508474576272
2024-01-31,Brentford,Tottenham Hotspur,2,3,H,19,9,5,5,13,15,5,3,3,,0,,2024,A,2.0,0.0,0,0.0,0.0,0.0,0,3,1.0,1.309278350515464,1.7352941176470589
2024-02-05,Brentford,Manchester City,1,3,A,9,25,3,15,2,4,8,13,1,0.0,0,0.0,2024,H,,,0,0.0,0.0,0.0,0,1,1.0,1.2959183673469388,2.3308823529411766
2024-02-10,Brentford,Wolverhampton Wanderers,2,0,A,17,9,5,6,11,9,7,4,3,,0,,2024,A,2.0,0.0,3,0.0,0.0,0.0,1,3,1.0,1.3131313131313131,1.2246376811594204
2024-02-17,Brentford,Liverpool,1,4,A,15,15,6,8,4,18,1,6,2,1.0,0,0.0,2024,H,,,0,0.0,0.0,0.0,0,2,1.0,1.3,2.050359712230216
2024-02-20,Brentford,Manchester City,0,1,H,25,6,11,2,12,6,10,1,4,,0,,2024,A,2.0,0.0,0,0.0,0.0,0.0,0,4,1.0,1.2871287128712872,2.3309352517985613
2024-02-26,Brentford,West Ham United,2,4,H,17,14,6,8,5,9,1,7,2,,0,,2024,A,1.0,0.0,0,0.0,0.0,0.0,0,2,0.0,1.2745098039215685,1.4285714285714286
2024-03-02,Brentford,Chelsea,2,2,D,14,17,5,6,10,9,0,6,3,1.0,0,0.0,2024,H,,,1,0.0,0.0,0.0,0,3,0.3333333333333333,1.2718446601941749,1.5785714285714285
2024-03-09,Brentford,Arsenal,1,2,H,17,9,6,4,9,10,10,4,4,,0,,2024,A,2.0,0.0,0,0.0,0.0,0.0,0,4,0.3333333333333333,1.2596153846153846,1.9577464788732395
2024-03-16,Brentford,Burnley,1,2,H,17,9,6,5,14,17,5,4,4,,1,,2024,A,2.0,0.0,0,0.0,0.0,0.0,0,6,0.3333333333333333,1.2476190476190476,0.8666666666666667
2024-03-30,Brentford,Manchester United,1,1,D,31,11,5,5,7,14,14,4,2,2.0,0,0.0,2024,H,,,1,0.0,0.0,0.0,0,2,0.3333333333333333,1.2452830188679245,1.7832167832167831
2024-04-03,Brentford,Brighton and Hove Albion,0,0,D,5,24,2,6,9,12,1,5,1,1.0,0,0.0,2024,H,,,1,0.0,0.0,0.0,1,1,0.6666666666666666,1.2429906542056075,1.3680555555555556
2024-04-06,Brentford,Aston Villa,3,3,D,11,8,3,3,15,11,11,3,2,,0,,2024,A,2.0,0.0,1,0.0,0.0,0.0,0,2,1.0,1.2407407407407407,1.5136986301369864
2024-04-13,Brentford,Sheffield United,2,0,H,9,8,5,2,8,11,3,6,3,1.0,0,0.0,2024,H,,,3,0.0,0.0,0.0,1,3,1.6666666666666667,1.2568807339449541,0.5571428571428572
2024-04-20,Brentford,Luton Town,5,1,A,6,21,3,9,13,9,4,9,2,,0,,2024,A,1.0,0.0,3,0.0,0.0,0.0,0,2,2.3333333333333335,1.2727272727272727,0.7352941176470589
2024-04-27,Brentford,Everton,0,1,H,18,10,1,4,10,12,6,6,2,,0,,2024,A,1.0,0.0,0,0.0,0.0,0.0,0,2,2.0,1.2612612612612613,1.1946308724832215
2024-05-04,Brentford,Fulham,0,0,D,7,15,3,3,3,6,7,6,1,1.0,0,0.0,2024,H,,,1,0.0,0.0,0.0,1,1,1.3333333333333333,1.2589285714285714,1.1071428571428572
2024-05-11,Brentford,Bournemouth,2,1,A,13,11,4,5,16,12,3,8,2,,0,,2024,A,2.0,0.0,3,0.0,0.0,0.0,0,2,1.3333333333333333,1.2743362831858407,1.16
2024-05-19,Brentford,Newcastle United,2,4,A,10,12,5,7,15,11,3,0,4,4.0,0,0.0,2024,H,,,0,0.0,0.0,0.0,0,4,1.3333333333333333,1.263157894736842,1.480263157894737
2024-08-18,Brentford,Crystal Palace,2,1,H,9,14,5,6,6,15,4,7,1,5.0,0,0.0,2024,H,,,3,0.0,0.0,0.0,0,1,2.0,1.2782608695652173,1.2156862745098038
2024-08-25,Brentford,Liverpool,0,2,H,19,8,8,2,10,7,9,4,3,,0,,2024,A,2.0,0.0,0,0.0,0.0,0.0,0,3,1.0,1.2672413793103448,2.051948051948052
2024-08-31,Brentford,Southampton,3,1,H,20,18,7,6,10,7,2,8,2,1.0,0,0.0,2024,H,,,3,0.0,0.0,0.0,0,2,2.0,1.2820512820512822,0.9230769230769231
2024-09-14,Brentford,Manchester City,1,2,H,18,8,7,5,9,3,12,3,1,,0,,2024,A,3.0,0.0,0,0.0,0.0,0.0,0,1,1.0,1.271186440677966,2.378205128205128
2024-09-21,Brentford,Tottenham Hotspur,1,3,H,23,6,10,6,11,9,9,4,1,,0,,2024,A,3.0,0.0,0,0.0,0.0,0.0,0,1,1.0,1.2605042016806722,1.694267515923567
2024-09-28,Brentford,West Ham United,1,1,D,8,19,3,3,2,11,7,7,2,3.0,0,0.0,2024,H,,,1,0.0,0.0,0.0,0,2,0.3333333333333333,1.2583333333333333,1.379746835443038
2024-10-05,Brentford,Wolverhampton Wanderers,5,3,H,19,17,12,6,9,10,10,3,2,3.0,0,0.0,2024,H,,,3,0.0,0.0,0.0,0,2,1.3333333333333333,1.2727272727272727,1.1572327044025157
2024-10-19,Brentford,Manchester United,1,2,H,23,8,11,2,14,5,9,2,2,,0,,2024,A,2.0,0.0,0,0.0,0.0,0.0,0,2,1.3333333333333333,1.2622950819672132,1.7375
2024-10-26,Brentford,Ipswich Town,4,3,H,20,11,9,5,7,10,5,5,0,1.0,0,1.0,2024,H,,,3,0.0,0.0,0.0,0,0,2.0,1.2764227642276422,0.4444444444444444
2024-11-04,Brentford,Fulham,1,2,H,26,5,12,2,3,10,11,3,1,,0,,2024,A,2.0,0.0,0,0.0,0.0,0.0,0,1,1.0,1.2661290322580645,1.1451612903225807
2024-11-09,Brentford,Bournemouth,3,2,H,12,15,6,3,8,16,6,4,2,4.0,0,0.0,2024,H,,,3,0.0,0.0,0.0,0,2,2.0,1.28,1.1724137931034482
2024-11-23,Brentford,Everton,0,0,D,27,9,5,2,8,10,10,4,0,,1,,2024,A,0.0,0.0,1,0.0,0.0,0.0,1,2,1.3333333333333333,1.2777777777777777,1.1768292682926829
2024-11-30,Brentford,Leicester City,4,1,H,13,7,6,3,9,10,5,4,1,1.0,0,0.0,2024,H,,,3,0.0,0.0,0.0,0,1,2.3333333333333335,1.2913385826771653,1.2755905511811023
2024-12-04,Brentford,Aston Villa,1,3,H,20,9,10,1,11,15,10,5,2,,0,,2024,A,2.0,0.0,0,0.0,0.0,0.0,0,2,1.3333333333333333,1.28125,1.5120481927710843
2024-12-07,Brentford,Newcastle United,4,2,H,11,16,8,3,10,7,3,4,3,0.0,0,0.0,2024,H,,,3,0.0,0.0,0.0,0,3,2.0,1.2945736434108528,1.467065868263473
2024-12-15,Brentford,Chelsea,1,2,H,26,9,8,4,11,7,8,5,2,,0,,2024,A,0.0,1.0,0,0.0,0.0,0.0,0,2,1.0,1.2846153846153847,1.6785714285714286
2024-12-21,Brentford,Nottingham Forest,0,2,A,7,10,3,6,9,14,9,5,3,4.0,0,0.0,2024,H,,,0,0.0,0.0,0.0,0,3,1.0,1.2748091603053435,1.1290322580645162
2024-12-27,Brentford,Brighton and Hove Albion,0,0,D,24,8,7,3,6,12,5,3,2,,0,,2024,A,0.0,0.0,1,0.0,0.0,0.0,1,2,0.3333333333333333,1.2727272727272727,1.3411764705882352
2025-01-01,Brentford,Arsenal,1,3,A,5,14,2,5,6,8,4,3,1,2.0,0,0.0,2025,H,,,0,0.0,0.0,0.0,0,1,0.3333333333333333,1.263157894736842,2.0
2025-01-04,Brentford,Southampton,5,0,A,8,20,1,11,10,4,2,2,0,,0,,2025,A,2.0,0.0,3,0.0,0.0,0.0,1,0,1.3333333333333333,1.2761194029850746,0.8507462686567164
2025-01-14,Brentford,Manchester City,2,2,D,18,21,6,8,4,4,4,5,0,0.0,0,0.0,2025,H,,,1,0.0,0.0,0.0,0,0,1.3333333333333333,1.2740740740740741,2.277456647398844
2025-01-18,Brentford,Liverpool,0,2,A,11,37,6,8,6,14,2,15,2,3.0,0,0.0,2025,H,,,0,0.0,0.0,0.0,0,2,1.3333333333333333,1.2647058823529411,2.0809248554913293
2025-01-26,Brentford,Crystal Palace,2,1,A,16,13,5,6,8,11,4,7,2,,0,,2025,A,2.0,0.0,3,0.0,0.0,0.0,0,2,1.3333333333333333,1.2773722627737227,1.217142857142857
2025-02-02,Brentford,Tottenham Hotspur,0,2,A,20,13,4,2,4,11,10,3,0,1.0,0,0.0,2025,H,,,0,0.0,0.0,0.0,0,0,1.0,1.2681159420289856,1.625
2025-02-15,Brentford,West Ham United,1,0,A,13,14,3,5,10,13,9,2,1,,0,,2025,A,1.0,0.0,3,0.0,0.0,0.0,1,1,2.0,1.2805755395683454,1.3559322033898304
2025-02-21,Brentford,Leicester City,4,0,A,8,14,3,6,10,10,5,6,0,,0,,2025,A,4.0,0.0,3,0.0,0.0,0.0,1,0,2.0,1.292857142857143,1.207142857142857
2025-02-26,Brentford,Everton,1,1,D,12,14,3,4,3,6,2,5,2,1.0,0,0.0,2025,H,,,1,0.0,0.0,0.0,0,2,2.3333333333333335,1.2907801418439717,1.1955307262569832
2025-03-08,Brentford,Aston Villa,0,1,A,13,12,3,4,10,5,6,5,2,2.0,0,0.0,2025,H,,,0,0.0,0.0,0.0,0,2,1.3333333333333333,1.2816901408450705,1.5138121546961325
2025-03-15,Brentford,Bournemouth,2,1,A,17,10,5,4,13,7,4,3,0,,0,,2025,A,3.0,0.0,3,0.0,0.0,0.0,0,0,1.3333333333333333,1.2937062937062938,1.2476190476190476
2025-04-02,Brentford,Newcastle United,1,2,H,21,12,4,3,12,12,4,5,1,,0,,2025,A,1.0,0.0,0,0.0,0.0,0.0,0,1,1.0,1.2847222222222223,1.5193370165745856
2025-04-06,Brentford,Chelsea,0,0,D,9,21,2,5,12,12,3,6,1,3.0,0,0.0,2025,H,,,1,0.0,0.0,0.0,1,1,1.3333333333333333,1.282758620689655,1.644808743169399
2025-04-12,Brentford,Arsenal,1,1,D,14,3,3,2,7,9,13,5,3,,0,,2025,A,1.0,0.0,1,0.0,0.0,0.0,0,3,0.6666666666666666,1.2808219178082192,1.9891304347826086
2025-04-19,Brentford,Brighton and Hove Albion,4,2,H,16,12,8,3,7,11,4,8,3,3.0,0,1.0,2025,H,,,3,0.0,0.0,0.0,0,3,1.6666666666666667,1.2925170068027212,1.3513513513513513
2025-05-01,Brentford,Nottingham Forest,2,0,A,14,11,5,3,10,12,4,5,5,,0,,2025,A,3.0,0.0,3,0.0,0.0,0.0,1,5,2.3333333333333335,1.304054054054054,1.2181818181818183
2025-05-04,Brentford,Manchester United,4,3,H,12,14,6,5,8,10,7,4,0,2.0,0,0.0,2025,H,,,3,0.0,0.0,0.0,0,0,3.0,1.3154362416107384,1.6363636363636365
2025-05-10,Brentford,Ipswich Town,1,0,A,11,15,4,5,6,12,5,6,4,,0,,2025,A,2.0,0.0,3,0.0,0.0,0.0,1,4,3.0,1.3266666666666667,0.6111111111111112
2025-05-18,Brentford,Fulham,2,3,A,11,16,6,7,12,8,5,3,4,4.0,0,0.0,2025,H,,,0,0.0,0.0,0.0,0,4,2.0,1.3178807947019868,1.1986754966887416
2025-05-25,Brentford,Wolverhampton Wanderers,1,1,D,18,13,6,7,7,9,8,3,1,,0,,2025,A,2.0,0.0,1,0.0,0.0,0.0,0,1,1.3333333333333333,1.3157894736842106,1.1842105263157894
2025-08-17,Brentford,Nottingham Forest,1,3,H,11,10,5,3,7,15,5,5,2,,0,,2025,A,1.0,0.0,0,0.0,0.0,0.0,0,2,0.3333333333333333,1.3071895424836601,1.2347826086956522
2025-08-23,Brentford,Aston Villa,1,0,H,9,17,2,2,11,9,2,9,1,2.0,0,0.0,2025,H,,,3,0.0,0.0,0.0,1,1,1.3333333333333333,1.3181818181818181,1.5416666666666667
2025-08-30,Brentford,Sunderland,1,2,H,12,7,3,4,11,12,3,4,2,,0,,2025,A,3.0,0.0,0,0.0,0.0,0.0,0,2,1.0,1.3096774193548386,2.0
2025-09-13,Brentford,Chelsea,2,2,D,7,16,4,6,13,9,5,6,3,2.0,0,0.0,2025,H,,,1,0.0,0.0,0.0,0,3,1.3333333333333333,1.3076923076923077,1.675257731958763
2025-09-20,Brentford,Fulham,1,3,H,14,8,3,3,11,13,2,10,1,,0,,2025,A,4.0,0.0,0,0.0,0.0,0.0,0,1,0.3333333333333333,1.2993630573248407,1.2038216560509554
2025-09-27,Brentford,Manchester United,3,1,H,10,14,8,6,14,10,4,2,2,2.0,0,0.0,2025,H,,,3,0.0,0.0,0.0,0,2,1.3333333333333333,1.3101265822784811,1.6122448979591837
2025-10-05,Brentford,Manchester City,0,1,A,6,10,1,4,10,6,3,2,3,2.0,0,0.0,2025,H,,,0,0.0,0.0,0.0,0,3,1.0,1.3018867924528301,2.248730964467005
2025-10-20,Brentford,West Ham United,2,0,A,7,22,1,7,10,10,6,10,1,,0,,2025,A,1.0,0.0,3,0.0,0.0,0.0,1,1,2.0,1.3125,1.3131313131313131
2025-10-25,Brentford,Liverpool,3,2,H,17,18,8,5,7,10,5,4,3,2.0,0,0.0,2025,H,,,3,0.0,0.0,0.0,0,3,2.0,1.3229813664596273,2.0552763819095476
2025-11-01,Brentford,Crystal Palace,0,2,H,9,6,2,2,7,11,6,5,3,,0,,2025,A,0.0,0.0,0,0.0,0.0,0.0,0,3,2.0,1.3148148148148149,1.275
2025-11-09,Brentford,Newcastle United,3,1,H,15,5,7,1,10,13,6,2,2,1.0,0,0.0,2025,H,,,3,0.0,0.0,0.0,0,2,2.0,1.3251533742331287,1.507462686567164
2020-09-14,Brighton and Hove Albion,Chelsea,1,3,A,13,10,3,5,8,13,4,3,1,0.0,0,0.0,2020,H,,,0,0.0,0.0,0.0,0,1,0.0,0.0,3.0
2020-09-20,Brighton and Hove Albion,Newcastle United,3,0,A,6,13,0,6,16,15,7,1,0,,1,,2020,A,3.0,0.0,3,0.0,0.0,0.0,1,2,1.5,1.5,1.5
2020-09-26,Brighton and Hove Albion,Manchester United,2,3,A,18,7,5,3,18,16,7,1,4,2.0,0,0.0,2020,H,,,0,0.0,0.0,0.0,0,4,1.0,1.0,1.5
2020-10-03,Brighton and Hove Albion,Everton,2,4,H,11,11,6,3,13,14,3,10,1,,0,,2020,A,0.0,0.0,0,0.0,0.0,0.0,0,1,1.0,0.75,3.0
2020-10-18,Brighton and Hove Albion,Crystal Palace,1,1,D,1,20,1,3,13,12,2,5,2,,1,,2020,A,3.0,0.0,1,0.0,0.0,0.0,0,4,0.3333333333333333,0.8,1.4
2020-10-26,Brighton and Hove Albion,West Brom,1,1,D,5,9,3,3,14,7,6,2,2,0.0,0,0.0,2020,H,,,1,0.0,0.0,0.0,0,2,0.6666666666666666,0.8333333333333334,0.5
2020-11-01,Brighton and Hove Albion,Tottenham Hotspur,1,2,H,9,6,3,2,14,13,4,5,1,,0,,2020,A,2.0,0.0,0,0.0,0.0,0.0,0,1,0.6666666666666666,0.7142857142857143,2.0
2020-11-06,Brighton and Hove Albion,Burnley,0,0,D,19,4,3,1,11,5,5,3,1,0.0,0,0.0,2020,H,,,1,0.0,0.0,0.0,1,1,0.6666666666666666,0.75,0.2857142857142857
2020-11-21,Brighton and Hove Albion,Aston Villa,2,1,A,15,7,4,3,5,18,12,3,1,,1,,2020,A,2.0,0.0,3,0.0,0.0,0.0,0,3,1.3333333333333333,1.0,1.875
2020-11-28,Brighton and Hove Albion,Liverpool,1,1,D,11,6,3,2,9,13,4,3,2,1.0,0,0.0,2020,H,,,1,0.0,0.0,0.0,0,2,1.6666666666666667,1.0,2.1
2020-12-07,Brighton and Hove Albion,Southampton,1,2,A,12,10,4,3,12,12,4,3,3,3.0,0,0.0,2020,H,,,0,0.0,0.0,0.0,0,3,1.3333333333333333,0.9090909090909091,1.8181818181818181
2020-12-13,Brighton and Hove Albion,Leicester City,0,3,H,15,12,6,4,9,11,9,5,1,,0,,2020,A,2.0,0.0,0,0.0,0.0,0.0,0,1,0.3333333333333333,0.8333333333333334,2.0
2020-12-16,Brighton and Hove Albion,Fulham,0,0,D,9,9,4,4,15,11,1,8,0,,0,,2020,A,1.0,0.0,1,0.0,0.0,0.0,1,0,0.3333333333333333,0.8461538461538461,0.6923076923076923
2020-12-20,Brighton and Hove Albion,Sheffield United,1,1,D,21,5,5,3,9,11,14,2,1,5.0,0,1.0,2020,H,,,1,0.0,0.0,0.0,0,1,0.6666666666666666,0.8571428571428571,0.14285714285714285
2020-12-27,Brighton and Hove Albion,West Ham United,2,2,D,11,13,4,4,6,8,5,4,0,,0,,2020,A,0.0,0.0,1,0.0,0.0,0.0,0,0,1.0,0.8666666666666667,1.4666666666666666
2020-12-29,Brighton and Hove Albion,Arsenal,0,1,A,13,11,2,3,11,4,5,4,2,0.0,0,0.0,2020,H,,,0,0.0,0.0,0.0,0,2,0.6666666666666666,0.8125,1.25
2021-01-02,Brighton and Hove Albion,Wolverhampton Wanderers,3,3,D,13,11,4,4,13,8,5,8,2,1.0,0,0.0,2021,H,,,1,0.0,0.0,0.0,0,2,0.6666666666666666,0.8235294117647058,1.2941176470588236
2021-01-13,Brighton and Hove Albion,Manchester City,0,1,H,16,5,6,1,4,12,8,4,2,,0,,2021,A,0.0,0.0,0,0.0,0.0,0.0,0,2,0.3333333333333333,0.7777777777777778,2.0
2021-01-16,Brighton and Hove Albion,Leeds United,1,0,A,7,7,2,2,8,9,5,2,1,,0,,2021,A,1.0,0.0,3,0.0,0.0,0.0,1,1,1.3333333333333333,0.8947368421052632,1.2777777777777777
2021-01-27,Brighton and Hove Albion,Fulham,0,0,D,16,10,5,3,10,14,10,0,2,1.0,0,0.0,2021,H,,,1,0.0,0.0,0.0,1,2,1.3333333333333333,0.9,0.6842105263157895
2021-01-31,Brighton and Hove Albion,Tottenham Hotspur,1,0,H,16,8,5,4,11,11,9,2,2,1.0,0,0.0,2021,H,,,3,0.0,0.0,0.0,1,2,2.3333333333333335,1.0,1.65
2021-02-03,Brighton and Hove Albion,Liverpool,1,0,A,11,13,1,4,12,6,6,3,0,,0,,2021,A,1.0,0.0,3,0.0,0.0,0.0,1,0,2.3333333333333335,1.0909090909090908,1.8181818181818181
2021-02-06,Brighton and Hove Albion,Burnley,1,1,D,20,10,7,2,8,10,8,7,0,,0,,2021,A,2.0,0.0,1,0.0,0.0,0.0,0,0,2.3333333333333335,1.0869565217391304,1.0454545454545454
2021-02-13,Brighton and Hove Albion,Aston Villa,0,0,D,26,4,9,1,16,12,9,2,2,3.0,0,0.0,2021,H,,,1,0.0,0.0,0.0,1,2,1.6666666666666667,1.0833333333333333,1.6363636363636365
2021-02-22,Brighton and Hove Albion,Crystal Palace,1,2,A,25,3,5,2,11,6,13,0,2,0.0,0,0.0,2021,H,,,0,0.0,0.0,0.0,0,2,0.6666666666666666,1.04,1.28
2021-02-27,Brighton and Hove Albion,West Brom,0,1,H,6,15,2,6,11,12,7,4,0,,0,,2021,A,0.0,0.0,0,0.0,0.0,0.0,0,0,0.3333333333333333,1.0,0.6538461538461539
2021-03-06,Brighton and Hove Albion,Leicester City,1,2,A,7,8,2,4,14,8,6,6,0,1.0,0,0.0,2021,H,,,0,0.0,0.0,0.0,0,0,0.0,0.9629629629629629,1.8928571428571428
2021-03-14,Brighton and Hove Albion,Southampton,2,1,A,9,8,4,6,11,10,4,5,0,,0,,2021,A,0.0,0.0,3,0.0,0.0,0.0,0,0,1.0,1.0357142857142858,1.1379310344827587
2021-03-20,Brighton and Hove Albion,Newcastle United,3,0,H,11,3,6,1,12,5,3,1,0,1.0,0,0.0,2021,H,,,3,0.0,0.0,0.0,1,0,2.0,1.103448275862069,0.9655172413793104
2021-04-04,Brighton and Hove Albion,Manchester United,1,2,H,15,5,7,3,14,7,5,6,2,,0,,2021,A,2.0,0.0,0,0.0,0.0,0.0,0,2,2.0,1.0666666666666667,2.0
2021-04-12,Brighton and Hove Albion,Everton,0,0,D,23,8,3,1,12,7,10,3,1,2.0,0,0.0,2021,H,,,1,0.0,0.0,0.0,1,1,1.3333333333333333,1.064516129032258,1.6
2021-04-20,Brighton and Hove Albion,Chelsea,0,0,D,7,11,4,2,8,9,0,3,0,,1,,2021,A,2.0,0.0,1,0.0,0.0,0.0,1,2,0.6666666666666666,1.0625,1.71875
2021-04-24,Brighton and Hove Albion,Sheffield United,0,1,H,7,17,3,4,13,7,2,12,0,,0,,2021,A,3.0,0.0,0,0.0,0.0,0.0,0,0,0.6666666666666666,1.0303030303030303,0.5151515151515151
2021-05-01,Brighton and Hove Albion,Leeds United,2,0,H,17,11,5,2,17,6,2,9,1,1.0,0,0.0,2021,H,,,3,0.0,0.0,0.0,1,1,1.3333333333333333,1.088235294117647,1.3823529411764706
2021-05-09,Brighton and Hove Albion,Wolverhampton Wanderers,1,2,H,16,5,6,3,12,7,10,5,2,,2,,2021,A,2.0,0.0,0,0.0,0.0,0.0,0,6,1.0,1.0571428571428572,1.2857142857142858
2021-05-15,Brighton and Hove Albion,West Ham United,1,1,D,10,15,2,3,7,5,3,3,1,1.0,0,0.0,2021,H,,,1,0.0,0.0,0.0,0,1,1.3333333333333333,1.0555555555555556,1.6388888888888888
2021-05-18,Brighton and Hove Albion,Manchester City,3,2,H,19,8,6,4,13,11,5,3,3,3.0,0,1.0,2021,H,,,3,0.0,0.0,0.0,0,3,1.3333333333333333,1.1081081081081081,2.2432432432432434
2021-05-23,Brighton and Hove Albion,Arsenal,0,2,H,16,5,5,1,10,8,11,3,0,,0,,2021,A,0.0,0.0,0,0.0,0.0,0.0,0,0,1.3333333333333333,1.0789473684210527,1.605263157894737
2021-08-14,Brighton and Hove Albion,Burnley,2,1,A,14,14,3,8,10,7,7,6,1,,0,,2021,A,2.0,0.0,3,0.0,0.0,0.0,0,1,2.0,1.1282051282051282,1.0
2021-08-21,Brighton and Hove Albion,Watford,2,0,H,13,10,3,1,11,6,7,2,4,0.0,0,0.0,2021,H,,,3,0.0,0.0,0.0,1,4,2.0,1.175,1.5
2021-08-28,Brighton and Hove Albion,Everton,0,2,A,14,14,3,5,7,9,4,5,1,2.0,0,0.0,2021,H,,,0,0.0,0.0,0.0,0,1,2.0,1.146341463414634,1.6097560975609757
2021-09-11,Brighton and Hove Albion,Brentford,1,0,A,7,4,1,2,9,12,1,6,2,,0,,2021,A,3.0,0.0,3,0.0,0.0,0.0,1,2,2.0,1.1904761904761905,1.25
2021-09-19,Brighton and Hove Albion,Leicester City,2,1,H,12,14,5,3,8,10,4,9,2,1.0,0,0.0,2021,H,,,3,0.0,0.0,0.0,0,2,2.0,1.2325581395348837,1.6744186046511629
2021-09-27,Brighton and Hove Albion,Crystal Palace,1,1,D,8,8,3,4,12,10,6,5,3,,0,,2021,A,2.0,0.0,1,0.0,0.0,0.0,0,3,2.3333333333333335,1.2272727272727273,1.1363636363636365
2021-10-02,Brighton and Hove Albion,Arsenal,0,0,D,21,8,2,2,8,5,8,5,2,1.0,0,0.0,2021,H,,,1,0.0,0.0,0.0,1,2,1.6666666666666667,1.2222222222222223,1.5777777777777777
2021-10-16,Brighton and Hove Albion,Norwich City,0,0,D,15,11,3,3,5,14,8,4,5,,0,,2021,A,3.0,0.0,1,0.0,0.0,0.0,1,5,1.0,1.2173913043478262,0.25
2021-10-23,Brighton and Hove Albion,Manchester City,1,4,A,10,23,5,14,10,6,7,6,2,3.0,0,0.0,2021,H,,,0,0.0,0.0,0.0,0,2,0.6666666666666666,1.1914893617021276,2.25531914893617
2021-10-30,Brighton and Hove Albion,Liverpool,2,2,D,14,9,3,6,8,5,5,3,2,,0,,2021,A,2.0,0.0,1,0.0,0.0,0.0,0,2,0.6666666666666666,1.1875,1.8958333333333333
2021-11-06,Brighton and Hove Albion,Newcastle United,1,1,D,14,6,5,1,16,10,2,5,3,4.0,1,0.0,2021,H,,,1,0.0,0.0,0.0,0,5,0.6666666666666666,1.183673469387755,1.0204081632653061
2021-11-20,Brighton and Hove Albion,Aston Villa,0,2,H,9,6,5,2,7,13,5,7,3,,0,,2021,A,3.0,0.0,0,0.0,0.0,0.0,0,3,0.6666666666666666,1.16,1.36
2021-11-27,Brighton and Hove Albion,Leeds United,0,0,D,20,11,4,4,12,14,6,1,1,3.0,0,0.0,2021,H,,,1,0.0,0.0,0.0,1,1,0.6666666666666666,1.1568627450980393,1.392156862745098
2021-12-01,Brighton and Hove Albion,West Ham United,1,1,D,14,9,6,3,10,8,9,5,1,,0,,2021,A,1.0,0.0,1,0.0,0.0,0.0,0,1,0.6666666666666666,1.1538461538461537,1.7115384615384615
2021-12-04,Brighton and Hove Albion,Southampton,1,1,D,14,14,4,4,15,12,6,2,2,,0,,2021,A,4.0,0.0,1,0.0,0.0,0.0,0,2,1.0,1.150943396226415,1.1132075471698113
2021-12-15,Brighton and Hove Albion,Wolverhampton Wanderers,0,1,A,12,8,2,5,11,14,7,4,2,0.0,0,0.0,2021,H,,,0,0.0,0.0,0.0,0,2,0.6666666666666666,1.1296296296296295,1.2545454545454546
2021-12-26,Brighton and Hove Albion,Brentford,2,0,H,15,16,5,6,8,10,6,9,1,3.0,0,0.0,2021,H,,,3,0.0,0.0,0.0,1,1,1.3333333333333333,1.1636363636363636,1.1764705882352942
2021-12-29,Brighton and Hove Albion,Chelsea,1,1,D,11,18,5,6,14,7,10,8,1,,0,,2021,A,4.0,0.0,1,0.0,0.0,0.0,0,1,1.3333333333333333,1.1607142857142858,1.8793103448275863
2022-01-02,Brighton and Hove Albion,Everton,3,2,A,17,12,6,5,5,12,8,5,1,,0,,2022,A,1.0,0.0,3,0.0,0.0,0.0,0,1,2.3333333333333335,1.1929824561403508,1.3928571428571428
2022-01-14,Brighton and Hove Albion,Crystal Palace,1,1,D,19,3,4,1,11,7,9,0,0,2.0,0,0.0,2022,H,,,1,0.0,0.0,0.0,0,0,1.6666666666666667,1.1896551724137931,1.152542372881356
2022-01-18,Brighton and Hove Albion,Chelsea,1,1,D,10,15,2,3,8,5,5,7,1,2.0,0,0.0,2022,H,,,1,0.0,0.0,0.0,0,1,1.6666666666666667,1.1864406779661016,1.819672131147541
2022-01-23,Brighton and Hove Albion,Leicester City,1,1,D,15,14,5,5,6,8,4,5,1,,0,,2022,A,0.0,0.0,1,0.0,0.0,0.0,0,1,1.0,1.1833333333333333,1.5862068965517242
2022-02-12,Brighton and Hove Albion,Watford,2,0,A,9,11,1,6,16,9,4,5,2,,0,,2022,A,3.0,0.0,3,0.0,0.0,0.0,1,2,1.6666666666666667,1.2131147540983607,0.6521739130434783
2022-02-15,Brighton and Hove Albion,Manchester United,0,2,H,19,10,7,3,8,10,10,2,1,,1,,2022,A,3.0,0.0,0,0.0,0.0,0.0,0,3,1.3333333333333333,1.1935483870967742,1.8571428571428572
2022-02-19,Brighton and Hove Albion,Burnley,0,3,A,11,10,1,4,12,12,4,4,1,4.0,0,0.0,2022,H,,,0,0.0,0.0,0.0,0,1,1.0,1.1746031746031746,0.9333333333333333
2022-02-26,Brighton and Hove Albion,Aston Villa,0,2,A,12,9,1,4,17,11,7,2,4,5.0,0,0.0,2022,H,,,0,0.0,0.0,0.0,0,4,0.0,1.15625,1.3492063492063493
2022-03-05,Brighton and Hove Albion,Newcastle United,1,2,H,10,15,4,4,8,10,4,7,1,,0,,2022,A,1.0,0.0,0,0.0,0.0,0.0,0,1,0.0,1.1384615384615384,1.140625
2022-03-12,Brighton and Hove Albion,Liverpool,0,2,A,8,18,3,9,12,15,7,6,3,1.0,0,0.0,2022,H,,,0,0.0,0.0,0.0,0,3,0.0,1.121212121212121,2.0454545454545454
2022-03-16,Brighton and Hove Albion,Tottenham Hotspur,0,2,A,15,17,0,7,11,9,6,3,2,2.0,0,0.0,2022,H,,,0,0.0,0.0,0.0,0,2,0.0,1.1044776119402986,1.6666666666666667
2022-04-02,Brighton and Hove Albion,Norwich City,0,0,D,31,6,4,0,12,11,11,2,1,1.0,0,0.0,2022,H,,,1,0.0,0.0,0.0,1,1,0.3333333333333333,1.1029411764705883,0.6
2022-04-09,Brighton and Hove Albion,Arsenal,2,1,A,20,8,4,3,12,19,11,2,4,,0,,2022,A,3.0,0.0,3,0.0,0.0,0.0,0,4,1.3333333333333333,1.1304347826086956,1.6911764705882353
2022-04-16,Brighton and Hove Albion,Tottenham Hotspur,1,0,A,5,12,0,5,14,10,4,4,3,,0,,2022,A,3.0,0.0,3,0.0,0.0,0.0,1,3,2.3333333333333335,1.1571428571428573,1.7
2022-04-20,Brighton and Hove Albion,Manchester City,0,3,H,17,2,5,1,12,7,7,4,3,,0,,2022,A,0.0,0.0,0,0.0,0.0,0.0,0,3,2.0,1.1408450704225352,2.3285714285714287
2022-04-24,Brighton and Hove Albion,Southampton,2,2,D,8,18,5,5,12,7,6,6,1,0.0,0,0.0,2022,H,,,1,0.0,0.0,0.0,0,1,1.3333333333333333,1.1388888888888888,1.1527777777777777
2022-04-30,Brighton and Hove Albion,Wolverhampton Wanderers,3,0,A,11,17,1,9,6,4,7,3,1,,0,,2022,A,2.0,0.0,3,0.0,0.0,0.0,1,1,1.3333333333333333,1.1643835616438356,1.3055555555555556
2022-05-07,Brighton and Hove Albion,Manchester United,4,0,H,17,15,6,5,13,9,7,6,0,2.0,0,0.0,2022,H,,,3,0.0,0.0,0.0,1,0,2.3333333333333335,1.1891891891891893,1.76
2022-05-15,Brighton and Hove Albion,Leeds United,1,1,D,19,16,5,6,16,8,8,1,2,,0,,2022,A,3.0,0.0,1,0.0,0.0,0.0,0,2,2.3333333333333335,1.1866666666666668,1.2533333333333334
2022-05-22,Brighton and Hove Albion,West Ham United,3,1,H,18,7,7,2,9,9,5,6,1,1.0,0,0.0,2022,H,,,3,0.0,0.0,0.0,0,1,2.3333333333333335,1.2105263157894737,1.5921052631578947
2022-08-07,Brighton and Hove Albion,Manchester United,2,1,A,17,15,5,4,7,12,6,2,1,,0,,2022,A,4.0,0.0,3,0.0,0.0,0.0,0,1,2.3333333333333335,1.2337662337662338,1.7142857142857142
2022-08-13,Brighton and Hove Albion,Newcastle United,0,0,D,13,4,7,1,8,6,7,3,2,3.0,0,0.0,2022,H,,,1,0.0,0.0,0.0,1,2,2.3333333333333335,1.2307692307692308,1.2564102564102564
2022-08-21,Brighton and Hove Albion,West Ham United,2,0,A,13,11,3,2,10,7,5,4,0,,0,,2022,A,2.0,0.0,3,0.0,0.0,0.0,1,0,2.3333333333333335,1.2531645569620253,1.5316455696202531
2022-08-27,Brighton and Hove Albion,Leeds United,1,0,H,13,10,4,2,10,14,5,3,2,3.0,0,0.0,2022,H,,,3,0.0,0.0,0.0,1,2,2.3333333333333335,1.275,1.3
2022-08-30,Brighton and Hove Albion,Fulham,1,2,H,10,7,3,4,9,11,3,3,1,,0,,2022,A,2.0,0.0,0,0.0,0.0,0.0,0,1,2.0,1.2592592592592593,0.8372093023255814
2022-09-04,Brighton and Hove Albion,Leicester City,5,2,H,23,6,11,4,6,8,10,1,1,1.0,0,0.0,2022,H,,,3,0.0,0.0,0.0,0,1,2.0,1.2804878048780488,1.451219512195122
2022-10-01,Brighton and Hove Albion,Liverpool,3,3,D,15,6,7,6,9,13,9,2,1,,0,,2022,A,1.0,0.0,1,0.0,0.0,0.0,0,1,1.3333333333333333,1.2771084337349397,2.0602409638554215
2022-10-08,Brighton and Hove Albion,Tottenham Hotspur,0,1,A,14,8,4,3,9,14,6,2,1,2.0,0,0.0,2022,H,,,0,0.0,0.0,0.0,0,1,1.3333333333333333,1.2619047619047619,1.8
2022-10-14,Brighton and Hove Albion,Brentford,0,2,H,7,21,3,7,12,15,2,11,1,,0,,2022,A,3.0,0.0,0,0.0,0.0,0.0,0,1,0.3333333333333333,1.2470588235294118,1.2291666666666667
2022-10-18,Brighton and Hove Albion,Nottingham Forest,0,0,D,19,3,7,0,10,14,9,1,3,1.0,0,0.0,2022,H,,,1,0.0,0.0,0.0,1,3,0.3333333333333333,1.244186046511628,0.5454545454545454
2022-10-22,Brighton and Hove Albion,Manchester City,1,3,H,10,8,4,2,11,12,7,3,3,,0,,2022,A,1.0,0.0,0,0.0,0.0,0.0,0,3,0.3333333333333333,1.2298850574712643,2.3563218390804597
2022-10-29,Brighton and Hove Albion,Chelsea,4,1,H,19,15,9,7,16,6,8,7,1,2.0,0,0.0,2022,H,,,3,0.0,0.0,0.0,0,1,1.3333333333333333,1.25,1.8409090909090908
2022-11-05,Brighton and Hove Albion,Wolverhampton Wanderers,3,2,A,8,19,5,8,15,11,4,9,0,,0,,2022,A,2.0,1.0,3,0.0,0.0,0.0,0,0,2.0,1.2696629213483146,1.1777777777777778
2022-11-13,Brighton and Hove Albion,Aston Villa,1,2,A,7,8,2,2,14,11,11,4,2,7.0,0,0.0,2022,H,,,0,0.0,0.0,0.0,0,2,2.0,1.2555555555555555,1.2967032967032968
2022-12-26,Brighton and Hove Albion,Southampton,3,1,A,14,7,4,4,9,10,4,2,2,,0,,2022,A,1.0,0.0,3,0.0,0.0,0.0,0,2,2.0,1.2747252747252746,1.0326086956521738
2022-12-31,Brighton and Hove Albion,Arsenal,2,4,A,9,14,5,7,7,11,7,4,3,3.0,0,0.0,2022,H,,,0,0.0,0.0,0.0,0,3,1.0,1.2608695652173914,1.8804347826086956
2023-01-03,Brighton and Hove Albion,Everton,4,1,A,10,19,4,8,8,10,5,2,1,,0,,2023,A,3.0,0.0,3,0.0,0.0,0.0,0,1,2.0,1.2795698924731183,1.202127659574468
2023-01-14,Brighton and Hove Albion,Liverpool,3,0,H,16,6,9,2,8,15,7,1,1,3.0,0,0.0,2023,H,,,3,0.0,0.0,0.0,1,1,2.0,1.297872340425532,2.0106382978723403
2023-01-21,Brighton and Hove Albion,Leicester City,2,2,D,9,13,2,4,9,9,5,6,1,,0,,2023,A,0.0,0.0,1,0.0,0.0,0.0,0,1,2.3333333333333335,1.2947368421052632,1.4166666666666667
2023-02-04,Brighton and Hove Albion,Bournemouth,1,0,H,20,12,6,2,14,7,7,3,3,1.0,0,0.0,2023,H,,,3,0.0,0.0,0.0,1,3,2.3333333333333335,1.3125,0.8095238095238095
2023-02-11,Brighton and Hove Albion,Crystal Palace,1,1,D,6,17,1,7,10,11,1,6,1,,0,,2023,A,4.0,0.0,1,0.0,0.0,0.0,0,1,1.6666666666666667,1.309278350515464,1.1938775510204083
2023-02-18,Brighton and Hove Albion,Fulham,0,1,A,21,5,7,2,12,14,10,2,0,5.0,0,0.0,2023,H,,,0,0.0,0.0,0.0,0,0,1.3333333333333333,1.2959183673469388,1.064516129032258
2023-03-04,Brighton and Hove Albion,West Ham United,4,0,H,20,3,9,2,6,8,7,3,0,3.0,0,0.0,2023,H,,,3,0.0,0.0,0.0,1,0,1.3333333333333333,1.3131313131313131,1.4257425742574257
2023-03-11,Brighton and Hove Albion,Leeds United,2,2,D,12,14,4,2,12,9,4,7,1,,0,,2023,A,1.0,0.0,1,0.0,0.0,0.0,0,1,1.3333333333333333,1.31,1.1764705882352942
2023-03-15,Brighton and Hove Albion,Crystal Palace,1,0,H,11,11,5,3,13,20,1,4,1,2.0,0,0.0,2023,H,,,3,0.0,0.0,0.0,1,1,2.3333333333333335,1.3267326732673268,1.1553398058252426
2023-04-01,Brighton and Hove Albion,Brentford,3,3,D,33,7,15,5,16,10,14,0,2,1.0,0,0.0,2023,H,,,1,0.0,0.0,0.0,0,2,1.6666666666666667,1.3235294117647058,1.3484848484848484
2023-04-04,Brighton and Hove Albion,Bournemouth,2,0,A,14,16,3,6,11,5,5,5,1,,0,,2023,A,1.0,0.0,3,0.0,0.0,0.0,1,1,2.3333333333333335,1.3398058252427185,0.9310344827586207
2023-04-08,Brighton and Hove Albion,Tottenham Hotspur,1,2,H,9,17,3,4,15,15,3,7,1,,0,,2023,A,3.0,0.0,0,0.0,0.0,0.0,0,1,1.3333333333333333,1.3269230769230769,1.7547169811320755
2023-04-15,Brighton and Hove Albion,Chelsea,2,1,A,8,26,2,10,11,11,2,8,2,,0,,2023,A,2.0,0.0,3,0.0,0.0,0.0,0,2,2.0,1.3428571428571427,1.6822429906542056
2023-04-26,Brighton and Hove Albion,Nottingham Forest,1,3,H,12,17,5,7,7,8,2,7,0,,0,,2023,A,2.0,0.0,0,0.0,0.0,0.0,0,0,1.0,1.330188679245283,0.9090909090909091
2023-04-29,Brighton and Hove Albion,Wolverhampton Wanderers,6,0,H,22,10,8,2,14,11,2,5,1,1.0,0,0.0,2023,H,,,3,0.0,0.0,0.0,1,1,2.0,1.3457943925233644,1.209090909090909
2023-05-04,Brighton and Hove Albion,Manchester United,1,0,H,22,16,6,5,10,14,8,6,4,4.0,0,0.0,2023,H,,,3,0.0,0.0,0.0,1,4,2.0,1.3611111111111112,1.7889908256880733
2023-05-08,Brighton and Hove Albion,Everton,1,5,A,23,10,5,5,11,13,15,1,1,5.0,0,0.0,2023,H,,,0,0.0,0.0,0.0,0,1,2.0,1.348623853211009,1.1711711711711712
2023-05-14,Brighton and Hove Albion,Arsenal,3,0,A,14,12,2,6,13,17,5,2,2,,0,,2023,A,1.0,0.0,3,0.0,0.0,0.0,1,2,2.0,1.3636363636363635,1.8839285714285714
2023-05-18,Brighton and Hove Albion,Newcastle United,1,4,H,22,8,9,2,17,16,6,1,4,,0,,2023,A,2.0,0.0,0,0.0,0.0,0.0,0,4,1.0,1.3513513513513513,1.4553571428571428
2023-05-21,Brighton and Hove Albion,Southampton,3,1,H,26,5,8,1,8,9,4,3,2,5.0,0,0.0,2023,H,,,3,0.0,0.0,0.0,0,2,2.0,1.3660714285714286,0.9469026548672567
2023-05-24,Brighton and Hove Albion,Manchester City,1,1,D,20,13,7,4,16,11,5,1,2,1.0,0,0.0,2023,H,,,1,0.0,0.0,0.0,0,2,1.3333333333333333,1.3628318584070795,2.3716814159292037
2023-05-28,Brighton and Hove Albion,Aston Villa,1,2,H,12,8,5,4,15,16,4,3,4,,0,,2023,A,4.0,0.0,0,0.0,0.0,0.0,0,4,1.3333333333333333,1.3508771929824561,1.412280701754386
2023-08-12,Brighton and Hove Albion,Luton Town,4,1,H,27,9,12,3,11,12,6,7,2,2.0,0,0.0,2023,H,,,3,0.0,0.0,0.0,0,2,1.3333333333333333,1.3652173913043477,0.0
2023-08-19,Brighton and Hove Albion,Wolverhampton Wanderers,4,1,A,16,16,5,8,14,11,5,3,6,,0,,2023,A,3.0,1.0,3,0.0,0.0,0.0,0,6,2.0,1.3793103448275863,1.1810344827586208
2023-08-26,Brighton and Hove Albion,West Ham United,1,3,A,25,12,10,3,10,9,17,4,1,3.0,0,0.0,2023,H,,,0,0.0,0.0,0.0,0,1,2.0,1.3675213675213675,1.435897435897436
2023-09-02,Brighton and Hove Albion,Newcastle United,3,1,H,15,9,6,2,14,17,5,3,4,4.0,0,0.0,2023,H,,,3,0.0,0.0,0.0,0,4,2.0,1.38135593220339,1.423728813559322
2023-09-16,Brighton and Hove Albion,Manchester United,3,1,A,14,10,4,8,8,9,8,1,2,,0,,2023,A,2.0,0.0,3,0.0,0.0,0.0,0,2,2.0,1.3949579831932772,1.7899159663865547
2023-09-24,Brighton and Hove Albion,Bournemouth,3,1,H,13,12,4,4,12,17,4,4,3,3.0,0,0.0,2023,H,,,3,0.0,0.0,0.0,0,3,3.0,1.4083333333333334,0.9545454545454546
2023-09-30,Brighton and Hove Albion,Aston Villa,1,6,H,19,11,9,3,19,21,1,3,4,,0,,2023,A,4.0,0.0,0,0.0,0.0,0.0,0,4,2.0,1.396694214876033,1.4545454545454546
2023-10-08,Brighton and Hove Albion,Liverpool,2,2,D,14,14,3,4,12,20,8,1,1,2.0,0,0.0,2023,H,,,1,0.0,0.0,0.0,0,1,1.3333333333333333,1.3934426229508197,2.0081967213114753
2023-10-21,Brighton and Hove Albion,Manchester City,1,2,H,10,5,6,3,9,11,2,2,2,,0,,2023,A,2.0,1.0,0,0.0,0.0,0.0,0,2,0.3333333333333333,1.3821138211382114,2.3495934959349594
2023-10-29,Brighton and Hove Albion,Fulham,1,1,D,18,10,7,5,12,8,7,3,0,3.0,0,0.0,2023,H,,,1,0.0,0.0,0.0,0,0,0.6666666666666666,1.3790322580645162,1.069767441860465
2023-11-04,Brighton and Hove Albion,Everton,1,1,D,10,7,4,2,15,5,3,3,2,,0,,2023,A,4.0,0.0,1,0.0,0.0,0.0,0,2,0.6666666666666666,1.376,1.16
2023-11-12,Brighton and Hove Albion,Sheffield United,1,1,D,11,9,6,1,13,16,6,3,3,2.0,1,0.0,2023,H,,,1,0.0,0.0,0.0,0,5,1.0,1.373015873015873,0.56
2023-11-25,Brighton and Hove Albion,Nottingham Forest,3,2,A,18,11,5,5,12,7,6,4,4,,1,,2023,A,2.0,0.0,3,0.0,0.0,0.0,0,6,1.6666666666666667,1.3858267716535433,1.0
2023-12-03,Brighton and Hove Albion,Chelsea,2,3,H,8,18,5,9,16,12,5,8,5,,0,,2023,A,3.0,1.0,0,0.0,0.0,0.0,0,5,1.3333333333333333,1.375,1.59375
2023-12-06,Brighton and Hove Albion,Brentford,2,1,H,18,8,7,2,10,8,7,3,3,1.0,0,0.0,2023,H,,,3,0.0,0.0,0.0,0,3,2.0,1.3875968992248062,1.3626373626373627
2023-12-09,Brighton and Hove Albion,Burnley,1,1,D,29,6,11,3,5,8,9,1,0,4.0,0,0.0,2023,H,,,1,0.0,0.0,0.0,0,0,1.3333333333333333,1.3846153846153846,0.8913043478260869
2023-12-17,Brighton and Hove Albion,Arsenal,0,2,H,26,6,9,1,11,9,10,1,3,,0,,2023,A,1.0,0.0,0,0.0,0.0,0.0,0,3,1.3333333333333333,1.3740458015267176,1.9312977099236641
2023-12-21,Brighton and Hove Albion,Crystal Palace,1,1,D,11,18,3,6,12,11,3,1,2,,0,,2023,A,5.0,0.0,1,0.0,0.0,0.0,0,2,0.6666666666666666,1.371212121212121,1.1742424242424243
2023-12-28,Brighton and Hove Albion,Tottenham Hotspur,4,2,H,15,19,9,3,18,6,7,6,3,2.0,0,0.0,2023,H,,,3,0.0,0.0,0.0,0,3,1.3333333333333333,1.3834586466165413,1.7218045112781954
2024-01-02,Brighton and Hove Albion,West Ham United,0,0,D,6,22,2,8,4,6,2,0,0,,0,,2024,A,1.0,0.0,1,0.0,0.0,0.0,1,0,1.6666666666666667,1.3805970149253732,1.455223880597015
2024-01-22,Brighton and Hove Albion,Wolverhampton Wanderers,0,0,D,11,8,4,3,10,13,8,2,1,4.0,0,0.0,2024,H,,,1,0.0,0.0,0.0,1,1,1.6666666666666667,1.3777777777777778,1.2296296296296296
2024-01-30,Brighton and Hove Albion,Luton Town,0,4,H,18,9,8,2,13,14,7,4,2,,0,,2024,A,2.0,0.0,0,0.0,0.0,0.0,0,2,0.6666666666666666,1.3676470588235294,0.9047619047619048
2024-02-03,Brighton and Hove Albion,Crystal Palace,4,1,H,13,7,6,5,8,14,3,2,1,3.0,0,0.0,2024,H,,,3,0.0,0.0,0.0,0,1,1.3333333333333333,1.3795620437956204,1.1751824817518248
2024-02-10,Brighton and Hove Albion,Tottenham Hotspur,1,2,H,16,6,6,3,14,13,9,6,3,,0,,2024,A,2.0,0.0,0,0.0,0.0,0.0,0,3,1.0,1.3695652173913044,1.7391304347826086
2024-02-18,Brighton and Hove Albion,Sheffield United,5,0,A,6,24,1,10,3,5,5,10,4,,0,,2024,A,1.0,1.0,3,0.0,0.0,0.0,1,4,2.0,1.381294964028777,0.5714285714285714
2024-02-24,Brighton and Hove Albion,Everton,1,1,D,23,6,7,3,9,14,11,3,2,3.0,1,0.0,2024,H,,,1,0.0,0.0,0.0,0,4,1.3333333333333333,1.3785714285714286,1.1785714285714286
2024-03-02,Brighton and Hove Albion,Fulham,0,3,H,12,15,5,5,16,10,2,6,2,,0,,2024,A,1.0,0.0,0,0.0,0.0,0.0,0,2,1.3333333333333333,1.3687943262411348,1.116504854368932
2024-03-10,Brighton and Hove Albion,Nottingham Forest,1,0,H,10,9,3,4,14,14,6,3,4,4.0,0,0.0,2024,H,,,3,0.0,0.0,0.0,1,4,1.3333333333333333,1.380281690140845,0.9393939393939394
2024-03-31,Brighton and Hove Albion,Liverpool,1,2,H,30,9,8,3,20,6,8,4,3,,0,,2024,A,5.0,0.0,0,0.0,0.0,0.0,0,3,1.0,1.3706293706293706,2.062937062937063
2024-04-03,Brighton and Hove Albion,Brentford,0,0,D,5,24,2,6,9,12,1,5,1,,0,,2024,A,1.0,0.0,1,0.0,0.0,0.0,1,1,1.3333333333333333,1.3680555555555556,1.2429906542056075
2024-04-06,Brighton and Hove Albion,Arsenal,0,3,A,10,20,2,7,14,13,8,7,1,2.0,0,0.0,2024,H,,,0,0.0,0.0,0.0,0,1,0.3333333333333333,1.3586206896551725,1.9655172413793103
2024-04-13,Brighton and Hove Albion,Burnley,1,1,D,11,20,3,8,18,8,4,5,2,,0,,2024,A,1.0,0.0,1,0.0,0.0,0.0,0,2,0.6666666666666666,1.356164383561644,0.8623853211009175
2024-04-25,Brighton and Hove Albion,Manchester City,0,4,A,7,14,3,6,10,3,4,4,2,0.0,0,0.0,2024,H,,,0,0.0,0.0,0.0,0,2,0.3333333333333333,1.346938775510204,2.3401360544217686
2024-04-28,Brighton and Hove Albion,Bournemouth,0,3,H,15,13,6,1,14,10,8,2,2,,0,,2024,A,2.0,0.0,0,0.0,0.0,0.0,0,2,0.3333333333333333,1.337837837837838,1.1917808219178083
2024-05-05,Brighton and Hove Albion,Aston Villa,1,0,H,15,2,8,1,13,10,7,3,2,1.0,0,0.0,2024,H,,,3,0.0,0.0,0.0,1,2,1.0,1.348993288590604,1.52
2024-05-11,Brighton and Hove Albion,Newcastle United,1,1,D,18,15,7,4,9,16,8,4,4,,0,,2024,A,3.0,0.0,1,0.0,0.0,0.0,0,4,1.3333333333333333,1.3466666666666667,1.48
2024-05-15,Brighton and Hove Albion,Chelsea,1,2,A,12,13,2,6,13,14,4,6,2,2.0,0,1.0,2024,H,,,0,0.0,0.0,0.0,0,2,1.3333333333333333,1.3377483443708609,1.6225165562913908
2024-05-19,Brighton and Hove Albion,Manchester United,0,2,A,17,11,3,4,10,9,7,5,1,3.0,0,0.0,2024,H,,,0,0.0,0.0,0.0,0,1,0.3333333333333333,1.3289473684210527,1.756578947368421
2024-08-17,Brighton and Hove Albion,Everton,3,0,A,9,10,1,5,8,8,1,5,1,,0,,2024,A,1.0,1.0,3,0.0,0.0,0.0,1,1,1.0,1.3398692810457515,1.1895424836601307
2024-08-24,Brighton and Hove Albion,Manchester United,2,1,H,14,11,5,4,9,13,4,4,1,2.0,0,0.0,2024,H,,,3,0.0,0.0,0.0,0,1,2.0,1.3506493506493507,1.7532467532467533
2024-08-31,Brighton and Hove Albion,Arsenal,1,1,D,11,22,7,4,12,7,3,7,2,,0,,2024,A,3.0,1.0,1,0.0,0.0,0.0,0,2,2.3333333333333335,1.3483870967741935,2.0
2024-09-14,Brighton and Hove Albion,Ipswich Town,0,0,D,21,6,6,1,14,16,9,2,4,3.0,0,0.0,2024,H,,,1,0.0,0.0,0.0,1,4,1.6666666666666667,1.3461538461538463,0.5
2024-09-22,Brighton and Hove Albion,Nottingham Forest,2,2,D,14,4,3,3,12,11,9,1,3,4.0,0,1.0,2024,H,,,1,0.0,0.0,0.0,0,3,1.0,1.3439490445859872,1.0246913580246915
2024-09-28,Brighton and Hove Albion,Chelsea,2,4,H,15,15,7,5,11,8,8,2,2,,0,,2024,A,3.0,0.0,0,0.0,0.0,0.0,0,2,0.6666666666666666,1.3354430379746836,1.6518987341772151
2024-10-06,Brighton and Hove Albion,Tottenham Hotspur,3,2,H,11,13,4,3,14,10,4,7,2,2.0,0,0.0,2024,H,,,3,0.0,0.0,0.0,0,2,1.3333333333333333,1.3459119496855345,1.6918238993710693
2024-10-19,Brighton and Hove Albion,Newcastle United,1,0,A,21,10,6,5,11,9,9,4,2,,0,,2024,A,2.0,0.0,3,0.0,0.0,0.0,1,2,2.0,1.35625,1.48125
2024-10-26,Brighton and Hove Albion,Wolverhampton Wanderers,2,2,D,19,14,6,7,12,10,9,6,3,3.0,0,0.0,2024,H,,,1,0.0,0.0,0.0,0,3,2.3333333333333335,1.3540372670807452,1.1490683229813665
2024-11-02,Brighton and Hove Albion,Liverpool,1,2,H,16,13,8,5,10,18,10,7,1,,0,,2024,A,1.0,0.0,0,0.0,0.0,0.0,0,1,1.3333333333333333,1.345679012345679,2.067901234567901
2024-11-09,Brighton and Hove Albion,Manchester City,2,1,H,10,15,4,6,12,10,0,4,3,3.0,0,0.0,2024,H,,,3,0.0,0.0,0.0,0,3,1.3333333333333333,1.3558282208588956,2.3435582822085887
2024-11-23,Brighton and Hove Albion,Bournemouth,2,1,A,19,6,5,4,13,10,7,0,2,,1,,2024,A,2.0,0.0,3,0.0,0.0,0.0,0,4,2.0,1.3658536585365855,1.1590909090909092
2024-11-29,Brighton and Hove Albion,Southampton,1,1,D,22,10,5,2,20,16,7,6,2,4.0,0,0.0,2024,H,,,1,0.0,0.0,0.0,0,2,2.3333333333333335,1.3636363636363635,0.889763779527559
2024-12-05,Brighton and Hove Albion,Fulham,1,3,H,6,13,2,3,7,8,5,6,2,,0,,2024,A,2.0,0.0,0,0.0,0.0,0.0,0,2,1.3333333333333333,1.355421686746988,1.1640625
2024-12-08,Brighton and Hove Albion,Leicester City,2,2,D,10,16,3,7,9,10,5,5,2,,0,,2024,A,1.0,0.0,1,0.0,0.0,0.0,0,2,0.6666666666666666,1.3532934131736527,1.2868217054263567
2024-12-15,Brighton and Hove Albion,Crystal Palace,1,3,A,17,13,5,5,11,15,8,5,1,4.0,0,0.0,2024,H,,,0,0.0,0.0,0.0,0,1,0.3333333333333333,1.3452380952380953,1.2023809523809523
2024-12-21,Brighton and Hove Albion,West Ham United,1,1,D,11,12,4,6,14,20,8,4,2,,0,,2024,A,2.0,0.0,1,0.0,0.0,0.0,0,2,0.6666666666666666,1.3431952662721893,1.378698224852071
2024-12-27,Brighton and Hove Albion,Brentford,0,0,D,24,8,7,3,6,12,5,3,0,2.0,0,0.0,2024,H,,,1,0.0,0.0,0.0,1,0,0.6666666666666666,1.3411764705882352,1.2727272727272727
2024-12-30,Brighton and Hove Albion,Aston Villa,2,2,D,20,13,4,4,9,14,12,3,3,,0,,2024,A,2.0,0.0,1,0.0,0.0,0.0,0,3,1.0,1.3391812865497077,1.5087719298245614
2025-01-04,Brighton and Hove Albion,Arsenal,1,1,D,11,9,4,3,17,14,2,5,2,3.0,0,0.0,2025,H,,,1,0.0,0.0,0.0,0,2,1.0,1.3372093023255813,1.994186046511628
2025-01-16,Brighton and Hove Albion,Ipswich Town,2,0,A,5,11,3,5,13,14,1,9,2,,0,,2025,A,2.0,0.0,3,0.0,0.0,0.0,1,2,1.6666666666666667,1.346820809248555,0.7619047619047619
2025-01-19,Brighton and Hove Albion,Manchester United,3,1,A,10,6,1,3,13,12,4,2,3,,0,,2025,A,3.0,0.0,3,0.0,0.0,0.0,0,3,2.3333333333333335,1.3563218390804597,1.6839080459770115
2025-01-25,Brighton and Hove Albion,Everton,0,1,A,16,3,1,1,8,11,9,1,3,4.0,0,0.0,2025,H,,,0,0.0,0.0,0.0,0,3,2.0,1.3485714285714285,1.1781609195402298
2025-02-01,Brighton and Hove Albion,Nottingham Forest,0,7,H,14,10,9,5,8,13,4,6,3,,0,,2025,A,1.0,0.0,0,0.0,0.0,0.0,0,3,1.0,1.3409090909090908,1.21
2025-02-14,Brighton and Hove Albion,Chelsea,3,0,H,13,8,5,0,12,15,2,9,1,2.0,0,0.0,2025,H,,,3,0.0,0.0,0.0,1,1,1.0,1.3502824858757063,1.6440677966101696
2025-02-22,Brighton and Hove Albion,Southampton,4,0,A,6,18,1,12,11,12,5,6,0,,0,,2025,A,2.0,0.0,3,0.0,0.0,0.0,1,0,2.0,1.3595505617977528,0.8357142857142857
2025-02-25,Brighton and Hove Albion,Bournemouth,2,1,H,11,19,4,5,12,14,1,9,2,1.0,0,0.0,2025,H,,,3,0.0,0.0,0.0,0,2,3.0,1.3687150837988826,1.2621359223300972
2025-03-08,Brighton and Hove Albion,Fulham,2,1,H,9,6,4,1,6,12,3,7,0,2.0,0,0.0,2025,H,,,3,0.0,0.0,0.0,0,0,3.0,1.3777777777777778,1.1901408450704225
2025-03-15,Brighton and Hove Albion,Manchester City,2,2,D,11,15,3,3,10,10,4,5,5,,0,,2025,A,2.0,0.0,1,0.0,0.0,0.0,0,5,2.3333333333333335,1.3756906077348066,2.248618784530387
2025-04-02,Brighton and Hove Albion,Aston Villa,0,3,A,11,8,4,5,16,11,4,0,1,3.0,0,0.0,2025,H,,,0,0.0,0.0,0.0,0,1,1.3333333333333333,1.3681318681318682,1.521978021978022
2025-04-05,Brighton and Hove Albion,Crystal Palace,1,2,H,8,11,3,5,12,13,2,4,1,,1,,2025,A,0.0,2.0,0,0.0,0.0,0.0,0,3,0.3333333333333333,1.360655737704918,1.2582417582417582
2025-04-12,Brighton and Hove Albion,Leicester City,2,2,D,21,15,7,6,9,11,3,6,2,5.0,0,0.0,2025,H,,,1,0.0,0.0,0.0,0,2,0.3333333333333333,1.358695652173913,1.1643835616438356
2025-04-19,Brighton and Hove Albion,Brentford,2,4,H,16,12,8,3,7,11,4,8,3,,1,,2025,A,3.0,0.0,0,0.0,0.0,0.0,0,5,0.3333333333333333,1.3513513513513513,1.2925170068027212
2025-04-26,Brighton and Hove Albion,West Ham United,3,2,H,16,12,9,4,7,9,8,1,1,1.0,0,0.0,2025,H,,,3,0.0,0.0,0.0,0,1,1.3333333333333333,1.3602150537634408,1.3387096774193548
2025-05-04,Brighton and Hove Albion,Newcastle United,1,1,D,5,13,2,5,15,10,1,4,2,1.0,0,0.0,2025,H,,,1,0.0,0.0,0.0,0,2,1.3333333333333333,1.358288770053476,1.5401069518716577
2025-05-10,Brighton and Hove Albion,Wolverhampton Wanderers,2,0,A,10,7,3,2,8,12,7,4,1,,0,,2025,A,1.0,0.0,3,0.0,0.0,0.0,1,1,2.3333333333333335,1.3670212765957446,1.1914893617021276
2025-05-19,Brighton and Hove Albion,Liverpool,3,2,H,25,18,12,5,9,8,3,3,1,0.0,0,0.0,2025,H,,,3,0.0,0.0,0.0,0,1,2.3333333333333335,1.3756613756613756,2.0793650793650795
2025-05-25,Brighton and Hove Albion,Tottenham Hotspur,4,1,A,4,23,2,8,13,8,2,11,1,,0,,2025,A,3.0,0.0,3,0.0,0.0,0.0,0,1,3.0,1.3842105263157896,1.563157894736842
2025-08-16,Brighton and Hove Albion,Fulham,1,1,D,10,7,4,2,16,15,4,3,3,3.0,0,0.0,2025,H,,,1,0.0,0.0,0.0,0,3,2.3333333333333335,1.382198952879581,1.1895424836601307
2025-08-24,Brighton and Hove Albion,Everton,0,2,H,11,13,3,4,7,15,2,2,3,,0,,2025,A,4.0,0.0,0,0.0,0.0,0.0,0,3,1.3333333333333333,1.375,1.2135416666666667
2025-08-31,Brighton and Hove Albion,Manchester City,2,1,H,12,12,7,3,16,14,3,2,2,2.0,0,0.0,2025,H,,,3,0.0,0.0,0.0,0,2,1.3333333333333333,1.383419689119171,2.243523316062176
2025-09-13,Brighton and Hove Albion,Bournemouth,1,2,H,13,6,5,2,16,10,4,4,4,,0,,2025,A,4.0,0.0,0,0.0,0.0,0.0,0,4,1.0,1.3762886597938144,1.2881355932203389
2025-09-20,Brighton and Hove Albion,Tottenham Hotspur,2,2,D,12,11,4,3,10,13,2,10,1,2.0,0,0.0,2025,H,,,1,0.0,0.0,0.0,0,1,1.3333333333333333,1.3743589743589744,1.5743589743589743
2025-09-27,Brighton and Hove Albion,Chelsea,3,1,A,13,12,3,3,9,16,5,7,5,,0,,2025,A,3.0,1.0,3,0.0,0.0,0.0,0,5,1.3333333333333333,1.3826530612244898,1.6581632653061225
2025-10-05,Brighton and Hove Albion,Wolverhampton Wanderers,1,1,D,6,17,3,6,13,9,2,8,4,,0,,2025,A,2.0,0.0,1,0.0,0.0,0.0,0,4,1.6666666666666667,1.380710659898477,1.1522842639593909
2025-10-18,Brighton and Hove Albion,Newcastle United,2,1,H,13,16,5,3,9,9,8,4,0,1.0,0,0.0,2025,H,,,3,0.0,0.0,0.0,0,0,2.3333333333333335,1.3888888888888888,1.5151515151515151
2025-10-25,Brighton and Hove Albion,Manchester United,2,4,H,13,17,9,5,4,13,1,6,2,,0,,2025,A,2.0,0.0,0,0.0,0.0,0.0,0,2,1.3333333333333333,1.3819095477386936,1.6331658291457287
2025-11-01,Brighton and Hove Albion,Leeds United,3,0,H,14,5,7,2,10,7,4,7,0,1.0,0,0.0,2025,H,,,3,0.0,0.0,0.0,1,0,2.0,1.39,1.1209677419354838
2025-11-09,Brighton and Hove Albion,Crystal Palace,0,0,D,10,7,2,3,10,12,4,8,4,,0,,2025,A,1.0,0.0,1,0.0,0.0,0.0,1,4,1.3333333333333333,1.3880597014925373,1.2736318407960199
2020-09-20,Burnley,Leicester City,2,4,H,14,16,6,5,11,13,15,4,2,,0,,2020,A,1.0,0.0,0,0.0,0.0,0.0,0,2,0.0,0.0,3.0
2020-09-26,Burnley,Southampton,0,1,A,10,5,2,1,8,10,8,2,1,0.0,0,0.0,2020,H,,,0,0.0,0.0,0.0,0,1,0.0,0.0,1.0
2020-10-03,Burnley,Newcastle United,1,3,H,10,7,5,3,13,17,3,4,3,,0,,2020,A,2.0,0.0,0,0.0,0.0,0.0,0,3,0.0,0.0,1.75
2020-10-19,Burnley,West Brom,0,0,D,13,9,6,4,15,17,8,2,2,,0,,2020,A,2.0,0.0,1,0.0,0.0,0.0,1,2,0.3333333333333333,0.25,0.4
2020-10-26,Burnley,Tottenham Hotspur,0,1,A,13,9,4,3,9,7,4,5,2,0.0,0,0.0,2020,H,,,0,0.0,0.0,0.0,0,2,0.3333333333333333,0.2,1.8333333333333333
2020-10-31,Burnley,Chelsea,0,3,A,5,14,0,9,10,15,3,4,1,0.0,0,0.0,2020,H,,,0,0.0,0.0,0.0,0,1,0.3333333333333333,0.16666666666666666,1.7142857142857142
2020-11-06,Burnley,Brighton and Hove Albion,0,0,D,19,4,3,1,11,5,5,3,0,,0,,2020,A,1.0,0.0,1,0.0,0.0,0.0,1,0,0.3333333333333333,0.2857142857142857,0.75
2020-11-23,Burnley,Crystal Palace,1,0,H,10,15,4,5,13,9,4,7,2,0.0,0,0.0,2020,H,,,3,0.0,0.0,0.0,1,2,1.3333333333333333,0.625,1.4444444444444444
2020-11-28,Burnley,Manchester City,0,5,H,19,9,6,1,12,4,6,4,0,,0,,2020,A,0.0,0.0,0,0.0,0.0,0.0,0,0,1.3333333333333333,0.5555555555555556,1.6666666666666667
2020-12-05,Burnley,Everton,1,1,D,8,13,3,6,6,9,8,4,0,0.0,0,0.0,2020,H,,,1,0.0,0.0,0.0,0,0,1.3333333333333333,0.6,1.5454545454545454
2020-12-13,Burnley,Arsenal,1,0,A,18,10,6,2,5,11,13,4,1,,0,,2020,A,2.0,1.0,3,0.0,0.0,0.0,1,1,1.3333333333333333,0.8181818181818182,1.0833333333333333
2020-12-17,Burnley,Aston Villa,0,0,D,27,6,7,4,17,19,11,1,1,,0,,2020,A,1.0,0.0,1,0.0,0.0,0.0,1,1,1.6666666666666667,0.8333333333333334,1.7272727272727273
2020-12-21,Burnley,Wolverhampton Wanderers,2,1,H,10,15,4,3,11,15,1,7,2,1.0,0,0.0,2020,H,,,3,0.0,0.0,0.0,0,2,2.3333333333333335,1.0,1.4285714285714286
2020-12-27,Burnley,Leeds United,0,1,H,11,14,4,6,8,14,4,12,3,,0,,2020,A,0.0,0.0,0,0.0,0.0,0.0,0,3,1.3333333333333333,0.9285714285714286,1.3333333333333333
2020-12-29,Burnley,Sheffield United,1,0,H,5,7,3,3,13,17,3,5,1,2.0,0,0.0,2020,H,,,3,0.0,0.0,0.0,1,1,2.0,1.0666666666666667,0.125
2021-01-12,Burnley,Manchester United,0,1,A,11,13,0,7,15,13,3,4,1,2.0,0,0.0,2021,H,,,0,0.0,0.0,0.0,0,1,1.0,1.0,2.1176470588235294
2021-01-16,Burnley,West Ham United,0,1,H,15,10,4,2,12,9,7,4,1,,0,,2021,A,2.0,0.0,0,0.0,0.0,0.0,0,1,1.0,0.9411764705882353,1.6111111111111112
2021-01-21,Burnley,Liverpool,1,0,A,27,6,6,4,11,8,12,0,1,,0,,2021,A,2.0,0.0,3,0.0,0.0,0.0,1,1,1.0,1.0555555555555556,1.7894736842105263
2021-01-27,Burnley,Aston Villa,3,2,H,10,18,5,10,16,7,2,4,1,0.0,0,0.0,2021,H,,,3,0.0,0.0,0.0,0,1,2.0,1.1578947368421053,1.6111111111111112
2021-01-31,Burnley,Chelsea,0,2,H,19,1,8,0,7,9,4,2,1,,0,,2021,A,0.0,0.0,0,0.0,0.0,0.0,0,1,2.0,1.1,1.5714285714285714
2021-02-03,Burnley,Manchester City,0,2,A,2,17,0,6,8,5,1,3,2,1.0,0,0.0,2021,H,,,0,0.0,0.0,0.0,0,2,1.0,1.0476190476190477,2.238095238095238
2021-02-06,Burnley,Brighton and Hove Albion,1,1,D,20,10,7,2,8,10,8,7,2,0.0,0,0.0,2021,H,,,1,0.0,0.0,0.0,0,2,0.3333333333333333,1.0454545454545454,1.0869565217391304
2021-02-13,Burnley,Crystal Palace,3,0,A,13,16,3,4,15,14,7,4,0,,0,,2021,A,0.0,0.0,3,0.0,0.0,0.0,1,0,1.3333333333333333,1.1304347826086956,1.2083333333333333
2021-02-17,Burnley,Fulham,1,1,D,8,8,3,3,7,13,5,5,1,1.0,0,0.0,2021,H,,,1,0.0,0.0,0.0,0,1,1.6666666666666667,1.125,0.7916666666666666
2021-02-20,Burnley,West Brom,0,0,D,6,10,1,3,16,10,5,5,3,0.0,0,1.0,2021,H,,,1,0.0,0.0,0.0,1,3,1.6666666666666667,1.12,0.56
2021-02-28,Burnley,Tottenham Hotspur,0,4,H,16,10,7,3,6,10,3,4,0,,0,,2021,A,0.0,0.0,0,0.0,0.0,0.0,0,0,0.6666666666666666,1.0769230769230769,1.56
2021-03-03,Burnley,Leicester City,1,1,D,12,15,7,4,6,12,5,8,0,2.0,0,0.0,2021,H,,,1,0.0,0.0,0.0,0,0,0.6666666666666666,1.0740740740740742,1.8518518518518519
2021-03-06,Burnley,Arsenal,1,1,D,9,15,5,3,5,12,2,4,1,1.0,0,0.0,2021,H,,,1,0.0,0.0,0.0,0,1,0.6666666666666666,1.0714285714285714,1.4074074074074074
2021-03-13,Burnley,Everton,2,1,A,14,14,4,5,9,6,7,4,4,,0,,2021,A,0.0,0.0,3,0.0,0.0,0.0,0,4,1.6666666666666667,1.1379310344827587,1.6428571428571428
2021-04-04,Burnley,Southampton,2,3,H,24,7,9,5,11,10,6,7,0,,0,,2021,A,0.0,0.0,0,0.0,0.0,0.0,0,0,1.3333333333333333,1.1,1.2
2021-04-11,Burnley,Newcastle United,1,2,A,24,10,4,5,11,12,13,3,1,0.0,0,0.0,2021,H,,,0,0.0,0.0,0.0,0,1,1.0,1.064516129032258,1.032258064516129
2021-04-18,Burnley,Manchester United,1,3,H,17,10,9,3,9,12,8,3,2,,0,,2021,A,1.0,0.0,0,0.0,0.0,0.0,0,2,0.0,1.03125,2.0625
2021-04-25,Burnley,Wolverhampton Wanderers,4,0,A,12,14,2,7,8,9,8,5,2,,0,,2021,A,1.0,0.0,3,0.0,0.0,0.0,1,2,1.0,1.0909090909090908,1.2424242424242424
2021-05-03,Burnley,West Ham United,1,2,A,8,22,3,4,4,8,5,4,2,1.0,0,0.0,2021,H,,,0,0.0,0.0,0.0,0,2,1.0,1.0588235294117647,1.7058823529411764
2021-05-10,Burnley,Fulham,2,0,A,21,14,3,5,11,10,8,4,0,,0,,2021,A,2.0,0.0,3,0.0,0.0,0.0,1,0,2.0,1.1142857142857143,0.7714285714285715
2021-05-15,Burnley,Leeds United,0,4,A,16,16,4,6,10,10,6,8,1,1.0,0,0.0,2021,H,,,0,0.0,0.0,0.0,0,1,1.0,1.0833333333333333,1.4722222222222223
2021-05-19,Burnley,Liverpool,0,3,A,10,20,4,3,10,7,6,7,0,0.0,0,0.0,2021,H,,,0,0.0,0.0,0.0,0,0,1.0,1.054054054054054,1.7837837837837838
2021-05-23,Burnley,Sheffield United,0,1,H,12,10,3,3,11,1,8,9,1,,0,,2021,A,3.0,0.0,0,0.0,0.0,0.0,0,1,0.0,1.0263157894736843,0.6052631578947368
2021-08-14,Burnley,Brighton and Hove Albion,1,2,A,14,14,3,8,10,7,7,6,2,1.0,0,0.0,2021,H,,,0,0.0,0.0,0.0,0,2,0.0,1.0,1.1282051282051282
2021-08-21,Burnley,Liverpool,0,2,H,27,9,9,3,6,12,8,4,0,,0,,2021,A,0.0,0.0,0,0.0,0.0,0.0,0,0,0.0,0.975,1.875
2021-08-29,Burnley,Leeds United,1,1,D,12,12,3,2,13,9,5,5,4,3.0,0,0.0,2021,H,,,1,0.0,0.0,0.0,0,4,0.3333333333333333,0.975609756097561,1.4878048780487805
2021-09-13,Burnley,Everton,1,3,H,14,11,6,6,3,6,4,6,1,,0,,2021,A,1.0,0.0,0,0.0,0.0,0.0,0,1,0.3333333333333333,0.9523809523809523,1.6428571428571428
2021-09-18,Burnley,Arsenal,0,1,A,18,13,3,3,9,8,8,3,2,1.0,0,0.0,2021,H,,,0,0.0,0.0,0.0,0,2,0.3333333333333333,0.9302325581395349,1.558139534883721
2021-09-25,Burnley,Leicester City,2,2,D,22,9,5,3,10,8,8,4,4,,0,,2021,A,2.0,0.0,1,0.0,0.0,0.0,0,4,0.3333333333333333,0.9318181818181818,1.6590909090909092
2021-10-02,Burnley,Norwich City,0,0,D,14,10,4,2,13,3,9,5,5,2.0,0,0.0,2021,H,,,1,0.0,0.0,0.0,1,5,0.6666666666666666,0.9333333333333333,0.14285714285714285
2021-10-16,Burnley,Manchester City,0,2,H,15,7,6,2,11,5,6,2,0,,0,,2021,A,1.0,0.0,0,0.0,0.0,0.0,0,0,0.6666666666666666,0.9130434782608695,2.239130434782609
2021-10-23,Burnley,Southampton,2,2,D,16,9,4,5,10,11,6,2,3,,0,,2021,A,1.0,0.0,1,0.0,0.0,0.0,0,3,0.6666666666666666,0.9148936170212766,1.0851063829787233
2021-10-30,Burnley,Brentford,3,1,H,15,12,6,5,7,10,4,2,1,1.0,0,0.0,2021,H,,,3,0.0,0.0,0.0,0,1,1.3333333333333333,0.9583333333333334,1.2
2021-11-06,Burnley,Chelsea,1,1,D,25,5,4,2,6,9,14,2,4,,0,,2021,A,1.0,0.0,1,0.0,0.0,0.0,0,4,1.6666666666666667,0.9591836734693877,1.8979591836734695
2021-11-20,Burnley,Crystal Palace,3,3,D,15,18,9,8,14,15,3,6,2,3.0,0,0.0,2021,H,,,1,0.0,0.0,0.0,0,2,1.6666666666666667,0.96,1.2
2021-12-01,Burnley,Wolverhampton Wanderers,0,0,D,16,6,2,1,5,7,5,5,3,,0,,2021,A,2.0,0.0,1,0.0,0.0,0.0,1,3,1.0,0.9607843137254902,1.2692307692307692
2021-12-04,Burnley,Newcastle United,0,1,H,19,10,4,1,11,9,10,3,1,,0,,2021,A,1.0,0.0,0,0.0,0.0,0.0,0,1,0.6666666666666666,0.9423076923076923,1.0377358490566038
2021-12-12,Burnley,West Ham United,0,0,D,9,16,1,3,13,11,6,4,2,1.0,0,0.0,2021,H,,,1,0.0,0.0,0.0,1,2,0.6666666666666666,0.9433962264150944,1.7222222222222223
2021-12-30,Burnley,Manchester United,1,3,H,18,10,6,3,5,10,7,5,0,,0,,2021,A,0.0,0.0,0,0.0,0.0,0.0,0,0,0.3333333333333333,0.9259259259259259,1.875
2022-01-02,Burnley,Leeds United,1,3,H,22,8,7,2,11,7,9,3,1,,0,,2022,A,2.0,0.0,0,0.0,0.0,0.0,0,1,0.3333333333333333,0.9090909090909091,1.368421052631579
2022-01-23,Burnley,Arsenal,0,0,D,20,10,5,1,9,13,12,4,2,,0,,2022,A,0.0,0.0,1,0.0,0.0,0.0,1,2,0.3333333333333333,0.9107142857142857,1.6440677966101696
2022-02-05,Burnley,Watford,0,0,D,13,11,2,5,16,9,4,7,1,2.0,0,0.0,2022,H,,,1,0.0,0.0,0.0,1,1,0.6666666666666666,0.9122807017543859,0.7142857142857143
2022-02-08,Burnley,Manchester United,1,1,D,9,22,3,5,11,10,2,10,2,1.0,0,0.0,2022,H,,,1,0.0,0.0,0.0,0,2,1.0,0.9137931034482759,1.8524590163934427
2022-02-13,Burnley,Liverpool,0,1,A,8,12,5,4,7,6,5,8,0,1.0,0,0.0,2022,H,,,0,0.0,0.0,0.0,0,0,0.6666666666666666,0.8983050847457628,1.9838709677419355
2022-02-19,Burnley,Brighton and Hove Albion,3,0,A,11,10,1,4,12,12,4,4,4,,0,,2022,A,1.0,0.0,3,0.0,0.0,0.0,1,4,1.3333333333333333,0.9333333333333333,1.1746031746031746
2022-02-23,Burnley,Tottenham Hotspur,1,0,H,15,12,4,2,8,8,3,7,0,0.0,0,0.0,2022,H,,,3,0.0,0.0,0.0,1,0,2.0,0.9672131147540983,1.6290322580645162
2022-02-26,Burnley,Crystal Palace,1,1,D,11,5,4,1,5,17,5,4,2,,0,,2022,A,0.0,0.0,1,0.0,0.0,0.0,0,2,2.3333333333333335,0.967741935483871,1.1384615384615384
2022-03-01,Burnley,Leicester City,0,2,A,9,22,2,6,10,13,6,8,1,1.0,0,0.0,2022,H,,,0,0.0,0.0,0.0,0,1,1.3333333333333333,0.9523809523809523,1.5483870967741935
2022-03-05,Burnley,Chelsea,0,4,A,6,11,1,5,12,7,5,2,2,0.0,0,0.0,2022,H,,,0,0.0,0.0,0.0,0,2,0.3333333333333333,0.9375,1.875
2022-03-12,Burnley,Brentford,0,2,H,13,7,4,1,6,10,2,9,1,,1,,2022,A,1.0,0.0,0,0.0,0.0,0.0,0,3,0.0,0.9230769230769231,1.0344827586206897
2022-04-02,Burnley,Manchester City,0,2,A,3,18,1,6,11,6,1,8,1,0.0,0,0.0,2022,H,,,0,0.0,0.0,0.0,0,1,0.0,0.9090909090909091,2.338235294117647
2022-04-06,Burnley,Everton,3,2,H,13,16,4,4,11,16,9,6,2,2.0,0,0.0,2022,H,,,3,0.0,0.0,0.0,0,2,1.0,0.9402985074626866,1.2537313432835822
2022-04-10,Burnley,Norwich City,0,2,H,17,18,6,4,12,10,6,7,1,,0,,2022,A,1.0,0.0,0,0.0,0.0,0.0,0,1,1.0,0.9264705882352942,0.6774193548387096
2022-04-17,Burnley,West Ham United,1,1,D,21,9,8,1,9,10,13,4,2,,0,,2022,A,2.0,0.0,1,0.0,0.0,0.0,0,2,1.3333333333333333,0.927536231884058,1.647887323943662
2022-04-21,Burnley,Southampton,2,0,H,16,11,6,3,7,7,10,10,2,2.0,0,0.0,2022,H,,,3,0.0,0.0,0.0,1,2,1.3333333333333333,0.9571428571428572,1.1549295774647887
2022-04-24,Burnley,Wolverhampton Wanderers,1,0,H,14,10,5,4,8,7,3,6,3,1.0,0,0.0,2022,H,,,3,0.0,0.0,0.0,1,3,2.3333333333333335,0.9859154929577465,1.323943661971831
2022-04-30,Burnley,Watford,2,1,A,13,17,1,6,13,9,5,6,2,,0,,2022,A,1.0,0.0,3,0.0,0.0,0.0,0,2,3.0,1.0138888888888888,0.6470588235294118
2022-05-07,Burnley,Aston Villa,1,3,A,14,12,6,7,13,11,4,5,1,2.0,0,0.0,2022,H,,,0,0.0,0.0,0.0,0,1,2.0,1.0,1.3611111111111112
2022-05-15,Burnley,Tottenham Hotspur,0,1,H,21,8,8,1,12,8,8,2,2,,0,,2022,A,3.0,0.0,0,0.0,0.0,0.0,0,2,1.0,0.9864864864864865,1.7333333333333334
2022-05-19,Burnley,Aston Villa,1,1,D,22,10,9,5,11,20,13,6,1,,1,,2022,A,0.0,0.0,1,0.0,0.0,0.0,0,3,0.3333333333333333,0.9866666666666667,1.3333333333333333
2022-05-22,Burnley,Newcastle United,1,2,A,12,8,5,6,8,9,8,2,1,0.0,0,0.0,2022,H,,,0,0.0,0.0,0.0,0,1,0.3333333333333333,0.9736842105263158,1.236842105263158
2023-08-11,Burnley,Manchester City,0,3,A,6,17,1,8,11,8,6,5,0,0.0,1,0.0,2023,H,,,0,0.0,0.0,0.0,0,2,0.3333333333333333,0.961038961038961,2.356521739130435
2023-08-27,Burnley,Aston Villa,1,3,A,9,16,2,6,12,11,4,6,2,0.0,0,0.0,2023,H,,,0,0.0,0.0,0.0,0,2,0.0,0.9487179487179487,1.4273504273504274
2023-09-02,Burnley,Tottenham Hotspur,2,5,A,16,20,4,10,15,9,7,4,4,3.0,0,0.0,2023,H,,,0,0.0,0.0,0.0,0,4,0.0,0.9367088607594937,1.7203389830508475
2023-09-18,Burnley,Nottingham Forest,1,1,D,14,10,4,3,16,10,5,4,3,,1,,2023,A,2.0,0.0,1,0.0,0.0,0.0,0,5,0.3333333333333333,0.9375,1.0465116279069768
2023-09-23,Burnley,Manchester United,0,1,A,12,11,4,4,6,12,9,5,1,2.0,0,0.0,2023,H,,,0,0.0,0.0,0.0,0,1,0.3333333333333333,0.9259259259259259,1.8
2023-09-30,Burnley,Newcastle United,0,2,H,20,8,8,2,7,15,5,3,3,,0,,2023,A,1.0,0.0,0,0.0,0.0,0.0,0,3,0.3333333333333333,0.9146341463414634,1.462809917355372
2023-10-03,Burnley,Luton Town,2,1,A,18,14,3,4,14,6,7,6,2,,0,,2023,A,4.0,0.0,3,0.0,0.0,0.0,0,2,1.0,0.9397590361445783,0.5714285714285714
2023-10-07,Burnley,Chelsea,1,4,A,10,9,3,5,11,8,7,3,2,4.0,0,0.0,2023,H,,,0,0.0,0.0,0.0,0,2,1.0,0.9285714285714286,1.6065573770491803
2023-10-21,Burnley,Brentford,0,3,H,23,6,10,1,14,12,5,5,2,,1,,2023,A,5.0,0.0,0,0.0,0.0,0.0,0,4,1.0,0.9176470588235294,1.3529411764705883
2023-10-28,Burnley,Bournemouth,1,2,H,13,6,6,3,9,12,10,5,3,,0,,2023,A,2.0,0.0,0,0.0,0.0,0.0,0,3,0.0,0.9069767441860465,0.9375
2023-11-04,Burnley,Crystal Palace,0,2,A,17,4,5,3,9,12,12,1,0,5.0,0,0.0,2023,H,,,0,0.0,0.0,0.0,0,0,0.0,0.896551724137931,1.216
2023-11-11,Burnley,Arsenal,1,3,H,16,8,6,5,8,9,3,3,1,,0,,2023,A,0.0,1.0,0,0.0,0.0,0.0,0,1,0.0,0.8863636363636364,1.9126984126984128
2023-11-25,Burnley,West Ham United,1,2,A,11,11,5,3,11,7,4,5,1,3.0,0,0.0,2023,H,,,0,0.0,0.0,0.0,0,1,0.0,0.8764044943820225,1.4251968503937007
2023-12-02,Burnley,Sheffield United,5,0,H,19,6,7,3,9,12,6,1,2,5.0,0,1.0,2023,H,,,3,0.0,0.0,0.0,1,2,1.0,0.9,0.5384615384615384
2023-12-05,Burnley,Wolverhampton Wanderers,0,1,H,7,12,4,3,11,15,6,8,4,,0,,2023,A,2.0,0.0,0,0.0,0.0,0.0,0,4,1.0,0.8901098901098901,1.2015503875968991
2023-12-09,Burnley,Brighton and Hove Albion,1,1,D,29,6,11,3,5,8,9,1,4,,0,,2023,A,0.0,0.0,1,0.0,0.0,0.0,0,4,1.3333333333333333,0.8913043478260869,1.3846153846153846
2023-12-16,Burnley,Everton,0,2,A,14,9,2,6,9,8,8,6,0,1.0,0,0.0,2023,H,,,0,0.0,0.0,0.0,0,0,0.3333333333333333,0.8817204301075269,1.2213740458015268
2023-12-23,Burnley,Fulham,2,0,A,19,7,5,2,5,17,8,6,1,,0,,2023,A,2.0,0.0,3,0.0,0.0,0.0,1,1,1.3333333333333333,0.9042553191489362,1.074468085106383
2023-12-26,Burnley,Liverpool,0,2,A,9,19,0,10,7,10,4,4,2,1.0,0,0.0,2023,H,,,0,0.0,0.0,0.0,0,2,1.0,0.8947368421052632,2.030075187969925
2023-12-30,Burnley,Aston Villa,2,3,H,19,9,7,5,9,14,6,2,1,,1,,2023,A,4.0,0.0,0,0.0,0.0,0.0,0,3,1.0,0.8854166666666666,1.5149253731343284
2024-01-12,Burnley,Luton Town,1,1,D,13,14,7,5,7,12,2,8,1,0.0,0,0.0,2024,H,,,1,0.0,0.0,0.0,0,1,0.3333333333333333,0.8865979381443299,0.8
2024-01-31,Burnley,Manchester City,1,3,H,14,8,4,3,3,13,7,3,2,,0,,2024,A,2.0,0.0,0,0.0,0.0,0.0,0,2,0.3333333333333333,0.8775510204081632,2.325925925925926
2024-02-03,Burnley,Fulham,2,2,D,12,15,4,7,11,7,2,13,2,2.0,0,0.0,2024,H,,,1,0.0,0.0,0.0,0,2,0.6666666666666666,0.8787878787878788,1.0707070707070707
2024-02-10,Burnley,Liverpool,1,3,H,25,9,10,4,11,13,9,3,2,,0,,2024,A,3.0,0.0,0,0.0,0.0,0.0,0,2,0.3333333333333333,0.87,2.0434782608695654
2024-02-17,Burnley,Arsenal,0,5,A,8,16,0,7,11,8,4,6,2,1.0,0,0.0,2024,H,,,0,0.0,0.0,0.0,0,2,0.3333333333333333,0.8613861386138614,1.935251798561151
2024-02-24,Burnley,Crystal Palace,0,3,H,15,2,6,0,8,13,12,3,1,,1,,2024,A,3.0,0.0,0,0.0,0.0,0.0,0,3,0.0,0.8529411764705882,1.1785714285714286
2024-03-03,Burnley,Bournemouth,0,2,A,20,10,6,3,8,13,7,2,2,4.0,0,0.0,2024,H,,,0,0.0,0.0,0.0,0,2,0.0,0.8446601941747572,1.09375
2024-03-10,Burnley,West Ham United,2,2,D,22,11,4,4,11,18,4,4,4,,0,,2024,A,2.0,0.0,1,0.0,0.0,0.0,0,4,0.3333333333333333,0.8461538461538461,1.4366197183098592
2024-03-16,Burnley,Brentford,2,1,H,17,9,6,5,14,17,5,4,2,4.0,0,1.0,2024,H,,,3,0.0,0.0,0.0,0,2,1.3333333333333333,0.8666666666666667,1.2476190476190476
2024-03-30,Burnley,Chelsea,2,2,D,33,18,13,7,12,7,12,4,2,,1,,2024,A,2.0,0.0,1,0.0,0.0,0.0,0,4,1.6666666666666667,0.8679245283018868,1.5845070422535212
2024-04-02,Burnley,Wolverhampton Wanderers,1,1,D,13,8,6,2,10,12,7,4,0,2.0,0,0.0,2024,H,,,1,0.0,0.0,0.0,0,0,1.6666666666666667,0.8691588785046729,1.2430555555555556
2024-04-06,Burnley,Everton,0,1,H,12,6,3,1,11,13,3,5,1,,1,,2024,A,2.0,0.0,0,0.0,0.0,0.0,0,3,0.6666666666666666,0.8611111111111112,1.1655172413793105
2024-04-13,Burnley,Brighton and Hove Albion,1,1,D,11,20,3,8,18,8,4,5,1,2.0,0,0.0,2024,H,,,1,0.0,0.0,0.0,0,1,0.6666666666666666,0.8623853211009175,1.356164383561644
2024-04-20,Burnley,Sheffield United,4,1,A,18,16,11,9,10,9,11,2,0,,0,,2024,A,1.0,0.0,3,0.0,0.0,0.0,0,0,1.3333333333333333,0.8818181818181818,0.5492957746478874
2024-04-27,Burnley,Manchester United,1,1,D,27,16,10,7,7,11,6,5,3,,0,,2024,A,1.0,0.0,1,0.0,0.0,0.0,0,3,1.6666666666666667,0.8828828828828829,1.7635135135135136
2024-05-04,Burnley,Newcastle United,1,4,A,17,23,5,11,8,8,4,11,2,2.0,0,0.0,2024,H,,,0,0.0,0.0,0.0,0,2,1.3333333333333333,0.875,1.483221476510067
2024-05-11,Burnley,Tottenham Hotspur,1,2,H,21,7,9,3,10,14,9,3,5,,0,,2024,A,3.0,0.0,0,0.0,0.0,0.0,0,5,0.3333333333333333,0.8672566371681416,1.7066666666666668
2024-05-19,Burnley,Nottingham Forest,1,2,A,20,12,3,6,11,5,4,3,1,0.0,0,0.0,2024,H,,,0,0.0,0.0,0.0,0,1,0.0,0.8596491228070176,0.9736842105263158
2025-08-16,Burnley,Tottenham Hotspur,0,3,H,16,14,6,4,14,8,6,5,0,,0,,2025,A,0.0,0.0,0,0.0,0.0,0.0,0,0,0.0,0.8521739130434782,1.5706806282722514
2025-08-23,Burnley,Sunderland,2,0,H,7,9,2,1,9,5,4,3,0,1.0,0,0.0,2025,H,,,3,0.0,0.0,0.0,1,0,1.0,0.8706896551724138,1.5
2025-08-30,Burnley,Manchester United,2,3,H,26,6,6,3,9,9,7,1,5,,0,,2025,A,1.0,0.0,0,0.0,0.0,0.0,0,5,1.0,0.8632478632478633,1.621761658031088
2025-09-14,Burnley,Liverpool,0,1,A,3,27,0,4,9,9,1,13,0,2.0,0,0.0,2025,H,,,0,0.0,0.0,0.0,0,0,1.0,0.8559322033898306,2.0927835051546393
2025-09-20,Burnley,Nottingham Forest,1,1,D,12,17,5,8,12,11,4,5,1,1.0,0,0.0,2025,H,,,1,0.0,0.0,0.0,0,1,0.3333333333333333,0.8571428571428571,1.2100840336134453
2025-09-27,Burnley,Manchester City,1,5,H,21,9,8,2,5,7,10,2,3,,0,,2025,A,1.0,0.0,0,0.0,0.0,0.0,0,3,0.3333333333333333,0.85,2.2448979591836733
2025-10-05,Burnley,Aston Villa,1,2,H,15,5,7,2,9,15,6,4,1,,0,,2025,A,3.0,0.0,0,0.0,0.0,0.0,0,1,0.3333333333333333,0.8429752066115702,1.5431472081218274
2025-10-18,Burnley,Leeds United,2,0,H,4,19,3,4,10,7,1,5,2,1.0,0,0.0,2025,H,,,3,0.0,0.0,0.0,1,2,1.0,0.860655737704918,1.1147540983606556
2025-10-26,Burnley,Wolverhampton Wanderers,3,2,A,15,11,7,7,12,7,5,3,0,,0,,2025,A,1.0,0.0,3,0.0,0.0,0.0,0,0,2.0,0.8780487804878049,1.1407035175879396
2025-11-01,Burnley,Arsenal,0,2,A,3,12,0,8,10,13,1,6,2,1.0,0,0.0,2025,H,,,0,0.0,0.0,0.0,0,2,2.0,0.8709677419354839,2.01
2025-11-08,Burnley,West Ham United,2,3,H,15,16,6,7,15,13,7,4,2,,0,,2025,A,2.0,0.0,0,0.0,0.0,0.0,0,2,1.0,0.864,1.3233830845771144
2020-09-14,Chelsea,Brighton and Hove Albion,3,1,A,13,10,3,5,8,13,4,3,0,,0,,2020,A,1.0,0.0,3,0.0,0.0,0.0,0,0,3.0,3.0,0.0
2020-09-20,Chelsea,Liverpool,0,2,A,5,18,3,6,10,6,1,11,0,0.0,1,0.0,2020,H,,,0,0.0,0.0,0.0,0,2,1.5,1.5,3.0
2020-09-26,Chelsea,West Brom,3,3,D,9,22,3,10,8,16,3,9,3,,0,,2020,A,1.0,0.0,1,0.0,0.0,0.0,0,3,1.3333333333333333,1.3333333333333333,0.3333333333333333
2020-10-03,Chelsea,Crystal Palace,4,0,H,17,4,6,0,17,13,8,5,2,0.0,0,0.0,2020,H,,,3,0.0,0.0,0.0,1,2,1.3333333333333333,1.75,1.5
2020-10-17,Chelsea,Southampton,3,3,D,11,13,5,6,11,9,6,2,1,1.0,0,0.0,2020,H,,,1,0.0,0.0,0.0,0,1,1.6666666666666667,1.6,1.4
2020-10-24,Chelsea,Manchester United,0,0,D,14,6,4,1,8,6,9,6,1,,0,,2020,A,3.0,0.0,1,0.0,0.0,0.0,1,1,1.6666666666666667,1.5,1.4
2020-10-31,Chelsea,Burnley,3,0,A,5,14,0,9,10,15,3,4,0,,0,,2020,A,1.0,0.0,3,0.0,0.0,0.0,1,0,1.6666666666666667,1.7142857142857142,0.16666666666666666
2020-11-07,Chelsea,Sheffield United,4,1,H,20,6,9,3,5,14,6,7,0,2.0,0,0.0,2020,H,,,3,0.0,0.0,0.0,0,0,2.3333333333333335,1.875,0.125
2020-11-21,Chelsea,Newcastle United,2,0,A,8,14,1,3,11,12,7,4,0,,0,,2020,A,2.0,0.0,3,0.0,0.0,0.0,1,0,3.0,2.0,1.2222222222222223
2020-11-29,Chelsea,Tottenham Hotspur,0,0,D,13,5,3,1,20,9,3,3,4,2.0,0,0.0,2020,H,,,1,0.0,0.0,0.0,1,4,2.3333333333333335,1.9,2.1
2020-12-05,Chelsea,Leeds United,3,1,H,23,8,11,3,12,9,8,4,0,2.0,0,0.0,2020,H,,,3,0.0,0.0,0.0,0,0,2.3333333333333335,2.0,1.2727272727272727
2020-12-12,Chelsea,Everton,0,1,H,9,10,4,3,10,11,6,6,3,,0,,2020,A,2.0,0.0,0,0.0,0.0,0.0,0,3,1.3333333333333333,1.8333333333333333,1.6666666666666667
2020-12-15,Chelsea,Wolverhampton Wanderers,1,2,H,12,13,4,3,12,12,5,6,2,,0,,2020,A,2.0,0.0,0,0.0,0.0,0.0,0,2,1.0,1.6923076923076923,1.5384615384615385
2020-12-21,Chelsea,West Ham United,3,0,H,11,6,7,0,11,6,5,4,0,0.0,0,0.0,2020,H,,,3,0.0,0.0,0.0,1,0,1.0,1.7857142857142858,1.5
2020-12-26,Chelsea,Arsenal,1,3,H,15,19,7,3,13,10,7,9,1,,0,,2020,A,2.0,0.0,0,0.0,0.0,0.0,0,1,1.0,1.6666666666666667,1.1333333333333333
2020-12-28,Chelsea,Aston Villa,1,1,D,16,10,5,2,16,3,11,4,3,1.0,0,0.0,2020,H,,,1,0.0,0.0,0.0,0,3,1.3333333333333333,1.625,1.8571428571428572
2021-01-03,Chelsea,Manchester City,1,3,A,9,18,2,6,11,10,5,3,3,1.0,0,0.0,2021,H,,,0,0.0,0.0,0.0,0,3,0.3333333333333333,1.5294117647058822,1.9333333333333333
2021-01-16,Chelsea,Fulham,1,0,A,10,21,3,6,11,10,1,12,3,,0,,2021,A,2.0,1.0,3,0.0,0.0,0.0,1,3,1.3333333333333333,1.6111111111111112,0.7058823529411765
2021-01-19,Chelsea,Leicester City,0,2,H,8,9,6,5,7,16,6,3,3,,0,,2021,A,1.0,0.0,0,0.0,0.0,0.0,0,3,1.0,1.5263157894736843,2.0
2021-01-27,Chelsea,Wolverhampton Wanderers,0,0,D,14,4,5,0,14,7,13,1,1,1.0,0,0.0,2021,H,,,1,0.0,0.0,0.0,1,1,1.3333333333333333,1.5,1.15
2021-01-31,Chelsea,Burnley,2,0,H,19,1,8,0,7,9,4,2,0,1.0,0,0.0,2021,H,,,3,0.0,0.0,0.0,1,0,1.3333333333333333,1.5714285714285714,1.1
2021-02-04,Chelsea,Tottenham Hotspur,1,0,A,7,18,2,2,20,14,2,7,3,,0,,2021,A,2.0,0.0,3,0.0,0.0,0.0,1,3,2.3333333333333335,1.6363636363636365,1.5714285714285714
2021-02-07,Chelsea,Sheffield United,2,1,A,8,9,3,3,8,8,1,8,0,,0,,2021,A,1.0,0.0,3,0.0,0.0,0.0,0,0,3.0,1.6956521739130435,0.4782608695652174
2021-02-15,Chelsea,Newcastle United,2,0,H,18,10,5,4,9,13,10,5,0,0.0,0,0.0,2021,H,,,3,0.0,0.0,0.0,1,0,3.0,1.75,1.0416666666666667
2021-02-20,Chelsea,Southampton,1,1,D,4,9,1,3,10,10,3,6,1,,0,,2021,A,1.0,0.0,1,0.0,0.0,0.0,0,1,2.3333333333333335,1.72,1.25
2021-02-28,Chelsea,Manchester United,0,0,D,18,11,6,4,11,12,3,4,1,2.0,0,0.0,2021,H,,,1,0.0,0.0,0.0,1,1,1.6666666666666667,1.6923076923076923,1.9230769230769231
2021-03-04,Chelsea,Liverpool,1,0,A,7,11,1,5,9,8,5,2,0,,0,,2021,A,0.0,0.0,3,0.0,0.0,0.0,1,0,1.6666666666666667,1.7407407407407407,1.5925925925925926
2021-03-08,Chelsea,Everton,2,0,H,19,7,9,1,11,12,7,3,0,3.0,0,0.0,2021,H,,,3,0.0,0.0,0.0,1,0,2.3333333333333335,1.7857142857142858,1.7037037037037037
2021-03-13,Chelsea,Leeds United,0,0,D,7,15,4,8,16,6,8,5,0,,0,,2021,A,3.0,0.0,1,0.0,0.0,0.0,1,0,2.3333333333333335,1.7586206896551724,1.2857142857142858
2021-04-03,Chelsea,West Brom,2,5,A,18,14,8,7,11,6,10,3,1,1.0,1,0.0,2021,H,,,0,0.0,0.0,0.0,0,3,1.3333333333333333,1.7,0.7
2021-04-10,Chelsea,Crystal Palace,4,1,A,1,23,1,10,7,12,0,8,0,,0,,2021,A,1.0,0.0,3,0.0,0.0,0.0,0,0,1.3333333333333333,1.7419354838709677,1.2258064516129032
2021-04-20,Chelsea,Brighton and Hove Albion,0,0,D,7,11,4,2,8,9,0,3,2,0.0,0,1.0,2021,H,,,1,0.0,0.0,0.0,1,2,1.3333333333333333,1.71875,1.0625
2021-04-24,Chelsea,West Ham United,1,0,A,9,17,2,6,9,11,4,2,4,,0,,2021,A,0.0,1.0,3,0.0,0.0,0.0,1,4,2.3333333333333335,1.7575757575757576,1.6666666666666667
2021-05-01,Chelsea,Fulham,2,0,H,9,10,5,3,15,8,1,8,1,1.0,0,0.0,2021,H,,,3,0.0,0.0,0.0,1,1,2.3333333333333335,1.7941176470588236,0.7941176470588235
2021-05-08,Chelsea,Manchester City,2,1,A,16,12,4,5,12,10,6,2,0,,0,,2021,A,2.0,0.0,3,0.0,0.0,0.0,0,0,3.0,1.8285714285714285,2.2857142857142856
2021-05-12,Chelsea,Arsenal,0,1,A,19,5,5,2,7,6,9,1,0,1.0,0,0.0,2021,H,,,0,0.0,0.0,0.0,0,0,2.0,1.7777777777777777,1.5277777777777777
2021-05-18,Chelsea,Leicester City,2,1,H,17,7,6,3,15,16,6,5,2,4.0,0,0.0,2021,H,,,3,0.0,0.0,0.0,0,2,2.0,1.8108108108108107,1.7837837837837838
2021-05-23,Chelsea,Aston Villa,1,2,H,6,23,3,7,11,12,2,9,3,,1,,2021,A,3.0,0.0,0,0.0,0.0,0.0,0,5,1.0,1.763157894736842,1.4473684210526316
2021-08-14,Chelsea,Crystal Palace,3,0,H,13,4,6,1,15,11,5,2,0,0.0,0,0.0,2021,H,,,3,0.0,0.0,0.0,1,0,2.0,1.794871794871795,1.1282051282051282
2021-08-22,Chelsea,Arsenal,2,0,A,6,22,3,5,10,4,9,8,0,,0,,2021,A,3.0,0.0,3,0.0,0.0,0.0,1,0,2.0,1.825,1.525
2021-08-28,Chelsea,Liverpool,1,1,D,24,6,7,3,13,4,12,3,2,,1,,2021,A,0.0,0.0,1,0.0,0.0,0.0,0,4,2.3333333333333335,1.8048780487804879,1.853658536585366
2021-09-11,Chelsea,Aston Villa,3,0,H,12,18,4,6,11,11,4,11,1,4.0,0,0.0,2021,H,,,3,0.0,0.0,0.0,1,1,2.3333333333333335,1.8333333333333333,1.4047619047619047
2021-09-19,Chelsea,Tottenham Hotspur,3,0,A,8,20,2,10,4,15,5,11,1,,0,,2021,A,0.0,0.0,3,0.0,0.0,0.0,1,1,2.3333333333333335,1.8604651162790697,1.6511627906976745
2021-09-25,Chelsea,Manchester City,0,1,A,5,15,0,4,12,10,4,13,3,2.0,0,0.0,2021,H,,,0,0.0,0.0,0.0,0,3,2.0,1.8181818181818181,2.25
2021-10-02,Chelsea,Southampton,3,1,H,20,6,9,2,11,13,7,2,1,3.0,0,1.0,2021,H,,,3,0.0,0.0,0.0,0,1,2.0,1.8444444444444446,1.0444444444444445
2021-10-16,Chelsea,Brentford,1,0,A,17,5,7,1,13,8,5,5,1,,0,,2021,A,1.0,0.0,3,0.0,0.0,0.0,1,1,2.0,1.8695652173913044,1.5
2021-10-23,Chelsea,Norwich City,7,0,H,23,3,13,1,14,16,5,0,0,2.0,0,1.0,2021,H,,,3,0.0,0.0,0.0,1,0,3.0,1.8936170212765957,0.2222222222222222
2021-10-30,Chelsea,Newcastle United,3,0,A,6,19,1,6,14,12,0,2,2,,0,,2021,A,3.0,0.0,3,0.0,0.0,0.0,1,2,3.0,1.9166666666666667,1.0208333333333333
2021-11-06,Chelsea,Burnley,1,1,D,25,5,4,2,6,9,14,2,1,4.0,0,0.0,2021,H,,,1,0.0,0.0,0.0,0,1,2.3333333333333335,1.8979591836734695,0.9591836734693877
2021-11-20,Chelsea,Leicester City,3,0,A,4,16,3,7,15,8,3,5,1,,0,,2021,A,3.0,0.0,3,0.0,0.0,0.0,1,1,2.3333333333333335,1.92,1.62
2021-11-28,Chelsea,Manchester United,1,1,D,24,3,6,2,13,14,15,2,2,5.0,0,0.0,2021,H,,,1,0.0,0.0,0.0,0,2,1.6666666666666667,1.9019607843137254,1.803921568627451
2021-12-01,Chelsea,Watford,2,1,A,13,8,6,4,18,16,6,0,3,,0,,2021,A,4.0,0.0,3,0.0,0.0,0.0,0,3,2.3333333333333335,1.9230769230769231,0.9285714285714286
2021-12-04,Chelsea,West Ham United,2,3,H,11,19,5,7,10,10,1,9,3,,0,,2021,A,1.0,0.0,0,0.0,0.0,0.0,0,3,1.3333333333333333,1.8867924528301887,1.7358490566037736
2021-12-11,Chelsea,Leeds United,3,2,H,16,12,6,5,9,15,5,2,2,5.0,0,0.0,2021,H,,,3,0.0,0.0,0.0,0,2,2.0,1.9074074074074074,1.3888888888888888
2021-12-16,Chelsea,Everton,1,1,D,23,5,10,3,11,11,7,1,2,3.0,0,0.0,2021,H,,,1,0.0,0.0,0.0,0,2,1.3333333333333333,1.8909090909090909,1.4181818181818182
2021-12-19,Chelsea,Wolverhampton Wanderers,0,0,D,4,8,1,1,9,7,4,9,2,,0,,2021,A,0.0,0.0,1,0.0,0.0,0.0,1,2,1.6666666666666667,1.875,1.25
2021-12-26,Chelsea,Aston Villa,3,1,A,8,10,1,4,8,11,2,5,1,,0,,2021,A,3.0,0.0,3,0.0,0.0,0.0,0,1,1.6666666666666667,1.894736842105263,1.375
2021-12-29,Chelsea,Brighton and Hove Albion,1,1,D,11,18,5,6,14,7,10,8,4,1.0,0,0.0,2021,H,,,1,0.0,0.0,0.0,0,4,1.6666666666666667,1.8793103448275863,1.1607142857142858
2022-01-02,Chelsea,Liverpool,2,2,D,15,10,6,6,5,13,6,7,1,2.0,0,0.0,2022,H,,,1,0.0,0.0,0.0,0,1,1.6666666666666667,1.8644067796610169,1.9137931034482758
2022-01-15,Chelsea,Manchester City,0,1,H,11,4,6,1,11,6,9,1,2,,0,,2022,A,0.0,0.0,0,0.0,0.0,0.0,0,2,0.6666666666666666,1.8333333333333333,2.3666666666666667
2022-01-18,Chelsea,Brighton and Hove Albion,1,1,D,10,15,2,3,8,5,5,7,2,,0,,2022,A,1.0,0.0,1,0.0,0.0,0.0,0,2,0.6666666666666666,1.819672131147541,1.1864406779661016
2022-01-23,Chelsea,Tottenham Hotspur,2,0,H,15,6,7,3,17,14,10,3,2,1.0,0,0.0,2022,H,,,3,0.0,0.0,0.0,1,2,1.3333333333333333,1.8387096774193548,1.6896551724137931
2022-02-19,Chelsea,Crystal Palace,1,0,A,7,9,0,3,4,20,4,4,3,,0,,2022,A,1.0,0.0,3,0.0,0.0,0.0,1,3,2.3333333333333335,1.8571428571428572,1.1111111111111112
2022-03-05,Chelsea,Burnley,4,0,A,6,11,1,5,12,7,5,2,0,,0,,2022,A,2.0,0.0,3,0.0,0.0,0.0,1,0,3.0,1.875,0.9375
2022-03-10,Chelsea,Norwich City,3,1,A,9,15,3,7,8,15,3,8,2,,0,,2022,A,0.0,0.0,3,0.0,0.0,0.0,0,2,3.0,1.8923076923076922,0.6071428571428571
2022-03-13,Chelsea,Newcastle United,1,0,H,8,7,3,2,17,16,7,2,4,3.0,0,0.0,2022,H,,,3,0.0,0.0,0.0,1,4,3.0,1.9090909090909092,1.1515151515151516
2022-04-02,Chelsea,Brentford,1,4,A,21,17,8,6,11,7,12,7,0,0.0,0,0.0,2022,H,,,0,0.0,0.0,0.0,0,0,2.0,1.8805970149253732,1.064516129032258
2022-04-09,Chelsea,Southampton,6,0,A,4,24,1,14,11,10,3,3,0,,0,,2022,A,1.0,0.0,3,0.0,0.0,0.0,1,0,2.0,1.8970588235294117,1.144927536231884
2022-04-20,Chelsea,Arsenal,2,4,A,11,14,2,4,7,6,6,1,3,1.0,0,0.0,2022,H,,,0,0.0,0.0,0.0,0,3,1.0,1.8695652173913044,1.6857142857142857
2022-04-24,Chelsea,West Ham United,1,0,H,26,6,5,2,11,9,3,1,1,0.0,0,1.0,2022,H,,,3,0.0,0.0,0.0,1,1,2.0,1.8857142857142857,1.625
2022-04-28,Chelsea,Manchester United,1,1,D,6,21,3,6,9,12,2,9,1,,0,,2022,A,0.0,0.0,1,0.0,0.0,0.0,0,1,1.3333333333333333,1.8732394366197183,1.7671232876712328
2022-05-01,Chelsea,Everton,0,1,H,9,17,4,5,9,12,3,8,5,,0,,2022,A,3.0,0.0,0,0.0,0.0,0.0,0,5,1.3333333333333333,1.8472222222222223,1.2816901408450705
2022-05-07,Chelsea,Wolverhampton Wanderers,2,2,D,19,14,6,4,7,11,9,3,1,3.0,0,0.0,2022,H,,,1,0.0,0.0,0.0,0,1,0.6666666666666666,1.8356164383561644,1.3013698630136987
2022-05-11,Chelsea,Leeds United,3,0,A,5,17,0,4,10,14,1,5,0,,0,,2022,A,1.0,1.0,3,0.0,0.0,0.0,1,0,1.3333333333333333,1.8513513513513513,1.2567567567567568
2022-05-19,Chelsea,Leicester City,1,1,D,20,2,7,1,13,7,6,0,4,1.0,0,0.0,2022,H,,,1,0.0,0.0,0.0,0,4,1.6666666666666667,1.84,1.5333333333333334
2022-05-22,Chelsea,Watford,2,1,H,19,8,8,3,9,9,3,3,0,0.0,0,0.0,2022,H,,,3,0.0,0.0,0.0,0,0,2.3333333333333335,1.855263157894737,0.6052631578947368
2022-08-06,Chelsea,Everton,1,0,A,8,15,4,6,14,11,4,16,2,,0,,2022,A,3.0,0.0,3,0.0,0.0,0.0,1,2,2.3333333333333335,1.87012987012987,1.2727272727272727
2022-08-14,Chelsea,Tottenham Hotspur,2,2,D,16,10,3,5,9,9,8,5,3,0.0,0,0.0,2022,H,,,1,0.0,0.0,0.0,0,3,2.3333333333333335,1.858974358974359,1.7564102564102564
2022-08-21,Chelsea,Leeds United,0,3,H,12,14,6,3,16,15,4,6,1,,1,,2022,A,0.0,0.0,0,0.0,0.0,0.0,0,3,1.3333333333333333,1.8354430379746836,1.3164556962025316
2022-08-27,Chelsea,Leicester City,2,1,H,7,17,3,5,10,7,3,11,1,2.0,1,0.0,2022,H,,,3,0.0,0.0,0.0,0,3,1.3333333333333333,1.85,1.4875
2022-08-30,Chelsea,Southampton,1,2,H,9,10,7,4,15,10,5,3,1,,0,,2022,A,2.0,0.0,0,0.0,0.0,0.0,0,1,1.0,1.8271604938271604,1.1111111111111112
2022-09-03,Chelsea,West Ham United,2,1,H,8,6,3,3,6,11,10,3,4,2.0,0,0.0,2022,H,,,3,0.0,0.0,0.0,0,4,2.0,1.8414634146341464,1.524390243902439
2022-10-01,Chelsea,Crystal Palace,2,1,A,7,13,3,3,11,13,5,2,3,,0,,2022,A,1.0,0.0,3,0.0,0.0,0.0,0,3,2.0,1.855421686746988,1.180722891566265
2022-10-08,Chelsea,Wolverhampton Wanderers,3,0,H,20,8,7,2,8,8,4,2,2,0.0,0,0.0,2022,H,,,3,0.0,0.0,0.0,1,2,3.0,1.869047619047619,1.2
2022-10-16,Chelsea,Aston Villa,2,0,A,18,8,7,4,12,11,7,1,3,,0,,2022,A,0.0,0.0,3,0.0,0.0,0.0,1,3,3.0,1.8823529411764706,1.2674418604651163
2022-10-19,Chelsea,Brentford,0,0,D,8,14,5,5,7,7,6,2,0,,0,,2022,A,0.0,0.0,1,0.0,0.0,0.0,1,0,2.3333333333333335,1.872093023255814,1.2244897959183674
2022-10-22,Chelsea,Manchester United,1,1,D,6,13,2,6,8,10,6,4,1,4.0,0,0.0,2022,H,,,1,0.0,0.0,0.0,0,1,1.6666666666666667,1.8620689655172413,1.7471264367816093
2022-10-29,Chelsea,Brighton and Hove Albion,1,4,H,19,15,9,7,16,6,8,7,2,,0,,2022,A,1.0,0.0,0,0.0,0.0,0.0,0,2,0.6666666666666666,1.8409090909090908,1.25
2022-11-06,Chelsea,Arsenal,0,1,A,5,14,1,2,20,13,4,6,5,2.0,0,0.0,2022,H,,,0,0.0,0.0,0.0,0,5,0.3333333333333333,1.8202247191011236,1.8426966292134832
2022-11-12,Chelsea,Newcastle United,0,1,H,10,5,3,2,14,11,5,3,2,,0,,2022,A,3.0,0.0,0,0.0,0.0,0.0,0,2,0.0,1.8,1.3626373626373627
2022-12-27,Chelsea,Bournemouth,2,0,H,15,9,5,4,8,10,6,8,0,0.0,0,0.0,2022,H,,,3,0.0,0.0,0.0,1,0,1.0,1.8131868131868132,1.0
2023-01-01,Chelsea,Nottingham Forest,1,1,D,12,7,5,2,16,14,1,2,2,,0,,2023,A,2.0,0.0,1,0.0,0.0,0.0,0,2,1.3333333333333333,1.8043478260869565,0.8235294117647058
2023-01-05,Chelsea,Manchester City,0,1,A,8,12,2,3,9,9,3,2,2,0.0,0,0.0,2023,H,,,0,0.0,0.0,0.0,0,2,1.3333333333333333,1.7849462365591398,2.3440860215053765
2023-01-12,Chelsea,Fulham,1,2,H,8,20,3,10,12,16,5,7,3,,1,,2023,A,4.0,0.0,0,0.0,0.0,0.0,0,5,0.3333333333333333,1.7659574468085106,1.0350877192982457
2023-01-15,Chelsea,Crystal Palace,1,0,H,15,10,5,5,10,17,11,7,2,5.0,0,0.0,2023,H,,,3,0.0,0.0,0.0,1,2,1.0,1.7789473684210526,1.2127659574468086
2023-01-21,Chelsea,Liverpool,0,0,D,15,11,3,2,16,9,5,5,1,,0,,2023,A,3.0,0.0,1,0.0,0.0,0.0,1,1,1.3333333333333333,1.7708333333333333,2.0
2023-02-03,Chelsea,Fulham,0,0,D,12,10,3,4,16,12,6,2,1,4.0,0,0.0,2023,H,,,1,0.0,0.0,0.0,1,1,1.6666666666666667,1.7628865979381443,1.0
2023-02-11,Chelsea,West Ham United,1,1,D,10,12,2,4,9,11,5,6,1,,0,,2023,A,1.0,0.0,1,0.0,0.0,0.0,0,1,1.0,1.7551020408163265,1.4387755102040816
2023-02-18,Chelsea,Southampton,0,1,A,17,8,5,5,16,24,8,2,3,6.0,0,0.0,2023,H,,,0,0.0,0.0,0.0,0,3,0.6666666666666666,1.7373737373737375,1.02020202020202
2023-02-26,Chelsea,Tottenham Hotspur,0,2,H,8,10,3,2,10,10,4,4,3,,0,,2023,A,2.0,0.0,0,0.0,0.0,0.0,0,3,0.3333333333333333,1.72,1.7623762376237624
2023-03-04,Chelsea,Leeds United,1,0,H,13,11,3,2,10,7,5,7,2,0.0,0,0.0,2023,H,,,3,0.0,0.0,0.0,1,2,1.0,1.7326732673267327,1.1782178217821782
2023-03-11,Chelsea,Leicester City,3,1,A,17,12,7,6,10,11,2,5,2,,0,,2023,A,1.0,1.0,3,0.0,0.0,0.0,0,2,2.0,1.7450980392156863,1.392156862745098
2023-03-18,Chelsea,Everton,2,2,D,20,12,7,3,8,12,8,2,2,2.0,0,0.0,2023,H,,,1,0.0,0.0,0.0,0,2,2.3333333333333335,1.7378640776699028,1.1923076923076923
2023-04-01,Chelsea,Aston Villa,0,2,A,27,5,8,2,14,16,13,2,3,3.0,0,0.0,2023,H,,,0,0.0,0.0,0.0,0,3,1.3333333333333333,1.7211538461538463,1.3557692307692308
2023-04-04,Chelsea,Liverpool,0,0,D,12,7,3,4,6,17,3,5,1,4.0,0,0.0,2023,H,,,1,0.0,0.0,0.0,1,1,0.6666666666666666,1.7142857142857142,1.9615384615384615
2023-04-08,Chelsea,Wolverhampton Wanderers,0,1,H,9,13,4,1,14,10,8,8,5,,0,,2023,A,2.0,0.0,0,0.0,0.0,0.0,0,5,0.3333333333333333,1.6981132075471699,1.1981132075471699
2023-04-15,Chelsea,Brighton and Hove Albion,1,2,A,8,26,2,10,11,11,2,8,2,2.0,0,0.0,2023,H,,,0,0.0,0.0,0.0,0,2,0.3333333333333333,1.6822429906542056,1.3428571428571427
2023-04-26,Chelsea,Brentford,0,2,A,15,7,4,1,5,13,5,2,1,2.0,0,0.0,2023,H,,,0,0.0,0.0,0.0,0,1,0.0,1.6666666666666667,1.3098591549295775
2023-05-02,Chelsea,Arsenal,1,3,H,16,7,10,4,10,10,7,2,2,,0,,2023,A,0.0,0.0,0,0.0,0.0,0.0,0,2,0.0,1.651376146788991,1.8909090909090909
2023-05-06,Chelsea,Bournemouth,3,1,A,10,11,4,5,9,11,7,7,3,,0,,2023,A,1.0,0.0,3,0.0,0.0,0.0,0,3,1.0,1.6636363636363636,1.1142857142857143
2023-05-13,Chelsea,Nottingham Forest,2,2,D,14,11,6,2,13,15,2,5,3,1.0,0,0.0,2023,H,,,1,0.0,0.0,0.0,0,3,1.3333333333333333,1.6576576576576576,0.9444444444444444
2023-05-21,Chelsea,Manchester City,0,1,H,15,13,2,6,12,9,5,2,2,,0,,2023,A,0.0,0.0,0,0.0,0.0,0.0,0,2,1.3333333333333333,1.6428571428571428,2.3839285714285716
2023-05-25,Chelsea,Manchester United,1,4,H,18,14,9,5,12,6,3,4,1,,0,,2023,A,1.0,0.0,0,0.0,0.0,0.0,0,1,0.3333333333333333,1.6283185840707965,1.8053097345132743
2023-05-28,Chelsea,Newcastle United,1,1,D,22,13,5,4,9,11,10,3,0,0.0,0,0.0,2023,H,,,1,0.0,0.0,0.0,0,0,0.3333333333333333,1.6228070175438596,1.4473684210526316
2023-08-13,Chelsea,Liverpool,1,1,D,10,13,4,1,5,12,4,4,3,3.0,0,0.0,2023,H,,,1,0.0,0.0,0.0,0,3,0.6666666666666666,1.617391304347826,1.991304347826087
2023-08-20,Chelsea,West Ham United,1,3,H,12,17,6,4,12,9,3,9,3,,0,,2023,A,2.0,1.0,0,0.0,0.0,0.0,0,3,0.6666666666666666,1.603448275862069,1.4224137931034482
2023-08-25,Chelsea,Luton Town,3,0,H,19,11,8,1,15,12,6,4,2,3.0,0,0.0,2023,H,,,3,0.0,0.0,0.0,1,2,1.3333333333333333,1.6153846153846154,0.0
2023-09-02,Chelsea,Nottingham Forest,0,1,A,21,7,2,3,10,9,8,0,3,4.0,0,0.0,2023,H,,,0,0.0,0.0,0.0,0,3,1.0,1.6016949152542372,1.0476190476190477
2023-09-17,Chelsea,Bournemouth,0,0,D,13,14,4,6,15,20,1,7,5,,0,,2023,A,1.0,0.0,1,0.0,0.0,0.0,1,5,1.3333333333333333,1.596638655462185,0.9767441860465116
2023-09-24,Chelsea,Aston Villa,0,1,A,10,15,4,7,9,11,5,11,2,3.0,0,0.0,2023,H,,,0,0.0,0.0,0.0,0,2,0.3333333333333333,1.5833333333333333,1.4416666666666667
2023-10-02,Chelsea,Fulham,2,0,A,10,11,3,4,15,12,8,1,4,,0,,2023,A,1.0,0.0,3,0.0,0.0,0.0,1,4,1.3333333333333333,1.5950413223140496,1.0602409638554218
2023-10-07,Chelsea,Burnley,4,1,A,10,9,3,5,11,8,7,3,4,,0,,2023,A,2.0,0.0,3,0.0,0.0,0.0,0,4,2.0,1.6065573770491803,0.9285714285714286
2023-10-21,Chelsea,Arsenal,2,2,D,11,13,5,3,7,14,2,7,3,3.0,0,0.0,2023,H,,,1,0.0,0.0,0.0,0,3,2.3333333333333335,1.6016260162601625,1.910569105691057
2023-10-28,Chelsea,Brentford,0,2,A,17,7,2,5,12,7,10,1,1,4.0,0,0.0,2023,H,,,0,0.0,0.0,0.0,0,1,1.3333333333333333,1.5887096774193548,1.372093023255814
2023-11-06,Chelsea,Tottenham Hotspur,4,1,A,8,17,5,8,12,21,1,6,5,,0,,2023,A,1.0,2.0,3,0.0,0.0,0.0,0,5,1.3333333333333333,1.6,1.752
2023-11-12,Chelsea,Manchester City,4,4,D,17,15,9,10,12,15,3,3,5,3.0,0,0.0,2023,H,,,1,0.0,0.0,0.0,0,5,1.3333333333333333,1.5952380952380953,2.3492063492063493
2023-11-25,Chelsea,Newcastle United,1,4,H,14,7,5,4,13,19,4,2,4,,1,,2023,A,4.0,0.0,0,0.0,0.0,0.0,0,6,1.3333333333333333,1.5826771653543308,1.4803149606299213
2023-12-03,Chelsea,Brighton and Hove Albion,3,2,H,8,18,5,9,16,12,5,8,3,5.0,1,0.0,2023,H,,,3,0.0,0.0,0.0,0,5,1.3333333333333333,1.59375,1.375
2023-12-06,Chelsea,Manchester United,1,2,H,28,13,9,3,12,12,12,4,0,,0,,2023,A,4.0,0.0,0,0.0,0.0,0.0,0,0,1.0,1.5813953488372092,1.813953488372093
2023-12-10,Chelsea,Everton,0,2,H,9,16,5,4,12,12,4,8,2,,0,,2023,A,2.0,0.0,0,0.0,0.0,0.0,0,2,1.0,1.5692307692307692,1.2076923076923076
2023-12-16,Chelsea,Sheffield United,2,0,H,15,6,6,1,9,14,7,6,1,3.0,0,0.0,2023,H,,,3,0.0,0.0,0.0,1,1,1.0,1.5801526717557253,0.5636363636363636
2023-12-24,Chelsea,Wolverhampton Wanderers,1,2,H,14,16,6,5,11,9,10,6,5,,0,,2023,A,3.0,0.0,0,0.0,0.0,0.0,0,5,1.0,1.5681818181818181,1.2045454545454546
2023-12-27,Chelsea,Crystal Palace,2,1,H,9,13,4,5,13,16,4,3,3,2.0,0,0.0,2023,H,,,3,0.0,0.0,0.0,0,3,2.0,1.5789473684210527,1.1654135338345866
2023-12-30,Chelsea,Luton Town,3,2,A,15,12,6,8,14,21,7,2,2,,0,,2023,A,2.0,0.0,3,0.0,0.0,0.0,0,2,2.0,1.5895522388059702,0.7894736842105263
2024-01-13,Chelsea,Fulham,1,0,H,17,14,3,4,13,9,6,4,5,1.0,0,0.0,2024,H,,,3,0.0,0.0,0.0,1,5,3.0,1.6,1.0721649484536082
2024-01-31,Chelsea,Liverpool,1,4,H,28,4,13,3,15,16,8,1,4,,0,,2024,A,2.0,0.0,0,0.0,0.0,0.0,0,4,2.0,1.588235294117647,2.051470588235294
2024-02-04,Chelsea,Wolverhampton Wanderers,2,4,A,15,14,6,7,15,11,10,1,3,2.0,0,0.0,2024,H,,,0,0.0,0.0,0.0,0,3,1.0,1.5766423357664234,1.2335766423357664
2024-02-12,Chelsea,Crystal Palace,3,1,A,13,14,4,5,14,7,1,7,2,,0,,2024,A,2.0,0.0,3,0.0,0.0,0.0,0,2,1.0,1.5869565217391304,1.1666666666666667
2024-02-17,Chelsea,Manchester City,1,1,D,31,9,5,6,7,12,12,1,3,,0,,2024,A,1.0,0.0,1,0.0,0.0,0.0,0,3,1.3333333333333333,1.5827338129496402,2.3260869565217392
2024-03-02,Chelsea,Brentford,2,2,D,14,17,5,6,10,9,0,6,1,,0,,2024,A,3.0,0.0,1,0.0,0.0,0.0,0,1,1.6666666666666667,1.5785714285714285,1.2718446601941749
2024-03-11,Chelsea,Newcastle United,3,2,H,12,11,8,3,12,7,0,4,3,1.0,0,0.0,2024,H,,,3,0.0,0.0,0.0,0,3,1.6666666666666667,1.5886524822695036,1.443661971830986
2024-03-30,Chelsea,Burnley,2,2,D,33,18,13,7,12,7,12,4,2,2.0,0,1.0,2024,H,,,1,0.0,0.0,0.0,0,2,1.6666666666666667,1.5845070422535212,0.8679245283018868
2024-04-04,Chelsea,Manchester United,4,3,H,28,19,10,5,7,15,12,3,3,0.0,0,0.0,2024,H,,,3,0.0,0.0,0.0,0,3,2.3333333333333335,1.5944055944055944,1.7708333333333333
2024-04-07,Chelsea,Sheffield United,2,2,D,11,6,6,3,12,10,7,6,2,,0,,2024,A,4.0,0.0,1,0.0,0.0,0.0,0,2,1.6666666666666667,1.5902777777777777,0.5652173913043478
2024-04-15,Chelsea,Everton,6,0,H,14,10,10,2,5,21,4,8,1,4.0,0,0.0,2024,H,,,3,0.0,0.0,0.0,1,1,2.3333333333333335,1.6,1.1575342465753424
2024-04-23,Chelsea,Arsenal,0,5,H,27,7,10,1,12,11,4,2,2,,0,,2024,A,2.0,0.0,0,0.0,0.0,0.0,0,2,1.3333333333333333,1.5890410958904109,1.9662162162162162
2024-04-27,Chelsea,Aston Villa,2,2,D,9,21,4,5,13,14,2,4,5,,0,,2024,A,3.0,0.0,1,0.0,0.0,0.0,0,5,1.3333333333333333,1.5850340136054422,1.5302013422818792
2024-05-02,Chelsea,Tottenham Hotspur,2,0,H,16,19,5,3,12,16,4,9,0,1.0,0,0.0,2024,H,,,3,0.0,0.0,0.0,1,0,1.3333333333333333,1.5945945945945945,1.7094594594594594
2024-05-05,Chelsea,West Ham United,5,0,H,25,13,14,2,12,10,8,6,1,3.0,0,0.0,2024,H,,,3,0.0,0.0,0.0,1,1,2.3333333333333335,1.604026845637584,1.4
2024-05-11,Chelsea,Nottingham Forest,3,2,A,20,12,4,5,14,8,5,6,3,,0,,2024,A,2.0,0.0,3,0.0,0.0,0.0,0,3,3.0,1.6133333333333333,0.9466666666666667
2024-05-15,Chelsea,Brighton and Hove Albion,2,1,A,12,13,2,6,13,14,4,6,2,,1,,2024,A,2.0,0.0,3,0.0,0.0,0.0,0,4,3.0,1.6225165562913908,1.3377483443708609
2024-05-19,Chelsea,Bournemouth,2,1,H,16,22,6,5,5,9,6,5,2,3.0,0,0.0,2024,H,,,3,0.0,0.0,0.0,0,2,3.0,1.631578947368421,1.144736842105263
2024-08-18,Chelsea,Manchester City,0,2,A,10,11,3,5,12,9,4,3,1,1.0,0,0.0,2024,H,,,0,0.0,0.0,0.0,0,1,2.0,1.6209150326797386,2.366013071895425
2024-08-25,Chelsea,Wolverhampton Wanderers,6,2,A,12,14,4,8,13,13,5,5,3,,0,,2024,A,2.0,0.0,3,0.0,0.0,0.0,0,3,2.0,1.62987012987013,1.1883116883116882
2024-09-01,Chelsea,Crystal Palace,1,1,D,13,9,7,3,9,13,4,5,4,2.0,0,0.0,2024,H,,,1,0.0,0.0,0.0,0,4,1.3333333333333333,1.6258064516129032,1.206451612903226
2024-09-14,Chelsea,Bournemouth,1,0,A,19,10,7,3,16,9,6,3,8,,0,,2024,A,6.0,0.0,3,0.0,0.0,0.0,1,8,2.3333333333333335,1.6346153846153846,1.15
2024-09-21,Chelsea,West Ham United,3,0,A,15,12,7,5,17,9,6,5,2,,0,,2024,A,5.0,0.0,3,0.0,0.0,0.0,1,2,2.3333333333333335,1.643312101910828,1.3821656050955413
2024-09-28,Chelsea,Brighton and Hove Albion,4,2,H,15,15,7,5,11,8,8,2,3,2.0,0,0.0,2024,H,,,3,0.0,0.0,0.0,0,3,3.0,1.6518987341772151,1.3354430379746836
2024-10-06,Chelsea,Nottingham Forest,1,1,D,22,16,8,9,12,11,11,3,6,2.0,0,1.0,2024,H,,,1,0.0,0.0,0.0,0,6,2.3333333333333335,1.6477987421383649,1.0120481927710843
2024-10-20,Chelsea,Liverpool,1,2,H,9,12,5,2,12,13,1,6,3,,0,,2024,A,4.0,0.0,0,0.0,0.0,0.0,0,3,1.3333333333333333,1.6375,2.06875
2024-10-27,Chelsea,Newcastle United,2,1,H,17,11,7,3,13,16,7,4,6,3.0,0,0.0,2024,H,,,3,0.0,0.0,0.0,0,6,1.3333333333333333,1.6459627329192548,1.4720496894409938
2024-11-03,Chelsea,Manchester United,1,1,D,11,12,4,3,19,14,4,8,2,,0,,2024,A,6.0,0.0,1,0.0,0.0,0.0,0,2,1.3333333333333333,1.6419753086419753,1.7222222222222223
2024-11-10,Chelsea,Arsenal,1,1,D,17,13,3,3,12,12,4,3,4,2.0,0,0.0,2024,H,,,1,0.0,0.0,0.0,0,4,1.6666666666666667,1.638036809815951,1.9754601226993864
2024-11-23,Chelsea,Leicester City,2,1,A,4,16,1,7,15,12,2,9,3,,0,,2024,A,4.0,0.0,3,0.0,0.0,0.0,0,3,1.6666666666666667,1.646341463414634,1.2857142857142858
2024-12-01,Chelsea,Aston Villa,3,0,H,17,10,8,4,21,6,3,4,2,2.0,0,0.0,2024,H,,,3,0.0,0.0,0.0,1,2,2.3333333333333335,1.6545454545454545,1.503030303030303
2024-12-04,Chelsea,Southampton,5,1,A,6,26,4,13,7,14,5,7,0,,0,,2024,A,1.0,1.0,3,0.0,0.0,0.0,0,0,3.0,1.6626506024096386,0.8828125
2024-12-08,Chelsea,Tottenham Hotspur,4,3,A,13,17,5,8,17,11,5,10,2,,0,,2024,A,2.0,0.0,3,0.0,0.0,0.0,0,2,3.0,1.6706586826347305,1.6706586826347305
2024-12-15,Chelsea,Brentford,2,1,H,26,9,8,4,11,7,8,5,0,2.0,1,0.0,2024,H,,,3,0.0,0.0,0.0,0,2,3.0,1.6785714285714286,1.2846153846153847
2024-12-22,Chelsea,Everton,0,0,D,5,12,4,5,20,12,2,5,1,,0,,2024,A,4.0,0.0,1,0.0,0.0,0.0,1,1,2.3333333333333335,1.6745562130177514,1.1785714285714286
2024-12-26,Chelsea,Fulham,1,2,A,12,14,8,7,13,13,3,1,1,3.0,0,0.0,2024,H,,,0,0.0,0.0,0.0,0,1,1.3333333333333333,1.6647058823529413,1.1742424242424243
2024-12-30,Chelsea,Ipswich Town,0,2,H,9,20,6,5,9,5,4,7,4,,0,,2024,A,4.0,0.0,0,0.0,0.0,0.0,0,4,0.3333333333333333,1.654970760233918,0.7894736842105263
2025-01-04,Chelsea,Crystal Palace,1,1,D,13,15,6,1,9,12,6,6,2,,0,,2025,A,0.0,0.0,1,0.0,0.0,0.0,0,2,0.3333333333333333,1.6511627906976745,1.2034883720930232
2025-01-14,Chelsea,Bournemouth,2,2,D,26,7,10,3,15,16,9,3,2,3.0,0,0.0,2025,H,,,1,0.0,0.0,0.0,0,2,0.6666666666666666,1.6473988439306357,1.2474226804123711
2025-01-20,Chelsea,Wolverhampton Wanderers,3,1,H,19,9,7,4,8,14,3,6,4,2.0,0,0.0,2025,H,,,3,0.0,0.0,0.0,0,4,1.6666666666666667,1.6551724137931034,1.1436781609195403
2025-01-25,Chelsea,Manchester City,1,3,H,15,10,6,4,6,8,2,4,2,,0,,2025,A,3.0,0.0,0,0.0,0.0,0.0,0,2,1.3333333333333333,1.6457142857142857,2.2857142857142856
2025-02-03,Chelsea,West Ham United,2,1,H,22,14,3,5,11,10,4,3,3,1.0,0,0.0,2025,H,,,3,0.0,0.0,0.0,0,3,2.0,1.6534090909090908,1.3636363636363635
2025-02-14,Chelsea,Brighton and Hove Albion,0,3,H,13,8,5,0,12,15,2,9,2,,0,,2025,A,1.0,0.0,0,0.0,0.0,0.0,0,2,1.0,1.6440677966101696,1.3502824858757063
2025-02-22,Chelsea,Aston Villa,1,2,H,12,15,6,7,15,16,2,3,3,,0,,2025,A,1.0,0.0,0,0.0,0.0,0.0,0,3,1.0,1.6348314606741574,1.5139664804469273
2025-02-25,Chelsea,Southampton,4,0,H,19,7,10,2,6,9,4,2,1,2.0,0,0.0,2025,H,,,3,0.0,0.0,0.0,1,1,1.0,1.6424581005586592,0.8297872340425532
2025-03-09,Chelsea,Leicester City,1,0,H,20,3,7,3,12,13,12,2,1,0.0,0,0.0,2025,H,,,3,0.0,0.0,0.0,1,1,2.0,1.65,1.1901408450704225
2025-03-16,Chelsea,Arsenal,0,1,H,12,8,4,2,10,13,5,4,3,,0,,2025,A,3.0,0.0,0,0.0,0.0,0.0,0,3,2.0,1.6408839779005524,1.9944751381215469
2025-04-03,Chelsea,Tottenham Hotspur,1,0,H,11,8,5,2,7,16,4,6,5,5.0,0,0.0,2025,H,,,3,0.0,0.0,0.0,1,5,2.0,1.6483516483516483,1.60989010989011
2025-04-06,Chelsea,Brentford,0,0,D,9,21,2,5,12,12,3,6,3,,0,,2025,A,1.0,0.0,1,0.0,0.0,0.0,1,3,1.3333333333333333,1.644808743169399,1.282758620689655
2025-04-13,Chelsea,Ipswich Town,2,2,D,34,13,9,4,11,7,15,4,2,2.0,0,0.0,2025,H,,,1,0.0,0.0,0.0,0,2,1.6666666666666667,1.641304347826087,0.65625
2025-04-20,Chelsea,Fulham,2,1,A,6,13,1,8,13,9,6,4,3,,0,,2025,A,1.0,0.0,3,0.0,0.0,0.0,0,3,1.6666666666666667,1.6486486486486487,1.1904761904761905
2025-04-26,Chelsea,Everton,1,0,H,10,6,7,3,11,11,10,2,0,0.0,0,0.0,2025,H,,,3,0.0,0.0,0.0,1,0,2.3333333333333335,1.6559139784946237,1.1827956989247312
2025-05-04,Chelsea,Liverpool,3,1,H,17,11,7,2,10,11,3,6,2,2.0,0,0.0,2025,H,,,3,0.0,0.0,0.0,0,2,3.0,1.6631016042780749,2.0962566844919786
2025-05-11,Chelsea,Newcastle United,0,2,H,15,10,6,3,9,13,2,8,2,,1,,2025,A,4.0,0.0,0,0.0,0.0,0.0,0,4,2.0,1.6542553191489362,1.547872340425532
2025-05-16,Chelsea,Manchester United,1,0,H,11,4,3,1,10,14,7,2,1,6.0,0,0.0,2025,H,,,3,0.0,0.0,0.0,1,1,2.0,1.6613756613756614,1.619047619047619
2025-05-25,Chelsea,Nottingham Forest,1,0,A,10,6,2,2,10,11,7,4,2,,0,,2025,A,2.0,0.0,3,0.0,0.0,0.0,1,2,2.0,1.668421052631579,1.219298245614035
2025-08-17,Chelsea,Crystal Palace,0,0,D,19,12,3,4,10,12,11,2,2,3.0,0,0.0,2025,H,,,1,0.0,0.0,0.0,1,2,2.3333333333333335,1.6649214659685865,1.256544502617801
2025-08-22,Chelsea,West Ham United,5,1,A,12,12,4,7,7,10,7,5,1,,0,,2025,A,0.0,0.0,3,0.0,0.0,0.0,0,1,2.3333333333333335,1.671875,1.3333333333333333
2025-08-30,Chelsea,Fulham,2,0,H,13,11,6,3,11,17,6,4,2,2.0,0,0.0,2025,H,,,3,0.0,0.0,0.0,1,2,2.3333333333333335,1.6787564766839378,1.1806451612903226
2025-09-13,Chelsea,Brentford,2,2,D,7,16,4,6,13,9,5,6,2,,0,,2025,A,3.0,0.0,1,0.0,0.0,0.0,0,2,2.3333333333333335,1.675257731958763,1.3076923076923077
2025-09-20,Chelsea,Manchester United,1,2,H,11,5,4,1,13,14,5,5,5,,1,,2025,A,0.0,1.0,0,0.0,0.0,0.0,0,7,1.3333333333333333,1.6666666666666667,1.6205128205128205
2025-09-27,Chelsea,Brighton and Hove Albion,1,3,A,13,12,3,3,9,16,5,7,3,5.0,1,0.0,2025,H,,,0,0.0,0.0,0.0,0,5,0.3333333333333333,1.6581632653061225,1.3826530612244898
2025-10-04,Chelsea,Liverpool,2,1,H,12,12,6,2,9,8,7,2,0,2.0,0,0.0,2025,H,,,3,0.0,0.0,0.0,0,0,1.0,1.6649746192893402,2.0761421319796955
2025-10-18,Chelsea,Nottingham Forest,3,0,A,12,17,2,6,13,16,5,2,2,,1,,2025,A,2.0,0.0,3,0.0,0.0,0.0,1,4,2.0,1.6717171717171717,1.180327868852459
2025-10-25,Chelsea,Sunderland,1,2,A,16,10,7,4,15,13,9,1,1,1.0,0,0.0,2025,H,,,0,0.0,0.0,0.0,0,1,2.0,1.6633165829145728,1.8888888888888888
2025-11-01,Chelsea,Tottenham Hotspur,1,0,A,3,15,1,9,14,12,6,5,2,,0,,2025,A,4.0,0.0,3,0.0,0.0,0.0,1,2,2.0,1.67,1.57
2025-11-08,Chelsea,Wolverhampton Wanderers,3,0,H,20,3,8,0,12,14,10,1,1,2.0,0,0.0,2025,H,,,3,0.0,0.0,0.0,1,1,2.0,1.6766169154228856,1.1293532338308458
2020-09-12,Crystal Palace,Southampton,1,0,H,5,9,3,5,14,11,7,3,2,1.0,0,0.0,2020,H,,,3,0.0,0.0,0.0,1,2,3.0,3.0,0.0
2020-09-19,Crystal Palace,Manchester United,3,1,A,13,14,4,5,13,10,9,3,1,,0,,2020,A,2.0,0.0,3,0.0,0.0,0.0,0,1,3.0,3.0,0.0
2020-09-26,Crystal Palace,Everton,1,2,A,8,10,1,5,16,15,7,6,3,1.0,0,0.0,2020,H,,,0,0.0,0.0,0.0,0,3,2.0,2.0,3.0
2020-10-03,Crystal Palace,Chelsea,0,4,H,17,4,6,0,17,13,8,5,0,,0,,2020,A,2.0,0.0,0,0.0,0.0,0.0,0,0,1.0,1.5,1.75
2020-10-18,Crystal Palace,Brighton and Hove Albion,1,1,D,1,20,1,3,13,12,2,5,3,2.0,0,1.0,2020,H,,,1,0.0,0.0,0.0,0,3,0.3333333333333333,1.4,0.8
2020-10-24,Crystal Palace,Fulham,2,1,A,16,14,3,10,11,11,4,4,1,,0,,2020,A,0.0,1.0,3,0.0,0.0,0.0,0,1,1.3333333333333333,1.6666666666666667,0.16666666666666666
2020-10-30,Crystal Palace,Wolverhampton Wanderers,0,2,H,15,11,5,2,13,4,7,6,2,,1,,2020,A,0.0,0.0,0,0.0,0.0,0.0,0,4,1.3333333333333333,1.4285714285714286,1.8571428571428572
2020-11-07,Crystal Palace,Leeds United,4,1,H,10,9,6,3,9,1,3,6,0,2.0,0,0.0,2020,H,,,3,0.0,0.0,0.0,0,0,2.0,1.625,1.25
2020-11-23,Crystal Palace,Burnley,0,1,H,10,15,4,5,13,9,4,7,0,,0,,2020,A,2.0,0.0,0,0.0,0.0,0.0,0,0,1.0,1.4444444444444444,0.625
2020-11-27,Crystal Palace,Newcastle United,0,2,A,12,14,3,7,9,10,7,3,2,2.0,0,0.0,2020,H,,,0,0.0,0.0,0.0,0,2,1.0,1.3,1.4
2020-12-06,Crystal Palace,West Brom,5,1,A,9,18,4,6,10,16,4,6,2,,0,,2020,A,2.0,1.0,3,0.0,0.0,0.0,0,2,1.0,1.4545454545454546,0.5454545454545454
2020-12-13,Crystal Palace,Tottenham Hotspur,1,1,D,16,14,5,6,15,11,4,7,1,1.0,0,0.0,2020,H,,,1,0.0,0.0,0.0,0,1,1.3333333333333333,1.4166666666666667,2.0833333333333335
2020-12-16,Crystal Palace,West Ham United,1,1,D,9,8,2,2,8,12,5,3,1,,1,,2020,A,0.0,0.0,1,0.0,0.0,0.0,0,3,1.6666666666666667,1.3846153846153846,1.6153846153846154
2020-12-19,Crystal Palace,Liverpool,0,7,A,5,14,3,8,5,11,5,4,1,0.0,0,0.0,2020,H,,,0,0.0,0.0,0.0,0,1,0.6666666666666666,1.2857142857142858,2.2142857142857144
2020-12-26,Crystal Palace,Aston Villa,0,3,H,21,13,10,6,18,16,4,4,4,,0,,2020,A,1.0,1.0,0,0.0,0.0,0.0,0,4,0.3333333333333333,1.2,1.9230769230769231
2020-12-28,Crystal Palace,Leicester City,1,1,D,4,17,1,3,10,7,2,5,0,1.0,0,0.0,2020,H,,,1,0.0,0.0,0.0,0,0,0.3333333333333333,1.1875,1.8125
2021-01-02,Crystal Palace,Sheffield United,2,0,H,9,7,4,2,8,18,3,6,1,3.0,0,0.0,2021,H,,,3,0.0,0.0,0.0,1,1,1.3333333333333333,1.2941176470588236,0.11764705882352941
2021-01-14,Crystal Palace,Arsenal,0,0,D,11,12,4,2,10,11,7,3,1,,0,,2021,A,1.0,0.0,1,0.0,0.0,0.0,1,1,1.6666666666666667,1.2777777777777777,1.3333333333333333
2021-01-17,Crystal Palace,Manchester City,0,4,H,13,2,6,0,9,8,11,1,0,,0,,2021,A,0.0,0.0,0,0.0,0.0,0.0,0,0,1.3333333333333333,1.2105263157894737,2.0588235294117645
2021-01-26,Crystal Palace,West Ham United,2,3,A,6,17,3,7,9,8,3,4,0,0.0,0,0.0,2021,H,,,0,0.0,0.0,0.0,0,0,0.3333333333333333,1.15,1.75
2021-01-30,Crystal Palace,Wolverhampton Wanderers,1,0,H,11,6,2,4,7,10,1,6,1,2.0,0,0.0,2021,H,,,3,0.0,0.0,0.0,1,1,1.0,1.2380952380952381,1.0952380952380953
2021-02-02,Crystal Palace,Newcastle United,2,1,A,21,6,5,3,14,11,9,1,3,,0,,2021,A,1.0,0.0,3,0.0,0.0,0.0,0,3,2.0,1.3181818181818181,1.0
2021-02-08,Crystal Palace,Leeds United,0,2,H,17,8,7,3,7,8,5,3,2,,0,,2021,A,0.0,0.0,0,0.0,0.0,0.0,0,2,2.0,1.2608695652173914,1.4545454545454546
2021-02-13,Crystal Palace,Burnley,0,3,A,13,16,3,4,15,14,7,4,0,0.0,0,0.0,2021,H,,,0,0.0,0.0,0.0,0,0,1.0,1.2083333333333333,1.1304347826086956
2021-02-22,Crystal Palace,Brighton and Hove Albion,2,1,A,25,3,5,2,11,6,13,0,0,,0,,2021,A,2.0,0.0,3,0.0,0.0,0.0,0,0,1.0,1.28,1.04
2021-02-28,Crystal Palace,Fulham,0,0,D,3,16,0,4,10,14,1,3,1,1.0,0,0.0,2021,H,,,1,0.0,0.0,0.0,1,1,1.3333333333333333,1.2692307692307692,0.8846153846153846
2021-03-03,Crystal Palace,Manchester United,0,0,D,8,11,2,1,4,13,4,6,1,0.0,0,0.0,2021,H,,,1,0.0,0.0,0.0,1,1,1.6666666666666667,1.2592592592592593,1.8888888888888888
2021-03-07,Crystal Palace,Tottenham Hotspur,1,4,H,12,5,5,1,8,17,1,5,3,,0,,2021,A,2.0,0.0,0,0.0,0.0,0.0,0,3,0.6666666666666666,1.2142857142857142,1.6666666666666667
2021-03-13,Crystal Palace,West Brom,1,0,H,6,12,4,1,16,15,3,2,3,1.0,0,0.0,2021,H,,,3,0.0,0.0,0.0,1,3,1.3333333333333333,1.2758620689655173,0.6206896551724138
2021-04-05,Crystal Palace,Everton,1,1,D,15,13,7,6,10,10,3,4,0,,0,,2021,A,2.0,0.0,1,0.0,0.0,0.0,0,0,1.3333333333333333,1.2666666666666666,1.6206896551724137
2021-04-10,Crystal Palace,Chelsea,1,4,A,1,23,1,10,7,12,0,8,1,0.0,0,0.0,2021,H,,,0,0.0,0.0,0.0,0,1,1.3333333333333333,1.2258064516129032,1.7419354838709677
2021-04-26,Crystal Palace,Leicester City,1,2,H,13,4,5,2,13,12,7,2,1,,0,,2021,A,0.0,0.0,0,0.0,0.0,0.0,0,1,0.3333333333333333,1.1875,1.878787878787879
2021-05-01,Crystal Palace,Manchester City,0,2,A,9,20,4,3,9,10,2,6,2,0.0,0,0.0,2021,H,,,0,0.0,0.0,0.0,0,2,0.0,1.1515151515151516,2.3529411764705883
2021-05-08,Crystal Palace,Sheffield United,2,0,A,7,21,0,8,11,8,5,11,1,,0,,2021,A,1.0,0.0,3,0.0,0.0,0.0,1,1,1.0,1.2058823529411764,0.4857142857142857
2021-05-11,Crystal Palace,Southampton,1,3,H,13,11,6,4,20,13,12,8,3,,0,,2021,A,2.0,0.0,0,0.0,0.0,0.0,0,3,1.0,1.1714285714285715,1.1428571428571428
2021-05-16,Crystal Palace,Aston Villa,3,2,H,23,19,8,5,23,13,7,7,3,2.0,0,0.0,2021,H,,,3,0.0,0.0,0.0,0,3,2.0,1.2222222222222223,1.3611111111111112
2021-05-19,Crystal Palace,Arsenal,1,3,A,12,6,6,3,7,7,6,7,2,1.0,0,0.0,2021,H,,,0,0.0,0.0,0.0,0,2,1.0,1.1891891891891893,1.5675675675675675
2021-05-23,Crystal Palace,Liverpool,0,2,H,19,5,5,4,10,8,14,1,2,,0,,2021,A,2.0,0.0,0,0.0,0.0,0.0,0,2,1.0,1.1578947368421053,1.8157894736842106
2021-08-14,Crystal Palace,Chelsea,0,3,H,13,4,6,1,15,11,5,2,0,,0,,2021,A,0.0,0.0,0,0.0,0.0,0.0,0,0,0.0,1.1282051282051282,1.794871794871795
2021-08-21,Crystal Palace,Brentford,0,0,D,7,14,2,3,12,9,3,5,3,1.0,0,0.0,2021,H,,,1,0.0,0.0,0.0,1,3,0.3333333333333333,1.125,2.0
2021-08-28,Crystal Palace,West Ham United,2,2,D,14,9,4,2,10,7,5,3,0,,0,,2021,A,1.0,0.0,1,0.0,0.0,0.0,0,0,0.6666666666666666,1.1219512195121952,1.7560975609756098
2021-09-11,Crystal Palace,Tottenham Hotspur,3,0,H,18,2,4,1,13,15,8,2,2,1.0,0,1.0,2021,H,,,3,0.0,0.0,0.0,1,2,1.6666666666666667,1.1666666666666667,1.6904761904761905
2021-09-18,Crystal Palace,Liverpool,0,3,H,25,13,10,2,17,11,10,5,1,,0,,2021,A,3.0,0.0,0,0.0,0.0,0.0,0,1,1.3333333333333333,1.1395348837209303,1.9069767441860466
2021-09-27,Crystal Palace,Brighton and Hove Albion,1,1,D,8,8,3,4,12,10,6,5,2,3.0,0,0.0,2021,H,,,1,0.0,0.0,0.0,0,2,1.3333333333333333,1.1363636363636365,1.2272727272727273
2021-10-03,Crystal Palace,Leicester City,2,2,D,18,9,4,5,15,11,1,3,2,3.0,0,0.0,2021,H,,,1,0.0,0.0,0.0,0,2,0.6666666666666666,1.1333333333333333,1.6444444444444444
2021-10-18,Crystal Palace,Arsenal,2,2,D,17,9,6,6,7,4,6,4,1,,0,,2021,A,1.0,0.0,1,0.0,0.0,0.0,0,1,1.0,1.1304347826086956,1.565217391304348
2021-10-23,Crystal Palace,Newcastle United,1,1,D,15,6,3,2,13,9,3,7,3,4.0,0,0.0,2021,H,,,1,0.0,0.0,0.0,0,3,1.0,1.127659574468085,1.0425531914893618
2021-10-30,Crystal Palace,Manchester City,2,0,A,14,8,3,3,11,11,7,1,3,,0,,2021,A,2.0,1.0,3,0.0,0.0,0.0,1,3,1.6666666666666667,1.1666666666666667,2.2083333333333335
2021-11-06,Crystal Palace,Wolverhampton Wanderers,2,0,H,13,4,6,2,14,13,4,6,2,1.0,0,0.0,2021,H,,,3,0.0,0.0,0.0,1,2,2.3333333333333335,1.2040816326530612,1.2448979591836735
2021-11-20,Crystal Palace,Burnley,3,3,D,15,18,9,8,14,15,3,6,3,,0,,2021,A,2.0,0.0,1,0.0,0.0,0.0,0,3,2.3333333333333335,1.2,0.96
2021-11-27,Crystal Palace,Aston Villa,1,2,A,8,10,3,3,12,10,7,3,3,3.0,0,0.0,2021,H,,,0,0.0,0.0,0.0,0,3,1.3333333333333333,1.1764705882352942,1.392156862745098
2021-11-30,Crystal Palace,Leeds United,0,1,H,15,9,3,1,15,15,7,4,3,,0,,2021,A,5.0,0.0,0,0.0,0.0,0.0,0,3,0.3333333333333333,1.1538461538461537,1.4230769230769231
2021-12-05,Crystal Palace,Manchester United,0,1,H,16,8,3,2,16,9,9,6,2,,0,,2021,A,2.0,0.0,0,0.0,0.0,0.0,0,2,0.0,1.1320754716981132,1.849056603773585
2021-12-12,Crystal Palace,Everton,3,1,H,17,12,6,6,15,14,8,2,0,2.0,0,0.0,2021,H,,,3,0.0,0.0,0.0,0,0,1.0,1.1666666666666667,1.4259259259259258
2021-12-15,Crystal Palace,Southampton,2,2,D,9,15,6,4,16,20,4,6,2,4.0,0,0.0,2021,H,,,1,0.0,0.0,0.0,0,2,1.3333333333333333,1.1636363636363636,1.0909090909090908
2021-12-26,Crystal Palace,Tottenham Hotspur,0,3,H,17,4,6,0,16,10,4,2,1,,1,,2021,A,1.0,0.0,0,0.0,0.0,0.0,0,3,1.3333333333333333,1.1428571428571428,1.6851851851851851
2021-12-28,Crystal Palace,Norwich City,3,0,H,19,12,6,3,9,13,8,8,1,2.0,0,0.0,2021,H,,,3,0.0,0.0,0.0,1,1,1.3333333333333333,1.1754385964912282,0.5263157894736842
2022-01-01,Crystal Palace,West Ham United,2,3,A,22,10,6,5,6,16,9,1,0,2.0,0,0.0,2022,H,,,0,0.0,0.0,0.0,0,0,1.0,1.1551724137931034,1.706896551724138
2022-01-14,Crystal Palace,Brighton and Hove Albion,1,1,D,19,3,4,1,11,7,9,0,2,,0,,2022,A,0.0,0.0,1,0.0,0.0,0.0,0,2,1.3333333333333333,1.152542372881356,1.1896551724137931
2022-01-23,Crystal Palace,Liverpool,1,3,A,8,15,5,7,12,10,2,5,4,1.0,0,0.0,2022,H,,,0,0.0,0.0,0.0,0,4,0.3333333333333333,1.1333333333333333,1.95
2022-02-09,Crystal Palace,Norwich City,1,1,D,5,13,1,5,11,15,4,6,2,,0,,2022,A,1.0,0.0,1,0.0,0.0,0.0,0,2,0.6666666666666666,1.1311475409836065,0.7391304347826086
2022-02-12,Crystal Palace,Brentford,0,0,D,9,6,2,3,10,10,3,9,0,,0,,2022,A,1.0,0.0,1,0.0,0.0,0.0,1,0,0.6666666666666666,1.1290322580645162,0.96
2022-02-19,Crystal Palace,Chelsea,0,1,A,7,9,0,3,4,20,4,4,1,3.0,0,0.0,2022,H,,,0,0.0,0.0,0.0,0,1,0.6666666666666666,1.1111111111111112,1.8571428571428572
2022-02-23,Crystal Palace,Watford,4,1,A,8,7,1,5,12,9,6,4,1,,0,,2022,A,2.0,0.0,3,0.0,0.0,0.0,0,1,1.3333333333333333,1.140625,0.72
2022-02-26,Crystal Palace,Burnley,1,1,D,11,5,4,1,5,17,5,4,0,2.0,0,0.0,2022,H,,,1,0.0,0.0,0.0,0,0,1.3333333333333333,1.1384615384615384,0.967741935483871
2022-03-05,Crystal Palace,Wolverhampton Wanderers,2,0,A,12,12,5,8,13,8,7,7,3,,0,,2022,A,0.0,0.0,3,0.0,0.0,0.0,1,3,2.3333333333333335,1.1666666666666667,1.3076923076923077
2022-03-14,Crystal Palace,Manchester City,0,0,D,7,18,1,4,6,11,2,6,3,1.0,0,0.0,2022,H,,,1,0.0,0.0,0.0,1,3,1.6666666666666667,1.164179104477612,2.328358208955224
2022-04-04,Crystal Palace,Arsenal,3,0,H,6,12,5,3,11,15,0,2,0,2.0,0,0.0,2022,H,,,3,0.0,0.0,0.0,1,0,2.3333333333333335,1.1911764705882353,1.7164179104477613
2022-04-10,Crystal Palace,Leicester City,1,2,H,12,11,3,3,11,12,3,4,1,,0,,2022,A,1.0,0.0,0,0.0,0.0,0.0,0,1,1.3333333333333333,1.173913043478261,1.5820895522388059
2022-04-20,Crystal Palace,Newcastle United,0,1,H,13,10,4,2,12,12,2,5,1,,0,,2022,A,1.0,0.0,0,0.0,0.0,0.0,0,1,1.0,1.1571428571428573,1.1971830985915493
2022-04-25,Crystal Palace,Leeds United,0,0,D,17,9,7,2,12,13,6,3,2,2.0,0,0.0,2022,H,,,1,0.0,0.0,0.0,1,2,0.3333333333333333,1.1549295774647887,1.3098591549295775
2022-04-30,Crystal Palace,Southampton,2,1,A,8,14,3,5,13,11,6,7,3,,0,,2022,A,1.0,0.0,3,0.0,0.0,0.0,0,3,1.3333333333333333,1.1805555555555556,1.1369863013698631
2022-05-07,Crystal Palace,Watford,1,0,H,15,6,7,1,11,18,8,5,2,1.0,0,1.0,2022,H,,,3,0.0,0.0,0.0,1,2,2.3333333333333335,1.2054794520547945,0.6285714285714286
2022-05-15,Crystal Palace,Aston Villa,1,1,D,13,16,4,4,11,15,1,5,3,,0,,2022,A,1.0,0.0,1,0.0,0.0,0.0,0,3,2.3333333333333335,1.2027027027027026,1.337837837837838
2022-05-19,Crystal Palace,Everton,2,3,H,12,7,6,5,9,13,4,5,3,,0,,2022,A,2.0,0.0,0,0.0,0.0,0.0,0,3,1.3333333333333333,1.1866666666666668,1.3066666666666666
2022-05-22,Crystal Palace,Manchester United,1,0,H,6,10,3,4,12,22,3,6,2,4.0,0,0.0,2022,H,,,3,0.0,0.0,0.0,1,2,1.3333333333333333,1.2105263157894737,1.736842105263158
2022-08-05,Crystal Palace,Arsenal,0,2,A,10,10,2,2,16,11,3,5,1,2.0,0,0.0,2022,H,,,0,0.0,0.0,0.0,0,1,1.0,1.1948051948051948,1.7272727272727273
2022-08-15,Crystal Palace,Liverpool,1,1,D,24,7,4,3,7,8,4,2,4,,0,,2022,A,2.0,1.0,1,0.0,0.0,0.0,0,4,1.3333333333333333,1.1923076923076923,2.08974358974359
2022-08-20,Crystal Palace,Aston Villa,3,1,H,17,13,9,5,16,14,4,2,2,1.0,0,0.0,2022,H,,,3,0.0,0.0,0.0,0,2,1.3333333333333333,1.2151898734177216,1.3037974683544304
2022-08-27,Crystal Palace,Manchester City,2,4,H,18,2,5,2,14,8,6,1,2,,0,,2022,A,1.0,0.0,0,0.0,0.0,0.0,0,2,1.3333333333333333,1.2,2.3625
2022-08-30,Crystal Palace,Brentford,1,1,D,13,9,4,3,11,8,4,6,1,2.0,0,0.0,2022,H,,,1,0.0,0.0,0.0,0,1,1.3333333333333333,1.1975308641975309,1.2093023255813953
2022-09-03,Crystal Palace,Newcastle United,0,0,D,23,19,6,9,19,12,13,5,1,,0,,2022,A,2.0,0.0,1,0.0,0.0,0.0,1,1,0.6666666666666666,1.1951219512195121,1.2317073170731707
2022-10-01,Crystal Palace,Chelsea,1,2,A,7,13,3,3,11,13,5,2,1,3.0,0,0.0,2022,H,,,0,0.0,0.0,0.0,0,1,0.6666666666666666,1.180722891566265,1.855421686746988
2022-10-09,Crystal Palace,Leeds United,2,1,H,13,10,5,4,13,23,5,3,3,3.0,0,0.0,2022,H,,,3,0.0,0.0,0.0,0,3,1.3333333333333333,1.2023809523809523,1.2619047619047619
2022-10-15,Crystal Palace,Leicester City,0,0,D,14,8,5,1,18,13,9,2,2,,0,,2022,A,2.0,0.0,1,0.0,0.0,0.0,1,2,1.3333333333333333,1.2,1.430232558139535
2022-10-18,Crystal Palace,Wolverhampton Wanderers,2,1,H,14,10,4,4,14,18,4,3,3,1.0,0,0.0,2022,H,,,3,0.0,0.0,0.0,0,3,2.3333333333333335,1.2209302325581395,1.206896551724138
2022-10-22,Crystal Palace,Everton,0,3,H,9,9,6,2,16,14,3,4,4,,0,,2022,A,3.0,0.0,0,0.0,0.0,0.0,0,4,1.3333333333333333,1.206896551724138,1.2613636363636365
2022-10-29,Crystal Palace,Southampton,1,0,H,12,14,3,4,13,12,8,4,3,3.0,0,0.0,2022,H,,,3,0.0,0.0,0.0,1,3,2.0,1.2272727272727273,1.0674157303370786
2022-11-06,Crystal Palace,West Ham United,2,1,A,5,15,2,6,10,7,2,5,1,,0,,2022,A,1.0,0.0,3,0.0,0.0,0.0,0,1,2.0,1.247191011235955,1.5
2022-11-12,Crystal Palace,Nottingham Forest,0,1,H,9,8,2,0,11,13,1,5,4,,0,,2022,A,1.0,0.0,0,0.0,0.0,0.0,0,4,2.0,1.2333333333333334,0.8666666666666667
2022-12-26,Crystal Palace,Fulham,0,3,A,4,23,0,11,12,15,1,8,0,0.0,2,0.0,2022,H,,,0,0.0,0.0,0.0,0,4,1.0,1.2197802197802199,0.9259259259259259
2022-12-31,Crystal Palace,Bournemouth,2,0,A,6,15,2,6,17,11,2,7,1,,0,,2022,A,4.0,0.0,3,0.0,0.0,0.0,1,1,1.0,1.2391304347826086,0.9411764705882353
2023-01-04,Crystal Palace,Tottenham Hotspur,0,4,A,19,14,4,6,11,8,10,4,1,2.0,0,0.0,2023,H,,,0,0.0,0.0,0.0,0,1,1.0,1.2258064516129032,1.7659574468085106
2023-01-15,Crystal Palace,Chelsea,0,1,H,15,10,5,5,10,17,11,7,5,,0,,2023,A,2.0,0.0,0,0.0,0.0,0.0,0,5,1.0,1.2127659574468086,1.7789473684210526
2023-01-18,Crystal Palace,Manchester United,1,1,D,10,15,5,4,9,10,3,3,1,2.0,0,0.0,2023,H,,,1,0.0,0.0,0.0,0,1,0.3333333333333333,1.2105263157894737,1.8
2023-01-21,Crystal Palace,Newcastle United,0,0,D,6,16,1,7,13,7,3,15,4,2.0,0,0.0,2023,H,,,1,0.0,0.0,0.0,1,4,0.6666666666666666,1.2083333333333333,1.3854166666666667
2023-02-04,Crystal Palace,Manchester United,1,2,H,14,10,5,3,9,9,5,5,2,,0,,2023,A,1.0,1.0,0,0.0,0.0,0.0,0,2,0.6666666666666666,1.1958762886597938,1.7938144329896908
2023-02-11,Crystal Palace,Brighton and Hove Albion,1,1,D,6,17,1,7,10,11,1,6,4,1.0,0,0.0,2023,H,,,1,0.0,0.0,0.0,0,4,0.6666666666666666,1.1938775510204083,1.309278350515464
2023-02-18,Crystal Palace,Brentford,1,1,D,12,10,5,4,10,8,2,6,2,,0,,2023,A,2.0,0.0,1,0.0,0.0,0.0,0,2,0.6666666666666666,1.1919191919191918,1.3278688524590163
2023-02-25,Crystal Palace,Liverpool,0,0,D,6,12,0,4,11,14,5,3,2,5.0,0,0.0,2023,H,,,1,0.0,0.0,0.0,1,2,1.0,1.19,1.9898989898989898
2023-03-04,Crystal Palace,Aston Villa,0,1,H,8,3,1,0,14,17,2,4,3,,1,,2023,A,2.0,0.0,0,0.0,0.0,0.0,0,5,0.6666666666666666,1.1782178217821782,1.3267326732673268
2023-03-11,Crystal Palace,Manchester City,0,1,A,4,14,0,4,11,17,2,6,2,2.0,0,0.0,2023,H,,,0,0.0,0.0,0.0,0,2,0.3333333333333333,1.1666666666666667,2.3300970873786406
2023-03-15,Crystal Palace,Brighton and Hove Albion,0,1,H,11,11,5,3,13,20,1,4,2,,0,,2023,A,1.0,0.0,0,0.0,0.0,0.0,0,2,0.0,1.1553398058252426,1.3267326732673268
2023-03-19,Crystal Palace,Arsenal,1,4,H,15,8,5,4,8,10,5,4,1,,0,,2023,A,0.0,0.0,0,0.0,0.0,0.0,0,1,0.0,1.1442307692307692,1.9134615384615385
2023-04-01,Crystal Palace,Leicester City,2,1,H,31,3,9,2,12,16,10,1,3,4.0,0,0.0,2023,H,,,3,0.0,0.0,0.0,0,3,1.0,1.161904761904762,1.375
2023-04-09,Crystal Palace,Leeds United,5,1,A,11,16,7,8,11,8,2,4,1,,0,,2023,A,3.0,0.0,3,0.0,0.0,0.0,0,1,2.0,1.179245283018868,1.1886792452830188
2023-04-15,Crystal Palace,Southampton,2,0,A,11,9,4,2,6,13,6,2,1,,0,,2023,A,3.0,0.0,3,0.0,0.0,0.0,1,1,3.0,1.1962616822429906,0.9906542056074766
2023-04-22,Crystal Palace,Everton,0,0,D,12,10,2,5,12,14,8,1,1,1.0,0,1.0,2023,H,,,1,0.0,0.0,0.0,1,1,2.3333333333333335,1.1944444444444444,1.1666666666666667
2023-04-25,Crystal Palace,Wolverhampton Wanderers,0,2,H,9,14,3,4,13,14,6,11,4,,0,,2023,A,5.0,0.0,0,0.0,0.0,0.0,0,4,1.3333333333333333,1.18348623853211,1.2201834862385321
2023-04-29,Crystal Palace,West Ham United,4,3,H,16,8,6,4,9,17,8,5,1,2.0,0,0.0,2023,H,,,3,0.0,0.0,0.0,0,1,1.3333333333333333,1.2,1.4220183486238531
2023-05-06,Crystal Palace,Tottenham Hotspur,0,1,H,8,7,3,2,15,14,8,4,5,,0,,2023,A,3.0,0.0,0,0.0,0.0,0.0,0,5,1.0,1.1891891891891893,1.7117117117117118
2023-05-13,Crystal Palace,Bournemouth,2,0,H,17,5,5,0,5,12,11,2,0,2.0,0,0.0,2023,H,,,3,0.0,0.0,0.0,1,0,2.0,1.2053571428571428,1.0833333333333333
2023-05-20,Crystal Palace,Fulham,2,2,D,11,11,4,5,13,12,7,4,0,,0,,2023,A,3.0,0.0,1,0.0,0.0,0.0,0,0,1.3333333333333333,1.2035398230088497,1.0666666666666667
2023-05-28,Crystal Palace,Nottingham Forest,1,1,D,16,7,4,4,9,13,5,4,0,2.0,0,0.0,2023,H,,,1,0.0,0.0,0.0,0,0,1.6666666666666667,1.2017543859649122,1.0
2023-08-12,Crystal Palace,Sheffield United,1,0,A,8,24,1,8,18,11,5,5,0,,0,,2023,A,3.0,0.0,3,0.0,0.0,0.0,1,0,1.6666666666666667,1.2173913043478262,0.5897435897435898
2023-08-21,Crystal Palace,Arsenal,0,1,A,14,14,2,3,14,10,1,8,2,1.0,0,1.0,2023,H,,,0,0.0,0.0,0.0,0,2,1.3333333333333333,1.206896551724138,1.896551724137931
2023-08-26,Crystal Palace,Brentford,1,1,D,12,15,1,5,9,15,8,6,0,,0,,2023,A,0.0,0.0,1,0.0,0.0,0.0,0,0,1.3333333333333333,1.205128205128205,1.3924050632911393
2023-09-03,Crystal Palace,Wolverhampton Wanderers,3,2,H,16,12,11,4,12,12,4,2,1,3.0,0,0.0,2023,H,,,3,0.0,0.0,0.0,0,1,1.3333333333333333,1.2203389830508475,1.1864406779661016
2023-09-16,Crystal Palace,Aston Villa,1,3,H,16,6,5,3,13,9,4,2,3,,0,,2023,A,5.0,0.0,0,0.0,0.0,0.0,0,3,1.3333333333333333,1.2100840336134453,1.4285714285714286
2023-09-23,Crystal Palace,Fulham,0,0,D,7,10,3,5,10,15,3,2,3,2.0,0,0.0,2023,H,,,1,0.0,0.0,0.0,1,3,1.3333333333333333,1.2083333333333333,1.0731707317073171
2023-09-30,Crystal Palace,Manchester United,1,0,A,19,8,4,2,10,8,10,4,2,,0,,2023,A,3.0,0.0,3,0.0,0.0,0.0,1,2,1.3333333333333333,1.2231404958677685,1.7851239669421488
2023-10-07,Crystal Palace,Nottingham Forest,0,0,D,8,16,2,5,7,12,3,7,0,1.0,0,0.0,2023,H,,,1,0.0,0.0,0.0,1,0,1.6666666666666667,1.221311475409836,1.0217391304347827
2023-10-21,Crystal Palace,Newcastle United,0,4,H,10,17,7,3,7,12,6,8,3,,0,,2023,A,2.0,0.0,0,0.0,0.0,0.0,0,3,1.3333333333333333,1.2113821138211383,1.4715447154471544
2023-10-27,Crystal Palace,Tottenham Hotspur,1,2,A,13,10,3,1,19,11,11,2,2,1.0,0,0.0,2023,H,,,0,0.0,0.0,0.0,0,2,0.3333333333333333,1.2016129032258065,1.7661290322580645
2023-11-04,Crystal Palace,Burnley,2,0,A,17,4,5,3,9,12,12,1,5,,0,,2023,A,0.0,0.0,3,0.0,0.0,0.0,1,5,1.0,1.216,0.896551724137931
2023-11-11,Crystal Palace,Everton,2,3,A,13,8,4,4,9,18,9,2,1,4.0,0,0.0,2023,H,,,0,0.0,0.0,0.0,0,1,1.0,1.2063492063492063,1.1746031746031746
2023-11-25,Crystal Palace,Luton Town,1,2,H,8,16,3,8,15,12,4,5,1,,0,,2023,A,6.0,0.0,0,0.0,0.0,0.0,0,1,1.0,1.1968503937007875,0.6923076923076923
2023-12-03,Crystal Palace,West Ham United,1,1,D,9,9,3,2,17,7,2,3,0,,0,,2023,A,2.0,0.0,1,0.0,0.0,0.0,0,0,0.3333333333333333,1.1953125,1.421875
2023-12-06,Crystal Palace,Bournemouth,0,2,A,16,11,3,4,10,17,3,9,1,3.0,0,0.0,2023,H,,,0,0.0,0.0,0.0,0,1,0.3333333333333333,1.186046511627907,1.0377358490566038
2023-12-09,Crystal Palace,Liverpool,1,2,A,8,14,4,2,17,17,6,5,5,2.0,1,0.0,2023,H,,,0,0.0,0.0,0.0,0,7,0.3333333333333333,1.176923076923077,2.0384615384615383
2023-12-16,Crystal Palace,Manchester City,2,2,D,19,5,9,2,12,9,6,1,1,,0,,2023,A,1.0,0.0,1,0.0,0.0,0.0,0,1,0.3333333333333333,1.1755725190839694,2.3053435114503817
2023-12-21,Crystal Palace,Brighton and Hove Albion,1,1,D,11,18,3,6,12,11,3,1,5,2.0,0,0.0,2023,H,,,1,0.0,0.0,0.0,0,5,0.6666666666666666,1.1742424242424243,1.371212121212121
2023-12-27,Crystal Palace,Chelsea,1,2,H,9,13,4,5,13,16,4,3,2,,0,,2023,A,3.0,0.0,0,0.0,0.0,0.0,0,2,0.6666666666666666,1.1654135338345866,1.5789473684210527
2023-12-30,Crystal Palace,Brentford,3,1,H,13,9,6,4,14,10,7,4,0,1.0,0,0.0,2023,H,,,3,0.0,0.0,0.0,0,0,1.3333333333333333,1.1791044776119404,1.305263157894737
2024-01-20,Crystal Palace,Arsenal,0,5,H,21,12,6,5,8,12,6,7,0,,0,,2024,A,0.0,0.0,0,0.0,0.0,0.0,0,0,1.0,1.1703703703703703,1.9037037037037037
2024-01-30,Crystal Palace,Sheffield United,3,2,H,12,9,4,5,8,18,11,1,1,4.0,0,0.0,2024,H,,,3,0.0,0.0,0.0,0,1,2.0,1.1838235294117647,0.55
2024-02-03,Crystal Palace,Brighton and Hove Albion,1,4,H,13,7,6,5,8,14,3,2,3,,0,,2024,A,1.0,0.0,0,0.0,0.0,0.0,0,3,1.0,1.1751824817518248,1.3795620437956204
2024-02-12,Crystal Palace,Chelsea,1,3,A,13,14,4,5,14,7,1,7,2,2.0,0,0.0,2024,H,,,0,0.0,0.0,0.0,0,2,1.0,1.1666666666666667,1.5869565217391304
2024-02-19,Crystal Palace,Everton,1,1,D,19,10,4,4,8,12,3,6,2,,0,,2024,A,0.0,0.0,1,0.0,0.0,0.0,0,2,0.3333333333333333,1.1654676258992807,1.1798561151079137
2024-02-24,Crystal Palace,Burnley,3,0,H,15,2,6,0,8,13,12,3,3,1.0,0,1.0,2024,H,,,3,0.0,0.0,0.0,1,3,1.3333333333333333,1.1785714285714286,0.8529411764705882
2024-03-02,Crystal Palace,Tottenham Hotspur,1,3,H,14,4,6,1,7,16,11,1,2,,0,,2024,A,1.0,0.0,0,0.0,0.0,0.0,0,2,1.3333333333333333,1.1702127659574468,1.7357142857142858
2024-03-09,Crystal Palace,Luton Town,1,1,D,21,8,4,2,20,11,8,6,2,3.0,0,0.0,2024,H,,,1,0.0,0.0,0.0,0,2,1.3333333333333333,1.1690140845070423,0.7777777777777778
2024-03-30,Crystal Palace,Nottingham Forest,1,1,D,12,10,5,3,14,12,4,6,1,,0,,2024,A,1.0,0.0,1,0.0,0.0,0.0,0,1,0.6666666666666666,1.167832167832168,0.9411764705882353
2024-04-02,Crystal Palace,Bournemouth,0,1,H,11,3,6,2,13,14,9,2,2,,0,,2024,A,3.0,0.0,0,0.0,0.0,0.0,0,2,0.6666666666666666,1.1597222222222223,1.1764705882352942
2024-04-06,Crystal Palace,Manchester City,2,4,A,7,18,4,8,13,3,2,9,1,1.0,0,0.0,2024,H,,,0,0.0,0.0,0.0,0,1,0.3333333333333333,1.1517241379310346,2.331034482758621
2024-04-14,Crystal Palace,Liverpool,1,0,A,21,8,6,5,10,10,11,1,1,,0,,2024,A,1.0,0.0,3,0.0,0.0,0.0,1,1,1.0,1.1643835616438356,2.047945205479452
2024-04-21,Crystal Palace,West Ham United,5,2,H,18,4,7,1,9,9,4,0,3,2.0,0,0.0,2024,H,,,3,0.0,0.0,0.0,0,3,2.0,1.1768707482993197,1.412162162162162
2024-04-24,Crystal Palace,Newcastle United,2,0,H,20,7,7,2,10,15,7,2,3,3.0,0,0.0,2024,H,,,3,0.0,0.0,0.0,1,3,3.0,1.1891891891891893,1.4625850340136055
2024-04-27,Crystal Palace,Fulham,1,1,D,9,14,2,4,11,15,5,9,2,,0,,2024,A,0.0,0.0,1,0.0,0.0,0.0,0,2,2.3333333333333335,1.1879194630872483,1.1081081081081081
2024-05-06,Crystal Palace,Manchester United,4,0,H,18,7,10,2,12,8,6,3,1,1.0,0,0.0,2024,H,,,3,0.0,0.0,0.0,1,1,2.3333333333333335,1.2,1.7516778523489933
2024-05-11,Crystal Palace,Wolverhampton Wanderers,3,1,A,13,13,7,3,13,12,8,3,2,,1,,2024,A,3.0,0.0,3,0.0,0.0,0.0,0,4,2.3333333333333335,1.2119205298013245,1.2119205298013245
2024-05-19,Crystal Palace,Aston Villa,5,0,H,15,8,9,2,10,8,2,4,1,4.0,0,0.0,2024,H,,,3,0.0,0.0,0.0,1,1,3.0,1.2236842105263157,1.506578947368421
2024-08-18,Crystal Palace,Brentford,1,2,H,9,14,5,6,6,15,4,7,5,,0,,2024,A,1.0,0.0,0,0.0,0.0,0.0,0,5,2.0,1.2156862745098038,1.2782608695652173
2024-08-24,Crystal Palace,West Ham United,0,2,A,14,18,2,3,9,17,3,3,1,1.0,0,0.0,2024,H,,,0,0.0,0.0,0.0,0,1,1.0,1.2077922077922079,1.4025974025974026
2024-09-01,Crystal Palace,Chelsea,1,1,D,13,9,7,3,9,13,4,5,2,,0,,2024,A,4.0,0.0,1,0.0,0.0,0.0,0,2,0.3333333333333333,1.206451612903226,1.6258064516129032
2024-09-14,Crystal Palace,Leicester City,2,2,D,20,9,4,4,11,15,5,2,0,3.0,0,0.0,2024,H,,,1,0.0,0.0,0.0,0,0,0.6666666666666666,1.205128205128205,1.305084745762712
2024-09-21,Crystal Palace,Manchester United,0,0,D,9,15,4,6,7,12,4,11,3,1.0,0,0.0,2024,H,,,1,0.0,0.0,0.0,1,3,1.0,1.2038216560509554,1.7452229299363058
2024-09-28,Crystal Palace,Everton,1,2,H,8,17,2,5,13,11,5,8,1,,0,,2024,A,2.0,0.0,0,0.0,0.0,0.0,0,1,0.6666666666666666,1.1962025316455696,1.1772151898734178
2024-10-05,Crystal Palace,Liverpool,0,1,A,9,16,5,4,7,15,3,8,4,2.0,0,0.0,2024,H,,,0,0.0,0.0,0.0,0,4,0.3333333333333333,1.1886792452830188,2.0628930817610063
2024-10-21,Crystal Palace,Nottingham Forest,0,1,H,20,20,6,7,9,12,6,6,3,,0,,2024,A,2.0,0.0,0,0.0,0.0,0.0,0,3,0.0,1.18125,1.0357142857142858
2024-10-27,Crystal Palace,Tottenham Hotspur,1,0,H,14,11,6,3,16,12,8,8,4,4.0,0,0.0,2024,H,,,3,0.0,0.0,0.0,1,4,1.0,1.1925465838509317,1.68944099378882
2024-11-02,Crystal Palace,Wolverhampton Wanderers,2,2,D,11,19,6,7,7,9,3,6,2,,0,,2024,A,1.0,0.0,1,0.0,0.0,0.0,0,2,1.3333333333333333,1.191358024691358,1.1481481481481481
2024-11-09,Crystal Palace,Fulham,0,2,A,13,17,5,7,10,11,1,8,1,1.0,1,0.0,2024,H,,,0,0.0,0.0,0.0,0,3,1.3333333333333333,1.1840490797546013,1.16
2024-11-23,Crystal Palace,Aston Villa,2,2,D,17,13,5,6,10,11,10,1,2,,0,,2024,A,3.0,0.0,1,0.0,0.0,0.0,0,2,0.6666666666666666,1.1829268292682926,1.5121951219512195
2024-11-30,Crystal Palace,Newcastle United,1,1,D,16,1,4,0,12,11,8,9,3,3.0,0,0.0,2024,H,,,1,0.0,0.0,0.0,0,3,0.6666666666666666,1.1818181818181819,1.4787878787878788
2024-12-03,Crystal Palace,Ipswich Town,1,0,A,9,13,2,3,14,13,4,7,4,,0,,2024,A,2.0,0.0,3,0.0,0.0,0.0,1,4,1.6666666666666667,1.1927710843373494,0.6428571428571429
2024-12-07,Crystal Palace,Manchester City,2,2,D,12,12,3,4,4,10,6,8,1,0.0,0,1.0,2024,H,,,1,0.0,0.0,0.0,0,1,1.6666666666666667,1.1916167664670658,2.311377245508982
2024-12-15,Crystal Palace,Brighton and Hove Albion,3,1,A,17,13,5,5,11,15,8,5,4,,0,,2024,A,1.0,0.0,3,0.0,0.0,0.0,0,4,2.3333333333333335,1.2023809523809523,1.3452380952380953
2024-12-21,Crystal Palace,Arsenal,1,5,A,15,14,6,6,9,8,3,3,2,2.0,0,0.0,2024,H,,,0,0.0,0.0,0.0,0,2,1.3333333333333333,1.1952662721893492,1.9881656804733727
2024-12-26,Crystal Palace,Bournemouth,0,0,D,18,10,4,4,13,12,5,2,2,,0,,2024,A,2.0,0.0,1,0.0,0.0,0.0,1,2,1.3333333333333333,1.1941176470588235,1.2340425531914894
2024-12-29,Crystal Palace,Southampton,2,1,H,19,7,10,3,18,19,8,7,2,3.0,0,0.0,2024,H,,,3,0.0,0.0,0.0,0,2,1.3333333333333333,1.2046783625730995,0.8571428571428571
2025-01-04,Crystal Palace,Chelsea,1,1,D,13,15,6,1,9,12,6,6,0,2.0,0,0.0,2025,H,,,1,0.0,0.0,0.0,0,0,1.6666666666666667,1.2034883720930232,1.6511627906976745
2025-01-15,Crystal Palace,Leicester City,2,0,A,21,9,4,4,7,6,4,3,0,,0,,2025,A,0.0,0.0,3,0.0,0.0,0.0,1,0,2.3333333333333335,1.2138728323699421,1.2296296296296296
2025-01-18,Crystal Palace,West Ham United,2,0,A,7,12,0,7,13,10,2,4,0,,0,,2025,A,1.0,1.0,3,0.0,0.0,0.0,1,0,2.3333333333333335,1.2241379310344827,1.3735632183908046
2025-01-26,Crystal Palace,Brentford,1,2,A,16,13,5,6,8,11,4,7,2,2.0,0,0.0,2025,H,,,0,0.0,0.0,0.0,0,2,2.0,1.217142857142857,1.2773722627737227
2025-02-02,Crystal Palace,Manchester United,2,0,A,17,11,2,3,12,13,11,0,1,,0,,2025,A,3.0,0.0,3,0.0,0.0,0.0,1,1,2.0,1.2272727272727273,1.6818181818181819
2025-02-15,Crystal Palace,Everton,1,2,A,17,11,6,6,9,12,6,2,0,1.0,0,0.0,2025,H,,,0,0.0,0.0,0.0,0,0,1.0,1.2203389830508475,1.1977401129943503
2025-02-22,Crystal Palace,Fulham,2,0,A,10,10,0,5,10,7,7,7,3,,0,,2025,A,1.0,0.0,3,0.0,0.0,0.0,1,3,2.0,1.2303370786516854,1.1857142857142857
2025-02-25,Crystal Palace,Aston Villa,4,1,H,19,6,6,2,19,10,3,8,3,1.0,0,0.0,2025,H,,,3,0.0,0.0,0.0,0,3,2.0,1.2402234636871508,1.5055555555555555
2025-03-08,Crystal Palace,Ipswich Town,1,0,H,19,15,4,8,8,7,5,4,4,3.0,0,0.0,2025,H,,,3,0.0,0.0,0.0,1,4,3.0,1.25,0.6071428571428571
2025-04-02,Crystal Palace,Southampton,1,1,D,8,9,2,3,14,9,2,2,1,,0,,2025,A,2.0,0.0,1,0.0,0.0,0.0,0,1,2.3333333333333335,1.2486187845303867,0.8194444444444444
2025-04-05,Crystal Palace,Brighton and Hove Albion,2,1,H,8,11,3,5,12,13,2,4,0,1.0,2,1.0,2025,H,,,3,0.0,0.0,0.0,0,4,2.3333333333333335,1.2582417582417582,1.360655737704918
2025-04-12,Crystal Palace,Manchester City,2,5,H,21,8,9,3,10,16,1,4,3,,0,,2025,A,2.0,0.0,0,0.0,0.0,0.0,0,3,1.3333333333333333,1.2513661202185793,2.25
2025-04-16,Crystal Palace,Newcastle United,0,5,H,14,11,7,4,9,15,5,4,3,,0,,2025,A,2.0,0.0,0,0.0,0.0,0.0,0,3,1.0,1.2445652173913044,1.5434782608695652
2025-04-19,Crystal Palace,Bournemouth,0,0,D,5,15,0,4,13,10,5,4,3,4.0,1,0.0,2025,H,,,1,0.0,0.0,0.0,1,5,0.3333333333333333,1.2432432432432432,1.2477064220183487
2025-04-23,Crystal Palace,Arsenal,2,2,D,12,15,6,4,4,6,3,6,1,,0,,2025,A,1.0,0.0,1,0.0,0.0,0.0,0,1,0.6666666666666666,1.2419354838709677,1.989247311827957
2025-05-05,Crystal Palace,Nottingham Forest,1,1,D,20,12,3,4,9,15,7,4,3,8.0,0,0.0,2025,H,,,1,0.0,0.0,0.0,0,3,1.0,1.2406417112299466,1.2162162162162162
2025-05-11,Crystal Palace,Tottenham Hotspur,2,0,A,8,23,1,10,12,10,4,8,1,,0,,2025,A,1.0,0.0,3,0.0,0.0,0.0,1,1,1.6666666666666667,1.25,1.5797872340425532
2025-05-20,Crystal Palace,Wolverhampton Wanderers,4,2,H,14,12,10,3,14,8,0,10,1,2.0,0,0.0,2025,H,,,3,0.0,0.0,0.0,0,1,2.3333333333333335,1.2592592592592593,1.1851851851851851
2025-05-25,Crystal Palace,Liverpool,1,1,D,14,8,3,5,7,10,11,0,0,,0,,2025,A,1.0,1.0,1,0.0,0.0,0.0,0,0,2.3333333333333335,1.2578947368421052,2.0736842105263156
2025-08-17,Crystal Palace,Chelsea,0,0,D,19,12,3,4,10,12,11,2,3,,0,,2025,A,2.0,0.0,1,0.0,0.0,0.0,1,3,1.6666666666666667,1.256544502617801,1.6649214659685865
2025-08-24,Crystal Palace,Nottingham Forest,1,1,D,8,9,4,1,11,11,1,3,3,3.0,0,0.0,2025,H,,,1,0.0,0.0,0.0,0,3,1.0,1.2552083333333333,1.2327586206896552
2025-08-31,Crystal Palace,Aston Villa,3,0,A,13,6,4,4,7,14,10,1,3,,0,,2025,A,2.0,0.0,3,0.0,0.0,0.0,1,3,1.6666666666666667,1.2642487046632125,1.5336787564766838
2025-09-13,Crystal Palace,Sunderland,0,0,D,14,6,6,0,10,8,5,3,1,1.0,0,0.0,2025,H,,,1,0.0,0.0,0.0,1,1,1.6666666666666667,1.2628865979381443,1.75
2025-09-20,Crystal Palace,West Ham United,2,1,A,8,18,3,3,15,5,8,8,3,,0,,2025,A,3.0,0.0,3,0.0,0.0,0.0,0,3,2.3333333333333335,1.2717948717948717,1.3282051282051281
2025-09-27,Crystal Palace,Liverpool,2,1,H,16,20,7,4,10,8,2,6,1,3.0,0,0.0,2025,H,,,3,0.0,0.0,0.0,0,1,2.3333333333333335,1.280612244897959,2.086734693877551
2025-10-05,Crystal Palace,Everton,1,2,H,14,15,7,8,13,16,2,4,3,,0,,2025,A,2.0,0.0,0,0.0,0.0,0.0,0,3,2.0,1.2741116751269035,1.2233502538071066
2025-10-18,Crystal Palace,Bournemouth,3,3,D,20,8,7,5,8,16,6,5,1,4.0,0,0.0,2025,H,,,1,0.0,0.0,0.0,0,1,1.3333333333333333,1.2727272727272727,1.2950819672131149
2025-10-26,Crystal Palace,Arsenal,0,1,H,10,7,3,1,6,11,4,3,0,,0,,2025,A,0.0,0.0,0,0.0,0.0,0.0,0,0,0.3333333333333333,1.2663316582914572,2.0050251256281406
2025-11-01,Crystal Palace,Brentford,2,0,H,9,6,2,2,7,11,6,5,0,3.0,0,0.0,2025,H,,,3,0.0,0.0,0.0,1,0,1.3333333333333333,1.275,1.3148148148148149
2025-11-09,Crystal Palace,Brighton and Hove Albion,0,0,D,10,7,2,3,10,12,4,8,1,4.0,0,0.0,2025,H,,,1,0.0,0.0,0.0,1,1,1.3333333333333333,1.2736318407960199,1.3880597014925373
2020-09-13,Everton,Tottenham Hotspur,1,0,A,9,15,5,4,15,7,5,3,0,,0,,2020,A,1.0,0.0,3,0.0,0.0,0.0,1,0,3.0,3.0,0.0
2020-09-19,Everton,West Brom,5,2,H,17,6,7,4,9,11,11,1,1,0.0,0,1.0,2020,H,,,3,0.0,0.0,0.0,0,1,3.0,3.0,0.0
2020-09-26,Everton,Crystal Palace,2,1,A,8,10,1,5,16,15,7,6,1,,0,,2020,A,3.0,0.0,3,0.0,0.0,0.0,0,1,3.0,3.0,2.0
2020-10-03,Everton,Brighton and Hove Albion,4,2,H,11,11,6,3,13,14,3,10,0,1.0,0,0.0,2020,H,,,3,0.0,0.0,0.0,0,0,3.0,3.0,0.75
2020-10-17,Everton,Liverpool,2,2,D,11,22,5,8,15,9,2,5,3,2.0,1,0.0,2020,H,,,1,0.0,0.0,0.0,0,5,2.3333333333333335,2.6,2.0
2020-10-25,Everton,Southampton,0,2,H,12,6,6,2,11,11,4,5,2,,1,,2020,A,1.0,0.0,0,0.0,0.0,0.0,0,4,1.3333333333333333,2.1666666666666665,1.6666666666666667
2020-11-01,Everton,Newcastle United,1,2,H,11,15,4,4,9,10,5,4,4,,0,,2020,A,2.0,0.0,0,0.0,0.0,0.0,0,4,0.3333333333333333,1.8571428571428572,1.5714285714285714
2020-11-07,Everton,Manchester United,1,3,A,7,13,1,5,12,19,5,2,4,2.0,0,0.0,2020,H,,,0,0.0,0.0,0.0,0,4,0.0,1.625,1.4285714285714286
2020-11-22,Everton,Fulham,3,2,A,14,9,6,7,14,10,2,5,0,,0,,2020,A,2.0,0.0,3,0.0,0.0,0.0,0,0,1.0,1.7777777777777777,0.4444444444444444
2020-11-28,Everton,Leeds United,0,1,A,15,23,8,7,8,14,4,2,1,2.0,0,0.0,2020,H,,,0,0.0,0.0,0.0,0,1,1.0,1.6,1.4
2020-12-05,Everton,Burnley,1,1,D,8,13,3,6,6,9,8,4,0,,0,,2020,A,0.0,0.0,1,0.0,0.0,0.0,0,0,1.3333333333333333,1.5454545454545454,0.6
2020-12-12,Everton,Chelsea,1,0,H,9,10,4,3,10,11,6,6,2,3.0,0,0.0,2020,H,,,3,0.0,0.0,0.0,1,2,1.3333333333333333,1.6666666666666667,1.8333333333333333
2020-12-16,Everton,Leicester City,2,0,A,14,11,2,6,12,9,4,6,3,,0,,2020,A,2.0,0.0,3,0.0,0.0,0.0,1,3,2.3333333333333335,1.7692307692307692,1.8461538461538463
2020-12-19,Everton,Arsenal,2,1,H,9,13,2,2,9,9,4,3,1,3.0,0,0.0,2020,H,,,3,0.0,0.0,0.0,0,1,3.0,1.8571428571428572,1.0
2020-12-26,Everton,Sheffield United,1,0,A,10,7,2,3,11,10,6,3,4,,0,,2020,A,2.0,0.0,3,0.0,0.0,0.0,1,4,3.0,1.9333333333333333,0.13333333333333333
2021-01-01,Everton,West Ham United,0,1,A,10,11,2,5,9,7,5,4,2,0.0,0,0.0,2021,H,,,0,0.0,0.0,0.0,0,2,2.0,1.8125,1.5294117647058822
2021-01-12,Everton,Wolverhampton Wanderers,2,1,A,12,5,3,3,6,11,6,5,2,,0,,2021,A,2.0,0.0,3,0.0,0.0,0.0,0,2,2.0,1.8823529411764706,1.2222222222222223
2021-01-27,Everton,Leicester City,1,1,D,8,19,2,6,12,10,5,11,1,1.0,0,0.0,2021,H,,,1,0.0,0.0,0.0,0,1,1.3333333333333333,1.8333333333333333,1.95
2021-01-30,Everton,Newcastle United,0,2,A,11,13,3,3,13,6,7,12,3,4.0,0,0.0,2021,H,,,0,0.0,0.0,0.0,0,3,1.3333333333333333,1.736842105263158,1.0476190476190477
2021-02-03,Everton,Leeds United,2,1,A,16,10,7,6,12,12,7,1,3,,0,,2021,A,2.0,0.0,3,0.0,0.0,0.0,0,3,1.3333333333333333,1.8,1.380952380952381
2021-02-06,Everton,Manchester United,3,3,D,14,6,5,3,14,10,5,1,1,,0,,2021,A,2.0,0.0,1,0.0,0.0,0.0,0,1,1.3333333333333333,1.7619047619047619,1.9565217391304348
2021-02-14,Everton,Fulham,0,2,A,7,12,2,3,7,16,5,4,1,1.0,0,0.0,2021,H,,,0,0.0,0.0,0.0,0,1,1.3333333333333333,1.6818181818181819,0.782608695652174
2021-02-17,Everton,Manchester City,1,3,A,3,16,2,7,8,8,0,10,2,1.0,0,0.0,2021,H,,,0,0.0,0.0,0.0,0,2,0.3333333333333333,1.608695652173913,2.3333333333333335
2021-02-20,Everton,Liverpool,2,0,A,15,9,6,6,10,10,7,2,1,,0,,2021,A,2.0,0.0,3,0.0,0.0,0.0,1,1,1.0,1.6666666666666667,1.6
2021-03-01,Everton,Southampton,1,0,H,7,9,1,1,13,9,4,10,0,2.0,0,0.0,2021,H,,,3,0.0,0.0,0.0,1,0,2.0,1.72,1.1538461538461537
2021-03-04,Everton,West Brom,1,0,A,11,11,3,3,9,7,3,3,1,,0,,2021,A,3.0,0.0,3,0.0,0.0,0.0,1,1,3.0,1.7692307692307692,0.6296296296296297
2021-03-08,Everton,Chelsea,0,2,H,19,7,9,1,11,12,7,3,3,,0,,2021,A,0.0,0.0,0,0.0,0.0,0.0,0,3,2.0,1.7037037037037037,1.7857142857142858
2021-03-13,Everton,Burnley,1,2,A,14,14,4,5,9,6,7,4,0,4.0,0,0.0,2021,H,,,0,0.0,0.0,0.0,0,0,1.0,1.6428571428571428,1.1379310344827587
2021-04-05,Everton,Crystal Palace,1,1,D,15,13,7,6,10,10,3,4,2,0.0,0,0.0,2021,H,,,1,0.0,0.0,0.0,0,2,0.3333333333333333,1.6206896551724137,1.2666666666666666
2021-04-12,Everton,Brighton and Hove Albion,0,0,D,23,8,3,1,12,7,10,3,2,,0,,2021,A,1.0,0.0,1,0.0,0.0,0.0,1,2,0.6666666666666666,1.6,1.064516129032258
2021-04-16,Everton,Tottenham Hotspur,2,2,D,18,12,7,3,8,8,6,3,1,1.0,0,0.0,2021,H,,,1,0.0,0.0,0.0,0,1,1.0,1.5806451612903225,1.5625
2021-04-23,Everton,Arsenal,1,0,A,14,8,3,1,13,10,7,3,3,,0,,2021,A,1.0,0.0,3,0.0,0.0,0.0,1,3,1.6666666666666667,1.625,1.393939393939394
2021-05-01,Everton,Aston Villa,1,2,A,16,13,3,5,10,13,3,6,0,2.0,0,0.0,2021,H,,,0,0.0,0.0,0.0,0,0,1.3333333333333333,1.5757575757575757,1.4545454545454546
2021-05-09,Everton,West Ham United,1,0,A,11,9,0,3,8,10,5,6,1,,0,,2021,A,2.0,0.0,3,0.0,0.0,0.0,1,1,2.0,1.6176470588235294,1.6571428571428573
2021-05-13,Everton,Aston Villa,0,0,D,13,15,2,5,9,12,9,1,0,,0,,2021,A,2.0,0.0,1,0.0,0.0,0.0,1,0,1.3333333333333333,1.6,1.4
2021-05-16,Everton,Sheffield United,0,1,A,16,10,6,3,8,12,11,4,1,3.0,0,0.0,2021,H,,,0,0.0,0.0,0.0,0,1,1.3333333333333333,1.5555555555555556,0.5555555555555556
2021-05-19,Everton,Wolverhampton Wanderers,1,0,H,14,9,4,3,11,11,7,12,0,2.0,0,0.0,2021,H,,,3,0.0,0.0,0.0,1,0,1.3333333333333333,1.5945945945945945,1.2162162162162162
2021-05-23,Everton,Manchester City,0,5,H,21,8,11,3,8,10,7,5,2,,0,,2021,A,2.0,0.0,0,0.0,0.0,0.0,0,2,1.0,1.5526315789473684,2.263157894736842
2021-08-14,Everton,Southampton,3,1,H,14,6,6,3,13,15,6,8,2,0.0,0,0.0,2021,H,,,3,0.0,0.0,0.0,0,2,2.0,1.5897435897435896,1.1025641025641026
2021-08-21,Everton,Leeds United,2,2,D,17,17,4,8,6,13,8,5,4,,0,,2021,A,2.0,0.0,1,0.0,0.0,0.0,0,4,1.3333333333333333,1.575,1.5
2021-08-28,Everton,Brighton and Hove Albion,2,0,A,14,14,3,5,7,9,4,5,2,,0,,2021,A,1.0,0.0,3,0.0,0.0,0.0,1,2,2.3333333333333335,1.6097560975609757,1.146341463414634
2021-09-13,Everton,Burnley,3,1,H,14,11,6,6,3,6,4,6,1,1.0,0,0.0,2021,H,,,3,0.0,0.0,0.0,0,1,2.3333333333333335,1.6428571428571428,0.9523809523809523
2021-09-18,Everton,Aston Villa,0,3,H,15,11,3,1,7,10,5,4,1,,0,,2021,A,1.0,0.0,0,0.0,0.0,0.0,0,1,2.0,1.6046511627906976,1.441860465116279
2021-09-25,Everton,Norwich City,2,0,H,11,10,4,2,12,9,6,4,2,3.0,0,0.0,2021,H,,,3,0.0,0.0,0.0,1,2,2.0,1.6363636363636365,0.0
2021-10-02,Everton,Manchester United,1,1,D,13,12,6,2,10,9,10,1,1,,0,,2021,A,1.0,0.0,1,0.0,0.0,0.0,0,1,1.3333333333333333,1.6222222222222222,1.9555555555555555
2021-10-17,Everton,West Ham United,0,1,A,15,16,2,4,3,3,7,9,0,2.0,0,0.0,2021,H,,,0,0.0,0.0,0.0,0,0,1.3333333333333333,1.5869565217391304,1.7173913043478262
2021-10-23,Everton,Watford,2,5,A,15,20,4,8,9,13,3,5,4,3.0,0,0.0,2021,H,,,0,0.0,0.0,0.0,0,4,0.3333333333333333,1.553191489361702,1.1111111111111112
2021-11-01,Everton,Wolverhampton Wanderers,1,2,H,10,14,4,5,10,8,4,3,1,,0,,2021,A,1.0,0.0,0,0.0,0.0,0.0,0,1,0.0,1.5208333333333333,1.2708333333333333
2021-11-07,Everton,Tottenham Hotspur,0,0,D,12,8,2,0,13,17,4,2,2,4.0,1,0.0,2021,H,,,1,0.0,0.0,0.0,1,4,0.3333333333333333,1.510204081632653,1.5918367346938775
2021-11-21,Everton,Manchester City,0,3,H,17,4,7,1,5,7,7,1,1,,0,,2021,A,1.0,0.0,0,0.0,0.0,0.0,0,1,0.3333333333333333,1.48,2.24
2021-11-28,Everton,Brentford,0,1,H,6,14,4,5,8,11,3,3,3,,0,,2021,A,4.0,0.0,0,0.0,0.0,0.0,0,3,0.3333333333333333,1.4509803921568627,1.2307692307692308
2021-12-01,Everton,Liverpool,1,4,A,8,16,2,7,8,16,3,11,4,3.0,0,0.0,2021,H,,,0,0.0,0.0,0.0,0,4,0.0,1.4230769230769231,1.9230769230769231
2021-12-06,Everton,Arsenal,2,1,H,11,10,5,3,8,12,3,3,2,2.0,0,0.0,2021,H,,,3,0.0,0.0,0.0,0,2,1.0,1.4528301886792452,1.5849056603773586
2021-12-12,Everton,Crystal Palace,1,3,H,17,12,6,6,15,14,8,2,2,,0,,2021,A,0.0,0.0,0,0.0,0.0,0.0,0,2,1.0,1.4259259259259258,1.1666666666666667
2021-12-16,Everton,Chelsea,1,1,D,23,5,10,3,11,11,7,1,3,,0,,2021,A,2.0,0.0,1,0.0,0.0,0.0,0,3,1.3333333333333333,1.4181818181818182,1.8909090909090909
2022-01-02,Everton,Brighton and Hove Albion,2,3,A,17,12,6,5,5,12,8,5,1,1.0,0,0.0,2022,H,,,0,0.0,0.0,0.0,0,1,0.3333333333333333,1.3928571428571428,1.1929824561403508
2022-01-15,Everton,Norwich City,1,2,H,14,12,3,5,12,14,8,8,1,,0,,2022,A,3.0,0.0,0,0.0,0.0,0.0,0,1,0.3333333333333333,1.368421052631579,0.6190476190476191
2022-01-22,Everton,Aston Villa,0,1,A,15,8,1,3,14,16,9,2,5,3.0,0,0.0,2022,H,,,0,0.0,0.0,0.0,0,5,0.0,1.3448275862068966,1.3728813559322033
2022-02-08,Everton,Newcastle United,1,3,H,20,11,9,3,13,13,6,2,3,,0,,2022,A,2.0,0.0,0,0.0,0.0,0.0,0,3,0.0,1.3220338983050848,1.05
2022-02-12,Everton,Leeds United,3,0,H,21,7,10,0,8,9,5,3,1,1.0,0,0.0,2022,H,,,3,0.0,0.0,0.0,1,1,1.0,1.35,1.3442622950819672
2022-02-19,Everton,Southampton,0,2,H,19,9,11,0,6,9,4,4,2,,0,,2022,A,0.0,0.0,0,0.0,0.0,0.0,0,2,1.0,1.3278688524590163,1.1904761904761905
2022-02-26,Everton,Manchester City,0,1,A,6,13,2,8,7,14,3,4,3,2.0,0,0.0,2022,H,,,0,0.0,0.0,0.0,0,3,1.0,1.3064516129032258,2.3384615384615386
2022-03-07,Everton,Tottenham Hotspur,0,5,H,14,6,7,0,15,10,5,2,0,,0,,2022,A,2.0,0.0,0,0.0,0.0,0.0,0,0,0.0,1.2857142857142858,1.671875
2022-03-13,Everton,Wolverhampton Wanderers,0,1,A,8,14,2,3,13,11,5,2,2,1.0,1,0.0,2022,H,,,0,0.0,0.0,0.0,0,4,0.0,1.265625,1.3582089552238805
2022-03-17,Everton,Newcastle United,1,0,H,9,17,3,6,13,11,5,7,2,1.0,1,0.0,2022,H,,,3,0.0,0.0,0.0,1,4,1.0,1.2923076923076924,1.1343283582089552
2022-04-03,Everton,West Ham United,1,2,H,11,13,5,2,9,12,2,4,1,,1,,2022,A,1.0,0.0,0,0.0,0.0,0.0,0,3,1.0,1.2727272727272727,1.681159420289855
2022-04-06,Everton,Burnley,2,3,H,13,16,4,4,11,16,9,6,2,,0,,2022,A,2.0,0.0,0,0.0,0.0,0.0,0,2,1.0,1.2537313432835822,0.9402985074626866
2022-04-09,Everton,Manchester United,1,0,H,7,12,3,4,4,10,5,7,2,2.0,0,0.0,2022,H,,,3,0.0,0.0,0.0,1,2,1.0,1.2794117647058822,1.8115942028985508
2022-04-20,Everton,Leicester City,1,1,D,13,11,3,3,8,17,5,4,3,1.0,0,0.0,2022,H,,,1,0.0,0.0,0.0,0,3,1.3333333333333333,1.2753623188405796,1.5507246376811594
2022-04-24,Everton,Liverpool,0,2,H,18,9,4,1,8,8,13,1,5,,0,,2022,A,2.0,0.0,0,0.0,0.0,0.0,0,5,1.3333333333333333,1.2571428571428571,2.084507042253521
2022-05-01,Everton,Chelsea,1,0,H,9,17,4,5,9,12,3,8,3,5.0,0,0.0,2022,H,,,3,0.0,0.0,0.0,1,3,1.3333333333333333,1.2816901408450705,1.8472222222222223
2022-05-08,Everton,Leicester City,2,1,A,16,10,9,4,11,6,6,1,0,,0,,2022,A,3.0,0.0,3,0.0,0.0,0.0,0,0,2.0,1.3055555555555556,1.5
2022-05-11,Everton,Watford,0,0,D,6,16,0,5,5,12,1,13,2,,0,,2022,A,1.0,0.0,1,0.0,0.0,0.0,1,2,2.3333333333333335,1.3013698630136987,0.6388888888888888
2022-05-15,Everton,Brentford,2,3,A,10,18,5,7,8,8,5,2,0,3.0,2,0.0,2022,H,,,0,0.0,0.0,0.0,0,4,1.3333333333333333,1.2837837837837838,1.2432432432432432
2022-05-19,Everton,Crystal Palace,3,2,H,12,7,6,5,9,13,4,5,2,3.0,0,0.0,2022,H,,,3,0.0,0.0,0.0,0,2,1.3333333333333333,1.3066666666666666,1.1866666666666668
2022-05-22,Everton,Arsenal,1,5,H,26,6,9,2,8,9,12,2,1,,0,,2022,A,0.0,0.0,0,0.0,0.0,0.0,0,1,1.0,1.2894736842105263,1.7105263157894737
2022-08-06,Everton,Chelsea,0,1,A,8,15,4,6,14,11,4,16,3,2.0,0,0.0,2022,H,,,0,0.0,0.0,0.0,0,3,1.0,1.2727272727272727,1.87012987012987
2022-08-13,Everton,Aston Villa,1,2,H,12,15,4,4,9,7,5,8,1,,0,,2022,A,4.0,0.0,0,0.0,0.0,0.0,0,1,0.0,1.2564102564102564,1.3205128205128205
2022-08-20,Everton,Nottingham Forest,1,1,D,19,14,8,5,6,9,6,2,3,2.0,0,0.0,2022,H,,,1,0.0,0.0,0.0,0,3,0.3333333333333333,1.2531645569620253,1.3333333333333333
2022-08-27,Everton,Brentford,1,1,D,19,14,5,7,8,8,8,5,2,,0,,2022,A,2.0,0.0,1,0.0,0.0,0.0,0,2,0.6666666666666666,1.25,1.2142857142857142
2022-08-30,Everton,Leeds United,1,1,D,14,7,5,2,10,9,10,2,3,,0,,2022,A,3.0,0.0,1,0.0,0.0,0.0,0,3,1.0,1.2469135802469136,1.2962962962962963
2022-09-03,Everton,Liverpool,0,0,D,14,23,3,8,7,11,7,9,2,2.0,0,0.0,2022,H,,,1,0.0,0.0,0.0,1,2,1.0,1.2439024390243902,2.073170731707317
2022-09-18,Everton,West Ham United,1,0,H,7,14,2,4,8,11,5,14,3,1.0,0,0.0,2022,H,,,3,0.0,0.0,0.0,1,3,1.6666666666666667,1.2650602409638554,1.5060240963855422
2022-10-01,Everton,Southampton,2,1,A,22,12,6,5,11,10,7,6,2,,0,,2022,A,2.0,0.0,3,0.0,0.0,0.0,0,2,2.3333333333333335,1.2857142857142858,1.0714285714285714
2022-10-09,Everton,Manchester United,1,2,A,11,12,2,4,7,13,5,4,2,1.0,0,0.0,2022,H,,,0,0.0,0.0,0.0,0,2,2.0,1.2705882352941176,1.75
2022-10-15,Everton,Tottenham Hotspur,0,2,H,21,4,7,0,12,13,7,1,4,,0,,2022,A,1.0,0.0,0,0.0,0.0,0.0,0,4,1.0,1.255813953488372,1.813953488372093
2022-10-19,Everton,Newcastle United,0,1,H,16,1,4,0,9,12,8,2,4,,0,,2022,A,2.0,0.0,0,0.0,0.0,0.0,0,4,0.0,1.2413793103448276,1.2873563218390804
2022-10-22,Everton,Crystal Palace,3,0,H,9,9,6,2,16,14,3,4,3,4.0,0,0.0,2022,H,,,3,0.0,0.0,0.0,1,3,1.0,1.2613636363636365,1.206896551724138
2022-10-29,Everton,Fulham,0,0,D,24,9,6,4,10,8,13,4,1,,0,,2022,A,2.0,0.0,1,0.0,0.0,0.0,1,1,1.3333333333333333,1.2584269662921348,0.9215686274509803
2022-11-05,Everton,Leicester City,0,2,A,12,22,2,8,9,5,8,3,0,0.0,0,0.0,2022,H,,,0,0.0,0.0,0.0,0,0,1.3333333333333333,1.2444444444444445,1.4666666666666666
2022-11-12,Everton,Bournemouth,0,3,H,16,15,9,3,12,8,3,5,0,,0,,2022,A,2.0,0.0,0,0.0,0.0,0.0,0,0,0.3333333333333333,1.2307692307692308,1.0666666666666667
2022-12-26,Everton,Wolverhampton Wanderers,1,2,A,12,7,6,4,9,22,2,2,1,6.0,0,0.0,2022,H,,,0,0.0,0.0,0.0,0,1,0.0,1.2173913043478262,1.184782608695652
2022-12-31,Everton,Manchester City,1,1,D,16,2,3,1,13,14,7,1,4,,0,,2022,A,3.0,0.0,1,0.0,0.0,0.0,0,4,0.3333333333333333,1.2150537634408602,2.3369565217391304
2023-01-03,Everton,Brighton and Hove Albion,1,4,A,10,19,4,8,8,10,5,2,3,1.0,0,0.0,2023,H,,,0,0.0,0.0,0.0,0,3,0.3333333333333333,1.202127659574468,1.2795698924731183
2023-01-14,Everton,Southampton,1,2,A,12,13,4,5,7,19,6,4,0,3.0,0,0.0,2023,H,,,0,0.0,0.0,0.0,0,0,0.3333333333333333,1.1894736842105262,1.0315789473684212
2023-01-21,Everton,West Ham United,0,2,H,11,5,4,2,9,6,4,9,1,,0,,2023,A,1.0,0.0,0,0.0,0.0,0.0,0,1,0.0,1.1770833333333333,1.4479166666666667
2023-02-04,Everton,Arsenal,1,0,H,12,15,4,3,13,8,7,5,4,1.0,0,0.0,2023,H,,,3,0.0,0.0,0.0,1,4,1.0,1.1958762886597938,1.875
2023-02-13,Everton,Liverpool,0,2,H,15,6,6,1,8,16,3,3,3,,0,,2023,A,1.0,0.0,0,0.0,0.0,0.0,0,3,1.0,1.183673469387755,1.9896907216494846
2023-02-18,Everton,Leeds United,1,0,H,15,8,6,0,8,6,6,4,2,3.0,0,0.0,2023,H,,,3,0.0,0.0,0.0,1,2,2.0,1.202020202020202,1.1717171717171717
2023-02-25,Everton,Aston Villa,0,2,A,15,9,5,5,12,12,5,1,2,1.0,0,0.0,2023,H,,,0,0.0,0.0,0.0,0,2,1.0,1.19,1.31
2023-03-01,Everton,Arsenal,0,4,H,15,8,5,5,5,12,5,1,2,,0,,2023,A,0.0,0.0,0,0.0,0.0,0.0,0,2,1.0,1.1782178217821782,1.881188118811881
2023-03-05,Everton,Nottingham Forest,2,2,D,10,10,4,3,11,17,3,3,5,,0,,2023,A,3.0,0.0,1,0.0,0.0,0.0,0,5,0.3333333333333333,1.1764705882352942,1.04
2023-03-11,Everton,Brentford,1,0,H,13,12,6,4,11,12,5,8,2,1.0,0,0.0,2023,H,,,3,0.0,0.0,0.0,1,2,1.3333333333333333,1.1941747572815533,1.3333333333333333
2023-03-18,Everton,Chelsea,2,2,D,20,12,7,3,8,12,8,2,2,,0,,2023,A,2.0,0.0,1,0.0,0.0,0.0,0,2,1.6666666666666667,1.1923076923076923,1.7378640776699028
2023-04-03,Everton,Tottenham Hotspur,1,1,D,15,8,6,2,10,14,3,3,0,3.0,1,1.0,2023,H,,,1,0.0,0.0,0.0,0,2,1.6666666666666667,1.1904761904761905,1.7428571428571429
2023-04-08,Everton,Manchester United,0,2,H,29,15,11,1,10,9,10,4,0,,0,,2023,A,0.0,0.0,0,0.0,0.0,0.0,0,0,0.6666666666666666,1.179245283018868,1.7904761904761906
2023-04-15,Everton,Fulham,1,3,A,15,21,7,7,10,6,4,8,3,2.0,0,0.0,2023,H,,,0,0.0,0.0,0.0,0,3,0.3333333333333333,1.1682242990654206,1.0294117647058822
2023-04-22,Everton,Crystal Palace,0,0,D,12,10,2,5,12,14,8,1,1,,1,,2023,A,1.0,0.0,1,0.0,0.0,0.0,1,3,0.3333333333333333,1.1666666666666667,1.1944444444444444
2023-04-27,Everton,Newcastle United,1,4,A,13,15,5,8,8,6,3,14,2,1.0,0,0.0,2023,H,,,0,0.0,0.0,0.0,0,2,0.3333333333333333,1.1559633027522935,1.4444444444444444
2023-05-01,Everton,Leicester City,2,2,D,15,23,6,8,10,12,2,9,1,,0,,2023,A,4.0,0.0,1,0.0,0.0,0.0,0,1,0.6666666666666666,1.1545454545454545,1.3454545454545455
2023-05-08,Everton,Brighton and Hove Albion,5,1,A,23,10,5,5,11,13,15,1,5,,0,,2023,A,1.0,0.0,3,0.0,0.0,0.0,0,5,1.3333333333333333,1.1711711711711712,1.348623853211009
2023-05-14,Everton,Manchester City,0,3,A,7,9,3,4,12,4,8,6,1,0.0,0,0.0,2023,H,,,0,0.0,0.0,0.0,0,1,1.3333333333333333,1.1607142857142858,2.3783783783783785
2023-05-20,Everton,Wolverhampton Wanderers,1,1,D,13,19,5,4,18,10,1,7,1,,0,,2023,A,5.0,0.0,1,0.0,0.0,0.0,0,1,1.3333333333333333,1.1592920353982301,1.2123893805309736
2023-05-28,Everton,Bournemouth,1,0,H,13,7,6,2,11,12,9,3,1,3.0,0,0.0,2023,H,,,3,0.0,0.0,0.0,1,1,1.3333333333333333,1.1754385964912282,1.0263157894736843
2023-08-12,Everton,Fulham,0,1,A,19,9,9,2,12,6,10,4,0,2.0,0,0.0,2023,H,,,0,0.0,0.0,0.0,0,0,1.3333333333333333,1.1652173913043478,1.077922077922078
2023-08-20,Everton,Aston Villa,0,4,H,13,9,7,2,8,12,7,6,4,,0,,2023,A,3.0,0.0,0,0.0,0.0,0.0,0,4,1.0,1.1551724137931034,1.4137931034482758
2023-08-26,Everton,Wolverhampton Wanderers,0,1,A,15,11,7,2,10,14,7,0,3,4.0,0,0.0,2023,H,,,0,0.0,0.0,0.0,0,3,0.0,1.1452991452991452,1.1965811965811965
2023-09-02,Everton,Sheffield United,2,2,D,13,16,8,6,11,13,4,6,2,,0,,2023,A,1.0,0.0,1,0.0,0.0,0.0,0,2,0.3333333333333333,1.1440677966101696,0.5714285714285714
2023-09-17,Everton,Arsenal,0,1,A,8,13,1,4,12,10,1,11,1,1.0,0,0.0,2023,H,,,0,0.0,0.0,0.0,0,1,0.3333333333333333,1.134453781512605,1.9075630252100841
2023-09-23,Everton,Brentford,3,1,A,12,18,2,6,9,12,1,4,2,,0,,2023,A,2.0,0.0,3,0.0,0.0,0.0,0,2,1.3333333333333333,1.15,1.353658536585366
2023-09-30,Everton,Luton Town,1,2,A,23,9,5,2,8,10,3,6,0,1.0,0,0.0,2023,H,,,0,0.0,0.0,0.0,0,0,1.0,1.140495867768595,0.6666666666666666
2023-10-07,Everton,Bournemouth,3,0,H,25,11,8,4,14,15,8,7,1,2.0,0,0.0,2023,H,,,3,0.0,0.0,0.0,1,1,2.0,1.1557377049180328,0.9130434782608695
2023-10-21,Everton,Liverpool,0,2,H,26,6,6,1,9,9,12,4,1,,1,,2023,A,1.0,0.0,0,0.0,0.0,0.0,0,3,1.0,1.146341463414634,2.016260162601626
2023-10-29,Everton,West Ham United,1,0,A,12,10,2,4,7,11,4,3,1,,0,,2023,A,4.0,0.0,3,0.0,0.0,0.0,1,1,2.0,1.1612903225806452,1.4112903225806452
2023-11-04,Everton,Brighton and Hove Albion,1,1,D,10,7,4,2,15,5,3,3,4,2.0,0,0.0,2023,H,,,1,0.0,0.0,0.0,0,4,1.3333333333333333,1.16,1.376
2023-11-11,Everton,Crystal Palace,3,2,A,13,8,4,4,9,18,9,2,4,,0,,2023,A,1.0,0.0,3,0.0,0.0,0.0,0,4,2.3333333333333335,1.1746031746031746,1.2063492063492063
2023-11-26,Everton,Manchester United,0,3,A,24,9,6,4,10,8,6,5,3,0.0,0,0.0,2023,H,,,0,0.0,0.0,0.0,0,3,1.3333333333333333,1.1653543307086613,1.8188976377952757
2023-12-02,Everton,Nottingham Forest,1,0,A,13,12,2,3,15,14,4,3,0,,0,,2023,A,1.0,0.0,3,0.0,0.0,0.0,1,0,2.0,1.1796875,0.9807692307692307
2023-12-07,Everton,Newcastle United,3,0,H,21,13,6,3,18,8,5,2,3,0.0,0,0.0,2023,H,,,3,0.0,0.0,0.0,1,3,2.0,1.193798449612403,1.4806201550387597
2023-12-10,Everton,Chelsea,2,0,H,9,16,5,4,12,12,4,8,2,2.0,0,0.0,2023,H,,,3,0.0,0.0,0.0,1,2,3.0,1.2076923076923076,1.5692307692307692
2023-12-16,Everton,Burnley,2,0,A,14,9,2,6,9,8,8,6,1,,0,,2023,A,0.0,0.0,3,0.0,0.0,0.0,1,1,3.0,1.2213740458015268,0.8817204301075269
2023-12-23,Everton,Tottenham Hotspur,1,2,H,13,18,6,8,6,18,3,8,4,,0,,2023,A,1.0,0.0,0,0.0,0.0,0.0,0,4,2.0,1.2121212121212122,1.7348484848484849
2023-12-27,Everton,Manchester City,1,3,A,7,23,2,9,13,5,8,4,4,2.0,0,0.0,2023,H,,,0,0.0,0.0,0.0,0,4,1.0,1.2030075187969924,2.3106060606060606
2023-12-30,Everton,Wolverhampton Wanderers,0,3,H,12,10,6,0,9,14,5,2,3,,0,,2023,A,2.0,0.0,0,0.0,0.0,0.0,0,3,0.0,1.1940298507462686,1.2313432835820894
2024-01-14,Everton,Aston Villa,0,0,D,10,16,2,5,13,14,4,5,1,4.0,0,0.0,2024,H,,,1,0.0,0.0,0.0,1,1,0.3333333333333333,1.1925925925925926,1.511111111111111
2024-01-30,Everton,Fulham,0,0,D,25,21,6,4,6,13,15,6,2,,0,,2024,A,1.0,0.0,1,0.0,0.0,0.0,1,2,0.6666666666666666,1.1911764705882353,1.0714285714285714
2024-02-03,Everton,Tottenham Hotspur,2,2,D,14,9,5,6,8,14,9,5,3,0.0,0,0.0,2024,H,,,1,0.0,0.0,0.0,0,3,1.0,1.1897810218978102,1.72992700729927
2024-02-10,Everton,Manchester City,0,2,H,19,5,3,1,6,11,9,0,2,,0,,2024,A,0.0,0.0,0,0.0,0.0,0.0,0,2,0.6666666666666666,1.181159420289855,2.335766423357664
2024-02-19,Everton,Crystal Palace,1,1,D,19,10,4,4,8,12,3,6,0,2.0,0,0.0,2024,H,,,1,0.0,0.0,0.0,0,0,0.6666666666666666,1.1798561151079137,1.1654676258992807
2024-02-24,Everton,Brighton and Hove Albion,1,1,D,23,6,7,3,9,14,11,3,3,,0,,2024,A,2.0,1.0,1,0.0,0.0,0.0,0,3,0.6666666666666666,1.1785714285714286,1.3785714285714286
2024-03-02,Everton,West Ham United,1,3,A,22,12,11,5,9,6,4,5,1,2.0,0,0.0,2024,H,,,0,0.0,0.0,0.0,0,1,0.6666666666666666,1.1702127659574468,1.4397163120567376
2024-03-09,Everton,Manchester United,0,2,H,15,23,8,6,13,11,5,8,2,,0,,2024,A,1.0,0.0,0,0.0,0.0,0.0,0,2,0.3333333333333333,1.1619718309859155,1.7887323943661972
2024-03-30,Everton,Bournemouth,1,2,H,11,7,4,3,14,11,9,8,2,,0,,2024,A,1.0,0.0,0,0.0,0.0,0.0,0,2,0.0,1.1538461538461537,1.1492537313432836
2024-04-02,Everton,Newcastle United,1,1,D,18,10,6,3,9,14,7,3,3,,0,,2024,A,0.0,0.0,1,0.0,0.0,0.0,0,3,0.3333333333333333,1.1527777777777777,1.4513888888888888
2024-04-06,Everton,Burnley,1,0,H,12,6,3,1,11,13,3,5,2,1.0,0,1.0,2024,H,,,3,0.0,0.0,0.0,1,2,1.3333333333333333,1.1655172413793105,0.8611111111111112
2024-04-15,Everton,Chelsea,0,6,H,14,10,10,2,5,21,4,8,4,,0,,2024,A,1.0,0.0,0,0.0,0.0,0.0,0,4,1.3333333333333333,1.1575342465753424,1.6
2024-04-21,Everton,Nottingham Forest,2,0,H,7,8,4,3,15,9,6,4,3,2.0,0,0.0,2024,H,,,3,0.0,0.0,0.0,1,3,2.0,1.1700680272108843,0.9444444444444444
2024-04-24,Everton,Liverpool,2,0,H,16,23,6,7,6,13,4,13,0,3.0,0,0.0,2024,H,,,3,0.0,0.0,0.0,1,0,2.0,1.1824324324324325,2.0405405405405403
2024-04-27,Everton,Brentford,1,0,H,18,10,1,4,10,12,6,6,1,2.0,0,0.0,2024,H,,,3,0.0,0.0,0.0,1,1,3.0,1.1946308724832215,1.2612612612612613
2024-05-03,Everton,Luton Town,1,1,D,18,10,5,3,14,12,8,7,3,,0,,2024,A,1.0,0.0,1,0.0,0.0,0.0,0,3,2.3333333333333335,1.1933333333333334,0.7222222222222222
2024-05-11,Everton,Sheffield United,1,0,H,15,13,6,1,6,11,3,6,1,2.0,0,0.0,2024,H,,,3,0.0,0.0,0.0,1,1,2.3333333333333335,1.205298013245033,0.52
2024-05-19,Everton,Arsenal,1,2,H,26,5,5,2,8,11,8,1,3,,0,,2024,A,4.0,0.0,0,0.0,0.0,0.0,0,3,1.3333333333333333,1.1973684210526316,1.993421052631579
2024-08-17,Everton,Brighton and Hove Albion,0,3,A,9,10,1,5,8,8,1,5,1,1.0,1,0.0,2024,H,,,0,0.0,0.0,0.0,0,3,1.0,1.1895424836601307,1.3398692810457515
2024-08-24,Everton,Tottenham Hotspur,0,4,H,13,10,7,1,11,15,12,5,0,,0,,2024,A,0.0,0.0,0,0.0,0.0,0.0,0,0,0.0,1.1818181818181819,1.7077922077922079
2024-08-31,Everton,Bournemouth,2,3,A,18,17,8,7,6,1,8,4,2,1.0,0,0.0,2024,H,,,0,0.0,0.0,0.0,0,2,0.0,1.1741935483870967,1.1645569620253164
2024-09-14,Everton,Aston Villa,2,3,H,17,6,8,2,10,12,6,2,4,,0,,2024,A,1.0,0.0,0,0.0,0.0,0.0,0,4,0.0,1.1666666666666667,1.5256410256410255
2024-09-21,Everton,Leicester City,1,1,D,12,16,2,5,11,12,6,1,2,,0,,2024,A,1.0,0.0,1,0.0,0.0,0.0,0,2,0.3333333333333333,1.1656050955414012,1.3025210084033614
2024-09-28,Everton,Crystal Palace,2,1,H,8,17,2,5,13,11,5,8,2,1.0,0,0.0,2024,H,,,3,0.0,0.0,0.0,0,2,1.3333333333333333,1.1772151898734178,1.1962025316455696
2024-10-05,Everton,Newcastle United,0,0,D,8,14,2,3,12,8,0,10,1,2.0,0,0.0,2024,H,,,1,0.0,0.0,0.0,1,1,1.6666666666666667,1.1761006289308176,1.490566037735849
2024-10-19,Everton,Ipswich Town,2,0,A,13,11,2,8,12,10,5,8,1,,0,,2024,A,1.0,0.0,3,0.0,0.0,0.0,1,1,2.3333333333333335,1.1875,0.5
2024-10-26,Everton,Fulham,1,1,D,10,14,5,3,8,8,4,2,1,0.0,0,0.0,2024,H,,,1,0.0,0.0,0.0,0,1,1.6666666666666667,1.186335403726708,1.1300813008130082
2024-11-02,Everton,Southampton,0,1,H,9,16,2,5,14,18,3,6,2,,0,,2024,A,4.0,0.0,0,0.0,0.0,0.0,0,2,1.3333333333333333,1.1790123456790123,0.9032258064516129
2024-11-09,Everton,West Ham United,0,0,D,11,18,6,4,10,9,7,6,2,,0,,2024,A,1.0,0.0,1,0.0,0.0,0.0,1,2,0.6666666666666666,1.177914110429448,1.3803680981595092
2024-11-23,Everton,Brentford,0,0,D,27,9,5,2,8,10,10,4,0,0.0,0,1.0,2024,H,,,1,0.0,0.0,0.0,1,0,0.6666666666666666,1.1768292682926829,1.2777777777777777
2024-12-01,Everton,Manchester United,0,4,H,11,8,5,2,12,12,2,2,3,,0,,2024,A,2.0,0.0,0,0.0,0.0,0.0,0,3,0.6666666666666666,1.1696969696969697,1.7333333333333334
2024-12-04,Everton,Wolverhampton Wanderers,4,0,H,13,6,4,2,10,8,3,4,2,0.0,0,0.0,2024,H,,,3,0.0,0.0,0.0,1,2,1.3333333333333333,1.180722891566265,1.1566265060240963
2024-12-14,Everton,Arsenal,0,0,D,13,2,5,0,6,9,8,2,3,,0,,2024,A,0.0,0.0,1,0.0,0.0,0.0,1,3,1.3333333333333333,1.1796407185628743,1.9821428571428572
2024-12-22,Everton,Chelsea,0,0,D,5,12,4,5,20,12,2,5,4,1.0,0,0.0,2024,H,,,1,0.0,0.0,0.0,1,4,1.6666666666666667,1.1785714285714286,1.6745562130177514
2024-12-26,Everton,Manchester City,1,1,D,24,8,5,3,5,10,8,5,4,,0,,2024,A,1.0,0.0,1,0.0,0.0,0.0,0,4,1.0,1.1775147928994083,2.276470588235294
2024-12-29,Everton,Nottingham Forest,0,2,A,13,11,2,7,13,10,5,4,4,1.0,0,0.0,2024,H,,,0,0.0,0.0,0.0,0,4,0.6666666666666666,1.1705882352941177,1.168421052631579
2025-01-04,Everton,Bournemouth,0,1,H,19,9,8,0,15,14,9,3,2,,0,,2025,A,2.0,0.0,0,0.0,0.0,0.0,0,2,0.3333333333333333,1.1637426900584795,1.25
2025-01-15,Everton,Aston Villa,0,1,A,10,11,3,3,17,10,8,5,2,1.0,0,0.0,2025,H,,,0,0.0,0.0,0.0,0,2,0.0,1.1569767441860466,1.5260115606936415
2025-01-19,Everton,Tottenham Hotspur,3,2,H,12,11,6,6,14,14,3,8,2,1.0,0,0.0,2025,H,,,3,0.0,0.0,0.0,0,2,1.0,1.1676300578034682,1.6264367816091954
2025-01-25,Everton,Brighton and Hove Albion,1,0,A,16,3,1,1,8,11,9,1,4,,0,,2025,A,3.0,0.0,3,0.0,0.0,0.0,1,4,2.0,1.1781609195402298,1.3485714285714285
2025-02-01,Everton,Leicester City,4,0,H,13,9,7,1,7,13,5,6,0,0.0,0,0.0,2025,H,,,3,0.0,0.0,0.0,1,0,3.0,1.1885714285714286,1.2246376811594204
2025-02-12,Everton,Liverpool,2,2,D,10,6,3,4,9,20,2,3,2,2.0,1,1.0,2025,H,,,1,0.0,0.0,0.0,0,4,2.3333333333333335,1.1875,2.085227272727273
2025-02-15,Everton,Crystal Palace,2,1,A,17,11,6,6,9,12,6,2,1,,0,,2025,A,0.0,0.0,3,0.0,0.0,0.0,0,1,2.3333333333333335,1.1977401129943503,1.2203389830508475
2025-02-22,Everton,Manchester United,2,2,D,9,9,8,3,12,9,7,9,4,1.0,0,0.0,2025,H,,,1,0.0,0.0,0.0,0,4,1.6666666666666667,1.196629213483146,1.6685393258426966
2025-02-26,Everton,Brentford,1,1,D,12,14,3,4,3,6,2,5,1,,0,,2025,A,2.0,0.0,1,0.0,0.0,0.0,0,1,1.6666666666666667,1.1955307262569832,1.2907801418439717
2025-03-08,Everton,Wolverhampton Wanderers,1,1,D,11,12,3,4,11,16,5,5,2,,0,,2025,A,2.0,0.0,1,0.0,0.0,0.0,0,2,1.0,1.1944444444444444,1.1444444444444444
2025-03-15,Everton,West Ham United,1,1,D,13,10,5,5,12,8,6,5,1,2.0,0,0.0,2025,H,,,1,0.0,0.0,0.0,0,1,1.0,1.1933701657458564,1.3646408839779005
2025-04-02,Everton,Liverpool,0,1,H,17,5,3,0,7,11,11,5,2,,0,,2025,A,2.0,0.0,0,0.0,0.0,0.0,0,2,0.6666666666666666,1.1868131868131868,2.1043956043956045
2025-04-05,Everton,Arsenal,1,1,D,5,14,2,5,17,13,3,8,3,1.0,0,0.0,2025,H,,,1,0.0,0.0,0.0,0,3,0.6666666666666666,1.185792349726776,1.994535519125683
2025-04-12,Everton,Nottingham Forest,1,0,A,10,13,5,5,9,13,1,7,3,,0,,2025,A,0.0,0.0,3,0.0,0.0,0.0,1,3,1.3333333333333333,1.1956521739130435,1.212962962962963
2025-04-19,Everton,Manchester City,0,2,A,8,12,3,7,7,6,2,5,4,0.0,0,0.0,2025,H,,,0,0.0,0.0,0.0,0,4,1.3333333333333333,1.1891891891891893,2.254054054054054
2025-04-26,Everton,Chelsea,0,1,H,10,6,7,3,11,11,10,2,0,,0,,2025,A,0.0,0.0,0,0.0,0.0,0.0,0,0,1.0,1.1827956989247312,1.6559139784946237
2025-05-03,Everton,Ipswich Town,2,2,D,8,12,3,5,12,15,3,3,4,4.0,0,0.0,2025,H,,,1,0.0,0.0,0.0,0,4,0.3333333333333333,1.1818181818181819,0.6285714285714286
2025-05-10,Everton,Fulham,3,1,A,18,11,6,7,15,9,5,5,0,,0,,2025,A,1.0,0.0,3,0.0,0.0,0.0,0,0,1.3333333333333333,1.1914893617021276,1.1866666666666668
2025-05-18,Everton,Southampton,2,0,H,13,6,5,2,6,10,4,5,1,1.0,0,0.0,2025,H,,,3,0.0,0.0,0.0,1,1,2.3333333333333335,1.2010582010582012,0.7947019867549668
2025-05-25,Everton,Newcastle United,1,0,A,17,14,6,6,12,9,12,3,4,,0,,2025,A,1.0,0.0,3,0.0,0.0,0.0,1,4,3.0,1.2105263157894737,1.5315789473684212
2025-08-18,Everton,Leeds United,0,1,H,21,7,3,1,6,8,7,2,2,,0,,2025,A,0.0,0.0,0,0.0,0.0,0.0,0,2,2.0,1.2041884816753927,1.1391304347826088
2025-08-24,Everton,Brighton and Hove Albion,2,0,H,11,13,3,4,7,15,2,2,4,3.0,0,0.0,2025,H,,,3,0.0,0.0,0.0,1,4,2.0,1.2135416666666667,1.375
2025-08-30,Everton,Wolverhampton Wanderers,3,2,A,12,10,4,4,15,10,2,2,1,,0,,2025,A,0.0,0.0,3,0.0,0.0,0.0,0,1,2.0,1.2227979274611398,1.16580310880829
2025-09-13,Everton,Aston Villa,0,0,D,20,7,2,1,17,15,10,3,3,3.0,0,0.0,2025,H,,,1,0.0,0.0,0.0,1,3,2.3333333333333335,1.2216494845360826,1.5309278350515463
2025-09-20,Everton,Liverpool,1,2,H,11,9,3,2,11,10,5,4,3,,0,,2025,A,2.0,0.0,0,0.0,0.0,0.0,0,3,1.3333333333333333,1.2153846153846153,2.0974358974358975
2025-09-29,Everton,West Ham United,1,1,D,12,14,6,3,7,16,3,5,3,4.0,0,0.0,2025,H,,,1,0.0,0.0,0.0,0,3,0.6666666666666666,1.2142857142857142,1.3265306122448979
2025-10-05,Everton,Crystal Palace,2,1,H,14,15,7,8,13,16,2,4,2,3.0,0,0.0,2025,H,,,3,0.0,0.0,0.0,0,2,1.3333333333333333,1.2233502538071066,1.2741116751269035
2025-10-18,Everton,Manchester City,0,2,H,19,5,7,1,8,14,11,3,2,,0,,2025,A,0.0,0.0,0,0.0,0.0,0.0,0,2,1.3333333333333333,1.2171717171717171,2.2525252525252526
2025-10-26,Everton,Tottenham Hotspur,0,3,A,12,7,2,4,9,8,9,8,2,0.0,0,0.0,2025,H,,,0,0.0,0.0,0.0,0,2,1.0,1.2110552763819096,1.5778894472361809
2025-11-03,Everton,Sunderland,1,1,D,17,8,3,2,10,12,4,1,2,,0,,2025,A,3.0,0.0,1,0.0,0.0,0.0,0,2,0.3333333333333333,1.21,1.8
2025-11-08,Everton,Fulham,2,0,H,14,8,5,4,11,14,7,5,2,2.0,0,0.0,2025,H,,,3,0.0,0.0,0.0,1,2,1.3333333333333333,1.2189054726368158,1.177914110429448
2020-09-12,Fulham,Arsenal,0,3,A,5,13,2,6,12,12,2,3,2,2.0,0,0.0,2020,H,,,0,0.0,0.0,0.0,0,2,0.0,0.0,3.0
2020-09-19,Fulham,Leeds United,3,4,H,10,14,7,6,13,18,5,3,2,,0,,2020,A,1.0,0.0,0,0.0,0.0,0.0,0,2,0.0,0.0,1.5
2020-09-28,Fulham,Aston Villa,0,3,A,16,12,3,5,18,14,5,3,6,3.0,0,0.0,2020,H,,,0,0.0,0.0,0.0,0,6,0.0,0.0,3.0
2020-10-04,Fulham,Wolverhampton Wanderers,0,1,H,14,10,5,2,15,8,6,2,1,,0,,2020,A,1.0,0.0,0,0.0,0.0,0.0,0,1,0.0,0.0,1.5
2020-10-18,Fulham,Sheffield United,1,1,D,10,15,6,6,5,9,2,5,2,,0,,2020,A,0.0,0.0,1,0.0,0.0,0.0,0,2,0.3333333333333333,0.2,0.2
2020-10-24,Fulham,Crystal Palace,1,2,A,16,14,3,10,11,11,4,4,0,1.0,1,0.0,2020,H,,,0,0.0,0.0,0.0,0,2,0.3333333333333333,0.16666666666666666,1.6666666666666667
2020-11-02,Fulham,West Brom,2,0,H,13,10,6,1,13,11,5,2,3,2.0,0,0.0,2020,H,,,3,0.0,0.0,0.0,1,3,1.3333333333333333,0.5714285714285714,0.42857142857142855
2020-11-07,Fulham,West Ham United,0,1,H,16,13,7,3,10,9,9,5,2,,0,,2020,A,2.0,0.0,0,0.0,0.0,0.0,0,2,1.0,0.5,1.375
2020-11-22,Fulham,Everton,2,3,A,14,9,6,7,14,10,2,5,2,0.0,0,0.0,2020,H,,,0,0.0,0.0,0.0,0,2,1.0,0.4444444444444444,1.7777777777777777
2020-11-30,Fulham,Leicester City,2,1,A,16,10,3,5,9,21,6,5,2,,0,,2020,A,0.0,0.0,3,0.0,0.0,0.0,0,2,1.0,0.7,1.8
2020-12-05,Fulham,Manchester City,0,2,H,16,6,6,1,7,6,9,3,0,,0,,2020,A,0.0,0.0,0,0.0,0.0,0.0,0,0,1.0,0.6363636363636364,1.8
2020-12-13,Fulham,Liverpool,1,1,D,10,12,5,6,9,5,6,8,3,1.0,0,0.0,2020,H,,,1,0.0,0.0,0.0,0,3,1.3333333333333333,0.6666666666666666,2.0833333333333335
2020-12-16,Fulham,Brighton and Hove Albion,0,0,D,9,9,4,4,15,11,1,8,1,0.0,0,0.0,2020,H,,,1,0.0,0.0,0.0,1,1,0.6666666666666666,0.6923076923076923,0.8461538461538461
2020-12-19,Fulham,Newcastle United,1,1,D,12,11,5,4,7,17,2,9,2,,1,,2020,A,1.0,0.0,1,0.0,0.0,0.0,0,4,1.0,0.7142857142857143,1.3846153846153846
2020-12-26,Fulham,Southampton,0,0,D,10,3,1,2,15,12,6,3,2,0.0,0,0.0,2020,H,,,1,0.0,0.0,0.0,1,2,1.0,0.7333333333333333,1.6666666666666667
2021-01-13,Fulham,Tottenham Hotspur,1,1,D,15,15,6,4,13,15,6,5,2,,0,,2021,A,1.0,0.0,1,0.0,0.0,0.0,0,2,1.0,0.75,1.7647058823529411
2021-01-16,Fulham,Chelsea,0,1,A,10,21,3,6,11,10,1,12,2,3.0,1,0.0,2021,H,,,0,0.0,0.0,0.0,0,4,0.6666666666666666,0.7058823529411765,1.6111111111111112
2021-01-20,Fulham,Manchester United,1,2,A,12,15,5,5,6,10,2,8,3,1.0,0,0.0,2021,H,,,0,0.0,0.0,0.0,0,3,0.3333333333333333,0.6666666666666666,2.1052631578947367
2021-01-27,Fulham,Brighton and Hove Albion,0,0,D,16,10,5,3,10,14,10,0,1,,0,,2021,A,2.0,0.0,1,0.0,0.0,0.0,1,1,0.3333333333333333,0.6842105263157895,0.9
2021-01-30,Fulham,West Brom,2,2,D,5,12,3,7,9,10,2,3,0,,0,,2021,A,1.0,0.0,1,0.0,0.0,0.0,0,0,0.6666666666666666,0.7,0.5714285714285714
2021-02-03,Fulham,Leicester City,0,2,A,8,9,1,5,17,10,5,2,3,1.0,0,0.0,2021,H,,,0,0.0,0.0,0.0,0,3,0.6666666666666666,0.6666666666666666,1.9090909090909092
2021-02-06,Fulham,West Ham United,0,0,D,20,8,2,1,11,10,7,3,1,2.0,0,1.0,2021,H,,,1,0.0,0.0,0.0,1,1,0.6666666666666666,0.6818181818181818,1.6956521739130435
2021-02-14,Fulham,Everton,2,0,A,7,12,2,3,7,16,5,4,1,,0,,2021,A,1.0,0.0,3,0.0,0.0,0.0,1,1,1.3333333333333333,0.782608695652174,1.6818181818181819
2021-02-17,Fulham,Burnley,1,1,D,8,8,3,3,7,13,5,5,1,,0,,2021,A,1.0,0.0,1,0.0,0.0,0.0,0,1,1.6666666666666667,0.7916666666666666,1.125
2021-02-20,Fulham,Sheffield United,1,0,H,15,4,7,2,11,14,6,4,1,2.0,0,0.0,2021,H,,,3,0.0,0.0,0.0,1,1,2.3333333333333335,0.88,0.44
2021-02-28,Fulham,Crystal Palace,0,0,D,3,16,0,4,10,14,1,3,1,,0,,2021,A,1.0,0.0,1,0.0,0.0,0.0,1,1,1.6666666666666667,0.8846153846153846,1.2692307692307692
2021-03-04,Fulham,Tottenham Hotspur,0,1,A,11,9,3,2,13,9,4,1,2,1.0,0,0.0,2021,H,,,0,0.0,0.0,0.0,0,2,1.3333333333333333,0.8518518518518519,1.6153846153846154
2021-03-07,Fulham,Liverpool,1,0,A,16,10,3,3,10,8,9,4,3,,0,,2021,A,2.0,0.0,3,0.0,0.0,0.0,1,3,1.3333333333333333,0.9285714285714286,1.5357142857142858
2021-03-13,Fulham,Manchester City,0,3,A,3,8,0,7,14,13,4,2,0,0.0,0,0.0,2021,H,,,0,0.0,0.0,0.0,0,0,1.0,0.896551724137931,2.3666666666666667
2021-03-19,Fulham,Leeds United,1,2,A,13,13,6,4,13,12,13,7,2,2.0,0,0.0,2021,H,,,0,0.0,0.0,0.0,0,2,1.0,0.8666666666666667,1.3448275862068966
2021-04-04,Fulham,Aston Villa,1,3,H,14,15,4,7,14,20,4,4,2,,0,,2021,A,1.0,0.0,0,0.0,0.0,0.0,0,2,0.0,0.8387096774193549,1.5172413793103448
2021-04-09,Fulham,Wolverhampton Wanderers,0,1,A,14,7,3,3,11,8,3,4,0,0.0,0,0.0,2021,H,,,0,0.0,0.0,0.0,0,0,0.0,0.8125,1.2258064516129032
2021-04-18,Fulham,Arsenal,1,1,D,18,3,5,1,9,11,11,1,3,,0,,2021,A,0.0,0.0,1,0.0,0.0,0.0,0,3,0.3333333333333333,0.8181818181818182,1.4375
2021-05-01,Fulham,Chelsea,0,2,H,9,10,5,3,15,8,1,8,1,,0,,2021,A,1.0,0.0,0,0.0,0.0,0.0,0,1,0.3333333333333333,0.7941176470588235,1.7941176470588236
2021-05-10,Fulham,Burnley,0,2,A,21,14,3,5,11,10,8,4,2,0.0,0,0.0,2021,H,,,0,0.0,0.0,0.0,0,2,0.3333333333333333,0.7714285714285715,1.1142857142857143
2021-05-15,Fulham,Southampton,1,3,H,11,10,7,3,9,15,6,5,1,,0,,2021,A,0.0,0.0,0,0.0,0.0,0.0,0,1,0.0,0.75,1.1944444444444444
2021-05-18,Fulham,Manchester United,1,1,D,13,8,6,5,10,15,6,1,3,,0,,2021,A,2.0,0.0,1,0.0,0.0,0.0,0,3,0.3333333333333333,0.7567567567567568,1.9189189189189189
2021-05-23,Fulham,Newcastle United,0,2,A,14,10,0,4,12,6,5,4,1,0.0,0,0.0,2021,H,,,0,0.0,0.0,0.0,0,1,0.3333333333333333,0.7368421052631579,1.1842105263157894
2022-08-06,Fulham,Liverpool,2,2,D,9,11,3,4,7,9,4,4,2,0.0,0,0.0,2022,H,,,1,0.0,0.0,0.0,0,2,0.6666666666666666,0.7435897435897436,2.103896103896104
2022-08-13,Fulham,Wolverhampton Wanderers,0,0,D,7,9,1,3,7,14,5,3,3,,0,,2022,A,3.0,0.0,1,0.0,0.0,0.0,1,3,0.6666666666666666,0.75,1.2435897435897436
2022-08-20,Fulham,Brentford,3,2,H,18,13,9,5,13,7,6,3,3,2.0,0,0.0,2022,H,,,3,0.0,0.0,0.0,0,3,1.6666666666666667,0.8048780487804879,1.2195121951219512
2022-08-27,Fulham,Arsenal,1,2,H,22,11,8,3,6,12,9,2,3,,0,,2022,A,2.0,0.0,0,0.0,0.0,0.0,0,3,1.3333333333333333,0.7857142857142857,1.775
2022-08-30,Fulham,Brighton and Hove Albion,2,1,H,10,7,3,4,9,11,3,3,2,1.0,0,0.0,2022,H,,,3,0.0,0.0,0.0,0,2,2.0,0.8372093023255814,1.2592592592592593
2022-09-03,Fulham,Tottenham Hotspur,1,2,H,23,9,10,3,9,6,10,3,4,,0,,2022,A,3.0,0.0,0,0.0,0.0,0.0,0,4,1.0,0.8181818181818182,1.7926829268292683
2022-09-16,Fulham,Nottingham Forest,3,2,A,11,15,3,7,11,10,2,10,4,,0,,2022,A,2.0,0.0,3,0.0,0.0,0.0,0,4,2.0,0.8666666666666667,0.5714285714285714
2022-10-01,Fulham,Newcastle United,1,4,A,3,19,1,10,9,10,1,8,2,0.0,1,0.0,2022,H,,,0,0.0,0.0,0.0,0,4,1.0,0.8478260869565217,1.25
2022-10-09,Fulham,West Ham United,1,3,H,17,8,8,2,9,7,4,2,3,,0,,2022,A,1.0,0.0,0,0.0,0.0,0.0,0,3,1.0,0.8297872340425532,1.5411764705882354
2022-10-15,Fulham,Bournemouth,2,2,D,19,10,4,6,9,11,5,6,2,0.0,0,0.0,2022,H,,,1,0.0,0.0,0.0,0,2,0.3333333333333333,0.8333333333333334,1.3
2022-10-20,Fulham,Aston Villa,3,0,H,18,12,8,6,11,11,9,7,0,2.0,0,1.0,2022,H,,,3,0.0,0.0,0.0,1,0,1.3333333333333333,0.8775510204081632,1.2528735632183907
2022-10-23,Fulham,Leeds United,3,2,A,14,11,5,5,12,8,3,6,1,,0,,2022,A,1.0,0.0,3,0.0,0.0,0.0,0,1,2.3333333333333335,0.92,1.2183908045977012
2022-10-29,Fulham,Everton,0,0,D,24,9,6,4,10,8,13,4,2,1.0,0,0.0,2022,H,,,1,0.0,0.0,0.0,1,2,2.3333333333333335,0.9215686274509803,1.2584269662921348
2022-11-05,Fulham,Manchester City,1,2,H,16,4,5,2,6,11,9,0,4,,0,,2022,A,2.0,1.0,0,0.0,0.0,0.0,0,4,1.3333333333333333,0.9038461538461539,2.3707865168539324
2022-11-13,Fulham,Manchester United,1,2,A,14,14,7,9,9,10,10,3,1,1.0,0,0.0,2022,H,,,0,0.0,0.0,0.0,0,1,0.3333333333333333,0.8867924528301887,1.7555555555555555
2022-12-26,Fulham,Crystal Palace,3,0,A,4,23,0,11,12,15,1,8,0,,0,,2022,A,0.0,2.0,3,0.0,0.0,0.0,1,0,1.0,0.9259259259259259,1.2197802197802199
2022-12-31,Fulham,Southampton,2,1,H,8,9,2,3,8,13,4,4,0,1.0,0,0.0,2022,H,,,3,0.0,0.0,0.0,0,0,2.0,0.9636363636363636,1.021505376344086
2023-01-03,Fulham,Leicester City,1,0,A,15,11,6,2,12,11,6,3,6,,0,,2023,A,2.0,0.0,3,0.0,0.0,0.0,1,6,3.0,1.0,1.4361702127659575
2023-01-12,Fulham,Chelsea,2,1,H,8,20,3,10,12,16,5,7,4,3.0,0,1.0,2023,H,,,3,0.0,0.0,0.0,0,4,3.0,1.0350877192982457,1.7659574468085106
2023-01-15,Fulham,Newcastle United,0,1,H,20,5,5,0,6,14,10,5,3,,0,,2023,A,1.0,0.0,0,0.0,0.0,0.0,0,3,2.0,1.0172413793103448,1.3894736842105264
2023-01-23,Fulham,Tottenham Hotspur,0,1,A,10,10,5,3,10,10,3,8,1,3.0,0,0.0,2023,H,,,0,0.0,0.0,0.0,0,1,1.0,1.0,1.7422680412371134
2023-02-03,Fulham,Chelsea,0,0,D,12,10,3,4,16,12,6,2,4,,0,,2023,A,1.0,0.0,1,0.0,0.0,0.0,1,4,0.3333333333333333,1.0,1.7628865979381443
2023-02-11,Fulham,Nottingham Forest,2,0,H,16,10,3,1,9,11,5,4,0,1.0,0,0.0,2023,H,,,3,0.0,0.0,0.0,1,0,1.3333333333333333,1.0327868852459017,1.0909090909090908
2023-02-18,Fulham,Brighton and Hove Albion,1,0,A,21,5,7,2,12,14,10,2,5,,0,,2023,A,0.0,0.0,3,0.0,0.0,0.0,1,5,2.3333333333333335,1.064516129032258,1.2959183673469388
2023-02-24,Fulham,Wolverhampton Wanderers,1,1,D,10,8,5,2,12,17,4,3,2,0.0,0,0.0,2023,H,,,1,0.0,0.0,0.0,0,2,2.3333333333333335,1.0634920634920635,1.2
2023-03-06,Fulham,Brentford,2,3,H,14,9,6,5,12,17,2,3,3,,0,,2023,A,0.0,0.0,0,0.0,0.0,0.0,0,3,1.3333333333333333,1.046875,1.3548387096774193
2023-03-12,Fulham,Arsenal,0,3,A,12,15,2,7,10,9,4,8,0,1.0,0,0.0,2023,H,,,0,0.0,0.0,0.0,0,0,0.3333333333333333,1.0307692307692307,1.9029126213592233
2023-04-01,Fulham,Bournemouth,1,2,H,12,10,7,2,15,13,4,3,4,,0,,2023,A,1.0,0.0,0,0.0,0.0,0.0,0,4,0.0,1.0151515151515151,0.9642857142857143
2023-04-08,Fulham,West Ham United,0,1,A,16,9,3,5,10,12,11,4,1,1.0,0,0.0,2023,H,,,0,0.0,0.0,0.0,0,1,0.0,1.0,1.438095238095238
2023-04-15,Fulham,Everton,3,1,A,15,21,7,7,10,6,4,8,2,,0,,2023,A,3.0,0.0,3,0.0,0.0,0.0,0,2,1.0,1.0294117647058822,1.1682242990654206
2023-04-22,Fulham,Leeds United,2,1,H,12,10,5,2,10,15,8,6,1,4.0,0,0.0,2023,H,,,3,0.0,0.0,0.0,0,1,2.0,1.0579710144927537,1.1666666666666667
2023-04-25,Fulham,Aston Villa,0,1,H,14,1,3,0,6,18,8,2,2,,0,,2023,A,3.0,0.0,0,0.0,0.0,0.0,0,2,2.0,1.042857142857143,1.4128440366972477
2023-04-30,Fulham,Manchester City,1,2,A,4,12,1,9,9,10,2,5,1,3.0,0,0.0,2023,H,,,0,0.0,0.0,0.0,0,1,1.0,1.028169014084507,2.361111111111111
2023-05-03,Fulham,Liverpool,0,1,H,15,9,3,3,10,8,7,5,0,,0,,2023,A,0.0,0.0,0,0.0,0.0,0.0,0,0,0.0,1.0138888888888888,2.0
2023-05-08,Fulham,Leicester City,5,3,H,17,18,7,9,13,15,2,7,0,3.0,0,0.0,2023,H,,,3,0.0,0.0,0.0,0,0,1.0,1.0410958904109588,1.3333333333333333
2023-05-13,Fulham,Southampton,2,0,A,5,9,1,4,17,12,1,8,0,,0,,2023,A,2.0,0.0,3,0.0,0.0,0.0,1,0,2.0,1.0675675675675675,0.9553571428571429
2023-05-20,Fulham,Crystal Palace,2,2,D,11,11,4,5,13,12,7,4,3,0.0,0,0.0,2023,H,,,1,0.0,0.0,0.0,0,3,2.3333333333333335,1.0666666666666667,1.2035398230088497
2023-05-28,Fulham,Manchester United,1,2,H,21,10,8,3,14,10,5,4,2,,0,,2023,A,1.0,0.0,0,0.0,0.0,0.0,0,2,1.3333333333333333,1.0526315789473684,1.8157894736842106
2023-08-12,Fulham,Everton,1,0,A,19,9,9,2,12,6,10,4,2,,0,,2023,A,0.0,0.0,3,0.0,0.0,0.0,1,2,1.3333333333333333,1.077922077922078,1.1652173913043478
2023-08-19,Fulham,Brentford,0,3,A,10,17,2,8,13,12,5,5,2,2.0,1,0.0,2023,H,,,0,0.0,0.0,0.0,0,4,1.0,1.064102564102564,1.3974358974358974
2023-08-26,Fulham,Arsenal,2,2,D,19,8,11,3,6,5,8,3,3,,1,,2023,A,0.0,0.0,1,0.0,0.0,0.0,0,5,1.3333333333333333,1.0632911392405062,1.8888888888888888
2023-09-02,Fulham,Manchester City,1,5,H,7,6,5,4,12,12,4,5,4,,0,,2023,A,2.0,0.0,0,0.0,0.0,0.0,0,4,0.3333333333333333,1.05,2.3728813559322033
2023-09-16,Fulham,Luton Town,1,0,H,13,7,2,2,6,14,6,2,2,2.0,0,0.0,2023,H,,,3,0.0,0.0,0.0,1,2,1.3333333333333333,1.0740740740740742,0.0
2023-09-23,Fulham,Crystal Palace,0,0,D,7,10,3,5,10,15,3,2,2,,0,,2023,A,3.0,0.0,1,0.0,0.0,0.0,1,2,1.3333333333333333,1.0731707317073171,1.2083333333333333
2023-10-02,Fulham,Chelsea,0,2,A,10,11,3,4,15,12,8,1,1,4.0,0,0.0,2023,H,,,0,0.0,0.0,0.0,0,1,1.3333333333333333,1.0602409638554218,1.5950413223140496
2023-10-07,Fulham,Sheffield United,3,1,H,20,5,6,2,8,10,9,4,1,2.0,0,0.0,2023,H,,,3,0.0,0.0,0.0,0,1,1.3333333333333333,1.0833333333333333,0.5217391304347826
2023-10-23,Fulham,Tottenham Hotspur,0,2,H,15,10,5,3,10,14,3,5,0,,0,,2023,A,2.0,0.0,0,0.0,0.0,0.0,0,0,1.0,1.0705882352941176,1.7560975609756098
2023-10-29,Fulham,Brighton and Hove Albion,1,1,D,18,10,7,5,12,8,7,3,3,,0,,2023,A,0.0,0.0,1,0.0,0.0,0.0,0,3,1.3333333333333333,1.069767441860465,1.3790322580645162
2023-11-04,Fulham,Manchester United,0,1,A,18,12,3,5,9,15,9,4,5,2.0,0,0.0,2023,H,,,0,0.0,0.0,0.0,0,5,0.3333333333333333,1.0574712643678161,1.8
2023-11-12,Fulham,Aston Villa,1,3,H,12,9,6,5,4,17,2,2,5,,0,,2023,A,2.0,0.0,0,0.0,0.0,0.0,0,5,0.3333333333333333,1.0454545454545454,1.4761904761904763
2023-11-27,Fulham,Wolverhampton Wanderers,3,2,H,12,10,6,6,13,13,6,2,2,2.0,0,0.0,2023,H,,,3,0.0,0.0,0.0,0,2,1.0,1.0674157303370786,1.1968503937007875
2023-12-03,Fulham,Liverpool,3,4,H,26,9,12,5,6,7,3,4,0,,0,,2023,A,0.0,0.0,0,0.0,0.0,0.0,0,0,1.0,1.0555555555555556,2.0234375
2023-12-06,Fulham,Nottingham Forest,5,0,H,14,4,6,1,7,10,6,1,0,1.0,0,0.0,2023,H,,,3,0.0,0.0,0.0,1,0,2.0,1.0769230769230769,0.9622641509433962
2023-12-10,Fulham,West Ham United,5,0,H,14,9,8,5,5,10,3,6,2,1.0,0,0.0,2023,H,,,3,0.0,0.0,0.0,1,2,2.0,1.0978260869565217,1.4230769230769231
2023-12-16,Fulham,Newcastle United,0,3,H,27,6,10,4,7,12,5,1,2,,1,,2023,A,0.0,0.0,0,0.0,0.0,0.0,0,4,2.0,1.086021505376344,1.4809160305343512
2023-12-23,Fulham,Burnley,0,2,A,19,7,5,2,5,17,8,6,2,1.0,0,0.0,2023,H,,,0,0.0,0.0,0.0,0,2,1.0,1.074468085106383,0.9042553191489362
2023-12-26,Fulham,Bournemouth,0,3,H,16,8,4,3,10,10,6,5,2,,0,,2023,A,0.0,0.0,0,0.0,0.0,0.0,0,2,0.0,1.063157894736842,1.1428571428571428
2023-12-31,Fulham,Arsenal,2,1,H,15,13,4,3,11,10,5,4,4,1.0,0,0.0,2023,H,,,3,0.0,0.0,0.0,0,4,1.0,1.0833333333333333,1.8955223880597014
2024-01-13,Fulham,Chelsea,0,1,H,17,14,3,4,13,9,6,4,1,,0,,2024,A,5.0,0.0,0,0.0,0.0,0.0,0,1,1.0,1.0721649484536082,1.6
2024-01-30,Fulham,Everton,0,0,D,25,21,6,4,6,13,15,6,1,2.0,0,0.0,2024,H,,,1,0.0,0.0,0.0,1,1,1.3333333333333333,1.0714285714285714,1.1911764705882353
2024-02-03,Fulham,Burnley,2,2,D,12,15,4,7,11,7,2,13,2,,0,,2024,A,2.0,0.0,1,0.0,0.0,0.0,0,2,0.6666666666666666,1.0707070707070707,0.8787878787878788
2024-02-10,Fulham,Bournemouth,3,1,H,7,25,6,4,11,11,1,14,1,2.0,0,0.0,2024,H,,,3,0.0,0.0,0.0,0,1,1.6666666666666667,1.09,1.0819672131147542
2024-02-17,Fulham,Aston Villa,1,2,A,15,12,4,3,11,6,4,4,5,2.0,0,0.0,2024,H,,,0,0.0,0.0,0.0,0,5,1.3333333333333333,1.0792079207920793,1.5107913669064748
2024-02-24,Fulham,Manchester United,2,1,A,21,17,9,5,6,11,10,9,5,,0,,2024,A,2.0,0.0,3,0.0,0.0,0.0,0,5,2.0,1.0980392156862746,1.792857142857143
2024-03-02,Fulham,Brighton and Hove Albion,3,0,H,12,15,5,5,16,10,2,6,1,2.0,0,0.0,2024,H,,,3,0.0,0.0,0.0,1,1,2.0,1.116504854368932,1.3687943262411348
2024-03-09,Fulham,Wolverhampton Wanderers,1,2,H,8,23,3,6,7,11,3,4,2,,0,,2024,A,2.0,0.0,0,0.0,0.0,0.0,0,2,2.0,1.1057692307692308,1.2535211267605635
2024-03-16,Fulham,Tottenham Hotspur,3,0,H,16,14,7,5,9,10,4,5,2,3.0,0,0.0,2024,H,,,3,0.0,0.0,0.0,1,2,2.0,1.1238095238095238,1.732394366197183
2024-03-30,Fulham,Sheffield United,3,3,D,8,24,4,9,10,13,2,15,1,,0,,2024,A,4.0,0.0,1,0.0,0.0,0.0,0,1,1.3333333333333333,1.1226415094339623,0.5671641791044776
2024-04-02,Fulham,Nottingham Forest,1,3,H,16,18,4,3,7,8,3,8,0,,0,,2024,A,0.0,0.0,0,0.0,0.0,0.0,0,0,1.3333333333333333,1.1121495327102804,0.9710144927536232
2024-04-06,Fulham,Newcastle United,0,1,A,14,12,4,5,10,13,14,3,1,2.0,0,0.0,2024,H,,,0,0.0,0.0,0.0,0,1,0.3333333333333333,1.1018518518518519,1.4620689655172414
2024-04-14,Fulham,West Ham United,2,0,A,15,18,4,10,6,13,8,3,2,,0,,2024,A,1.0,0.0,3,0.0,0.0,0.0,1,2,1.0,1.1192660550458715,1.4217687074829932
2024-04-21,Fulham,Liverpool,1,3,A,12,14,5,7,5,11,1,4,3,0.0,0,0.0,2024,H,,,0,0.0,0.0,0.0,0,3,1.0,1.1090909090909091,2.054421768707483
2024-04-27,Fulham,Crystal Palace,1,1,D,9,14,2,4,11,15,5,9,0,2.0,0,0.0,2024,H,,,1,0.0,0.0,0.0,0,0,1.3333333333333333,1.1081081081081081,1.1879194630872483
2024-05-04,Fulham,Brentford,0,0,D,7,15,3,3,3,6,7,6,1,,0,,2024,A,1.0,0.0,1,0.0,0.0,0.0,1,1,0.6666666666666666,1.1071428571428572,1.2589285714285714
2024-05-11,Fulham,Manchester City,0,4,A,1,16,1,9,9,6,1,7,1,0.0,1,0.0,2024,H,,,0,0.0,0.0,0.0,0,3,0.6666666666666666,1.0973451327433628,2.3533333333333335
2024-05-19,Fulham,Luton Town,4,2,A,15,15,6,7,15,20,4,4,4,,0,,2024,A,5.0,0.0,3,0.0,0.0,0.0,0,4,1.3333333333333333,1.1140350877192982,0.6842105263157895
2024-08-16,Fulham,Manchester United,0,1,H,14,10,5,2,12,10,7,8,3,,0,,2024,A,2.0,0.0,0,0.0,0.0,0.0,0,3,1.0,1.1043478260869566,1.7647058823529411
2024-08-24,Fulham,Leicester City,2,1,H,18,10,6,4,14,13,7,5,2,2.0,0,0.0,2024,H,,,3,0.0,0.0,0.0,0,2,2.0,1.1206896551724137,1.3189655172413792
2024-08-31,Fulham,Ipswich Town,1,1,D,11,9,4,4,15,15,8,6,3,,0,,2024,A,2.0,0.0,1,0.0,0.0,0.0,0,3,1.3333333333333333,1.1196581196581197,0.3333333333333333
2024-09-14,Fulham,West Ham United,1,1,D,21,11,5,3,15,18,3,2,2,3.0,0,0.0,2024,H,,,1,0.0,0.0,0.0,0,2,1.6666666666666667,1.11864406779661,1.391025641025641
2024-09-21,Fulham,Newcastle United,3,1,H,22,15,11,4,16,8,6,0,6,0.0,0,0.0,2024,H,,,3,0.0,0.0,0.0,0,6,1.6666666666666667,1.134453781512605,1.4968152866242037
2024-09-28,Fulham,Nottingham Forest,1,0,A,11,14,1,2,11,15,6,5,4,,0,,2024,A,2.0,0.0,3,0.0,0.0,0.0,1,4,2.3333333333333335,1.15,1.0121951219512195
2024-10-05,Fulham,Manchester City,2,3,H,20,11,7,4,4,10,8,3,1,,0,,2024,A,2.0,0.0,0,0.0,0.0,0.0,0,1,2.0,1.140495867768595,2.3647798742138364
2024-10-19,Fulham,Aston Villa,1,3,A,10,14,4,5,8,11,6,11,3,3.0,1,1.0,2024,H,,,0,0.0,0.0,0.0,0,5,1.0,1.1311475409836065,1.5375
2024-10-26,Fulham,Everton,1,1,D,10,14,5,3,8,8,4,2,0,,0,,2024,A,1.0,0.0,1,0.0,0.0,0.0,0,0,0.3333333333333333,1.1300813008130082,1.186335403726708
2024-11-04,Fulham,Brentford,2,1,H,26,5,12,2,3,10,11,3,2,1.0,0,0.0,2024,H,,,3,0.0,0.0,0.0,0,2,1.3333333333333333,1.1451612903225807,1.2661290322580645
2024-11-09,Fulham,Crystal Palace,2,0,A,13,17,5,7,10,11,1,8,1,,0,,2024,A,1.0,1.0,3,0.0,0.0,0.0,1,1,2.3333333333333335,1.16,1.1840490797546013
2024-11-23,Fulham,Wolverhampton Wanderers,1,4,A,10,10,3,5,14,14,7,2,3,0.0,0,0.0,2024,H,,,0,0.0,0.0,0.0,0,3,2.0,1.1507936507936507,1.170731707317073
2024-12-01,Fulham,Tottenham Hotspur,1,1,D,8,14,3,6,4,14,7,11,1,,1,,2024,A,0.0,0.0,1,0.0,0.0,0.0,0,3,1.3333333333333333,1.1496062992125984,1.690909090909091
2024-12-05,Fulham,Brighton and Hove Albion,3,1,H,6,13,2,3,7,8,5,6,2,2.0,0,0.0,2024,H,,,3,0.0,0.0,0.0,0,2,1.3333333333333333,1.1640625,1.355421686746988
2024-12-08,Fulham,Arsenal,1,1,D,2,12,2,4,10,9,0,6,4,2.0,0,0.0,2024,H,,,1,0.0,0.0,0.0,0,4,1.6666666666666667,1.1627906976744187,1.9880239520958083
2024-12-14,Fulham,Liverpool,2,2,D,16,12,4,3,10,7,5,4,4,,0,,2024,A,3.0,1.0,1,0.0,0.0,0.0,0,4,1.6666666666666667,1.1615384615384616,2.07185628742515
2024-12-22,Fulham,Southampton,0,0,D,16,5,5,1,8,15,6,5,1,3.0,0,0.0,2024,H,,,1,0.0,0.0,0.0,1,1,1.0,1.1603053435114503,0.8702290076335878
2024-12-26,Fulham,Chelsea,2,1,A,12,14,8,7,13,13,3,1,3,,0,,2024,A,1.0,0.0,3,0.0,0.0,0.0,0,3,1.6666666666666667,1.1742424242424243,1.6647058823529413
2024-12-29,Fulham,Bournemouth,2,2,D,11,16,6,9,7,16,1,7,1,3.0,0,0.0,2024,H,,,1,0.0,0.0,0.0,0,1,1.6666666666666667,1.1729323308270676,1.231578947368421
2025-01-05,Fulham,Ipswich Town,2,2,D,15,7,4,3,10,14,9,2,1,5.0,0,0.0,2025,H,,,1,0.0,0.0,0.0,0,1,1.6666666666666667,1.171641791044776,0.8
2025-01-14,Fulham,West Ham United,2,3,H,4,21,3,5,9,18,0,3,3,,0,,2025,A,3.0,0.0,0,0.0,0.0,0.0,0,3,0.6666666666666666,1.162962962962963,1.3815028901734103
2025-01-18,Fulham,Leicester City,2,0,A,8,17,4,2,8,8,5,2,1,,0,,2025,A,3.0,0.0,3,0.0,0.0,0.0,1,1,1.3333333333333333,1.1764705882352942,1.2205882352941178
2025-01-26,Fulham,Manchester United,0,1,A,9,4,3,1,7,9,3,0,0,1.0,0,0.0,2025,H,,,0,0.0,0.0,0.0,0,0,1.0,1.167883211678832,1.6914285714285715
2025-02-01,Fulham,Newcastle United,2,1,A,11,15,4,4,10,15,4,7,4,,0,,2025,A,4.0,0.0,3,0.0,0.0,0.0,0,4,2.0,1.181159420289855,1.5113636363636365
2025-02-15,Fulham,Nottingham Forest,2,1,H,24,8,10,2,13,8,8,4,0,0.0,0,0.0,2025,H,,,3,0.0,0.0,0.0,0,0,2.0,1.1942446043165467,1.198019801980198
2025-02-22,Fulham,Crystal Palace,0,2,A,10,10,0,5,10,7,7,7,1,3.0,0,0.0,2025,H,,,0,0.0,0.0,0.0,0,1,2.0,1.1857142857142857,1.2303370786516854
2025-02-25,Fulham,Wolverhampton Wanderers,2,1,A,18,11,5,5,8,15,7,5,3,,0,,2025,A,1.0,0.0,3,0.0,0.0,0.0,0,3,2.0,1.198581560283688,1.1452513966480447
2025-03-08,Fulham,Brighton and Hove Albion,1,2,H,9,6,4,1,6,12,3,7,2,,0,,2025,A,0.0,0.0,0,0.0,0.0,0.0,0,2,1.0,1.1901408450704225,1.3777777777777778
2025-03-16,Fulham,Tottenham Hotspur,2,0,H,13,12,4,4,13,10,6,5,0,0.0,0,0.0,2025,H,,,3,0.0,0.0,0.0,1,0,2.0,1.2027972027972027,1.6187845303867403
2025-04-01,Fulham,Arsenal,1,2,H,17,9,4,3,2,10,5,4,2,,0,,2025,A,1.0,0.0,0,0.0,0.0,0.0,0,2,1.0,1.1944444444444444,2.0
2025-04-06,Fulham,Liverpool,3,2,H,12,14,6,6,10,9,4,4,3,0.0,0,0.0,2025,H,,,3,0.0,0.0,0.0,0,3,2.0,1.206896551724138,2.092896174863388
2025-04-14,Fulham,Bournemouth,0,1,H,12,12,3,7,11,10,6,9,2,,0,,2025,A,3.0,0.0,0,0.0,0.0,0.0,0,2,1.0,1.1986301369863013,1.25
2025-04-20,Fulham,Chelsea,1,2,A,6,13,1,8,13,9,6,4,1,3.0,0,0.0,2025,H,,,0,0.0,0.0,0.0,0,1,1.0,1.1904761904761905,1.6486486486486487
2025-04-26,Fulham,Southampton,2,1,A,7,26,3,5,10,12,0,13,1,,0,,2025,A,1.0,0.0,3,0.0,0.0,0.0,0,1,1.0,1.2027027027027026,0.8040540540540541
2025-05-03,Fulham,Aston Villa,0,1,H,10,11,3,3,6,17,5,3,5,,0,,2025,A,0.0,0.0,0,0.0,0.0,0.0,0,5,1.0,1.1946308724832215,1.5454545454545454
2025-05-10,Fulham,Everton,1,3,A,18,11,6,7,15,9,5,5,1,0.0,0,0.0,2025,H,,,0,0.0,0.0,0.0,0,1,1.0,1.1866666666666668,1.1914893617021276
2025-05-18,Fulham,Brentford,3,2,A,11,16,6,7,12,8,5,3,4,,0,,2025,A,4.0,0.0,3,0.0,0.0,0.0,0,4,1.0,1.1986754966887416,1.3178807947019868
2025-05-25,Fulham,Manchester City,0,2,A,13,20,3,5,11,5,1,6,0,0.0,0,0.0,2025,H,,,0,0.0,0.0,0.0,0,0,1.0,1.1907894736842106,2.263157894736842
2025-08-16,Fulham,Brighton and Hove Albion,1,1,D,10,7,4,2,16,15,4,3,3,,0,,2025,A,3.0,0.0,1,0.0,0.0,0.0,0,3,1.3333333333333333,1.1895424836601307,1.382198952879581
2025-08-24,Fulham,Manchester United,1,1,D,13,10,4,3,12,10,9,6,1,1.0,0,0.0,2025,H,,,1,0.0,0.0,0.0,0,1,0.6666666666666666,1.1883116883116882,1.6145833333333333
2025-08-30,Fulham,Chelsea,0,2,H,13,11,6,3,11,17,6,4,2,,0,,2025,A,2.0,0.0,0,0.0,0.0,0.0,0,2,0.6666666666666666,1.1806451612903226,1.6787564766839378
2025-09-13,Fulham,Leeds United,1,0,H,5,10,3,3,20,15,3,3,1,2.0,0,0.0,2025,H,,,3,0.0,0.0,0.0,1,1,1.3333333333333333,1.1923076923076923,1.11864406779661
2025-09-20,Fulham,Brentford,3,1,H,14,8,3,3,11,13,2,10,4,1.0,0,0.0,2025,H,,,3,0.0,0.0,0.0,0,4,2.0,1.2038216560509554,1.2993630573248407
2025-09-28,Fulham,Aston Villa,1,3,H,9,11,4,4,10,13,2,8,4,,0,,2025,A,1.0,0.0,0,0.0,0.0,0.0,0,4,2.0,1.1962025316455696,1.5357142857142858
2025-10-03,Fulham,Bournemouth,1,3,H,11,12,6,4,8,10,4,3,1,,0,,2025,A,0.0,0.0,0,0.0,0.0,0.0,0,1,1.0,1.1886792452830188,1.2975206611570247
2025-10-18,Fulham,Arsenal,0,1,A,9,16,0,5,11,4,6,10,0,0.0,0,0.0,2025,H,,,0,0.0,0.0,0.0,0,0,0.0,1.18125,2.0
2025-10-25,Fulham,Newcastle United,1,2,H,18,12,7,5,11,18,4,3,2,,0,,2025,A,0.0,0.0,0,0.0,0.0,0.0,0,2,0.0,1.173913043478261,1.5226130653266332
2025-11-01,Fulham,Wolverhampton Wanderers,3,0,H,19,5,6,2,13,14,10,1,1,3.0,0,1.0,2025,H,,,3,0.0,0.0,0.0,1,1,1.0,1.1851851851851851,1.135
2025-11-08,Fulham,Everton,0,2,H,14,8,5,4,11,14,7,5,2,,0,,2025,A,2.0,0.0,0,0.0,0.0,0.0,0,2,1.0,1.177914110429448,1.2189054726368158
2024-08-17,Ipswich Town,Liverpool,0,2,A,7,18,2,5,9,18,2,10,3,1.0,0,0.0,2024,H,,,0,0.0,0.0,0.0,0,3,0.0,0.0,2.045751633986928
2024-08-24,Ipswich Town,Manchester City,1,4,H,14,1,5,1,4,15,10,1,3,,0,,2024,A,2.0,0.0,0,0.0,0.0,0.0,0,3,0.0,0.0,2.3701298701298703
2024-08-31,Ipswich Town,Fulham,1,1,D,11,9,4,4,15,15,8,6,2,3.0,0,0.0,2024,H,,,1,0.0,0.0,0.0,0,2,0.3333333333333333,0.3333333333333333,1.1196581196581197
2024-09-14,Ipswich Town,Brighton and Hove Albion,0,0,D,21,6,6,1,14,16,9,2,3,,0,,2024,A,4.0,0.0,1,0.0,0.0,0.0,1,3,0.6666666666666666,0.5,1.3461538461538463
2024-09-21,Ipswich Town,Southampton,1,1,D,11,13,3,6,16,16,2,10,4,,0,,2024,A,4.0,0.0,1,0.0,0.0,0.0,0,4,1.0,0.6,0.9159663865546218
2024-09-29,Ipswich Town,Aston Villa,2,2,D,15,7,5,3,10,14,10,0,4,1.0,0,0.0,2024,H,,,1,0.0,0.0,0.0,0,4,1.0,0.6666666666666666,1.5316455696202531
2024-10-05,Ipswich Town,West Ham United,1,4,H,23,9,13,2,12,6,5,5,1,,0,,2024,A,0.0,0.0,0,0.0,0.0,0.0,0,1,0.6666666666666666,0.5714285714285714,1.389937106918239
2024-10-19,Ipswich Town,Everton,0,2,A,13,11,2,8,12,10,5,8,1,1.0,0,0.0,2024,H,,,0,0.0,0.0,0.0,0,1,0.3333333333333333,0.5,1.1875
2024-10-26,Ipswich Town,Brentford,3,4,H,20,11,9,5,7,10,5,5,1,,1,,2024,A,0.0,0.0,0,0.0,0.0,0.0,0,3,0.0,0.4444444444444444,1.2764227642276422
2024-11-02,Ipswich Town,Leicester City,1,1,D,14,20,2,6,11,10,4,6,4,2.0,1,0.0,2024,H,,,1,0.0,0.0,0.0,0,6,0.3333333333333333,0.5,1.3064516129032258
2024-11-10,Ipswich Town,Tottenham Hotspur,2,1,A,17,8,5,3,10,19,12,2,5,,0,,2024,A,1.0,0.0,3,0.0,0.0,0.0,0,5,1.3333333333333333,0.7272727272727273,1.687116564417178
2024-11-24,Ipswich Town,Manchester United,1,1,D,11,11,6,4,11,10,4,3,0,0.0,0,0.0,2024,H,,,1,0.0,0.0,0.0,0,0,1.6666666666666667,0.75,1.725609756097561
2024-11-30,Ipswich Town,Nottingham Forest,0,1,H,12,7,5,3,5,16,8,7,3,,0,,2024,A,1.0,0.0,0,0.0,0.0,0.0,0,3,1.3333333333333333,0.6923076923076923,1.0786516853932584
2024-12-03,Ipswich Town,Crystal Palace,0,1,A,9,13,2,3,14,13,4,7,2,4.0,0,0.0,2024,H,,,0,0.0,0.0,0.0,0,2,0.3333333333333333,0.6428571428571429,1.1927710843373494
2024-12-08,Ipswich Town,Bournemouth,1,2,A,18,22,5,6,9,13,6,13,2,1.0,0,0.0,2024,H,,,0,0.0,0.0,0.0,0,2,0.0,0.6,1.2197802197802199
2024-12-14,Ipswich Town,Wolverhampton Wanderers,2,1,A,16,10,6,5,13,9,7,3,2,,0,,2024,A,0.0,1.0,3,0.0,0.0,0.0,0,2,1.0,0.75,1.1428571428571428
2024-12-21,Ipswich Town,Newcastle United,0,4,A,10,15,2,7,9,7,2,1,2,0.0,0,0.0,2024,H,,,0,0.0,0.0,0.0,0,2,1.0,0.7058823529411765,1.485207100591716
2024-12-27,Ipswich Town,Arsenal,0,1,H,13,3,5,0,7,12,5,1,1,,0,,2024,A,1.0,0.0,0,0.0,0.0,0.0,0,1,1.0,0.6666666666666666,1.9941176470588236
2024-12-30,Ipswich Town,Chelsea,2,0,H,9,20,6,5,9,5,4,7,4,4.0,0,0.0,2024,H,,,3,0.0,0.0,0.0,1,4,1.0,0.7894736842105263,1.654970760233918
2025-01-05,Ipswich Town,Fulham,2,2,D,15,7,4,3,10,14,9,2,5,,0,,2025,A,1.0,0.0,1,0.0,0.0,0.0,0,5,1.3333333333333333,0.8,1.171641791044776
2025-01-16,Ipswich Town,Brighton and Hove Albion,0,2,A,5,11,3,5,13,14,1,9,2,2.0,0,0.0,2025,H,,,0,0.0,0.0,0.0,0,2,1.3333333333333333,0.7619047619047619,1.346820809248555
2025-01-19,Ipswich Town,Manchester City,0,6,A,8,17,4,9,4,7,4,7,0,1.0,0,0.0,2025,H,,,0,0.0,0.0,0.0,0,0,0.3333333333333333,0.7272727272727273,2.281609195402299
2025-01-25,Ipswich Town,Liverpool,1,4,H,16,3,6,3,10,11,3,4,2,,0,,2025,A,0.0,0.0,0,0.0,0.0,0.0,0,2,0.0,0.6956521739130435,2.086206896551724
2025-02-01,Ipswich Town,Southampton,1,2,A,15,9,6,4,11,14,1,2,0,3.0,0,0.0,2025,H,,,0,0.0,0.0,0.0,0,0,0.0,0.6666666666666666,0.8478260869565217
2025-02-15,Ipswich Town,Aston Villa,1,1,D,25,4,6,3,7,11,16,1,3,,1,,2025,A,0.0,0.0,1,0.0,0.0,0.0,0,5,0.3333333333333333,0.68,1.5084745762711864
2025-02-22,Ipswich Town,Tottenham Hotspur,1,4,A,17,10,5,6,15,14,4,4,2,1.0,0,0.0,2025,H,,,0,0.0,0.0,0.0,0,2,0.3333333333333333,0.6538461538461539,1.6404494382022472
2025-02-26,Ipswich Town,Manchester United,2,3,H,10,12,6,3,9,16,5,6,4,,0,,2025,A,4.0,1.0,0,0.0,0.0,0.0,0,4,0.3333333333333333,0.6296296296296297,1.675977653631285
2025-03-08,Ipswich Town,Crystal Palace,0,1,H,19,15,4,8,8,7,5,4,3,,0,,2025,A,4.0,0.0,0,0.0,0.0,0.0,0,3,0.0,0.6071428571428571,1.25
2025-03-15,Ipswich Town,Nottingham Forest,2,4,A,11,11,4,6,4,13,6,3,1,1.0,0,0.0,2025,H,,,0,0.0,0.0,0.0,0,1,0.0,0.5862068965517241,1.2190476190476192
2025-04-02,Ipswich Town,Bournemouth,2,1,A,24,10,7,2,14,15,8,3,2,,0,,2025,A,1.0,0.0,3,0.0,0.0,0.0,0,2,1.0,0.6666666666666666,1.2358490566037736
2025-04-05,Ipswich Town,Wolverhampton Wanderers,1,2,A,6,22,2,7,12,16,4,8,2,2.0,0,0.0,2025,H,,,0,0.0,0.0,0.0,0,2,1.0,0.6451612903225806,1.174863387978142
2025-04-13,Ipswich Town,Chelsea,2,2,D,34,13,9,4,11,7,15,4,2,,0,,2025,A,2.0,0.0,1,0.0,0.0,0.0,0,2,1.3333333333333333,0.65625,1.641304347826087
2025-04-20,Ipswich Town,Arsenal,0,4,A,4,24,0,7,10,7,0,12,0,0.0,1,0.0,2025,H,,,0,0.0,0.0,0.0,0,2,0.3333333333333333,0.6363636363636364,1.9945945945945946
2025-04-26,Ipswich Town,Newcastle United,0,3,H,25,4,5,0,9,9,11,2,2,,1,,2025,A,1.0,0.0,0,0.0,0.0,0.0,0,4,0.3333333333333333,0.6176470588235294,1.543010752688172
2025-05-03,Ipswich Town,Everton,2,2,D,8,12,3,5,12,15,3,3,4,,0,,2025,A,4.0,0.0,1,0.0,0.0,0.0,0,4,0.3333333333333333,0.6285714285714286,1.1818181818181819
2025-05-10,Ipswich Town,Brentford,0,1,A,11,15,4,5,6,12,5,6,2,4.0,0,0.0,2025,H,,,0,0.0,0.0,0.0,0,2,0.3333333333333333,0.6111111111111112,1.3266666666666667
2025-05-18,Ipswich Town,Leicester City,0,2,H,9,20,3,2,15,12,2,2,0,,0,,2025,A,1.0,0.0,0,0.0,0.0,0.0,0,0,0.3333333333333333,0.5945945945945946,1.1721854304635762
2025-05-25,Ipswich Town,West Ham United,1,3,A,14,10,4,6,10,9,4,0,1,1.0,0,0.0,2025,H,,,0,0.0,0.0,0.0,0,1,0.0,0.5789473684210527,1.3473684210526315
2020-09-12,Leeds United,Liverpool,3,4,H,22,6,6,3,9,6,9,0,0,,0,,2020,A,1.0,0.0,0,0.0,0.0,0.0,0,0,0.0,0.0,3.0
2020-09-19,Leeds United,Fulham,4,3,H,10,14,7,6,13,18,5,3,1,2.0,0,0.0,2020,H,,,3,0.0,0.0,0.0,0,1,1.5,1.5,0.0
2020-09-27,Leeds United,Sheffield United,1,0,A,14,17,4,9,18,4,5,7,1,,0,,2020,A,2.0,0.0,3,0.0,0.0,0.0,1,1,2.0,2.0,0.0
2020-10-03,Leeds United,Manchester City,1,1,D,12,23,7,2,11,12,7,10,2,1.0,0,0.0,2020,H,,,1,0.0,0.0,0.0,0,2,2.3333333333333335,1.75,1.3333333333333333
2020-10-19,Leeds United,Wolverhampton Wanderers,0,1,A,13,7,2,3,13,12,8,3,2,1.0,0,0.0,2020,H,,,0,0.0,0.0,0.0,0,2,1.3333333333333333,1.4,1.8
2020-10-23,Leeds United,Aston Villa,3,0,A,12,27,4,9,14,17,6,5,2,,0,,2020,A,2.0,0.0,3,0.0,0.0,0.0,1,2,1.3333333333333333,1.6666666666666667,2.4
2020-11-02,Leeds United,Leicester City,1,4,A,11,10,4,8,9,5,10,3,1,1.0,0,0.0,2020,H,,,0,0.0,0.0,0.0,0,1,1.0,1.4285714285714286,2.142857142857143
2020-11-07,Leeds United,Crystal Palace,1,4,H,10,9,6,3,9,1,3,6,2,,0,,2020,A,0.0,0.0,0,0.0,0.0,0.0,0,2,1.0,1.25,1.625
2020-11-22,Leeds United,Arsenal,0,0,D,25,9,4,2,9,8,5,3,3,0.0,0,1.0,2020,H,,,1,0.0,0.0,0.0,1,3,0.3333333333333333,1.2222222222222223,1.4444444444444444
2020-11-28,Leeds United,Everton,1,0,A,15,23,8,7,8,14,4,2,2,,0,,2020,A,1.0,0.0,3,0.0,0.0,0.0,1,2,1.3333333333333333,1.4,1.6
2020-12-05,Leeds United,Chelsea,1,3,H,23,8,11,3,12,9,8,4,2,,0,,2020,A,0.0,0.0,0,0.0,0.0,0.0,0,2,1.3333333333333333,1.2727272727272727,2.0
2020-12-11,Leeds United,West Ham United,1,2,A,13,19,7,8,12,10,5,6,1,2.0,0,0.0,2020,H,,,0,0.0,0.0,0.0,0,1,1.0,1.1666666666666667,1.6666666666666667
2020-12-16,Leeds United,Newcastle United,5,2,H,25,10,10,4,10,13,7,4,3,1.0,0,0.0,2020,H,,,3,0.0,0.0,0.0,0,3,1.0,1.3076923076923077,1.4166666666666667
2020-12-20,Leeds United,Manchester United,2,6,H,26,17,14,3,6,6,11,13,0,,0,,2020,A,1.0,0.0,0,0.0,0.0,0.0,0,0,1.0,1.2142857142857142,2.0
2020-12-27,Leeds United,Burnley,1,0,H,11,14,4,6,8,14,4,12,0,3.0,0,0.0,2020,H,,,3,0.0,0.0,0.0,1,0,2.0,1.3333333333333333,0.9285714285714286
2020-12-29,Leeds United,West Brom,5,0,A,4,14,1,6,7,10,3,10,1,,0,,2020,A,0.0,0.0,3,0.0,0.0,0.0,1,1,2.0,1.4375,0.5
2021-01-02,Leeds United,Tottenham Hotspur,0,3,H,20,18,7,5,15,13,3,5,1,,0,,2021,A,2.0,1.0,0,0.0,0.0,0.0,0,1,2.0,1.3529411764705883,1.8125
2021-01-16,Leeds United,Brighton and Hove Albion,0,1,A,7,7,2,2,8,9,5,2,1,1.0,0,0.0,2021,H,,,0,0.0,0.0,0.0,0,1,1.0,1.2777777777777777,0.8947368421052632
2021-01-26,Leeds United,Newcastle United,2,1,A,22,9,5,2,10,15,9,5,3,,0,,2021,A,1.0,0.0,3,0.0,0.0,0.0,0,3,1.0,1.368421052631579,0.95
2021-01-31,Leeds United,Leicester City,3,1,A,18,8,8,7,17,16,6,4,3,,0,,2021,A,0.0,0.0,3,0.0,0.0,0.0,0,3,2.0,1.45,1.8571428571428572
2021-02-03,Leeds United,Everton,1,2,A,16,10,7,6,12,12,7,1,2,3.0,0,0.0,2021,H,,,0,0.0,0.0,0.0,0,2,2.0,1.380952380952381,1.8
2021-02-08,Leeds United,Crystal Palace,2,0,H,17,8,7,3,7,8,5,3,0,2.0,0,0.0,2021,H,,,3,0.0,0.0,0.0,1,0,2.0,1.4545454545454546,1.2608695652173914
2021-02-14,Leeds United,Arsenal,2,4,H,13,9,5,5,8,17,4,5,2,,0,,2021,A,0.0,0.0,0,0.0,0.0,0.0,0,2,1.0,1.391304347826087,1.4166666666666667
2021-02-19,Leeds United,Wolverhampton Wanderers,0,1,H,15,18,5,7,13,8,7,9,0,,0,,2021,A,1.0,0.0,0,0.0,0.0,0.0,0,0,1.0,1.3333333333333333,1.32
2021-02-23,Leeds United,Southampton,3,0,H,11,13,7,5,11,13,2,4,1,2.0,0,0.0,2021,H,,,3,0.0,0.0,0.0,1,1,1.0,1.4,1.2
2021-02-27,Leeds United,Aston Villa,0,1,A,13,9,3,4,14,14,7,5,3,2.0,0,0.0,2021,H,,,0,0.0,0.0,0.0,0,3,1.0,1.3461538461538463,1.625
2021-03-08,Leeds United,West Ham United,0,2,H,16,17,5,2,9,9,6,6,1,,0,,2021,A,1.0,0.0,0,0.0,0.0,0.0,0,1,1.0,1.2962962962962963,1.7777777777777777
2021-03-13,Leeds United,Chelsea,0,0,D,7,15,4,8,16,6,8,5,3,0.0,0,0.0,2021,H,,,1,0.0,0.0,0.0,1,3,0.3333333333333333,1.2857142857142858,1.7586206896551724
2021-03-19,Leeds United,Fulham,2,1,A,13,13,6,4,13,12,13,7,2,,0,,2021,A,2.0,0.0,3,0.0,0.0,0.0,0,2,1.3333333333333333,1.3448275862068966,0.8666666666666667
2021-04-03,Leeds United,Sheffield United,2,1,H,23,9,8,1,12,13,5,7,1,2.0,0,0.0,2021,H,,,3,0.0,0.0,0.0,0,1,2.3333333333333335,1.4,0.4666666666666667
2021-04-10,Leeds United,Manchester City,2,1,A,29,2,7,2,12,15,9,3,1,,1,,2021,A,3.0,0.0,3,0.0,0.0,0.0,0,3,3.0,1.4516129032258065,2.3125
2021-04-19,Leeds United,Liverpool,1,1,D,12,17,5,7,17,15,10,8,2,1.0,0,0.0,2021,H,,,1,0.0,0.0,0.0,0,2,2.3333333333333335,1.4375,1.65625
2021-04-25,Leeds United,Manchester United,0,0,D,6,16,3,4,21,11,2,6,4,1.0,0,0.0,2021,H,,,1,0.0,0.0,0.0,1,4,1.6666666666666667,1.4242424242424243,2.0303030303030303
2021-05-01,Leeds United,Brighton and Hove Albion,0,2,H,17,11,5,2,17,6,2,9,1,,0,,2021,A,1.0,0.0,0,0.0,0.0,0.0,0,1,0.6666666666666666,1.3823529411764706,1.088235294117647
2021-05-08,Leeds United,Tottenham Hotspur,3,1,H,16,11,7,3,12,10,8,6,1,2.0,0,0.0,2021,H,,,3,0.0,0.0,0.0,0,1,1.3333333333333333,1.4285714285714286,1.6
2021-05-15,Leeds United,Burnley,4,0,A,16,16,4,6,10,10,6,8,1,,0,,2021,A,1.0,0.0,3,0.0,0.0,0.0,1,1,2.0,1.4722222222222223,1.0833333333333333
2021-05-18,Leeds United,Southampton,2,0,A,18,15,3,7,10,12,4,5,3,,0,,2021,A,0.0,0.0,3,0.0,0.0,0.0,1,3,3.0,1.5135135135135136,1.162162162162162
2021-05-23,Leeds United,West Brom,3,1,H,17,14,9,5,12,12,8,3,2,1.0,0,0.0,2021,H,,,3,0.0,0.0,0.0,0,2,3.0,1.5526315789473684,0.6842105263157895
2021-08-14,Leeds United,Manchester United,1,5,H,16,10,8,3,11,9,5,4,2,,0,,2021,A,1.0,0.0,0,0.0,0.0,0.0,0,2,2.0,1.5128205128205128,1.9743589743589745
2021-08-21,Leeds United,Everton,2,2,D,17,17,4,8,6,13,8,5,2,4.0,0,0.0,2021,H,,,1,0.0,0.0,0.0,0,2,1.3333333333333333,1.5,1.575
2021-08-29,Leeds United,Burnley,1,1,D,12,12,3,2,13,9,5,5,3,,0,,2021,A,4.0,0.0,1,0.0,0.0,0.0,0,3,0.6666666666666666,1.4878048780487805,0.975609756097561
2021-09-12,Leeds United,Liverpool,0,3,A,9,30,4,9,9,8,2,11,2,1.0,1,0.0,2021,H,,,0,0.0,0.0,0.0,0,4,0.6666666666666666,1.4523809523809523,1.880952380952381
2021-09-17,Leeds United,Newcastle United,1,1,D,17,22,7,9,9,11,4,5,2,,0,,2021,A,2.0,0.0,1,0.0,0.0,0.0,0,2,0.6666666666666666,1.441860465116279,1.0930232558139534
2021-09-25,Leeds United,West Ham United,1,2,A,15,20,5,7,10,6,5,7,3,2.0,0,0.0,2021,H,,,0,0.0,0.0,0.0,0,3,0.3333333333333333,1.4090909090909092,1.7272727272727273
2021-10-02,Leeds United,Watford,1,0,H,20,5,4,1,10,16,6,3,0,3.0,0,0.0,2021,H,,,3,0.0,0.0,0.0,1,0,1.3333333333333333,1.4444444444444444,1.0
2021-10-16,Leeds United,Southampton,0,1,H,19,3,5,0,16,14,8,1,3,,0,,2021,A,2.0,0.0,0,0.0,0.0,0.0,0,3,1.0,1.4130434782608696,1.0869565217391304
2021-10-23,Leeds United,Wolverhampton Wanderers,1,1,D,18,8,4,4,15,14,6,3,2,3.0,0,0.0,2021,H,,,1,0.0,0.0,0.0,0,2,1.3333333333333333,1.4042553191489362,1.2340425531914894
2021-10-31,Leeds United,Norwich City,2,1,A,14,13,3,6,14,23,5,0,4,,0,,2021,A,1.0,0.0,3,0.0,0.0,0.0,0,4,1.3333333333333333,1.4375,0.2
2021-11-07,Leeds United,Leicester City,1,1,D,18,9,5,3,12,5,10,5,1,1.0,0,0.0,2021,H,,,1,0.0,0.0,0.0,0,1,1.6666666666666667,1.4285714285714286,1.653061224489796
2021-11-21,Leeds United,Tottenham Hotspur,1,2,H,13,18,4,7,11,12,4,8,4,,0,,2021,A,1.0,0.0,0,0.0,0.0,0.0,0,4,1.3333333333333333,1.4,1.62
2021-11-27,Leeds United,Brighton and Hove Albion,0,0,D,20,11,4,4,12,14,6,1,3,,0,,2021,A,1.0,0.0,1,0.0,0.0,0.0,1,3,0.6666666666666666,1.392156862745098,1.1568627450980393
2021-11-30,Leeds United,Crystal Palace,1,0,H,15,9,3,1,15,15,7,4,5,3.0,0,0.0,2021,H,,,3,0.0,0.0,0.0,1,5,1.3333333333333333,1.4230769230769231,1.1538461538461537
2021-12-05,Leeds United,Brentford,2,2,D,13,9,6,3,11,9,5,1,5,3.0,0,0.0,2021,H,,,1,0.0,0.0,0.0,0,5,1.6666666666666667,1.4150943396226414,1.1333333333333333
2021-12-11,Leeds United,Chelsea,2,3,H,16,12,6,5,9,15,5,2,5,,0,,2021,A,2.0,0.0,0,0.0,0.0,0.0,0,5,1.3333333333333333,1.3888888888888888,1.9074074074074074
2021-12-14,Leeds United,Manchester City,0,7,H,31,6,15,3,5,9,6,2,1,,0,,2021,A,1.0,0.0,0,0.0,0.0,0.0,0,1,0.3333333333333333,1.3636363636363635,2.309090909090909
2021-12-18,Leeds United,Arsenal,1,4,A,9,21,2,12,11,7,1,4,3,1.0,0,0.0,2021,H,,,0,0.0,0.0,0.0,0,3,0.0,1.3392857142857142,1.6607142857142858
2022-01-02,Leeds United,Burnley,3,1,H,22,8,7,2,11,7,9,3,2,1.0,0,0.0,2022,H,,,3,0.0,0.0,0.0,0,2,1.0,1.368421052631579,0.9090909090909091
2022-01-16,Leeds United,West Ham United,3,2,A,15,18,5,5,6,9,4,3,2,,0,,2022,A,3.0,0.0,3,0.0,0.0,0.0,0,2,2.0,1.396551724137931,1.7
2022-01-22,Leeds United,Newcastle United,0,1,A,13,15,4,3,9,9,6,7,4,2.0,0,0.0,2022,H,,,0,0.0,0.0,0.0,0,4,2.0,1.3728813559322033,1.0169491525423728
2022-02-09,Leeds United,Aston Villa,3,3,D,12,16,4,8,11,9,6,11,3,,0,,2022,A,1.0,1.0,1,0.0,0.0,0.0,0,3,1.3333333333333333,1.3666666666666667,1.3666666666666667
2022-02-12,Leeds United,Everton,0,3,H,21,7,10,0,8,9,5,3,1,,0,,2022,A,1.0,0.0,0,0.0,0.0,0.0,0,1,0.3333333333333333,1.3442622950819672,1.35
2022-02-20,Leeds United,Manchester United,2,4,A,16,15,6,9,13,19,3,3,6,3.0,0,0.0,2022,H,,,0,0.0,0.0,0.0,0,6,0.3333333333333333,1.3225806451612903,1.875
2022-02-23,Leeds United,Liverpool,0,6,H,23,3,15,2,5,11,4,0,3,,0,,2022,A,0.0,0.0,0,0.0,0.0,0.0,0,3,0.0,1.3015873015873016,2.015625
2022-02-26,Leeds United,Tottenham Hotspur,0,4,A,19,15,3,11,16,11,3,6,4,2.0,0,0.0,2022,H,,,0,0.0,0.0,0.0,0,4,0.0,1.28125,1.6507936507936507
2022-03-05,Leeds United,Leicester City,0,1,H,7,19,4,4,9,12,5,10,2,,0,,2022,A,1.0,0.0,0,0.0,0.0,0.0,0,2,0.0,1.2615384615384615,1.5714285714285714
2022-03-10,Leeds United,Aston Villa,0,3,A,4,15,1,9,17,11,3,5,5,3.0,0,0.0,2022,H,,,0,0.0,0.0,0.0,0,5,0.0,1.2424242424242424,1.4
2022-03-13,Leeds United,Norwich City,2,1,H,13,12,7,4,18,8,6,2,3,1.0,0,0.0,2022,H,,,3,0.0,0.0,0.0,0,3,1.0,1.2686567164179106,0.5862068965517241
2022-03-18,Leeds United,Wolverhampton Wanderers,3,2,A,14,15,8,6,13,14,2,5,4,,0,,2022,A,1.0,1.0,3,0.0,0.0,0.0,0,4,2.0,1.2941176470588236,1.338235294117647
2022-04-02,Leeds United,Southampton,1,1,D,12,14,3,6,14,7,4,7,1,1.0,0,0.0,2022,H,,,1,0.0,0.0,0.0,0,1,2.3333333333333335,1.289855072463768,1.161764705882353
2022-04-09,Leeds United,Watford,3,0,A,8,10,1,5,8,12,3,8,0,,0,,2022,A,2.0,0.0,3,0.0,0.0,0.0,1,0,2.3333333333333335,1.3142857142857143,0.7096774193548387
2022-04-25,Leeds United,Crystal Palace,0,0,D,17,9,7,2,12,13,6,3,2,,0,,2022,A,2.0,0.0,1,0.0,0.0,0.0,1,2,1.6666666666666667,1.3098591549295775,1.1549295774647887
2022-04-30,Leeds United,Manchester City,0,4,A,7,19,2,6,13,3,3,6,1,2.0,0,0.0,2022,H,,,0,0.0,0.0,0.0,0,1,1.3333333333333333,1.2916666666666667,2.3472222222222223
2022-05-08,Leeds United,Arsenal,1,2,H,19,3,9,2,13,15,8,2,2,,1,,2022,A,2.0,0.0,0,0.0,0.0,0.0,0,4,0.3333333333333333,1.273972602739726,1.7397260273972603
2022-05-11,Leeds United,Chelsea,0,3,A,5,17,0,4,10,14,1,5,1,0.0,1,0.0,2022,H,,,0,0.0,0.0,0.0,0,3,0.0,1.2567567567567568,1.8513513513513513
2022-05-15,Leeds United,Brighton and Hove Albion,1,1,D,19,16,5,6,16,8,8,1,3,2.0,0,0.0,2022,H,,,1,0.0,0.0,0.0,0,3,0.3333333333333333,1.2533333333333334,1.1866666666666668
2022-05-22,Leeds United,Brentford,2,1,A,14,14,5,6,11,13,3,2,1,,0,,2022,A,2.0,1.0,3,0.0,0.0,0.0,0,1,1.3333333333333333,1.2763157894736843,1.2105263157894737
2022-08-06,Leeds United,Wolverhampton Wanderers,2,1,H,12,15,4,6,13,9,6,4,2,0.0,0,0.0,2022,H,,,3,0.0,0.0,0.0,0,2,2.3333333333333335,1.2987012987012987,1.2467532467532467
2022-08-13,Leeds United,Southampton,2,2,D,14,13,4,5,10,12,2,5,3,,0,,2022,A,1.0,0.0,1,0.0,0.0,0.0,0,3,2.3333333333333335,1.294871794871795,1.0769230769230769
2022-08-21,Leeds United,Chelsea,3,0,H,12,14,6,3,16,15,4,6,0,1.0,0,1.0,2022,H,,,3,0.0,0.0,0.0,1,0,2.3333333333333335,1.3164556962025316,1.8354430379746836
2022-08-27,Leeds United,Brighton and Hove Albion,0,1,H,13,10,4,2,10,14,5,3,3,,0,,2022,A,2.0,0.0,0,0.0,0.0,0.0,0,3,1.3333333333333333,1.3,1.275
2022-08-30,Leeds United,Everton,1,1,D,14,7,5,2,10,9,10,2,3,3.0,0,0.0,2022,H,,,1,0.0,0.0,0.0,0,3,1.3333333333333333,1.2962962962962963,1.2469135802469136
2022-09-03,Leeds United,Brentford,2,5,H,14,17,8,6,8,9,2,6,2,,0,,2022,A,2.0,0.0,0,0.0,0.0,0.0,0,2,0.3333333333333333,1.2804878048780488,1.25
2022-10-02,Leeds United,Aston Villa,0,0,D,9,19,1,7,23,12,2,9,3,2.0,1,0.0,2022,H,,,1,0.0,0.0,0.0,1,5,0.6666666666666666,1.2771084337349397,1.2857142857142858
2022-10-09,Leeds United,Crystal Palace,1,2,H,13,10,5,4,13,23,5,3,3,,0,,2022,A,3.0,0.0,0,0.0,0.0,0.0,0,3,0.3333333333333333,1.2619047619047619,1.2023809523809523
2022-10-16,Leeds United,Arsenal,0,1,A,16,9,4,4,10,11,6,3,0,2.0,0,0.0,2022,H,,,0,0.0,0.0,0.0,0,0,0.3333333333333333,1.2470588235294118,1.8255813953488371
2022-10-20,Leeds United,Leicester City,0,2,H,5,14,1,2,15,11,2,9,1,,0,,2022,A,2.0,0.0,0,0.0,0.0,0.0,0,1,0.0,1.2325581395348837,1.4482758620689655
2022-10-23,Leeds United,Fulham,2,3,A,14,11,5,5,12,8,3,6,1,1.0,0,0.0,2022,H,,,0,0.0,0.0,0.0,0,1,0.0,1.2183908045977012,0.92
2022-10-29,Leeds United,Liverpool,2,1,A,22,14,10,6,9,3,14,5,1,,0,,2022,A,0.0,0.0,3,0.0,0.0,0.0,0,1,1.0,1.2386363636363635,2.0113636363636362
2022-11-05,Leeds United,Bournemouth,4,3,H,18,9,4,6,16,10,13,3,2,2.0,0,0.0,2022,H,,,3,0.0,0.0,0.0,0,2,2.0,1.2584269662921348,0.9285714285714286
2022-11-12,Leeds United,Tottenham Hotspur,3,4,H,14,12,8,5,8,7,9,2,1,,1,,2022,A,1.0,0.0,0,0.0,0.0,0.0,0,3,2.0,1.2444444444444445,1.7802197802197801
2022-12-28,Leeds United,Manchester City,1,3,A,9,26,1,9,11,14,3,5,3,3.0,0,0.0,2022,H,,,0,0.0,0.0,0.0,0,3,1.0,1.2307692307692308,2.3516483516483517
2022-12-31,Leeds United,Newcastle United,0,0,D,16,8,5,1,13,19,9,3,5,,0,,2022,A,3.0,0.0,1,0.0,0.0,0.0,1,5,0.3333333333333333,1.2282608695652173,1.3763440860215055
2023-01-04,Leeds United,West Ham United,2,2,D,14,15,6,2,11,18,8,1,3,1.0,0,0.0,2023,H,,,1,0.0,0.0,0.0,0,3,0.6666666666666666,1.2258064516129032,1.446808510638298
2023-01-13,Leeds United,Aston Villa,1,2,H,11,16,5,4,12,8,0,11,2,,0,,2023,A,2.0,0.0,0,0.0,0.0,0.0,0,2,0.6666666666666666,1.2127659574468086,1.3157894736842106
2023-01-22,Leeds United,Brentford,0,0,D,9,6,5,0,10,18,2,3,2,2.0,0,0.0,2023,H,,,1,0.0,0.0,0.0,1,2,0.6666666666666666,1.2105263157894737,1.3103448275862069
2023-02-05,Leeds United,Nottingham Forest,0,1,H,6,10,2,4,15,14,0,2,2,,0,,2023,A,4.0,0.0,0,0.0,0.0,0.0,0,2,0.3333333333333333,1.1979166666666667,1.1428571428571428
2023-02-08,Leeds United,Manchester United,2,2,D,24,8,7,2,7,11,6,5,3,,0,,2023,A,1.0,0.0,1,0.0,0.0,0.0,0,3,0.6666666666666666,1.1958762886597938,1.7857142857142858
2023-02-12,Leeds United,Manchester United,0,2,A,16,11,6,5,10,13,7,3,2,1.0,0,0.0,2023,H,,,0,0.0,0.0,0.0,0,2,0.3333333333333333,1.183673469387755,1.797979797979798
2023-02-18,Leeds United,Everton,0,1,H,15,8,6,0,8,6,6,4,3,,0,,2023,A,2.0,0.0,0,0.0,0.0,0.0,0,3,0.3333333333333333,1.1717171717171717,1.202020202020202
2023-02-25,Leeds United,Southampton,1,0,H,14,8,4,2,15,13,9,2,2,4.0,0,0.0,2023,H,,,3,0.0,0.0,0.0,1,2,1.0,1.19,1.01
2023-03-04,Leeds United,Chelsea,0,1,H,13,11,3,2,10,7,5,7,0,,0,,2023,A,2.0,0.0,0,0.0,0.0,0.0,0,0,1.0,1.1782178217821782,1.7326732673267327
2023-03-11,Leeds United,Brighton and Hove Albion,2,2,D,12,14,4,2,12,9,4,7,1,1.0,0,0.0,2023,H,,,1,0.0,0.0,0.0,0,1,1.3333333333333333,1.1764705882352942,1.31
2023-03-18,Leeds United,Wolverhampton Wanderers,4,2,A,23,11,8,4,15,9,5,4,5,,0,,2023,A,3.0,1.0,3,0.0,0.0,0.0,0,5,1.3333333333333333,1.1941747572815533,1.1826923076923077
2023-04-01,Leeds United,Arsenal,1,4,H,13,7,6,5,11,13,4,3,2,,0,,2023,A,0.0,0.0,0,0.0,0.0,0.0,0,2,1.3333333333333333,1.1826923076923077,1.9238095238095239
2023-04-04,Leeds United,Nottingham Forest,2,1,H,21,13,6,1,11,13,11,4,1,4.0,0,0.0,2023,H,,,3,0.0,0.0,0.0,0,1,2.0,1.2,0.9310344827586207
2023-04-09,Leeds United,Crystal Palace,1,5,A,11,16,7,8,11,8,2,4,3,1.0,0,0.0,2023,H,,,0,0.0,0.0,0.0,0,3,1.0,1.1886792452830188,1.179245283018868
2023-04-17,Leeds United,Liverpool,1,6,A,13,13,3,7,6,12,4,2,0,1.0,0,0.0,2023,H,,,0,0.0,0.0,0.0,0,0,1.0,1.1775700934579438,1.9622641509433962
2023-04-22,Leeds United,Fulham,1,2,H,12,10,5,2,10,15,8,6,4,,0,,2023,A,1.0,0.0,0,0.0,0.0,0.0,0,4,0.0,1.1666666666666667,1.0579710144927537
2023-04-25,Leeds United,Leicester City,1,1,D,13,15,3,3,14,15,3,6,4,2.0,0,0.0,2023,H,,,1,0.0,0.0,0.0,0,4,0.3333333333333333,1.165137614678899,1.348623853211009
2023-04-30,Leeds United,Bournemouth,1,4,H,12,15,7,6,12,14,2,6,0,,0,,2023,A,1.0,0.0,0,0.0,0.0,0.0,0,0,0.3333333333333333,1.1545454545454545,1.1470588235294117
2023-05-06,Leeds United,Manchester City,1,2,H,18,4,6,2,3,16,10,1,3,,0,,2023,A,0.0,0.0,0,0.0,0.0,0.0,0,3,0.3333333333333333,1.1441441441441442,2.3727272727272726
2023-05-13,Leeds United,Newcastle United,2,2,D,9,18,4,5,16,14,2,6,3,2.0,1,0.0,2023,H,,,1,0.0,0.0,0.0,0,5,0.3333333333333333,1.1428571428571428,1.4414414414414414
2023-05-21,Leeds United,West Ham United,1,3,H,19,12,9,3,6,11,9,5,3,,0,,2023,A,1.0,0.0,0,0.0,0.0,0.0,0,3,0.3333333333333333,1.1327433628318584,1.424778761061947
2023-05-28,Leeds United,Tottenham Hotspur,1,4,A,19,11,2,7,7,5,12,3,3,0.0,0,0.0,2023,H,,,0,0.0,0.0,0.0,0,3,0.3333333333333333,1.1228070175438596,1.6929824561403508
2025-08-18,Leeds United,Everton,1,0,H,21,7,3,1,6,8,7,2,0,2.0,0,0.0,2025,H,,,3,0.0,0.0,0.0,1,0,1.0,1.1391304347826088,1.2041884816753927
2025-08-23,Leeds United,Arsenal,0,5,H,18,3,5,1,8,11,2,2,2,,0,,2025,A,0.0,0.0,0,0.0,0.0,0.0,0,2,1.0,1.1293103448275863,1.9947916666666667
2025-08-30,Leeds United,Newcastle United,0,0,D,10,8,1,2,10,15,5,5,1,1.0,0,0.0,2025,H,,,1,0.0,0.0,0.0,1,1,1.3333333333333333,1.1282051282051282,1.5181347150259068
2025-09-13,Leeds United,Fulham,0,1,H,5,10,3,3,20,15,3,3,2,,0,,2025,A,1.0,0.0,0,0.0,0.0,0.0,0,2,0.3333333333333333,1.11864406779661,1.1923076923076923
2025-09-20,Leeds United,Wolverhampton Wanderers,3,1,A,16,6,6,4,11,9,4,0,1,,0,,2025,A,1.0,0.0,3,0.0,0.0,0.0,0,1,1.3333333333333333,1.134453781512605,1.1538461538461537
2025-09-27,Leeds United,Bournemouth,2,2,D,19,12,8,5,12,13,7,4,2,2.0,0,0.0,2025,H,,,1,0.0,0.0,0.0,0,2,1.3333333333333333,1.1333333333333333,1.2833333333333334
2025-10-04,Leeds United,Tottenham Hotspur,1,2,A,16,9,4,3,10,12,4,1,2,3.0,0,0.0,2025,H,,,0,0.0,0.0,0.0,0,2,1.3333333333333333,1.1239669421487604,1.5786802030456852
2025-10-18,Leeds United,Burnley,0,2,H,4,19,3,4,10,7,1,5,1,,0,,2025,A,2.0,0.0,0,0.0,0.0,0.0,0,1,0.3333333333333333,1.1147540983606556,0.860655737704918
2025-10-24,Leeds United,West Ham United,2,1,H,13,9,5,3,12,11,3,4,3,3.0,0,0.0,2025,H,,,3,0.0,0.0,0.0,0,3,1.0,1.1300813008130082,1.306532663316583
2025-11-01,Leeds United,Brighton and Hove Albion,0,3,H,14,5,7,2,10,7,4,7,1,,0,,2025,A,0.0,0.0,0,0.0,0.0,0.0,0,1,1.0,1.1209677419354838,1.39
2025-11-09,Leeds United,Nottingham Forest,1,3,H,14,10,6,3,10,11,6,4,1,,0,,2025,A,2.0,0.0,0,0.0,0.0,0.0,0,1,1.0,1.112,1.184
2020-09-13,Leicester City,West Brom,3,0,A,7,13,1,7,12,9,2,5,1,,0,,2020,A,1.0,0.0,3,0.0,0.0,0.0,1,1,3.0,3.0,0.0
2020-09-20,Leicester City,Burnley,4,2,H,14,16,6,5,11,13,15,4,1,2.0,0,0.0,2020,H,,,3,0.0,0.0,0.0,0,1,3.0,3.0,0.0
2020-09-27,Leicester City,Manchester City,5,2,A,16,7,5,7,13,8,3,4,3,,0,,2020,A,1.0,0.0,3,0.0,0.0,0.0,0,3,3.0,3.0,1.5
2020-10-04,Leicester City,West Ham United,0,3,A,4,14,0,6,11,8,6,4,2,2.0,0,0.0,2020,H,,,0,0.0,0.0,0.0,0,2,2.0,2.25,1.5
2020-10-18,Leicester City,Aston Villa,0,1,A,11,10,5,4,18,18,2,7,4,3.0,0,0.0,2020,H,,,0,0.0,0.0,0.0,0,4,1.0,1.8,3.0
2020-10-25,Leicester City,Arsenal,1,0,A,12,6,4,2,13,9,9,3,5,,0,,2020,A,3.0,0.0,3,0.0,0.0,0.0,1,5,1.0,2.0,1.5
2020-11-02,Leicester City,Leeds United,4,1,A,11,10,4,8,9,5,10,3,1,,0,,2020,A,1.0,0.0,3,0.0,0.0,0.0,0,1,2.0,2.142857142857143,1.4285714285714286
2020-11-08,Leicester City,Wolverhampton Wanderers,1,0,H,10,7,3,2,12,8,6,3,2,3.0,0,0.0,2020,H,,,3,0.0,0.0,0.0,1,2,3.0,2.25,1.625
2020-11-22,Leicester City,Liverpool,0,3,H,24,11,13,4,15,6,10,3,2,,0,,2020,A,0.0,0.0,0,0.0,0.0,0.0,0,2,2.0,2.0,2.2222222222222223
2020-11-30,Leicester City,Fulham,1,2,A,16,10,3,5,9,21,6,5,0,2.0,0,0.0,2020,H,,,0,0.0,0.0,0.0,0,0,1.0,1.8,0.7
2020-12-06,Leicester City,Sheffield United,2,1,A,4,13,1,4,13,6,6,5,3,,0,,2020,A,1.0,0.0,3,0.0,0.0,0.0,0,3,1.0,1.9090909090909092,0.09090909090909091
2020-12-13,Leicester City,Brighton and Hove Albion,3,0,H,15,12,6,4,9,11,9,5,2,1.0,0,0.0,2020,H,,,3,0.0,0.0,0.0,1,2,2.0,2.0,0.8333333333333334
2020-12-16,Leicester City,Everton,0,2,A,14,11,2,6,12,9,4,6,2,3.0,0,0.0,2020,H,,,0,0.0,0.0,0.0,0,2,2.0,1.8461538461538463,1.7692307692307692
2020-12-20,Leicester City,Tottenham Hotspur,2,0,A,8,17,3,4,15,14,5,3,2,,0,,2020,A,2.0,0.0,3,0.0,0.0,0.0,1,2,2.0,1.9285714285714286,1.7857142857142858
2020-12-26,Leicester City,Manchester United,2,2,D,10,9,2,4,10,17,5,0,2,1.0,0,0.0,2020,H,,,1,0.0,0.0,0.0,0,2,1.3333333333333333,1.8666666666666667,1.9285714285714286
2020-12-28,Leicester City,Crystal Palace,1,1,D,4,17,1,3,10,7,2,5,1,,0,,2020,A,0.0,0.0,1,0.0,0.0,0.0,0,1,1.6666666666666667,1.8125,1.1875
2021-01-03,Leicester City,Newcastle United,2,1,A,8,9,2,3,10,11,3,6,2,,0,,2021,A,0.0,0.0,3,0.0,0.0,0.0,0,2,1.6666666666666667,1.8823529411764706,1.1875
2021-01-16,Leicester City,Southampton,2,0,H,16,8,5,3,10,11,2,5,2,2.0,0,0.0,2021,H,,,3,0.0,0.0,0.0,1,2,2.3333333333333335,1.9444444444444444,1.6111111111111112
2021-01-19,Leicester City,Chelsea,2,0,H,8,9,6,5,7,16,6,3,1,3.0,0,0.0,2021,H,,,3,0.0,0.0,0.0,1,1,3.0,2.0,1.5263157894736843
2021-01-27,Leicester City,Everton,1,1,D,8,19,2,6,12,10,5,11,1,,0,,2021,A,1.0,0.0,1,0.0,0.0,0.0,0,1,2.3333333333333335,1.95,1.8333333333333333
2021-01-31,Leicester City,Leeds United,1,3,A,18,8,8,7,17,16,6,4,0,3.0,0,0.0,2021,H,,,0,0.0,0.0,0.0,0,0,1.3333333333333333,1.8571428571428572,1.45
2021-02-03,Leicester City,Fulham,2,0,A,8,9,1,5,17,10,5,2,1,,0,,2021,A,3.0,0.0,3,0.0,0.0,0.0,1,1,1.3333333333333333,1.9090909090909092,0.6666666666666666
2021-02-07,Leicester City,Wolverhampton Wanderers,0,0,D,13,13,1,3,11,15,8,2,3,,0,,2021,A,1.0,0.0,1,0.0,0.0,0.0,1,3,1.3333333333333333,1.8695652173913044,1.173913043478261
2021-02-13,Leicester City,Liverpool,3,1,H,11,15,6,4,9,6,2,12,1,2.0,0,0.0,2021,H,,,3,0.0,0.0,0.0,0,1,2.3333333333333335,1.9166666666666667,1.6666666666666667
2021-02-21,Leicester City,Aston Villa,2,1,A,11,16,2,7,11,12,7,8,1,,0,,2021,A,2.0,0.0,3,0.0,0.0,0.0,0,1,2.3333333333333335,1.96,1.565217391304348
2021-02-28,Leicester City,Arsenal,1,3,A,8,12,3,4,15,3,2,7,2,1.0,0,0.0,2021,H,,,0,0.0,0.0,0.0,0,2,2.0,1.8846153846153846,1.4230769230769231
2021-03-03,Leicester City,Burnley,1,1,D,12,15,7,4,6,12,5,8,2,,0,,2021,A,0.0,0.0,1,0.0,0.0,0.0,0,2,1.3333333333333333,1.8518518518518519,1.0740740740740742
2021-03-06,Leicester City,Brighton and Hove Albion,2,1,A,7,8,2,4,14,8,6,6,1,,0,,2021,A,0.0,0.0,3,0.0,0.0,0.0,0,1,1.3333333333333333,1.8928571428571428,0.9629629629629629
2021-03-14,Leicester City,Sheffield United,5,0,H,19,1,10,0,10,9,9,1,0,2.0,0,0.0,2021,H,,,3,0.0,0.0,0.0,1,0,2.3333333333333335,1.9310344827586208,0.4827586206896552
2021-04-03,Leicester City,Manchester City,0,2,A,5,11,2,4,13,12,1,1,2,3.0,0,0.0,2021,H,,,0,0.0,0.0,0.0,0,2,2.0,1.8666666666666667,2.3870967741935485
2021-04-11,Leicester City,West Ham United,2,3,H,4,15,4,5,7,13,1,9,3,,0,,2021,A,3.0,0.0,0,0.0,0.0,0.0,0,3,1.0,1.8064516129032258,1.7741935483870968
2021-04-22,Leicester City,West Brom,3,0,H,17,4,7,1,13,12,7,3,0,2.0,0,0.0,2021,H,,,3,0.0,0.0,0.0,1,0,1.0,1.84375,0.75
2021-04-26,Leicester City,Crystal Palace,2,1,H,13,4,5,2,13,12,7,2,0,1.0,0,0.0,2021,H,,,3,0.0,0.0,0.0,0,0,2.0,1.878787878787879,1.1875
2021-04-30,Leicester City,Southampton,1,1,D,5,23,3,9,9,13,0,10,0,,0,,2021,A,1.0,1.0,1,0.0,0.0,0.0,0,0,2.3333333333333335,1.8529411764705883,1.121212121212121
2021-05-07,Leicester City,Newcastle United,2,4,A,25,14,9,6,12,9,9,6,1,1.0,0,0.0,2021,H,,,0,0.0,0.0,0.0,0,1,1.3333333333333333,1.8,1.1142857142857143
2021-05-11,Leicester City,Manchester United,2,1,A,4,12,1,3,9,12,3,4,0,,0,,2021,A,0.0,0.0,3,0.0,0.0,0.0,0,0,1.3333333333333333,1.8333333333333333,2.0
2021-05-18,Leicester City,Chelsea,1,2,H,17,7,6,3,15,16,6,5,4,,0,,2021,A,2.0,0.0,0,0.0,0.0,0.0,0,4,1.0,1.7837837837837838,1.8108108108108107
2021-05-23,Leicester City,Tottenham Hotspur,2,4,A,10,11,6,4,9,8,8,7,0,2.0,0,0.0,2021,H,,,0,0.0,0.0,0.0,0,0,1.0,1.736842105263158,1.631578947368421
2021-08-14,Leicester City,Wolverhampton Wanderers,1,0,H,9,17,5,3,6,10,5,4,1,2.0,0,0.0,2021,H,,,3,0.0,0.0,0.0,1,1,1.0,1.7692307692307692,1.1538461538461537
2021-08-23,Leicester City,West Ham United,1,4,H,13,5,7,1,8,8,10,0,1,,1,,2021,A,0.0,0.0,0,0.0,0.0,0.0,0,3,1.0,1.725,1.775
2021-08-28,Leicester City,Norwich City,2,1,A,14,9,4,3,8,9,9,9,1,,0,,2021,A,2.0,0.0,3,0.0,0.0,0.0,0,1,2.0,1.7560975609756098,0.0
2021-09-11,Leicester City,Manchester City,0,1,A,6,25,1,8,4,11,5,8,1,2.0,0,0.0,2021,H,,,0,0.0,0.0,0.0,0,1,1.0,1.7142857142857142,2.261904761904762
2021-09-19,Leicester City,Brighton and Hove Albion,1,2,H,12,14,5,3,8,10,4,9,1,,0,,2021,A,2.0,0.0,0,0.0,0.0,0.0,0,1,1.0,1.6744186046511629,1.2325581395348837
2021-09-25,Leicester City,Burnley,2,2,D,22,9,5,3,10,8,8,4,2,4.0,0,0.0,2021,H,,,1,0.0,0.0,0.0,0,2,0.3333333333333333,1.6590909090909092,0.9318181818181818
2021-10-03,Leicester City,Crystal Palace,2,2,D,18,9,4,5,15,11,1,3,3,,0,,2021,A,2.0,0.0,1,0.0,0.0,0.0,0,3,0.6666666666666666,1.6444444444444444,1.1333333333333333
2021-10-16,Leicester City,Manchester United,4,2,H,22,18,11,6,5,17,4,3,0,3.0,0,0.0,2021,H,,,3,0.0,0.0,0.0,0,0,1.6666666666666667,1.673913043478261,1.9130434782608696
2021-10-24,Leicester City,Brentford,2,1,A,15,10,5,6,13,7,9,2,1,,0,,2021,A,1.0,0.0,3,0.0,0.0,0.0,0,1,2.3333333333333335,1.702127659574468,1.3333333333333333
2021-10-30,Leicester City,Arsenal,0,2,A,16,9,8,5,8,11,7,6,2,0.0,0,0.0,2021,H,,,0,0.0,0.0,0.0,0,2,2.0,1.6666666666666667,1.625
2021-11-07,Leicester City,Leeds United,1,1,D,18,9,5,3,12,5,10,5,1,,0,,2021,A,1.0,0.0,1,0.0,0.0,0.0,0,1,1.3333333333333333,1.653061224489796,1.4285714285714286
2021-11-20,Leicester City,Chelsea,0,3,A,4,16,3,7,15,8,3,5,3,1.0,0,0.0,2021,H,,,0,0.0,0.0,0.0,0,3,0.3333333333333333,1.62,1.92
2021-11-28,Leicester City,Watford,4,2,H,18,16,8,5,5,19,8,6,0,0.0,0,0.0,2021,H,,,3,0.0,0.0,0.0,0,0,1.3333333333333333,1.6470588235294117,1.0
2021-12-01,Leicester City,Southampton,2,2,D,15,15,7,6,14,11,2,4,3,,0,,2021,A,1.0,0.0,1,0.0,0.0,0.0,0,3,1.3333333333333333,1.6346153846153846,1.1153846153846154
2021-12-05,Leicester City,Aston Villa,1,2,H,13,12,4,5,8,25,3,6,1,,0,,2021,A,1.0,0.0,0,0.0,0.0,0.0,0,1,1.3333333333333333,1.6037735849056605,1.3962264150943395
2021-12-12,Leicester City,Newcastle United,4,0,H,8,12,5,3,9,16,4,6,2,3.0,0,0.0,2021,H,,,3,0.0,0.0,0.0,1,2,1.3333333333333333,1.6296296296296295,1.0185185185185186
2021-12-26,Leicester City,Manchester City,3,6,H,17,14,9,8,11,9,14,4,2,,0,,2021,A,1.0,0.0,0,0.0,0.0,0.0,0,2,1.0,1.6,2.3333333333333335
2021-12-28,Leicester City,Liverpool,1,0,H,6,21,1,4,8,11,1,12,0,1.0,0,0.0,2021,H,,,3,0.0,0.0,0.0,1,0,2.0,1.625,1.9298245614035088
2022-01-19,Leicester City,Tottenham Hotspur,2,3,A,14,27,4,10,6,12,3,8,1,2.0,0,0.0,2022,H,,,0,0.0,0.0,0.0,0,1,1.0,1.5964912280701755,1.719298245614035
2022-01-23,Leicester City,Brighton and Hove Albion,1,1,D,15,14,5,5,6,8,4,5,0,1.0,0,0.0,2022,H,,,1,0.0,0.0,0.0,0,0,1.3333333333333333,1.5862068965517242,1.1833333333333333
2022-02-10,Leicester City,Liverpool,0,2,H,22,5,11,1,11,7,7,6,0,,0,,2022,A,1.0,0.0,0,0.0,0.0,0.0,0,0,0.3333333333333333,1.5593220338983051,1.9672131147540983
2022-02-13,Leicester City,West Ham United,2,2,D,13,8,2,3,10,9,5,4,1,2.0,0,0.0,2022,H,,,1,0.0,0.0,0.0,0,1,0.6666666666666666,1.55,1.6825396825396826
2022-02-20,Leicester City,Wolverhampton Wanderers,1,2,H,11,17,3,7,12,9,7,10,4,,0,,2022,A,4.0,0.0,0,0.0,0.0,0.0,0,4,0.3333333333333333,1.5245901639344261,1.3709677419354838
2022-03-01,Leicester City,Burnley,2,0,A,9,22,2,6,10,13,6,8,1,,0,,2022,A,1.0,0.0,3,0.0,0.0,0.0,1,1,1.3333333333333333,1.5483870967741935,0.9523809523809523
2022-03-05,Leicester City,Leeds United,1,0,H,7,19,4,4,9,12,5,10,1,2.0,0,0.0,2022,H,,,3,0.0,0.0,0.0,1,1,2.0,1.5714285714285714,1.2615384615384615
2022-03-13,Leicester City,Arsenal,0,2,H,21,6,8,3,8,10,2,6,3,,0,,2022,A,0.0,0.0,0,0.0,0.0,0.0,0,3,2.0,1.546875,1.75
2022-03-20,Leicester City,Brentford,2,1,H,12,15,4,6,10,10,2,5,1,2.0,0,0.0,2022,H,,,3,0.0,0.0,0.0,0,1,2.0,1.5692307692307692,1.0
2022-04-02,Leicester City,Manchester United,1,1,D,11,11,5,3,13,6,6,5,2,,0,,2022,A,2.0,0.0,1,0.0,0.0,0.0,0,2,1.3333333333333333,1.5606060606060606,1.838235294117647
2022-04-10,Leicester City,Crystal Palace,2,1,H,12,11,3,3,11,12,3,4,1,1.0,0,0.0,2022,H,,,3,0.0,0.0,0.0,0,1,2.3333333333333335,1.5820895522388059,1.173913043478261
2022-04-17,Leicester City,Newcastle United,1,2,H,16,8,7,2,10,10,3,5,2,,0,,2022,A,2.0,0.0,0,0.0,0.0,0.0,0,2,1.3333333333333333,1.5588235294117647,1.1714285714285715
2022-04-20,Leicester City,Everton,1,1,D,13,11,3,3,8,17,5,4,1,,0,,2022,A,3.0,0.0,1,0.0,0.0,0.0,0,1,1.3333333333333333,1.5507246376811594,1.2753623188405796
2022-04-23,Leicester City,Aston Villa,0,0,D,5,11,2,3,15,16,7,6,3,2.0,0,0.0,2022,H,,,1,0.0,0.0,0.0,1,3,0.6666666666666666,1.542857142857143,1.3142857142857143
2022-05-01,Leicester City,Tottenham Hotspur,1,3,H,13,6,7,2,13,8,7,3,3,,0,,2022,A,2.0,0.0,0,0.0,0.0,0.0,0,3,0.6666666666666666,1.5211267605633803,1.7083333333333333
2022-05-08,Leicester City,Everton,1,2,A,16,10,9,4,11,6,6,1,3,0.0,0,0.0,2022,H,,,0,0.0,0.0,0.0,0,3,0.3333333333333333,1.5,1.3055555555555556
2022-05-11,Leicester City,Norwich City,3,0,H,20,9,8,5,10,5,10,2,0,0.0,0,0.0,2022,H,,,3,0.0,0.0,0.0,1,0,1.0,1.5205479452054795,0.5833333333333334
2022-05-15,Leicester City,Watford,5,1,A,13,13,5,7,4,6,7,3,1,,0,,2022,A,0.0,0.0,3,0.0,0.0,0.0,0,1,2.0,1.5405405405405406,0.6216216216216216
2022-05-19,Leicester City,Chelsea,1,1,D,20,2,7,1,13,7,6,0,1,,0,,2022,A,4.0,0.0,1,0.0,0.0,0.0,0,1,2.3333333333333335,1.5333333333333334,1.84
2022-05-22,Leicester City,Southampton,4,1,H,12,7,6,2,10,5,3,3,0,1.0,0,0.0,2022,H,,,3,0.0,0.0,0.0,0,0,2.3333333333333335,1.5526315789473684,1.0921052631578947
2022-08-07,Leicester City,Brentford,2,2,D,14,8,5,3,6,5,5,6,0,0.0,0,0.0,2022,H,,,1,0.0,0.0,0.0,0,0,1.6666666666666667,1.5454545454545454,1.205128205128205
2022-08-13,Leicester City,Arsenal,2,4,H,19,6,7,2,15,9,6,2,1,,0,,2022,A,1.0,0.0,0,0.0,0.0,0.0,0,1,1.3333333333333333,1.5256410256410255,1.7435897435897436
2022-08-20,Leicester City,Southampton,1,2,A,6,9,1,3,11,15,2,5,2,3.0,0,0.0,2022,H,,,0,0.0,0.0,0.0,0,2,0.3333333333333333,1.5063291139240507,1.1012658227848102
2022-08-27,Leicester City,Chelsea,1,2,H,7,17,3,5,10,7,3,11,2,,0,,2022,A,1.0,1.0,0,0.0,0.0,0.0,0,2,0.0,1.4875,1.85
2022-09-01,Leicester City,Manchester United,0,1,A,10,9,2,2,7,15,1,3,1,3.0,0,0.0,2022,H,,,0,0.0,0.0,0.0,0,1,0.0,1.4691358024691359,1.7407407407407407
2022-09-04,Leicester City,Brighton and Hove Albion,2,5,H,23,6,11,4,6,8,10,1,1,,0,,2022,A,1.0,0.0,0,0.0,0.0,0.0,0,1,0.0,1.451219512195122,1.2804878048780488
2022-09-17,Leicester City,Tottenham Hotspur,2,6,H,16,19,11,7,9,9,6,1,2,,0,,2022,A,1.0,0.0,0,0.0,0.0,0.0,0,2,0.0,1.4337349397590362,1.8072289156626506
2022-10-03,Leicester City,Nottingham Forest,4,0,H,17,10,7,3,13,12,6,6,2,4.0,0,0.0,2022,H,,,3,0.0,0.0,0.0,1,2,1.0,1.4523809523809523,0.5
2022-10-08,Leicester City,Bournemouth,1,2,H,10,9,4,5,8,16,7,2,2,,0,,2022,A,1.0,0.0,0,0.0,0.0,0.0,0,2,1.0,1.4352941176470588,1.3333333333333333
2022-10-15,Leicester City,Crystal Palace,0,0,D,14,8,5,1,18,13,9,2,2,2.0,0,0.0,2022,H,,,1,0.0,0.0,0.0,1,2,1.3333333333333333,1.430232558139535,1.2
2022-10-20,Leicester City,Leeds United,2,0,H,5,14,1,2,15,11,2,9,2,1.0,0,0.0,2022,H,,,3,0.0,0.0,0.0,1,2,1.3333333333333333,1.4482758620689655,1.2325581395348837
2022-10-23,Leicester City,Wolverhampton Wanderers,4,0,A,21,5,5,4,10,13,9,2,1,,0,,2022,A,2.0,0.0,3,0.0,0.0,0.0,1,1,2.3333333333333335,1.4659090909090908,1.1931818181818181
2022-10-29,Leicester City,Manchester City,0,1,A,10,15,5,5,5,10,3,10,0,0.0,0,0.0,2022,H,,,0,0.0,0.0,0.0,0,0,2.0,1.449438202247191,2.3636363636363638
2022-11-05,Leicester City,Everton,2,0,A,12,22,2,8,9,5,8,3,0,,0,,2022,A,0.0,0.0,3,0.0,0.0,0.0,1,0,2.0,1.4666666666666666,1.2444444444444445
2022-11-12,Leicester City,West Ham United,2,0,A,18,9,6,6,9,8,7,2,1,,0,,2022,A,3.0,0.0,3,0.0,0.0,0.0,1,1,2.0,1.4835164835164836,1.4835164835164836
2022-12-26,Leicester City,Newcastle United,0,3,A,8,12,2,5,9,6,5,5,0,0.0,0,0.0,2022,H,,,0,0.0,0.0,0.0,0,0,2.0,1.4673913043478262,1.3804347826086956
2022-12-30,Leicester City,Liverpool,1,2,H,21,7,5,2,8,15,4,5,1,,0,,2022,A,0.0,0.0,0,0.0,0.0,0.0,0,1,1.0,1.4516129032258065,2.0543478260869565
2023-01-03,Leicester City,Fulham,0,1,A,15,11,6,2,12,11,6,3,2,6.0,0,0.0,2023,H,,,0,0.0,0.0,0.0,0,2,0.0,1.4361702127659575,1.0
2023-01-14,Leicester City,Nottingham Forest,0,2,H,15,6,5,1,11,12,3,5,2,,0,,2023,A,1.0,0.0,0,0.0,0.0,0.0,0,2,0.0,1.4210526315789473,1.0526315789473684
2023-01-21,Leicester City,Brighton and Hove Albion,2,2,D,9,13,2,4,9,9,5,6,0,1.0,0,0.0,2023,H,,,1,0.0,0.0,0.0,0,0,0.3333333333333333,1.4166666666666667,1.2947368421052632
2023-02-04,Leicester City,Aston Villa,4,2,A,19,9,4,5,10,10,11,3,2,,0,,2023,A,0.0,0.0,3,0.0,0.0,0.0,0,2,1.3333333333333333,1.4329896907216495,1.3195876288659794
2023-02-11,Leicester City,Tottenham Hotspur,4,1,H,15,11,7,4,14,9,1,5,5,2.0,0,0.0,2023,H,,,3,0.0,0.0,0.0,0,5,2.3333333333333335,1.4489795918367347,1.7373737373737375
2023-02-19,Leicester City,Manchester United,0,3,H,26,19,8,3,9,9,6,6,2,,0,,2023,A,0.0,0.0,0,0.0,0.0,0.0,0,2,2.0,1.4343434343434343,1.81
2023-02-25,Leicester City,Arsenal,0,1,A,1,10,0,2,14,9,0,8,0,1.0,0,0.0,2023,H,,,0,0.0,0.0,0.0,0,0,1.0,1.42,1.87
2023-03-04,Leicester City,Southampton,0,1,H,11,11,5,0,12,11,3,4,2,,0,,2023,A,4.0,0.0,0,0.0,0.0,0.0,0,2,0.0,1.4059405940594059,1.0297029702970297
2023-03-11,Leicester City,Chelsea,1,3,A,17,12,7,6,10,11,2,5,1,2.0,1,0.0,2023,H,,,0,0.0,0.0,0.0,0,3,0.0,1.392156862745098,1.7450980392156863
2023-03-18,Leicester City,Brentford,1,1,D,11,14,2,1,10,11,8,4,2,,0,,2023,A,1.0,1.0,1,0.0,0.0,0.0,0,2,0.3333333333333333,1.3883495145631068,1.353846153846154
2023-04-01,Leicester City,Crystal Palace,1,2,H,31,3,9,2,12,16,10,1,4,,0,,2023,A,3.0,0.0,0,0.0,0.0,0.0,0,4,0.3333333333333333,1.375,1.161904761904762
2023-04-04,Leicester City,Aston Villa,1,2,A,9,15,4,5,10,14,4,8,2,0.0,1,0.0,2023,H,,,0,0.0,0.0,0.0,0,4,0.3333333333333333,1.361904761904762,1.3714285714285714
2023-04-08,Leicester City,Bournemouth,0,1,A,14,19,4,7,10,13,6,6,0,3.0,0,0.0,2023,H,,,0,0.0,0.0,0.0,0,0,0.0,1.349056603773585,1.0
2023-04-15,Leicester City,Manchester City,1,3,H,12,10,4,4,8,8,6,2,1,,0,,2023,A,1.0,0.0,0,0.0,0.0,0.0,0,1,0.0,1.3364485981308412,2.349056603773585
2023-04-22,Leicester City,Wolverhampton Wanderers,2,1,H,15,16,8,3,17,16,1,7,1,3.0,0,0.0,2023,H,,,3,0.0,0.0,0.0,0,1,1.0,1.3518518518518519,1.2037037037037037
2023-04-25,Leicester City,Leeds United,1,1,D,13,15,3,3,14,15,3,6,2,,0,,2023,A,4.0,0.0,1,0.0,0.0,0.0,0,2,1.3333333333333333,1.348623853211009,1.165137614678899
2023-05-01,Leicester City,Everton,2,2,D,15,23,6,8,10,12,2,9,4,1.0,0,0.0,2023,H,,,1,0.0,0.0,0.0,0,4,1.6666666666666667,1.3454545454545455,1.1545454545454545
2023-05-08,Leicester City,Fulham,3,5,H,17,18,7,9,13,15,2,7,3,,0,,2023,A,0.0,0.0,0,0.0,0.0,0.0,0,3,0.6666666666666666,1.3333333333333333,1.0410958904109588
2023-05-15,Leicester City,Liverpool,0,3,A,4,16,4,5,11,17,4,4,2,1.0,0,0.0,2023,H,,,0,0.0,0.0,0.0,0,2,0.3333333333333333,1.3214285714285714,2.017857142857143
2023-05-22,Leicester City,Newcastle United,0,0,D,23,1,4,1,9,5,12,1,0,,0,,2023,A,2.0,0.0,1,0.0,0.0,0.0,1,0,0.3333333333333333,1.3185840707964602,1.4513274336283186
2023-05-28,Leicester City,West Ham United,2,1,H,13,16,4,3,8,10,3,5,1,1.0,0,0.0,2023,H,,,3,0.0,0.0,0.0,0,1,1.3333333333333333,1.3333333333333333,1.412280701754386
2024-08-19,Leicester City,Tottenham Hotspur,1,1,D,7,15,3,7,11,12,2,13,1,1.0,0,0.0,2024,H,,,1,0.0,0.0,0.0,0,1,1.6666666666666667,1.3304347826086957,1.6993464052287581
2024-08-24,Leicester City,Fulham,1,2,H,18,10,6,4,14,13,7,5,2,,0,,2024,A,2.0,0.0,0,0.0,0.0,0.0,0,2,1.3333333333333333,1.3189655172413792,1.1206896551724137
2024-08-31,Leicester City,Aston Villa,1,2,A,9,10,3,5,13,21,1,4,4,5.0,0,0.0,2024,H,,,0,0.0,0.0,0.0,0,4,0.3333333333333333,1.3076923076923077,1.5161290322580645
2024-09-14,Leicester City,Crystal Palace,2,2,D,20,9,4,4,11,15,5,2,3,,0,,2024,A,0.0,0.0,1,0.0,0.0,0.0,0,3,0.3333333333333333,1.305084745762712,1.205128205128205
2024-09-21,Leicester City,Everton,1,1,D,12,16,2,5,11,12,6,1,1,2.0,0,0.0,2024,H,,,1,0.0,0.0,0.0,0,1,0.6666666666666666,1.3025210084033614,1.1656050955414012
2024-09-28,Leicester City,Arsenal,2,4,H,36,5,16,3,11,6,17,0,4,,0,,2024,A,2.0,0.0,0,0.0,0.0,0.0,0,4,0.6666666666666666,1.2916666666666667,2.0063291139240507
2024-10-05,Leicester City,Bournemouth,1,0,H,6,17,2,2,12,14,0,9,4,1.0,0,0.0,2024,H,,,3,0.0,0.0,0.0,1,4,1.3333333333333333,1.3057851239669422,1.144578313253012
2024-10-19,Leicester City,Southampton,3,2,A,14,18,7,4,10,10,10,6,3,,0,,2024,A,5.0,1.0,3,0.0,0.0,0.0,0,3,2.0,1.319672131147541,0.8934426229508197
2024-10-25,Leicester City,Nottingham Forest,1,3,A,11,20,1,5,16,9,6,7,5,2.0,0,0.0,2024,H,,,0,0.0,0.0,0.0,0,5,2.0,1.3089430894308942,1.0588235294117647
2024-11-02,Leicester City,Ipswich Town,1,1,D,14,20,2,6,11,10,4,6,2,,0,,2024,A,4.0,1.0,1,0.0,0.0,0.0,0,2,1.3333333333333333,1.3064516129032258,0.5
2024-11-10,Leicester City,Manchester United,0,3,H,13,6,3,5,9,5,1,5,1,,0,,2024,A,0.0,0.0,0,0.0,0.0,0.0,0,1,0.3333333333333333,1.296,1.7300613496932515
2024-11-23,Leicester City,Chelsea,1,2,A,4,16,1,7,15,12,2,9,4,3.0,0,0.0,2024,H,,,0,0.0,0.0,0.0,0,4,0.3333333333333333,1.2857142857142858,1.646341463414634
2024-11-30,Leicester City,Brentford,1,4,H,13,7,6,3,9,10,5,4,1,,0,,2024,A,1.0,0.0,0,0.0,0.0,0.0,0,1,0.0,1.2755905511811023,1.2913385826771653
2024-12-03,Leicester City,West Ham United,3,1,H,8,31,6,10,9,7,3,9,2,2.0,0,0.0,2024,H,,,3,0.0,0.0,0.0,0,2,1.0,1.2890625,1.3734939759036144
2024-12-08,Leicester City,Brighton and Hove Albion,2,2,D,10,16,3,7,9,10,5,5,1,2.0,0,0.0,2024,H,,,1,0.0,0.0,0.0,0,1,1.3333333333333333,1.2868217054263567,1.3532934131736527
2024-12-14,Leicester City,Newcastle United,0,4,H,27,4,11,1,7,16,5,2,3,,0,,2024,A,3.0,0.0,0,0.0,0.0,0.0,0,3,1.3333333333333333,1.2769230769230768,1.4761904761904763
2024-12-22,Leicester City,Wolverhampton Wanderers,0,3,A,9,8,5,4,15,16,6,1,2,0.0,0,0.0,2024,H,,,0,0.0,0.0,0.0,0,2,0.3333333333333333,1.2671755725190839,1.1538461538461537
2024-12-26,Leicester City,Liverpool,1,3,H,19,4,7,1,17,5,14,1,2,,0,,2024,A,3.0,0.0,0,0.0,0.0,0.0,0,2,0.0,1.2575757575757576,2.0828402366863905
2024-12-29,Leicester City,Manchester City,0,2,A,11,14,4,5,11,6,4,4,2,1.0,0,0.0,2024,H,,,0,0.0,0.0,0.0,0,2,0.0,1.2481203007518797,2.280701754385965
2025-01-04,Leicester City,Aston Villa,1,2,H,13,4,5,2,10,11,7,2,1,,0,,2025,A,0.0,0.0,0,0.0,0.0,0.0,0,1,0.0,1.2388059701492538,1.5174418604651163
2025-01-15,Leicester City,Crystal Palace,0,2,A,21,9,4,4,7,6,4,3,0,0.0,0,0.0,2025,H,,,0,0.0,0.0,0.0,0,0,0.0,1.2296296296296296,1.2138728323699421
2025-01-18,Leicester City,Fulham,0,2,A,8,17,4,2,8,8,5,2,3,1.0,0,0.0,2025,H,,,0,0.0,0.0,0.0,0,3,0.0,1.2205882352941178,1.1764705882352942
2025-01-26,Leicester City,Tottenham Hotspur,2,1,A,15,12,6,3,6,16,6,4,5,,0,,2025,A,1.0,0.0,3,0.0,0.0,0.0,0,5,1.0,1.2335766423357664,1.6171428571428572
2025-02-01,Leicester City,Everton,0,4,H,13,9,7,1,7,13,5,6,0,,0,,2025,A,0.0,0.0,0,0.0,0.0,0.0,0,0,1.0,1.2246376811594204,1.1885714285714286
2025-02-15,Leicester City,Arsenal,0,2,A,6,11,2,5,9,10,3,7,2,1.0,0,0.0,2025,H,,,0,0.0,0.0,0.0,0,2,1.0,1.2158273381294964,2.0112994350282487
2025-02-21,Leicester City,Brentford,0,4,A,8,14,3,6,10,10,5,6,4,0.0,0,0.0,2025,H,,,0,0.0,0.0,0.0,0,4,0.0,1.207142857142857,1.292857142857143
2025-02-27,Leicester City,West Ham United,0,2,H,8,10,2,2,12,6,3,3,0,,0,,2025,A,0.0,0.0,0,0.0,0.0,0.0,0,0,0.0,1.198581560283688,1.3743016759776536
2025-03-09,Leicester City,Chelsea,0,1,H,20,3,7,3,12,13,12,2,0,,0,,2025,A,1.0,0.0,0,0.0,0.0,0.0,0,0,0.0,1.1901408450704225,1.65
2025-03-16,Leicester City,Manchester United,0,3,A,11,18,3,5,6,6,6,4,2,0.0,0,0.0,2025,H,,,0,0.0,0.0,0.0,0,2,0.0,1.1818181818181819,1.6795580110497237
2025-04-02,Leicester City,Manchester City,0,2,H,18,2,5,0,11,8,5,0,4,,0,,2025,A,1.0,0.0,0,0.0,0.0,0.0,0,4,0.0,1.1736111111111112,2.2527472527472527
2025-04-07,Leicester City,Newcastle United,0,3,A,7,16,2,5,8,9,12,2,2,0.0,0,0.0,2025,H,,,0,0.0,0.0,0.0,0,2,0.0,1.1655172413793105,1.5274725274725274
2025-04-12,Leicester City,Brighton and Hove Albion,2,2,D,21,15,7,6,9,11,3,6,5,,0,,2025,A,2.0,0.0,1,0.0,0.0,0.0,0,5,0.3333333333333333,1.1643835616438356,1.358695652173913
2025-04-20,Leicester City,Liverpool,0,1,A,5,28,0,10,11,7,1,13,1,2.0,0,0.0,2025,H,,,0,0.0,0.0,0.0,0,1,0.3333333333333333,1.1564625850340136,2.1027027027027025
2025-04-26,Leicester City,Wolverhampton Wanderers,0,3,H,20,8,6,2,7,17,4,2,4,,0,,2025,A,1.0,0.0,0,0.0,0.0,0.0,0,4,0.3333333333333333,1.1486486486486487,1.2043010752688172
2025-05-03,Leicester City,Southampton,2,0,H,14,8,4,2,12,13,7,7,1,3.0,0,0.0,2025,H,,,3,0.0,0.0,0.0,1,1,1.0,1.1610738255033557,0.7986577181208053
2025-05-11,Leicester City,Nottingham Forest,2,2,D,15,10,4,6,11,11,4,4,3,,0,,2025,A,3.0,0.0,1,0.0,0.0,0.0,0,3,1.3333333333333333,1.16,1.2142857142857142
2025-05-18,Leicester City,Ipswich Town,2,0,H,9,20,3,2,15,12,2,2,1,0.0,0,0.0,2025,H,,,3,0.0,0.0,0.0,1,1,2.3333333333333335,1.1721854304635762,0.5945945945945946
2025-05-25,Leicester City,Bournemouth,0,2,H,20,3,7,0,19,16,6,1,2,,0,,2025,A,0.0,0.0,0,0.0,0.0,0.0,0,2,1.3333333333333333,1.1644736842105263,1.2543859649122806
2020-09-12,Liverpool,Leeds United,4,3,H,22,6,6,3,9,6,9,0,1,0.0,0,0.0,2020,H,,,3,0.0,0.0,0.0,0,1,3.0,3.0,0.0
2020-09-20,Liverpool,Chelsea,2,0,A,5,18,3,6,10,6,1,11,0,,0,,2020,A,0.0,1.0,3,0.0,0.0,0.0,1,0,3.0,3.0,1.5
2020-09-28,Liverpool,Arsenal,3,1,H,21,4,8,3,11,7,7,3,2,2.0,0,0.0,2020,H,,,3,0.0,0.0,0.0,0,2,3.0,3.0,2.0
2020-10-04,Liverpool,Aston Villa,2,7,H,18,14,11,8,7,10,2,7,1,,0,,2020,A,2.0,0.0,0,0.0,0.0,0.0,0,1,2.0,2.25,3.0
2020-10-17,Liverpool,Everton,2,2,D,11,22,5,8,15,9,2,5,2,,0,,2020,A,3.0,1.0,1,0.0,0.0,0.0,0,2,1.3333333333333333,2.0,2.6
2020-10-24,Liverpool,Sheffield United,2,1,H,17,13,5,2,7,15,7,3,0,3.0,0,0.0,2020,H,,,3,0.0,0.0,0.0,0,0,1.3333333333333333,2.1666666666666665,0.16666666666666666
2020-10-31,Liverpool,West Ham United,2,1,H,9,4,5,3,13,14,1,2,0,1.0,0,0.0,2020,H,,,3,0.0,0.0,0.0,0,0,2.3333333333333335,2.2857142857142856,1.1428571428571428
2020-11-08,Liverpool,Manchester City,1,1,D,7,10,2,3,19,11,1,2,1,,0,,2020,A,3.0,0.0,1,0.0,0.0,0.0,0,1,2.3333333333333335,2.125,1.7142857142857142
2020-11-22,Liverpool,Leicester City,3,0,H,24,11,13,4,15,6,10,3,0,2.0,0,0.0,2020,H,,,3,0.0,0.0,0.0,1,0,2.3333333333333335,2.2222222222222223,2.0
2020-11-28,Liverpool,Brighton and Hove Albion,1,1,D,11,6,3,2,9,13,4,3,1,,0,,2020,A,2.0,0.0,1,0.0,0.0,0.0,0,1,1.6666666666666667,2.1,1.0
2020-12-06,Liverpool,Wolverhampton Wanderers,4,0,H,11,9,6,3,8,14,4,6,1,1.0,0,0.0,2020,H,,,3,0.0,0.0,0.0,1,1,2.3333333333333335,2.1818181818181817,1.5454545454545454
2020-12-13,Liverpool,Fulham,1,1,D,10,12,5,6,9,5,6,8,1,,0,,2020,A,3.0,0.0,1,0.0,0.0,0.0,0,1,1.6666666666666667,2.0833333333333335,0.6666666666666666
2020-12-16,Liverpool,Tottenham Hotspur,2,1,H,17,8,11,2,8,9,7,4,0,2.0,0,0.0,2020,H,,,3,0.0,0.0,0.0,0,0,2.3333333333333335,2.1538461538461537,1.9230769230769231
2020-12-19,Liverpool,Crystal Palace,7,0,A,5,14,3,8,5,11,5,4,0,,0,,2020,A,1.0,0.0,3,0.0,0.0,0.0,1,0,2.3333333333333335,2.2142857142857144,1.2857142857142858
2020-12-27,Liverpool,West Brom,1,1,D,17,5,2,3,8,5,8,3,0,1.0,0,0.0,2020,H,,,1,0.0,0.0,0.0,0,0,2.3333333333333335,2.1333333333333333,0.5333333333333333
2020-12-30,Liverpool,Newcastle United,0,0,D,8,11,2,4,9,13,5,12,3,,0,,2020,A,2.0,0.0,1,0.0,0.0,0.0,1,3,1.6666666666666667,2.0625,1.2666666666666666
2021-01-04,Liverpool,Southampton,0,1,H,7,17,3,1,5,12,1,10,3,,0,,2021,A,1.0,0.0,0,0.0,0.0,0.0,0,3,0.6666666666666666,1.9411764705882353,1.7058823529411764
2021-01-17,Liverpool,Manchester United,0,0,D,17,8,3,4,15,6,7,3,2,1.0,0,0.0,2021,H,,,1,0.0,0.0,0.0,1,2,0.6666666666666666,1.8888888888888888,2.0555555555555554
2021-01-21,Liverpool,Burnley,0,1,A,27,6,6,4,11,8,12,0,2,1.0,0,0.0,2021,H,,,0,0.0,0.0,0.0,0,2,0.3333333333333333,1.7894736842105263,1.0555555555555556
2021-01-28,Liverpool,Tottenham Hotspur,3,1,A,3,14,2,7,9,11,1,2,2,,0,,2021,A,1.0,0.0,3,0.0,0.0,0.0,0,2,1.3333333333333333,1.85,1.736842105263158
2021-01-31,Liverpool,West Ham United,3,1,A,8,14,2,5,7,8,6,5,0,,0,,2021,A,2.0,0.0,3,0.0,0.0,0.0,0,0,2.0,1.9047619047619047,1.6666666666666667
2021-02-03,Liverpool,Brighton and Hove Albion,0,1,A,11,13,1,4,12,6,6,3,1,0.0,0,0.0,2021,H,,,0,0.0,0.0,0.0,0,1,2.0,1.8181818181818181,1.0909090909090908
2021-02-07,Liverpool,Manchester City,1,4,A,8,8,3,5,13,8,6,1,2,1.0,0,0.0,2021,H,,,0,0.0,0.0,0.0,0,2,1.0,1.7391304347826086,2.272727272727273
2021-02-13,Liverpool,Leicester City,1,3,H,11,15,6,4,9,6,2,12,2,,0,,2021,A,1.0,0.0,0,0.0,0.0,0.0,0,2,0.0,1.6666666666666667,1.9166666666666667
2021-02-20,Liverpool,Everton,0,2,A,15,9,6,6,10,10,7,2,2,1.0,0,0.0,2021,H,,,0,0.0,0.0,0.0,0,2,0.0,1.6,1.6666666666666667
2021-02-28,Liverpool,Sheffield United,2,0,A,8,16,2,8,9,9,4,3,0,,0,,2021,A,0.0,0.0,3,0.0,0.0,0.0,1,0,1.0,1.6538461538461537,0.4230769230769231
2021-03-04,Liverpool,Chelsea,0,1,A,7,11,1,5,9,8,5,2,0,0.0,0,0.0,2021,H,,,0,0.0,0.0,0.0,0,0,1.0,1.5925925925925926,1.7407407407407407
2021-03-07,Liverpool,Fulham,0,1,A,16,10,3,3,10,8,9,4,2,3.0,0,0.0,2021,H,,,0,0.0,0.0,0.0,0,2,1.0,1.5357142857142858,0.9285714285714286
2021-03-15,Liverpool,Wolverhampton Wanderers,1,0,A,10,12,5,4,17,10,3,2,1,,0,,2021,A,2.0,0.0,3,0.0,0.0,0.0,1,1,1.0,1.5862068965517242,1.206896551724138
2021-04-03,Liverpool,Arsenal,3,0,A,3,16,2,7,10,10,1,2,1,,0,,2021,A,1.0,0.0,3,0.0,0.0,0.0,1,1,2.0,1.6333333333333333,1.4
2021-04-10,Liverpool,Aston Villa,2,1,H,23,9,10,5,16,11,7,0,2,4.0,0,0.0,2021,H,,,3,0.0,0.0,0.0,0,2,3.0,1.6774193548387097,1.4666666666666666
2021-04-19,Liverpool,Leeds United,1,1,D,12,17,5,7,17,15,10,8,1,,0,,2021,A,2.0,0.0,1,0.0,0.0,0.0,0,1,2.3333333333333335,1.65625,1.4375
2021-04-24,Liverpool,Newcastle United,1,1,D,22,7,9,4,9,7,6,3,2,1.0,0,0.0,2021,H,,,1,0.0,0.0,0.0,0,2,1.6666666666666667,1.6363636363636365,1.0909090909090908
2021-05-08,Liverpool,Southampton,2,0,H,14,12,6,6,10,6,8,4,0,1.0,0,0.0,2021,H,,,3,0.0,0.0,0.0,1,0,1.6666666666666667,1.6764705882352942,1.088235294117647
2021-05-13,Liverpool,Manchester United,4,2,A,18,17,3,8,10,12,6,4,0,,0,,2021,A,3.0,0.0,3,0.0,0.0,0.0,0,0,2.3333333333333335,1.7142857142857142,1.9444444444444444
2021-05-16,Liverpool,West Brom,2,1,A,10,26,3,6,7,14,9,13,0,,0,,2021,A,0.0,0.0,3,0.0,0.0,0.0,0,0,3.0,1.75,0.7222222222222222
2021-05-19,Liverpool,Burnley,3,0,A,10,20,4,3,10,7,6,7,0,,0,,2021,A,0.0,0.0,3,0.0,0.0,0.0,1,0,3.0,1.7837837837837838,1.054054054054054
2021-05-23,Liverpool,Crystal Palace,2,0,H,19,5,5,4,10,8,14,1,2,2.0,0,0.0,2021,H,,,3,0.0,0.0,0.0,1,2,3.0,1.8157894736842106,1.1578947368421053
2021-08-14,Liverpool,Norwich City,3,0,A,14,19,3,8,4,14,3,11,1,,0,,2021,A,1.0,0.0,3,0.0,0.0,0.0,1,1,3.0,1.8461538461538463,0.0
2021-08-21,Liverpool,Burnley,2,0,H,27,9,9,3,6,12,8,4,0,0.0,0,0.0,2021,H,,,3,0.0,0.0,0.0,1,0,3.0,1.875,0.975
2021-08-28,Liverpool,Chelsea,1,1,D,24,6,7,3,13,4,12,3,0,2.0,0,1.0,2021,H,,,1,0.0,0.0,0.0,0,0,2.3333333333333335,1.853658536585366,1.8048780487804879
2021-09-12,Liverpool,Leeds United,3,0,A,9,30,4,9,9,8,2,11,1,,0,,2021,A,2.0,1.0,3,0.0,0.0,0.0,1,1,2.3333333333333335,1.880952380952381,1.4523809523809523
2021-09-18,Liverpool,Crystal Palace,3,0,H,25,13,10,2,17,11,10,5,3,1.0,0,0.0,2021,H,,,3,0.0,0.0,0.0,1,3,2.3333333333333335,1.9069767441860466,1.1395348837209303
2021-09-25,Liverpool,Brentford,3,3,D,12,16,4,6,8,7,2,11,1,,0,,2021,A,1.0,0.0,1,0.0,0.0,0.0,0,1,2.3333333333333335,1.8863636363636365,1.5
2021-10-03,Liverpool,Manchester City,2,2,D,6,12,4,3,10,12,3,4,3,3.0,0,0.0,2021,H,,,1,0.0,0.0,0.0,0,3,1.6666666666666667,1.8666666666666667,2.2222222222222223
2021-10-16,Liverpool,Watford,5,0,A,6,19,2,8,4,10,1,9,0,,0,,2021,A,0.0,0.0,3,0.0,0.0,0.0,1,0,1.6666666666666667,1.891304347826087,0.875
2021-10-24,Liverpool,Manchester United,5,0,A,12,19,4,8,10,8,6,3,0,,0,,2021,A,6.0,1.0,3,0.0,0.0,0.0,1,0,2.3333333333333335,1.9148936170212767,1.872340425531915
2021-10-30,Liverpool,Brighton and Hove Albion,2,2,D,14,9,3,6,8,5,5,3,2,2.0,0,0.0,2021,H,,,1,0.0,0.0,0.0,0,2,2.3333333333333335,1.8958333333333333,1.1875
2021-11-07,Liverpool,West Ham United,2,3,H,7,16,3,5,11,6,3,2,1,,0,,2021,A,1.0,0.0,0,0.0,0.0,0.0,0,1,1.3333333333333333,1.8571428571428572,1.7959183673469388
2021-11-20,Liverpool,Arsenal,4,0,H,19,5,9,3,15,12,6,1,2,0.0,0,0.0,2021,H,,,3,0.0,0.0,0.0,1,2,1.3333333333333333,1.88,1.62
2021-11-27,Liverpool,Southampton,4,0,H,20,7,6,3,7,14,5,7,0,1.0,0,0.0,2021,H,,,3,0.0,0.0,0.0,1,0,2.0,1.9019607843137254,1.1176470588235294
2021-12-01,Liverpool,Everton,4,1,A,8,16,2,7,8,16,3,11,3,,0,,2021,A,4.0,0.0,3,0.0,0.0,0.0,0,3,3.0,1.9230769230769231,1.4230769230769231
2021-12-04,Liverpool,Wolverhampton Wanderers,1,0,A,3,17,1,5,4,7,2,8,2,,0,,2021,A,2.0,0.0,3,0.0,0.0,0.0,1,2,3.0,1.9433962264150944,1.2452830188679245
2021-12-11,Liverpool,Aston Villa,1,0,H,20,4,5,0,13,6,11,3,1,2.0,0,0.0,2021,H,,,3,0.0,0.0,0.0,1,1,3.0,1.962962962962963,1.3703703703703705
2021-12-16,Liverpool,Newcastle United,3,1,H,23,4,8,2,9,4,11,0,1,3.0,0,0.0,2021,H,,,3,0.0,0.0,0.0,0,1,3.0,1.981818181818182,1.0
2021-12-19,Liverpool,Tottenham Hotspur,2,2,D,10,18,5,6,12,11,6,4,4,,1,,2021,A,4.0,0.0,1,0.0,0.0,0.0,0,6,2.3333333333333335,1.9642857142857142,1.6603773584905661
2021-12-28,Liverpool,Leicester City,0,1,H,6,21,1,4,8,11,1,12,1,,0,,2021,A,0.0,0.0,0,0.0,0.0,0.0,0,1,1.3333333333333333,1.9298245614035088,1.625
2022-01-02,Liverpool,Chelsea,2,2,D,15,10,6,6,5,13,6,7,2,,0,,2022,A,1.0,0.0,1,0.0,0.0,0.0,0,2,0.6666666666666666,1.9137931034482758,1.8644067796610169
2022-01-16,Liverpool,Brentford,3,0,H,27,6,13,1,6,6,9,0,0,1.0,0,0.0,2022,H,,,3,0.0,0.0,0.0,1,0,1.3333333333333333,1.9322033898305084,1.0952380952380953
2022-01-23,Liverpool,Crystal Palace,3,1,A,8,15,5,7,12,10,2,5,1,,0,,2022,A,4.0,0.0,3,0.0,0.0,0.0,0,1,2.3333333333333335,1.95,1.1333333333333333
2022-02-10,Liverpool,Leicester City,2,0,H,22,5,11,1,11,7,7,6,1,0.0,0,0.0,2022,H,,,3,0.0,0.0,0.0,1,1,3.0,1.9672131147540983,1.5593220338983051
2022-02-13,Liverpool,Burnley,1,0,A,8,12,5,4,7,6,5,8,1,,0,,2022,A,0.0,0.0,3,0.0,0.0,0.0,1,1,3.0,1.9838709677419355,0.8983050847457628
2022-02-19,Liverpool,Norwich City,3,1,H,29,6,8,1,7,8,9,4,0,1.0,0,0.0,2022,H,,,3,0.0,0.0,0.0,0,0,3.0,2.0,0.68
2022-02-23,Liverpool,Leeds United,6,0,H,23,3,15,2,5,11,4,0,0,3.0,0,0.0,2022,H,,,3,0.0,0.0,0.0,1,0,3.0,2.015625,1.3015873015873016
2022-03-05,Liverpool,West Ham United,1,0,H,22,13,5,5,7,7,4,6,2,1.0,0,0.0,2022,H,,,3,0.0,0.0,0.0,1,2,3.0,2.0307692307692307,1.6666666666666667
2022-03-12,Liverpool,Brighton and Hove Albion,2,0,A,8,18,3,9,12,15,7,6,1,,0,,2022,A,3.0,0.0,3,0.0,0.0,0.0,1,1,3.0,2.0454545454545454,1.121212121212121
2022-03-16,Liverpool,Arsenal,2,0,A,9,9,2,3,9,9,1,6,1,,0,,2022,A,0.0,0.0,3,0.0,0.0,0.0,1,1,3.0,2.0597014925373136,1.7230769230769232
2022-04-02,Liverpool,Watford,2,0,H,20,5,3,2,9,8,9,3,1,1.0,0,0.0,2022,H,,,3,0.0,0.0,0.0,1,1,3.0,2.073529411764706,0.7333333333333333
2022-04-10,Liverpool,Manchester City,2,2,D,11,6,5,4,9,11,4,1,4,,0,,2022,A,1.0,0.0,1,0.0,0.0,0.0,0,4,2.3333333333333335,2.0579710144927534,2.318840579710145
2022-04-19,Liverpool,Manchester United,4,0,H,14,2,5,1,3,6,10,2,1,2.0,0,0.0,2022,H,,,3,0.0,0.0,0.0,1,1,2.3333333333333335,2.0714285714285716,1.8028169014084507
2022-04-24,Liverpool,Everton,2,0,H,18,9,4,1,8,8,13,1,2,5.0,0,0.0,2022,H,,,3,0.0,0.0,0.0,1,2,2.3333333333333335,2.084507042253521,1.2571428571428571
2022-04-30,Liverpool,Newcastle United,1,0,A,4,24,2,10,11,11,0,6,3,,0,,2022,A,1.0,0.0,3,0.0,0.0,0.0,1,3,3.0,2.0972222222222223,1.2054794520547945
2022-05-07,Liverpool,Tottenham Hotspur,1,1,D,22,8,3,3,12,8,11,5,3,2.0,0,0.0,2022,H,,,1,0.0,0.0,0.0,0,3,2.3333333333333335,2.0821917808219177,1.6986301369863013
2022-05-10,Liverpool,Aston Villa,2,1,A,9,17,4,6,10,12,2,3,0,,0,,2022,A,0.0,0.0,3,0.0,0.0,0.0,0,0,2.3333333333333335,2.0945945945945947,1.3424657534246576
2022-05-17,Liverpool,Southampton,2,1,A,4,24,2,5,6,6,1,9,0,,0,,2022,A,2.0,0.0,3,0.0,0.0,0.0,0,0,2.3333333333333335,2.1066666666666665,1.1066666666666667
2022-05-22,Liverpool,Wolverhampton Wanderers,3,1,H,29,7,8,5,6,3,5,3,1,0.0,0,0.0,2022,H,,,3,0.0,0.0,0.0,0,1,3.0,2.1184210526315788,1.263157894736842
2022-08-06,Liverpool,Fulham,2,2,D,9,11,3,4,7,9,4,4,0,,0,,2022,A,2.0,0.0,1,0.0,0.0,0.0,0,0,2.3333333333333335,2.103896103896104,0.7435897435897436
2022-08-15,Liverpool,Crystal Palace,1,1,D,24,7,4,3,7,8,4,2,2,4.0,1,0.0,2022,H,,,1,0.0,0.0,0.0,0,4,1.6666666666666667,2.08974358974359,1.1923076923076923
2022-08-22,Liverpool,Manchester United,1,2,H,12,17,4,5,11,7,6,8,1,,0,,2022,A,3.0,0.0,0,0.0,0.0,0.0,0,1,0.6666666666666666,2.0632911392405062,1.7088607594936709
2022-08-27,Liverpool,Bournemouth,9,0,H,19,5,12,2,6,5,8,1,0,1.0,0,0.0,2022,H,,,3,0.0,0.0,0.0,1,0,1.3333333333333333,2.075,0.75
2022-08-31,Liverpool,Newcastle United,2,1,H,23,5,6,2,9,10,13,0,0,2.0,0,0.0,2022,H,,,3,0.0,0.0,0.0,0,0,2.0,2.0864197530864197,1.2345679012345678
2022-09-03,Liverpool,Everton,0,0,D,14,23,3,8,7,11,7,9,2,,0,,2022,A,2.0,0.0,1,0.0,0.0,0.0,1,2,2.3333333333333335,2.073170731707317,1.2439024390243902
2022-10-01,Liverpool,Brighton and Hove Albion,3,3,D,15,6,7,6,9,13,9,2,1,1.0,0,0.0,2022,H,,,1,0.0,0.0,0.0,0,1,1.6666666666666667,2.0602409638554215,1.2771084337349397
2022-10-09,Liverpool,Arsenal,2,3,H,11,8,7,3,11,11,4,3,2,,0,,2022,A,1.0,0.0,0,0.0,0.0,0.0,0,2,0.6666666666666666,2.0357142857142856,1.811764705882353
2022-10-16,Liverpool,Manchester City,1,0,H,13,16,2,6,10,7,5,6,3,1.0,0,0.0,2022,H,,,3,0.0,0.0,0.0,1,3,1.3333333333333333,2.0470588235294116,2.3488372093023258
2022-10-19,Liverpool,West Ham United,1,0,H,22,8,7,3,9,8,8,3,0,0.0,0,0.0,2022,H,,,3,0.0,0.0,0.0,1,0,2.0,2.058139534883721,1.5172413793103448
2022-10-22,Liverpool,Nottingham Forest,0,1,H,10,15,7,7,14,8,2,11,1,,0,,2022,A,2.0,0.0,0,0.0,0.0,0.0,0,1,2.0,2.0344827586206895,0.75
2022-10-29,Liverpool,Leeds United,1,2,A,22,14,10,6,9,3,14,5,0,1.0,0,0.0,2022,H,,,0,0.0,0.0,0.0,0,0,1.0,2.0113636363636362,1.2386363636363635
2022-11-06,Liverpool,Tottenham Hotspur,2,1,A,14,13,5,6,10,8,5,3,0,,0,,2022,A,0.0,0.0,3,0.0,0.0,0.0,0,0,1.0,2.0224719101123596,1.7666666666666666
2022-11-12,Liverpool,Southampton,3,1,H,15,9,7,5,8,8,6,0,0,2.0,0,0.0,2022,H,,,3,0.0,0.0,0.0,0,0,2.0,2.033333333333333,1.043956043956044
2022-12-26,Liverpool,Aston Villa,3,1,A,12,16,6,9,7,12,0,6,0,,0,,2022,A,0.0,0.0,3,0.0,0.0,0.0,0,0,3.0,2.043956043956044,1.2826086956521738
2022-12-30,Liverpool,Leicester City,2,1,H,21,7,5,2,8,15,4,5,0,1.0,0,0.0,2022,H,,,3,0.0,0.0,0.0,0,0,3.0,2.0543478260869565,1.4516129032258065
2023-01-02,Liverpool,Brentford,1,3,H,10,16,7,6,5,8,4,9,3,,0,,2023,A,1.0,0.0,0,0.0,0.0,0.0,0,3,2.0,2.032258064516129,1.2857142857142858
2023-01-14,Liverpool,Brighton and Hove Albion,0,3,H,16,6,9,2,8,15,7,1,3,,0,,2023,A,1.0,0.0,0,0.0,0.0,0.0,0,3,1.0,2.0106382978723403,1.297872340425532
2023-01-21,Liverpool,Chelsea,0,0,D,15,11,3,2,16,9,5,5,3,1.0,0,0.0,2023,H,,,1,0.0,0.0,0.0,1,3,0.3333333333333333,2.0,1.7708333333333333
2023-02-04,Liverpool,Wolverhampton Wanderers,0,3,H,12,22,6,4,9,7,2,7,1,,0,,2023,A,1.0,0.0,0,0.0,0.0,0.0,0,1,0.3333333333333333,1.9791666666666667,1.1958762886597938
2023-02-13,Liverpool,Everton,2,0,H,15,6,6,1,8,16,3,3,1,3.0,0,0.0,2023,H,,,3,0.0,0.0,0.0,1,1,1.3333333333333333,1.9896907216494846,1.183673469387755
2023-02-18,Liverpool,Newcastle United,2,0,A,14,13,4,7,3,8,6,7,1,,0,,2023,A,1.0,1.0,3,0.0,0.0,0.0,1,1,2.0,2.0,1.3636363636363635
2023-02-25,Liverpool,Crystal Palace,0,0,D,6,12,0,4,11,14,5,3,5,,0,,2023,A,2.0,0.0,1,0.0,0.0,0.0,1,5,2.3333333333333335,1.9898989898989898,1.19
2023-03-01,Liverpool,Wolverhampton Wanderers,2,0,H,15,4,6,1,13,14,5,2,2,3.0,0,0.0,2023,H,,,3,0.0,0.0,0.0,1,2,2.3333333333333335,2.0,1.188118811881188
2023-03-05,Liverpool,Manchester United,7,0,H,18,8,8,4,13,14,4,3,2,3.0,0,0.0,2023,H,,,3,0.0,0.0,0.0,1,2,2.3333333333333335,2.00990099009901,1.7920792079207921
2023-03-11,Liverpool,Bournemouth,0,1,H,5,15,2,6,7,9,3,8,1,,0,,2023,A,2.0,0.0,0,0.0,0.0,0.0,0,1,2.0,1.9901960784313726,0.9230769230769231
2023-04-01,Liverpool,Manchester City,1,4,H,17,4,8,1,9,12,7,1,1,,0,,2023,A,1.0,0.0,0,0.0,0.0,0.0,0,1,1.0,1.970873786407767,2.3365384615384617
2023-04-04,Liverpool,Chelsea,0,0,D,12,7,3,4,6,17,3,5,4,,0,,2023,A,1.0,0.0,1,0.0,0.0,0.0,1,4,0.3333333333333333,1.9615384615384615,1.7142857142857142
2023-04-09,Liverpool,Arsenal,2,2,D,21,9,6,5,11,11,5,4,4,4.0,0,0.0,2023,H,,,1,0.0,0.0,0.0,0,4,0.6666666666666666,1.9523809523809523,1.9150943396226414
2023-04-17,Liverpool,Leeds United,6,1,A,13,13,3,7,6,12,4,2,1,,0,,2023,A,0.0,0.0,3,0.0,0.0,0.0,0,1,1.6666666666666667,1.9622641509433962,1.1775700934579438
2023-04-22,Liverpool,Nottingham Forest,3,2,H,18,11,6,5,9,12,9,3,0,1.0,0,0.0,2023,H,,,3,0.0,0.0,0.0,0,0,2.3333333333333335,1.97196261682243,0.84375
2023-04-26,Liverpool,West Ham United,2,1,A,7,20,2,4,6,8,3,6,0,,0,,2023,A,0.0,0.0,3,0.0,0.0,0.0,0,0,3.0,1.9814814814814814,1.4351851851851851
2023-04-30,Liverpool,Tottenham Hotspur,4,3,H,12,10,4,7,12,6,5,2,3,2.0,0,0.0,2023,H,,,3,0.0,0.0,0.0,0,3,3.0,1.9908256880733946,1.7
2023-05-03,Liverpool,Fulham,1,0,H,15,9,3,3,10,8,7,5,0,0.0,0,0.0,2023,H,,,3,0.0,0.0,0.0,1,0,3.0,2.0,1.0138888888888888
2023-05-06,Liverpool,Brentford,1,0,H,15,5,5,1,19,10,7,3,4,2.0,0,0.0,2023,H,,,3,0.0,0.0,0.0,1,4,3.0,2.009009009009009,1.3150684931506849
2023-05-15,Liverpool,Leicester City,3,0,A,4,16,4,5,11,17,4,4,1,,0,,2023,A,2.0,0.0,3,0.0,0.0,0.0,1,1,3.0,2.017857142857143,1.3214285714285714
2023-05-20,Liverpool,Aston Villa,1,1,D,10,6,5,3,16,13,9,4,3,5.0,0,0.0,2023,H,,,1,0.0,0.0,0.0,0,3,2.3333333333333335,2.0088495575221237,1.3982300884955752
2023-05-28,Liverpool,Southampton,4,4,D,15,30,10,8,4,10,2,9,2,,0,,2023,A,0.0,0.0,1,0.0,0.0,0.0,0,2,1.6666666666666667,2.0,0.9473684210526315
2023-08-13,Liverpool,Chelsea,1,1,D,10,13,4,1,5,12,4,4,3,,0,,2023,A,3.0,0.0,1,0.0,0.0,0.0,0,3,1.0,1.991304347826087,1.617391304347826
2023-08-19,Liverpool,Bournemouth,3,1,H,26,13,10,5,11,13,10,2,1,3.0,1,0.0,2023,H,,,3,0.0,0.0,0.0,0,3,1.6666666666666667,2.0,1.0
2023-08-27,Liverpool,Newcastle United,2,1,A,23,9,8,4,16,10,5,9,2,,1,,2023,A,1.0,0.0,3,0.0,0.0,0.0,0,4,2.3333333333333335,2.0085470085470085,1.435897435897436
2023-09-03,Liverpool,Aston Villa,3,0,H,17,9,4,3,12,7,7,3,0,1.0,0,0.0,2023,H,,,3,0.0,0.0,0.0,1,0,3.0,2.016949152542373,1.4152542372881356
2023-09-16,Liverpool,Wolverhampton Wanderers,3,1,A,11,16,2,6,10,4,4,4,3,,0,,2023,A,1.0,0.0,3,0.0,0.0,0.0,0,3,3.0,2.0252100840336134,1.1764705882352942
2023-09-24,Liverpool,West Ham United,3,1,H,22,11,7,4,12,13,7,4,0,2.0,0,0.0,2023,H,,,3,0.0,0.0,0.0,0,0,3.0,2.033333333333333,1.425
2023-09-30,Liverpool,Tottenham Hotspur,1,2,H,24,12,8,4,11,17,12,5,4,,2,,2023,A,5.0,0.0,0,0.0,0.0,0.0,0,8,2.0,2.0165289256198347,1.7355371900826446
2023-10-08,Liverpool,Brighton and Hove Albion,2,2,D,14,14,3,4,12,20,8,1,2,,0,,2023,A,1.0,0.0,1,0.0,0.0,0.0,0,2,1.3333333333333333,2.0081967213114753,1.3934426229508197
2023-10-21,Liverpool,Everton,2,0,H,26,6,6,1,9,9,12,4,1,1.0,0,1.0,2023,H,,,3,0.0,0.0,0.0,1,1,1.3333333333333333,2.016260162601626,1.146341463414634
2023-10-29,Liverpool,Nottingham Forest,3,0,H,21,9,8,1,9,13,8,3,2,3.0,0,0.0,2023,H,,,3,0.0,0.0,0.0,1,2,2.3333333333333335,2.024193548387097,1.0
2023-11-05,Liverpool,Luton Town,1,1,D,8,24,5,6,7,13,4,7,1,,0,,2023,A,1.0,0.0,1,0.0,0.0,0.0,0,1,2.3333333333333335,2.016,0.5454545454545454
2023-11-12,Liverpool,Brentford,3,0,H,17,16,10,3,16,12,6,8,1,2.0,0,0.0,2023,H,,,3,0.0,0.0,0.0,1,1,2.3333333333333335,2.0238095238095237,1.375
2023-11-25,Liverpool,Manchester City,1,1,D,16,8,5,3,9,11,9,6,3,,0,,2023,A,1.0,0.0,1,0.0,0.0,0.0,0,3,1.6666666666666667,2.015748031496063,2.338582677165354
2023-12-03,Liverpool,Fulham,4,3,H,26,9,12,5,6,7,3,4,0,0.0,0,0.0,2023,H,,,3,0.0,0.0,0.0,0,0,2.3333333333333335,2.0234375,1.0555555555555556
2023-12-06,Liverpool,Sheffield United,2,0,A,6,15,1,8,12,8,2,12,3,,0,,2023,A,2.0,0.0,3,0.0,0.0,0.0,1,3,2.3333333333333335,2.0310077519379846,0.5283018867924528
2023-12-09,Liverpool,Crystal Palace,2,1,A,8,14,4,2,17,17,6,5,2,,0,,2023,A,5.0,1.0,3,0.0,0.0,0.0,0,2,3.0,2.0384615384615383,1.176923076923077
2023-12-17,Liverpool,Manchester United,0,0,D,34,6,8,1,13,8,12,0,2,4.0,0,1.0,2023,H,,,1,0.0,0.0,0.0,1,2,2.3333333333333335,2.030534351145038,1.7938931297709924
2023-12-23,Liverpool,Arsenal,1,1,D,13,13,3,2,13,14,4,5,2,5.0,0,0.0,2023,H,,,1,0.0,0.0,0.0,0,2,1.6666666666666667,2.022727272727273,1.9242424242424243
2023-12-26,Liverpool,Burnley,2,0,A,9,19,0,10,7,10,4,4,1,,0,,2023,A,2.0,0.0,3,0.0,0.0,0.0,1,1,1.6666666666666667,2.030075187969925,0.8947368421052632
2024-01-01,Liverpool,Newcastle United,4,2,H,34,5,15,3,16,15,7,3,3,5.0,0,0.0,2024,H,,,3,0.0,0.0,0.0,0,3,2.3333333333333335,2.037313432835821,1.4477611940298507
2024-01-21,Liverpool,Bournemouth,4,0,A,11,14,1,7,9,12,8,5,2,,0,,2024,A,1.0,0.0,3,0.0,0.0,0.0,1,2,3.0,2.0444444444444443,1.103448275862069
2024-01-31,Liverpool,Chelsea,4,1,H,28,4,13,3,15,16,8,1,2,4.0,0,0.0,2024,H,,,3,0.0,0.0,0.0,0,2,3.0,2.051470588235294,1.588235294117647
2024-02-04,Liverpool,Arsenal,1,3,H,15,10,7,1,11,11,2,4,2,,1,,2024,A,6.0,0.0,0,0.0,0.0,0.0,0,4,2.0,2.0364963503649633,1.9197080291970803
2024-02-10,Liverpool,Burnley,3,1,H,25,9,10,4,11,13,9,3,3,2.0,0,0.0,2024,H,,,3,0.0,0.0,0.0,0,3,2.0,2.0434782608695654,0.87
2024-02-17,Liverpool,Brentford,4,1,A,15,15,6,8,4,18,1,6,1,,0,,2024,A,2.0,0.0,3,0.0,0.0,0.0,0,1,2.0,2.050359712230216,1.3
2024-02-21,Liverpool,Luton Town,4,1,H,29,12,13,3,15,14,13,4,1,4.0,0,0.0,2024,H,,,3,0.0,0.0,0.0,0,1,3.0,2.057142857142857,0.8
2024-03-02,Liverpool,Nottingham Forest,1,0,A,8,22,2,2,11,12,3,12,2,,0,,2024,A,2.0,0.0,3,0.0,0.0,0.0,1,2,3.0,2.0638297872340425,0.9538461538461539
2024-03-10,Liverpool,Manchester City,1,1,D,19,10,6,6,6,10,7,4,0,3.0,0,0.0,2024,H,,,1,0.0,0.0,0.0,0,0,2.3333333333333335,2.056338028169014,2.3309859154929575
2024-03-31,Liverpool,Brighton and Hove Albion,2,1,H,30,9,8,3,20,6,8,4,5,3.0,0,0.0,2024,H,,,3,0.0,0.0,0.0,0,5,2.3333333333333335,2.062937062937063,1.3706293706293706
2024-04-04,Liverpool,Sheffield United,3,1,H,29,8,9,3,6,9,13,1,0,1.0,0,0.0,2024,H,,,3,0.0,0.0,0.0,0,0,2.3333333333333335,2.0694444444444446,0.5588235294117647
2024-04-07,Liverpool,Manchester United,2,2,D,9,28,5,7,9,10,6,11,2,,0,,2024,A,5.0,0.0,1,0.0,0.0,0.0,0,2,2.3333333333333335,2.0620689655172413,1.7655172413793103
2024-04-14,Liverpool,Crystal Palace,0,1,A,21,8,6,5,10,10,11,1,1,1.0,0,0.0,2024,H,,,0,0.0,0.0,0.0,0,1,1.3333333333333333,2.047945205479452,1.1643835616438356
2024-04-21,Liverpool,Fulham,3,1,A,12,14,5,7,5,11,1,4,0,,0,,2024,A,3.0,0.0,3,0.0,0.0,0.0,0,0,1.3333333333333333,2.054421768707483,1.1090909090909091
2024-04-24,Liverpool,Everton,0,2,H,16,23,6,7,6,13,4,13,3,,0,,2024,A,0.0,0.0,0,0.0,0.0,0.0,0,3,1.0,2.0405405405405403,1.1824324324324325
2024-04-27,Liverpool,West Ham United,2,2,D,11,28,8,8,8,10,5,8,2,,0,,2024,A,0.0,0.0,1,0.0,0.0,0.0,0,2,1.3333333333333333,2.033557046979866,1.4093959731543624
2024-05-05,Liverpool,Tottenham Hotspur,4,2,H,25,11,13,6,14,12,8,3,1,4.0,0,0.0,2024,H,,,3,0.0,0.0,0.0,0,1,1.3333333333333333,2.04,1.6979865771812082
2024-05-13,Liverpool,Aston Villa,3,3,D,19,14,5,7,11,15,5,4,1,,0,,2024,A,1.0,0.0,1,0.0,0.0,0.0,0,1,1.6666666666666667,2.033112582781457,1.5165562913907285
2024-05-19,Liverpool,Wolverhampton Wanderers,2,0,H,36,4,14,3,14,11,10,2,1,1.0,0,1.0,2024,H,,,3,0.0,0.0,0.0,1,1,2.3333333333333335,2.039473684210526,1.2039473684210527
2024-08-17,Liverpool,Ipswich Town,2,0,A,7,18,2,5,9,18,2,10,1,,0,,2024,A,3.0,0.0,3,0.0,0.0,0.0,1,1,2.3333333333333335,2.045751633986928,0.0
2024-08-25,Liverpool,Brentford,2,0,H,19,8,8,2,10,7,9,4,2,3.0,0,0.0,2024,H,,,3,0.0,0.0,0.0,1,2,3.0,2.051948051948052,1.2672413793103448
2024-09-01,Liverpool,Manchester United,3,0,A,8,11,3,3,7,7,5,2,1,,0,,2024,A,4.0,0.0,3,0.0,0.0,0.0,1,1,3.0,2.0580645161290323,1.7419354838709677
2024-09-14,Liverpool,Nottingham Forest,0,1,A,14,5,5,3,15,6,7,2,4,4.0,0,0.0,2024,H,,,0,0.0,0.0,0.0,0,4,2.0,2.0448717948717947,1.025
2024-09-21,Liverpool,Bournemouth,3,0,H,19,19,13,6,10,12,3,9,1,4.0,0,0.0,2024,H,,,3,0.0,0.0,0.0,1,1,2.0,2.050955414012739,1.1358024691358024
2024-09-28,Liverpool,Wolverhampton Wanderers,2,1,A,8,10,3,6,16,8,2,10,3,,0,,2024,A,2.0,0.0,3,0.0,0.0,0.0,0,3,2.0,2.0569620253164556,1.1645569620253164
2024-10-05,Liverpool,Crystal Palace,1,0,A,9,16,5,4,7,15,3,8,2,,0,,2024,A,4.0,0.0,3,0.0,0.0,0.0,1,2,3.0,2.0628930817610063,1.1886792452830188
2024-10-20,Liverpool,Chelsea,2,1,H,9,12,5,2,12,13,1,6,4,3.0,0,0.0,2024,H,,,3,0.0,0.0,0.0,0,4,3.0,2.06875,1.6375
2024-10-27,Liverpool,Arsenal,2,2,D,9,9,3,4,14,14,1,3,2,,0,,2024,A,2.0,0.0,1,0.0,0.0,0.0,0,2,2.3333333333333335,2.062111801242236,1.9937888198757765
2024-11-02,Liverpool,Brighton and Hove Albion,2,1,H,16,13,8,5,10,18,10,7,1,1.0,0,0.0,2024,H,,,3,0.0,0.0,0.0,0,1,2.3333333333333335,2.067901234567901,1.345679012345679
2024-11-09,Liverpool,Aston Villa,2,0,H,14,12,5,2,11,15,2,9,0,3.0,0,0.0,2024,H,,,3,0.0,0.0,0.0,1,0,2.3333333333333335,2.0736196319018405,1.5153374233128833
2024-11-24,Liverpool,Southampton,3,2,A,7,27,5,11,11,9,3,10,4,,0,,2024,A,3.0,0.0,3,0.0,0.0,0.0,0,4,3.0,2.0792682926829267,0.8888888888888888
2024-12-01,Liverpool,Manchester City,2,0,H,18,8,7,2,9,8,7,4,1,3.0,0,0.0,2024,H,,,3,0.0,0.0,0.0,1,1,3.0,2.084848484848485,2.315151515151515
2024-12-04,Liverpool,Newcastle United,3,3,D,17,16,6,5,9,17,5,6,5,,0,,2024,A,2.0,0.0,1,0.0,0.0,0.0,0,5,2.3333333333333335,2.0783132530120483,1.4759036144578312
2024-12-14,Liverpool,Fulham,2,2,D,16,12,4,3,10,7,5,4,3,4.0,1,0.0,2024,H,,,1,0.0,0.0,0.0,0,5,1.6666666666666667,2.07185628742515,1.1615384615384616
2024-12-22,Liverpool,Tottenham Hotspur,6,3,A,9,24,5,12,7,9,7,5,2,,0,,2024,A,1.0,0.0,3,0.0,0.0,0.0,0,2,1.6666666666666667,2.0773809523809526,1.668639053254438
2024-12-26,Liverpool,Leicester City,3,1,H,19,4,7,1,17,5,14,1,3,2.0,0,0.0,2024,H,,,3,0.0,0.0,0.0,0,3,2.3333333333333335,2.0828402366863905,1.2575757575757576
2024-12-29,Liverpool,West Ham United,5,0,A,7,22,0,13,7,10,3,6,0,,0,,2024,A,0.0,0.0,3,0.0,0.0,0.0,1,0,3.0,2.088235294117647,1.3801169590643274
2025-01-05,Liverpool,Manchester United,2,2,D,19,13,6,4,10,13,6,9,2,4.0,0,0.0,2025,H,,,1,0.0,0.0,0.0,0,2,2.3333333333333335,2.08187134502924,1.686046511627907
2025-01-14,Liverpool,Nottingham Forest,1,1,D,6,23,3,7,7,10,0,9,1,,0,,2025,A,2.0,0.0,1,0.0,0.0,0.0,0,1,1.6666666666666667,2.0755813953488373,1.1855670103092784
2025-01-18,Liverpool,Brentford,2,0,A,11,37,6,8,6,14,2,15,3,,0,,2025,A,2.0,0.0,3,0.0,0.0,0.0,1,3,1.6666666666666667,2.0809248554913293,1.2647058823529411
2025-01-25,Liverpool,Ipswich Town,4,1,H,16,3,6,3,10,11,3,4,0,2.0,0,0.0,2025,H,,,3,0.0,0.0,0.0,0,0,2.3333333333333335,2.086206896551724,0.6956521739130435
2025-02-01,Liverpool,Bournemouth,2,0,A,14,19,3,7,15,9,3,3,3,,0,,2025,A,2.0,0.0,3,0.0,0.0,0.0,1,3,3.0,2.0914285714285716,1.27
2025-02-12,Liverpool,Everton,2,2,D,10,6,3,4,9,20,2,3,2,,1,,2025,A,2.0,1.0,1,0.0,0.0,0.0,0,4,2.3333333333333335,2.085227272727273,1.1875
2025-02-16,Liverpool,Wolverhampton Wanderers,2,1,H,10,16,3,4,15,13,4,3,2,2.0,0,0.0,2025,H,,,3,0.0,0.0,0.0,0,2,2.3333333333333335,2.0903954802259888,1.1412429378531073
2025-02-19,Liverpool,Aston Villa,2,2,D,9,17,4,3,8,6,6,8,0,,0,,2025,A,1.0,0.0,1,0.0,0.0,0.0,0,0,1.6666666666666667,2.0842696629213484,1.5056179775280898
2025-02-23,Liverpool,Manchester City,2,0,A,16,8,5,4,3,10,7,5,0,,0,,2025,A,0.0,0.0,3,0.0,0.0,0.0,1,0,2.3333333333333335,2.089385474860335,2.264044943820225
2025-02-26,Liverpool,Newcastle United,2,0,H,12,3,3,0,12,11,4,2,0,1.0,0,0.0,2025,H,,,3,0.0,0.0,0.0,1,0,2.3333333333333335,2.0944444444444446,1.5027932960893855
2025-03-08,Liverpool,Southampton,3,1,H,28,6,7,4,10,9,6,4,2,1.0,0,0.0,2025,H,,,3,0.0,0.0,0.0,0,2,3.0,2.0994475138121547,0.823943661971831
2025-04-02,Liverpool,Everton,1,0,H,17,5,3,0,7,11,11,5,2,2.0,0,0.0,2025,H,,,3,0.0,0.0,0.0,1,2,3.0,2.1043956043956045,1.1868131868131868
2025-04-06,Liverpool,Fulham,2,3,H,12,14,6,6,10,9,4,4,0,,0,,2025,A,3.0,0.0,0,0.0,0.0,0.0,0,0,2.0,2.092896174863388,1.206896551724138
2025-04-13,Liverpool,West Ham United,2,1,H,15,11,6,4,15,8,10,3,0,2.0,0,0.0,2025,H,,,3,0.0,0.0,0.0,0,0,2.0,2.097826086956522,1.3478260869565217
2025-04-20,Liverpool,Leicester City,1,0,A,5,28,0,10,11,7,1,13,2,,0,,2025,A,1.0,0.0,3,0.0,0.0,0.0,1,2,2.0,2.1027027027027025,1.1564625850340136
2025-04-27,Liverpool,Tottenham Hotspur,5,1,H,25,8,8,3,16,9,8,2,2,1.0,0,0.0,2025,H,,,3,0.0,0.0,0.0,0,2,3.0,2.10752688172043,1.5913978494623655
2025-05-04,Liverpool,Chelsea,1,3,H,17,11,7,2,10,11,3,6,2,,0,,2025,A,2.0,0.0,0,0.0,0.0,0.0,0,2,2.0,2.0962566844919786,1.6631016042780749
2025-05-11,Liverpool,Arsenal,2,2,D,14,15,5,7,13,10,3,1,1,1.0,0,1.0,2025,H,,,1,0.0,0.0,0.0,0,1,1.3333333333333333,2.0904255319148937,1.9734042553191489
2025-05-19,Liverpool,Brighton and Hove Albion,2,3,H,25,18,12,5,9,8,3,3,0,,0,,2025,A,1.0,0.0,0,0.0,0.0,0.0,0,0,0.3333333333333333,2.0793650793650795,1.3756613756613756
2025-05-25,Liverpool,Crystal Palace,1,1,D,14,8,3,5,7,10,11,0,1,0.0,1,0.0,2025,H,,,1,0.0,0.0,0.0,0,3,0.6666666666666666,2.0736842105263156,1.2578947368421052
2025-08-15,Liverpool,Bournemouth,4,2,H,19,10,10,3,7,10,6,7,1,2.0,0,0.0,2025,H,,,3,0.0,0.0,0.0,0,1,1.3333333333333333,2.0785340314136125,1.2434782608695651
2025-08-25,Liverpool,Newcastle United,3,2,A,10,5,3,4,17,15,7,1,3,,0,,2025,A,2.0,1.0,3,0.0,0.0,0.0,0,3,2.3333333333333335,2.0833333333333335,1.5208333333333333
2025-08-31,Liverpool,Arsenal,1,0,H,9,11,3,1,7,10,3,8,2,2.0,0,0.0,2025,H,,,3,0.0,0.0,0.0,1,2,3.0,2.088082901554404,1.9844559585492227
2025-09-14,Liverpool,Burnley,1,0,A,3,27,0,4,9,9,1,13,2,,0,,2025,A,0.0,0.0,3,0.0,0.0,0.0,1,2,3.0,2.0927835051546393,0.8559322033898306
2025-09-20,Liverpool,Everton,2,1,H,11,9,3,2,11,10,5,4,2,3.0,0,0.0,2025,H,,,3,0.0,0.0,0.0,0,2,3.0,2.0974358974358975,1.2153846153846153
2025-09-27,Liverpool,Crystal Palace,1,2,H,16,20,7,4,10,8,2,6,3,,0,,2025,A,1.0,0.0,0,0.0,0.0,0.0,0,3,2.0,2.086734693877551,1.280612244897959
2025-10-04,Liverpool,Chelsea,1,2,H,12,12,6,2,9,8,7,2,2,,0,,2025,A,0.0,0.0,0,0.0,0.0,0.0,0,2,1.0,2.0761421319796955,1.6649746192893402
2025-10-19,Liverpool,Manchester United,1,2,A,19,12,6,4,8,14,9,4,0,2.0,0,0.0,2025,H,,,0,0.0,0.0,0.0,0,0,0.0,2.0656565656565657,1.6262626262626263
2025-10-25,Liverpool,Brentford,2,3,H,17,18,8,5,7,10,5,4,2,,0,,2025,A,3.0,0.0,0,0.0,0.0,0.0,0,2,0.0,2.0552763819095476,1.3229813664596273
2025-11-01,Liverpool,Aston Villa,2,0,H,16,10,4,3,13,11,1,4,2,3.0,0,0.0,2025,H,,,3,0.0,0.0,0.0,1,2,1.0,2.06,1.55
2025-11-09,Liverpool,Manchester City,0,3,H,14,7,6,1,14,15,7,7,4,,0,,2025,A,2.0,0.0,0,0.0,0.0,0.0,0,4,1.0,2.0497512437810945,2.2487562189054726
2023-08-12,Luton Town,Brighton and Hove Albion,1,4,H,27,9,12,3,11,12,6,7,2,,0,,2023,A,2.0,0.0,0,0.0,0.0,0.0,0,2,0.0,0.0,1.3652173913043477
2023-08-25,Luton Town,Chelsea,0,3,H,19,11,8,1,15,12,6,4,3,,0,,2023,A,2.0,0.0,0,0.0,0.0,0.0,0,3,0.0,0.0,1.6153846153846154
2023-09-01,Luton Town,West Ham United,1,2,A,16,9,1,3,8,13,9,6,1,1.0,0,0.0,2023,H,,,0,0.0,0.0,0.0,0,1,0.0,0.0,1.4491525423728813
2023-09-16,Luton Town,Fulham,0,1,H,13,7,2,2,6,14,6,2,2,,0,,2023,A,2.0,0.0,0,0.0,0.0,0.0,0,2,0.0,0.0,1.0740740740740742
2023-09-23,Luton Town,Wolverhampton Wanderers,1,1,D,20,3,4,3,12,17,10,1,0,2.0,0,1.0,2023,H,,,1,0.0,0.0,0.0,0,0,0.3333333333333333,0.2,1.175
2023-09-30,Luton Town,Everton,2,1,A,23,9,5,2,8,10,3,6,1,,0,,2023,A,0.0,0.0,3,0.0,0.0,0.0,0,1,1.3333333333333333,0.6666666666666666,1.140495867768595
2023-10-03,Luton Town,Burnley,1,2,A,18,14,3,4,14,6,7,6,4,2.0,0,0.0,2023,H,,,0,0.0,0.0,0.0,0,4,1.3333333333333333,0.5714285714285714,0.9397590361445783
2023-10-07,Luton Town,Tottenham Hotspur,0,1,A,12,15,2,4,16,7,5,6,2,1.0,0,1.0,2023,H,,,0,0.0,0.0,0.0,0,2,1.0,0.5,1.7459016393442623
2023-10-21,Luton Town,Nottingham Forest,2,2,D,19,13,8,4,12,11,4,2,0,,0,,2023,A,3.0,0.0,1,0.0,0.0,0.0,0,0,0.3333333333333333,0.5555555555555556,1.0212765957446808
2023-10-29,Luton Town,Aston Villa,1,3,H,17,7,6,1,11,10,6,4,2,,0,,2023,A,3.0,0.0,0,0.0,0.0,0.0,0,2,0.3333333333333333,0.5,1.4758064516129032
2023-11-05,Luton Town,Liverpool,1,1,D,8,24,5,6,7,13,4,7,1,1.0,0,0.0,2023,H,,,1,0.0,0.0,0.0,0,1,0.6666666666666666,0.5454545454545454,2.016
2023-11-11,Luton Town,Manchester United,0,1,H,15,10,4,4,9,11,11,3,2,,0,,2023,A,0.0,0.0,0,0.0,0.0,0.0,0,2,0.3333333333333333,0.5,1.8095238095238095
2023-11-25,Luton Town,Crystal Palace,2,1,H,8,16,3,8,15,12,4,5,6,1.0,0,0.0,2023,H,,,3,0.0,0.0,0.0,0,6,1.3333333333333333,0.6923076923076923,1.1968503937007875
2023-12-02,Luton Town,Brentford,1,3,H,27,7,6,1,10,8,7,5,2,,0,,2023,A,1.0,0.0,0,0.0,0.0,0.0,0,2,1.0,0.6428571428571429,1.3777777777777778
2023-12-05,Luton Town,Arsenal,3,4,A,6,23,4,9,14,7,3,8,2,1.0,0,0.0,2023,H,,,0,0.0,0.0,0.0,0,2,1.0,0.6,1.937984496124031
2023-12-10,Luton Town,Manchester City,1,2,A,4,18,2,6,16,6,6,3,2,1.0,0,0.0,2023,H,,,0,0.0,0.0,0.0,0,2,0.0,0.5625,2.3153846153846156
2023-12-23,Luton Town,Newcastle United,1,0,H,16,15,5,2,11,5,6,7,2,1.0,0,0.0,2023,H,,,3,0.0,0.0,0.0,1,2,1.0,0.7058823529411765,1.4696969696969697
2023-12-26,Luton Town,Sheffield United,3,2,A,21,12,6,4,13,13,9,4,0,,0,,2023,A,5.0,0.0,3,0.0,0.0,0.0,0,0,2.0,0.8333333333333334,0.5614035087719298
2023-12-30,Luton Town,Chelsea,2,3,A,15,12,6,8,14,21,7,2,2,2.0,0,0.0,2023,H,,,0,0.0,0.0,0.0,0,2,2.0,0.7894736842105263,1.5895522388059702
2024-01-12,Luton Town,Burnley,1,1,D,13,14,7,5,7,12,2,8,0,,0,,2024,A,1.0,0.0,1,0.0,0.0,0.0,0,0,1.3333333333333333,0.8,0.8865979381443299
2024-01-30,Luton Town,Brighton and Hove Albion,4,0,H,18,9,8,2,13,14,7,4,2,2.0,0,0.0,2024,H,,,3,0.0,0.0,0.0,1,2,1.3333333333333333,0.9047619047619048,1.3676470588235294
2024-02-03,Luton Town,Newcastle United,4,4,D,19,11,6,8,13,16,8,2,2,,0,,2024,A,2.0,0.0,1,0.0,0.0,0.0,0,2,1.6666666666666667,0.9090909090909091,1.4452554744525548
2024-02-10,Luton Town,Sheffield United,1,3,A,20,7,5,3,7,12,13,1,1,2.0,0,0.0,2024,H,,,0,0.0,0.0,0.0,0,1,1.3333333333333333,0.8695652173913043,0.5806451612903226
2024-02-18,Luton Town,Manchester United,1,2,A,22,21,4,9,7,21,8,6,3,5.0,0,0.0,2024,H,,,0,0.0,0.0,0.0,0,3,0.3333333333333333,0.8333333333333334,1.8057553956834533
2024-02-21,Luton Town,Liverpool,1,4,H,29,12,13,3,15,14,13,4,4,,0,,2024,A,1.0,0.0,0,0.0,0.0,0.0,0,4,0.0,0.8,2.057142857142857
2024-03-02,Luton Town,Aston Villa,2,3,A,13,12,5,8,8,19,8,6,1,4.0,0,0.0,2024,H,,,0,0.0,0.0,0.0,0,1,0.0,0.7692307692307693,1.5319148936170213
2024-03-09,Luton Town,Crystal Palace,1,1,D,21,8,4,2,20,11,8,6,3,,0,,2024,A,2.0,0.0,1,0.0,0.0,0.0,0,3,0.3333333333333333,0.7777777777777778,1.1690140845070423
2024-03-13,Luton Town,Bournemouth,3,4,H,24,8,10,4,16,11,11,3,2,,0,,2024,A,1.0,0.0,0,0.0,0.0,0.0,0,2,0.3333333333333333,0.75,1.121212121212121
2024-03-16,Luton Town,Nottingham Forest,1,1,D,10,16,4,6,10,17,6,7,1,2.0,0,0.0,2024,H,,,1,0.0,0.0,0.0,0,1,0.6666666666666666,0.7586206896551724,0.9402985074626866
2024-03-30,Luton Town,Tottenham Hotspur,1,2,H,17,7,4,3,16,14,3,6,4,,0,,2024,A,2.0,0.0,0,0.0,0.0,0.0,0,4,0.3333333333333333,0.7333333333333333,1.7412587412587412
2024-04-03,Luton Town,Arsenal,0,2,H,13,5,4,1,12,8,3,1,1,,0,,2024,A,1.0,0.0,0,0.0,0.0,0.0,0,1,0.3333333333333333,0.7096774193548387,1.9583333333333333
2024-04-06,Luton Town,Bournemouth,2,1,H,19,8,9,1,7,14,7,2,0,0.0,0,0.0,2024,H,,,3,0.0,0.0,0.0,0,0,1.0,0.78125,1.1594202898550725
2024-04-13,Luton Town,Manchester City,1,5,H,33,4,13,2,7,6,12,1,0,,0,,2024,A,1.0,0.0,0,0.0,0.0,0.0,0,0,1.0,0.7575757575757576,2.335616438356164
2024-04-20,Luton Town,Brentford,1,5,A,6,21,3,9,13,9,4,9,1,2.0,0,0.0,2024,H,,,0,0.0,0.0,0.0,0,1,1.0,0.7352941176470589,1.2727272727272727
2024-04-27,Luton Town,Wolverhampton Wanderers,1,2,H,13,9,5,6,14,14,4,4,1,,0,,2024,A,3.0,0.0,0,0.0,0.0,0.0,0,1,0.0,0.7142857142857143,1.2281879194630871
2024-05-03,Luton Town,Everton,1,1,D,18,10,5,3,14,12,8,7,1,3.0,0,0.0,2024,H,,,1,0.0,0.0,0.0,0,1,0.3333333333333333,0.7222222222222222,1.1933333333333334
2024-05-11,Luton Town,West Ham United,1,3,H,24,4,8,1,9,15,7,6,3,,0,,2024,A,1.0,0.0,0,0.0,0.0,0.0,0,3,0.3333333333333333,0.7027027027027027,1.4105960264900663
2024-05-19,Luton Town,Fulham,2,4,A,15,15,6,7,15,20,4,4,5,4.0,0,0.0,2024,H,,,0,0.0,0.0,0.0,0,5,0.3333333333333333,0.6842105263157895,1.1140350877192982
2020-09-21,Manchester City,Wolverhampton Wanderers,3,1,A,10,14,1,9,6,8,4,6,3,,0,,2020,A,0.0,0.0,3,0.0,0.0,0.0,0,3,3.0,3.0,1.5
2020-09-27,Manchester City,Leicester City,2,5,A,16,7,5,7,13,8,3,4,1,3.0,0,0.0,2020,H,,,0,0.0,0.0,0.0,0,1,1.5,1.5,3.0
2020-10-03,Manchester City,Leeds United,1,1,D,12,23,7,2,11,12,7,10,1,,0,,2020,A,2.0,0.0,1,0.0,0.0,0.0,0,1,1.3333333333333333,1.3333333333333333,1.75
2020-10-17,Manchester City,Arsenal,1,0,H,13,11,5,3,15,10,6,6,4,1.0,0,0.0,2020,H,,,3,0.0,0.0,0.0,1,4,1.3333333333333333,1.75,1.8
2020-10-24,Manchester City,West Ham United,1,1,D,6,14,2,7,14,6,2,10,0,,0,,2020,A,2.0,0.0,1,0.0,0.0,0.0,0,0,1.6666666666666667,1.6,1.3333333333333333
2020-10-31,Manchester City,Sheffield United,1,0,A,5,16,1,8,14,6,2,5,0,,0,,2020,A,0.0,0.0,3,0.0,0.0,0.0,1,0,2.3333333333333335,1.8333333333333333,0.14285714285714285
2020-11-08,Manchester City,Liverpool,1,1,D,7,10,2,3,19,11,1,2,3,1.0,0,0.0,2020,H,,,1,0.0,0.0,0.0,0,3,1.6666666666666667,1.7142857142857142,2.125
2020-11-21,Manchester City,Tottenham Hotspur,0,2,H,4,22,2,5,13,19,0,10,2,,0,,2020,A,2.0,0.0,0,0.0,0.0,0.0,0,2,1.3333333333333333,1.5,2.2222222222222223
2020-11-28,Manchester City,Burnley,5,0,H,19,9,6,1,12,4,6,4,0,0.0,0,0.0,2020,H,,,3,0.0,0.0,0.0,1,0,1.3333333333333333,1.6666666666666667,0.5555555555555556
2020-12-05,Manchester City,Fulham,2,0,H,16,6,6,1,7,6,9,3,0,0.0,0,0.0,2020,H,,,3,0.0,0.0,0.0,1,0,2.0,1.8,0.6363636363636364
2020-12-12,Manchester City,Manchester United,0,0,D,11,9,2,2,13,6,4,3,1,,0,,2020,A,1.0,0.0,1,0.0,0.0,0.0,1,1,2.3333333333333335,1.7272727272727273,1.8181818181818181
2020-12-15,Manchester City,West Brom,1,1,D,26,5,7,1,5,8,13,2,2,3.0,0,0.0,2020,H,,,1,0.0,0.0,0.0,0,2,1.6666666666666667,1.6666666666666667,0.5384615384615384
2020-12-19,Manchester City,Southampton,1,0,A,9,11,3,5,9,11,6,6,2,,0,,2020,A,2.0,0.0,3,0.0,0.0,0.0,1,2,1.6666666666666667,1.7692307692307692,1.7142857142857142
2020-12-26,Manchester City,Newcastle United,2,0,H,11,7,6,2,5,12,7,3,2,2.0,0,0.0,2020,H,,,3,0.0,0.0,0.0,1,2,2.3333333333333335,1.8571428571428572,1.2857142857142858
2021-01-03,Manchester City,Chelsea,3,1,A,9,18,2,6,11,10,5,3,1,,0,,2021,A,3.0,0.0,3,0.0,0.0,0.0,0,1,3.0,1.9333333333333333,1.5294117647058822
2021-01-13,Manchester City,Brighton and Hove Albion,1,0,H,16,5,6,1,4,12,8,4,0,2.0,0,0.0,2021,H,,,3,0.0,0.0,0.0,1,0,3.0,2.0,0.7777777777777778
2021-01-17,Manchester City,Crystal Palace,4,0,H,13,2,6,0,9,8,11,1,0,0.0,0,0.0,2021,H,,,3,0.0,0.0,0.0,1,0,3.0,2.0588235294117645,1.2105263157894737
2021-01-20,Manchester City,Aston Villa,2,0,H,28,11,9,4,10,9,16,2,0,2.0,0,0.0,2021,H,,,3,0.0,0.0,0.0,1,0,3.0,2.111111111111111,1.625
2021-01-26,Manchester City,West Brom,5,0,A,4,18,1,7,8,8,3,8,0,,0,,2021,A,2.0,0.0,3,0.0,0.0,0.0,1,0,3.0,2.1578947368421053,0.55
2021-01-30,Manchester City,Sheffield United,1,0,H,10,4,5,1,7,10,10,0,0,3.0,0,0.0,2021,H,,,3,0.0,0.0,0.0,1,0,3.0,2.2,0.38095238095238093
2021-02-03,Manchester City,Burnley,2,0,A,2,17,0,6,8,5,1,3,1,,0,,2021,A,2.0,0.0,3,0.0,0.0,0.0,1,1,3.0,2.238095238095238,1.0476190476190477
2021-02-07,Manchester City,Liverpool,4,1,A,8,8,3,5,13,8,6,1,1,,0,,2021,A,2.0,0.0,3,0.0,0.0,0.0,0,1,3.0,2.272727272727273,1.7391304347826086
2021-02-13,Manchester City,Tottenham Hotspur,3,0,H,15,7,6,3,12,13,4,2,1,3.0,0,0.0,2021,H,,,3,0.0,0.0,0.0,1,1,3.0,2.3043478260869565,1.565217391304348
2021-02-17,Manchester City,Everton,3,1,A,3,16,2,7,8,8,0,10,1,,0,,2021,A,2.0,0.0,3,0.0,0.0,0.0,0,1,3.0,2.3333333333333335,1.608695652173913
2021-02-21,Manchester City,Arsenal,1,0,A,7,15,1,3,11,9,1,3,2,,0,,2021,A,2.0,0.0,3,0.0,0.0,0.0,1,2,3.0,2.36,1.36
2021-02-27,Manchester City,West Ham United,2,1,H,10,9,3,3,8,11,4,2,1,1.0,0,0.0,2021,H,,,3,0.0,0.0,0.0,0,1,3.0,2.3846153846153846,1.7307692307692308
2021-03-02,Manchester City,Wolverhampton Wanderers,4,1,H,22,6,10,1,9,5,10,2,0,1.0,0,0.0,2021,H,,,3,0.0,0.0,0.0,0,0,3.0,2.4074074074074074,1.2592592592592593
2021-03-07,Manchester City,Manchester United,0,2,A,23,8,6,6,9,12,6,2,0,3.0,0,0.0,2021,H,,,0,0.0,0.0,0.0,0,0,2.0,2.3214285714285716,1.9285714285714286
2021-03-10,Manchester City,Southampton,5,2,H,17,11,10,6,6,4,5,5,1,0.0,0,0.0,2021,H,,,3,0.0,0.0,0.0,0,1,2.0,2.3448275862068964,1.1785714285714286
2021-03-13,Manchester City,Fulham,3,0,A,3,8,0,7,14,13,4,2,0,,0,,2021,A,0.0,0.0,3,0.0,0.0,0.0,1,0,2.0,2.3666666666666667,0.896551724137931
2021-04-03,Manchester City,Leicester City,2,0,A,5,11,2,4,13,12,1,1,3,,0,,2021,A,2.0,0.0,3,0.0,0.0,0.0,1,3,3.0,2.3870967741935485,1.8666666666666667
2021-04-10,Manchester City,Leeds United,1,2,A,29,2,7,2,12,15,9,3,3,1.0,0,1.0,2021,H,,,0,0.0,0.0,0.0,0,3,2.0,2.3125,1.4516129032258065
2021-04-21,Manchester City,Aston Villa,2,1,A,8,13,3,3,12,7,1,11,1,,1,,2021,A,0.0,1.0,3,0.0,0.0,0.0,0,3,2.0,2.3333333333333335,1.4193548387096775
2021-05-01,Manchester City,Crystal Palace,2,0,A,9,20,4,3,9,10,2,6,0,,0,,2021,A,2.0,0.0,3,0.0,0.0,0.0,1,0,2.0,2.3529411764705883,1.1515151515151516
2021-05-08,Manchester City,Chelsea,1,2,A,16,12,4,5,12,10,6,2,2,0.0,0,0.0,2021,H,,,0,0.0,0.0,0.0,0,2,2.0,2.2857142857142856,1.8285714285714285
2021-05-14,Manchester City,Newcastle United,4,3,A,11,15,5,6,11,10,4,5,2,,0,,2021,A,2.0,0.0,3,0.0,0.0,0.0,0,2,2.0,2.3055555555555554,1.0833333333333333
2021-05-18,Manchester City,Brighton and Hove Albion,2,3,H,19,8,6,4,13,11,5,3,3,,1,,2021,A,3.0,0.0,0,0.0,0.0,0.0,0,5,1.0,2.2432432432432434,1.1081081081081081
2021-05-23,Manchester City,Everton,5,0,H,21,8,11,3,8,10,7,5,2,2.0,0,0.0,2021,H,,,3,0.0,0.0,0.0,1,2,2.0,2.263157894736842,1.5526315789473684
2021-08-15,Manchester City,Tottenham Hotspur,0,1,H,13,18,3,4,11,8,3,11,1,,0,,2021,A,2.0,0.0,0,0.0,0.0,0.0,0,1,1.0,2.2051282051282053,1.6666666666666667
2021-08-21,Manchester City,Norwich City,5,0,H,16,1,4,0,13,7,6,1,1,0.0,0,0.0,2021,H,,,3,0.0,0.0,0.0,1,1,2.0,2.225,0.0
2021-08-28,Manchester City,Arsenal,5,0,H,25,1,10,0,5,7,14,0,1,2.0,0,1.0,2021,H,,,3,0.0,0.0,0.0,1,1,2.0,2.2439024390243905,1.4878048780487805
2021-09-11,Manchester City,Leicester City,1,0,A,6,25,1,8,4,11,5,8,2,,0,,2021,A,1.0,0.0,3,0.0,0.0,0.0,1,2,3.0,2.261904761904762,1.7142857142857142
2021-09-18,Manchester City,Southampton,0,0,D,18,10,1,2,5,12,8,5,0,2.0,0,0.0,2021,H,,,1,0.0,0.0,0.0,1,0,2.3333333333333335,2.2325581395348837,1.0930232558139534
2021-09-25,Manchester City,Chelsea,1,0,A,5,15,0,4,12,10,4,13,2,,0,,2021,A,3.0,0.0,3,0.0,0.0,0.0,1,2,2.3333333333333335,2.25,1.8181818181818181
2021-10-03,Manchester City,Liverpool,2,2,D,6,12,4,3,10,12,3,4,3,,0,,2021,A,3.0,0.0,1,0.0,0.0,0.0,0,3,1.6666666666666667,2.2222222222222223,1.8666666666666667
2021-10-16,Manchester City,Burnley,2,0,H,15,7,6,2,11,5,6,2,1,0.0,0,0.0,2021,H,,,3,0.0,0.0,0.0,1,1,2.3333333333333335,2.239130434782609,0.9130434782608695
2021-10-23,Manchester City,Brighton and Hove Albion,4,1,A,10,23,5,14,10,6,7,6,3,,0,,2021,A,2.0,0.0,3,0.0,0.0,0.0,0,3,2.3333333333333335,2.25531914893617,1.1914893617021276
2021-10-30,Manchester City,Crystal Palace,0,2,A,14,8,3,3,11,11,7,1,2,3.0,1,0.0,2021,H,,,0,0.0,0.0,0.0,0,4,2.0,2.2083333333333335,1.1666666666666667
2021-11-06,Manchester City,Manchester United,2,0,A,5,16,1,5,9,12,1,9,2,,0,,2021,A,1.0,0.0,3,0.0,0.0,0.0,1,2,2.0,2.2244897959183674,1.8571428571428572
2021-11-21,Manchester City,Everton,3,0,H,17,4,7,1,5,7,7,1,1,1.0,0,0.0,2021,H,,,3,0.0,0.0,0.0,1,1,2.0,2.24,1.48
2021-11-28,Manchester City,West Ham United,2,1,H,19,5,9,3,7,6,8,4,2,0.0,0,0.0,2021,H,,,3,0.0,0.0,0.0,0,2,3.0,2.2549019607843137,1.7254901960784315
2021-12-01,Manchester City,Aston Villa,2,1,A,9,17,3,7,8,12,4,11,0,,0,,2021,A,0.0,0.0,3,0.0,0.0,0.0,0,0,3.0,2.269230769230769,1.3653846153846154
2021-12-04,Manchester City,Watford,3,1,A,11,26,4,13,10,7,5,11,0,,0,,2021,A,3.0,0.0,3,0.0,0.0,0.0,0,0,3.0,2.2830188679245285,0.8666666666666667
2021-12-11,Manchester City,Wolverhampton Wanderers,1,0,H,24,2,10,1,12,5,14,1,3,2.0,0,1.0,2021,H,,,3,0.0,0.0,0.0,1,3,3.0,2.2962962962962963,1.2222222222222223
2021-12-14,Manchester City,Leeds United,7,0,H,31,6,15,3,5,9,6,2,1,1.0,0,0.0,2021,H,,,3,0.0,0.0,0.0,1,1,3.0,2.309090909090909,1.3636363636363635
2021-12-19,Manchester City,Newcastle United,4,0,A,5,18,1,7,9,6,3,6,2,,0,,2021,A,1.0,0.0,3,0.0,0.0,0.0,1,2,3.0,2.3214285714285716,0.9821428571428571
2021-12-26,Manchester City,Leicester City,6,3,H,17,14,9,8,11,9,14,4,1,2.0,0,0.0,2021,H,,,3,0.0,0.0,0.0,0,1,3.0,2.3333333333333335,1.6
2021-12-29,Manchester City,Brentford,1,0,A,6,12,2,3,12,10,3,5,0,,0,,2021,A,0.0,0.0,3,0.0,0.0,0.0,1,0,3.0,2.3448275862068964,1.1111111111111112
2022-01-01,Manchester City,Arsenal,2,1,A,7,15,2,2,13,5,5,5,2,,0,,2022,A,3.0,1.0,3,0.0,0.0,0.0,0,2,3.0,2.3559322033898304,1.6551724137931034
2022-01-15,Manchester City,Chelsea,1,0,H,11,4,6,1,11,6,9,1,0,2.0,0,0.0,2022,H,,,3,0.0,0.0,0.0,1,0,3.0,2.3666666666666667,1.8333333333333333
2022-01-22,Manchester City,Southampton,1,1,D,7,20,3,5,13,5,2,11,0,,0,,2022,A,3.0,0.0,1,0.0,0.0,0.0,0,0,2.3333333333333335,2.3442622950819674,1.1333333333333333
2022-02-09,Manchester City,Brentford,2,0,H,15,6,7,2,7,13,9,3,0,0.0,0,0.0,2022,H,,,3,0.0,0.0,0.0,1,0,2.3333333333333335,2.3548387096774195,0.9583333333333334
2022-02-12,Manchester City,Norwich City,4,0,A,8,22,3,9,7,8,4,12,2,,0,,2022,A,0.0,0.0,3,0.0,0.0,0.0,1,2,2.3333333333333335,2.365079365079365,0.7083333333333334
2022-02-19,Manchester City,Tottenham Hotspur,2,3,A,21,6,4,5,5,7,10,0,0,3.0,0,0.0,2022,H,,,0,0.0,0.0,0.0,0,0,2.0,2.328125,1.6557377049180328
2022-02-26,Manchester City,Everton,1,0,A,6,13,2,8,7,14,3,4,2,,0,,2022,A,3.0,0.0,3,0.0,0.0,0.0,1,2,2.0,2.3384615384615386,1.3064516129032258
2022-03-06,Manchester City,Manchester United,4,1,H,24,5,10,2,10,14,9,3,0,1.0,0,0.0,2022,H,,,3,0.0,0.0,0.0,0,0,2.0,2.3484848484848486,1.8333333333333333
2022-03-14,Manchester City,Crystal Palace,0,0,D,7,18,1,4,6,11,2,6,1,,0,,2022,A,3.0,0.0,1,0.0,0.0,0.0,1,1,2.3333333333333335,2.328358208955224,1.164179104477612
2022-04-02,Manchester City,Burnley,2,0,A,3,18,1,6,11,6,1,8,0,,0,,2022,A,1.0,0.0,3,0.0,0.0,0.0,1,0,2.3333333333333335,2.338235294117647,0.9090909090909091
2022-04-10,Manchester City,Liverpool,2,2,D,11,6,5,4,9,11,4,1,1,4.0,0,0.0,2022,H,,,1,0.0,0.0,0.0,0,1,1.6666666666666667,2.318840579710145,2.0579710144927534
2022-04-20,Manchester City,Brighton and Hove Albion,3,0,H,17,2,5,1,12,7,7,4,0,3.0,0,0.0,2022,H,,,3,0.0,0.0,0.0,1,0,2.3333333333333335,2.3285714285714287,1.1408450704225352
2022-04-23,Manchester City,Watford,5,1,H,21,5,8,2,9,7,11,4,1,0.0,0,0.0,2022,H,,,3,0.0,0.0,0.0,0,1,2.3333333333333335,2.3380281690140845,0.6666666666666666
2022-04-30,Manchester City,Leeds United,4,0,A,7,19,2,6,13,3,3,6,2,,0,,2022,A,1.0,0.0,3,0.0,0.0,0.0,1,2,3.0,2.3472222222222223,1.2916666666666667
2022-05-08,Manchester City,Newcastle United,5,0,H,21,7,9,3,6,11,8,2,1,3.0,0,0.0,2022,H,,,3,0.0,0.0,0.0,1,1,3.0,2.356164383561644,1.1891891891891893
2022-05-11,Manchester City,Wolverhampton Wanderers,5,1,A,7,16,3,5,2,10,6,2,1,,0,,2022,A,0.0,0.0,3,0.0,0.0,0.0,0,1,3.0,2.364864864864865,1.2837837837837838
2022-05-15,Manchester City,West Ham United,2,2,D,6,31,2,8,9,5,4,9,1,,0,,2022,A,3.0,0.0,1,0.0,0.0,0.0,0,1,2.3333333333333335,2.3466666666666667,1.6133333333333333
2022-05-22,Manchester City,Aston Villa,3,2,H,24,4,5,2,5,11,13,1,0,1.0,0,0.0,2022,H,,,3,0.0,0.0,0.0,0,0,2.3333333333333335,2.3552631578947367,1.3157894736842106
2022-08-07,Manchester City,West Ham United,2,0,A,6,14,1,2,8,4,1,4,1,,0,,2022,A,0.0,0.0,3,0.0,0.0,0.0,1,1,2.3333333333333335,2.3636363636363638,1.5714285714285714
2022-08-13,Manchester City,Bournemouth,4,0,H,19,3,7,1,9,9,11,1,0,3.0,0,0.0,2022,H,,,3,0.0,0.0,0.0,1,0,3.0,2.371794871794872,1.5
2022-08-21,Manchester City,Newcastle United,3,3,D,12,21,6,10,14,7,5,5,2,,0,,2022,A,4.0,0.0,1,0.0,0.0,0.0,0,2,2.3333333333333335,2.3544303797468356,1.2531645569620253
2022-08-27,Manchester City,Crystal Palace,4,2,H,18,2,5,2,14,8,6,1,1,2.0,0,0.0,2022,H,,,3,0.0,0.0,0.0,0,1,2.3333333333333335,2.3625,1.2
2022-08-31,Manchester City,Nottingham Forest,6,0,H,17,8,9,1,9,7,10,1,0,1.0,0,0.0,2022,H,,,3,0.0,0.0,0.0,1,0,2.3333333333333335,2.3703703703703702,0.8
2022-09-03,Manchester City,Aston Villa,1,1,D,3,13,1,4,7,6,1,4,0,,0,,2022,A,2.0,0.0,1,0.0,0.0,0.0,0,0,2.3333333333333335,2.3536585365853657,1.2682926829268293
2022-09-17,Manchester City,Wolverhampton Wanderers,3,0,A,6,16,1,7,7,9,5,7,1,,0,,2022,A,2.0,1.0,3,0.0,0.0,0.0,1,1,2.3333333333333335,2.36144578313253,1.2289156626506024
2022-10-02,Manchester City,Manchester United,6,3,H,22,12,10,8,3,9,5,1,0,3.0,0,0.0,2022,H,,,3,0.0,0.0,0.0,0,0,2.3333333333333335,2.369047619047619,1.7349397590361446
2022-10-08,Manchester City,Southampton,4,0,H,21,5,8,0,4,8,9,1,0,1.0,0,0.0,2022,H,,,3,0.0,0.0,0.0,1,0,3.0,2.376470588235294,1.0588235294117647
2022-10-16,Manchester City,Liverpool,0,1,H,13,16,2,6,10,7,5,6,1,,0,,2022,A,3.0,0.0,0,0.0,0.0,0.0,0,1,2.0,2.3488372093023258,2.0470588235294116
2022-10-22,Manchester City,Brighton and Hove Albion,3,1,H,10,8,4,2,11,12,7,3,1,3.0,0,0.0,2022,H,,,3,0.0,0.0,0.0,0,1,2.0,2.3563218390804597,1.2298850574712643
2022-10-29,Manchester City,Leicester City,1,0,A,10,15,5,5,5,10,3,10,0,,0,,2022,A,0.0,0.0,3,0.0,0.0,0.0,1,0,2.0,2.3636363636363638,1.449438202247191
2022-11-05,Manchester City,Fulham,2,1,H,16,4,5,2,6,11,9,0,2,4.0,1,0.0,2022,H,,,3,0.0,0.0,0.0,0,4,3.0,2.3707865168539324,0.9038461538461539
2022-11-12,Manchester City,Brentford,1,2,A,29,10,6,8,9,7,10,2,2,2.0,0,0.0,2022,H,,,0,0.0,0.0,0.0,0,2,2.0,2.3444444444444446,1.2264150943396226
2022-12-28,Manchester City,Leeds United,3,1,A,9,26,1,9,11,14,3,5,3,,0,,2022,A,3.0,0.0,3,0.0,0.0,0.0,0,3,2.0,2.3516483516483517,1.2307692307692308
2022-12-31,Manchester City,Everton,1,1,D,16,2,3,1,13,14,7,1,3,4.0,0,0.0,2022,H,,,1,0.0,0.0,0.0,0,3,1.3333333333333333,2.3369565217391304,1.2150537634408602
2023-01-05,Manchester City,Chelsea,1,0,A,8,12,2,3,9,9,3,2,0,,0,,2023,A,2.0,0.0,3,0.0,0.0,0.0,1,0,2.3333333333333335,2.3440860215053765,1.7849462365591398
2023-01-14,Manchester City,Manchester United,1,2,H,8,5,4,1,15,5,1,2,0,,0,,2023,A,3.0,0.0,0,0.0,0.0,0.0,0,0,1.3333333333333333,2.3191489361702127,1.8085106382978724
2023-01-19,Manchester City,Tottenham Hotspur,4,2,H,16,9,6,3,10,14,8,3,1,2.0,0,0.0,2023,H,,,3,0.0,0.0,0.0,0,1,2.0,2.3263157894736843,1.7291666666666667
2023-01-22,Manchester City,Wolverhampton Wanderers,3,0,H,13,10,7,1,10,10,5,7,1,2.0,0,0.0,2023,H,,,3,0.0,0.0,0.0,1,1,2.0,2.3333333333333335,1.1770833333333333
2023-02-05,Manchester City,Tottenham Hotspur,0,1,H,12,15,3,5,19,14,4,6,3,,0,,2023,A,2.0,1.0,0,0.0,0.0,0.0,0,3,2.0,2.3092783505154637,1.7551020408163265
2023-02-12,Manchester City,Aston Villa,3,1,H,17,6,9,2,13,14,8,4,1,2.0,0,0.0,2023,H,,,3,0.0,0.0,0.0,0,1,2.0,2.316326530612245,1.3061224489795917
2023-02-15,Manchester City,Arsenal,3,1,A,10,9,1,6,11,15,1,3,3,,0,,2023,A,2.0,0.0,3,0.0,0.0,0.0,0,3,2.0,2.323232323232323,1.846938775510204
2023-02-18,Manchester City,Nottingham Forest,1,1,D,4,26,1,6,8,6,0,10,0,,0,,2023,A,1.0,0.0,1,0.0,0.0,0.0,0,0,2.3333333333333335,2.31,1.0869565217391304
2023-02-25,Manchester City,Bournemouth,4,1,A,13,20,2,5,10,9,4,6,2,,0,,2023,A,2.0,0.0,3,0.0,0.0,0.0,0,2,2.3333333333333335,2.3168316831683167,0.875
2023-03-04,Manchester City,Newcastle United,2,0,H,11,5,3,2,8,13,8,4,2,4.0,0,0.0,2023,H,,,3,0.0,0.0,0.0,1,2,2.3333333333333335,2.323529411764706,1.35
2023-03-11,Manchester City,Crystal Palace,1,0,A,4,14,0,4,11,17,2,6,2,,0,,2023,A,2.0,0.0,3,0.0,0.0,0.0,1,2,3.0,2.3300970873786406,1.1666666666666667
2023-04-01,Manchester City,Liverpool,4,1,H,17,4,8,1,9,12,7,1,1,1.0,0,0.0,2023,H,,,3,0.0,0.0,0.0,0,1,3.0,2.3365384615384617,1.970873786407767
2023-04-08,Manchester City,Southampton,4,1,A,4,13,1,8,6,10,0,10,2,,0,,2023,A,0.0,0.0,3,0.0,0.0,0.0,0,2,3.0,2.342857142857143,1.0
2023-04-15,Manchester City,Leicester City,3,1,H,12,10,4,4,8,8,6,2,1,1.0,0,0.0,2023,H,,,3,0.0,0.0,0.0,0,1,3.0,2.349056603773585,1.3364485981308412
2023-04-26,Manchester City,Arsenal,4,1,H,14,8,9,2,13,13,1,3,3,1.0,0,0.0,2023,H,,,3,0.0,0.0,0.0,0,3,3.0,2.3551401869158877,1.8807339449541285
2023-04-30,Manchester City,Fulham,2,1,A,4,12,1,9,9,10,2,5,3,,0,,2023,A,1.0,0.0,3,0.0,0.0,0.0,0,3,3.0,2.361111111111111,1.028169014084507
2023-05-03,Manchester City,West Ham United,3,0,H,16,6,7,2,8,8,6,3,0,1.0,0,0.0,2023,H,,,3,0.0,0.0,0.0,1,0,3.0,2.36697247706422,1.4090909090909092
2023-05-06,Manchester City,Leeds United,2,1,H,18,4,6,2,3,16,10,1,0,3.0,0,0.0,2023,H,,,3,0.0,0.0,0.0,0,0,3.0,2.3727272727272726,1.1441441441441442
2023-05-14,Manchester City,Everton,3,0,A,7,9,3,4,12,4,8,6,0,,0,,2023,A,1.0,0.0,3,0.0,0.0,0.0,1,0,3.0,2.3783783783783785,1.1607142857142858
2023-05-21,Manchester City,Chelsea,1,0,H,15,13,2,6,12,9,5,2,0,2.0,0,0.0,2023,H,,,3,0.0,0.0,0.0,1,0,3.0,2.3839285714285716,1.6428571428571428
2023-05-24,Manchester City,Brighton and Hove Albion,1,1,D,20,13,7,4,16,11,5,1,1,,0,,2023,A,2.0,0.0,1,0.0,0.0,0.0,0,1,2.3333333333333335,2.3716814159292037,1.3628318584070795
2023-05-28,Manchester City,Brentford,0,1,H,11,17,4,3,12,8,3,4,0,,0,,2023,A,4.0,0.0,0,0.0,0.0,0.0,0,0,1.3333333333333333,2.3508771929824563,1.381578947368421
2023-08-11,Manchester City,Burnley,3,0,A,6,17,1,8,11,8,6,5,0,,0,,2023,A,0.0,1.0,3,0.0,0.0,0.0,1,0,1.3333333333333333,2.356521739130435,0.961038961038961
2023-08-19,Manchester City,Newcastle United,1,0,H,14,7,4,1,12,11,3,0,1,5.0,0,0.0,2023,H,,,3,0.0,0.0,0.0,1,1,2.0,2.3620689655172415,1.4482758620689655
2023-08-27,Manchester City,Sheffield United,2,1,A,6,30,2,9,11,2,1,12,0,,0,,2023,A,3.0,0.0,3,0.0,0.0,0.0,0,0,3.0,2.3675213675213675,0.5609756097560976
2023-09-02,Manchester City,Fulham,5,1,H,7,6,5,4,12,12,4,5,2,4.0,0,0.0,2023,H,,,3,0.0,0.0,0.0,0,2,3.0,2.3728813559322033,1.05
2023-09-16,Manchester City,West Ham United,3,1,A,6,29,3,15,7,11,4,11,2,,0,,2023,A,3.0,0.0,3,0.0,0.0,0.0,0,2,3.0,2.3781512605042017,1.4369747899159664
2023-09-23,Manchester City,Nottingham Forest,2,0,H,7,10,4,3,5,17,6,6,3,7.0,1,0.0,2023,H,,,3,0.0,0.0,0.0,1,5,3.0,2.3833333333333333,1.0227272727272727
2023-09-30,Manchester City,Wolverhampton Wanderers,1,2,H,3,23,1,8,18,12,0,6,4,,0,,2023,A,5.0,0.0,0,0.0,0.0,0.0,0,4,2.0,2.3636363636363638,1.1900826446280992
2023-10-08,Manchester City,Arsenal,0,1,H,12,4,2,1,8,7,5,4,3,,0,,2023,A,2.0,0.0,0,0.0,0.0,0.0,0,3,1.0,2.3442622950819674,1.9180327868852458
2023-10-21,Manchester City,Brighton and Hove Albion,2,1,H,10,5,6,3,9,11,2,2,2,2.0,1,0.0,2023,H,,,3,0.0,0.0,0.0,0,4,1.0,2.3495934959349594,1.3821138211382114
2023-10-29,Manchester City,Manchester United,3,0,A,7,21,3,10,9,4,7,12,1,,0,,2023,A,4.0,0.0,3,0.0,0.0,0.0,1,1,2.0,2.3548387096774195,1.7903225806451613
2023-11-04,Manchester City,Bournemouth,6,1,H,21,5,8,1,8,9,12,1,0,1.0,0,0.0,2023,H,,,3,0.0,0.0,0.0,0,0,3.0,2.36,0.9183673469387755
2023-11-12,Manchester City,Chelsea,4,4,D,17,15,9,10,12,15,3,3,3,,0,,2023,A,5.0,0.0,1,0.0,0.0,0.0,0,3,2.3333333333333335,2.3492063492063493,1.5952380952380953
2023-11-25,Manchester City,Liverpool,1,1,D,16,8,5,3,9,11,9,6,1,3.0,0,0.0,2023,H,,,1,0.0,0.0,0.0,0,1,1.6666666666666667,2.338582677165354,2.015748031496063
2023-12-03,Manchester City,Tottenham Hotspur,3,3,D,18,8,4,4,14,14,10,8,4,4.0,0,0.0,2023,H,,,1,0.0,0.0,0.0,0,4,1.0,2.328125,1.71875
2023-12-06,Manchester City,Aston Villa,0,1,H,22,2,7,2,13,13,6,0,2,,0,,2023,A,2.0,0.0,0,0.0,0.0,0.0,0,2,0.6666666666666666,2.310077519379845,1.496124031007752
2023-12-10,Manchester City,Luton Town,2,1,A,4,18,2,6,16,6,6,3,1,,0,,2023,A,2.0,0.0,3,0.0,0.0,0.0,0,1,1.3333333333333333,2.3153846153846156,0.5625
2023-12-16,Manchester City,Crystal Palace,2,2,D,19,5,9,2,12,9,6,1,1,1.0,0,0.0,2023,H,,,1,0.0,0.0,0.0,0,1,1.3333333333333333,2.3053435114503817,1.1755725190839694
2023-12-27,Manchester City,Everton,3,1,A,7,23,2,9,13,5,8,4,2,,0,,2023,A,4.0,0.0,3,0.0,0.0,0.0,0,2,2.3333333333333335,2.3106060606060606,1.2030075187969924
2023-12-30,Manchester City,Sheffield United,2,0,H,18,4,4,2,5,6,12,2,1,1.0,0,0.0,2023,H,,,3,0.0,0.0,0.0,1,1,2.3333333333333335,2.3157894736842106,0.5517241379310345
2024-01-13,Manchester City,Newcastle United,3,2,A,12,27,5,11,7,7,3,13,2,,0,,2024,A,1.0,0.0,3,0.0,0.0,0.0,0,2,3.0,2.3208955223880596,1.4370370370370371
2024-01-31,Manchester City,Burnley,3,1,H,14,8,4,3,3,13,7,3,2,2.0,0,0.0,2024,H,,,3,0.0,0.0,0.0,0,2,3.0,2.325925925925926,0.8775510204081632
2024-02-05,Manchester City,Brentford,3,1,A,9,25,3,15,2,4,8,13,0,,0,,2024,A,1.0,0.0,3,0.0,0.0,0.0,0,0,3.0,2.3308823529411766,1.2959183673469388
2024-02-10,Manchester City,Everton,2,0,H,19,5,3,1,6,11,9,0,0,2.0,0,0.0,2024,H,,,3,0.0,0.0,0.0,1,0,3.0,2.335766423357664,1.181159420289855
2024-02-17,Manchester City,Chelsea,1,1,D,31,9,5,6,7,12,12,1,1,3.0,0,0.0,2024,H,,,1,0.0,0.0,0.0,0,1,2.3333333333333335,2.3260869565217392,1.5827338129496402
2024-02-20,Manchester City,Brentford,1,0,H,25,6,11,2,12,6,10,1,2,4.0,0,0.0,2024,H,,,3,0.0,0.0,0.0,1,2,2.3333333333333335,2.3309352517985613,1.2871287128712872
2024-02-24,Manchester City,Bournemouth,1,0,A,13,15,4,6,14,6,3,8,2,,0,,2024,A,2.0,0.0,3,0.0,0.0,0.0,1,2,2.3333333333333335,2.335714285714286,1.0634920634920635
2024-03-03,Manchester City,Manchester United,3,1,H,27,3,8,1,5,10,15,2,0,1.0,0,0.0,2024,H,,,3,0.0,0.0,0.0,0,0,3.0,2.3404255319148937,1.7801418439716312
2024-03-10,Manchester City,Liverpool,1,1,D,19,10,6,6,6,10,7,4,3,,0,,2024,A,0.0,0.0,1,0.0,0.0,0.0,0,3,2.3333333333333335,2.3309859154929575,2.056338028169014
2024-03-31,Manchester City,Arsenal,0,0,D,12,6,1,2,9,20,7,4,0,2.0,0,0.0,2024,H,,,1,0.0,0.0,0.0,1,0,1.6666666666666667,2.3216783216783217,1.951048951048951
2024-04-03,Manchester City,Aston Villa,4,1,H,25,8,11,3,6,13,2,3,1,2.0,0,0.0,2024,H,,,3,0.0,0.0,0.0,0,1,1.6666666666666667,2.326388888888889,1.5172413793103448
2024-04-06,Manchester City,Crystal Palace,4,2,A,7,18,4,8,13,3,2,9,1,,0,,2024,A,1.0,0.0,3,0.0,0.0,0.0,0,1,2.3333333333333335,2.331034482758621,1.1517241379310346
2024-04-13,Manchester City,Luton Town,5,1,H,33,4,13,2,7,6,12,1,1,0.0,0,0.0,2024,H,,,3,0.0,0.0,0.0,0,1,3.0,2.335616438356164,0.7575757575757576
2024-04-25,Manchester City,Brighton and Hove Albion,4,0,A,7,14,3,6,10,3,4,4,0,,0,,2024,A,2.0,0.0,3,0.0,0.0,0.0,1,0,3.0,2.3401360544217686,1.346938775510204
2024-04-28,Manchester City,Nottingham Forest,2,0,A,14,11,2,5,8,6,4,5,0,,0,,2024,A,0.0,0.0,3,0.0,0.0,0.0,1,0,3.0,2.3445945945945947,0.9315068493150684
2024-05-04,Manchester City,Wolverhampton Wanderers,5,1,H,20,2,12,1,4,17,6,0,0,4.0,0,0.0,2024,H,,,3,0.0,0.0,0.0,0,0,3.0,2.348993288590604,1.22
2024-05-11,Manchester City,Fulham,4,0,A,1,16,1,9,9,6,1,7,0,,0,,2024,A,1.0,1.0,3,0.0,0.0,0.0,1,0,3.0,2.3533333333333335,1.0973451327433628
2024-05-14,Manchester City,Tottenham Hotspur,2,0,A,10,8,5,5,14,11,7,4,3,,0,,2024,A,3.0,0.0,3,0.0,0.0,0.0,1,3,3.0,2.357615894039735,1.695364238410596
2024-05-19,Manchester City,West Ham United,3,1,H,28,3,12,2,3,12,11,2,0,1.0,0,0.0,2024,H,,,3,0.0,0.0,0.0,0,0,3.0,2.361842105263158,1.4013157894736843
2024-08-18,Manchester City,Chelsea,2,0,A,10,11,3,5,12,9,4,3,1,,0,,2024,A,1.0,0.0,3,0.0,0.0,0.0,1,1,3.0,2.366013071895425,1.6209150326797386
2024-08-24,Manchester City,Ipswich Town,4,1,H,14,1,5,1,4,15,10,1,2,3.0,0,0.0,2024,H,,,3,0.0,0.0,0.0,0,2,3.0,2.3701298701298703,0.0
2024-08-31,Manchester City,West Ham United,3,1,A,10,23,2,8,10,3,3,11,2,,0,,2024,A,3.0,0.0,3,0.0,0.0,0.0,0,2,3.0,2.3741935483870966,1.3935483870967742
2024-09-14,Manchester City,Brentford,2,1,H,18,8,7,5,9,3,12,3,3,1.0,0,0.0,2024,H,,,3,0.0,0.0,0.0,0,3,3.0,2.378205128205128,1.271186440677966
2024-09-22,Manchester City,Arsenal,2,2,D,33,5,11,3,7,10,8,2,3,4.0,0,1.0,2024,H,,,1,0.0,0.0,0.0,0,3,2.3333333333333335,2.3694267515923566,2.0
2024-09-28,Manchester City,Newcastle United,1,1,D,11,16,4,6,14,10,5,6,4,,0,,2024,A,4.0,0.0,1,0.0,0.0,0.0,0,4,1.6666666666666667,2.3607594936708862,1.4936708860759493
2024-10-05,Manchester City,Fulham,3,2,H,20,11,7,4,4,10,8,3,2,1.0,0,0.0,2024,H,,,3,0.0,0.0,0.0,0,2,1.6666666666666667,2.3647798742138364,1.140495867768595
2024-10-20,Manchester City,Wolverhampton Wanderers,2,1,A,3,22,2,7,8,5,1,18,1,,0,,2024,A,4.0,0.0,3,0.0,0.0,0.0,0,1,2.3333333333333335,2.36875,1.15
2024-10-26,Manchester City,Southampton,1,0,H,22,5,8,2,9,9,12,1,1,3.0,0,0.0,2024,H,,,3,0.0,0.0,0.0,1,1,3.0,2.372670807453416,0.8861788617886179
2024-11-02,Manchester City,Bournemouth,1,2,H,12,18,6,4,11,6,3,10,1,,0,,2024,A,2.0,0.0,0,0.0,0.0,0.0,0,1,2.0,2.3580246913580245,1.186046511627907
2024-11-09,Manchester City,Brighton and Hove Albion,1,2,H,10,15,4,6,12,10,0,4,3,,0,,2024,A,3.0,0.0,0,0.0,0.0,0.0,0,3,1.0,2.3435582822085887,1.3558282208588956
2024-11-23,Manchester City,Tottenham Hotspur,0,4,A,23,9,5,7,19,9,9,3,4,2.0,0,0.0,2024,H,,,0,0.0,0.0,0.0,0,4,0.0,2.3292682926829267,1.6951219512195121
2024-12-01,Manchester City,Liverpool,0,2,H,18,8,7,2,9,8,7,4,3,,0,,2024,A,1.0,0.0,0,0.0,0.0,0.0,0,3,0.0,2.315151515151515,2.084848484848485
2024-12-04,Manchester City,Nottingham Forest,3,0,H,17,12,7,3,7,15,8,2,2,4.0,0,0.0,2024,H,,,3,0.0,0.0,0.0,1,2,1.0,2.319277108433735,1.0666666666666667
2024-12-07,Manchester City,Crystal Palace,2,2,D,12,12,3,4,4,10,6,8,0,,1,,2024,A,1.0,0.0,1,0.0,0.0,0.0,0,2,1.3333333333333333,2.311377245508982,1.1916167664670658
2024-12-15,Manchester City,Manchester United,1,2,A,10,10,3,3,5,14,8,2,1,1.0,0,0.0,2024,H,,,0,0.0,0.0,0.0,0,1,1.3333333333333333,2.2976190476190474,1.7202380952380953
2024-12-21,Manchester City,Aston Villa,1,2,H,11,12,6,6,14,7,5,4,3,,0,,2024,A,3.0,0.0,0,0.0,0.0,0.0,0,3,0.3333333333333333,2.2840236686390534,1.5207100591715976
2024-12-26,Manchester City,Everton,1,1,D,24,8,5,3,5,10,8,5,1,4.0,0,0.0,2024,H,,,1,0.0,0.0,0.0,0,1,0.3333333333333333,2.276470588235294,1.1775147928994083
2024-12-29,Manchester City,Leicester City,2,0,A,11,14,4,5,11,6,4,4,1,,0,,2024,A,2.0,0.0,3,0.0,0.0,0.0,1,1,1.3333333333333333,2.280701754385965,1.2481203007518797
2025-01-04,Manchester City,West Ham United,4,1,H,10,17,7,4,8,13,7,1,2,1.0,0,0.0,2025,H,,,3,0.0,0.0,0.0,0,2,2.3333333333333335,2.2848837209302326,1.372093023255814
2025-01-14,Manchester City,Brentford,2,2,D,18,21,6,8,4,4,4,5,0,,0,,2025,A,0.0,0.0,1,0.0,0.0,0.0,0,0,2.3333333333333335,2.277456647398844,1.2740740740740741
2025-01-19,Manchester City,Ipswich Town,6,0,A,8,17,4,9,4,7,4,7,1,,0,,2025,A,0.0,0.0,3,0.0,0.0,0.0,1,1,2.3333333333333335,2.281609195402299,0.7272727272727273
2025-01-25,Manchester City,Chelsea,3,1,H,15,10,6,4,6,8,2,4,3,2.0,0,0.0,2025,H,,,3,0.0,0.0,0.0,0,3,2.3333333333333335,2.2857142857142856,1.6457142857142857
2025-02-02,Manchester City,Arsenal,1,5,H,12,7,7,4,6,7,5,2,0,,0,,2025,A,2.0,0.0,0,0.0,0.0,0.0,0,0,2.0,2.272727272727273,2.0056818181818183
2025-02-15,Manchester City,Newcastle United,4,0,H,11,3,7,1,5,13,7,4,0,1.0,0,0.0,2025,H,,,3,0.0,0.0,0.0,1,0,2.0,2.2768361581920904,1.502824858757062
2025-02-23,Manchester City,Liverpool,0,2,A,16,8,5,4,3,10,7,5,0,0.0,0,0.0,2025,H,,,0,0.0,0.0,0.0,0,0,1.0,2.264044943820225,2.089385474860335
2025-02-26,Manchester City,Tottenham Hotspur,1,0,A,11,12,6,5,12,15,8,3,0,,0,,2025,A,3.0,0.0,3,0.0,0.0,0.0,1,0,2.0,2.2681564245810057,1.6312849162011174
2025-03-08,Manchester City,Nottingham Forest,0,1,H,9,14,4,3,9,7,3,2,2,,0,,2025,A,3.0,0.0,0,0.0,0.0,0.0,0,2,1.0,2.2555555555555555,1.2019230769230769
2025-03-15,Manchester City,Brighton and Hove Albion,2,2,D,11,15,3,3,10,10,4,5,2,5.0,0,0.0,2025,H,,,1,0.0,0.0,0.0,0,2,1.3333333333333333,2.248618784530387,1.3756906077348066
2025-04-02,Manchester City,Leicester City,2,0,H,18,2,5,0,11,8,5,0,1,4.0,0,0.0,2025,H,,,3,0.0,0.0,0.0,1,1,1.3333333333333333,2.2527472527472527,1.1736111111111112
2025-04-06,Manchester City,Manchester United,0,0,D,13,9,2,5,13,9,5,3,2,,0,,2025,A,3.0,0.0,1,0.0,0.0,0.0,1,2,1.6666666666666667,2.2459016393442623,1.6666666666666667
2025-04-12,Manchester City,Crystal Palace,5,2,H,21,8,9,3,10,16,1,4,2,3.0,0,0.0,2025,H,,,3,0.0,0.0,0.0,0,2,2.3333333333333335,2.25,1.2513661202185793
2025-04-19,Manchester City,Everton,2,0,A,8,12,3,7,7,6,2,5,0,,0,,2025,A,4.0,0.0,3,0.0,0.0,0.0,1,0,2.3333333333333335,2.254054054054054,1.1891891891891893
2025-04-22,Manchester City,Aston Villa,2,1,H,14,7,6,3,9,10,10,2,3,3.0,0,0.0,2025,H,,,3,0.0,0.0,0.0,0,3,3.0,2.2580645161290325,1.5376344086021505
2025-05-02,Manchester City,Wolverhampton Wanderers,1,0,H,9,6,2,1,7,11,4,5,0,0.0,0,0.0,2025,H,,,3,0.0,0.0,0.0,1,0,3.0,2.2620320855614975,1.1978609625668448
2025-05-10,Manchester City,Southampton,0,0,D,2,26,0,5,9,8,1,15,0,,0,,2025,A,2.0,0.0,1,0.0,0.0,0.0,1,0,2.3333333333333335,2.25531914893617,0.8
2025-05-20,Manchester City,Bournemouth,3,1,H,12,8,5,2,7,13,3,1,1,3.0,1,1.0,2025,H,,,3,0.0,0.0,0.0,0,3,2.3333333333333335,2.259259259259259,1.238938053097345
2025-05-25,Manchester City,Fulham,2,0,A,13,20,3,5,11,5,1,6,0,,0,,2025,A,0.0,0.0,3,0.0,0.0,0.0,1,0,2.3333333333333335,2.263157894736842,1.1907894736842106
2025-08-16,Manchester City,Wolverhampton Wanderers,4,0,A,9,15,3,4,13,7,4,6,2,,0,,2025,A,1.0,0.0,3,0.0,0.0,0.0,1,2,3.0,2.2670157068062826,1.1780104712041886
2025-08-23,Manchester City,Tottenham Hotspur,0,2,A,10,12,4,5,7,12,7,2,1,4.0,0,0.0,2025,H,,,0,0.0,0.0,0.0,0,1,2.0,2.2552083333333335,1.578125
2025-08-31,Manchester City,Brighton and Hove Albion,1,2,H,12,12,7,3,16,14,3,2,2,,0,,2025,A,2.0,0.0,0,0.0,0.0,0.0,0,2,1.0,2.243523316062176,1.383419689119171
2025-09-14,Manchester City,Manchester United,3,0,H,13,12,6,2,8,8,2,4,0,0.0,0,0.0,2025,H,,,3,0.0,0.0,0.0,1,0,1.0,2.247422680412371,1.6134020618556701
2025-09-21,Manchester City,Arsenal,1,1,D,12,5,3,3,11,10,11,2,2,,0,,2025,A,1.0,0.0,1,0.0,0.0,0.0,0,2,1.3333333333333333,2.241025641025641,1.9846153846153847
2025-09-27,Manchester City,Burnley,5,1,H,21,9,8,2,5,7,10,2,1,3.0,0,0.0,2025,H,,,3,0.0,0.0,0.0,0,1,2.3333333333333335,2.2448979591836733,0.85
2025-10-05,Manchester City,Brentford,1,0,A,6,10,1,4,10,6,3,2,2,,0,,2025,A,3.0,0.0,3,0.0,0.0,0.0,1,2,2.3333333333333335,2.248730964467005,1.3018867924528301
2025-10-18,Manchester City,Everton,2,0,H,19,5,7,1,8,14,11,3,0,2.0,0,0.0,2025,H,,,3,0.0,0.0,0.0,1,0,3.0,2.2525252525252526,1.2171717171717171
2025-10-26,Manchester City,Aston Villa,0,1,H,9,18,3,4,8,16,5,6,4,,0,,2025,A,1.0,0.0,0,0.0,0.0,0.0,0,4,2.0,2.241206030150754,1.5577889447236182
2025-11-02,Manchester City,Bournemouth,3,1,H,15,8,8,5,8,11,10,4,2,2.0,0,0.0,2025,H,,,3,0.0,0.0,0.0,0,2,2.0,2.245,1.2983870967741935
2025-11-09,Manchester City,Liverpool,3,0,H,14,7,6,1,14,15,7,7,2,4.0,0,0.0,2025,H,,,3,0.0,0.0,0.0,1,2,2.0,2.2487562189054726,2.0497512437810945
2020-09-19,Manchester United,Crystal Palace,1,3,A,13,14,4,5,13,10,9,3,2,1.0,0,0.0,2020,H,,,0,0.0,0.0,0.0,0,2,0.0,0.0,3.0
2020-09-26,Manchester United,Brighton and Hove Albion,3,2,A,18,7,5,3,18,16,7,1,2,,0,,2020,A,4.0,0.0,3,0.0,0.0,0.0,0,2,1.5,1.5,1.0
2020-10-04,Manchester United,Tottenham Hotspur,1,6,A,5,22,2,8,14,10,2,4,2,1.0,1,0.0,2020,H,,,0,0.0,0.0,0.0,0,4,1.0,1.0,1.75
2020-10-17,Manchester United,Newcastle United,4,1,A,7,28,4,14,9,12,0,7,1,,0,,2020,A,1.0,0.0,3,0.0,0.0,0.0,0,1,2.0,1.5,1.4
2020-10-24,Manchester United,Chelsea,0,0,D,14,6,4,1,8,6,9,6,3,1.0,0,0.0,2020,H,,,1,0.0,0.0,0.0,1,3,1.3333333333333333,1.4,1.5
2020-11-01,Manchester United,Arsenal,0,1,A,8,7,2,2,12,12,6,3,3,3.0,0,0.0,2020,H,,,0,0.0,0.0,0.0,0,3,1.3333333333333333,1.1666666666666667,1.7142857142857142
2020-11-07,Manchester United,Everton,3,1,A,7,13,1,5,12,19,5,2,2,,0,,2020,A,4.0,0.0,3,0.0,0.0,0.0,0,2,1.3333333333333333,1.4285714285714286,1.625
2020-11-21,Manchester United,West Brom,1,0,H,17,7,7,2,12,17,8,2,1,1.0,0,0.0,2020,H,,,3,0.0,0.0,0.0,1,1,2.0,1.625,0.3333333333333333
2020-11-29,Manchester United,Southampton,3,2,A,10,15,5,6,12,12,5,9,0,,0,,2020,A,1.0,0.0,3,0.0,0.0,0.0,0,0,3.0,1.7777777777777777,1.7
2020-12-05,Manchester United,West Ham United,3,1,A,19,15,6,6,9,10,5,4,0,,0,,2020,A,0.0,0.0,3,0.0,0.0,0.0,0,0,3.0,1.9,1.5454545454545454
2020-12-12,Manchester United,Manchester City,0,0,D,11,9,2,2,13,6,4,3,1,1.0,0,0.0,2020,H,,,1,0.0,0.0,0.0,1,1,2.3333333333333335,1.8181818181818181,1.7272727272727273
2020-12-17,Manchester United,Sheffield United,3,2,A,12,14,6,8,17,8,6,3,2,,0,,2020,A,3.0,0.0,3,0.0,0.0,0.0,0,2,2.3333333333333335,1.9166666666666667,0.07692307692307693
2020-12-20,Manchester United,Leeds United,6,2,H,26,17,14,3,6,6,11,13,1,0.0,0,0.0,2020,H,,,3,0.0,0.0,0.0,0,1,2.3333333333333335,2.0,1.2142857142857142
2020-12-26,Manchester United,Leicester City,2,2,D,10,9,2,4,10,17,5,0,1,,0,,2020,A,2.0,0.0,1,0.0,0.0,0.0,0,1,2.3333333333333335,1.9285714285714286,1.8666666666666667
2020-12-29,Manchester United,Wolverhampton Wanderers,1,0,H,11,9,3,5,11,7,2,2,1,1.0,0,0.0,2020,H,,,3,0.0,0.0,0.0,1,1,2.3333333333333335,2.0,1.3125
2021-01-01,Manchester United,Aston Villa,2,1,H,19,5,9,5,22,10,5,10,4,0.0,0,0.0,2021,H,,,3,0.0,0.0,0.0,0,4,2.3333333333333335,2.0625,1.7333333333333334
2021-01-12,Manchester United,Burnley,1,0,A,11,13,0,7,15,13,3,4,2,,0,,2021,A,1.0,0.0,3,0.0,0.0,0.0,1,2,3.0,2.1176470588235294,1.0
2021-01-17,Manchester United,Liverpool,0,0,D,17,8,3,4,15,6,7,3,1,,0,,2021,A,2.0,0.0,1,0.0,0.0,0.0,1,1,2.3333333333333335,2.0555555555555554,1.8888888888888888
2021-01-20,Manchester United,Fulham,2,1,A,12,15,5,5,6,10,2,8,1,,0,,2021,A,3.0,0.0,3,0.0,0.0,0.0,0,1,2.3333333333333335,2.1052631578947367,0.6666666666666666
2021-01-27,Manchester United,Sheffield United,1,2,A,16,5,4,3,10,12,7,2,1,1.0,0,0.0,2021,H,,,0,0.0,0.0,0.0,0,1,1.3333333333333333,2.0,0.4
2021-01-30,Manchester United,Arsenal,0,0,D,17,14,3,3,9,16,4,7,3,,0,,2021,A,1.0,0.0,1,0.0,0.0,0.0,1,3,1.3333333333333333,1.9523809523809523,1.4761904761904763
2021-02-02,Manchester United,Southampton,9,0,H,24,3,14,1,11,6,5,3,2,3.0,0,2.0,2021,H,,,3,0.0,0.0,0.0,1,2,1.3333333333333333,2.0,1.380952380952381
2021-02-06,Manchester United,Everton,3,3,D,14,6,5,3,14,10,5,1,2,1.0,0,0.0,2021,H,,,1,0.0,0.0,0.0,0,2,1.6666666666666667,1.9565217391304348,1.7619047619047619
2021-02-14,Manchester United,West Brom,1,1,D,7,10,3,7,13,10,4,5,0,,0,,2021,A,5.0,0.0,1,0.0,0.0,0.0,0,0,1.6666666666666667,1.9166666666666667,0.5416666666666666
2021-02-21,Manchester United,Newcastle United,3,1,H,15,10,7,6,9,11,6,4,1,2.0,0,0.0,2021,H,,,3,0.0,0.0,0.0,0,1,1.6666666666666667,1.96,1.0
2021-02-28,Manchester United,Chelsea,0,0,D,18,11,6,4,11,12,3,4,2,,0,,2021,A,1.0,0.0,1,0.0,0.0,0.0,1,2,1.6666666666666667,1.9230769230769231,1.6923076923076923
2021-03-03,Manchester United,Crystal Palace,0,0,D,8,11,2,1,4,13,4,6,0,,0,,2021,A,1.0,0.0,1,0.0,0.0,0.0,1,0,1.6666666666666667,1.8888888888888888,1.2592592592592593
2021-03-07,Manchester United,Manchester City,2,0,A,23,8,6,6,9,12,6,2,3,,0,,2021,A,0.0,0.0,3,0.0,0.0,0.0,1,3,1.6666666666666667,1.9285714285714286,2.3214285714285716
2021-03-14,Manchester United,West Ham United,1,0,H,15,7,4,0,12,2,6,3,4,0.0,0,0.0,2021,H,,,3,0.0,0.0,0.0,1,4,2.3333333333333335,1.9655172413793103,1.7142857142857142
2021-04-04,Manchester United,Brighton and Hove Albion,2,1,H,15,5,7,3,14,7,5,6,2,2.0,0,0.0,2021,H,,,3,0.0,0.0,0.0,0,2,3.0,2.0,1.0666666666666667
2021-04-11,Manchester United,Tottenham Hotspur,3,1,A,12,12,3,7,11,15,7,5,5,,0,,2021,A,1.0,0.0,3,0.0,0.0,0.0,0,5,3.0,2.032258064516129,1.5806451612903225
2021-04-18,Manchester United,Burnley,3,1,H,17,10,9,3,9,12,8,3,1,2.0,0,0.0,2021,H,,,3,0.0,0.0,0.0,0,1,3.0,2.0625,1.03125
2021-04-25,Manchester United,Leeds United,0,0,D,6,16,3,4,21,11,2,6,1,,0,,2021,A,4.0,0.0,1,0.0,0.0,0.0,1,1,2.3333333333333335,2.0303030303030303,1.4242424242424243
2021-05-09,Manchester United,Aston Villa,3,1,A,11,18,5,7,13,18,5,6,1,,0,,2021,A,1.0,1.0,3,0.0,0.0,0.0,0,1,2.3333333333333335,2.0588235294117645,1.411764705882353
2021-05-11,Manchester United,Leicester City,1,2,A,4,12,1,3,9,12,3,4,0,0.0,0,0.0,2021,H,,,0,0.0,0.0,0.0,0,0,1.3333333333333333,2.0,1.8333333333333333
2021-05-13,Manchester United,Liverpool,2,4,A,18,17,3,8,10,12,6,4,3,0.0,0,0.0,2021,H,,,0,0.0,0.0,0.0,0,3,1.0,1.9444444444444444,1.7142857142857142
2021-05-18,Manchester United,Fulham,1,1,D,13,8,6,5,10,15,6,1,2,3.0,0,0.0,2021,H,,,1,0.0,0.0,0.0,0,2,0.3333333333333333,1.9189189189189189,0.7567567567567568
2021-05-23,Manchester United,Wolverhampton Wanderers,2,1,A,14,9,4,4,14,3,6,2,1,,0,,2021,A,4.0,0.0,3,0.0,0.0,0.0,0,1,1.3333333333333333,1.9473684210526316,1.1842105263157894
2021-08-14,Manchester United,Leeds United,5,1,H,16,10,8,3,11,9,5,4,1,2.0,0,0.0,2021,H,,,3,0.0,0.0,0.0,0,1,2.3333333333333335,1.9743589743589745,1.5128205128205128
2021-08-22,Manchester United,Southampton,1,1,D,8,15,3,4,12,10,7,7,3,,0,,2021,A,2.0,0.0,1,0.0,0.0,0.0,0,3,2.3333333333333335,1.95,1.1
2021-08-29,Manchester United,Wolverhampton Wanderers,1,0,A,15,10,6,3,7,9,5,7,4,,0,,2021,A,3.0,0.0,3,0.0,0.0,0.0,1,4,2.3333333333333335,1.975609756097561,1.0975609756097562
2021-09-11,Manchester United,Newcastle United,4,1,H,21,12,7,3,9,2,7,3,1,0.0,0,0.0,2021,H,,,3,0.0,0.0,0.0,0,1,2.3333333333333335,2.0,1.0952380952380953
2021-09-19,Manchester United,West Ham United,2,1,A,13,17,4,10,5,8,2,11,0,,0,,2021,A,0.0,0.0,3,0.0,0.0,0.0,0,0,3.0,2.0232558139534884,1.697674418604651
2021-09-25,Manchester United,Aston Villa,0,1,A,28,7,4,3,9,13,5,5,2,2.0,0,0.0,2021,H,,,0,0.0,0.0,0.0,0,2,2.0,1.9772727272727273,1.4772727272727273
2021-10-02,Manchester United,Everton,1,1,D,13,12,6,2,10,9,10,1,1,1.0,0,0.0,2021,H,,,1,0.0,0.0,0.0,0,1,1.3333333333333333,1.9555555555555555,1.6222222222222222
2021-10-16,Manchester United,Leicester City,2,4,H,22,18,11,6,5,17,4,3,3,,0,,2021,A,0.0,0.0,0,0.0,0.0,0.0,0,3,0.3333333333333333,1.9130434782608696,1.673913043478261
2021-10-24,Manchester United,Liverpool,0,5,A,12,19,4,8,10,8,6,3,6,0.0,1,0.0,2021,H,,,0,0.0,0.0,0.0,0,8,0.3333333333333333,1.872340425531915,1.9148936170212767
2021-10-30,Manchester United,Tottenham Hotspur,3,0,A,9,10,0,4,12,14,10,2,3,,0,,2021,A,2.0,0.0,3,0.0,0.0,0.0,1,3,1.0,1.8958333333333333,1.6041666666666667
2021-11-06,Manchester United,Manchester City,0,2,A,5,16,1,5,9,12,1,9,1,2.0,0,0.0,2021,H,,,0,0.0,0.0,0.0,0,1,1.0,1.8571428571428572,2.2244897959183674
2021-11-20,Manchester United,Watford,1,4,H,20,9,7,3,7,5,9,3,1,,1,,2021,A,2.0,0.0,0,0.0,0.0,0.0,0,3,1.0,1.82,1.0833333333333333
2021-11-28,Manchester United,Chelsea,1,1,D,24,3,6,2,13,14,15,2,5,,0,,2021,A,2.0,0.0,1,0.0,0.0,0.0,0,5,0.3333333333333333,1.803921568627451,1.9019607843137254
2021-12-02,Manchester United,Arsenal,3,2,H,14,17,10,8,9,10,3,8,1,0.0,0,0.0,2021,H,,,3,0.0,0.0,0.0,0,1,1.3333333333333333,1.8269230769230769,1.6153846153846154
2021-12-05,Manchester United,Crystal Palace,1,0,H,16,8,3,2,16,9,9,6,2,2.0,0,0.0,2021,H,,,3,0.0,0.0,0.0,1,2,2.3333333333333335,1.849056603773585,1.1320754716981132
2021-12-11,Manchester United,Norwich City,1,0,A,11,13,5,5,6,17,8,6,1,,0,,2021,A,1.0,0.0,3,0.0,0.0,0.0,1,1,3.0,1.8703703703703705,0.625
2021-12-27,Manchester United,Newcastle United,1,1,D,13,13,8,4,11,8,2,4,3,,0,,2021,A,3.0,0.0,1,0.0,0.0,0.0,0,3,2.3333333333333335,1.8545454545454545,0.9824561403508771
2021-12-30,Manchester United,Burnley,3,1,H,18,10,6,3,5,10,7,5,0,0.0,0,0.0,2021,H,,,3,0.0,0.0,0.0,0,0,2.3333333333333335,1.875,0.9259259259259259
2022-01-03,Manchester United,Wolverhampton Wanderers,0,1,A,9,19,2,6,9,8,3,8,3,1.0,0,0.0,2022,H,,,0,0.0,0.0,0.0,0,3,1.3333333333333333,1.8421052631578947,1.280701754385965
2022-01-15,Manchester United,Aston Villa,2,2,D,13,13,9,6,8,13,3,6,2,,0,,2022,A,1.0,0.0,1,0.0,0.0,0.0,0,2,1.3333333333333333,1.8275862068965518,1.3448275862068966
2022-01-19,Manchester United,Brentford,3,1,A,18,13,8,5,7,9,6,9,0,,0,,2022,A,0.0,0.0,3,0.0,0.0,0.0,0,0,1.3333333333333333,1.847457627118644,1.0454545454545454
2022-01-22,Manchester United,West Ham United,1,0,H,18,6,3,1,9,8,3,3,1,1.0,0,0.0,2022,H,,,3,0.0,0.0,0.0,1,1,2.3333333333333335,1.8666666666666667,1.6721311475409837
2022-02-08,Manchester United,Burnley,1,1,D,9,22,3,5,11,10,2,10,1,,0,,2022,A,2.0,0.0,1,0.0,0.0,0.0,0,1,2.3333333333333335,1.8524590163934427,0.9137931034482759
2022-02-12,Manchester United,Southampton,1,1,D,12,13,8,4,12,13,1,4,4,0.0,0,0.0,2022,H,,,1,0.0,0.0,0.0,0,4,1.6666666666666667,1.8387096774193548,1.1612903225806452
2022-02-15,Manchester United,Brighton and Hove Albion,2,0,H,19,10,7,3,8,10,10,2,3,1.0,0,1.0,2022,H,,,3,0.0,0.0,0.0,1,3,1.6666666666666667,1.8571428571428572,1.1935483870967742
2022-02-20,Manchester United,Leeds United,4,2,A,16,15,6,9,13,19,3,3,3,,0,,2022,A,6.0,0.0,3,0.0,0.0,0.0,0,3,2.3333333333333335,1.875,1.3225806451612903
2022-02-26,Manchester United,Watford,0,0,D,22,10,3,2,2,7,4,3,0,0.0,0,0.0,2022,H,,,1,0.0,0.0,0.0,1,0,2.3333333333333335,1.8615384615384616,0.7307692307692307
2022-03-06,Manchester United,Manchester City,1,4,H,24,5,10,2,10,14,9,3,1,,0,,2022,A,0.0,0.0,0,0.0,0.0,0.0,0,1,1.3333333333333333,1.8333333333333333,2.3484848484848486
2022-03-12,Manchester United,Tottenham Hotspur,3,2,H,10,10,6,3,8,7,4,5,2,1.0,0,0.0,2022,H,,,3,0.0,0.0,0.0,0,2,1.3333333333333333,1.8507462686567164,1.646153846153846
2022-04-02,Manchester United,Leicester City,1,1,D,11,11,5,3,13,6,6,5,2,2.0,0,0.0,2022,H,,,1,0.0,0.0,0.0,0,2,1.3333333333333333,1.838235294117647,1.5606060606060606
2022-04-09,Manchester United,Everton,0,1,H,7,12,3,4,4,10,5,7,2,,0,,2022,A,2.0,0.0,0,0.0,0.0,0.0,0,2,1.3333333333333333,1.8115942028985508,1.2794117647058822
2022-04-16,Manchester United,Norwich City,3,2,H,20,15,9,4,7,6,6,7,0,0.0,0,0.0,2022,H,,,3,0.0,0.0,0.0,0,0,1.3333333333333333,1.8285714285714285,0.65625
2022-04-19,Manchester United,Liverpool,0,4,H,14,2,5,1,3,6,10,2,2,,0,,2022,A,1.0,0.0,0,0.0,0.0,0.0,0,2,1.0,1.8028169014084507,2.0714285714285716
2022-04-23,Manchester United,Arsenal,1,3,H,14,14,7,5,9,12,1,7,4,,0,,2022,A,3.0,0.0,0,0.0,0.0,0.0,0,4,1.0,1.7777777777777777,1.704225352112676
2022-04-28,Manchester United,Chelsea,1,1,D,6,21,3,6,9,12,2,9,0,1.0,0,0.0,2022,H,,,1,0.0,0.0,0.0,0,0,0.3333333333333333,1.7671232876712328,1.8732394366197183
2022-05-02,Manchester United,Brentford,3,0,H,9,12,5,4,4,6,3,8,1,0.0,0,0.0,2022,H,,,3,0.0,0.0,0.0,1,1,1.3333333333333333,1.7837837837837838,1.1428571428571428
2022-05-07,Manchester United,Brighton and Hove Albion,0,4,H,17,15,6,5,13,9,7,6,2,,0,,2022,A,0.0,0.0,0,0.0,0.0,0.0,0,2,1.3333333333333333,1.76,1.1891891891891893
2022-05-22,Manchester United,Crystal Palace,0,1,H,6,10,3,4,12,22,3,6,4,,0,,2022,A,2.0,0.0,0,0.0,0.0,0.0,0,4,1.0,1.736842105263158,1.2105263157894737
2022-08-07,Manchester United,Brighton and Hove Albion,1,2,A,17,15,5,4,7,12,6,2,4,1.0,0,0.0,2022,H,,,0,0.0,0.0,0.0,0,4,0.0,1.7142857142857142,1.2337662337662338
2022-08-13,Manchester United,Brentford,0,4,H,13,15,7,4,6,15,8,2,4,,0,,2022,A,0.0,0.0,0,0.0,0.0,0.0,0,4,0.0,1.6923076923076923,1.25
2022-08-22,Manchester United,Liverpool,2,1,H,12,17,4,5,11,7,6,8,3,1.0,0,0.0,2022,H,,,3,0.0,0.0,0.0,0,3,1.0,1.7088607594936709,2.0632911392405062
2022-08-27,Manchester United,Southampton,1,0,A,17,11,5,6,4,14,5,3,3,,0,,2022,A,0.0,0.0,3,0.0,0.0,0.0,1,3,2.0,1.725,1.0875
2022-09-01,Manchester United,Leicester City,1,0,A,10,9,2,2,7,15,1,3,3,,0,,2022,A,1.0,0.0,3,0.0,0.0,0.0,1,3,3.0,1.7407407407407407,1.4691358024691359
2022-09-04,Manchester United,Arsenal,3,1,H,10,16,6,3,13,9,2,5,3,3.0,0,0.0,2022,H,,,3,0.0,0.0,0.0,0,3,3.0,1.7560975609756098,1.7682926829268293
2022-10-02,Manchester United,Manchester City,3,6,H,22,12,10,8,3,9,5,1,3,,0,,2022,A,0.0,0.0,0,0.0,0.0,0.0,0,3,2.0,1.7349397590361446,2.369047619047619
2022-10-09,Manchester United,Everton,2,1,A,11,12,2,4,7,13,5,4,1,,0,,2022,A,2.0,0.0,3,0.0,0.0,0.0,0,1,2.0,1.75,1.2705882352941176
2022-10-16,Manchester United,Newcastle United,0,0,D,15,9,2,2,13,11,4,4,3,1.0,0,0.0,2022,H,,,1,0.0,0.0,0.0,1,3,1.3333333333333333,1.7411764705882353,1.2674418604651163
2022-10-19,Manchester United,Tottenham Hotspur,2,0,H,28,9,10,2,7,7,8,3,1,0.0,0,0.0,2022,H,,,3,0.0,0.0,0.0,1,1,2.3333333333333335,1.755813953488372,1.793103448275862
2022-10-22,Manchester United,Chelsea,1,1,D,6,13,2,6,8,10,6,4,4,,0,,2022,A,1.0,0.0,1,0.0,0.0,0.0,0,4,1.6666666666666667,1.7471264367816093,1.8620689655172413
2022-10-30,Manchester United,West Ham United,1,0,H,16,13,3,5,12,10,5,10,1,3.0,0,0.0,2022,H,,,3,0.0,0.0,0.0,1,1,2.3333333333333335,1.7613636363636365,1.5168539325842696
2022-11-06,Manchester United,Aston Villa,1,3,H,6,8,4,3,6,12,3,5,3,,0,,2022,A,3.0,0.0,0,0.0,0.0,0.0,0,3,1.3333333333333333,1.7415730337078652,1.2777777777777777
2022-11-13,Manchester United,Fulham,2,1,A,14,14,7,9,9,10,10,3,1,,0,,2022,A,1.0,0.0,3,0.0,0.0,0.0,0,1,2.0,1.7555555555555555,0.8867924528301887
2022-12-27,Manchester United,Nottingham Forest,3,0,H,17,8,8,3,13,4,9,9,3,1.0,0,0.0,2022,H,,,3,0.0,0.0,0.0,1,3,2.0,1.7692307692307692,0.8125
2022-12-31,Manchester United,Wolverhampton Wanderers,1,0,A,10,16,3,6,11,11,7,5,3,,0,,2022,A,1.0,0.0,3,0.0,0.0,0.0,1,3,3.0,1.7826086956521738,1.1720430107526882
2023-01-03,Manchester United,Bournemouth,3,0,H,18,7,6,4,13,7,6,5,0,3.0,0,0.0,2023,H,,,3,0.0,0.0,0.0,1,0,3.0,1.7956989247311828,0.8888888888888888
2023-01-14,Manchester United,Manchester City,2,1,H,8,5,4,1,15,5,1,2,3,0.0,0,0.0,2023,H,,,3,0.0,0.0,0.0,0,3,3.0,1.8085106382978724,2.3191489361702127
2023-01-18,Manchester United,Crystal Palace,1,1,D,10,15,5,4,9,10,3,3,2,,0,,2023,A,1.0,0.0,1,0.0,0.0,0.0,0,2,2.3333333333333335,1.8,1.2105263157894737
2023-01-22,Manchester United,Arsenal,2,3,H,25,6,5,4,8,9,12,4,2,,0,,2023,A,1.0,0.0,0,0.0,0.0,0.0,0,2,1.3333333333333333,1.78125,1.894736842105263
2023-02-04,Manchester United,Crystal Palace,2,1,H,14,10,5,3,9,9,5,5,1,2.0,1,0.0,2023,H,,,3,0.0,0.0,0.0,0,3,1.3333333333333333,1.7938144329896908,1.1958762886597938
2023-02-08,Manchester United,Leeds United,2,2,D,24,8,7,2,7,11,6,5,1,3.0,0,0.0,2023,H,,,1,0.0,0.0,0.0,0,1,1.3333333333333333,1.7857142857142858,1.1958762886597938
2023-02-12,Manchester United,Leeds United,2,0,A,16,11,6,5,10,13,7,3,1,,0,,2023,A,2.0,0.0,3,0.0,0.0,0.0,1,1,2.3333333333333335,1.797979797979798,1.183673469387755
2023-02-19,Manchester United,Leicester City,3,0,H,26,19,8,3,9,9,6,6,0,2.0,0,0.0,2023,H,,,3,0.0,0.0,0.0,1,0,2.3333333333333335,1.81,1.4343434343434343
2023-03-05,Manchester United,Liverpool,0,7,H,18,8,8,4,13,14,4,3,3,,0,,2023,A,2.0,0.0,0,0.0,0.0,0.0,0,3,2.0,1.7920792079207921,2.00990099009901
2023-03-12,Manchester United,Southampton,0,0,D,10,17,4,4,12,9,7,8,2,0.0,0,0.0,2023,H,,,1,0.0,0.0,0.0,1,2,1.3333333333333333,1.7843137254901962,1.0294117647058822
2023-04-02,Manchester United,Newcastle United,0,2,H,22,6,6,1,8,12,7,4,0,,0,,2023,A,0.0,0.0,0,0.0,0.0,0.0,0,0,0.3333333333333333,1.766990291262136,1.3980582524271845
2023-04-05,Manchester United,Brentford,1,0,H,18,6,3,1,8,13,12,3,3,2.0,0,0.0,2023,H,,,3,0.0,0.0,0.0,1,3,1.3333333333333333,1.7788461538461537,1.328358208955224
2023-04-08,Manchester United,Everton,2,0,H,29,15,11,1,10,9,10,4,0,0.0,0,0.0,2023,H,,,3,0.0,0.0,0.0,1,0,2.0,1.7904761904761906,1.179245283018868
2023-04-16,Manchester United,Nottingham Forest,2,0,A,6,22,0,8,9,9,4,9,2,,0,,2023,A,2.0,0.0,3,0.0,0.0,0.0,1,2,3.0,1.8018867924528301,0.8709677419354839
2023-04-27,Manchester United,Tottenham Hotspur,2,2,D,18,17,7,8,8,7,6,8,2,,0,,2023,A,1.0,0.0,1,0.0,0.0,0.0,0,2,2.3333333333333335,1.794392523364486,1.7155963302752293
2023-04-30,Manchester United,Aston Villa,1,0,H,14,7,6,1,16,7,1,4,2,0.0,0,0.0,2023,H,,,3,0.0,0.0,0.0,1,2,2.3333333333333335,1.8055555555555556,1.4
2023-05-04,Manchester United,Brighton and Hove Albion,0,1,H,22,16,6,5,10,14,8,6,4,,0,,2023,A,4.0,0.0,0,0.0,0.0,0.0,0,4,1.3333333333333333,1.7889908256880733,1.3611111111111112
2023-05-07,Manchester United,West Ham United,0,1,H,15,19,4,4,4,9,5,6,2,,0,,2023,A,0.0,0.0,0,0.0,0.0,0.0,0,2,1.0,1.7727272727272727,1.4234234234234233
2023-05-13,Manchester United,Wolverhampton Wanderers,2,0,H,27,5,9,0,9,9,11,7,3,2.0,0,0.0,2023,H,,,3,0.0,0.0,0.0,1,3,1.0,1.7837837837837838,1.2142857142857142
2023-05-20,Manchester United,Bournemouth,1,0,A,10,20,4,5,6,7,3,6,0,,0,,2023,A,1.0,0.0,3,0.0,0.0,0.0,1,0,2.0,1.7946428571428572,1.054054054054054
2023-05-25,Manchester United,Chelsea,4,1,H,18,14,9,5,12,6,3,4,1,1.0,0,0.0,2023,H,,,3,0.0,0.0,0.0,0,1,3.0,1.8053097345132743,1.6283185840707965
2023-05-28,Manchester United,Fulham,2,1,H,21,10,8,3,14,10,5,4,1,2.0,0,0.0,2023,H,,,3,0.0,0.0,0.0,0,1,3.0,1.8157894736842106,1.0526315789473684
2023-08-14,Manchester United,Wolverhampton Wanderers,1,0,H,15,23,3,6,14,10,8,7,2,3.0,0,0.0,2023,H,,,3,0.0,0.0,0.0,1,2,3.0,1.826086956521739,1.191304347826087
2023-08-19,Manchester United,Tottenham Hotspur,0,2,H,17,22,6,6,9,8,5,6,3,,0,,2023,A,1.0,0.0,0,0.0,0.0,0.0,0,3,2.0,1.8103448275862069,1.6982758620689655
2023-08-26,Manchester United,Nottingham Forest,3,2,H,18,9,9,4,13,11,11,3,4,4.0,0,1.0,2023,H,,,3,0.0,0.0,0.0,0,4,2.0,1.8205128205128205,1.0
2023-09-03,Manchester United,Arsenal,1,3,H,17,10,5,2,8,7,12,3,3,,0,,2023,A,2.0,0.0,0,0.0,0.0,0.0,0,3,1.0,1.805084745762712,1.8983050847457628
2023-09-16,Manchester United,Brighton and Hove Albion,1,3,A,14,10,4,8,8,9,8,1,2,2.0,0,0.0,2023,H,,,0,0.0,0.0,0.0,0,2,1.0,1.7899159663865547,1.3949579831932772
2023-09-23,Manchester United,Burnley,1,0,A,12,11,4,4,6,12,9,5,2,,0,,2023,A,1.0,0.0,3,0.0,0.0,0.0,1,2,1.0,1.8,0.9259259259259259
2023-09-30,Manchester United,Crystal Palace,0,1,A,19,8,4,2,10,8,10,4,3,2.0,0,0.0,2023,H,,,0,0.0,0.0,0.0,0,3,1.0,1.7851239669421488,1.2231404958677685
2023-10-07,Manchester United,Brentford,2,1,H,21,11,8,3,10,17,7,5,0,5.0,0,0.0,2023,H,,,3,0.0,0.0,0.0,0,0,2.0,1.7950819672131149,1.3333333333333333
2023-10-21,Manchester United,Sheffield United,2,1,A,12,14,6,5,12,10,5,4,1,,0,,2023,A,3.0,0.0,3,0.0,0.0,0.0,0,1,2.0,1.8048780487804879,0.5106382978723404
2023-10-29,Manchester United,Manchester City,0,3,A,7,21,3,10,9,4,7,12,4,1.0,0,0.0,2023,H,,,0,0.0,0.0,0.0,0,4,2.0,1.7903225806451613,2.3548387096774195
2023-11-04,Manchester United,Fulham,1,0,A,18,12,3,5,9,15,9,4,2,,0,,2023,A,5.0,0.0,3,0.0,0.0,0.0,1,2,2.0,1.8,1.0574712643678161
2023-11-11,Manchester United,Luton Town,1,0,H,15,10,4,4,9,11,11,3,0,2.0,0,0.0,2023,H,,,3,0.0,0.0,0.0,1,0,2.0,1.8095238095238095,0.5
2023-11-26,Manchester United,Everton,3,0,A,24,9,6,4,10,8,6,5,0,,0,,2023,A,3.0,0.0,3,0.0,0.0,0.0,1,0,3.0,1.8188976377952757,1.1653543307086613
2023-12-02,Manchester United,Newcastle United,0,1,H,22,8,4,1,6,13,7,3,2,,0,,2023,A,1.0,0.0,0,0.0,0.0,0.0,0,2,2.0,1.8046875,1.4921875
2023-12-06,Manchester United,Chelsea,2,1,H,28,13,9,3,12,12,12,4,4,0.0,0,0.0,2023,H,,,3,0.0,0.0,0.0,0,4,2.0,1.813953488372093,1.5813953488372092
2023-12-09,Manchester United,Bournemouth,0,3,A,20,10,3,4,7,10,10,4,3,1.0,0,0.0,2023,H,,,0,0.0,0.0,0.0,0,3,1.0,1.8,1.0740740740740742
2023-12-17,Manchester United,Liverpool,0,0,D,34,6,8,1,13,8,12,0,4,,1,,2023,A,2.0,0.0,1,0.0,0.0,0.0,1,6,1.3333333333333333,1.7938931297709924,2.030534351145038
2023-12-23,Manchester United,West Ham United,0,2,H,12,11,5,3,13,15,4,4,3,,0,,2023,A,2.0,0.0,0,0.0,0.0,0.0,0,3,0.3333333333333333,1.7803030303030303,1.446969696969697
2023-12-26,Manchester United,Aston Villa,3,2,H,13,10,7,4,10,10,3,6,1,3.0,0,0.0,2023,H,,,3,0.0,0.0,0.0,0,1,1.3333333333333333,1.7894736842105263,1.5037593984962405
2023-12-30,Manchester United,Nottingham Forest,1,2,H,8,10,2,5,9,11,4,5,4,,0,,2023,A,2.0,0.0,0,0.0,0.0,0.0,0,4,1.0,1.7761194029850746,1.0
2024-01-14,Manchester United,Tottenham Hotspur,2,2,D,9,16,2,6,8,5,8,13,2,1.0,0,0.0,2024,H,,,1,0.0,0.0,0.0,0,2,1.3333333333333333,1.7703703703703704,1.7259259259259259
2024-02-01,Manchester United,Wolverhampton Wanderers,4,3,A,16,21,7,8,10,10,4,5,5,,0,,2024,A,2.0,0.0,3,0.0,0.0,0.0,0,5,1.3333333333333333,1.7794117647058822,1.2205882352941178
2024-02-04,Manchester United,West Ham United,3,0,H,12,22,5,3,10,5,5,8,0,1.0,0,0.0,2024,H,,,3,0.0,0.0,0.0,1,0,2.3333333333333335,1.7883211678832116,1.437956204379562
2024-02-11,Manchester United,Aston Villa,2,1,A,23,17,10,5,9,7,10,8,2,,0,,2024,A,3.0,0.0,3,0.0,0.0,0.0,0,2,3.0,1.7971014492753623,1.5
2024-02-18,Manchester United,Luton Town,2,1,A,22,21,4,9,7,21,8,6,5,,0,,2024,A,3.0,0.0,3,0.0,0.0,0.0,0,5,3.0,1.8057553956834533,0.8333333333333334
2024-02-24,Manchester United,Fulham,1,2,A,21,17,9,5,6,11,10,9,2,5.0,0,0.0,2024,H,,,0,0.0,0.0,0.0,0,2,2.0,1.792857142857143,1.0980392156862746
2024-03-03,Manchester United,Manchester City,1,3,H,27,3,8,1,5,10,15,2,1,,0,,2024,A,0.0,0.0,0,0.0,0.0,0.0,0,1,1.0,1.7801418439716312,2.3404255319148937
2024-03-09,Manchester United,Everton,2,0,H,15,23,8,6,13,11,5,8,1,2.0,0,0.0,2024,H,,,3,0.0,0.0,0.0,1,1,1.0,1.7887323943661972,1.1619718309859155
2024-03-30,Manchester United,Brentford,1,1,D,31,11,5,5,7,14,14,4,2,,0,,2024,A,2.0,0.0,1,0.0,0.0,0.0,0,2,1.3333333333333333,1.7832167832167831,1.2452830188679245
2024-04-04,Manchester United,Chelsea,3,4,H,28,19,10,5,7,15,12,3,0,,0,,2024,A,3.0,0.0,0,0.0,0.0,0.0,0,0,1.3333333333333333,1.7708333333333333,1.5944055944055944
2024-04-07,Manchester United,Liverpool,2,2,D,9,28,5,7,9,10,6,11,5,2.0,0,0.0,2024,H,,,1,0.0,0.0,0.0,0,5,0.6666666666666666,1.7655172413793103,2.0620689655172413
2024-04-13,Manchester United,Bournemouth,2,2,D,20,8,5,2,13,14,7,2,0,,0,,2024,A,4.0,0.0,1,0.0,0.0,0.0,0,0,0.6666666666666666,1.7602739726027397,1.1571428571428573
2024-04-24,Manchester United,Sheffield United,4,2,H,25,10,13,4,7,9,9,4,0,1.0,0,0.0,2024,H,,,3,0.0,0.0,0.0,0,0,1.6666666666666667,1.7687074829931972,0.5416666666666666
2024-04-27,Manchester United,Burnley,1,1,D,27,16,10,7,7,11,6,5,1,3.0,0,0.0,2024,H,,,1,0.0,0.0,0.0,0,1,1.6666666666666667,1.7635135135135136,0.8828828828828829
2024-05-06,Manchester United,Crystal Palace,0,4,H,18,7,10,2,12,8,6,3,1,,0,,2024,A,1.0,0.0,0,0.0,0.0,0.0,0,1,1.3333333333333333,1.7516778523489933,1.2
2024-05-12,Manchester United,Arsenal,0,1,A,14,11,2,5,5,6,4,7,0,2.0,0,0.0,2024,H,,,0,0.0,0.0,0.0,0,0,0.3333333333333333,1.74,1.9867549668874172
2024-05-15,Manchester United,Newcastle United,3,2,H,17,21,8,8,16,7,9,9,3,3.0,0,0.0,2024,H,,,3,0.0,0.0,0.0,0,3,1.0,1.7483443708609272,1.4701986754966887
2024-05-19,Manchester United,Brighton and Hove Albion,2,0,A,17,11,3,4,10,9,7,5,3,,0,,2024,A,1.0,0.0,3,0.0,0.0,0.0,1,3,2.0,1.756578947368421,1.3289473684210527
2024-08-16,Manchester United,Fulham,1,0,H,14,10,5,2,12,10,7,8,2,3.0,0,0.0,2024,H,,,3,0.0,0.0,0.0,1,2,3.0,1.7647058823529411,1.1043478260869566
2024-08-24,Manchester United,Brighton and Hove Albion,1,2,H,14,11,5,4,9,13,4,4,2,,0,,2024,A,1.0,0.0,0,0.0,0.0,0.0,0,2,2.0,1.7532467532467533,1.3506493506493507
2024-09-01,Manchester United,Liverpool,0,3,A,8,11,3,3,7,7,5,2,4,1.0,0,0.0,2024,H,,,0,0.0,0.0,0.0,0,4,1.0,1.7419354838709677,2.0580645161290323
2024-09-14,Manchester United,Southampton,3,0,A,6,20,4,10,11,14,0,7,4,,0,,2024,A,1.0,1.0,3,0.0,0.0,0.0,1,4,1.0,1.75,0.9152542372881356
2024-09-21,Manchester United,Crystal Palace,0,0,D,9,15,4,6,7,12,4,11,1,,0,,2024,A,3.0,0.0,1,0.0,0.0,0.0,1,1,1.3333333333333333,1.7452229299363058,1.2038216560509554
2024-09-29,Manchester United,Tottenham Hotspur,0,3,A,11,24,2,10,16,14,5,3,5,3.0,1,0.0,2024,H,,,0,0.0,0.0,0.0,0,7,1.3333333333333333,1.7341772151898733,1.7025316455696202
2024-10-06,Manchester United,Aston Villa,0,0,D,11,10,1,4,12,11,6,3,5,,0,,2024,A,1.0,0.0,1,0.0,0.0,0.0,1,5,0.6666666666666666,1.729559748427673,1.528301886792453
2024-10-19,Manchester United,Brentford,2,1,H,23,8,11,2,14,5,9,2,2,2.0,0,0.0,2024,H,,,3,0.0,0.0,0.0,0,2,1.3333333333333333,1.7375,1.2622950819672132
2024-10-27,Manchester United,West Ham United,1,2,H,12,18,3,5,6,7,6,5,1,,0,,2024,A,5.0,0.0,0,0.0,0.0,0.0,0,1,1.3333333333333333,1.7267080745341614,1.391304347826087
2024-11-03,Manchester United,Chelsea,1,1,D,11,12,4,3,19,14,4,8,6,2.0,0,0.0,2024,H,,,1,0.0,0.0,0.0,0,6,1.3333333333333333,1.7222222222222223,1.6419753086419753
2024-11-10,Manchester United,Leicester City,3,0,H,13,6,3,5,9,5,1,5,0,1.0,0,0.0,2024,H,,,3,0.0,0.0,0.0,1,0,1.3333333333333333,1.7300613496932515,1.296
2024-11-24,Manchester United,Ipswich Town,1,1,D,11,11,6,4,11,10,4,3,0,,0,,2024,A,0.0,0.0,1,0.0,0.0,0.0,0,0,1.6666666666666667,1.725609756097561,0.75
2024-12-01,Manchester United,Everton,4,0,H,11,8,5,2,12,12,2,2,2,3.0,0,0.0,2024,H,,,3,0.0,0.0,0.0,1,2,2.3333333333333335,1.7333333333333334,1.1696969696969697
2024-12-04,Manchester United,Arsenal,0,2,H,14,5,6,2,12,8,13,0,3,,0,,2024,A,1.0,0.0,0,0.0,0.0,0.0,0,3,1.3333333333333333,1.7228915662650603,1.9939759036144578
2024-12-07,Manchester United,Nottingham Forest,2,3,A,17,11,7,3,10,13,5,3,0,2.0,0,0.0,2024,H,,,0,0.0,0.0,0.0,0,0,1.0,1.7125748502994012,1.0879120879120878
2024-12-15,Manchester United,Manchester City,2,1,A,10,10,3,3,5,14,8,2,1,,0,,2024,A,1.0,0.0,3,0.0,0.0,0.0,0,1,1.0,1.7202380952380953,2.2976190476190474
2024-12-22,Manchester United,Bournemouth,0,3,A,23,10,7,5,11,11,13,1,1,3.0,0,0.0,2024,H,,,0,0.0,0.0,0.0,0,1,1.0,1.7100591715976332,1.2365591397849462
2024-12-26,Manchester United,Wolverhampton Wanderers,0,2,H,7,11,4,4,12,12,4,4,2,,1,,2024,A,2.0,0.0,0,0.0,0.0,0.0,0,4,1.0,1.7,1.1647058823529413
2024-12-30,Manchester United,Newcastle United,0,2,A,10,12,0,4,13,8,2,3,1,1.0,0,0.0,2024,H,,,0,0.0,0.0,0.0,0,1,0.0,1.6900584795321638,1.5029239766081872
2025-01-05,Manchester United,Liverpool,2,2,D,19,13,6,4,10,13,6,9,4,,0,,2025,A,2.0,0.0,1,0.0,0.0,0.0,0,4,0.3333333333333333,1.686046511627907,2.08187134502924
2025-01-16,Manchester United,Southampton,3,1,H,23,13,9,5,7,10,5,4,1,3.0,0,0.0,2025,H,,,3,0.0,0.0,0.0,0,1,1.3333333333333333,1.69364161849711,0.8444444444444444
2025-01-19,Manchester United,Brighton and Hove Albion,1,3,A,10,6,1,3,13,12,4,2,3,3.0,0,0.0,2025,H,,,0,0.0,0.0,0.0,0,3,1.3333333333333333,1.6839080459770115,1.3563218390804597
2025-01-26,Manchester United,Fulham,1,0,A,9,4,3,1,7,9,3,0,1,,0,,2025,A,0.0,0.0,3,0.0,0.0,0.0,1,1,2.0,1.6914285714285715,1.167883211678832
2025-02-02,Manchester United,Crystal Palace,0,2,A,17,11,2,3,12,13,11,0,3,1.0,0,0.0,2025,H,,,0,0.0,0.0,0.0,0,3,1.0,1.6818181818181819,1.2272727272727273
2025-02-16,Manchester United,Tottenham Hotspur,0,1,H,22,16,7,6,13,9,10,5,2,,0,,2025,A,1.0,0.0,0,0.0,0.0,0.0,0,2,1.0,1.6723163841807909,1.6327683615819208
2025-02-22,Manchester United,Everton,2,2,D,9,9,8,3,12,9,7,9,1,,0,,2025,A,4.0,0.0,1,0.0,0.0,0.0,0,1,0.3333333333333333,1.6685393258426966,1.196629213483146
2025-02-26,Manchester United,Ipswich Town,3,2,H,10,12,6,3,9,16,5,6,4,4.0,1,0.0,2025,H,,,3,0.0,0.0,0.0,0,6,1.3333333333333333,1.675977653631285,0.6296296296296297
2025-03-09,Manchester United,Arsenal,1,1,D,10,17,6,6,8,11,2,9,0,1.0,0,0.0,2025,H,,,1,0.0,0.0,0.0,0,0,1.6666666666666667,1.6722222222222223,1.988888888888889
2025-03-16,Manchester United,Leicester City,3,0,A,11,18,3,5,6,6,6,4,0,,0,,2025,A,2.0,0.0,3,0.0,0.0,0.0,1,0,2.3333333333333335,1.6795580110497237,1.1818181818181819
2025-04-01,Manchester United,Nottingham Forest,0,1,H,8,23,2,6,5,12,3,10,3,,0,,2025,A,1.0,0.0,0,0.0,0.0,0.0,0,3,1.3333333333333333,1.6703296703296704,1.2358490566037736
2025-04-06,Manchester United,Manchester City,0,0,D,13,9,2,5,13,9,5,3,3,2.0,0,0.0,2025,H,,,1,0.0,0.0,0.0,1,3,1.3333333333333333,1.6666666666666667,2.2459016393442623
2025-04-13,Manchester United,Newcastle United,1,4,H,13,9,6,5,7,9,7,2,2,,0,,2025,A,0.0,0.0,0,0.0,0.0,0.0,0,2,0.3333333333333333,1.6576086956521738,1.53551912568306
2025-04-20,Manchester United,Wolverhampton Wanderers,0,1,A,12,4,2,2,11,18,9,2,2,3.0,0,0.0,2025,H,,,0,0.0,0.0,0.0,0,2,0.3333333333333333,1.6486486486486487,1.1945945945945946
2025-04-27,Manchester United,Bournemouth,1,1,D,8,25,1,6,11,12,5,10,2,,0,,2025,A,4.0,1.0,1,0.0,0.0,0.0,0,2,0.3333333333333333,1.6451612903225807,1.2454545454545454
2025-05-04,Manchester United,Brentford,3,4,H,12,14,6,5,8,10,7,4,2,,0,,2025,A,0.0,0.0,0,0.0,0.0,0.0,0,2,0.3333333333333333,1.6363636363636365,1.3154362416107384
2025-05-11,Manchester United,West Ham United,0,2,A,20,9,5,4,3,13,8,5,0,1.0,0,0.0,2025,H,,,0,0.0,0.0,0.0,0,0,0.3333333333333333,1.627659574468085,1.3457446808510638
2025-05-16,Manchester United,Chelsea,0,1,H,11,4,3,1,10,14,7,2,6,,0,,2025,A,1.0,0.0,0,0.0,0.0,0.0,0,6,0.0,1.619047619047619,1.6613756613756614
2025-05-25,Manchester United,Aston Villa,2,0,H,25,6,10,1,10,10,4,3,2,2.0,0,1.0,2025,H,,,3,0.0,0.0,0.0,1,2,1.0,1.6263157894736842,1.5526315789473684
2025-08-17,Manchester United,Arsenal,0,1,A,22,9,7,3,10,19,3,4,1,4.0,0,0.0,2025,H,,,0,0.0,0.0,0.0,0,1,1.0,1.617801047120419,1.9895287958115184
2025-08-24,Manchester United,Fulham,1,1,D,13,10,4,3,12,10,9,6,1,,0,,2025,A,1.0,0.0,1,0.0,0.0,0.0,0,1,1.3333333333333333,1.6145833333333333,1.1883116883116882
2025-08-30,Manchester United,Burnley,3,2,H,26,6,6,3,9,9,7,1,1,5.0,0,0.0,2025,H,,,3,0.0,0.0,0.0,0,1,1.3333333333333333,1.621761658031088,0.8632478632478633
2025-09-14,Manchester United,Manchester City,0,3,H,13,12,6,2,8,8,2,4,0,,0,,2025,A,0.0,0.0,0,0.0,0.0,0.0,0,0,1.3333333333333333,1.6134020618556701,2.247422680412371
2025-09-20,Manchester United,Chelsea,2,1,H,11,5,4,1,13,14,5,5,0,5.0,1,1.0,2025,H,,,3,0.0,0.0,0.0,0,2,2.0,1.6205128205128205,1.6666666666666667
2025-09-27,Manchester United,Brentford,1,3,H,10,14,8,6,14,10,4,2,2,,0,,2025,A,2.0,0.0,0,0.0,0.0,0.0,0,2,1.0,1.6122448979591837,1.3101265822784811
2025-10-04,Manchester United,Sunderland,2,0,H,15,8,6,3,10,12,2,3,1,4.0,0,0.0,2025,H,,,3,0.0,0.0,0.0,1,1,2.0,1.619289340101523,1.5714285714285714
2025-10-19,Manchester United,Liverpool,2,1,A,19,12,6,4,8,14,9,4,2,,0,,2025,A,0.0,0.0,3,0.0,0.0,0.0,0,2,2.0,1.6262626262626263,2.0656565656565657
2025-10-25,Manchester United,Brighton and Hove Albion,4,2,H,13,17,9,5,4,13,1,6,2,2.0,0,0.0,2025,H,,,3,0.0,0.0,0.0,0,2,3.0,1.6331658291457287,1.3819095477386936
2025-11-01,Manchester United,Nottingham Forest,2,2,D,17,18,3,7,10,7,8,5,1,,0,,2025,A,1.0,0.0,1,0.0,0.0,0.0,0,1,2.3333333333333335,1.63,1.1693548387096775
2025-11-08,Manchester United,Tottenham Hotspur,2,2,D,10,5,4,2,10,8,5,3,1,,0,,2025,A,5.0,0.0,1,0.0,0.0,0.0,0,1,1.6666666666666667,1.626865671641791,1.5671641791044777
2020-09-12,Newcastle United,West Ham United,2,0,A,15,15,3,2,13,7,8,7,2,,0,,2020,A,2.0,0.0,3,0.0,0.0,0.0,1,2,3.0,3.0,0.0
2020-09-20,Newcastle United,Brighton and Hove Albion,0,3,A,6,13,0,6,16,15,7,1,3,0.0,0,1.0,2020,H,,,0,0.0,0.0,0.0,0,3,1.5,1.5,1.5
2020-09-27,Newcastle United,Tottenham Hotspur,1,1,D,23,6,12,1,15,9,10,4,4,,0,,2020,A,1.0,0.0,1,0.0,0.0,0.0,0,4,1.3333333333333333,1.3333333333333333,1.3333333333333333
2020-10-03,Newcastle United,Burnley,3,1,H,10,7,5,3,13,17,3,4,2,3.0,0,0.0,2020,H,,,3,0.0,0.0,0.0,0,2,1.3333333333333333,1.75,0.0
2020-10-17,Newcastle United,Manchester United,1,4,A,7,28,4,14,9,12,0,7,1,1.0,0,0.0,2020,H,,,0,0.0,0.0,0.0,0,1,1.3333333333333333,1.4,1.5
2020-10-25,Newcastle United,Wolverhampton Wanderers,1,1,D,16,5,3,2,10,10,2,3,1,,0,,2020,A,0.0,0.0,1,0.0,0.0,0.0,0,1,1.3333333333333333,1.3333333333333333,1.6666666666666667
2020-11-01,Newcastle United,Everton,2,1,H,11,15,4,4,9,10,5,4,2,4.0,0,0.0,2020,H,,,3,0.0,0.0,0.0,0,2,1.3333333333333333,1.5714285714285714,1.8571428571428572
2020-11-06,Newcastle United,Southampton,0,2,H,15,4,8,2,12,11,8,3,2,,0,,2020,A,1.0,0.0,0,0.0,0.0,0.0,0,2,1.3333333333333333,1.375,2.0
2020-11-21,Newcastle United,Chelsea,0,2,A,8,14,1,3,11,12,7,4,2,0.0,0,0.0,2020,H,,,0,0.0,0.0,0.0,0,2,1.0,1.2222222222222223,2.0
2020-11-27,Newcastle United,Crystal Palace,2,0,A,12,14,3,7,9,10,7,3,2,,0,,2020,A,2.0,0.0,3,0.0,0.0,0.0,1,2,1.0,1.4,1.3
2020-12-12,Newcastle United,West Brom,2,1,H,12,13,7,3,9,12,4,3,2,3.0,0,0.0,2020,H,,,3,0.0,0.0,0.0,0,2,2.0,1.5454545454545454,0.5
2020-12-16,Newcastle United,Leeds United,2,5,H,25,10,10,4,10,13,7,4,1,,0,,2020,A,3.0,0.0,0,0.0,0.0,0.0,0,1,2.0,1.4166666666666667,1.3076923076923077
2020-12-19,Newcastle United,Fulham,1,1,D,12,11,5,4,7,17,2,9,1,2.0,0,1.0,2020,H,,,1,0.0,0.0,0.0,0,1,1.3333333333333333,1.3846153846153846,0.7142857142857143
2020-12-26,Newcastle United,Manchester City,0,2,H,11,7,6,2,5,12,7,3,2,,0,,2020,A,2.0,0.0,0,0.0,0.0,0.0,0,2,0.3333333333333333,1.2857142857142858,1.8571428571428572
2020-12-30,Newcastle United,Liverpool,0,0,D,8,11,2,4,9,13,5,12,2,3.0,0,0.0,2020,H,,,1,0.0,0.0,0.0,1,2,0.6666666666666666,1.2666666666666666,2.0625
2021-01-03,Newcastle United,Leicester City,1,2,A,8,9,2,3,10,11,3,6,0,2.0,0,0.0,2021,H,,,0,0.0,0.0,0.0,0,0,0.3333333333333333,1.1875,1.8823529411764706
2021-01-12,Newcastle United,Sheffield United,0,1,H,17,7,4,3,13,12,5,2,3,,1,,2021,A,2.0,0.0,0,0.0,0.0,0.0,0,5,0.3333333333333333,1.1176470588235294,0.2777777777777778
2021-01-18,Newcastle United,Arsenal,0,3,H,20,4,6,1,9,8,7,2,0,,0,,2021,A,0.0,0.0,0,0.0,0.0,0.0,0,0,0.0,1.0555555555555556,1.4210526315789473
2021-01-23,Newcastle United,Aston Villa,0,2,H,14,7,5,1,9,18,5,4,3,,0,,2021,A,0.0,0.0,0,0.0,0.0,0.0,0,3,0.0,1.0,1.7058823529411764
2021-01-26,Newcastle United,Leeds United,1,2,A,22,9,5,2,10,15,9,5,1,3.0,0,0.0,2021,H,,,0,0.0,0.0,0.0,0,1,0.0,0.95,1.368421052631579
2021-01-30,Newcastle United,Everton,2,0,A,11,13,3,3,13,6,7,12,4,,0,,2021,A,3.0,0.0,3,0.0,0.0,0.0,1,4,1.0,1.0476190476190477,1.736842105263158
2021-02-02,Newcastle United,Crystal Palace,1,2,A,21,6,5,3,14,11,9,1,1,3.0,0,0.0,2021,H,,,0,0.0,0.0,0.0,0,1,1.0,1.0,1.3181818181818181
2021-02-06,Newcastle United,Southampton,3,2,H,6,14,4,5,11,14,0,7,2,1.0,1,0.0,2021,H,,,3,0.0,0.0,0.0,0,4,2.0,1.0869565217391304,1.3181818181818181
2021-02-15,Newcastle United,Chelsea,0,2,H,18,10,5,4,9,13,10,5,0,,0,,2021,A,0.0,0.0,0,0.0,0.0,0.0,0,0,1.0,1.0416666666666667,1.75
2021-02-21,Newcastle United,Manchester United,1,3,H,15,10,7,6,9,11,6,4,2,,0,,2021,A,1.0,0.0,0,0.0,0.0,0.0,0,2,1.0,1.0,1.96
2021-02-27,Newcastle United,Wolverhampton Wanderers,1,1,D,19,14,7,4,11,13,3,5,2,0.0,0,0.0,2021,H,,,1,0.0,0.0,0.0,0,2,0.3333333333333333,1.0,1.3076923076923077
2021-03-07,Newcastle United,West Brom,0,0,D,13,9,3,5,11,10,9,7,0,,0,,2021,A,0.0,0.0,1,0.0,0.0,0.0,1,0,0.6666666666666666,1.0,0.6428571428571429
2021-03-12,Newcastle United,Aston Villa,1,1,D,12,15,3,6,10,10,2,2,2,3.0,0,0.0,2021,H,,,1,0.0,0.0,0.0,0,2,1.0,1.0,1.5185185185185186
2021-03-20,Newcastle United,Brighton and Hove Albion,0,3,H,11,3,6,1,12,5,3,1,1,,0,,2021,A,0.0,0.0,0,0.0,0.0,0.0,0,1,0.6666666666666666,0.9655172413793104,1.103448275862069
2021-04-04,Newcastle United,Tottenham Hotspur,2,2,D,22,11,6,5,13,14,7,3,3,2.0,0,0.0,2021,H,,,1,0.0,0.0,0.0,0,3,0.6666666666666666,0.9666666666666667,1.6333333333333333
2021-04-11,Newcastle United,Burnley,2,1,A,24,10,4,5,11,12,13,3,0,,0,,2021,A,1.0,0.0,3,0.0,0.0,0.0,0,0,1.3333333333333333,1.032258064516129,1.064516129032258
2021-04-17,Newcastle United,West Ham United,3,2,H,16,16,8,6,9,7,3,8,2,0.0,0,1.0,2021,H,,,3,0.0,0.0,0.0,0,2,2.3333333333333335,1.09375,1.71875
2021-04-24,Newcastle United,Liverpool,1,1,D,22,7,9,4,9,7,6,3,1,,0,,2021,A,2.0,0.0,1,0.0,0.0,0.0,0,1,2.3333333333333335,1.0909090909090908,1.6363636363636365
2021-05-02,Newcastle United,Arsenal,0,2,A,5,19,1,5,10,9,3,7,2,1.0,1,0.0,2021,H,,,0,0.0,0.0,0.0,0,4,1.3333333333333333,1.0588235294117647,1.4411764705882353
2021-05-07,Newcastle United,Leicester City,4,2,A,25,14,9,6,12,9,9,6,1,,0,,2021,A,1.0,0.0,3,0.0,0.0,0.0,0,1,1.3333333333333333,1.1142857142857143,1.8
2021-05-14,Newcastle United,Manchester City,3,4,A,11,15,5,6,11,10,4,5,2,2.0,0,0.0,2021,H,,,0,0.0,0.0,0.0,0,2,1.0,1.0833333333333333,2.3055555555555554
2021-05-19,Newcastle United,Sheffield United,1,0,H,16,11,5,1,7,7,5,2,0,2.0,0,0.0,2021,H,,,3,0.0,0.0,0.0,1,0,2.0,1.135135135135135,0.5405405405405406
2021-05-23,Newcastle United,Fulham,2,0,A,14,10,0,4,12,6,5,4,0,,0,,2021,A,1.0,0.0,3,0.0,0.0,0.0,1,0,2.0,1.1842105263157894,0.7368421052631579
2021-08-15,Newcastle United,West Ham United,2,4,A,17,8,3,9,4,3,7,6,1,0.0,0,0.0,2021,H,,,0,0.0,0.0,0.0,0,1,2.0,1.1538461538461537,1.7435897435897436
2021-08-21,Newcastle United,Aston Villa,0,2,H,10,9,2,1,8,18,3,4,4,,0,,2021,A,3.0,0.0,0,0.0,0.0,0.0,0,4,1.0,1.125,1.45
2021-08-28,Newcastle United,Southampton,2,2,D,10,22,5,6,11,6,4,4,3,3.0,0,0.0,2021,H,,,1,0.0,0.0,0.0,0,3,0.3333333333333333,1.1219512195121952,1.0975609756097562
2021-09-11,Newcastle United,Manchester United,1,4,H,21,12,7,3,9,2,7,3,0,,0,,2021,A,1.0,0.0,0,0.0,0.0,0.0,0,0,0.3333333333333333,1.0952380952380953,2.0
2021-09-17,Newcastle United,Leeds United,1,1,D,17,22,7,9,9,11,4,5,2,2.0,0,0.0,2021,H,,,1,0.0,0.0,0.0,0,2,0.6666666666666666,1.0930232558139534,1.441860465116279
2021-09-25,Newcastle United,Watford,1,1,D,15,20,4,6,19,12,5,6,3,,0,,2021,A,4.0,0.0,1,0.0,0.0,0.0,0,3,0.6666666666666666,1.0909090909090908,1.1666666666666667
2021-10-02,Newcastle United,Wolverhampton Wanderers,1,2,H,7,8,3,2,15,5,0,4,2,,0,,2021,A,0.0,0.0,0,0.0,0.0,0.0,0,2,0.6666666666666666,1.0666666666666667,1.2
2021-10-17,Newcastle United,Tottenham Hotspur,2,3,A,7,14,1,4,13,4,2,9,4,1.0,1,0.0,2021,H,,,0,0.0,0.0,0.0,0,6,0.3333333333333333,1.0434782608695652,1.673913043478261
2021-10-23,Newcastle United,Crystal Palace,1,1,D,15,6,3,2,13,9,3,7,4,,0,,2021,A,3.0,0.0,1,0.0,0.0,0.0,0,4,0.3333333333333333,1.0425531914893618,1.127659574468085
2021-10-30,Newcastle United,Chelsea,0,3,A,6,19,1,6,14,12,0,2,3,2.0,0,0.0,2021,H,,,0,0.0,0.0,0.0,0,3,0.3333333333333333,1.0208333333333333,1.9166666666666667
2021-11-06,Newcastle United,Brighton and Hove Albion,1,1,D,14,6,5,1,16,10,2,5,4,,0,,2021,A,3.0,1.0,1,0.0,0.0,0.0,0,4,0.6666666666666666,1.0204081632653061,1.183673469387755
2021-11-20,Newcastle United,Brentford,3,3,D,23,10,9,4,13,11,8,2,2,2.0,0,0.0,2021,H,,,1,0.0,0.0,0.0,0,2,0.6666666666666666,1.02,1.0833333333333333
2021-11-27,Newcastle United,Arsenal,0,2,H,24,9,6,5,6,12,4,4,3,,0,,2021,A,1.0,0.0,0,0.0,0.0,0.0,0,3,0.6666666666666666,1.0,1.6470588235294117
2021-11-30,Newcastle United,Norwich City,1,1,D,9,16,1,6,8,11,2,5,0,0.0,0,1.0,2021,H,,,1,0.0,0.0,0.0,0,0,0.6666666666666666,1.0,0.7142857142857143
2021-12-04,Newcastle United,Burnley,1,0,H,19,10,4,1,11,9,10,3,1,1.0,0,0.0,2021,H,,,3,0.0,0.0,0.0,1,1,1.3333333333333333,1.0377358490566038,0.9423076923076923
2021-12-12,Newcastle United,Leicester City,0,4,H,8,12,5,3,9,16,4,6,3,,0,,2021,A,2.0,0.0,0,0.0,0.0,0.0,0,3,1.3333333333333333,1.0185185185185186,1.6296296296296295
2021-12-16,Newcastle United,Liverpool,1,3,H,23,4,8,2,9,4,11,0,3,,0,,2021,A,1.0,0.0,0,0.0,0.0,0.0,0,3,1.0,1.0,1.981818181818182
2021-12-19,Newcastle United,Manchester City,0,4,A,5,18,1,7,9,6,3,6,1,2.0,0,0.0,2021,H,,,0,0.0,0.0,0.0,0,1,0.0,0.9821428571428571,2.3214285714285716
2021-12-27,Newcastle United,Manchester United,1,1,D,13,13,8,4,11,8,2,4,3,3.0,0,0.0,2021,H,,,1,0.0,0.0,0.0,0,3,0.3333333333333333,0.9824561403508771,1.8545454545454545
2022-01-15,Newcastle United,Watford,1,1,D,12,18,1,5,13,13,4,6,3,2.0,0,0.0,2022,H,,,1,0.0,0.0,0.0,0,3,0.6666666666666666,0.9827586206896551,0.7368421052631579
2022-01-22,Newcastle United,Leeds United,1,0,A,13,15,4,3,9,9,6,7,2,,0,,2022,A,4.0,0.0,3,0.0,0.0,0.0,1,2,1.6666666666666667,1.0169491525423728,1.3728813559322033
2022-02-08,Newcastle United,Everton,3,1,H,20,11,9,3,13,13,6,2,2,3.0,0,0.0,2022,H,,,3,0.0,0.0,0.0,0,2,2.3333333333333335,1.05,1.3220338983050848
2022-02-13,Newcastle United,Aston Villa,1,0,H,10,11,2,1,22,15,3,6,3,4.0,0,0.0,2022,H,,,3,0.0,0.0,0.0,1,3,3.0,1.0819672131147542,1.3442622950819672
2022-02-19,Newcastle United,West Ham United,1,1,D,11,14,3,3,3,7,3,7,3,,0,,2022,A,3.0,0.0,1,0.0,0.0,0.0,0,3,2.3333333333333335,1.0806451612903225,1.671875
2022-02-26,Newcastle United,Brentford,2,0,A,6,26,1,11,9,7,6,6,1,,0,,2022,A,3.0,1.0,3,0.0,0.0,0.0,1,1,2.3333333333333335,1.1111111111111112,0.8888888888888888
2022-03-05,Newcastle United,Brighton and Hove Albion,2,1,H,10,15,4,4,8,10,4,7,1,1.0,0,0.0,2022,H,,,3,0.0,0.0,0.0,0,1,2.3333333333333335,1.140625,1.1384615384615384
2022-03-10,Newcastle United,Southampton,2,1,A,14,8,5,4,6,7,12,5,1,,0,,2022,A,1.0,0.0,3,0.0,0.0,0.0,0,1,3.0,1.1692307692307693,1.1818181818181819
2022-03-13,Newcastle United,Chelsea,0,1,H,8,7,3,2,17,16,7,2,3,,0,,2022,A,4.0,0.0,0,0.0,0.0,0.0,0,3,2.0,1.1515151515151516,1.9090909090909092
2022-03-17,Newcastle United,Everton,0,1,H,9,17,3,6,13,11,5,7,1,,0,,2022,A,2.0,1.0,0,0.0,0.0,0.0,0,1,1.0,1.1343283582089552,1.2923076923076924
2022-04-03,Newcastle United,Tottenham Hotspur,1,5,H,19,8,6,1,10,7,2,3,3,,0,,2022,A,2.0,0.0,0,0.0,0.0,0.0,0,3,0.0,1.1176470588235294,1.7058823529411764
2022-04-08,Newcastle United,Wolverhampton Wanderers,1,0,H,12,5,4,2,6,13,1,2,1,1.0,0,0.0,2022,H,,,3,0.0,0.0,0.0,1,1,1.0,1.144927536231884,1.3428571428571427
2022-04-17,Newcastle United,Leicester City,2,1,H,16,8,7,2,10,10,3,5,2,2.0,0,0.0,2022,H,,,3,0.0,0.0,0.0,0,2,2.0,1.1714285714285715,1.5588235294117647
2022-04-20,Newcastle United,Crystal Palace,1,0,H,13,10,4,2,12,12,2,5,1,1.0,0,0.0,2022,H,,,3,0.0,0.0,0.0,1,1,3.0,1.1971830985915493,1.1571428571428573
2022-04-23,Newcastle United,Norwich City,3,0,A,5,13,2,7,11,10,2,3,2,,0,,2022,A,0.0,0.0,3,0.0,0.0,0.0,1,2,3.0,1.2222222222222223,0.6363636363636364
2022-04-30,Newcastle United,Liverpool,0,1,A,4,24,2,10,11,11,0,6,1,3.0,0,0.0,2022,H,,,0,0.0,0.0,0.0,0,1,2.0,1.2054794520547945,2.0972222222222223
2022-05-08,Newcastle United,Manchester City,0,5,H,21,7,9,3,6,11,8,2,3,,0,,2022,A,1.0,0.0,0,0.0,0.0,0.0,0,3,1.0,1.1891891891891893,2.356164383561644
2022-05-16,Newcastle United,Arsenal,2,0,H,16,11,4,2,11,8,12,8,0,3.0,0,0.0,2022,H,,,3,0.0,0.0,0.0,1,0,1.0,1.2133333333333334,1.6933333333333334
2022-05-22,Newcastle United,Burnley,2,1,A,12,8,5,6,8,9,8,2,0,,0,,2022,A,1.0,0.0,3,0.0,0.0,0.0,0,0,2.0,1.236842105263158,0.9736842105263158
2022-08-06,Newcastle United,Nottingham Forest,2,0,H,23,5,10,0,9,14,11,1,0,3.0,0,0.0,2022,H,,,3,0.0,0.0,0.0,1,0,3.0,1.2597402597402598,0.0
2022-08-13,Newcastle United,Brighton and Hove Albion,0,0,D,13,4,7,1,8,6,7,3,3,,0,,2022,A,2.0,0.0,1,0.0,0.0,0.0,1,3,2.3333333333333335,1.2564102564102564,1.2307692307692308
2022-08-21,Newcastle United,Manchester City,3,3,D,12,21,6,10,14,7,5,5,4,2.0,0,0.0,2022,H,,,1,0.0,0.0,0.0,0,4,1.6666666666666667,1.2531645569620253,2.3544303797468356
2022-08-28,Newcastle United,Wolverhampton Wanderers,1,1,D,10,21,4,6,10,11,4,13,1,,0,,2022,A,2.0,0.0,1,0.0,0.0,0.0,0,1,1.0,1.25,1.225
2022-08-31,Newcastle United,Liverpool,1,2,H,23,5,6,2,9,10,13,0,2,,0,,2022,A,0.0,0.0,0,0.0,0.0,0.0,0,2,0.6666666666666666,1.2345679012345678,2.0864197530864197
2022-09-03,Newcastle United,Crystal Palace,0,0,D,23,19,6,9,19,12,13,5,2,1.0,0,0.0,2022,H,,,1,0.0,0.0,0.0,1,2,0.6666666666666666,1.2317073170731707,1.1951219512195121
2022-09-17,Newcastle United,Bournemouth,1,1,D,20,10,7,3,10,11,8,1,2,2.0,0,0.0,2022,H,,,1,0.0,0.0,0.0,0,2,0.6666666666666666,1.2289156626506024,1.1428571428571428
2022-10-01,Newcastle United,Fulham,4,1,A,3,19,1,10,9,10,1,8,0,,0,,2022,A,2.0,1.0,3,0.0,0.0,0.0,0,0,1.6666666666666667,1.25,0.8478260869565217
2022-10-08,Newcastle United,Brentford,5,1,H,16,6,6,3,14,9,9,5,0,1.0,0,0.0,2022,H,,,3,0.0,0.0,0.0,0,0,2.3333333333333335,1.2705882352941176,1.1914893617021276
2022-10-16,Newcastle United,Manchester United,0,0,D,15,9,2,2,13,11,4,4,1,,0,,2022,A,3.0,0.0,1,0.0,0.0,0.0,1,1,2.3333333333333335,1.2674418604651163,1.7411764705882353
2022-10-19,Newcastle United,Everton,1,0,H,16,1,4,0,9,12,8,2,2,4.0,0,0.0,2022,H,,,3,0.0,0.0,0.0,1,2,2.3333333333333335,1.2873563218390804,1.2413793103448276
2022-10-23,Newcastle United,Tottenham Hotspur,2,1,A,17,13,5,5,12,6,6,7,2,,0,,2022,A,4.0,0.0,3,0.0,0.0,0.0,0,2,2.3333333333333335,1.3068181818181819,1.7727272727272727
2022-10-29,Newcastle United,Aston Villa,4,0,H,20,3,7,0,11,11,3,0,1,1.0,0,0.0,2022,H,,,3,0.0,0.0,0.0,1,1,3.0,1.3258426966292134,1.2584269662921348
2022-11-06,Newcastle United,Southampton,4,1,A,16,7,5,4,7,10,8,2,0,,0,,2022,A,1.0,0.0,3,0.0,0.0,0.0,0,0,3.0,1.3444444444444446,1.0555555555555556
2022-11-12,Newcastle United,Chelsea,1,0,H,10,5,3,2,14,11,5,3,3,2.0,0,0.0,2022,H,,,3,0.0,0.0,0.0,1,3,3.0,1.3626373626373627,1.8
2022-12-26,Newcastle United,Leicester City,3,0,A,8,12,2,5,9,6,5,5,0,,0,,2022,A,0.0,0.0,3,0.0,0.0,0.0,1,0,3.0,1.3804347826086956,1.4673913043478262
2022-12-31,Newcastle United,Leeds United,0,0,D,16,8,5,1,13,19,9,3,3,5.0,0,0.0,2022,H,,,1,0.0,0.0,0.0,1,3,2.3333333333333335,1.3763440860215055,1.2282608695652173
2023-01-03,Newcastle United,Arsenal,0,0,D,17,8,4,1,10,16,5,5,4,,0,,2023,A,4.0,0.0,1,0.0,0.0,0.0,1,4,1.6666666666666667,1.372340425531915,1.8709677419354838
2023-01-15,Newcastle United,Fulham,1,0,H,20,5,5,0,6,14,10,5,1,3.0,0,0.0,2023,H,,,3,0.0,0.0,0.0,1,1,1.6666666666666667,1.3894736842105264,1.0172413793103448
2023-01-21,Newcastle United,Crystal Palace,0,0,D,6,16,1,7,13,7,3,15,2,,0,,2023,A,4.0,0.0,1,0.0,0.0,0.0,1,2,1.6666666666666667,1.3854166666666667,1.2083333333333333
2023-02-04,Newcastle United,West Ham United,1,1,D,8,10,2,1,11,13,4,2,2,1.0,0,0.0,2023,H,,,1,0.0,0.0,0.0,0,2,1.6666666666666667,1.3814432989690721,1.443298969072165
2023-02-11,Newcastle United,Bournemouth,1,1,D,11,15,5,7,8,10,4,6,3,,0,,2023,A,2.0,0.0,1,0.0,0.0,0.0,0,3,1.0,1.3775510204081634,0.8181818181818182
2023-02-18,Newcastle United,Liverpool,0,2,A,14,13,4,7,3,8,6,7,1,1.0,1,0.0,2023,H,,,0,0.0,0.0,0.0,0,3,0.6666666666666666,1.3636363636363635,2.0
2023-03-04,Newcastle United,Manchester City,0,2,H,11,5,3,2,8,13,8,4,4,,0,,2023,A,2.0,0.0,0,0.0,0.0,0.0,0,4,0.3333333333333333,1.35,2.323529411764706
2023-03-12,Newcastle United,Wolverhampton Wanderers,2,1,H,19,7,8,4,11,10,10,3,1,2.0,0,0.0,2023,H,,,3,0.0,0.0,0.0,0,1,1.0,1.3663366336633664,1.1941747572815533
2023-03-17,Newcastle United,Nottingham Forest,2,1,A,5,15,3,4,17,9,3,7,1,,0,,2023,A,5.0,0.0,3,0.0,0.0,0.0,0,1,2.0,1.3823529411764706,0.9629629629629629
2023-04-02,Newcastle United,Manchester United,2,0,H,22,6,6,1,8,12,7,4,0,0.0,0,0.0,2023,H,,,3,0.0,0.0,0.0,1,0,3.0,1.3980582524271845,1.766990291262136
2023-04-05,Newcastle United,West Ham United,5,1,A,7,15,2,8,11,12,7,6,1,,0,,2023,A,2.0,0.0,3,0.0,0.0,0.0,0,1,3.0,1.4134615384615385,1.4230769230769231
2023-04-08,Newcastle United,Brentford,2,1,A,12,10,6,4,10,15,6,5,0,,0,,2023,A,0.0,0.0,3,0.0,0.0,0.0,0,0,3.0,1.4285714285714286,1.3088235294117647
2023-04-15,Newcastle United,Aston Villa,0,3,H,16,8,6,2,13,15,7,2,1,,0,,2023,A,1.0,0.0,0,0.0,0.0,0.0,0,1,2.0,1.4150943396226414,1.4018691588785046
2023-04-23,Newcastle United,Tottenham Hotspur,6,1,H,25,11,8,3,7,13,9,3,0,3.0,0,0.0,2023,H,,,3,0.0,0.0,0.0,0,0,2.0,1.4299065420560748,1.7222222222222223
2023-04-27,Newcastle United,Everton,4,1,A,13,15,5,8,8,6,3,14,1,,0,,2023,A,2.0,0.0,3,0.0,0.0,0.0,0,1,2.0,1.4444444444444444,1.1559633027522935
2023-04-30,Newcastle United,Southampton,3,1,H,22,4,5,3,7,10,11,2,1,4.0,0,0.0,2023,H,,,3,0.0,0.0,0.0,0,1,3.0,1.4587155963302751,0.9727272727272728
2023-05-07,Newcastle United,Arsenal,0,2,A,12,10,5,6,16,12,9,4,2,1.0,0,0.0,2023,H,,,0,0.0,0.0,0.0,0,2,2.0,1.4454545454545455,1.9009009009009008
2023-05-13,Newcastle United,Leeds United,2,2,D,9,18,4,5,16,14,2,6,2,,0,,2023,A,3.0,1.0,1,0.0,0.0,0.0,0,2,1.3333333333333333,1.4414414414414414,1.1428571428571428
2023-05-18,Newcastle United,Brighton and Hove Albion,4,1,H,22,8,9,2,17,16,6,1,2,4.0,0,0.0,2023,H,,,3,0.0,0.0,0.0,0,2,1.3333333333333333,1.4553571428571428,1.3513513513513513
2023-05-22,Newcastle United,Leicester City,0,0,D,23,1,4,1,9,5,12,1,2,0.0,0,0.0,2023,H,,,1,0.0,0.0,0.0,1,2,1.6666666666666667,1.4513274336283186,1.3185840707964602
2023-05-28,Newcastle United,Chelsea,1,1,D,22,13,5,4,9,11,10,3,0,,0,,2023,A,0.0,0.0,1,0.0,0.0,0.0,0,0,1.6666666666666667,1.4473684210526316,1.6228070175438596
2023-08-12,Newcastle United,Aston Villa,5,1,H,17,16,13,6,12,17,6,5,4,4.0,0,0.0,2023,H,,,3,0.0,0.0,0.0,0,4,1.6666666666666667,1.4608695652173913,1.4
2023-08-19,Newcastle United,Manchester City,0,1,H,14,7,4,1,12,11,3,0,5,,0,,2023,A,1.0,0.0,0,0.0,0.0,0.0,0,5,1.3333333333333333,1.4482758620689655,2.3620689655172415
2023-08-27,Newcastle United,Liverpool,1,2,A,23,9,8,4,16,10,5,9,1,2.0,0,1.0,2023,H,,,0,0.0,0.0,0.0,0,1,1.0,1.435897435897436,2.0085470085470085
2023-09-02,Newcastle United,Brighton and Hove Albion,1,3,H,15,9,6,2,14,17,5,3,4,,0,,2023,A,4.0,0.0,0,0.0,0.0,0.0,0,4,0.0,1.423728813559322,1.38135593220339
2023-09-16,Newcastle United,Brentford,1,0,H,9,11,2,2,8,12,8,3,3,5.0,0,0.0,2023,H,,,3,0.0,0.0,0.0,1,3,1.0,1.4369747899159664,1.3703703703703705
2023-09-24,Newcastle United,Sheffield United,8,0,A,9,22,1,15,12,8,2,6,0,,0,,2023,A,3.0,0.0,3,0.0,0.0,0.0,1,0,2.0,1.45,0.5454545454545454
2023-09-30,Newcastle United,Burnley,2,0,H,20,8,8,2,7,15,5,3,1,3.0,0,0.0,2023,H,,,3,0.0,0.0,0.0,1,1,3.0,1.462809917355372,0.9146341463414634
2023-10-08,Newcastle United,West Ham United,2,2,D,5,10,3,3,11,18,4,2,3,,0,,2023,A,3.0,0.0,1,0.0,0.0,0.0,0,3,2.3333333333333335,1.459016393442623,1.4344262295081966
2023-10-21,Newcastle United,Crystal Palace,4,0,H,10,17,7,3,7,12,6,8,2,3.0,0,0.0,2023,H,,,3,0.0,0.0,0.0,1,2,2.3333333333333335,1.4715447154471544,1.2113821138211383
2023-10-28,Newcastle United,Wolverhampton Wanderers,2,2,D,11,13,6,5,13,15,8,7,4,,0,,2023,A,1.0,0.0,1,0.0,0.0,0.0,0,4,1.6666666666666667,1.467741935483871,1.2016129032258065
2023-11-04,Newcastle United,Arsenal,1,0,H,9,14,2,1,14,9,0,11,5,1.0,0,0.0,2023,H,,,3,0.0,0.0,0.0,1,5,2.3333333333333335,1.48,1.904
2023-11-11,Newcastle United,Bournemouth,0,2,H,19,8,10,5,10,4,6,5,1,,0,,2023,A,2.0,0.0,0,0.0,0.0,0.0,0,1,1.3333333333333333,1.4682539682539681,0.96
2023-11-25,Newcastle United,Chelsea,4,1,H,14,7,5,4,13,19,4,2,4,4.0,0,1.0,2023,H,,,3,0.0,0.0,0.0,0,4,2.0,1.4803149606299213,1.5826771653543308
2023-12-02,Newcastle United,Manchester United,1,0,H,22,8,4,1,6,13,7,3,1,2.0,0,0.0,2023,H,,,3,0.0,0.0,0.0,1,1,2.0,1.4921875,1.8046875
2023-12-07,Newcastle United,Everton,0,3,H,21,13,6,3,18,8,5,2,0,,0,,2023,A,3.0,0.0,0,0.0,0.0,0.0,0,0,2.0,1.4806201550387597,1.193798449612403
2023-12-10,Newcastle United,Tottenham Hotspur,1,4,H,23,9,12,3,10,12,3,6,3,,0,,2023,A,1.0,0.0,0,0.0,0.0,0.0,0,3,1.0,1.4692307692307693,1.7153846153846153
2023-12-16,Newcastle United,Fulham,3,0,H,27,6,10,4,7,12,5,1,0,2.0,0,1.0,2023,H,,,3,0.0,0.0,0.0,1,0,1.0,1.4809160305343512,1.086021505376344
2023-12-23,Newcastle United,Luton Town,0,1,H,16,15,5,2,11,5,6,7,1,,0,,2023,A,2.0,0.0,0,0.0,0.0,0.0,0,1,1.0,1.4696969696969697,0.7058823529411765
2023-12-26,Newcastle United,Nottingham Forest,1,3,A,19,15,7,6,10,11,10,2,3,3.0,0,0.0,2023,H,,,0,0.0,0.0,0.0,0,3,1.0,1.4586466165413534,0.9649122807017544
2024-01-01,Newcastle United,Liverpool,2,4,H,34,5,15,3,16,15,7,3,5,,0,,2024,A,3.0,0.0,0,0.0,0.0,0.0,0,5,0.0,1.4477611940298507,2.037313432835821
2024-01-13,Newcastle United,Manchester City,2,3,A,12,27,5,11,7,7,3,13,1,2.0,0,0.0,2024,H,,,0,0.0,0.0,0.0,0,1,0.0,1.4370370370370371,2.3208955223880596
2024-01-30,Newcastle United,Aston Villa,3,1,A,12,14,6,5,14,12,8,7,1,,0,,2024,A,4.0,0.0,3,0.0,0.0,0.0,0,1,1.0,1.4485294117647058,1.5
2024-02-03,Newcastle United,Luton Town,4,4,D,19,11,6,8,13,16,8,2,2,2.0,0,0.0,2024,H,,,1,0.0,0.0,0.0,0,2,1.3333333333333333,1.4452554744525548,0.9090909090909091
2024-02-10,Newcastle United,Nottingham Forest,3,2,A,13,7,3,5,9,6,4,4,2,,0,,2024,A,1.0,0.0,3,0.0,0.0,0.0,0,2,2.3333333333333335,1.4565217391304348,0.9516129032258065
2024-02-17,Newcastle United,Bournemouth,2,2,D,17,12,5,7,9,22,4,2,1,3.0,0,0.0,2024,H,,,1,0.0,0.0,0.0,0,1,1.6666666666666667,1.4532374100719425,1.0806451612903225
2024-02-24,Newcastle United,Arsenal,1,4,H,18,3,8,2,15,6,9,0,0,,0,,2024,A,1.0,0.0,0,0.0,0.0,0.0,0,0,1.3333333333333333,1.4428571428571428,1.9428571428571428
2024-03-02,Newcastle United,Wolverhampton Wanderers,3,0,H,14,12,7,3,8,11,3,5,0,1.0,0,0.0,2024,H,,,3,0.0,0.0,0.0,1,0,1.3333333333333333,1.4539007092198581,1.2411347517730495
2024-03-11,Newcastle United,Chelsea,2,3,H,12,11,8,3,12,7,0,4,1,,0,,2024,A,3.0,0.0,0,0.0,0.0,0.0,0,1,1.0,1.443661971830986,1.5886524822695036
2024-03-30,Newcastle United,West Ham United,4,3,H,24,10,9,4,9,8,3,4,1,1.0,1,0.0,2024,H,,,3,0.0,0.0,0.0,0,3,2.0,1.4545454545454546,1.4236111111111112
2024-04-02,Newcastle United,Everton,1,1,D,18,10,6,3,9,14,7,3,0,3.0,0,0.0,2024,H,,,1,0.0,0.0,0.0,0,0,1.3333333333333333,1.4513888888888888,1.1527777777777777
2024-04-06,Newcastle United,Fulham,1,0,A,14,12,4,5,10,13,14,3,2,,0,,2024,A,1.0,0.0,3,0.0,0.0,0.0,1,2,2.3333333333333335,1.4620689655172414,1.1018518518518519
2024-04-13,Newcastle United,Tottenham Hotspur,4,0,H,18,11,5,2,14,12,16,3,0,4.0,0,0.0,2024,H,,,3,0.0,0.0,0.0,1,0,2.3333333333333335,1.4726027397260273,1.7328767123287672
2024-04-24,Newcastle United,Crystal Palace,0,2,H,20,7,7,2,10,15,7,2,3,,0,,2024,A,3.0,0.0,0,0.0,0.0,0.0,0,3,2.0,1.4625850340136055,1.1891891891891893
2024-04-27,Newcastle United,Sheffield United,5,1,H,20,15,7,5,9,10,4,5,0,0.0,0,0.0,2024,H,,,3,0.0,0.0,0.0,0,0,2.0,1.472972972972973,0.5342465753424658
2024-05-04,Newcastle United,Burnley,4,1,A,17,23,5,11,8,8,4,11,2,,0,,2024,A,2.0,0.0,3,0.0,0.0,0.0,0,2,2.0,1.483221476510067,0.875
2024-05-11,Newcastle United,Brighton and Hove Albion,1,1,D,18,15,7,4,9,16,8,4,3,4.0,0,0.0,2024,H,,,1,0.0,0.0,0.0,0,3,2.3333333333333335,1.48,1.3466666666666667
2024-05-15,Newcastle United,Manchester United,2,3,H,17,21,8,8,16,7,9,9,3,,0,,2024,A,3.0,0.0,0,0.0,0.0,0.0,0,3,1.3333333333333333,1.4701986754966887,1.7483443708609272
2024-05-19,Newcastle United,Brentford,4,2,A,10,12,5,7,15,11,3,0,4,,0,,2024,A,4.0,0.0,3,0.0,0.0,0.0,0,4,1.3333333333333333,1.480263157894737,1.263157894736842
2024-08-17,Newcastle United,Southampton,1,0,H,3,19,1,4,15,16,3,12,2,4.0,1,0.0,2024,H,,,3,0.0,0.0,0.0,1,4,2.0,1.4901960784313726,0.9391304347826087
2024-08-25,Newcastle United,Bournemouth,1,1,D,16,14,4,5,19,8,8,9,2,,0,,2024,A,2.0,0.0,1,0.0,0.0,0.0,0,2,2.3333333333333335,1.4870129870129871,1.141025641025641
2024-09-01,Newcastle United,Tottenham Hotspur,2,1,H,9,20,3,6,16,13,7,12,4,4.0,0,0.0,2024,H,,,3,0.0,0.0,0.0,0,4,2.3333333333333335,1.4967741935483871,1.696774193548387
2024-09-15,Newcastle United,Wolverhampton Wanderers,2,1,A,12,14,5,6,17,6,4,7,3,,0,,2024,A,3.0,0.0,3,0.0,0.0,0.0,0,3,2.3333333333333335,1.5064102564102564,1.1794871794871795
2024-09-21,Newcastle United,Fulham,1,3,H,22,15,11,4,16,8,6,0,0,,0,,2024,A,6.0,0.0,0,0.0,0.0,0.0,0,0,2.0,1.4968152866242037,1.134453781512605
2024-09-28,Newcastle United,Manchester City,1,1,D,11,16,4,6,14,10,5,6,4,4.0,0,0.0,2024,H,,,1,0.0,0.0,0.0,0,4,1.3333333333333333,1.4936708860759493,2.3607594936708862
2024-10-05,Newcastle United,Everton,0,0,D,8,14,2,3,12,8,0,10,2,,0,,2024,A,1.0,0.0,1,0.0,0.0,0.0,1,2,0.6666666666666666,1.490566037735849,1.1761006289308176
2024-10-19,Newcastle United,Brighton and Hove Albion,0,1,A,21,10,6,5,11,9,9,4,2,2.0,0,0.0,2024,H,,,0,0.0,0.0,0.0,0,2,0.6666666666666666,1.48125,1.35625
2024-10-27,Newcastle United,Chelsea,1,2,H,17,11,7,3,13,16,7,4,3,,0,,2024,A,6.0,0.0,0,0.0,0.0,0.0,0,3,0.3333333333333333,1.4720496894409938,1.6459627329192548
2024-11-02,Newcastle United,Arsenal,1,0,H,9,10,4,1,16,18,4,6,4,4.0,0,0.0,2024,H,,,3,0.0,0.0,0.0,1,4,1.0,1.4814814814814814,1.9814814814814814
2024-11-10,Newcastle United,Nottingham Forest,3,1,A,9,17,3,6,13,6,4,5,1,,0,,2024,A,1.0,0.0,3,0.0,0.0,0.0,0,1,2.0,1.49079754601227,1.0689655172413792
2024-11-25,Newcastle United,West Ham United,0,2,A,18,15,2,6,11,8,8,3,1,0.0,0,0.0,2024,H,,,0,0.0,0.0,0.0,0,1,2.0,1.4817073170731707,1.3902439024390243
2024-11-30,Newcastle United,Crystal Palace,1,1,D,16,1,4,0,12,11,8,9,3,,0,,2024,A,3.0,0.0,1,0.0,0.0,0.0,0,3,1.3333333333333333,1.4787878787878788,1.1818181818181819
2024-12-04,Newcastle United,Liverpool,3,3,D,17,16,6,5,9,17,5,6,2,5.0,0,0.0,2024,H,,,1,0.0,0.0,0.0,0,2,0.6666666666666666,1.4759036144578312,2.0783132530120483
2024-12-07,Newcastle United,Brentford,2,4,H,11,16,8,3,10,7,3,4,0,,0,,2024,A,3.0,0.0,0,0.0,0.0,0.0,0,0,0.6666666666666666,1.467065868263473,1.2945736434108528
2024-12-14,Newcastle United,Leicester City,4,0,H,27,4,11,1,7,16,5,2,3,3.0,0,0.0,2024,H,,,3,0.0,0.0,0.0,1,3,1.3333333333333333,1.4761904761904763,1.2769230769230768
2024-12-21,Newcastle United,Ipswich Town,4,0,A,10,15,2,7,9,7,2,1,0,,0,,2024,A,2.0,0.0,3,0.0,0.0,0.0,1,0,2.0,1.485207100591716,0.7058823529411765
2024-12-26,Newcastle United,Aston Villa,3,0,H,22,4,8,1,15,10,9,6,2,1.0,0,1.0,2024,H,,,3,0.0,0.0,0.0,1,2,3.0,1.4941176470588236,1.511764705882353
2024-12-30,Newcastle United,Manchester United,2,0,A,10,12,0,4,13,8,2,3,1,,0,,2024,A,1.0,0.0,3,0.0,0.0,0.0,1,1,3.0,1.5029239766081872,1.6900584795321638
2025-01-04,Newcastle United,Tottenham Hotspur,2,1,A,13,14,4,4,11,15,9,10,4,,0,,2025,A,1.0,0.0,3,0.0,0.0,0.0,0,4,3.0,1.5116279069767442,1.6453488372093024
2025-01-15,Newcastle United,Wolverhampton Wanderers,3,0,H,17,13,5,7,10,13,4,2,0,2.0,0,0.0,2025,H,,,3,0.0,0.0,0.0,1,0,3.0,1.5202312138728324,1.1502890173410405
2025-01-18,Newcastle United,Bournemouth,1,4,A,13,19,5,10,7,18,7,6,1,6.0,0,0.0,2025,H,,,0,0.0,0.0,0.0,0,1,2.0,1.5114942528735633,1.2653061224489797
2025-01-25,Newcastle United,Southampton,3,1,A,12,17,5,9,10,5,3,8,0,,0,,2025,A,1.0,0.0,3,0.0,0.0,0.0,0,0,2.0,1.52,0.8321167883211679
2025-02-01,Newcastle United,Fulham,1,2,A,11,15,4,4,10,15,4,7,4,4.0,0,0.0,2025,H,,,0,0.0,0.0,0.0,0,4,1.0,1.5113636363636365,1.181159420289855
2025-02-15,Newcastle United,Manchester City,0,4,H,11,3,7,1,5,13,7,4,1,,0,,2025,A,0.0,0.0,0,0.0,0.0,0.0,0,1,1.0,1.502824858757062,2.2768361581920904
2025-02-23,Newcastle United,Nottingham Forest,4,3,H,13,17,5,5,11,13,7,6,1,4.0,0,0.0,2025,H,,,3,0.0,0.0,0.0,0,1,1.0,1.5112359550561798,1.1862745098039216
2025-02-26,Newcastle United,Liverpool,0,2,H,12,3,3,0,12,11,4,2,1,,0,,2025,A,0.0,0.0,0,0.0,0.0,0.0,0,1,1.0,1.5027932960893855,2.0944444444444446
2025-03-10,Newcastle United,West Ham United,1,0,A,9,9,2,3,7,15,3,4,1,,0,,2025,A,0.0,0.0,3,0.0,0.0,0.0,1,1,2.0,1.511111111111111,1.3666666666666667
2025-04-02,Newcastle United,Brentford,2,1,H,21,12,4,3,12,12,4,5,1,1.0,0,0.0,2025,H,,,3,0.0,0.0,0.0,0,1,2.0,1.5193370165745856,1.2847222222222223
2025-04-07,Newcastle United,Leicester City,3,0,A,7,16,2,5,8,9,12,2,0,,0,,2025,A,2.0,0.0,3,0.0,0.0,0.0,1,0,3.0,1.5274725274725274,1.1655172413793105
2025-04-13,Newcastle United,Manchester United,4,1,H,13,9,6,5,7,9,7,2,0,2.0,0,0.0,2025,H,,,3,0.0,0.0,0.0,0,0,3.0,1.53551912568306,1.6576086956521738
2025-04-16,Newcastle United,Crystal Palace,5,0,H,14,11,7,4,9,15,5,4,2,3.0,0,0.0,2025,H,,,3,0.0,0.0,0.0,1,2,3.0,1.5434782608695652,1.2445652173913044
2025-04-19,Newcastle United,Aston Villa,1,4,H,23,10,9,3,9,12,7,7,3,,0,,2025,A,1.0,0.0,0,0.0,0.0,0.0,0,3,2.0,1.5351351351351352,1.545945945945946
2025-04-26,Newcastle United,Ipswich Town,3,0,H,25,4,5,0,9,9,11,2,1,2.0,0,1.0,2025,H,,,3,0.0,0.0,0.0,1,1,2.0,1.543010752688172,0.6176470588235294
2025-05-04,Newcastle United,Brighton and Hove Albion,1,1,D,5,13,2,5,15,10,1,4,1,,0,,2025,A,2.0,0.0,1,0.0,0.0,0.0,0,1,1.3333333333333333,1.5401069518716577,1.358288770053476
2025-05-11,Newcastle United,Chelsea,2,0,H,15,10,6,3,9,13,2,8,4,2.0,0,1.0,2025,H,,,3,0.0,0.0,0.0,1,4,2.3333333333333335,1.547872340425532,1.6542553191489362
2025-05-18,Newcastle United,Arsenal,0,1,H,12,14,4,5,9,9,10,7,3,,0,,2025,A,3.0,0.0,0,0.0,0.0,0.0,0,3,1.3333333333333333,1.5396825396825398,1.9788359788359788
2025-05-25,Newcastle United,Everton,0,1,A,17,14,6,6,12,9,12,3,1,4.0,0,0.0,2025,H,,,0,0.0,0.0,0.0,0,1,1.0,1.5315789473684212,1.2105263157894737
2025-08-16,Newcastle United,Aston Villa,0,0,D,3,16,3,3,13,11,3,6,1,,0,,2025,A,1.0,1.0,1,0.0,0.0,0.0,1,1,0.3333333333333333,1.5287958115183247,1.549738219895288
2025-08-25,Newcastle United,Liverpool,2,3,A,10,5,3,4,17,15,7,1,2,3.0,1,0.0,2025,H,,,0,0.0,0.0,0.0,0,4,0.3333333333333333,1.5208333333333333,2.0833333333333335
2025-08-30,Newcastle United,Leeds United,0,0,D,10,8,1,2,10,15,5,5,1,,0,,2025,A,1.0,0.0,1,0.0,0.0,0.0,1,1,0.6666666666666666,1.5181347150259068,1.1282051282051282
2025-09-13,Newcastle United,Wolverhampton Wanderers,1,0,H,16,8,4,3,10,17,10,4,1,4.0,0,0.0,2025,H,,,3,0.0,0.0,0.0,1,1,1.3333333333333333,1.5257731958762886,1.1597938144329898
2025-09-21,Newcastle United,Bournemouth,0,0,D,11,4,2,1,7,10,5,2,1,,0,,2025,A,2.0,0.0,1,0.0,0.0,0.0,1,1,1.6666666666666667,1.523076923076923,1.2857142857142858
2025-09-28,Newcastle United,Arsenal,1,2,A,8,20,3,7,8,9,7,12,2,1.0,0,0.0,2025,H,,,0,0.0,0.0,0.0,0,2,1.3333333333333333,1.5153061224489797,1.989795918367347
2025-10-05,Newcastle United,Nottingham Forest,2,0,H,18,5,9,4,16,15,8,1,0,4.0,0,0.0,2025,H,,,3,0.0,0.0,0.0,1,0,1.3333333333333333,1.5228426395939085,1.1900826446280992
2025-10-18,Newcastle United,Brighton and Hove Albion,1,2,H,13,16,5,3,9,9,8,4,1,,0,,2025,A,0.0,0.0,0,0.0,0.0,0.0,0,1,1.0,1.5151515151515151,1.3888888888888888
2025-10-25,Newcastle United,Fulham,2,1,H,18,12,7,5,11,18,4,3,0,2.0,0,0.0,2025,H,,,3,0.0,0.0,0.0,0,0,2.0,1.5226130653266332,1.173913043478261
2025-11-02,Newcastle United,West Ham United,1,3,H,15,12,9,4,5,10,7,6,2,,0,,2025,A,1.0,0.0,0,0.0,0.0,0.0,0,2,1.0,1.515,1.315
2025-11-09,Newcastle United,Brentford,1,3,H,15,5,7,1,10,13,6,2,1,,0,,2025,A,2.0,0.0,0,0.0,0.0,0.0,0,1,1.0,1.507462686567164,1.3251533742331287
2021-08-14,Norwich City,Liverpool,0,3,A,14,19,3,8,4,14,3,11,1,1.0,0,0.0,2021,H,,,0,0.0,0.0,0.0,0,1,0.0,0.0,1.8461538461538463
2021-08-21,Norwich City,Manchester City,0,5,H,16,1,4,0,13,7,6,1,0,,0,,2021,A,1.0,0.0,0,0.0,0.0,0.0,0,0,0.0,0.0,2.225
2021-08-28,Norwich City,Leicester City,1,2,A,14,9,4,3,8,9,9,9,2,1.0,0,0.0,2021,H,,,0,0.0,0.0,0.0,0,2,0.0,0.0,1.7560975609756098
2021-09-11,Norwich City,Arsenal,0,1,H,30,10,7,1,9,11,8,4,2,,0,,2021,A,1.0,0.0,0,0.0,0.0,0.0,0,2,0.0,0.0,1.5238095238095237
2021-09-18,Norwich City,Watford,1,3,A,12,12,5,8,10,14,4,8,1,1.0,0,0.0,2021,H,,,0,0.0,0.0,0.0,0,1,0.0,0.0,1.2
2021-09-25,Norwich City,Everton,0,2,H,11,10,4,2,12,9,6,4,3,,0,,2021,A,2.0,0.0,0,0.0,0.0,0.0,0,3,0.0,0.0,1.6363636363636365
2021-10-02,Norwich City,Burnley,0,0,D,14,10,4,2,13,3,9,5,2,,0,,2021,A,5.0,0.0,1,0.0,0.0,0.0,1,2,0.3333333333333333,0.14285714285714285,0.9333333333333333
2021-10-16,Norwich City,Brighton and Hove Albion,0,0,D,15,11,3,3,5,14,8,4,3,5.0,0,0.0,2021,H,,,1,0.0,0.0,0.0,1,3,0.6666666666666666,0.25,1.2173913043478262
2021-10-23,Norwich City,Chelsea,0,7,H,23,3,13,1,14,16,5,0,2,,1,,2021,A,0.0,0.0,0,0.0,0.0,0.0,0,4,0.6666666666666666,0.2222222222222222,1.8936170212765957
2021-10-31,Norwich City,Leeds United,1,2,A,14,13,3,6,14,23,5,0,1,4.0,0,0.0,2021,H,,,0,0.0,0.0,0.0,0,1,0.3333333333333333,0.2,1.4375
2021-11-06,Norwich City,Brentford,2,1,A,19,9,7,5,12,13,6,2,3,,0,,2021,A,2.0,0.0,3,0.0,0.0,0.0,0,3,1.0,0.45454545454545453,1.0909090909090908
2021-11-20,Norwich City,Southampton,2,1,H,8,17,4,5,8,9,5,7,3,2.0,0,0.0,2021,H,,,3,0.0,0.0,0.0,0,3,2.0,0.6666666666666666,1.14
2021-11-27,Norwich City,Wolverhampton Wanderers,0,0,D,14,5,4,2,11,10,4,3,2,2.0,0,0.0,2021,H,,,1,0.0,0.0,0.0,1,2,2.3333333333333335,0.6923076923076923,1.2745098039215685
2021-11-30,Norwich City,Newcastle United,1,1,D,9,16,1,6,8,11,2,5,0,,1,,2021,A,0.0,0.0,1,0.0,0.0,0.0,0,2,1.6666666666666667,0.7142857142857143,1.0
2021-12-05,Norwich City,Tottenham Hotspur,0,3,H,17,10,7,1,11,4,6,4,2,,0,,2021,A,1.0,0.0,0,0.0,0.0,0.0,0,2,0.6666666666666666,0.6666666666666666,1.6730769230769231
2021-12-11,Norwich City,Manchester United,0,1,A,11,13,5,5,6,17,8,6,1,1.0,0,0.0,2021,H,,,0,0.0,0.0,0.0,0,1,0.3333333333333333,0.625,1.8703703703703705
2021-12-14,Norwich City,Aston Villa,0,2,A,7,17,3,6,12,9,7,10,3,1.0,0,0.0,2021,H,,,0,0.0,0.0,0.0,0,3,0.0,0.5882352941176471,1.4
2021-12-26,Norwich City,Arsenal,0,5,A,4,16,2,6,13,7,3,5,1,2.0,0,0.0,2021,H,,,0,0.0,0.0,0.0,0,1,0.0,0.5555555555555556,1.6842105263157894
2021-12-28,Norwich City,Crystal Palace,0,3,H,19,12,6,3,9,13,8,8,2,,0,,2021,A,1.0,0.0,0,0.0,0.0,0.0,0,2,0.0,0.5263157894736842,1.1754385964912282
2022-01-12,Norwich City,West Ham United,0,2,H,13,7,5,3,9,8,11,2,0,,0,,2022,A,0.0,0.0,0,0.0,0.0,0.0,0,0,0.0,0.5,1.728813559322034
2022-01-15,Norwich City,Everton,2,1,H,14,12,3,5,12,14,8,8,3,1.0,0,0.0,2022,H,,,3,0.0,0.0,0.0,0,3,1.0,0.6190476190476191,1.368421052631579
2022-01-21,Norwich City,Watford,3,0,A,15,7,4,2,16,11,5,1,1,,0,,2022,A,0.0,1.0,3,0.0,0.0,0.0,1,1,2.0,0.7272727272727273,0.7
2022-02-09,Norwich City,Crystal Palace,1,1,D,5,13,1,5,11,15,4,6,1,2.0,0,0.0,2022,H,,,1,0.0,0.0,0.0,0,1,2.3333333333333335,0.7391304347826086,1.1311475409836065
2022-02-12,Norwich City,Manchester City,0,4,A,8,22,3,9,7,8,4,12,0,2.0,0,0.0,2022,H,,,0,0.0,0.0,0.0,0,0,1.3333333333333333,0.7083333333333334,2.365079365079365
2022-02-19,Norwich City,Liverpool,1,3,H,29,6,8,1,7,8,9,4,1,,0,,2022,A,0.0,0.0,0,0.0,0.0,0.0,0,1,0.3333333333333333,0.68,2.0
2022-02-25,Norwich City,Southampton,0,2,H,27,8,9,1,12,9,13,6,2,,0,,2022,A,1.0,0.0,0,0.0,0.0,0.0,0,2,0.0,0.6538461538461539,1.21875
2022-03-05,Norwich City,Brentford,1,3,A,15,10,7,6,13,18,5,5,2,5.0,0,0.0,2022,H,,,0,0.0,0.0,0.0,0,2,0.0,0.6296296296296297,0.9642857142857143
2022-03-10,Norwich City,Chelsea,1,3,A,9,15,3,7,8,15,3,8,0,2.0,0,0.0,2022,H,,,0,0.0,0.0,0.0,0,0,0.0,0.6071428571428571,1.8923076923076922
2022-03-13,Norwich City,Leeds United,1,2,H,13,12,7,4,18,8,6,2,1,,0,,2022,A,3.0,0.0,0,0.0,0.0,0.0,0,1,0.0,0.5862068965517241,1.2686567164179106
2022-04-02,Norwich City,Brighton and Hove Albion,0,0,D,31,6,4,0,12,11,11,2,1,,0,,2022,A,1.0,0.0,1,0.0,0.0,0.0,1,1,0.3333333333333333,0.6,1.1029411764705883
2022-04-10,Norwich City,Burnley,2,0,H,17,18,6,4,12,10,6,7,1,1.0,0,0.0,2022,H,,,3,0.0,0.0,0.0,1,1,1.3333333333333333,0.6774193548387096,0.9264705882352942
2022-04-16,Norwich City,Manchester United,2,3,H,20,15,9,4,7,6,6,7,0,,0,,2022,A,0.0,0.0,0,0.0,0.0,0.0,0,0,1.3333333333333333,0.65625,1.8285714285714285
2022-04-23,Norwich City,Newcastle United,0,3,A,5,13,2,7,11,10,2,3,0,2.0,0,0.0,2022,H,,,0,0.0,0.0,0.0,0,0,1.0,0.6363636363636364,1.2222222222222223
2022-04-30,Norwich City,Aston Villa,0,2,H,21,9,6,3,16,8,2,3,1,,0,,2022,A,4.0,0.0,0,0.0,0.0,0.0,0,1,0.0,0.6176470588235294,1.3380281690140845
2022-05-08,Norwich City,West Ham United,0,4,A,8,13,2,5,7,7,9,5,1,1.0,0,0.0,2022,H,,,0,0.0,0.0,0.0,0,1,0.0,0.6,1.6216216216216217
2022-05-11,Norwich City,Leicester City,0,3,H,20,9,8,5,10,5,10,2,0,,0,,2022,A,0.0,0.0,0,0.0,0.0,0.0,0,0,0.0,0.5833333333333334,1.5205479452054795
2022-05-15,Norwich City,Wolverhampton Wanderers,1,1,D,17,11,4,2,5,10,5,3,3,,0,,2022,A,0.0,0.0,1,0.0,0.0,0.0,0,3,0.3333333333333333,0.5945945945945946,1.28
2022-05-22,Norwich City,Tottenham Hotspur,0,5,A,9,19,0,13,13,7,3,2,3,1.0,0,0.0,2022,H,,,0,0.0,0.0,0.0,0,3,0.3333333333333333,0.5789473684210527,1.75
2022-08-06,Nottingham Forest,Newcastle United,0,2,H,23,5,10,0,9,14,11,1,3,,0,,2022,A,0.0,0.0,0,0.0,0.0,0.0,0,3,0.0,0.0,1.2597402597402598
2022-08-14,Nottingham Forest,West Ham United,1,0,H,13,19,6,5,10,11,6,7,4,1.0,0,0.0,2022,H,,,3,0.0,0.0,0.0,1,4,1.5,1.5,1.5512820512820513
2022-08-20,Nottingham Forest,Everton,1,1,D,19,14,8,5,6,9,6,2,2,,0,,2022,A,3.0,0.0,1,0.0,0.0,0.0,0,2,1.3333333333333333,1.3333333333333333,1.2531645569620253
2022-08-28,Nottingham Forest,Tottenham Hotspur,0,2,A,17,18,1,7,11,13,6,1,6,1.0,0,0.0,2022,H,,,0,0.0,0.0,0.0,0,6,1.3333333333333333,1.0,1.7875
2022-08-31,Nottingham Forest,Manchester City,0,6,H,17,8,9,1,9,7,10,1,1,,0,,2022,A,0.0,0.0,0,0.0,0.0,0.0,0,1,0.3333333333333333,0.8,2.3703703703703702
2022-09-03,Nottingham Forest,Bournemouth,2,3,A,11,8,3,3,13,10,4,6,2,1.0,0,0.0,2022,H,,,0,0.0,0.0,0.0,0,2,0.0,0.6666666666666666,1.1666666666666667
2022-09-16,Nottingham Forest,Fulham,2,3,A,11,15,3,7,11,10,2,10,2,4.0,0,0.0,2022,H,,,0,0.0,0.0,0.0,0,2,0.0,0.5714285714285714,0.8666666666666667
2022-10-03,Nottingham Forest,Leicester City,0,4,H,17,10,7,3,13,12,6,6,4,,0,,2022,A,2.0,0.0,0,0.0,0.0,0.0,0,4,0.0,0.5,1.4523809523809523
2022-10-10,Nottingham Forest,Aston Villa,1,1,D,6,12,3,2,13,19,1,4,3,3.0,0,0.0,2022,H,,,1,0.0,0.0,0.0,0,3,0.3333333333333333,0.5555555555555556,1.2823529411764707
2022-10-15,Nottingham Forest,Wolverhampton Wanderers,0,1,H,9,10,2,2,17,13,4,5,2,,0,,2022,A,2.0,0.0,0,0.0,0.0,0.0,0,2,0.3333333333333333,0.5,1.2209302325581395
2022-10-18,Nottingham Forest,Brighton and Hove Albion,0,0,D,19,3,7,0,10,14,9,1,1,,0,,2022,A,3.0,0.0,1,0.0,0.0,0.0,1,1,0.6666666666666666,0.5454545454545454,1.244186046511628
2022-10-22,Nottingham Forest,Liverpool,1,0,H,10,15,7,7,14,8,2,11,2,1.0,0,0.0,2022,H,,,3,0.0,0.0,0.0,1,2,1.3333333333333333,0.75,2.0344827586206895
2022-10-30,Nottingham Forest,Arsenal,0,5,H,24,5,10,2,9,8,9,4,1,,0,,2022,A,0.0,0.0,0,0.0,0.0,0.0,0,1,1.3333333333333333,0.6923076923076923,1.8295454545454546
2022-11-05,Nottingham Forest,Brentford,2,2,D,15,6,7,2,10,11,3,3,2,2.0,0,0.0,2022,H,,,1,0.0,0.0,0.0,0,2,1.3333333333333333,0.7142857142857143,1.1923076923076923
2022-11-12,Nottingham Forest,Crystal Palace,1,0,H,9,8,2,0,11,13,1,5,1,4.0,0,0.0,2022,H,,,3,0.0,0.0,0.0,1,1,1.3333333333333333,0.8666666666666667,1.2333333333333334
2022-12-27,Nottingham Forest,Manchester United,0,3,H,17,8,8,3,13,4,9,9,1,,0,,2022,A,3.0,0.0,0,0.0,0.0,0.0,0,1,1.3333333333333333,0.8125,1.7692307692307692
2023-01-01,Nottingham Forest,Chelsea,1,1,D,12,7,5,2,16,14,1,2,2,2.0,0,0.0,2023,H,,,1,0.0,0.0,0.0,0,2,1.3333333333333333,0.8235294117647058,1.8043478260869565
2023-01-04,Nottingham Forest,Southampton,1,0,A,8,11,0,1,14,17,6,2,2,,0,,2023,A,2.0,0.0,3,0.0,0.0,0.0,1,2,1.3333333333333333,0.9444444444444444,1.0106382978723405
2023-01-14,Nottingham Forest,Leicester City,2,0,H,15,6,5,1,11,12,3,5,1,2.0,0,0.0,2023,H,,,3,0.0,0.0,0.0,1,1,2.3333333333333335,1.0526315789473684,1.4210526315789473
2023-01-21,Nottingham Forest,Bournemouth,1,1,D,16,20,4,5,10,7,4,6,2,,0,,2023,A,1.0,0.0,1,0.0,0.0,0.0,0,2,2.3333333333333335,1.05,0.85
2023-02-05,Nottingham Forest,Leeds United,1,0,H,6,10,2,4,15,14,0,2,4,2.0,0,0.0,2023,H,,,3,0.0,0.0,0.0,1,4,2.3333333333333335,1.1428571428571428,1.1979166666666667
2023-02-11,Nottingham Forest,Fulham,0,2,H,16,10,3,1,9,11,5,4,1,,0,,2023,A,0.0,0.0,0,0.0,0.0,0.0,0,1,1.3333333333333333,1.0909090909090908,1.0327868852459017
2023-02-18,Nottingham Forest,Manchester City,1,1,D,4,26,1,6,8,6,0,10,1,0.0,0,0.0,2023,H,,,1,0.0,0.0,0.0,0,1,1.3333333333333333,1.0869565217391304,2.31
2023-02-25,Nottingham Forest,West Ham United,0,4,H,18,8,5,3,8,5,12,3,0,,0,,2023,A,0.0,0.0,0,0.0,0.0,0.0,0,0,0.3333333333333333,1.0416666666666667,1.44
2023-03-05,Nottingham Forest,Everton,2,2,D,10,10,4,3,11,17,3,3,3,5.0,0,0.0,2023,H,,,1,0.0,0.0,0.0,0,3,0.6666666666666666,1.04,1.1764705882352942
2023-03-11,Nottingham Forest,Tottenham Hotspur,1,3,H,15,9,7,5,13,13,2,10,1,,0,,2023,A,3.0,0.0,0,0.0,0.0,0.0,0,1,0.3333333333333333,1.0,1.7572815533980584
2023-03-17,Nottingham Forest,Newcastle United,1,2,A,5,15,3,4,17,9,3,7,5,1.0,0,0.0,2023,H,,,0,0.0,0.0,0.0,0,5,0.3333333333333333,0.9629629629629629,1.3823529411764706
2023-04-01,Nottingham Forest,Wolverhampton Wanderers,1,1,D,17,8,7,1,14,13,4,3,3,5.0,0,0.0,2023,H,,,1,0.0,0.0,0.0,0,3,0.3333333333333333,0.9642857142857143,1.180952380952381
2023-04-04,Nottingham Forest,Leeds United,1,2,H,21,13,6,1,11,13,11,4,4,,0,,2023,A,1.0,0.0,0,0.0,0.0,0.0,0,4,0.3333333333333333,0.9310344827586207,1.2
2023-04-08,Nottingham Forest,Aston Villa,0,2,H,8,6,3,2,7,17,1,8,4,,0,,2023,A,3.0,0.0,0,0.0,0.0,0.0,0,4,0.3333333333333333,0.9,1.3867924528301887
2023-04-16,Nottingham Forest,Manchester United,0,2,A,6,22,0,8,9,9,4,9,2,2.0,0,0.0,2023,H,,,0,0.0,0.0,0.0,0,2,0.0,0.8709677419354839,1.8018867924528301
2023-04-22,Nottingham Forest,Liverpool,2,3,H,18,11,6,5,9,12,9,3,1,,0,,2023,A,0.0,0.0,0,0.0,0.0,0.0,0,1,0.0,0.84375,1.97196261682243
2023-04-26,Nottingham Forest,Brighton and Hove Albion,3,1,H,12,17,5,7,7,8,2,7,2,0.0,0,0.0,2023,H,,,3,0.0,0.0,0.0,0,2,1.0,0.9090909090909091,1.330188679245283
2023-04-29,Nottingham Forest,Brentford,1,2,H,14,5,8,3,6,13,6,0,2,,0,,2023,A,1.0,0.0,0,0.0,0.0,0.0,0,2,1.0,0.8823529411764706,1.3333333333333333
2023-05-08,Nottingham Forest,Southampton,4,3,H,9,19,4,5,16,10,2,11,1,0.0,0,0.0,2023,H,,,3,0.0,0.0,0.0,0,1,2.0,0.9428571428571428,0.963963963963964
2023-05-13,Nottingham Forest,Chelsea,2,2,D,14,11,6,2,13,15,2,5,1,,0,,2023,A,3.0,0.0,1,0.0,0.0,0.0,0,1,1.3333333333333333,0.9444444444444444,1.6576576576576576
2023-05-20,Nottingham Forest,Arsenal,1,0,H,6,11,2,3,11,12,3,6,3,2.0,0,0.0,2023,H,,,3,0.0,0.0,0.0,1,3,2.3333333333333335,1.0,1.8672566371681416
2023-05-28,Nottingham Forest,Crystal Palace,1,1,D,16,7,4,4,9,13,5,4,2,,0,,2023,A,0.0,0.0,1,0.0,0.0,0.0,0,2,1.6666666666666667,1.0,1.2017543859649122
2023-08-12,Nottingham Forest,Arsenal,1,2,H,15,6,7,2,12,12,8,3,2,,0,,2023,A,2.0,0.0,0,0.0,0.0,0.0,0,2,1.3333333333333333,0.9743589743589743,1.8869565217391304
2023-08-18,Nottingham Forest,Sheffield United,2,1,H,16,7,4,3,5,9,6,7,2,3.0,0,0.0,2023,H,,,3,0.0,0.0,0.0,0,2,1.3333333333333333,1.025,0.575
2023-08-26,Nottingham Forest,Manchester United,2,3,H,18,9,9,4,13,11,11,3,4,,1,,2023,A,4.0,0.0,0,0.0,0.0,0.0,0,6,1.0,1.0,1.8205128205128205
2023-09-02,Nottingham Forest,Chelsea,1,0,A,21,7,2,3,10,9,8,0,4,,0,,2023,A,3.0,0.0,3,0.0,0.0,0.0,1,4,2.0,1.0476190476190477,1.6016949152542372
2023-09-18,Nottingham Forest,Burnley,1,1,D,14,10,4,3,16,10,5,4,2,3.0,0,1.0,2023,H,,,1,0.0,0.0,0.0,0,2,1.3333333333333333,1.0465116279069768,0.9375
2023-09-23,Nottingham Forest,Manchester City,0,2,H,7,10,4,3,5,17,6,6,7,,0,,2023,A,3.0,1.0,0,0.0,0.0,0.0,0,7,1.3333333333333333,1.0227272727272727,2.3833333333333333
2023-10-01,Nottingham Forest,Brentford,1,1,D,6,18,1,5,6,10,1,11,1,2.0,1,0.0,2023,H,,,1,0.0,0.0,0.0,0,3,0.6666666666666666,1.0222222222222221,1.3493975903614457
2023-10-07,Nottingham Forest,Crystal Palace,0,0,D,8,16,2,5,7,12,3,7,1,,0,,2023,A,0.0,0.0,1,0.0,0.0,0.0,1,1,0.6666666666666666,1.0217391304347827,1.221311475409836
2023-10-21,Nottingham Forest,Luton Town,2,2,D,19,13,8,4,12,11,4,2,3,0.0,0,0.0,2023,H,,,1,0.0,0.0,0.0,0,3,1.0,1.0212765957446808,0.5555555555555556
2023-10-29,Nottingham Forest,Liverpool,0,3,H,21,9,8,1,9,13,8,3,3,,0,,2023,A,2.0,0.0,0,0.0,0.0,0.0,0,3,0.6666666666666666,1.0,2.024193548387097
2023-11-05,Nottingham Forest,Aston Villa,2,0,H,5,13,3,3,6,9,0,10,1,1.0,0,0.0,2023,H,,,3,0.0,0.0,0.0,1,1,1.3333333333333333,1.0408163265306123,1.464
2023-11-12,Nottingham Forest,West Ham United,2,3,H,16,10,6,5,9,12,9,4,2,,0,,2023,A,2.0,0.0,0,0.0,0.0,0.0,0,2,1.0,1.02,1.4126984126984128
2023-11-25,Nottingham Forest,Brighton and Hove Albion,2,3,A,18,11,5,5,12,7,6,4,2,4.0,0,1.0,2023,H,,,0,0.0,0.0,0.0,0,2,1.0,1.0,1.3858267716535433
2023-12-02,Nottingham Forest,Everton,0,1,A,13,12,2,3,15,14,4,3,1,0.0,0,0.0,2023,H,,,0,0.0,0.0,0.0,0,1,0.0,0.9807692307692307,1.1796875
2023-12-06,Nottingham Forest,Fulham,0,5,H,14,4,6,1,7,10,6,1,1,,0,,2023,A,0.0,0.0,0,0.0,0.0,0.0,0,1,0.0,0.9622641509433962,1.0769230769230769
2023-12-09,Nottingham Forest,Wolverhampton Wanderers,1,1,D,10,8,4,2,9,11,4,3,1,,0,,2023,A,0.0,0.0,1,0.0,0.0,0.0,0,1,0.3333333333333333,0.9629629629629629,1.2
2023-12-15,Nottingham Forest,Tottenham Hotspur,0,2,A,15,12,1,6,16,11,6,4,2,4.0,0,1.0,2023,H,,,0,0.0,0.0,0.0,0,2,0.3333333333333333,0.9454545454545454,1.7251908396946565
2023-12-23,Nottingham Forest,Bournemouth,2,3,A,11,18,5,7,10,10,6,6,0,3.0,1,0.0,2023,H,,,0,0.0,0.0,0.0,0,2,0.3333333333333333,0.9285714285714286,1.1090909090909091
2023-12-26,Nottingham Forest,Newcastle United,3,1,A,19,15,7,6,10,11,10,2,3,,0,,2023,A,3.0,0.0,3,0.0,0.0,0.0,0,3,1.0,0.9649122807017544,1.4586466165413534
2023-12-30,Nottingham Forest,Manchester United,2,1,H,8,10,2,5,9,11,4,5,2,4.0,0,0.0,2023,H,,,3,0.0,0.0,0.0,0,2,2.0,1.0,1.7761194029850746
2024-01-20,Nottingham Forest,Brentford,2,3,H,11,12,5,3,10,14,6,4,3,,0,,2024,A,1.0,0.0,0,0.0,0.0,0.0,0,3,2.0,0.9830508474576272,1.3229166666666667
2024-01-30,Nottingham Forest,Arsenal,1,2,A,9,19,3,3,6,7,2,11,0,1.0,0,0.0,2024,H,,,0,0.0,0.0,0.0,0,0,1.0,0.9666666666666667,1.911764705882353
2024-02-04,Nottingham Forest,Bournemouth,1,1,D,9,8,2,6,19,12,11,6,2,,0,,2024,A,3.0,1.0,1,0.0,0.0,0.0,0,2,0.3333333333333333,0.9672131147540983,1.1
2024-02-10,Nottingham Forest,Newcastle United,2,3,A,13,7,3,5,9,6,4,4,1,2.0,0,0.0,2024,H,,,0,0.0,0.0,0.0,0,1,0.3333333333333333,0.9516129032258065,1.4565217391304348
2024-02-17,Nottingham Forest,West Ham United,2,0,H,19,10,8,3,13,15,5,3,4,4.0,0,1.0,2024,H,,,3,0.0,0.0,0.0,1,4,1.3333333333333333,0.9841269841269841,1.4172661870503598
2024-02-24,Nottingham Forest,Aston Villa,2,4,H,16,10,6,3,7,16,7,2,2,,0,,2024,A,1.0,0.0,0,0.0,0.0,0.0,0,2,1.0,0.96875,1.5214285714285714
2024-03-02,Nottingham Forest,Liverpool,0,1,A,8,22,2,2,11,12,3,12,2,2.0,0,0.0,2024,H,,,0,0.0,0.0,0.0,0,2,1.0,0.9538461538461539,2.0638297872340425
2024-03-10,Nottingham Forest,Brighton and Hove Albion,0,1,H,10,9,3,4,14,14,6,3,4,,0,,2024,A,4.0,0.0,0,0.0,0.0,0.0,0,4,0.0,0.9393939393939394,1.380281690140845
2024-03-16,Nottingham Forest,Luton Town,1,1,D,10,16,4,6,10,17,6,7,2,,0,,2024,A,1.0,0.0,1,0.0,0.0,0.0,0,2,0.3333333333333333,0.9402985074626866,0.7586206896551724
2024-03-30,Nottingham Forest,Crystal Palace,1,1,D,12,10,5,3,14,12,4,6,1,1.0,0,0.0,2024,H,,,1,0.0,0.0,0.0,0,1,0.6666666666666666,0.9411764705882353,1.167832167832168
2024-04-02,Nottingham Forest,Fulham,3,1,H,16,18,4,3,7,8,3,8,0,0.0,0,0.0,2024,H,,,3,0.0,0.0,0.0,0,0,1.6666666666666667,0.9710144927536232,1.1121495327102804
2024-04-07,Nottingham Forest,Tottenham Hotspur,1,3,H,17,13,7,6,11,12,12,2,3,,0,,2024,A,2.0,0.0,0,0.0,0.0,0.0,0,3,1.3333333333333333,0.9571428571428572,1.7448275862068965
2024-04-13,Nottingham Forest,Wolverhampton Wanderers,2,2,D,18,11,9,4,15,10,10,1,2,3.0,0,0.0,2024,H,,,1,0.0,0.0,0.0,0,2,1.3333333333333333,0.9577464788732394,1.2328767123287672
2024-04-21,Nottingham Forest,Everton,0,2,H,7,8,4,3,15,9,6,4,2,,0,,2024,A,3.0,0.0,0,0.0,0.0,0.0,0,2,0.3333333333333333,0.9444444444444444,1.1700680272108843
2024-04-28,Nottingham Forest,Manchester City,0,2,A,14,11,2,5,8,6,4,5,0,0.0,0,0.0,2024,H,,,0,0.0,0.0,0.0,0,0,0.3333333333333333,0.9315068493150684,2.3445945945945947
2024-05-04,Nottingham Forest,Sheffield United,3,1,A,17,15,5,4,9,7,5,3,1,,0,,2024,A,0.0,1.0,3,0.0,0.0,0.0,0,1,1.0,0.9594594594594594,0.527027027027027
2024-05-11,Nottingham Forest,Chelsea,2,3,A,20,12,4,5,14,8,5,6,2,3.0,0,0.0,2024,H,,,0,0.0,0.0,0.0,0,2,1.0,0.9466666666666667,1.6133333333333333
2024-05-19,Nottingham Forest,Burnley,2,1,A,20,12,3,6,11,5,4,3,0,,0,,2024,A,1.0,0.0,3,0.0,0.0,0.0,0,0,2.0,0.9736842105263158,0.8596491228070176
2024-08-17,Nottingham Forest,Bournemouth,1,1,D,14,13,8,4,17,8,2,6,1,3.0,0,0.0,2024,H,,,1,0.0,0.0,0.0,0,1,1.3333333333333333,0.974025974025974,1.1428571428571428
2024-08-24,Nottingham Forest,Southampton,1,0,A,5,23,1,8,14,14,4,10,3,,0,,2024,A,3.0,0.0,3,0.0,0.0,0.0,1,3,2.3333333333333335,1.0,0.9310344827586207
2024-08-31,Nottingham Forest,Wolverhampton Wanderers,1,1,D,16,11,5,3,15,18,7,3,3,4.0,0,0.0,2024,H,,,1,0.0,0.0,0.0,0,3,1.6666666666666667,1.0,1.1870967741935483
2024-09-14,Nottingham Forest,Liverpool,1,0,A,14,5,5,3,15,6,7,2,4,,0,,2024,A,4.0,0.0,3,0.0,0.0,0.0,1,4,2.3333333333333335,1.025,2.0448717948717947
2024-09-22,Nottingham Forest,Brighton and Hove Albion,2,2,D,14,4,3,3,12,11,9,1,4,,1,,2024,A,3.0,0.0,1,0.0,0.0,0.0,0,6,1.6666666666666667,1.0246913580246915,1.3439490445859872
2024-09-28,Nottingham Forest,Fulham,0,1,A,11,14,1,2,11,15,6,5,2,4.0,0,0.0,2024,H,,,0,0.0,0.0,0.0,0,2,1.3333333333333333,1.0121951219512195,1.15
2024-10-06,Nottingham Forest,Chelsea,1,1,D,22,16,8,9,12,11,11,3,2,,1,,2024,A,6.0,0.0,1,0.0,0.0,0.0,0,4,0.6666666666666666,1.0120481927710843,1.6477987421383649
2024-10-21,Nottingham Forest,Crystal Palace,1,0,H,20,20,6,7,9,12,6,6,2,3.0,0,0.0,2024,H,,,3,0.0,0.0,0.0,1,2,1.3333333333333333,1.0357142857142858,1.18125
2024-10-25,Nottingham Forest,Leicester City,3,1,A,11,20,1,5,16,9,6,7,2,,0,,2024,A,5.0,0.0,3,0.0,0.0,0.0,0,2,2.3333333333333335,1.0588235294117647,1.3089430894308942
2024-11-02,Nottingham Forest,West Ham United,3,0,H,19,4,6,2,7,9,11,6,1,2.0,0,1.0,2024,H,,,3,0.0,0.0,0.0,1,1,3.0,1.0813953488372092,1.382716049382716
2024-11-10,Nottingham Forest,Newcastle United,1,3,A,9,17,3,6,13,6,4,5,1,1.0,0,0.0,2024,H,,,0,0.0,0.0,0.0,0,1,2.0,1.0689655172413792,1.49079754601227
2024-11-23,Nottingham Forest,Arsenal,0,3,H,19,7,7,0,10,1,8,1,2,,0,,2024,A,3.0,0.0,0,0.0,0.0,0.0,0,2,1.0,1.0568181818181819,1.9817073170731707
2024-11-30,Nottingham Forest,Ipswich Town,1,0,H,12,7,5,3,5,16,8,7,1,3.0,0,0.0,2024,H,,,3,0.0,0.0,0.0,1,1,1.0,1.0786516853932584,0.6923076923076923
2024-12-04,Nottingham Forest,Manchester City,0,3,H,17,12,7,3,7,15,8,2,4,,0,,2024,A,2.0,0.0,0,0.0,0.0,0.0,0,4,1.0,1.0666666666666667,2.319277108433735
2024-12-07,Nottingham Forest,Manchester United,3,2,A,17,11,7,3,10,13,5,3,2,,0,,2024,A,0.0,0.0,3,0.0,0.0,0.0,0,2,2.0,1.0879120879120878,1.7125748502994012
2024-12-14,Nottingham Forest,Aston Villa,2,1,H,17,8,6,2,12,6,4,3,0,1.0,0,0.0,2024,H,,,3,0.0,0.0,0.0,0,0,2.0,1.108695652173913,1.5119047619047619
2024-12-21,Nottingham Forest,Brentford,2,0,A,7,10,3,6,9,14,9,5,4,,0,,2024,A,3.0,0.0,3,0.0,0.0,0.0,1,4,3.0,1.1290322580645162,1.2748091603053435
2024-12-26,Nottingham Forest,Tottenham Hotspur,1,0,H,10,13,3,4,12,13,2,7,3,2.0,0,1.0,2024,H,,,3,0.0,0.0,0.0,1,3,3.0,1.148936170212766,1.6588235294117648
2024-12-29,Nottingham Forest,Everton,2,0,A,13,11,2,7,13,10,5,4,1,,0,,2024,A,4.0,0.0,3,0.0,0.0,0.0,1,1,3.0,1.168421052631579,1.1705882352941177
2025-01-06,Nottingham Forest,Wolverhampton Wanderers,3,0,A,13,11,6,3,10,8,5,3,2,,0,,2025,A,1.0,0.0,3,0.0,0.0,0.0,1,2,3.0,1.1875,1.1569767441860466
2025-01-14,Nottingham Forest,Liverpool,1,1,D,6,23,3,7,7,10,0,9,2,1.0,0,0.0,2025,H,,,1,0.0,0.0,0.0,0,2,2.3333333333333335,1.1855670103092784,2.0755813953488373
2025-01-19,Nottingham Forest,Southampton,3,2,H,14,10,5,4,4,18,2,8,0,4.0,0,0.0,2025,H,,,3,0.0,0.0,0.0,0,0,2.3333333333333335,1.2040816326530612,0.8382352941176471
2025-01-25,Nottingham Forest,Bournemouth,0,5,H,16,18,10,4,9,12,3,9,3,,0,,2025,A,2.0,0.0,0,0.0,0.0,0.0,0,3,1.3333333333333333,1.1919191919191918,1.2828282828282829
2025-02-01,Nottingham Forest,Brighton and Hove Albion,7,0,H,14,10,9,5,8,13,4,6,1,3.0,0,0.0,2025,H,,,3,0.0,0.0,0.0,1,1,2.0,1.21,1.3409090909090908
2025-02-15,Nottingham Forest,Fulham,1,2,H,24,8,10,2,13,8,8,4,0,,0,,2025,A,0.0,0.0,0,0.0,0.0,0.0,0,0,1.0,1.198019801980198,1.1942446043165467
2025-02-23,Nottingham Forest,Newcastle United,3,4,H,13,17,5,5,11,13,7,6,4,,0,,2025,A,1.0,0.0,0,0.0,0.0,0.0,0,4,1.0,1.1862745098039216,1.5112359550561798
2025-02-26,Nottingham Forest,Arsenal,0,0,D,6,13,2,1,10,17,3,11,1,1.0,0,0.0,2025,H,,,1,0.0,0.0,0.0,1,1,0.3333333333333333,1.1844660194174756,1.994413407821229
2025-03-08,Nottingham Forest,Manchester City,1,0,H,9,14,4,3,9,7,3,2,3,2.0,0,0.0,2025,H,,,3,0.0,0.0,0.0,1,3,1.3333333333333333,1.2019230769230769,2.2555555555555555
2025-03-15,Nottingham Forest,Ipswich Town,4,2,A,11,11,4,6,4,13,6,3,1,,0,,2025,A,1.0,0.0,3,0.0,0.0,0.0,0,1,2.3333333333333335,1.2190476190476192,0.5862068965517241
2025-04-01,Nottingham Forest,Manchester United,1,0,H,8,23,2,6,5,12,3,10,1,3.0,0,0.0,2025,H,,,3,0.0,0.0,0.0,1,1,3.0,1.2358490566037736,1.6703296703296704
2025-04-05,Nottingham Forest,Aston Villa,1,2,H,17,19,8,3,7,15,4,4,2,,0,,2025,A,2.0,0.0,0,0.0,0.0,0.0,0,2,2.0,1.2242990654205608,1.530054644808743
2025-04-12,Nottingham Forest,Everton,0,1,A,10,13,5,5,9,13,1,7,0,3.0,0,0.0,2025,H,,,0,0.0,0.0,0.0,0,0,1.0,1.212962962962963,1.1956521739130435
2025-04-21,Nottingham Forest,Tottenham Hotspur,2,1,A,22,4,6,3,11,12,7,1,4,,0,,2025,A,1.0,0.0,3,0.0,0.0,0.0,0,4,1.0,1.2293577981651376,1.6
2025-05-01,Nottingham Forest,Brentford,0,2,A,14,11,5,3,10,12,4,5,3,5.0,0,0.0,2025,H,,,0,0.0,0.0,0.0,0,3,1.0,1.2181818181818183,1.304054054054054
2025-05-05,Nottingham Forest,Crystal Palace,1,1,D,20,12,3,4,9,15,7,4,8,,0,,2025,A,3.0,0.0,1,0.0,0.0,0.0,0,8,1.3333333333333333,1.2162162162162162,1.2406417112299466
2025-05-11,Nottingham Forest,Leicester City,2,2,D,15,10,4,6,11,11,4,4,3,3.0,0,0.0,2025,H,,,1,0.0,0.0,0.0,0,3,0.6666666666666666,1.2142857142857142,1.16
2025-05-18,Nottingham Forest,West Ham United,2,1,A,16,10,5,5,14,7,8,7,3,,0,,2025,A,6.0,0.0,3,0.0,0.0,0.0,0,3,1.6666666666666667,1.2300884955752212,1.3386243386243386
2025-05-25,Nottingham Forest,Chelsea,0,1,A,10,6,2,2,10,11,7,4,2,2.0,0,0.0,2025,H,,,0,0.0,0.0,0.0,0,2,1.3333333333333333,1.219298245614035,1.668421052631579
2025-08-17,Nottingham Forest,Brentford,3,1,H,11,10,5,3,7,15,5,5,1,2.0,0,0.0,2025,H,,,3,0.0,0.0,0.0,0,1,2.0,1.2347826086956522,1.3071895424836601
2025-08-24,Nottingham Forest,Crystal Palace,1,1,D,8,9,4,1,11,11,1,3,3,,0,,2025,A,3.0,0.0,1,0.0,0.0,0.0,0,3,1.3333333333333333,1.2327586206896552,1.2552083333333333
2025-08-31,Nottingham Forest,West Ham United,0,3,A,11,12,3,8,14,6,9,7,0,0.0,0,0.0,2025,H,,,0,0.0,0.0,0.0,0,0,1.3333333333333333,1.2222222222222223,1.3419689119170986
2025-09-13,Nottingham Forest,Arsenal,0,3,H,16,5,5,1,8,11,8,4,1,,0,,2025,A,1.0,0.0,0,0.0,0.0,0.0,0,1,0.3333333333333333,1.2118644067796611,1.9896907216494846
2025-09-20,Nottingham Forest,Burnley,1,1,D,12,17,5,8,12,11,4,5,1,,0,,2025,A,1.0,0.0,1,0.0,0.0,0.0,0,1,0.3333333333333333,1.2100840336134453,0.8571428571428571
2025-09-27,Nottingham Forest,Sunderland,0,1,A,22,11,6,3,11,6,7,4,4,2.0,0,0.0,2025,H,,,0,0.0,0.0,0.0,0,4,0.3333333333333333,1.2,1.8333333333333333
2025-10-05,Nottingham Forest,Newcastle United,0,2,H,18,5,9,4,16,15,8,1,4,,0,,2025,A,0.0,0.0,0,0.0,0.0,0.0,0,4,0.3333333333333333,1.1900826446280992,1.5228426395939085
2025-10-18,Nottingham Forest,Chelsea,0,3,A,12,17,2,6,13,16,5,2,2,2.0,0,1.0,2025,H,,,0,0.0,0.0,0.0,0,2,0.0,1.180327868852459,1.6717171717171717
2025-10-26,Nottingham Forest,Bournemouth,0,2,H,13,8,5,4,17,7,6,4,1,,0,,2025,A,3.0,0.0,0,0.0,0.0,0.0,0,1,0.0,1.170731707317073,1.3089430894308942
2025-11-01,Nottingham Forest,Manchester United,2,2,D,17,18,3,7,10,7,8,5,1,1.0,0,0.0,2025,H,,,1,0.0,0.0,0.0,0,1,0.3333333333333333,1.1693548387096775,1.63
2025-11-09,Nottingham Forest,Leeds United,3,1,H,14,10,6,3,10,11,6,4,2,1.0,0,0.0,2025,H,,,3,0.0,0.0,0.0,0,2,1.3333333333333333,1.184,1.112
2020-09-14,Sheffield United,Wolverhampton Wanderers,0,2,A,9,11,2,4,13,7,12,5,2,1.0,0,0.0,2020,H,,,0,0.0,0.0,0.0,0,2,0.0,0.0,3.0
2020-09-21,Sheffield United,Aston Villa,0,1,H,18,4,2,1,12,13,10,4,1,,1,,2020,A,3.0,0.0,0,0.0,0.0,0.0,0,3,0.0,0.0,3.0
2020-09-27,Sheffield United,Leeds United,0,1,A,14,17,4,9,18,4,5,7,2,1.0,0,0.0,2020,H,,,0,0.0,0.0,0.0,0,2,0.0,0.0,2.0
2020-10-04,Sheffield United,Arsenal,1,2,H,6,6,5,2,3,9,2,4,1,,0,,2020,A,0.0,0.0,0,0.0,0.0,0.0,0,1,0.0,0.0,2.25
2020-10-18,Sheffield United,Fulham,1,1,D,10,15,6,6,5,9,2,5,0,2.0,0,0.0,2020,H,,,1,0.0,0.0,0.0,0,0,0.3333333333333333,0.2,0.2
2020-10-24,Sheffield United,Liverpool,1,2,H,17,13,5,2,7,15,7,3,3,,0,,2020,A,0.0,0.0,0,0.0,0.0,0.0,0,3,0.3333333333333333,0.16666666666666666,2.1666666666666665
2020-10-31,Sheffield United,Manchester City,0,1,A,5,16,1,8,14,6,2,5,0,0.0,0,0.0,2020,H,,,0,0.0,0.0,0.0,0,0,0.3333333333333333,0.14285714285714285,1.8333333333333333
2020-11-07,Sheffield United,Chelsea,1,4,H,20,6,9,3,5,14,6,7,2,,0,,2020,A,0.0,0.0,0,0.0,0.0,0.0,0,2,0.0,0.125,1.875
2020-11-22,Sheffield United,West Ham United,0,1,A,9,15,5,3,7,6,2,6,0,0.0,0,0.0,2020,H,,,0,0.0,0.0,0.0,0,0,0.0,0.1111111111111111,1.5555555555555556
2020-11-28,Sheffield United,West Brom,0,1,H,17,21,6,5,10,9,14,9,3,,0,,2020,A,2.0,0.0,0,0.0,0.0,0.0,0,3,0.0,0.1,0.6
2020-12-06,Sheffield United,Leicester City,1,2,A,4,13,1,4,13,6,6,5,1,3.0,0,0.0,2020,H,,,0,0.0,0.0,0.0,0,1,0.0,0.09090909090909091,1.9090909090909092
2020-12-13,Sheffield United,Southampton,0,3,H,16,3,6,0,8,14,8,4,1,,0,,2020,A,0.0,0.0,0,0.0,0.0,0.0,0,1,0.0,0.08333333333333333,1.9166666666666667
2020-12-17,Sheffield United,Manchester United,2,3,A,12,14,6,8,17,8,6,3,3,2.0,0,0.0,2020,H,,,0,0.0,0.0,0.0,0,3,0.0,0.07692307692307693,1.9166666666666667
2020-12-20,Sheffield United,Brighton and Hove Albion,1,1,D,21,5,5,3,9,11,14,2,5,,1,,2020,A,1.0,0.0,1,0.0,0.0,0.0,0,7,0.3333333333333333,0.14285714285714285,0.8571428571428571
2020-12-26,Sheffield United,Everton,0,1,A,10,7,2,3,11,10,6,3,2,4.0,0,0.0,2020,H,,,0,0.0,0.0,0.0,0,2,0.3333333333333333,0.13333333333333333,1.9333333333333333
2020-12-29,Sheffield United,Burnley,0,1,H,5,7,3,3,13,17,3,5,2,,0,,2020,A,1.0,0.0,0,0.0,0.0,0.0,0,2,0.3333333333333333,0.125,1.0666666666666667
2021-01-02,Sheffield United,Crystal Palace,0,2,H,9,7,4,2,8,18,3,6,3,,0,,2021,A,1.0,0.0,0,0.0,0.0,0.0,0,3,0.0,0.11764705882352941,1.2941176470588236
2021-01-12,Sheffield United,Newcastle United,1,0,H,17,7,4,3,13,12,5,2,2,3.0,0,1.0,2021,H,,,3,0.0,0.0,0.0,1,2,1.0,0.2777777777777778,1.1176470588235294
2021-01-17,Sheffield United,Tottenham Hotspur,1,3,A,15,14,5,5,13,4,5,7,4,0.0,0,0.0,2021,H,,,0,0.0,0.0,0.0,0,4,1.0,0.2631578947368421,1.8333333333333333
2021-01-27,Sheffield United,Manchester United,2,1,A,16,5,4,3,10,12,7,2,1,,0,,2021,A,1.0,0.0,3,0.0,0.0,0.0,0,1,2.0,0.4,2.0
2021-01-30,Sheffield United,Manchester City,0,1,H,10,4,5,1,7,10,10,0,3,,0,,2021,A,0.0,0.0,0,0.0,0.0,0.0,0,3,1.0,0.38095238095238093,2.2
2021-02-02,Sheffield United,West Brom,2,1,H,14,8,6,4,11,9,9,2,2,1.0,0,0.0,2021,H,,,3,0.0,0.0,0.0,0,2,2.0,0.5,0.5454545454545454
2021-02-07,Sheffield United,Chelsea,1,2,A,8,9,3,3,8,8,1,8,1,0.0,0,0.0,2021,H,,,0,0.0,0.0,0.0,0,1,1.0,0.4782608695652174,1.6956521739130435
2021-02-15,Sheffield United,West Ham United,0,3,H,13,8,9,5,11,12,7,7,2,,0,,2021,A,0.0,0.0,0,0.0,0.0,0.0,0,2,1.0,0.4583333333333333,1.75
2021-02-20,Sheffield United,Fulham,0,1,H,15,4,7,2,11,14,6,4,2,,0,,2021,A,1.0,0.0,0,0.0,0.0,0.0,0,2,0.0,0.44,0.88
2021-02-28,Sheffield United,Liverpool,0,2,A,8,16,2,8,9,9,4,3,0,0.0,0,0.0,2021,H,,,0,0.0,0.0,0.0,0,0,0.0,0.4230769230769231,1.6538461538461537
2021-03-03,Sheffield United,Aston Villa,1,0,H,9,16,2,4,13,6,2,7,1,0.0,1,0.0,2021,H,,,3,0.0,0.0,0.0,1,3,1.0,0.5185185185185185,1.56
2021-03-06,Sheffield United,Southampton,0,2,A,8,15,2,5,17,11,7,3,4,3.0,0,0.0,2021,H,,,0,0.0,0.0,0.0,0,4,1.0,0.5,1.2222222222222223
2021-03-14,Sheffield United,Leicester City,0,5,H,19,1,10,0,10,9,9,1,2,,0,,2021,A,0.0,0.0,0,0.0,0.0,0.0,0,2,1.0,0.4827586206896552,1.9310344827586208
2021-04-03,Sheffield United,Leeds United,1,2,H,23,9,8,1,12,13,5,7,2,,0,,2021,A,1.0,0.0,0,0.0,0.0,0.0,0,2,0.0,0.4666666666666667,1.4
2021-04-11,Sheffield United,Arsenal,0,3,A,7,14,2,5,9,6,2,4,1,1.0,0,0.0,2021,H,,,0,0.0,0.0,0.0,0,1,0.0,0.45161290322580644,1.4516129032258065
2021-04-17,Sheffield United,Wolverhampton Wanderers,0,1,H,10,8,5,2,8,15,3,3,2,,0,,2021,A,1.0,0.0,0,0.0,0.0,0.0,0,2,0.0,0.4375,1.28125
2021-04-24,Sheffield United,Brighton and Hove Albion,1,0,H,7,17,3,4,13,7,2,12,3,0.0,0,0.0,2021,H,,,3,0.0,0.0,0.0,1,3,1.0,0.5151515151515151,1.0303030303030303
2021-05-02,Sheffield United,Tottenham Hotspur,0,4,H,20,8,11,1,8,9,6,6,1,,0,,2021,A,1.0,0.0,0,0.0,0.0,0.0,0,1,1.0,0.5,1.6470588235294117
2021-05-08,Sheffield United,Crystal Palace,0,2,A,7,21,0,8,11,8,5,11,1,1.0,0,0.0,2021,H,,,0,0.0,0.0,0.0,0,1,1.0,0.4857142857142857,1.2058823529411764
2021-05-16,Sheffield United,Everton,1,0,A,16,10,6,3,8,12,11,4,3,,0,,2021,A,1.0,0.0,3,0.0,0.0,0.0,1,3,1.0,0.5555555555555556,1.5555555555555556
2021-05-19,Sheffield United,Newcastle United,0,1,H,16,11,5,1,7,7,5,2,2,,0,,2021,A,0.0,0.0,0,0.0,0.0,0.0,0,2,1.0,0.5405405405405406,1.135135135135135
2021-05-23,Sheffield United,Burnley,1,0,H,12,10,3,3,11,1,8,9,3,1.0,0,0.0,2021,H,,,3,0.0,0.0,0.0,1,3,2.0,0.6052631578947368,1.0263157894736843
2023-08-12,Sheffield United,Crystal Palace,0,1,A,8,24,1,8,18,11,5,5,3,0.0,0,0.0,2023,H,,,0,0.0,0.0,0.0,0,3,1.0,0.5897435897435898,1.2173913043478262
2023-08-18,Sheffield United,Nottingham Forest,1,2,H,16,7,4,3,5,9,6,7,3,,0,,2023,A,2.0,0.0,0,0.0,0.0,0.0,0,3,1.0,0.575,1.025
2023-08-27,Sheffield United,Manchester City,1,2,A,6,30,2,9,11,2,1,12,3,0.0,0,0.0,2023,H,,,0,0.0,0.0,0.0,0,3,0.0,0.5609756097560976,2.3675213675213675
2023-09-02,Sheffield United,Everton,2,2,D,13,16,8,6,11,13,4,6,1,2.0,0,0.0,2023,H,,,1,0.0,0.0,0.0,0,1,0.3333333333333333,0.5714285714285714,1.1440677966101696
2023-09-16,Sheffield United,Tottenham Hotspur,1,2,H,28,7,10,5,13,14,15,2,5,,1,,2023,A,6.0,0.0,0,0.0,0.0,0.0,0,7,0.3333333333333333,0.5581395348837209,1.73109243697479
2023-09-24,Sheffield United,Newcastle United,0,8,A,9,22,1,15,12,8,2,6,3,0.0,0,0.0,2023,H,,,0,0.0,0.0,0.0,0,3,0.3333333333333333,0.5454545454545454,1.45
2023-09-30,Sheffield United,West Ham United,0,2,H,20,16,9,2,6,9,7,4,1,,0,,2023,A,1.0,0.0,0,0.0,0.0,0.0,0,1,0.0,0.5333333333333333,1.43801652892562
2023-10-07,Sheffield United,Fulham,1,3,H,20,5,6,2,8,10,9,4,2,,0,,2023,A,1.0,0.0,0,0.0,0.0,0.0,0,2,0.0,0.5217391304347826,1.0833333333333333
2023-10-21,Sheffield United,Manchester United,1,2,A,12,14,6,5,12,10,5,4,3,1.0,0,0.0,2023,H,,,0,0.0,0.0,0.0,0,3,0.0,0.5106382978723404,1.8048780487804879
2023-10-28,Sheffield United,Arsenal,0,5,H,13,2,8,0,9,13,6,1,3,,0,,2023,A,0.0,0.0,0,0.0,0.0,0.0,0,3,0.0,0.5,1.9193548387096775
2023-11-04,Sheffield United,Wolverhampton Wanderers,2,1,H,11,10,2,3,13,10,4,4,2,3.0,0,0.0,2023,H,,,3,0.0,0.0,0.0,0,2,1.0,0.5510204081632653,1.192
2023-11-12,Sheffield United,Brighton and Hove Albion,1,1,D,11,9,6,1,13,16,6,3,2,,0,,2023,A,3.0,1.0,1,0.0,0.0,0.0,0,2,1.3333333333333333,0.56,1.373015873015873
2023-11-25,Sheffield United,Bournemouth,1,3,A,10,23,2,11,6,8,4,7,4,1.0,0,0.0,2023,H,,,0,0.0,0.0,0.0,0,4,1.3333333333333333,0.5490196078431373,1.0
2023-12-02,Sheffield United,Burnley,0,5,H,19,6,7,3,9,12,6,1,5,,1,,2023,A,2.0,0.0,0,0.0,0.0,0.0,0,7,0.3333333333333333,0.5384615384615384,0.9
2023-12-06,Sheffield United,Liverpool,0,2,A,6,15,1,8,12,8,2,12,2,3.0,0,0.0,2023,H,,,0,0.0,0.0,0.0,0,2,0.0,0.5283018867924528,2.0310077519379846
2023-12-09,Sheffield United,Brentford,1,0,H,9,10,4,4,14,13,3,4,5,1.0,0,0.0,2023,H,,,3,0.0,0.0,0.0,1,5,1.0,0.5740740740740741,1.3478260869565217
2023-12-16,Sheffield United,Chelsea,0,2,H,15,6,6,1,9,14,7,6,3,,0,,2023,A,1.0,0.0,0,0.0,0.0,0.0,0,3,1.0,0.5636363636363636,1.5801526717557253
2023-12-22,Sheffield United,Aston Villa,1,1,D,12,5,4,2,11,16,9,1,3,,0,,2023,A,3.0,0.0,1,0.0,0.0,0.0,0,3,1.3333333333333333,0.5714285714285714,1.5151515151515151
2023-12-26,Sheffield United,Luton Town,2,3,A,21,12,6,4,13,13,9,4,5,0.0,0,0.0,2023,H,,,0,0.0,0.0,0.0,0,5,0.3333333333333333,0.5614035087719298,0.8333333333333334
2023-12-30,Sheffield United,Manchester City,0,2,H,18,4,4,2,5,6,12,2,1,,0,,2023,A,1.0,0.0,0,0.0,0.0,0.0,0,1,0.3333333333333333,0.5517241379310345,2.3157894736842106
2024-01-21,Sheffield United,West Ham United,2,2,D,21,16,6,5,11,10,4,1,3,1.0,1,1.0,2024,H,,,1,0.0,0.0,0.0,0,5,0.3333333333333333,0.559322033898305,1.451851851851852
2024-01-30,Sheffield United,Crystal Palace,2,3,H,12,9,4,5,8,18,11,1,4,,0,,2024,A,1.0,0.0,0,0.0,0.0,0.0,0,4,0.3333333333333333,0.55,1.1838235294117647
2024-02-03,Sheffield United,Aston Villa,0,5,A,10,14,5,10,10,7,3,4,1,0.0,0,0.0,2024,H,,,0,0.0,0.0,0.0,0,1,0.3333333333333333,0.5409836065573771,1.510948905109489
2024-02-10,Sheffield United,Luton Town,3,1,A,20,7,5,3,7,12,13,1,2,,0,,2024,A,1.0,0.0,3,0.0,0.0,0.0,0,2,1.0,0.5806451612903226,0.8695652173913043
2024-02-18,Sheffield United,Brighton and Hove Albion,0,5,A,6,24,1,10,3,5,5,10,1,4.0,1,0.0,2024,H,,,0,0.0,0.0,0.0,0,3,1.0,0.5714285714285714,1.381294964028777
2024-02-25,Sheffield United,Wolverhampton Wanderers,0,1,H,13,12,2,4,8,4,5,6,1,,0,,2024,A,2.0,0.0,0,0.0,0.0,0.0,0,1,1.0,0.5625,1.25
2024-03-04,Sheffield United,Arsenal,0,6,A,4,22,0,10,11,4,0,7,1,0.0,0,0.0,2024,H,,,0,0.0,0.0,0.0,0,1,0.0,0.5538461538461539,1.950354609929078
2024-03-09,Sheffield United,Bournemouth,2,2,D,32,13,12,9,12,11,10,3,5,,0,,2024,A,3.0,0.0,1,0.0,0.0,0.0,0,5,0.3333333333333333,0.5606060606060606,1.0923076923076922
2024-03-30,Sheffield United,Fulham,3,3,D,8,24,4,9,10,13,2,15,4,1.0,0,0.0,2024,H,,,1,0.0,0.0,0.0,0,4,0.6666666666666666,0.5671641791044776,1.1226415094339623
2024-04-04,Sheffield United,Liverpool,1,3,H,29,8,9,3,6,9,13,1,1,,0,,2024,A,0.0,0.0,0,0.0,0.0,0.0,0,1,0.6666666666666666,0.5588235294117647,2.0694444444444446
2024-04-07,Sheffield United,Chelsea,2,2,D,11,6,6,3,12,10,7,6,4,2.0,0,0.0,2024,H,,,1,0.0,0.0,0.0,0,4,0.6666666666666666,0.5652173913043478,1.5902777777777777
2024-04-13,Sheffield United,Brentford,0,2,H,9,8,5,2,8,11,3,6,1,,0,,2024,A,3.0,0.0,0,0.0,0.0,0.0,0,1,0.3333333333333333,0.5571428571428572,1.2568807339449541
2024-04-20,Sheffield United,Burnley,1,4,A,18,16,11,9,10,9,11,2,1,0.0,0,0.0,2024,H,,,0,0.0,0.0,0.0,0,1,0.3333333333333333,0.5492957746478874,0.8818181818181818
2024-04-24,Sheffield United,Manchester United,2,4,H,25,10,13,4,7,9,9,4,1,,0,,2024,A,0.0,0.0,0,0.0,0.0,0.0,0,1,0.0,0.5416666666666666,1.7687074829931972
2024-04-27,Sheffield United,Newcastle United,1,5,H,20,15,7,5,9,10,4,5,0,,0,,2024,A,0.0,0.0,0,0.0,0.0,0.0,0,0,0.0,0.5342465753424658,1.472972972972973
2024-05-04,Sheffield United,Nottingham Forest,1,3,A,17,15,5,4,9,7,5,3,0,1.0,1,0.0,2024,H,,,0,0.0,0.0,0.0,0,2,0.0,0.527027027027027,0.9594594594594594
2024-05-11,Sheffield United,Everton,0,1,H,15,13,6,1,6,11,3,6,2,,0,,2024,A,1.0,0.0,0,0.0,0.0,0.0,0,2,0.0,0.52,1.205298013245033
2024-05-19,Sheffield United,Tottenham Hotspur,0,3,A,6,18,1,9,11,9,2,6,2,0.0,0,0.0,2024,H,,,0,0.0,0.0,0.0,0,2,0.0,0.5131578947368421,1.7039473684210527
2020-09-12,Southampton,Crystal Palace,0,1,H,5,9,3,5,14,11,7,3,1,,0,,2020,A,2.0,0.0,0,0.0,0.0,0.0,0,1,0.0,0.0,3.0
2020-09-20,Southampton,Tottenham Hotspur,2,5,A,14,9,7,6,16,18,3,2,4,3.0,0,0.0,2020,H,,,0,0.0,0.0,0.0,0,4,0.0,0.0,1.5
2020-09-26,Southampton,Burnley,1,0,A,10,5,2,1,8,10,8,2,0,,0,,2020,A,1.0,0.0,3,0.0,0.0,0.0,1,0,1.0,1.0,0.0
2020-10-04,Southampton,West Brom,2,0,H,13,5,7,2,19,10,5,1,2,1.0,0,0.0,2020,H,,,3,0.0,0.0,0.0,1,2,2.0,1.5,0.25
2020-10-17,Southampton,Chelsea,3,3,D,11,13,5,6,11,9,6,2,1,,0,,2020,A,1.0,0.0,1,0.0,0.0,0.0,0,1,2.3333333333333335,1.4,1.6
2020-10-25,Southampton,Everton,2,0,H,12,6,6,2,11,11,4,5,1,2.0,0,1.0,2020,H,,,3,0.0,0.0,0.0,1,1,2.3333333333333335,1.6666666666666667,2.1666666666666665
2020-11-01,Southampton,Aston Villa,4,3,A,19,9,10,4,12,17,11,1,2,,0,,2020,A,1.0,0.0,3,0.0,0.0,0.0,0,2,2.3333333333333335,1.8571428571428572,2.0
2020-11-06,Southampton,Newcastle United,2,0,H,15,4,8,2,12,11,8,3,1,2.0,0,0.0,2020,H,,,3,0.0,0.0,0.0,1,1,3.0,2.0,1.375
2020-11-23,Southampton,Wolverhampton Wanderers,1,1,D,20,7,9,2,14,13,7,4,0,,0,,2020,A,2.0,0.0,1,0.0,0.0,0.0,0,0,2.3333333333333335,1.8888888888888888,1.5555555555555556
2020-11-29,Southampton,Manchester United,2,3,A,10,15,5,6,12,12,5,9,1,0.0,0,0.0,2020,H,,,0,0.0,0.0,0.0,0,1,1.3333333333333333,1.7,1.7777777777777777
2020-12-07,Southampton,Brighton and Hove Albion,2,1,A,12,10,4,3,12,12,4,3,3,,0,,2020,A,3.0,0.0,3,0.0,0.0,0.0,0,3,1.3333333333333333,1.8181818181818181,0.9090909090909091
2020-12-13,Southampton,Sheffield United,3,0,H,16,3,6,0,8,14,8,4,0,1.0,0,0.0,2020,H,,,3,0.0,0.0,0.0,1,0,2.0,1.9166666666666667,0.08333333333333333
2020-12-16,Southampton,Arsenal,1,1,D,9,13,4,3,13,13,2,7,3,,0,,2020,A,1.0,1.0,1,0.0,0.0,0.0,0,3,2.3333333333333335,1.8461538461538463,1.0769230769230769
2020-12-19,Southampton,Manchester City,0,1,A,9,11,3,5,9,11,6,6,2,2.0,0,0.0,2020,H,,,0,0.0,0.0,0.0,0,2,1.3333333333333333,1.7142857142857142,1.7692307692307692
2020-12-26,Southampton,Fulham,0,0,D,10,3,1,2,15,12,6,3,0,,0,,2020,A,2.0,0.0,1,0.0,0.0,0.0,1,0,0.6666666666666666,1.6666666666666667,0.7333333333333333
2020-12-29,Southampton,West Ham United,0,0,D,8,8,3,3,16,15,4,3,3,1.0,0,0.0,2020,H,,,1,0.0,0.0,0.0,1,3,0.6666666666666666,1.625,1.4375
2021-01-04,Southampton,Liverpool,1,0,H,7,17,3,1,5,12,1,10,1,3.0,0,0.0,2021,H,,,3,0.0,0.0,0.0,1,1,1.6666666666666667,1.7058823529411764,1.9411764705882353
2021-01-16,Southampton,Leicester City,0,2,H,16,8,5,3,10,11,2,5,2,,0,,2021,A,2.0,0.0,0,0.0,0.0,0.0,0,2,1.3333333333333333,1.6111111111111112,1.9444444444444444
2021-01-26,Southampton,Arsenal,1,3,A,13,9,5,5,11,6,4,5,1,2.0,0,0.0,2021,H,,,0,0.0,0.0,0.0,0,1,1.0,1.5263157894736843,1.5
2021-01-30,Southampton,Aston Villa,0,1,A,20,8,5,4,12,11,7,1,1,0.0,0,0.0,2021,H,,,0,0.0,0.0,0.0,0,1,0.0,1.45,1.6842105263157894
2021-02-02,Southampton,Manchester United,0,9,H,24,3,14,1,11,6,5,3,3,,2,,2021,A,2.0,0.0,0,0.0,0.0,0.0,0,7,0.0,1.380952380952381,2.0
2021-02-06,Southampton,Newcastle United,2,3,H,6,14,4,5,11,14,0,7,1,,0,,2021,A,2.0,1.0,0,0.0,0.0,0.0,0,1,0.0,1.3181818181818181,1.0869565217391304
2021-02-14,Southampton,Wolverhampton Wanderers,1,2,A,7,10,3,4,10,9,4,6,2,2.0,0,0.0,2021,H,,,0,0.0,0.0,0.0,0,2,0.0,1.2608695652173914,1.25
2021-02-20,Southampton,Chelsea,1,1,D,4,9,1,3,10,10,3,6,1,1.0,0,0.0,2021,H,,,1,0.0,0.0,0.0,0,1,0.3333333333333333,1.25,1.72
2021-02-23,Southampton,Leeds United,0,3,H,11,13,7,5,11,13,2,4,2,,0,,2021,A,1.0,0.0,0,0.0,0.0,0.0,0,2,0.3333333333333333,1.2,1.4
2021-03-01,Southampton,Everton,0,1,H,7,9,1,1,13,9,4,10,2,,0,,2021,A,0.0,0.0,0,0.0,0.0,0.0,0,2,0.3333333333333333,1.1538461538461537,1.72
2021-03-06,Southampton,Sheffield United,2,0,A,8,15,2,5,17,11,7,3,3,,0,,2021,A,4.0,0.0,3,0.0,0.0,0.0,1,3,1.0,1.2222222222222223,0.5
2021-03-10,Southampton,Manchester City,2,5,H,17,11,10,6,6,4,5,5,0,,0,,2021,A,1.0,0.0,0,0.0,0.0,0.0,0,0,1.0,1.1785714285714286,2.3448275862068964
2021-03-14,Southampton,Brighton and Hove Albion,1,2,A,9,8,4,6,11,10,4,5,0,0.0,0,0.0,2021,H,,,0,0.0,0.0,0.0,0,0,1.0,1.1379310344827587,1.0357142857142858
2021-04-04,Southampton,Burnley,3,2,H,24,7,9,5,11,10,6,7,0,0.0,0,0.0,2021,H,,,3,0.0,0.0,0.0,0,0,1.0,1.2,1.1
2021-04-12,Southampton,West Brom,0,3,H,15,14,6,4,12,11,5,10,1,,0,,2021,A,0.0,0.0,0,0.0,0.0,0.0,0,1,1.0,1.1612903225806452,0.7741935483870968
2021-04-21,Southampton,Tottenham Hotspur,1,2,H,12,10,3,5,10,14,5,5,1,,0,,2021,A,2.0,0.0,0,0.0,0.0,0.0,0,1,1.0,1.125,1.606060606060606
2021-04-30,Southampton,Leicester City,1,1,D,5,23,3,9,9,13,0,10,1,0.0,1,0.0,2021,H,,,1,0.0,0.0,0.0,0,3,0.3333333333333333,1.121212121212121,1.8529411764705883
2021-05-08,Southampton,Liverpool,0,2,H,14,12,6,6,10,6,8,4,1,,0,,2021,A,0.0,0.0,0,0.0,0.0,0.0,0,1,0.3333333333333333,1.088235294117647,1.6764705882352942
2021-05-11,Southampton,Crystal Palace,3,1,H,13,11,6,4,20,13,12,8,2,3.0,0,0.0,2021,H,,,3,0.0,0.0,0.0,0,2,1.3333333333333333,1.1428571428571428,1.1714285714285715
2021-05-15,Southampton,Fulham,3,1,H,11,10,7,3,9,15,6,5,0,1.0,0,0.0,2021,H,,,3,0.0,0.0,0.0,0,0,2.0,1.1944444444444444,0.75
2021-05-18,Southampton,Leeds United,0,2,A,18,15,3,7,10,12,4,5,0,3.0,0,0.0,2021,H,,,0,0.0,0.0,0.0,0,0,2.0,1.162162162162162,1.5135135135135136
2021-05-23,Southampton,West Ham United,0,3,H,14,17,7,5,5,9,2,3,3,,0,,2021,A,0.0,0.0,0,0.0,0.0,0.0,0,3,1.0,1.131578947368421,1.7105263157894737
2021-08-14,Southampton,Everton,1,3,H,14,6,6,3,13,15,6,8,0,,0,,2021,A,2.0,0.0,0,0.0,0.0,0.0,0,0,0.0,1.1025641025641026,1.5897435897435896
2021-08-22,Southampton,Manchester United,1,1,D,8,15,3,4,12,10,7,7,2,3.0,0,0.0,2021,H,,,1,0.0,0.0,0.0,0,2,0.3333333333333333,1.1,1.95
2021-08-28,Southampton,Newcastle United,2,2,D,10,22,5,6,11,6,4,4,3,,0,,2021,A,3.0,0.0,1,0.0,0.0,0.0,0,3,0.6666666666666666,1.0975609756097562,1.1219512195121952
2021-09-11,Southampton,West Ham United,0,0,D,11,13,3,3,10,12,5,4,3,1.0,0,1.0,2021,H,,,1,0.0,0.0,0.0,1,3,1.0,1.0952380952380953,1.7380952380952381
2021-09-18,Southampton,Manchester City,0,0,D,18,10,1,2,5,12,8,5,2,,0,,2021,A,0.0,0.0,1,0.0,0.0,0.0,1,2,1.0,1.0930232558139534,2.2325581395348837
2021-09-26,Southampton,Wolverhampton Wanderers,0,1,A,18,5,6,3,12,8,5,5,0,0.0,0,0.0,2021,H,,,0,0.0,0.0,0.0,0,0,0.6666666666666666,1.0681818181818181,1.1590909090909092
2021-10-02,Southampton,Chelsea,1,3,H,20,6,9,2,11,13,7,2,3,,1,,2021,A,1.0,0.0,0,0.0,0.0,0.0,0,5,0.3333333333333333,1.0444444444444445,1.8444444444444446
2021-10-16,Southampton,Leeds United,1,0,H,19,3,5,0,16,14,8,1,2,3.0,0,0.0,2021,H,,,3,0.0,0.0,0.0,1,2,1.0,1.0869565217391304,1.4130434782608696
2021-10-23,Southampton,Burnley,2,2,D,16,9,4,5,10,11,6,2,1,3.0,0,0.0,2021,H,,,1,0.0,0.0,0.0,0,1,1.3333333333333333,1.0851063829787233,0.9148936170212766
2021-10-30,Southampton,Watford,1,0,A,10,12,4,1,16,6,5,8,2,,0,,2021,A,2.0,0.0,3,0.0,0.0,0.0,1,2,2.3333333333333335,1.125,1.0
2021-11-05,Southampton,Aston Villa,1,0,H,9,14,3,3,12,12,10,8,2,2.0,0,0.0,2021,H,,,3,0.0,0.0,0.0,1,2,2.3333333333333335,1.163265306122449,1.3265306122448979
2021-11-20,Southampton,Norwich City,1,2,H,8,17,4,5,8,9,5,7,2,,0,,2021,A,3.0,0.0,0,0.0,0.0,0.0,0,2,2.0,1.14,0.6666666666666666
2021-11-27,Southampton,Liverpool,0,4,H,20,7,6,3,7,14,5,7,1,,0,,2021,A,0.0,0.0,0,0.0,0.0,0.0,0,1,1.0,1.1176470588235294,1.9019607843137254
2021-12-01,Southampton,Leicester City,2,2,D,15,15,7,6,14,11,2,4,1,3.0,0,0.0,2021,H,,,1,0.0,0.0,0.0,0,1,0.3333333333333333,1.1153846153846154,1.6346153846153846
2021-12-04,Southampton,Brighton and Hove Albion,1,1,D,14,14,4,4,15,12,6,2,4,2.0,0,0.0,2021,H,,,1,0.0,0.0,0.0,0,4,0.6666666666666666,1.1132075471698113,1.150943396226415
2021-12-11,Southampton,Arsenal,0,3,H,15,11,5,6,5,9,9,8,0,,0,,2021,A,2.0,0.0,0,0.0,0.0,0.0,0,0,0.6666666666666666,1.0925925925925926,1.6111111111111112
2021-12-15,Southampton,Crystal Palace,2,2,D,9,15,6,4,16,20,4,6,4,,0,,2021,A,2.0,0.0,1,0.0,0.0,0.0,0,4,0.6666666666666666,1.0909090909090908,1.1636363636363636
2021-12-26,Southampton,West Ham United,3,2,A,11,11,5,6,10,9,10,2,3,,0,,2021,A,2.0,0.0,3,0.0,0.0,0.0,0,3,1.3333333333333333,1.125,1.6607142857142858
2021-12-28,Southampton,Tottenham Hotspur,1,1,D,9,21,2,11,15,5,3,7,2,2.0,1,0.0,2021,H,,,1,0.0,0.0,0.0,0,4,1.6666666666666667,1.1228070175438596,1.6727272727272726
2022-01-11,Southampton,Brentford,4,1,H,12,5,6,4,9,8,5,2,0,1.0,0,0.0,2022,H,,,3,0.0,0.0,0.0,0,0,2.3333333333333335,1.1551724137931034,1.15
2022-01-15,Southampton,Wolverhampton Wanderers,1,3,H,9,13,5,10,13,14,2,10,3,,0,,2022,A,2.0,0.0,0,0.0,0.0,0.0,0,3,1.3333333333333333,1.1355932203389831,1.3103448275862069
2022-01-22,Southampton,Manchester City,1,1,D,7,20,3,5,13,5,2,11,3,0.0,0,0.0,2022,H,,,1,0.0,0.0,0.0,0,3,1.3333333333333333,1.1333333333333333,2.3442622950819674
2022-02-09,Southampton,Tottenham Hotspur,3,2,A,8,23,3,10,7,13,2,8,3,,0,,2022,A,2.0,0.0,3,0.0,0.0,0.0,0,3,1.3333333333333333,1.1639344262295082,1.6610169491525424
2022-02-12,Southampton,Manchester United,1,1,D,12,13,8,4,12,13,1,4,0,,0,,2022,A,4.0,0.0,1,0.0,0.0,0.0,0,0,1.6666666666666667,1.1612903225806452,1.8387096774193548
2022-02-19,Southampton,Everton,2,0,H,19,9,11,0,6,9,4,4,0,2.0,0,0.0,2022,H,,,3,0.0,0.0,0.0,1,0,2.3333333333333335,1.1904761904761905,1.3278688524590163
2022-02-25,Southampton,Norwich City,2,0,H,27,8,9,1,12,9,13,6,1,2.0,0,0.0,2022,H,,,3,0.0,0.0,0.0,1,1,2.3333333333333335,1.21875,0.6538461538461539
2022-03-05,Southampton,Aston Villa,0,4,H,14,11,9,1,10,8,4,7,1,,0,,2022,A,1.0,0.0,0,0.0,0.0,0.0,0,1,2.0,1.2,1.375
2022-03-10,Southampton,Newcastle United,1,2,A,14,8,5,4,6,7,12,5,1,1.0,0,0.0,2022,H,,,0,0.0,0.0,0.0,0,1,1.0,1.1818181818181819,1.1692307692307693
2022-03-13,Southampton,Watford,1,2,A,13,9,7,5,8,12,11,3,3,2.0,0,0.0,2022,H,,,0,0.0,0.0,0.0,0,3,0.0,1.164179104477612,0.7586206896551724
2022-04-02,Southampton,Leeds United,1,1,D,12,14,3,6,14,7,4,7,1,,0,,2022,A,1.0,0.0,1,0.0,0.0,0.0,0,1,0.3333333333333333,1.161764705882353,1.289855072463768
2022-04-09,Southampton,Chelsea,0,6,A,4,24,1,14,11,10,3,3,1,0.0,0,0.0,2022,H,,,0,0.0,0.0,0.0,0,1,0.3333333333333333,1.144927536231884,1.8970588235294117
2022-04-16,Southampton,Arsenal,1,0,H,9,23,3,6,6,6,6,8,2,1.0,0,0.0,2022,H,,,3,0.0,0.0,0.0,1,2,1.3333333333333333,1.1714285714285715,1.6666666666666667
2022-04-21,Southampton,Burnley,0,2,H,16,11,6,3,7,7,10,10,2,,0,,2022,A,2.0,0.0,0,0.0,0.0,0.0,0,2,1.0,1.1549295774647887,0.9571428571428572
2022-04-24,Southampton,Brighton and Hove Albion,2,2,D,8,18,5,5,12,7,6,6,0,,0,,2022,A,1.0,0.0,1,0.0,0.0,0.0,0,0,1.3333333333333333,1.1527777777777777,1.1388888888888888
2022-04-30,Southampton,Crystal Palace,1,2,A,8,14,3,5,13,11,6,7,1,3.0,0,0.0,2022,H,,,0,0.0,0.0,0.0,0,1,0.3333333333333333,1.1369863013698631,1.1805555555555556
2022-05-07,Southampton,Brentford,0,3,H,18,19,5,4,12,9,4,7,1,,0,,2022,A,0.0,0.0,0,0.0,0.0,0.0,0,1,0.3333333333333333,1.1216216216216217,1.1944444444444444
2022-05-17,Southampton,Liverpool,1,2,A,4,24,2,5,6,6,1,9,2,0.0,0,0.0,2022,H,,,0,0.0,0.0,0.0,0,2,0.0,1.1066666666666667,2.1066666666666665
2022-05-22,Southampton,Leicester City,1,4,H,12,7,6,2,10,5,3,3,1,,0,,2022,A,0.0,0.0,0,0.0,0.0,0.0,0,1,0.0,1.0921052631578947,1.5526315789473684
2022-08-06,Southampton,Tottenham Hotspur,1,4,H,18,10,8,2,11,6,10,2,0,,0,,2022,A,3.0,0.0,0,0.0,0.0,0.0,0,0,0.0,1.077922077922078,1.7662337662337662
2022-08-13,Southampton,Leeds United,2,2,D,14,13,4,5,10,12,2,5,1,3.0,0,0.0,2022,H,,,1,0.0,0.0,0.0,0,1,0.3333333333333333,1.0769230769230769,1.294871794871795
2022-08-20,Southampton,Leicester City,2,1,A,6,9,1,3,11,15,2,5,3,,0,,2022,A,2.0,0.0,3,0.0,0.0,0.0,0,3,1.3333333333333333,1.1012658227848102,1.5063291139240507
2022-08-27,Southampton,Manchester United,0,1,A,17,11,5,6,4,14,5,3,0,3.0,0,0.0,2022,H,,,0,0.0,0.0,0.0,0,0,1.3333333333333333,1.0875,1.725
2022-08-30,Southampton,Chelsea,2,1,H,9,10,7,4,15,10,5,3,2,1.0,0,0.0,2022,H,,,3,0.0,0.0,0.0,0,2,2.0,1.1111111111111112,1.8271604938271604
2022-09-03,Southampton,Wolverhampton Wanderers,0,1,H,7,12,2,1,10,14,5,6,2,,0,,2022,A,4.0,0.0,0,0.0,0.0,0.0,0,2,1.0,1.0975609756097562,1.2439024390243902
2022-09-16,Southampton,Aston Villa,0,1,H,11,7,3,1,13,13,6,3,1,,0,,2022,A,3.0,0.0,0,0.0,0.0,0.0,0,1,1.0,1.0843373493975903,1.2891566265060241
2022-10-01,Southampton,Everton,1,2,A,22,12,6,5,11,10,7,6,2,2.0,0,0.0,2022,H,,,0,0.0,0.0,0.0,0,2,0.0,1.0714285714285714,1.2857142857142858
2022-10-08,Southampton,Manchester City,0,4,H,21,5,8,0,4,8,9,1,1,,0,,2022,A,0.0,0.0,0,0.0,0.0,0.0,0,1,0.0,1.0588235294117647,2.376470588235294
2022-10-16,Southampton,West Ham United,1,1,D,10,25,8,4,7,3,4,14,1,1.0,0,0.0,2022,H,,,1,0.0,0.0,0.0,0,1,0.3333333333333333,1.058139534883721,1.5348837209302326
2022-10-19,Southampton,Bournemouth,1,0,A,15,9,3,3,8,13,7,3,3,,0,,2022,A,1.0,0.0,3,0.0,0.0,0.0,1,3,1.3333333333333333,1.0804597701149425,1.1818181818181819
2022-10-23,Southampton,Arsenal,1,1,D,10,12,3,3,11,8,9,4,2,1.0,0,0.0,2022,H,,,1,0.0,0.0,0.0,0,2,1.6666666666666667,1.0795454545454546,1.8160919540229885
2022-10-29,Southampton,Crystal Palace,0,1,H,12,14,3,4,13,12,8,4,3,,0,,2022,A,3.0,0.0,0,0.0,0.0,0.0,0,3,1.3333333333333333,1.0674157303370786,1.2272727272727273
2022-11-06,Southampton,Newcastle United,1,4,A,16,7,5,4,7,10,8,2,1,0.0,0,0.0,2022,H,,,0,0.0,0.0,0.0,0,1,0.3333333333333333,1.0555555555555556,1.3444444444444446
2022-11-12,Southampton,Liverpool,1,3,H,15,9,7,5,8,8,6,0,2,,0,,2022,A,0.0,0.0,0,0.0,0.0,0.0,0,2,0.0,1.043956043956044,2.033333333333333
2022-12-26,Southampton,Brighton and Hove Albion,1,3,A,14,7,4,4,9,10,4,2,1,2.0,0,0.0,2022,H,,,0,0.0,0.0,0.0,0,1,0.0,1.0326086956521738,1.2747252747252746
2022-12-31,Southampton,Fulham,1,2,H,8,9,2,3,8,13,4,4,1,,0,,2022,A,0.0,0.0,0,0.0,0.0,0.0,0,1,0.0,1.021505376344086,0.9636363636363636
2023-01-04,Southampton,Nottingham Forest,0,1,A,8,11,0,1,14,17,6,2,2,2.0,0,0.0,2023,H,,,0,0.0,0.0,0.0,0,2,0.0,1.0106382978723405,0.9444444444444444
2023-01-14,Southampton,Everton,2,1,A,12,13,4,5,7,19,6,4,3,,0,,2023,A,0.0,0.0,3,0.0,0.0,0.0,0,3,1.0,1.0315789473684212,1.1894736842105262
2023-01-21,Southampton,Aston Villa,0,1,A,8,16,5,5,19,9,2,2,1,2.0,0,0.0,2023,H,,,0,0.0,0.0,0.0,0,1,1.0,1.0208333333333333,1.3333333333333333
2023-02-04,Southampton,Brentford,0,3,H,14,14,4,6,10,9,4,4,2,,0,,2023,A,1.0,0.0,0,0.0,0.0,0.0,0,2,1.0,1.0103092783505154,1.3389830508474576
2023-02-11,Southampton,Wolverhampton Wanderers,1,2,A,17,11,2,2,12,14,5,2,2,2.0,0,1.0,2023,H,,,0,0.0,0.0,0.0,0,2,0.0,1.0,1.2142857142857142
2023-02-18,Southampton,Chelsea,1,0,A,17,8,5,5,16,24,8,2,6,,0,,2023,A,3.0,0.0,3,0.0,0.0,0.0,1,6,1.0,1.02020202020202,1.7373737373737375
2023-02-25,Southampton,Leeds United,0,1,H,14,8,4,2,15,13,9,2,4,,0,,2023,A,2.0,0.0,0,0.0,0.0,0.0,0,4,1.0,1.01,1.19
2023-03-04,Southampton,Leicester City,1,0,H,11,11,5,0,12,11,3,4,4,2.0,0,0.0,2023,H,,,3,0.0,0.0,0.0,1,4,2.0,1.0297029702970297,1.4059405940594059
2023-03-12,Southampton,Manchester United,0,0,D,10,17,4,4,12,9,7,8,0,,0,,2023,A,2.0,0.0,1,0.0,0.0,0.0,1,0,1.3333333333333333,1.0294117647058822,1.7843137254901962
2023-03-15,Southampton,Brentford,0,2,A,7,11,1,5,14,10,3,3,1,2.0,0,0.0,2023,H,,,0,0.0,0.0,0.0,0,1,1.3333333333333333,1.0194174757281553,1.359375
2023-03-18,Southampton,Tottenham Hotspur,3,3,D,19,17,7,3,13,8,10,3,1,1.0,0,0.0,2023,H,,,1,0.0,0.0,0.0,0,1,0.6666666666666666,1.0192307692307692,1.75
2023-04-02,Southampton,West Ham United,0,1,H,12,9,2,3,10,11,5,3,2,,0,,2023,A,0.0,0.0,0,0.0,0.0,0.0,0,2,0.3333333333333333,1.0095238095238095,1.4368932038834952
2023-04-08,Southampton,Manchester City,1,4,A,4,13,1,8,6,10,0,10,0,2.0,0,0.0,2023,H,,,0,0.0,0.0,0.0,0,0,0.3333333333333333,1.0,2.342857142857143
2023-04-15,Southampton,Crystal Palace,0,2,A,11,9,4,2,6,13,6,2,3,1.0,0,0.0,2023,H,,,0,0.0,0.0,0.0,0,3,0.0,0.9906542056074766,1.1962616822429906
2023-04-21,Southampton,Arsenal,3,3,D,25,8,6,6,10,14,7,2,5,,0,,2023,A,1.0,0.0,1,0.0,0.0,0.0,0,5,0.3333333333333333,0.9907407407407407,1.8981481481481481
2023-04-27,Southampton,Bournemouth,0,1,A,11,16,2,2,9,11,6,4,0,3.0,0,0.0,2023,H,,,0,0.0,0.0,0.0,0,0,0.3333333333333333,0.981651376146789,1.0909090909090908
2023-04-30,Southampton,Newcastle United,1,3,H,22,4,5,3,7,10,11,2,4,,0,,2023,A,1.0,0.0,0,0.0,0.0,0.0,0,4,0.3333333333333333,0.9727272727272728,1.4587155963302751
2023-05-08,Southampton,Nottingham Forest,3,4,H,9,19,4,5,16,10,2,11,0,,0,,2023,A,1.0,0.0,0,0.0,0.0,0.0,0,0,0.0,0.963963963963964,0.9428571428571428
2023-05-13,Southampton,Fulham,0,2,A,5,9,1,4,17,12,1,8,2,0.0,0,0.0,2023,H,,,0,0.0,0.0,0.0,0,2,0.0,0.9553571428571429,1.0675675675675675
2023-05-21,Southampton,Brighton and Hove Albion,1,3,H,26,5,8,1,8,9,4,3,5,,0,,2023,A,2.0,0.0,0,0.0,0.0,0.0,0,5,0.0,0.9469026548672567,1.3660714285714286
2023-05-28,Southampton,Liverpool,4,4,D,15,30,10,8,4,10,2,9,0,2.0,0,0.0,2023,H,,,1,0.0,0.0,0.0,0,0,0.3333333333333333,0.9473684210526315,2.0
2024-08-17,Southampton,Newcastle United,0,1,H,3,19,1,4,15,16,3,12,4,,0,,2024,A,2.0,1.0,0,0.0,0.0,0.0,0,4,0.3333333333333333,0.9391304347826087,1.4901960784313726
2024-08-24,Southampton,Nottingham Forest,0,1,A,5,23,1,8,14,14,4,10,3,3.0,0,0.0,2024,H,,,0,0.0,0.0,0.0,0,3,0.3333333333333333,0.9310344827586207,1.0
2024-08-31,Southampton,Brentford,1,3,H,20,18,7,6,10,7,2,8,1,,0,,2024,A,2.0,0.0,0,0.0,0.0,0.0,0,1,0.0,0.9230769230769231,1.2820512820512822
2024-09-14,Southampton,Manchester United,0,3,A,6,20,4,10,11,14,0,7,1,4.0,1,0.0,2024,H,,,0,0.0,0.0,0.0,0,3,0.0,0.9152542372881356,1.75
2024-09-21,Southampton,Ipswich Town,1,1,D,11,13,3,6,16,16,2,10,4,4.0,0,0.0,2024,H,,,1,0.0,0.0,0.0,0,4,0.3333333333333333,0.9159663865546218,0.6
2024-09-30,Southampton,Bournemouth,1,3,H,14,9,6,3,19,12,7,4,5,,0,,2024,A,2.0,0.0,0,0.0,0.0,0.0,0,5,0.3333333333333333,0.9083333333333333,1.1585365853658536
2024-10-05,Southampton,Arsenal,1,3,H,29,8,6,2,10,9,13,1,3,,0,,2024,A,0.0,0.0,0,0.0,0.0,0.0,0,3,0.3333333333333333,0.9008264462809917,2.0125786163522013
2024-10-19,Southampton,Leicester City,2,3,A,14,18,7,4,10,10,10,6,5,3.0,1,0.0,2024,H,,,0,0.0,0.0,0.0,0,7,0.0,0.8934426229508197,1.319672131147541
2024-10-26,Southampton,Manchester City,0,1,H,22,5,8,2,9,9,12,1,3,,0,,2024,A,1.0,0.0,0,0.0,0.0,0.0,0,3,0.0,0.8861788617886179,2.372670807453416
2024-11-02,Southampton,Everton,1,0,H,9,16,2,5,14,18,3,6,4,2.0,0,0.0,2024,H,,,3,0.0,0.0,0.0,1,4,1.0,0.9032258064516129,1.1790123456790123
2024-11-09,Southampton,Wolverhampton Wanderers,0,2,H,8,9,4,0,14,12,1,9,4,,0,,2024,A,1.0,0.0,0,0.0,0.0,0.0,0,4,1.0,0.896,1.1595092024539877
2024-11-24,Southampton,Liverpool,2,3,A,7,27,5,11,11,9,3,10,3,4.0,0,0.0,2024,H,,,0,0.0,0.0,0.0,0,3,1.0,0.8888888888888888,2.0792682926829267
2024-11-29,Southampton,Brighton and Hove Albion,1,1,D,22,10,5,2,20,16,7,6,4,,0,,2024,A,2.0,0.0,1,0.0,0.0,0.0,0,4,0.3333333333333333,0.889763779527559,1.3636363636363635
2024-12-04,Southampton,Chelsea,1,5,A,6,26,4,13,7,14,5,7,1,0.0,1,0.0,2024,H,,,0,0.0,0.0,0.0,0,3,0.3333333333333333,0.8828125,1.6626506024096386
2024-12-07,Southampton,Aston Villa,0,1,H,18,4,5,0,18,15,14,1,3,,0,,2024,A,1.0,0.0,0,0.0,0.0,0.0,0,3,0.3333333333333333,0.875968992248062,1.5209580838323353
2024-12-15,Southampton,Tottenham Hotspur,0,5,A,9,18,3,9,8,15,2,5,1,3.0,0,0.0,2024,H,,,0,0.0,0.0,0.0,0,1,0.0,0.8692307692307693,1.6785714285714286
2024-12-22,Southampton,Fulham,0,0,D,16,5,5,1,8,15,6,5,3,,0,,2024,A,1.0,0.0,1,0.0,0.0,0.0,1,3,0.3333333333333333,0.8702290076335878,1.1603053435114503
2024-12-26,Southampton,West Ham United,0,1,A,18,16,5,2,15,8,2,2,1,2.0,0,0.0,2024,H,,,0,0.0,0.0,0.0,0,1,0.3333333333333333,0.8636363636363636,1.388235294117647
2024-12-29,Southampton,Crystal Palace,1,2,H,19,7,10,3,18,19,8,7,3,,0,,2024,A,2.0,0.0,0,0.0,0.0,0.0,0,3,0.3333333333333333,0.8571428571428571,1.2046783625730995
2025-01-04,Southampton,Brentford,0,5,A,8,20,1,11,10,4,2,2,2,0.0,0,0.0,2025,H,,,0,0.0,0.0,0.0,0,2,0.0,0.8507462686567164,1.2761194029850746
2025-01-16,Southampton,Manchester United,1,3,H,23,13,9,5,7,10,5,4,3,,0,,2025,A,1.0,0.0,0,0.0,0.0,0.0,0,3,0.0,0.8444444444444444,1.69364161849711
2025-01-19,Southampton,Nottingham Forest,2,3,H,14,10,5,4,4,18,2,8,4,,0,,2025,A,0.0,0.0,0,0.0,0.0,0.0,0,4,0.0,0.8382352941176471,1.2040816326530612
2025-01-25,Southampton,Newcastle United,1,3,A,12,17,5,9,10,5,3,8,1,0.0,0,0.0,2025,H,,,0,0.0,0.0,0.0,0,1,0.0,0.8321167883211679,1.52
2025-02-01,Southampton,Ipswich Town,2,1,A,15,9,6,4,11,14,1,2,3,,0,,2025,A,0.0,0.0,3,0.0,0.0,0.0,0,3,1.0,0.8478260869565217,0.6666666666666666
2025-02-15,Southampton,Bournemouth,1,3,A,11,14,4,7,13,15,4,6,1,3.0,0,0.0,2025,H,,,0,0.0,0.0,0.0,0,1,1.0,0.841726618705036,1.2871287128712872
2025-02-22,Southampton,Brighton and Hove Albion,0,4,A,6,18,1,12,11,12,5,6,2,0.0,0,0.0,2025,H,,,0,0.0,0.0,0.0,0,2,1.0,0.8357142857142857,1.3595505617977528
2025-02-25,Southampton,Chelsea,0,4,H,19,7,10,2,6,9,4,2,2,,0,,2025,A,1.0,0.0,0,0.0,0.0,0.0,0,2,0.0,0.8297872340425532,1.6424581005586592
2025-03-08,Southampton,Liverpool,1,3,H,28,6,7,4,10,9,6,4,1,,0,,2025,A,2.0,0.0,0,0.0,0.0,0.0,0,1,0.0,0.823943661971831,2.0994475138121547
2025-03-15,Southampton,Wolverhampton Wanderers,1,2,A,10,5,3,3,12,13,5,1,0,0.0,0,0.0,2025,H,,,0,0.0,0.0,0.0,0,0,0.0,0.8181818181818182,1.1546961325966851
2025-04-02,Southampton,Crystal Palace,1,1,D,8,9,2,3,14,9,2,2,2,1.0,0,0.0,2025,H,,,1,0.0,0.0,0.0,0,2,0.3333333333333333,0.8194444444444444,1.2486187845303867
2025-04-06,Southampton,Tottenham Hotspur,1,3,H,13,12,8,4,16,20,4,1,1,,0,,2025,A,1.0,0.0,0,0.0,0.0,0.0,0,1,0.3333333333333333,0.8137931034482758,1.6174863387978142
2025-04-12,Southampton,Aston Villa,0,3,A,7,25,2,10,11,4,2,14,3,1.0,0,0.0,2025,H,,,0,0.0,0.0,0.0,0,3,0.3333333333333333,0.8082191780821918,1.5380434782608696
2025-04-19,Southampton,West Ham United,1,1,D,12,15,4,4,14,13,2,5,1,,0,,2025,A,2.0,0.0,1,0.0,0.0,0.0,0,1,0.3333333333333333,0.8095238095238095,1.345945945945946
2025-04-26,Southampton,Fulham,1,2,A,7,26,3,5,10,12,0,13,1,1.0,0,0.0,2025,H,,,0,0.0,0.0,0.0,0,1,0.3333333333333333,0.8040540540540541,1.2027027027027026
2025-05-03,Southampton,Leicester City,0,2,H,14,8,4,2,12,13,7,7,3,,0,,2025,A,1.0,0.0,0,0.0,0.0,0.0,0,3,0.3333333333333333,0.7986577181208053,1.1610738255033557
2025-05-10,Southampton,Manchester City,0,0,D,2,26,0,5,9,8,1,15,2,0.0,0,0.0,2025,H,,,1,0.0,0.0,0.0,1,2,0.3333333333333333,0.8,2.25531914893617
2025-05-18,Southampton,Everton,0,2,H,13,6,5,2,6,10,4,5,1,,0,,2025,A,1.0,0.0,0,0.0,0.0,0.0,0,1,0.3333333333333333,0.7947019867549668,1.2010582010582012
2025-05-25,Southampton,Arsenal,1,2,A,7,23,2,8,7,8,5,8,0,0.0,0,0.0,2025,H,,,0,0.0,0.0,0.0,0,0,0.3333333333333333,0.7894736842105263,1.9842105263157894
2025-08-16,Sunderland,West Ham United,3,0,H,10,12,5,4,8,10,5,7,0,1.0,0,0.0,2025,H,,,3,0.0,0.0,0.0,1,0,3.0,3.0,1.3403141361256545
2025-08-23,Sunderland,Burnley,0,2,H,7,9,2,1,9,5,4,3,1,,0,,2025,A,0.0,0.0,0,0.0,0.0,0.0,0,1,1.5,1.5,0.8706896551724138
2025-08-30,Sunderland,Brentford,2,1,H,12,7,3,4,11,12,3,4,3,2.0,0,0.0,2025,H,,,3,0.0,0.0,0.0,0,3,2.0,2.0,1.3096774193548386
2025-09-13,Sunderland,Crystal Palace,0,0,D,14,6,6,0,10,8,5,3,1,,0,,2025,A,1.0,0.0,1,0.0,0.0,0.0,1,1,1.3333333333333333,1.75,1.2628865979381443
2025-09-21,Sunderland,Aston Villa,1,1,D,14,12,4,2,14,8,6,5,2,1.0,1,0.0,2025,H,,,1,0.0,0.0,0.0,0,4,1.6666666666666667,1.6,1.528205128205128
2025-09-27,Sunderland,Nottingham Forest,1,0,A,22,11,6,3,11,6,7,4,2,,0,,2025,A,4.0,0.0,3,0.0,0.0,0.0,1,2,1.6666666666666667,1.8333333333333333,1.2
2025-10-04,Sunderland,Manchester United,0,2,H,15,8,6,3,10,12,2,3,4,,0,,2025,A,1.0,0.0,0,0.0,0.0,0.0,0,4,1.3333333333333333,1.5714285714285714,1.619289340101523
2025-10-18,Sunderland,Wolverhampton Wanderers,2,0,H,8,16,2,3,5,12,3,2,0,0.0,0,0.0,2025,H,,,3,0.0,0.0,0.0,1,0,2.0,1.75,1.1464646464646464
2025-10-25,Sunderland,Chelsea,2,1,A,16,10,7,4,15,13,9,1,1,,0,,2025,A,1.0,0.0,3,0.0,0.0,0.0,0,1,2.0,1.8888888888888888,1.6633165829145728
2025-11-03,Sunderland,Everton,1,1,D,17,8,3,2,10,12,4,1,3,2.0,0,0.0,2025,H,,,1,0.0,0.0,0.0,0,3,2.3333333333333335,1.8,1.21
2025-11-08,Sunderland,Arsenal,2,2,D,6,17,2,7,13,13,2,2,2,1.0,0,0.0,2025,H,,,1,0.0,0.0,0.0,0,2,1.6666666666666667,1.7272727272727273,2.0049751243781095
2020-09-13,Tottenham Hotspur,Everton,0,1,A,9,15,5,4,15,7,5,3,1,0.0,0,0.0,2020,H,,,0,0.0,0.0,0.0,0,1,0.0,0.0,3.0
2020-09-20,Tottenham Hotspur,Southampton,5,2,A,14,9,7,6,16,18,3,2,3,,0,,2020,A,4.0,0.0,3,0.0,0.0,0.0,0,3,1.5,1.5,0.0
2020-09-27,Tottenham Hotspur,Newcastle United,1,1,D,23,6,12,1,15,9,10,4,1,4.0,0,0.0,2020,H,,,1,0.0,0.0,0.0,0,1,1.3333333333333333,1.3333333333333333,1.3333333333333333
2020-10-04,Tottenham Hotspur,Manchester United,6,1,A,5,22,2,8,14,10,2,4,1,,0,,2020,A,2.0,1.0,3,0.0,0.0,0.0,0,1,2.3333333333333335,1.75,1.0
2020-10-18,Tottenham Hotspur,West Ham United,3,3,D,11,13,6,4,13,12,3,7,0,5.0,0,0.0,2020,H,,,1,0.0,0.0,0.0,0,0,1.6666666666666667,1.6,1.4
2020-10-26,Tottenham Hotspur,Burnley,1,0,A,13,9,4,3,9,7,4,5,0,,0,,2020,A,2.0,0.0,3,0.0,0.0,0.0,1,0,2.3333333333333335,1.8333333333333333,0.2
2020-11-01,Tottenham Hotspur,Brighton and Hove Albion,2,1,H,9,6,3,2,14,13,4,5,2,1.0,0,0.0,2020,H,,,3,0.0,0.0,0.0,0,2,2.3333333333333335,2.0,0.7142857142857143
2020-11-08,Tottenham Hotspur,West Brom,1,0,A,12,19,2,5,17,12,9,6,0,,0,,2020,A,1.0,0.0,3,0.0,0.0,0.0,1,0,3.0,2.125,0.375
2020-11-21,Tottenham Hotspur,Manchester City,2,0,H,4,22,2,5,13,19,0,10,2,2.0,0,0.0,2020,H,,,3,0.0,0.0,0.0,1,2,3.0,2.2222222222222223,1.5
2020-11-29,Tottenham Hotspur,Chelsea,0,0,D,13,5,3,1,20,9,3,3,2,,0,,2020,A,4.0,0.0,1,0.0,0.0,0.0,1,2,2.3333333333333335,2.1,1.9
2020-12-06,Tottenham Hotspur,Arsenal,2,0,H,6,11,3,2,16,12,3,9,1,2.0,0,0.0,2020,H,,,3,0.0,0.0,0.0,1,1,2.3333333333333335,2.1818181818181817,1.1818181818181819
2020-12-13,Tottenham Hotspur,Crystal Palace,1,1,D,16,14,5,6,15,11,4,7,1,,0,,2020,A,1.0,0.0,1,0.0,0.0,0.0,0,1,1.6666666666666667,2.0833333333333335,1.4166666666666667
2020-12-16,Tottenham Hotspur,Liverpool,1,2,H,17,8,11,2,8,9,7,4,2,,0,,2020,A,0.0,0.0,0,0.0,0.0,0.0,0,2,1.3333333333333333,1.9230769230769231,2.1538461538461537
2020-12-20,Tottenham Hotspur,Leicester City,0,2,A,8,17,3,4,15,14,5,3,2,2.0,0,0.0,2020,H,,,0,0.0,0.0,0.0,0,2,0.3333333333333333,1.7857142857142858,1.9285714285714286
2020-12-27,Tottenham Hotspur,Wolverhampton Wanderers,1,1,D,11,6,6,3,20,13,9,2,1,,0,,2020,A,4.0,0.0,1,0.0,0.0,0.0,0,1,0.3333333333333333,1.7333333333333334,1.4
2021-01-02,Tottenham Hotspur,Leeds United,3,0,H,20,18,7,5,15,13,3,5,2,1.0,1,0.0,2021,H,,,3,0.0,0.0,0.0,1,4,1.3333333333333333,1.8125,1.3529411764705883
2021-01-13,Tottenham Hotspur,Fulham,1,1,D,15,15,6,4,13,15,6,5,1,2.0,0,0.0,2021,H,,,1,0.0,0.0,0.0,0,1,1.6666666666666667,1.7647058823529411,0.75
2021-01-17,Tottenham Hotspur,Sheffield United,3,1,A,15,14,5,5,13,4,5,7,0,,0,,2021,A,4.0,0.0,3,0.0,0.0,0.0,0,0,2.3333333333333335,1.8333333333333333,0.2631578947368421
2021-01-28,Tottenham Hotspur,Liverpool,1,3,A,3,14,2,7,9,11,1,2,1,2.0,0,0.0,2021,H,,,0,0.0,0.0,0.0,0,1,1.3333333333333333,1.736842105263158,1.85
2021-01-31,Tottenham Hotspur,Brighton and Hove Albion,0,1,H,16,8,5,4,11,11,9,2,1,,0,,2021,A,2.0,0.0,0,0.0,0.0,0.0,0,1,1.0,1.65,1.0
2021-02-04,Tottenham Hotspur,Chelsea,0,1,A,7,18,2,2,20,14,2,7,2,3.0,0,0.0,2021,H,,,0,0.0,0.0,0.0,0,2,0.0,1.5714285714285714,1.6363636363636365
2021-02-07,Tottenham Hotspur,West Brom,2,0,H,13,4,6,1,16,12,8,0,1,2.0,0,0.0,2021,H,,,3,0.0,0.0,0.0,1,1,1.0,1.6363636363636365,0.5217391304347826
2021-02-13,Tottenham Hotspur,Manchester City,0,3,H,15,7,6,3,12,13,4,2,3,,0,,2021,A,1.0,0.0,0,0.0,0.0,0.0,0,3,1.0,1.565217391304348,2.3043478260869565
2021-02-21,Tottenham Hotspur,West Ham United,1,2,H,4,20,4,4,14,7,5,7,3,,0,,2021,A,4.0,0.0,0,0.0,0.0,0.0,0,3,1.0,1.5,1.8
2021-02-28,Tottenham Hotspur,Burnley,4,0,H,16,10,7,3,6,10,3,4,0,0.0,0,0.0,2021,H,,,3,0.0,0.0,0.0,1,0,1.0,1.56,1.0769230769230769
2021-03-04,Tottenham Hotspur,Fulham,1,0,A,11,9,3,2,13,9,4,1,1,,0,,2021,A,2.0,0.0,3,0.0,0.0,0.0,1,1,2.0,1.6153846153846154,0.8518518518518519
2021-03-07,Tottenham Hotspur,Crystal Palace,4,1,H,12,5,5,1,8,17,1,5,2,3.0,0,0.0,2021,H,,,3,0.0,0.0,0.0,0,2,3.0,1.6666666666666667,1.2142857142857142
2021-03-14,Tottenham Hotspur,Arsenal,1,2,H,13,6,3,3,12,14,6,3,2,,1,,2021,A,1.0,0.0,0,0.0,0.0,0.0,0,4,2.0,1.6071428571428572,1.4642857142857142
2021-03-21,Tottenham Hotspur,Aston Villa,2,0,A,8,9,1,3,18,13,5,8,2,,0,,2021,A,3.0,0.0,3,0.0,0.0,0.0,1,2,2.0,1.6551724137931034,1.4642857142857142
2021-04-04,Tottenham Hotspur,Newcastle United,2,2,D,22,11,6,5,13,14,7,3,2,,0,,2021,A,3.0,0.0,1,0.0,0.0,0.0,0,2,1.3333333333333333,1.6333333333333333,0.9666666666666667
2021-04-11,Tottenham Hotspur,Manchester United,1,3,A,12,12,3,7,11,15,7,5,1,5.0,0,0.0,2021,H,,,0,0.0,0.0,0.0,0,1,1.3333333333333333,1.5806451612903225,2.032258064516129
2021-04-16,Tottenham Hotspur,Everton,2,2,D,18,12,7,3,8,8,6,3,1,,0,,2021,A,1.0,0.0,1,0.0,0.0,0.0,0,1,0.6666666666666666,1.5625,1.5806451612903225
2021-04-21,Tottenham Hotspur,Southampton,2,1,H,12,10,3,5,10,14,5,5,2,1.0,0,0.0,2021,H,,,3,0.0,0.0,0.0,0,2,1.3333333333333333,1.606060606060606,1.125
2021-05-02,Tottenham Hotspur,Sheffield United,4,0,H,20,8,11,1,8,9,6,6,1,1.0,0,0.0,2021,H,,,3,0.0,0.0,0.0,1,1,2.3333333333333335,1.6470588235294117,0.5
2021-05-08,Tottenham Hotspur,Leeds United,1,3,H,16,11,7,3,12,10,8,6,2,,0,,2021,A,1.0,0.0,0,0.0,0.0,0.0,0,2,2.0,1.6,1.4285714285714286
2021-05-16,Tottenham Hotspur,Wolverhampton Wanderers,2,0,H,24,15,13,3,8,11,10,3,1,0.0,0,0.0,2021,H,,,3,0.0,0.0,0.0,1,1,2.0,1.6388888888888888,1.25
2021-05-19,Tottenham Hotspur,Aston Villa,1,2,A,10,20,4,4,14,13,4,5,1,1.0,0,0.0,2021,H,,,0,0.0,0.0,0.0,0,1,1.0,1.5945945945945945,1.4054054054054055
2021-05-23,Tottenham Hotspur,Leicester City,4,2,A,10,11,6,4,9,8,8,7,2,,0,,2021,A,0.0,0.0,3,0.0,0.0,0.0,0,2,2.0,1.631578947368421,1.736842105263158
2021-08-15,Tottenham Hotspur,Manchester City,1,0,H,13,18,3,4,11,8,3,11,2,1.0,0,0.0,2021,H,,,3,0.0,0.0,0.0,1,2,2.0,1.6666666666666667,2.2051282051282053
2021-08-22,Tottenham Hotspur,Wolverhampton Wanderers,1,0,A,25,8,6,6,9,7,5,4,4,,0,,2021,A,1.0,0.0,3,0.0,0.0,0.0,1,4,3.0,1.7,1.125
2021-08-29,Tottenham Hotspur,Watford,1,0,H,15,9,8,2,8,14,10,3,3,3.0,0,0.0,2021,H,,,3,0.0,0.0,0.0,1,3,3.0,1.7317073170731707,1.0
2021-09-11,Tottenham Hotspur,Crystal Palace,0,3,H,18,2,4,1,13,15,8,2,1,,1,,2021,A,2.0,0.0,0,0.0,0.0,0.0,0,3,2.0,1.6904761904761905,1.1666666666666667
2021-09-19,Tottenham Hotspur,Chelsea,0,3,A,8,20,2,10,4,15,5,11,0,1.0,0,0.0,2021,H,,,0,0.0,0.0,0.0,0,0,1.0,1.6511627906976745,1.8604651162790697
2021-09-26,Tottenham Hotspur,Arsenal,1,3,H,12,10,7,4,12,13,4,4,1,,0,,2021,A,2.0,0.0,0,0.0,0.0,0.0,0,1,0.0,1.6136363636363635,1.5909090909090908
2021-10-03,Tottenham Hotspur,Aston Villa,2,1,H,17,14,8,3,11,14,5,8,2,1.0,0,0.0,2021,H,,,3,0.0,0.0,0.0,0,2,1.0,1.6444444444444444,1.4444444444444444
2021-10-17,Tottenham Hotspur,Newcastle United,3,2,A,7,14,1,4,13,4,2,9,1,,0,,2021,A,4.0,1.0,3,0.0,0.0,0.0,0,1,2.0,1.673913043478261,1.0434782608695652
2021-10-24,Tottenham Hotspur,West Ham United,0,1,H,13,7,4,4,11,4,2,4,1,,0,,2021,A,2.0,0.0,0,0.0,0.0,0.0,0,1,2.0,1.6382978723404256,1.7446808510638299
2021-10-30,Tottenham Hotspur,Manchester United,0,3,A,9,10,0,4,12,14,10,2,2,3.0,0,0.0,2021,H,,,0,0.0,0.0,0.0,0,2,1.0,1.6041666666666667,1.8958333333333333
2021-11-07,Tottenham Hotspur,Everton,0,0,D,12,8,2,0,13,17,4,2,4,,0,,2021,A,2.0,1.0,1,0.0,0.0,0.0,1,4,0.3333333333333333,1.5918367346938775,1.510204081632653
2021-11-21,Tottenham Hotspur,Leeds United,2,1,H,13,18,4,7,11,12,4,8,1,4.0,0,0.0,2021,H,,,3,0.0,0.0,0.0,0,1,1.3333333333333333,1.62,1.4
2021-12-02,Tottenham Hotspur,Brentford,2,0,H,11,6,6,2,13,11,11,5,0,0.0,0,0.0,2021,H,,,3,0.0,0.0,0.0,1,0,2.3333333333333335,1.6470588235294117,1.1428571428571428
2021-12-05,Tottenham Hotspur,Norwich City,3,0,H,17,10,7,1,11,4,6,4,1,2.0,0,0.0,2021,H,,,3,0.0,0.0,0.0,1,1,3.0,1.6730769230769231,0.6666666666666666
2021-12-19,Tottenham Hotspur,Liverpool,2,2,D,10,18,5,6,12,11,6,4,4,4.0,0,1.0,2021,H,,,1,0.0,0.0,0.0,0,4,2.3333333333333335,1.6603773584905661,1.9642857142857142
2021-12-26,Tottenham Hotspur,Crystal Palace,3,0,H,17,4,6,0,16,10,4,2,1,1.0,0,1.0,2021,H,,,3,0.0,0.0,0.0,1,1,2.3333333333333335,1.6851851851851851,1.1428571428571428
2021-12-28,Tottenham Hotspur,Southampton,1,1,D,9,21,2,11,15,5,3,7,2,,0,,2021,A,2.0,1.0,1,0.0,0.0,0.0,0,2,1.6666666666666667,1.6727272727272726,1.1228070175438596
2022-01-01,Tottenham Hotspur,Watford,1,0,A,6,21,4,9,6,9,3,7,1,,0,,2022,A,0.0,0.0,3,0.0,0.0,0.0,1,1,2.3333333333333335,1.6964285714285714,0.7222222222222222
2022-01-19,Tottenham Hotspur,Leicester City,3,2,A,14,27,4,10,6,12,3,8,2,,0,,2022,A,1.0,0.0,3,0.0,0.0,0.0,0,2,2.3333333333333335,1.719298245614035,1.5964912280701755
2022-01-23,Tottenham Hotspur,Chelsea,0,2,H,15,6,7,3,17,14,10,3,1,,0,,2022,A,2.0,0.0,0,0.0,0.0,0.0,0,1,2.0,1.6896551724137931,1.8387096774193548
2022-02-09,Tottenham Hotspur,Southampton,2,3,A,8,23,3,10,7,13,2,8,2,3.0,0,0.0,2022,H,,,0,0.0,0.0,0.0,0,2,1.0,1.6610169491525424,1.1639344262295082
2022-02-13,Tottenham Hotspur,Wolverhampton Wanderers,0,2,A,17,11,7,7,13,13,7,3,3,1.0,0,0.0,2022,H,,,0,0.0,0.0,0.0,0,3,0.0,1.6333333333333333,1.3442622950819672
2022-02-19,Tottenham Hotspur,Manchester City,3,2,A,21,6,4,5,5,7,10,0,3,,0,,2022,A,0.0,0.0,3,0.0,0.0,0.0,0,3,1.0,1.6557377049180328,2.328125
2022-02-23,Tottenham Hotspur,Burnley,0,1,H,15,12,4,2,8,8,3,7,0,,0,,2022,A,0.0,0.0,0,0.0,0.0,0.0,0,0,1.0,1.6290322580645162,0.9672131147540983
2022-02-26,Tottenham Hotspur,Leeds United,4,0,A,19,15,3,11,16,11,3,6,2,,0,,2022,A,4.0,0.0,3,0.0,0.0,0.0,1,2,2.0,1.6507936507936507,1.28125
2022-03-07,Tottenham Hotspur,Everton,5,0,H,14,6,7,0,15,10,5,2,2,0.0,0,0.0,2022,H,,,3,0.0,0.0,0.0,1,2,2.0,1.671875,1.2857142857142858
2022-03-12,Tottenham Hotspur,Manchester United,2,3,H,10,10,6,3,8,7,4,5,1,,0,,2022,A,2.0,0.0,0,0.0,0.0,0.0,0,1,2.0,1.646153846153846,1.8507462686567164
2022-03-16,Tottenham Hotspur,Brighton and Hove Albion,2,0,A,15,17,0,7,11,9,6,3,2,,0,,2022,A,2.0,0.0,3,0.0,0.0,0.0,1,2,2.0,1.6666666666666667,1.1044776119402986
2022-03-20,Tottenham Hotspur,West Ham United,3,1,H,17,6,4,1,7,7,5,3,0,1.0,0,0.0,2022,H,,,3,0.0,0.0,0.0,0,0,2.0,1.6865671641791045,1.661764705882353
2022-04-03,Tottenham Hotspur,Newcastle United,5,1,H,19,8,6,1,10,7,2,3,2,3.0,0,0.0,2022,H,,,3,0.0,0.0,0.0,0,2,3.0,1.7058823529411764,1.1176470588235294
2022-04-09,Tottenham Hotspur,Aston Villa,4,0,A,9,11,8,5,12,14,9,3,3,,0,,2022,A,2.0,0.0,3,0.0,0.0,0.0,1,3,3.0,1.7246376811594204,1.318840579710145
2022-04-16,Tottenham Hotspur,Brighton and Hove Albion,0,1,A,5,12,0,5,14,10,4,4,3,3.0,0,0.0,2022,H,,,0,0.0,0.0,0.0,0,3,2.0,1.7,1.1571428571428573
2022-04-23,Tottenham Hotspur,Brentford,0,0,D,15,9,2,0,8,7,12,8,1,,0,,2022,A,2.0,0.0,1,0.0,0.0,0.0,1,1,1.3333333333333333,1.6901408450704225,1.1764705882352942
2022-05-01,Tottenham Hotspur,Leicester City,3,1,H,13,6,7,2,13,8,7,3,2,3.0,0,0.0,2022,H,,,3,0.0,0.0,0.0,0,2,1.3333333333333333,1.7083333333333333,1.5211267605633803
2022-05-07,Tottenham Hotspur,Liverpool,1,1,D,22,8,3,3,12,8,11,5,2,,0,,2022,A,3.0,0.0,1,0.0,0.0,0.0,0,2,1.6666666666666667,1.6986301369863013,2.0821917808219177
2022-05-12,Tottenham Hotspur,Arsenal,3,0,H,16,8,6,4,8,15,2,2,1,3.0,0,1.0,2022,H,,,3,0.0,0.0,0.0,1,1,2.3333333333333335,1.7162162162162162,1.7162162162162162
2022-05-15,Tottenham Hotspur,Burnley,1,0,H,21,8,8,1,12,8,8,2,3,2.0,0,0.0,2022,H,,,3,0.0,0.0,0.0,1,3,2.3333333333333335,1.7333333333333334,0.9864864864864865
2022-05-22,Tottenham Hotspur,Norwich City,5,0,A,9,19,0,13,13,7,3,2,1,,0,,2022,A,3.0,0.0,3,0.0,0.0,0.0,1,1,3.0,1.75,0.5789473684210527
2022-08-06,Tottenham Hotspur,Southampton,4,1,H,18,10,8,2,11,6,10,2,3,0.0,0,0.0,2022,H,,,3,0.0,0.0,0.0,0,3,3.0,1.7662337662337662,1.077922077922078
2022-08-14,Tottenham Hotspur,Chelsea,2,2,D,16,10,3,5,9,9,8,5,0,,0,,2022,A,3.0,0.0,1,0.0,0.0,0.0,0,0,2.3333333333333335,1.7564102564102564,1.858974358974359
2022-08-20,Tottenham Hotspur,Wolverhampton Wanderers,1,0,H,11,20,4,3,10,8,8,6,2,2.0,0,0.0,2022,H,,,3,0.0,0.0,0.0,1,2,2.3333333333333335,1.7721518987341771,1.2278481012658229
2022-08-28,Tottenham Hotspur,Nottingham Forest,2,0,A,17,18,1,7,11,13,6,1,1,,0,,2022,A,6.0,0.0,3,0.0,0.0,0.0,1,1,2.3333333333333335,1.7875,1.0
2022-08-31,Tottenham Hotspur,West Ham United,1,1,D,14,13,4,4,10,9,3,4,5,,0,,2022,A,2.0,0.0,1,0.0,0.0,0.0,0,5,2.3333333333333335,1.7777777777777777,1.5432098765432098
2022-09-03,Tottenham Hotspur,Fulham,2,1,H,23,9,10,3,9,6,10,3,3,4.0,0,0.0,2022,H,,,3,0.0,0.0,0.0,0,3,2.3333333333333335,1.7926829268292683,0.8181818181818182
2022-09-17,Tottenham Hotspur,Leicester City,6,2,H,16,19,11,7,9,9,6,1,1,2.0,0,0.0,2022,H,,,3,0.0,0.0,0.0,0,1,2.3333333333333335,1.8072289156626506,1.4337349397590362
2022-10-01,Tottenham Hotspur,Arsenal,1,3,H,22,7,9,3,10,10,5,2,1,,1,,2022,A,2.0,0.0,0,0.0,0.0,0.0,0,3,2.0,1.7857142857142858,1.7976190476190477
2022-10-08,Tottenham Hotspur,Brighton and Hove Albion,1,0,A,14,8,4,3,9,14,6,2,2,,0,,2022,A,1.0,0.0,3,0.0,0.0,0.0,1,2,2.0,1.8,1.2619047619047619
2022-10-15,Tottenham Hotspur,Everton,2,0,H,21,4,7,0,12,13,7,1,1,4.0,0,0.0,2022,H,,,3,0.0,0.0,0.0,1,1,2.0,1.813953488372093,1.255813953488372
2022-10-19,Tottenham Hotspur,Manchester United,0,2,H,28,9,10,2,7,7,8,3,0,,0,,2022,A,1.0,0.0,0,0.0,0.0,0.0,0,0,2.0,1.793103448275862,1.755813953488372
2022-10-23,Tottenham Hotspur,Newcastle United,1,2,A,17,13,5,5,12,6,6,7,4,2.0,0,0.0,2022,H,,,0,0.0,0.0,0.0,0,4,1.0,1.7727272727272727,1.3068181818181819
2022-10-29,Tottenham Hotspur,Bournemouth,3,2,A,6,23,4,7,10,5,2,19,2,,0,,2022,A,1.0,0.0,3,0.0,0.0,0.0,0,2,1.0,1.7865168539325842,1.0
2022-11-06,Tottenham Hotspur,Liverpool,1,2,A,14,13,5,6,10,8,5,3,0,0.0,0,0.0,2022,H,,,0,0.0,0.0,0.0,0,0,1.0,1.7666666666666666,2.0224719101123596
2022-11-12,Tottenham Hotspur,Leeds United,4,3,H,14,12,8,5,8,7,9,2,1,1.0,0,1.0,2022,H,,,3,0.0,0.0,0.0,0,1,2.0,1.7802197802197801,1.2444444444444445
2022-12-26,Tottenham Hotspur,Brentford,2,2,D,9,16,5,8,11,10,6,5,1,,0,,2022,A,3.0,0.0,1,0.0,0.0,0.0,0,1,1.3333333333333333,1.7717391304347827,1.2222222222222223
2023-01-01,Tottenham Hotspur,Aston Villa,0,2,A,6,13,2,4,15,10,5,3,4,3.0,0,0.0,2023,H,,,0,0.0,0.0,0.0,0,4,1.3333333333333333,1.7526881720430108,1.3010752688172043
2023-01-04,Tottenham Hotspur,Crystal Palace,4,0,A,19,14,4,6,11,8,10,4,2,,0,,2023,A,1.0,0.0,3,0.0,0.0,0.0,1,2,1.3333333333333333,1.7659574468085106,1.2258064516129032
2023-01-15,Tottenham Hotspur,Arsenal,0,2,A,17,14,7,5,16,15,4,3,4,2.0,0,0.0,2023,H,,,0,0.0,0.0,0.0,0,4,1.0,1.7473684210526317,1.8829787234042554
2023-01-19,Tottenham Hotspur,Manchester City,2,4,H,16,9,6,3,10,14,8,3,2,,0,,2023,A,1.0,0.0,0,0.0,0.0,0.0,0,2,1.0,1.7291666666666667,2.3263157894736843
2023-01-23,Tottenham Hotspur,Fulham,1,0,A,10,10,5,3,10,10,3,8,3,,0,,2023,A,1.0,0.0,3,0.0,0.0,0.0,1,3,1.0,1.7422680412371134,1.0
2023-02-05,Tottenham Hotspur,Manchester City,1,0,H,12,15,3,5,19,14,4,6,2,3.0,1,0.0,2023,H,,,3,0.0,0.0,0.0,1,4,2.0,1.7551020408163265,2.3092783505154637
2023-02-11,Tottenham Hotspur,Leicester City,1,4,H,15,11,7,4,14,9,1,5,2,,0,,2023,A,5.0,0.0,0,0.0,0.0,0.0,0,2,2.0,1.7373737373737375,1.4489795918367347
2023-02-19,Tottenham Hotspur,West Ham United,2,0,H,16,6,6,1,16,10,4,7,2,1.0,0,0.0,2023,H,,,3,0.0,0.0,0.0,1,2,2.0,1.75,1.4242424242424243
2023-02-26,Tottenham Hotspur,Chelsea,2,0,H,8,10,3,2,10,10,4,4,2,3.0,0,0.0,2023,H,,,3,0.0,0.0,0.0,1,2,2.0,1.7623762376237624,1.72
2023-03-04,Tottenham Hotspur,Wolverhampton Wanderers,0,1,H,8,21,5,6,11,18,4,8,1,,0,,2023,A,1.0,0.0,0,0.0,0.0,0.0,0,1,2.0,1.7450980392156863,1.2058823529411764
2023-03-11,Tottenham Hotspur,Nottingham Forest,3,1,H,15,9,7,5,13,13,2,10,3,1.0,0,0.0,2023,H,,,3,0.0,0.0,0.0,0,3,2.0,1.7572815533980584,1.0
2023-03-18,Tottenham Hotspur,Southampton,3,3,D,19,17,7,3,13,8,10,3,1,,0,,2023,A,1.0,0.0,1,0.0,0.0,0.0,0,1,1.3333333333333333,1.75,1.0192307692307692
2023-04-03,Tottenham Hotspur,Everton,1,1,D,15,8,6,2,10,14,3,3,3,,1,,2023,A,0.0,1.0,1,0.0,0.0,0.0,0,5,1.6666666666666667,1.7428571428571429,1.1904761904761905
2023-04-08,Tottenham Hotspur,Brighton and Hove Albion,2,1,H,9,17,3,4,15,15,3,7,3,1.0,0,0.0,2023,H,,,3,0.0,0.0,0.0,0,3,1.6666666666666667,1.7547169811320755,1.3269230769230769
2023-04-15,Tottenham Hotspur,Bournemouth,2,3,A,24,6,8,6,8,9,8,1,1,2.0,0,0.0,2023,H,,,0,0.0,0.0,0.0,0,1,1.3333333333333333,1.7383177570093458,1.064516129032258
2023-04-23,Tottenham Hotspur,Newcastle United,1,6,H,25,11,8,3,7,13,9,3,3,,0,,2023,A,0.0,0.0,0,0.0,0.0,0.0,0,3,1.0,1.7222222222222223,1.4299065420560748
2023-04-27,Tottenham Hotspur,Manchester United,2,2,D,18,17,7,8,8,7,6,8,1,2.0,0,0.0,2023,H,,,1,0.0,0.0,0.0,0,1,0.3333333333333333,1.7155963302752293,1.794392523364486
2023-04-30,Tottenham Hotspur,Liverpool,3,4,H,12,10,4,7,12,6,5,2,2,,0,,2023,A,3.0,0.0,0,0.0,0.0,0.0,0,2,0.3333333333333333,1.7,1.9908256880733946
2023-05-06,Tottenham Hotspur,Crystal Palace,1,0,H,8,7,3,2,15,14,8,4,3,5.0,0,0.0,2023,H,,,3,0.0,0.0,0.0,1,3,1.3333333333333333,1.7117117117117118,1.1891891891891893
2023-05-13,Tottenham Hotspur,Aston Villa,1,2,H,8,5,4,2,9,14,8,3,3,,0,,2023,A,3.0,0.0,0,0.0,0.0,0.0,0,3,1.0,1.6964285714285714,1.4017857142857142
2023-05-20,Tottenham Hotspur,Brentford,1,3,A,22,11,8,4,11,9,8,2,1,1.0,0,0.0,2023,H,,,0,0.0,0.0,0.0,0,1,1.0,1.6814159292035398,1.36
2023-05-28,Tottenham Hotspur,Leeds United,4,1,A,19,11,2,7,7,5,12,3,0,,0,,2023,A,3.0,0.0,3,0.0,0.0,0.0,0,0,1.0,1.6929824561403508,1.1228070175438596
2023-08-13,Tottenham Hotspur,Brentford,2,2,D,11,18,6,6,12,13,3,6,4,,0,,2023,A,1.0,0.0,1,0.0,0.0,0.0,0,4,1.3333333333333333,1.6869565217391305,1.3766233766233766
2023-08-19,Tottenham Hotspur,Manchester United,2,0,H,17,22,6,6,9,8,5,6,1,3.0,0,0.0,2023,H,,,3,0.0,0.0,0.0,1,1,2.3333333333333335,1.6982758620689655,1.8103448275862069
2023-08-26,Tottenham Hotspur,Bournemouth,2,0,A,11,17,3,6,18,11,6,2,3,,0,,2023,A,1.0,0.0,3,0.0,0.0,0.0,1,3,2.3333333333333335,1.7094017094017093,0.975609756097561
2023-09-02,Tottenham Hotspur,Burnley,5,2,A,16,20,4,10,15,9,7,4,3,,0,,2023,A,4.0,0.0,3,0.0,0.0,0.0,0,3,3.0,1.7203389830508475,0.9367088607594937
2023-09-16,Tottenham Hotspur,Sheffield United,2,1,H,28,7,10,5,13,14,15,2,6,5.0,0,1.0,2023,H,,,3,0.0,0.0,0.0,0,6,3.0,1.73109243697479,0.5581395348837209
2023-09-24,Tottenham Hotspur,Arsenal,2,2,D,13,13,6,5,12,19,11,4,4,,0,,2023,A,3.0,0.0,1,0.0,0.0,0.0,0,4,2.3333333333333335,1.725,1.9
2023-09-30,Tottenham Hotspur,Liverpool,2,1,H,24,12,8,4,11,17,12,5,5,4.0,0,2.0,2023,H,,,3,0.0,0.0,0.0,0,5,2.3333333333333335,1.7355371900826446,2.0165289256198347
2023-10-07,Tottenham Hotspur,Luton Town,1,0,A,12,15,2,4,16,7,5,6,1,,1,,2023,A,2.0,0.0,3,0.0,0.0,0.0,1,3,2.3333333333333335,1.7459016393442623,0.5
2023-10-23,Tottenham Hotspur,Fulham,2,0,H,15,10,5,3,10,14,3,5,2,0.0,0,0.0,2023,H,,,3,0.0,0.0,0.0,1,2,3.0,1.7560975609756098,1.0705882352941176
2023-10-27,Tottenham Hotspur,Crystal Palace,2,1,A,13,10,3,1,19,11,11,2,1,,0,,2023,A,2.0,0.0,3,0.0,0.0,0.0,0,1,3.0,1.7661290322580645,1.2016129032258065
2023-11-06,Tottenham Hotspur,Chelsea,1,4,A,8,17,5,8,12,21,1,6,1,5.0,2,0.0,2023,H,,,0,0.0,0.0,0.0,0,5,2.0,1.752,1.6
2023-11-11,Tottenham Hotspur,Wolverhampton Wanderers,1,2,H,17,6,4,2,19,15,11,3,3,,0,,2023,A,4.0,0.0,0,0.0,0.0,0.0,0,3,1.0,1.7380952380952381,1.2063492063492063
2023-11-26,Tottenham Hotspur,Aston Villa,1,2,A,18,15,8,5,11,13,9,3,0,4.0,0,0.0,2023,H,,,0,0.0,0.0,0.0,0,0,0.0,1.7244094488188977,1.4881889763779528
2023-12-03,Tottenham Hotspur,Manchester City,3,3,D,18,8,4,4,14,14,10,8,4,,0,,2023,A,4.0,0.0,1,0.0,0.0,0.0,0,4,0.3333333333333333,1.71875,2.328125
2023-12-07,Tottenham Hotspur,West Ham United,1,2,A,23,11,7,5,11,12,8,4,3,3.0,0,0.0,2023,H,,,0,0.0,0.0,0.0,0,3,0.3333333333333333,1.7054263565891472,1.434108527131783
2023-12-10,Tottenham Hotspur,Newcastle United,4,1,H,23,9,12,3,10,12,3,6,1,3.0,0,0.0,2023,H,,,3,0.0,0.0,0.0,0,1,1.3333333333333333,1.7153846153846153,1.4692307692307693
2023-12-15,Tottenham Hotspur,Nottingham Forest,2,0,A,15,12,1,6,16,11,6,4,4,,1,,2023,A,2.0,0.0,3,0.0,0.0,0.0,1,6,2.0,1.7251908396946565,0.9454545454545454
2023-12-23,Tottenham Hotspur,Everton,2,1,H,13,18,6,8,6,18,3,8,1,4.0,0,0.0,2023,H,,,3,0.0,0.0,0.0,0,1,3.0,1.7348484848484849,1.2121212121212122
2023-12-28,Tottenham Hotspur,Brighton and Hove Albion,2,4,H,15,19,9,3,18,6,7,6,2,,0,,2023,A,3.0,0.0,0,0.0,0.0,0.0,0,2,2.0,1.7218045112781954,1.3834586466165413
2023-12-31,Tottenham Hotspur,Bournemouth,3,1,H,12,24,6,4,9,18,4,13,3,3.0,0,0.0,2023,H,,,3,0.0,0.0,0.0,0,3,2.0,1.7313432835820894,1.1228070175438596
2024-01-14,Tottenham Hotspur,Manchester United,2,2,D,9,16,2,6,8,5,8,13,1,,0,,2024,A,2.0,0.0,1,0.0,0.0,0.0,0,1,1.3333333333333333,1.7259259259259259,1.7703703703703704
2024-01-31,Tottenham Hotspur,Brentford,3,2,H,19,9,5,5,13,15,5,3,2,3.0,0,0.0,2024,H,,,3,0.0,0.0,0.0,0,2,2.3333333333333335,1.7352941176470589,1.309278350515464
2024-02-03,Tottenham Hotspur,Everton,2,2,D,14,9,5,6,8,14,9,5,0,,0,,2024,A,3.0,0.0,1,0.0,0.0,0.0,0,0,1.6666666666666667,1.72992700729927,1.1897810218978102
2024-02-10,Tottenham Hotspur,Brighton and Hove Albion,2,1,H,16,6,6,3,14,13,9,6,2,3.0,0,0.0,2024,H,,,3,0.0,0.0,0.0,0,2,2.3333333333333335,1.7391304347826086,1.3695652173913044
2024-02-17,Tottenham Hotspur,Wolverhampton Wanderers,1,2,A,15,12,4,7,8,13,10,4,0,1.0,0,0.0,2024,H,,,0,0.0,0.0,0.0,0,0,1.3333333333333333,1.7266187050359711,1.2374100719424461
2024-03-02,Tottenham Hotspur,Crystal Palace,3,1,H,14,4,6,1,7,16,11,1,1,2.0,0,0.0,2024,H,,,3,0.0,0.0,0.0,0,1,2.0,1.7357142857142858,1.1702127659574468
2024-03-10,Tottenham Hotspur,Aston Villa,4,0,A,10,9,1,5,11,15,6,4,2,,0,,2024,A,0.0,1.0,3,0.0,0.0,0.0,1,2,2.0,1.7446808510638299,1.5211267605633803
2024-03-16,Tottenham Hotspur,Fulham,0,3,H,16,14,7,5,9,10,4,5,3,,0,,2024,A,2.0,0.0,0,0.0,0.0,0.0,0,3,2.0,1.732394366197183,1.1238095238095238
2024-03-30,Tottenham Hotspur,Luton Town,2,1,H,17,7,4,3,16,14,3,6,2,4.0,0,0.0,2024,H,,,3,0.0,0.0,0.0,0,2,2.0,1.7412587412587412,0.7333333333333333
2024-04-02,Tottenham Hotspur,West Ham United,1,1,D,11,13,4,4,13,9,9,5,4,,0,,2024,A,1.0,0.0,1,0.0,0.0,0.0,0,4,1.3333333333333333,1.7361111111111112,1.4206896551724137
2024-04-07,Tottenham Hotspur,Nottingham Forest,3,1,H,17,13,7,6,11,12,12,2,2,3.0,0,0.0,2024,H,,,3,0.0,0.0,0.0,0,2,2.3333333333333335,1.7448275862068965,0.9571428571428572
2024-04-13,Tottenham Hotspur,Newcastle United,0,4,H,18,11,5,2,14,12,16,3,4,,0,,2024,A,0.0,0.0,0,0.0,0.0,0.0,0,4,1.3333333333333333,1.7328767123287672,1.4726027397260273
2024-04-28,Tottenham Hotspur,Arsenal,2,3,A,14,9,2,3,12,16,8,6,2,1.0,0,0.0,2024,H,,,0,0.0,0.0,0.0,0,2,1.0,1.7210884353741496,1.9731543624161074
2024-05-02,Tottenham Hotspur,Chelsea,0,2,H,16,19,5,3,12,16,4,9,1,,0,,2024,A,0.0,0.0,0,0.0,0.0,0.0,0,1,0.0,1.7094594594594594,1.5945945945945945
2024-05-05,Tottenham Hotspur,Liverpool,2,4,H,25,11,13,6,14,12,8,3,4,,0,,2024,A,1.0,0.0,0,0.0,0.0,0.0,0,4,0.0,1.6979865771812082,2.04
2024-05-11,Tottenham Hotspur,Burnley,2,1,H,21,7,9,3,10,14,9,3,3,5.0,0,0.0,2024,H,,,3,0.0,0.0,0.0,0,3,1.0,1.7066666666666668,0.8672566371681416
2024-05-14,Tottenham Hotspur,Manchester City,0,2,A,10,8,5,5,14,11,7,4,3,3.0,0,0.0,2024,H,,,0,0.0,0.0,0.0,0,3,1.0,1.695364238410596,2.357615894039735
2024-05-19,Tottenham Hotspur,Sheffield United,3,0,A,6,18,1,9,11,9,2,6,0,,0,,2024,A,2.0,0.0,3,0.0,0.0,0.0,1,0,2.0,1.7039473684210527,0.5131578947368421
2024-08-19,Tottenham Hotspur,Leicester City,1,1,D,7,15,3,7,11,12,2,13,1,,0,,2024,A,1.0,0.0,1,0.0,0.0,0.0,0,1,1.3333333333333333,1.6993464052287581,1.3304347826086957
2024-08-24,Tottenham Hotspur,Everton,4,0,H,13,10,7,1,11,15,12,5,0,0.0,0,0.0,2024,H,,,3,0.0,0.0,0.0,1,0,2.3333333333333335,1.7077922077922079,1.1818181818181819
2024-09-01,Tottenham Hotspur,Newcastle United,1,2,H,9,20,3,6,16,13,7,12,4,,0,,2024,A,4.0,0.0,0,0.0,0.0,0.0,0,4,1.3333333333333333,1.696774193548387,1.4967741935483871
2024-09-15,Tottenham Hotspur,Arsenal,0,1,A,15,7,5,4,13,10,7,6,5,3.0,0,0.0,2024,H,,,0,0.0,0.0,0.0,0,5,1.0,1.685897435897436,2.0064102564102564
2024-09-21,Tottenham Hotspur,Brentford,3,1,H,23,6,10,6,11,9,9,4,3,1.0,0,0.0,2024,H,,,3,0.0,0.0,0.0,0,3,1.0,1.694267515923567,1.2605042016806722
2024-09-29,Tottenham Hotspur,Manchester United,3,0,A,11,24,2,10,16,14,5,3,3,,0,,2024,A,5.0,1.0,3,0.0,0.0,0.0,1,3,2.0,1.7025316455696202,1.7341772151898733
2024-10-06,Tottenham Hotspur,Brighton and Hove Albion,2,3,H,11,13,4,3,14,10,4,7,2,,0,,2024,A,2.0,0.0,0,0.0,0.0,0.0,0,2,2.0,1.6918238993710693,1.3459119496855345
2024-10-19,Tottenham Hotspur,West Ham United,4,1,H,22,11,7,4,10,15,13,5,1,3.0,0,1.0,2024,H,,,3,0.0,0.0,0.0,0,1,2.0,1.7,1.38125
2024-10-27,Tottenham Hotspur,Crystal Palace,0,1,H,14,11,6,3,16,12,8,8,4,,0,,2024,A,4.0,0.0,0,0.0,0.0,0.0,0,4,1.0,1.68944099378882,1.1925465838509317
2024-11-03,Tottenham Hotspur,Aston Villa,4,1,H,16,12,6,1,14,14,6,4,2,0.0,0,0.0,2024,H,,,3,0.0,0.0,0.0,0,2,2.0,1.6975308641975309,1.5246913580246915
2024-11-10,Tottenham Hotspur,Ipswich Town,1,2,A,17,8,5,3,10,19,12,2,1,5.0,0,0.0,2024,H,,,0,0.0,0.0,0.0,0,1,1.0,1.687116564417178,0.7272727272727273
2024-11-23,Tottenham Hotspur,Manchester City,4,0,A,23,9,5,7,19,9,9,3,2,,0,,2024,A,4.0,0.0,3,0.0,0.0,0.0,1,2,2.0,1.6951219512195121,2.3292682926829267
2024-12-01,Tottenham Hotspur,Fulham,1,1,D,8,14,3,6,4,14,7,11,0,1.0,0,1.0,2024,H,,,1,0.0,0.0,0.0,0,0,1.3333333333333333,1.690909090909091,1.1496062992125984
2024-12-05,Tottenham Hotspur,Bournemouth,0,1,H,21,12,8,4,15,8,5,9,2,,0,,2024,A,2.0,0.0,0,0.0,0.0,0.0,0,2,1.3333333333333333,1.680722891566265,1.2
2024-12-08,Tottenham Hotspur,Chelsea,3,4,A,13,17,5,8,17,11,5,10,2,2.0,0,0.0,2024,H,,,0,0.0,0.0,0.0,0,2,0.3333333333333333,1.6706586826347305,1.6706586826347305
2024-12-15,Tottenham Hotspur,Southampton,5,0,A,9,18,3,9,8,15,2,5,3,,0,,2024,A,1.0,0.0,3,0.0,0.0,0.0,1,3,1.0,1.6785714285714286,0.8692307692307693
2024-12-22,Tottenham Hotspur,Liverpool,3,6,A,9,24,5,12,7,9,7,5,1,2.0,0,0.0,2024,H,,,0,0.0,0.0,0.0,0,1,1.0,1.668639053254438,2.0773809523809526
2024-12-26,Tottenham Hotspur,Nottingham Forest,0,1,H,10,13,3,4,12,13,2,7,2,,1,,2024,A,3.0,0.0,0,0.0,0.0,0.0,0,4,1.0,1.6588235294117648,1.148936170212766
2024-12-29,Tottenham Hotspur,Wolverhampton Wanderers,2,2,D,13,11,3,3,9,10,5,5,1,2.0,0,0.0,2024,H,,,1,0.0,0.0,0.0,0,1,0.3333333333333333,1.654970760233918,1.1637426900584795
2025-01-04,Tottenham Hotspur,Newcastle United,1,2,A,13,14,4,4,11,15,9,10,1,4.0,0,0.0,2025,H,,,0,0.0,0.0,0.0,0,1,0.3333333333333333,1.6453488372093024,1.5116279069767442
2025-01-15,Tottenham Hotspur,Arsenal,1,2,H,14,10,4,2,16,9,10,4,1,,0,,2025,A,3.0,0.0,0,0.0,0.0,0.0,0,1,0.3333333333333333,1.6358381502890174,2.0
2025-01-19,Tottenham Hotspur,Everton,2,3,H,12,11,6,6,14,14,3,8,1,,0,,2025,A,2.0,0.0,0,0.0,0.0,0.0,0,1,0.0,1.6264367816091954,1.1676300578034682
2025-01-26,Tottenham Hotspur,Leicester City,1,2,A,15,12,6,3,6,16,6,4,1,5.0,0,0.0,2025,H,,,0,0.0,0.0,0.0,0,1,0.0,1.6171428571428572,1.2335766423357664
2025-02-02,Tottenham Hotspur,Brentford,2,0,A,20,13,4,2,4,11,10,3,1,,0,,2025,A,0.0,0.0,3,0.0,0.0,0.0,1,1,1.0,1.625,1.2681159420289856
2025-02-16,Tottenham Hotspur,Manchester United,1,0,H,22,16,7,6,13,9,10,5,1,2.0,0,0.0,2025,H,,,3,0.0,0.0,0.0,1,1,2.0,1.6327683615819208,1.6723163841807909
2025-02-22,Tottenham Hotspur,Ipswich Town,4,1,A,17,10,5,6,15,14,4,4,1,,0,,2025,A,2.0,0.0,3,0.0,0.0,0.0,0,1,3.0,1.6404494382022472,0.6538461538461539
2025-02-26,Tottenham Hotspur,Manchester City,0,1,A,11,12,6,5,12,15,8,3,3,0.0,0,0.0,2025,H,,,0,0.0,0.0,0.0,0,3,2.0,1.6312849162011174,2.2681564245810057
2025-03-09,Tottenham Hotspur,Bournemouth,2,2,D,12,17,4,8,15,16,3,6,3,3.0,0,0.0,2025,H,,,1,0.0,0.0,0.0,0,3,1.3333333333333333,1.6277777777777778,1.2596153846153846
2025-03-16,Tottenham Hotspur,Fulham,0,2,H,13,12,4,4,13,10,6,5,0,,0,,2025,A,0.0,0.0,0,0.0,0.0,0.0,0,0,0.3333333333333333,1.6187845303867403,1.2027972027972027
2025-04-03,Tottenham Hotspur,Chelsea,0,1,H,11,8,5,2,7,16,4,6,5,,0,,2025,A,5.0,0.0,0,0.0,0.0,0.0,0,5,0.3333333333333333,1.60989010989011,1.6483516483516483
2025-04-06,Tottenham Hotspur,Southampton,3,1,H,13,12,8,4,16,20,4,1,1,1.0,0,0.0,2025,H,,,3,0.0,0.0,0.0,0,1,1.0,1.6174863387978142,0.8137931034482758
2025-04-13,Tottenham Hotspur,Wolverhampton Wanderers,2,4,H,13,11,5,4,12,15,1,4,2,,0,,2025,A,1.0,0.0,0,0.0,0.0,0.0,0,2,1.0,1.608695652173913,1.184782608695652
2025-04-21,Tottenham Hotspur,Nottingham Forest,1,2,A,22,4,6,3,11,12,7,1,1,4.0,0,0.0,2025,H,,,0,0.0,0.0,0.0,0,1,1.0,1.6,1.2293577981651376
2025-04-27,Tottenham Hotspur,Liverpool,1,5,H,25,8,8,3,16,9,8,2,1,,0,,2025,A,2.0,0.0,0,0.0,0.0,0.0,0,1,0.0,1.5913978494623655,2.10752688172043
2025-05-04,Tottenham Hotspur,West Ham United,1,1,D,11,7,2,2,18,15,1,3,2,,0,,2025,A,2.0,0.0,1,0.0,0.0,0.0,0,2,0.3333333333333333,1.588235294117647,1.3368983957219251
2025-05-11,Tottenham Hotspur,Crystal Palace,0,2,A,8,23,1,10,12,10,4,8,1,1.0,0,0.0,2025,H,,,0,0.0,0.0,0.0,0,1,0.3333333333333333,1.5797872340425532,1.25
2025-05-16,Tottenham Hotspur,Aston Villa,0,2,H,18,3,7,1,5,12,9,1,2,,0,,2025,A,1.0,0.0,0,0.0,0.0,0.0,0,2,0.3333333333333333,1.5714285714285714,1.560846560846561
2025-05-25,Tottenham Hotspur,Brighton and Hove Albion,1,4,A,4,23,2,8,13,8,2,11,3,1.0,0,0.0,2025,H,,,0,0.0,0.0,0.0,0,3,0.0,1.563157894736842,1.3842105263157896
2025-08-16,Tottenham Hotspur,Burnley,3,0,H,16,14,6,4,14,8,6,5,0,0.0,0,0.0,2025,H,,,3,0.0,0.0,0.0,1,0,1.0,1.5706806282722514,0.8521739130434782
2025-08-23,Tottenham Hotspur,Manchester City,2,0,A,10,12,4,5,7,12,7,2,4,,0,,2025,A,1.0,0.0,3,0.0,0.0,0.0,1,4,2.0,1.578125,2.2552083333333335
2025-08-30,Tottenham Hotspur,Bournemouth,0,1,A,5,20,1,6,17,13,0,8,2,4.0,0,0.0,2025,H,,,0,0.0,0.0,0.0,0,2,2.0,1.5699481865284974,1.2735042735042734
2025-09-13,Tottenham Hotspur,West Ham United,3,0,A,7,14,4,5,8,7,2,13,1,,0,,2025,A,0.0,1.0,3,0.0,0.0,0.0,1,1,2.0,1.577319587628866,1.3350515463917525
2025-09-20,Tottenham Hotspur,Brighton and Hove Albion,2,2,D,12,11,4,3,10,13,2,10,2,,0,,2025,A,1.0,0.0,1,0.0,0.0,0.0,0,2,1.3333333333333333,1.5743589743589743,1.3743589743589744
2025-09-27,Tottenham Hotspur,Wolverhampton Wanderers,1,1,D,10,9,3,3,9,11,10,9,3,2.0,0,0.0,2025,H,,,1,0.0,0.0,0.0,0,3,1.6666666666666667,1.5714285714285714,1.153061224489796
2025-10-04,Tottenham Hotspur,Leeds United,2,1,A,16,9,4,3,10,12,4,1,3,,0,,2025,A,2.0,0.0,3,0.0,0.0,0.0,0,3,1.6666666666666667,1.5786802030456852,1.1239669421487604
2025-10-19,Tottenham Hotspur,Aston Villa,1,2,A,9,8,3,2,11,7,6,6,2,0.0,0,0.0,2025,H,,,0,0.0,0.0,0.0,0,2,1.3333333333333333,1.5707070707070707,1.5505050505050506
2025-10-26,Tottenham Hotspur,Everton,3,0,A,12,7,2,4,9,8,9,8,0,,0,,2025,A,2.0,0.0,3,0.0,0.0,0.0,1,0,2.0,1.5778894472361809,1.2110552763819096
2025-11-01,Tottenham Hotspur,Chelsea,0,1,A,3,15,1,9,14,12,6,5,4,2.0,0,0.0,2025,H,,,0,0.0,0.0,0.0,0,4,1.0,1.57,1.67
2025-11-08,Tottenham Hotspur,Manchester United,2,2,D,10,5,4,2,10,8,5,3,5,1.0,0,0.0,2025,H,,,1,0.0,0.0,0.0,0,5,1.3333333333333333,1.5671641791044777,1.626865671641791
2021-08-14,Watford,Aston Villa,3,2,H,13,11,7,2,18,13,2,4,3,1.0,0,0.0,2021,H,,,3,0.0,0.0,0.0,0,3,3.0,3.0,1.4102564102564104
2021-08-21,Watford,Brighton and Hove Albion,0,2,H,13,10,3,1,11,6,7,2,0,,0,,2021,A,4.0,0.0,0,0.0,0.0,0.0,0,0,1.5,1.5,1.175
2021-08-29,Watford,Tottenham Hotspur,0,1,H,15,9,8,2,8,14,10,3,3,,0,,2021,A,3.0,0.0,0,0.0,0.0,0.0,0,3,1.0,1.0,1.7317073170731707
2021-09-11,Watford,Wolverhampton Wanderers,0,2,A,6,14,2,5,15,13,6,8,3,3.0,0,0.0,2021,H,,,0,0.0,0.0,0.0,0,3,0.0,0.75,1.1428571428571428
2021-09-18,Watford,Norwich City,3,1,A,12,12,5,8,10,14,4,8,1,,0,,2021,A,1.0,0.0,3,0.0,0.0,0.0,0,1,1.0,1.2,0.0
2021-09-25,Watford,Newcastle United,1,1,D,15,20,4,6,19,12,5,6,4,3.0,0,0.0,2021,H,,,1,0.0,0.0,0.0,0,4,1.3333333333333333,1.1666666666666667,1.0909090909090908
2021-10-02,Watford,Leeds United,0,1,H,20,5,4,1,10,16,6,3,3,,0,,2021,A,0.0,0.0,0,0.0,0.0,0.0,0,3,1.3333333333333333,1.0,1.4444444444444444
2021-10-16,Watford,Liverpool,0,5,A,6,19,2,8,4,10,1,9,0,0.0,0,0.0,2021,H,,,0,0.0,0.0,0.0,0,0,0.3333333333333333,0.875,1.891304347826087
2021-10-23,Watford,Everton,5,2,A,15,20,4,8,9,13,3,5,3,,0,,2021,A,4.0,0.0,3,0.0,0.0,0.0,0,3,1.0,1.1111111111111112,1.553191489361702
2021-10-30,Watford,Southampton,0,1,A,10,12,4,1,16,6,5,8,2,2.0,0,0.0,2021,H,,,0,0.0,0.0,0.0,0,2,1.0,1.0,1.125
2021-11-07,Watford,Arsenal,0,1,H,14,7,6,1,6,19,4,2,2,,1,,2021,A,4.0,0.0,0,0.0,0.0,0.0,0,4,1.0,0.9090909090909091,1.653061224489796
2021-11-20,Watford,Manchester United,4,1,H,20,9,7,3,7,5,9,3,2,1.0,0,1.0,2021,H,,,3,0.0,0.0,0.0,0,2,1.0,1.0833333333333333,1.82
2021-11-28,Watford,Leicester City,2,4,H,18,16,8,5,5,19,8,6,0,,0,,2021,A,0.0,0.0,0,0.0,0.0,0.0,0,0,1.0,1.0,1.6470588235294117
2021-12-01,Watford,Chelsea,1,2,A,13,8,6,4,18,16,6,0,4,3.0,0,0.0,2021,H,,,0,0.0,0.0,0.0,0,4,1.0,0.9285714285714286,1.9230769230769231
2021-12-04,Watford,Manchester City,1,3,A,11,26,4,13,10,7,5,11,3,0.0,0,0.0,2021,H,,,0,0.0,0.0,0.0,0,3,0.0,0.8666666666666667,2.2830188679245285
2021-12-10,Watford,Brentford,1,2,H,14,6,5,2,12,18,8,2,0,,0,,2021,A,4.0,0.0,0,0.0,0.0,0.0,0,0,0.0,0.8125,1.25
2021-12-28,Watford,West Ham United,1,4,A,14,13,5,6,12,12,4,5,0,1.0,0,0.0,2021,H,,,0,0.0,0.0,0.0,0,0,0.0,0.7647058823529411,1.6842105263157894
2022-01-01,Watford,Tottenham Hotspur,0,1,A,6,21,4,9,6,9,3,7,0,1.0,0,0.0,2022,H,,,0,0.0,0.0,0.0,0,0,0.0,0.7222222222222222,1.6964285714285714
2022-01-15,Watford,Newcastle United,1,1,D,12,18,1,5,13,13,4,6,2,,0,,2022,A,3.0,0.0,1,0.0,0.0,0.0,0,2,0.3333333333333333,0.7368421052631579,0.9827586206896551
2022-01-21,Watford,Norwich City,0,3,A,15,7,4,2,16,11,5,1,0,1.0,1,0.0,2022,H,,,0,0.0,0.0,0.0,0,2,0.3333333333333333,0.7,0.7272727272727273
2022-02-05,Watford,Burnley,0,0,D,13,11,2,5,16,9,4,7,2,,0,,2022,A,1.0,0.0,1,0.0,0.0,0.0,1,2,0.6666666666666666,0.7142857142857143,0.9122807017543859
2022-02-08,Watford,West Ham United,0,1,H,9,6,3,1,1,6,5,6,0,,0,,2022,A,1.0,0.0,0,0.0,0.0,0.0,0,0,0.3333333333333333,0.6818181818181818,1.6935483870967742
2022-02-12,Watford,Brighton and Hove Albion,0,2,A,9,11,1,6,16,9,4,5,3,2.0,0,0.0,2022,H,,,0,0.0,0.0,0.0,0,3,0.3333333333333333,0.6521739130434783,1.2131147540983607
2022-02-19,Watford,Aston Villa,1,0,A,20,8,1,4,12,7,10,5,2,,0,,2022,A,1.0,0.0,3,0.0,0.0,0.0,1,2,1.0,0.75,1.3225806451612903
2022-02-23,Watford,Crystal Palace,1,4,A,8,7,1,5,12,9,6,4,2,1.0,0,0.0,2022,H,,,0,0.0,0.0,0.0,0,2,1.0,0.72,1.140625
2022-02-26,Watford,Manchester United,0,0,D,22,10,3,2,2,7,4,3,0,,0,,2022,A,0.0,0.0,1,0.0,0.0,0.0,1,0,1.3333333333333333,0.7307692307692307,1.8615384615384616
2022-03-06,Watford,Arsenal,2,3,A,13,16,7,4,5,11,1,5,1,2.0,0,0.0,2022,H,,,0,0.0,0.0,0.0,0,1,0.3333333333333333,0.7037037037037037,1.7301587301587302
2022-03-10,Watford,Wolverhampton Wanderers,0,4,H,10,9,5,0,11,10,5,2,2,,0,,2022,A,2.0,0.0,0,0.0,0.0,0.0,0,2,0.3333333333333333,0.6785714285714286,1.3333333333333333
2022-03-13,Watford,Southampton,2,1,A,13,9,7,5,8,12,11,3,2,,0,,2022,A,3.0,0.0,3,0.0,0.0,0.0,0,2,1.0,0.7586206896551724,1.164179104477612
2022-04-02,Watford,Liverpool,0,2,H,20,5,3,2,9,8,9,3,1,,0,,2022,A,1.0,0.0,0,0.0,0.0,0.0,0,1,1.0,0.7333333333333333,2.073529411764706
2022-04-09,Watford,Leeds United,0,3,A,8,10,1,5,8,12,3,8,2,0.0,0,0.0,2022,H,,,0,0.0,0.0,0.0,0,2,1.0,0.7096774193548387,1.3142857142857143
2022-04-16,Watford,Brentford,1,2,A,17,16,4,5,11,9,6,5,2,1.0,0,0.0,2022,H,,,0,0.0,0.0,0.0,0,2,0.0,0.6875,1.1818181818181819
2022-04-23,Watford,Manchester City,1,5,H,21,5,8,2,9,7,11,4,0,,0,,2022,A,1.0,0.0,0,0.0,0.0,0.0,0,0,0.0,0.6666666666666666,2.3380281690140845
2022-04-30,Watford,Burnley,1,2,A,13,17,1,6,13,9,5,6,1,2.0,0,0.0,2022,H,,,0,0.0,0.0,0.0,0,1,0.0,0.6470588235294118,1.0138888888888888
2022-05-07,Watford,Crystal Palace,0,1,H,15,6,7,1,11,18,8,5,1,,1,,2022,A,2.0,0.0,0,0.0,0.0,0.0,0,3,0.0,0.6285714285714286,1.2054794520547945
2022-05-11,Watford,Everton,0,0,D,6,16,0,5,5,12,1,13,1,2.0,0,0.0,2022,H,,,1,0.0,0.0,0.0,1,1,0.3333333333333333,0.6388888888888888,1.3013698630136987
2022-05-15,Watford,Leicester City,1,5,A,13,13,5,7,4,6,7,3,0,1.0,0,0.0,2022,H,,,0,0.0,0.0,0.0,0,0,0.3333333333333333,0.6216216216216216,1.5405405405405406
2022-05-22,Watford,Chelsea,1,2,H,19,8,8,3,9,9,3,3,0,,0,,2022,A,0.0,0.0,0,0.0,0.0,0.0,0,0,0.3333333333333333,0.6052631578947368,1.855263157894737
2020-09-13,West Brom,Leicester City,0,3,A,7,13,1,7,12,9,2,5,1,1.0,0,0.0,2020,H,,,0,0.0,0.0,0.0,0,1,0.0,0.0,3.0
2020-09-19,West Brom,Everton,2,5,H,17,6,7,4,9,11,11,1,0,,1,,2020,A,1.0,0.0,0,0.0,0.0,0.0,0,2,0.0,0.0,3.0
2020-09-26,West Brom,Chelsea,3,3,D,9,22,3,10,8,16,3,9,1,3.0,0,0.0,2020,H,,,1,0.0,0.0,0.0,0,1,0.3333333333333333,0.3333333333333333,1.3333333333333333
2020-10-04,West Brom,Southampton,0,2,H,13,5,7,2,19,10,5,1,1,,0,,2020,A,2.0,0.0,0,0.0,0.0,0.0,0,1,0.3333333333333333,0.25,1.5
2020-10-19,West Brom,Burnley,0,0,D,13,9,6,4,15,17,8,2,2,2.0,0,0.0,2020,H,,,1,0.0,0.0,0.0,1,2,0.6666666666666666,0.4,0.25
2020-10-26,West Brom,Brighton and Hove Albion,1,1,D,5,9,3,3,14,7,6,2,0,,0,,2020,A,2.0,0.0,1,0.0,0.0,0.0,0,0,0.6666666666666666,0.5,0.8333333333333334
2020-11-02,West Brom,Fulham,0,2,H,13,10,6,1,13,11,5,2,2,,0,,2020,A,3.0,0.0,0,0.0,0.0,0.0,0,2,0.6666666666666666,0.42857142857142855,0.5714285714285714
2020-11-08,West Brom,Tottenham Hotspur,0,1,A,12,19,2,5,17,12,9,6,1,0.0,0,0.0,2020,H,,,0,0.0,0.0,0.0,0,1,0.3333333333333333,0.375,2.125
2020-11-21,West Brom,Manchester United,0,1,H,17,7,7,2,12,17,8,2,1,,0,,2020,A,1.0,0.0,0,0.0,0.0,0.0,0,1,0.0,0.3333333333333333,1.625
2020-11-28,West Brom,Sheffield United,1,0,H,17,21,6,5,10,9,14,9,2,3.0,0,0.0,2020,H,,,3,0.0,0.0,0.0,1,2,1.0,0.6,0.1
2020-12-06,West Brom,Crystal Palace,1,5,A,9,18,4,6,10,16,4,6,2,2.0,1,0.0,2020,H,,,0,0.0,0.0,0.0,0,4,1.0,0.5454545454545454,1.4545454545454546
2020-12-12,West Brom,Newcastle United,1,2,H,12,13,7,3,9,12,4,3,3,,0,,2020,A,2.0,0.0,0,0.0,0.0,0.0,0,3,1.0,0.5,1.5454545454545454
2020-12-15,West Brom,Manchester City,1,1,D,26,5,7,1,5,8,13,2,3,,0,,2020,A,2.0,0.0,1,0.0,0.0,0.0,0,3,0.3333333333333333,0.5384615384615384,1.6666666666666667
2020-12-20,West Brom,Aston Villa,0,3,A,1,19,1,10,14,8,1,7,1,2.0,1,0.0,2020,H,,,0,0.0,0.0,0.0,0,3,0.3333333333333333,0.5,1.8333333333333333
2020-12-27,West Brom,Liverpool,1,1,D,17,5,2,3,8,5,8,3,1,,0,,2020,A,0.0,0.0,1,0.0,0.0,0.0,0,1,0.6666666666666666,0.5333333333333333,2.1333333333333333
2020-12-29,West Brom,Leeds United,0,5,A,4,14,1,6,7,10,3,10,0,1.0,0,0.0,2020,H,,,0,0.0,0.0,0.0,0,0,0.3333333333333333,0.5,1.4375
2021-01-02,West Brom,Arsenal,0,4,A,7,21,3,12,7,4,3,5,1,2.0,0,0.0,2021,H,,,0,0.0,0.0,0.0,0,1,0.3333333333333333,0.47058823529411764,1.3529411764705883
2021-01-16,West Brom,Wolverhampton Wanderers,3,2,A,23,12,6,5,10,14,11,0,1,,0,,2021,A,2.0,0.0,3,0.0,0.0,0.0,0,1,1.0,0.6111111111111112,1.1578947368421053
2021-01-19,West Brom,West Ham United,1,2,H,14,6,6,2,10,10,3,1,1,,0,,2021,A,0.0,0.0,0,0.0,0.0,0.0,0,1,1.0,0.5789473684210527,1.6842105263157894
2021-01-26,West Brom,Manchester City,0,5,A,4,18,1,7,8,8,3,8,2,0.0,0,0.0,2021,H,,,0,0.0,0.0,0.0,0,2,1.0,0.55,2.1578947368421053
2021-01-30,West Brom,Fulham,2,2,D,5,12,3,7,9,10,2,3,1,0.0,0,0.0,2021,H,,,1,0.0,0.0,0.0,0,1,0.3333333333333333,0.5714285714285714,0.7
2021-02-02,West Brom,Sheffield United,1,2,H,14,8,6,4,11,9,9,2,1,,0,,2021,A,2.0,0.0,0,0.0,0.0,0.0,0,1,0.3333333333333333,0.5454545454545454,0.5
2021-02-07,West Brom,Tottenham Hotspur,0,2,H,13,4,6,1,16,12,8,0,2,,0,,2021,A,1.0,0.0,0,0.0,0.0,0.0,0,2,0.3333333333333333,0.5217391304347826,1.6363636363636365
2021-02-14,West Brom,Manchester United,1,1,D,7,10,3,7,13,10,4,5,5,0.0,0,0.0,2021,H,,,1,0.0,0.0,0.0,0,5,0.3333333333333333,0.5416666666666666,1.9166666666666667
2021-02-20,West Brom,Burnley,0,0,D,6,10,1,3,16,10,5,5,0,,1,,2021,A,3.0,0.0,1,0.0,0.0,0.0,1,2,0.6666666666666666,0.56,1.12
2021-02-27,West Brom,Brighton and Hove Albion,1,0,H,6,15,2,6,11,12,7,4,0,0.0,0,0.0,2021,H,,,3,0.0,0.0,0.0,1,0,1.6666666666666667,0.6538461538461539,1.0
2021-03-04,West Brom,Everton,0,1,A,11,11,3,3,9,7,3,3,3,1.0,0,0.0,2021,H,,,0,0.0,0.0,0.0,0,3,1.3333333333333333,0.6296296296296297,1.7692307692307692
2021-03-07,West Brom,Newcastle United,0,0,D,13,9,3,5,11,10,9,7,0,0.0,0,0.0,2021,H,,,1,0.0,0.0,0.0,1,0,1.3333333333333333,0.6428571428571429,1.0
2021-03-13,West Brom,Crystal Palace,0,1,H,6,12,4,1,16,15,3,2,1,,0,,2021,A,3.0,0.0,0,0.0,0.0,0.0,0,1,0.3333333333333333,0.6206896551724138,1.2758620689655173
2021-04-03,West Brom,Chelsea,5,2,A,18,14,8,7,11,6,10,3,1,,0,,2021,A,1.0,1.0,3,0.0,0.0,0.0,0,1,1.3333333333333333,0.7,1.7
2021-04-12,West Brom,Southampton,3,0,H,15,14,6,4,12,11,5,10,0,1.0,0,0.0,2021,H,,,3,0.0,0.0,0.0,1,0,2.0,0.7741935483870968,1.1612903225806452
2021-04-22,West Brom,Leicester City,0,3,H,17,4,7,1,13,12,7,3,2,,0,,2021,A,0.0,0.0,0,0.0,0.0,0.0,0,2,2.0,0.75,1.84375
2021-04-25,West Brom,Aston Villa,2,2,D,24,10,11,4,14,9,11,4,2,,0,,2021,A,0.0,0.0,1,0.0,0.0,0.0,0,2,1.3333333333333333,0.7575757575757576,1.40625
2021-05-03,West Brom,Wolverhampton Wanderers,1,1,D,10,20,4,10,17,11,5,6,2,0.0,0,0.0,2021,H,,,1,0.0,0.0,0.0,0,2,0.6666666666666666,0.7647058823529411,1.2352941176470589
2021-05-09,West Brom,Arsenal,1,3,H,15,12,7,1,7,9,6,6,2,,0,,2021,A,1.0,0.0,0,0.0,0.0,0.0,0,2,0.6666666666666666,0.7428571428571429,1.4857142857142858
2021-05-16,West Brom,Liverpool,1,2,A,10,26,3,6,7,14,9,13,0,0.0,0,0.0,2021,H,,,0,0.0,0.0,0.0,0,0,0.3333333333333333,0.7222222222222222,1.75
2021-05-19,West Brom,West Ham United,1,3,A,14,21,4,9,8,11,6,8,2,2.0,0,0.0,2021,H,,,0,0.0,0.0,0.0,0,2,0.0,0.7027027027027027,1.6756756756756757
2021-05-23,West Brom,Leeds United,1,3,H,17,14,9,5,12,12,8,3,1,,0,,2021,A,2.0,0.0,0,0.0,0.0,0.0,0,1,0.0,0.6842105263157895,1.5526315789473684
2020-09-12,West Ham United,Newcastle United,0,2,A,15,15,3,2,13,7,8,7,2,2.0,0,0.0,2020,H,,,0,0.0,0.0,0.0,0,2,0.0,0.0,3.0
2020-09-19,West Ham United,Arsenal,1,2,H,7,14,3,3,11,13,7,5,1,,0,,2020,A,0.0,0.0,0,0.0,0.0,0.0,0,1,0.0,0.0,3.0
2020-09-27,West Ham United,Wolverhampton Wanderers,4,0,H,15,11,7,2,7,11,1,3,0,1.0,0,0.0,2020,H,,,3,0.0,0.0,0.0,1,0,1.0,1.0,1.0
2020-10-04,West Ham United,Leicester City,3,0,A,4,14,0,6,11,8,6,4,2,,0,,2020,A,2.0,0.0,3,0.0,0.0,0.0,1,2,2.0,1.5,2.25
2020-10-18,West Ham United,Tottenham Hotspur,3,3,D,11,13,6,4,13,12,3,7,5,,0,,2020,A,0.0,0.0,1,0.0,0.0,0.0,0,5,2.3333333333333335,1.4,1.6
2020-10-24,West Ham United,Manchester City,1,1,D,6,14,2,7,14,6,2,10,2,0.0,0,0.0,2020,H,,,1,0.0,0.0,0.0,0,2,1.6666666666666667,1.3333333333333333,1.6
2020-10-31,West Ham United,Liverpool,1,2,H,9,4,5,3,13,14,1,2,1,,0,,2020,A,0.0,0.0,0,0.0,0.0,0.0,0,1,0.6666666666666666,1.1428571428571428,2.2857142857142856
2020-11-07,West Ham United,Fulham,1,0,H,16,13,7,3,10,9,9,5,2,2.0,0,0.0,2020,H,,,3,0.0,0.0,0.0,1,2,1.3333333333333333,1.375,0.5
2020-11-22,West Ham United,Sheffield United,1,0,A,9,15,5,3,7,6,2,6,0,,0,,2020,A,0.0,0.0,3,0.0,0.0,0.0,1,0,2.0,1.5555555555555556,0.1111111111111111
2020-11-30,West Ham United,Aston Villa,2,1,H,6,16,2,6,20,7,3,7,1,1.0,0,0.0,2020,H,,,3,0.0,0.0,0.0,0,1,3.0,1.7,1.6666666666666667
2020-12-05,West Ham United,Manchester United,1,3,A,19,15,6,6,9,10,5,4,0,0.0,0,0.0,2020,H,,,0,0.0,0.0,0.0,0,0,2.0,1.5454545454545454,1.9
2020-12-11,West Ham United,Leeds United,2,1,A,13,19,7,8,12,10,5,6,2,,0,,2020,A,1.0,0.0,3,0.0,0.0,0.0,0,2,2.0,1.6666666666666667,1.1666666666666667
2020-12-16,West Ham United,Crystal Palace,1,1,D,9,8,2,2,8,12,5,3,0,1.0,0,1.0,2020,H,,,1,0.0,0.0,0.0,0,0,1.3333333333333333,1.6153846153846154,1.3846153846153846
2020-12-21,West Ham United,Chelsea,0,3,H,11,6,7,0,11,6,5,4,0,,0,,2020,A,0.0,0.0,0,0.0,0.0,0.0,0,0,1.3333333333333333,1.5,1.7857142857142858
2020-12-27,West Ham United,Brighton and Hove Albion,2,2,D,11,13,4,4,6,8,5,4,0,0.0,0,0.0,2020,H,,,1,0.0,0.0,0.0,0,0,0.6666666666666666,1.4666666666666666,0.8666666666666667
2020-12-29,West Ham United,Southampton,0,0,D,8,8,3,3,16,15,4,3,1,,0,,2020,A,3.0,0.0,1,0.0,0.0,0.0,1,1,0.6666666666666666,1.4375,1.625
2021-01-01,West Ham United,Everton,1,0,A,10,11,2,5,9,7,5,4,0,,0,,2021,A,2.0,0.0,3,0.0,0.0,0.0,1,0,1.6666666666666667,1.5294117647058822,1.8125
2021-01-16,West Ham United,Burnley,1,0,H,15,10,4,2,12,9,7,4,2,1.0,0,0.0,2021,H,,,3,0.0,0.0,0.0,1,2,2.3333333333333335,1.6111111111111112,0.9411764705882353
2021-01-19,West Ham United,West Brom,2,1,H,14,6,6,2,10,10,3,1,0,1.0,0,0.0,2021,H,,,3,0.0,0.0,0.0,0,0,3.0,1.6842105263157894,0.5789473684210527
2021-01-26,West Ham United,Crystal Palace,3,2,A,6,17,3,7,9,8,3,4,0,,0,,2021,A,0.0,0.0,3,0.0,0.0,0.0,0,0,3.0,1.75,1.15
2021-01-31,West Ham United,Liverpool,1,3,A,8,14,2,5,7,8,6,5,2,0.0,0,0.0,2021,H,,,0,0.0,0.0,0.0,0,2,2.0,1.6666666666666667,1.9047619047619047
2021-02-03,West Ham United,Aston Villa,3,1,A,9,20,2,10,11,15,7,3,1,,0,,2021,A,1.0,0.0,3,0.0,0.0,0.0,0,1,2.0,1.7272727272727273,1.6
2021-02-06,West Ham United,Fulham,0,0,D,20,8,2,1,11,10,7,3,2,,1,,2021,A,1.0,0.0,1,0.0,0.0,0.0,1,4,1.3333333333333333,1.6956521739130435,0.6818181818181818
2021-02-15,West Ham United,Sheffield United,3,0,H,13,8,9,5,11,12,7,7,0,2.0,0,0.0,2021,H,,,3,0.0,0.0,0.0,1,0,2.3333333333333335,1.75,0.4583333333333333
2021-02-21,West Ham United,Tottenham Hotspur,2,1,H,4,20,4,4,14,7,5,7,4,3.0,0,0.0,2021,H,,,3,0.0,0.0,0.0,0,4,2.3333333333333335,1.8,1.5
2021-02-27,West Ham United,Manchester City,1,2,H,10,9,3,3,8,11,4,2,1,,0,,2021,A,1.0,0.0,0,0.0,0.0,0.0,0,1,2.0,1.7307692307692308,2.3846153846153846
2021-03-08,West Ham United,Leeds United,2,0,H,16,17,5,2,9,9,6,6,1,1.0,0,0.0,2021,H,,,3,0.0,0.0,0.0,1,1,2.0,1.7777777777777777,1.2962962962962963
2021-03-14,West Ham United,Manchester United,0,1,H,15,7,4,0,12,2,6,3,0,,0,,2021,A,4.0,0.0,0,0.0,0.0,0.0,0,0,1.0,1.7142857142857142,1.9655172413793103
2021-03-21,West Ham United,Arsenal,3,3,D,15,16,5,7,18,8,3,5,3,1.0,0,0.0,2021,H,,,1,0.0,0.0,0.0,0,3,1.3333333333333333,1.6896551724137931,1.4482758620689655
2021-04-05,West Ham United,Wolverhampton Wanderers,3,2,A,20,9,5,6,9,9,4,2,4,,0,,2021,A,1.0,0.0,3,0.0,0.0,0.0,0,4,1.3333333333333333,1.7333333333333334,1.1666666666666667
2021-04-11,West Ham United,Leicester City,3,2,H,4,15,4,5,7,13,1,9,3,3.0,0,0.0,2021,H,,,3,0.0,0.0,0.0,0,3,2.3333333333333335,1.7741935483870968,1.8064516129032258
2021-04-17,West Ham United,Newcastle United,2,3,H,16,16,8,6,9,7,3,8,0,,1,,2021,A,2.0,0.0,0,0.0,0.0,0.0,0,2,2.0,1.71875,1.09375
2021-04-24,West Ham United,Chelsea,0,1,A,9,17,2,6,9,11,4,2,0,4.0,1,0.0,2021,H,,,0,0.0,0.0,0.0,0,2,1.0,1.6666666666666667,1.7575757575757576
2021-05-03,West Ham United,Burnley,2,1,A,8,22,3,4,4,8,5,4,1,,0,,2021,A,2.0,0.0,3,0.0,0.0,0.0,0,1,1.0,1.7058823529411764,1.0588235294117647
2021-05-09,West Ham United,Everton,0,1,A,11,9,0,3,8,10,5,6,2,1.0,0,0.0,2021,H,,,0,0.0,0.0,0.0,0,2,1.0,1.6571428571428573,1.6176470588235294
2021-05-15,West Ham United,Brighton and Hove Albion,1,1,D,10,15,2,3,7,5,3,3,1,,0,,2021,A,1.0,0.0,1,0.0,0.0,0.0,0,1,1.3333333333333333,1.6388888888888888,1.0555555555555556
2021-05-19,West Ham United,West Brom,3,1,A,14,21,4,9,8,11,6,8,2,,0,,2021,A,2.0,0.0,3,0.0,0.0,0.0,0,2,1.3333333333333333,1.6756756756756757,0.7027027027027027
2021-05-23,West Ham United,Southampton,3,0,H,14,17,7,5,5,9,2,3,0,3.0,0,0.0,2021,H,,,3,0.0,0.0,0.0,1,0,2.3333333333333335,1.7105263157894737,1.131578947368421
2021-08-15,West Ham United,Newcastle United,4,2,A,17,8,3,9,4,3,7,6,0,,0,,2021,A,1.0,0.0,3,0.0,0.0,0.0,0,0,3.0,1.7435897435897436,1.1538461538461537
2021-08-23,West Ham United,Leicester City,4,1,H,13,5,7,1,8,8,10,0,0,1.0,0,1.0,2021,H,,,3,0.0,0.0,0.0,0,0,3.0,1.775,1.725
2021-08-28,West Ham United,Crystal Palace,2,2,D,14,9,4,2,10,7,5,3,1,0.0,0,0.0,2021,H,,,1,0.0,0.0,0.0,0,1,2.3333333333333335,1.7560975609756098,1.1219512195121952
2021-09-11,West Ham United,Southampton,0,0,D,11,13,3,3,10,12,5,4,1,,1,,2021,A,3.0,0.0,1,0.0,0.0,0.0,1,3,1.6666666666666667,1.7380952380952381,1.0952380952380953
2021-09-19,West Ham United,Manchester United,1,2,A,13,17,4,10,5,8,2,11,0,0.0,0,0.0,2021,H,,,0,0.0,0.0,0.0,0,0,0.6666666666666666,1.697674418604651,2.0232558139534884
2021-09-25,West Ham United,Leeds United,2,1,A,15,20,5,7,10,6,5,7,2,,0,,2021,A,3.0,0.0,3,0.0,0.0,0.0,0,2,1.3333333333333333,1.7272727272727273,1.4090909090909092
2021-10-03,West Ham United,Brentford,1,2,A,18,13,5,6,16,13,11,6,2,3.0,0,0.0,2021,H,,,0,0.0,0.0,0.0,0,2,1.0,1.6888888888888889,1.7142857142857142
2021-10-17,West Ham United,Everton,1,0,A,15,16,2,4,3,3,7,9,2,,0,,2021,A,0.0,0.0,3,0.0,0.0,0.0,1,2,2.0,1.7173913043478262,1.5869565217391304
2021-10-24,West Ham United,Tottenham Hotspur,1,0,H,13,7,4,4,11,4,2,4,2,1.0,0,0.0,2021,H,,,3,0.0,0.0,0.0,1,2,2.0,1.7446808510638299,1.6382978723404256
2021-10-31,West Ham United,Aston Villa,4,1,A,9,21,3,9,7,13,3,6,2,,0,,2021,A,1.0,1.0,3,0.0,0.0,0.0,0,2,3.0,1.7708333333333333,1.3541666666666667
2021-11-07,West Ham United,Liverpool,3,2,H,7,16,3,5,11,6,3,2,1,1.0,0,0.0,2021,H,,,3,0.0,0.0,0.0,0,1,3.0,1.7959183673469388,1.8571428571428572
2021-11-20,West Ham United,Wolverhampton Wanderers,0,1,H,15,8,5,3,6,9,7,3,1,,0,,2021,A,1.0,0.0,0,0.0,0.0,0.0,0,1,2.0,1.76,1.28
2021-11-28,West Ham United,Manchester City,1,2,H,19,5,9,3,7,6,8,4,0,,0,,2021,A,2.0,0.0,0,0.0,0.0,0.0,0,0,1.0,1.7254901960784315,2.2549019607843137
2021-12-01,West Ham United,Brighton and Hove Albion,1,1,D,14,9,6,3,10,8,9,5,1,1.0,0,0.0,2021,H,,,1,0.0,0.0,0.0,0,1,0.3333333333333333,1.7115384615384615,1.1538461538461537
2021-12-04,West Ham United,Chelsea,3,2,H,11,19,5,7,10,10,1,9,1,3.0,0,0.0,2021,H,,,3,0.0,0.0,0.0,0,1,1.3333333333333333,1.7358490566037736,1.8867924528301887
2021-12-12,West Ham United,Burnley,0,0,D,9,16,1,3,13,11,6,4,1,,0,,2021,A,2.0,0.0,1,0.0,0.0,0.0,1,1,1.6666666666666667,1.7222222222222223,0.9433962264150944
2021-12-15,West Ham United,Arsenal,0,2,H,21,7,8,1,8,9,5,2,0,,1,,2021,A,2.0,0.0,0,0.0,0.0,0.0,0,2,1.3333333333333333,1.690909090909091,1.6363636363636365
2021-12-26,West Ham United,Southampton,2,3,A,11,11,5,6,10,9,10,2,2,3.0,0,0.0,2021,H,,,0,0.0,0.0,0.0,0,2,0.3333333333333333,1.6607142857142858,1.125
2021-12-28,West Ham United,Watford,4,1,A,14,13,5,6,12,12,4,5,1,,0,,2021,A,0.0,0.0,3,0.0,0.0,0.0,0,1,1.0,1.6842105263157894,0.7647058823529411
2022-01-01,West Ham United,Crystal Palace,3,2,A,22,10,6,5,6,16,9,1,2,,0,,2022,A,0.0,0.0,3,0.0,0.0,0.0,0,2,2.0,1.706896551724138,1.1551724137931034
2022-01-12,West Ham United,Norwich City,2,0,H,13,7,5,3,9,8,11,2,0,0.0,0,0.0,2022,H,,,3,0.0,0.0,0.0,1,0,3.0,1.728813559322034,0.5
2022-01-16,West Ham United,Leeds United,2,3,A,15,18,5,5,6,9,4,3,3,2.0,0,0.0,2022,H,,,0,0.0,0.0,0.0,0,3,2.0,1.7,1.396551724137931
2022-01-22,West Ham United,Manchester United,0,1,H,18,6,3,1,9,8,3,3,1,,0,,2022,A,1.0,0.0,0,0.0,0.0,0.0,0,1,1.0,1.6721311475409837,1.8666666666666667
2022-02-08,West Ham United,Watford,1,0,H,9,6,3,1,1,6,5,6,1,0.0,0,0.0,2022,H,,,3,0.0,0.0,0.0,1,1,1.0,1.6935483870967742,0.6818181818181818
2022-02-13,West Ham United,Leicester City,2,2,D,13,8,2,3,10,9,5,4,2,,0,,2022,A,1.0,0.0,1,0.0,0.0,0.0,0,2,1.3333333333333333,1.6825396825396826,1.55
2022-02-19,West Ham United,Newcastle United,1,1,D,11,14,3,3,3,7,3,7,3,3.0,0,0.0,2022,H,,,1,0.0,0.0,0.0,0,3,1.6666666666666667,1.671875,1.0806451612903225
2022-02-27,West Ham United,Wolverhampton Wanderers,1,0,H,13,14,4,1,8,2,3,5,1,0.0,0,0.0,2022,H,,,3,0.0,0.0,0.0,1,1,1.6666666666666667,1.6923076923076923,1.328125
2022-03-05,West Ham United,Liverpool,0,1,H,22,13,5,5,7,7,4,6,1,,0,,2022,A,2.0,0.0,0,0.0,0.0,0.0,0,1,1.3333333333333333,1.6666666666666667,2.0307692307692307
2022-03-13,West Ham United,Aston Villa,2,1,H,11,13,4,7,9,3,5,7,1,0.0,0,0.0,2022,H,,,3,0.0,0.0,0.0,0,1,2.0,1.6865671641791045,1.378787878787879
2022-03-20,West Ham United,Tottenham Hotspur,1,3,H,17,6,4,1,7,7,5,3,1,,0,,2022,A,0.0,0.0,0,0.0,0.0,0.0,0,1,1.0,1.661764705882353,1.6865671641791045
2022-04-03,West Ham United,Everton,2,1,H,11,13,5,2,9,12,2,4,1,1.0,0,1.0,2022,H,,,3,0.0,0.0,0.0,0,1,2.0,1.681159420289855,1.2727272727272727
2022-04-10,West Ham United,Brentford,0,2,H,15,5,7,1,2,6,4,6,1,,0,,2022,A,0.0,0.0,0,0.0,0.0,0.0,0,1,1.0,1.6571428571428573,1.125
2022-04-17,West Ham United,Burnley,1,1,D,21,9,8,1,9,10,13,4,2,2.0,0,0.0,2022,H,,,1,0.0,0.0,0.0,0,2,1.3333333333333333,1.647887323943662,0.927536231884058
2022-04-24,West Ham United,Chelsea,0,1,H,26,6,5,2,11,9,3,1,0,,1,,2022,A,1.0,0.0,0,0.0,0.0,0.0,0,2,0.3333333333333333,1.625,1.8857142857142857
2022-05-01,West Ham United,Arsenal,1,2,A,8,13,3,7,8,9,3,7,2,2.0,0,0.0,2022,H,,,0,0.0,0.0,0.0,0,2,0.3333333333333333,1.6027397260273972,1.7222222222222223
2022-05-08,West Ham United,Norwich City,4,0,A,8,13,2,5,7,7,9,5,1,,0,,2022,A,1.0,0.0,3,0.0,0.0,0.0,1,1,1.0,1.6216216216216217,0.6
2022-05-15,West Ham United,Manchester City,2,2,D,6,31,2,8,9,5,4,9,3,1.0,0,0.0,2022,H,,,1,0.0,0.0,0.0,0,3,1.3333333333333333,1.6133333333333333,2.3466666666666667
2022-05-22,West Ham United,Brighton and Hove Albion,1,3,H,18,7,7,2,9,9,5,6,1,,0,,2022,A,1.0,0.0,0,0.0,0.0,0.0,0,1,1.3333333333333333,1.5921052631578947,1.2105263157894737
2022-08-07,West Ham United,Manchester City,0,2,A,6,14,1,2,8,4,1,4,0,1.0,0,0.0,2022,H,,,0,0.0,0.0,0.0,0,0,0.3333333333333333,1.5714285714285714,2.3636363636363638
2022-08-14,West Ham United,Nottingham Forest,0,1,H,13,19,6,5,10,11,6,7,1,,0,,2022,A,4.0,0.0,0,0.0,0.0,0.0,0,1,0.0,1.5512820512820513,1.5
2022-08-21,West Ham United,Brighton and Hove Albion,0,2,A,13,11,3,2,10,7,5,4,2,0.0,0,0.0,2022,H,,,0,0.0,0.0,0.0,0,2,0.0,1.5316455696202531,1.2531645569620253
2022-08-28,West Ham United,Aston Villa,1,0,A,9,7,3,2,10,10,3,2,0,,0,,2022,A,2.0,0.0,3,0.0,0.0,0.0,1,0,1.0,1.55,1.2875
2022-08-31,West Ham United,Tottenham Hotspur,1,1,D,14,13,4,4,10,9,3,4,2,5.0,0,0.0,2022,H,,,1,0.0,0.0,0.0,0,2,1.3333333333333333,1.5432098765432098,1.7777777777777777
2022-09-03,West Ham United,Chelsea,1,2,H,8,6,3,3,6,11,10,3,2,,0,,2022,A,4.0,0.0,0,0.0,0.0,0.0,0,2,1.3333333333333333,1.524390243902439,1.8414634146341464
2022-09-18,West Ham United,Everton,0,1,H,7,14,2,4,8,11,5,14,1,,0,,2022,A,3.0,0.0,0,0.0,0.0,0.0,0,1,0.3333333333333333,1.5060240963855422,1.2650602409638554
2022-10-01,West Ham United,Wolverhampton Wanderers,2,0,H,18,15,5,4,8,6,1,6,2,2.0,0,0.0,2022,H,,,3,0.0,0.0,0.0,1,2,1.0,1.5238095238095237,1.2142857142857142
2022-10-09,West Ham United,Fulham,3,1,H,17,8,8,2,9,7,4,2,1,3.0,0,0.0,2022,H,,,3,0.0,0.0,0.0,0,1,2.0,1.5411764705882354,0.8297872340425532
2022-10-16,West Ham United,Southampton,1,1,D,10,25,8,4,7,3,4,14,1,,0,,2022,A,1.0,0.0,1,0.0,0.0,0.0,0,1,2.3333333333333335,1.5348837209302326,1.058139534883721
2022-10-19,West Ham United,Liverpool,0,1,H,22,8,7,3,9,8,8,3,0,,0,,2022,A,0.0,0.0,0,0.0,0.0,0.0,0,0,1.3333333333333333,1.5172413793103448,2.058139534883721
2022-10-24,West Ham United,Bournemouth,2,0,H,20,5,4,3,9,11,5,0,0,2.0,0,0.0,2022,H,,,3,0.0,0.0,0.0,1,0,1.3333333333333333,1.5340909090909092,1.0833333333333333
2022-10-30,West Ham United,Manchester United,0,1,H,16,13,3,5,12,10,5,10,3,,0,,2022,A,1.0,0.0,0,0.0,0.0,0.0,0,3,1.0,1.5168539325842696,1.7613636363636365
2022-11-06,West Ham United,Crystal Palace,1,2,A,5,15,2,6,10,7,2,5,1,1.0,0,0.0,2022,H,,,0,0.0,0.0,0.0,0,1,1.0,1.5,1.247191011235955
2022-11-12,West Ham United,Leicester City,0,2,A,18,9,6,6,9,8,7,2,3,1.0,0,0.0,2022,H,,,0,0.0,0.0,0.0,0,3,0.0,1.4835164835164836,1.4835164835164836
2022-12-26,West Ham United,Arsenal,1,3,H,16,8,5,4,13,17,7,5,2,,0,,2022,A,0.0,0.0,0,0.0,0.0,0.0,0,2,0.0,1.4673913043478262,1.8681318681318682
2022-12-30,West Ham United,Brentford,0,2,A,20,9,5,6,9,5,8,1,1,0.0,0,0.0,2022,H,,,0,0.0,0.0,0.0,0,1,0.0,1.4516129032258065,1.2545454545454546
2023-01-04,West Ham United,Leeds United,2,2,D,14,15,6,2,11,18,8,1,1,,0,,2023,A,3.0,0.0,1,0.0,0.0,0.0,0,1,0.3333333333333333,1.446808510638298,1.2258064516129032
2023-01-14,West Ham United,Wolverhampton Wanderers,0,1,H,17,16,4,4,10,7,4,3,2,,0,,2023,A,0.0,0.0,0,0.0,0.0,0.0,0,2,0.3333333333333333,1.431578947368421,1.1894736842105262
2023-01-21,West Ham United,Everton,2,0,H,11,5,4,2,9,6,4,9,1,1.0,0,0.0,2023,H,,,3,0.0,0.0,0.0,1,1,1.3333333333333333,1.4479166666666667,1.1770833333333333
2023-02-04,West Ham United,Newcastle United,1,1,D,8,10,2,1,11,13,4,2,1,,0,,2023,A,2.0,0.0,1,0.0,0.0,0.0,0,1,1.3333333333333333,1.443298969072165,1.3814432989690721
2023-02-11,West Ham United,Chelsea,1,1,D,10,12,2,4,9,11,5,6,1,1.0,0,0.0,2023,H,,,1,0.0,0.0,0.0,0,1,1.6666666666666667,1.4387755102040816,1.7551020408163265
2023-02-19,West Ham United,Tottenham Hotspur,0,2,H,16,6,6,1,16,10,4,7,1,,0,,2023,A,2.0,0.0,0,0.0,0.0,0.0,0,1,0.6666666666666666,1.4242424242424243,1.75
2023-02-25,West Ham United,Nottingham Forest,4,0,H,18,8,5,3,8,5,12,3,0,0.0,0,0.0,2023,H,,,3,0.0,0.0,0.0,1,0,1.3333333333333333,1.44,1.0416666666666667
2023-03-04,West Ham United,Brighton and Hove Albion,0,4,H,20,3,9,2,6,8,7,3,3,,0,,2023,A,0.0,0.0,0,0.0,0.0,0.0,0,3,1.0,1.4257425742574257,1.3131313131313131
2023-03-12,West Ham United,Aston Villa,1,1,D,17,12,6,4,8,6,13,2,1,0.0,0,0.0,2023,H,,,1,0.0,0.0,0.0,0,1,1.3333333333333333,1.4215686274509804,1.3235294117647058
2023-04-02,West Ham United,Southampton,1,0,H,12,9,2,3,10,11,5,3,0,2.0,0,0.0,2023,H,,,3,0.0,0.0,0.0,1,0,1.3333333333333333,1.4368932038834952,1.0095238095238095
2023-04-05,West Ham United,Newcastle United,1,5,A,7,15,2,8,11,12,7,6,2,1.0,0,0.0,2023,H,,,0,0.0,0.0,0.0,0,2,1.3333333333333333,1.4230769230769231,1.4134615384615385
2023-04-08,West Ham United,Fulham,1,0,A,16,9,3,5,10,12,11,4,1,,0,,2023,A,1.0,0.0,3,0.0,0.0,0.0,1,1,2.0,1.438095238095238,1.0
2023-04-16,West Ham United,Arsenal,2,2,D,16,11,3,5,11,8,7,2,1,2.0,0,0.0,2023,H,,,1,0.0,0.0,0.0,0,1,1.3333333333333333,1.4339622641509433,1.9065420560747663
2023-04-23,West Ham United,Bournemouth,4,0,A,17,18,5,10,7,8,8,5,2,,0,,2023,A,1.0,0.0,3,0.0,0.0,0.0,1,2,2.3333333333333335,1.4485981308411215,1.03125
2023-04-26,West Ham United,Liverpool,1,2,A,7,20,2,4,6,8,3,6,0,0.0,0,0.0,2023,H,,,0,0.0,0.0,0.0,0,0,1.3333333333333333,1.4351851851851851,1.9814814814814814
2023-04-29,West Ham United,Crystal Palace,3,4,H,16,8,6,4,9,17,8,5,2,,0,,2023,A,1.0,0.0,0,0.0,0.0,0.0,0,2,1.0,1.4220183486238531,1.2
2023-05-03,West Ham United,Manchester City,0,3,H,16,6,7,2,8,8,6,3,1,,0,,2023,A,0.0,0.0,0,0.0,0.0,0.0,0,1,0.0,1.4090909090909092,2.36697247706422
2023-05-07,West Ham United,Manchester United,1,0,H,15,19,4,4,4,9,5,6,0,2.0,0,0.0,2023,H,,,3,0.0,0.0,0.0,1,0,1.0,1.4234234234234233,1.7727272727272727
2023-05-14,West Ham United,Brentford,0,2,H,24,4,10,4,5,5,7,5,0,,0,,2023,A,1.0,0.0,0,0.0,0.0,0.0,0,0,1.0,1.4107142857142858,1.337837837837838
2023-05-21,West Ham United,Leeds United,3,1,H,19,12,9,3,6,11,9,5,1,3.0,0,0.0,2023,H,,,3,0.0,0.0,0.0,0,1,2.0,1.424778761061947,1.1327433628318584
2023-05-28,West Ham United,Leicester City,1,2,H,13,16,4,3,8,10,3,5,1,,0,,2023,A,1.0,0.0,0,0.0,0.0,0.0,0,1,1.0,1.412280701754386,1.3333333333333333
2023-08-12,West Ham United,Bournemouth,1,1,D,14,16,5,3,9,14,10,4,4,,0,,2023,A,1.0,0.0,1,0.0,0.0,0.0,0,4,1.3333333333333333,1.4086956521739131,1.0256410256410255
2023-08-20,West Ham United,Chelsea,3,1,H,12,17,6,4,12,9,3,9,2,3.0,1,0.0,2023,H,,,3,0.0,0.0,0.0,0,4,1.3333333333333333,1.4224137931034482,1.603448275862069
2023-08-26,West Ham United,Brighton and Hove Albion,3,1,A,25,12,10,3,10,9,17,4,3,,0,,2023,A,1.0,0.0,3,0.0,0.0,0.0,0,3,2.3333333333333335,1.435897435897436,1.3675213675213675
2023-09-01,West Ham United,Luton Town,2,1,A,16,9,1,3,8,13,9,6,1,,0,,2023,A,1.0,0.0,3,0.0,0.0,0.0,0,1,3.0,1.4491525423728813,0.0
2023-09-16,West Ham United,Manchester City,1,3,A,6,29,3,15,7,11,4,11,3,2.0,0,0.0,2023,H,,,0,0.0,0.0,0.0,0,3,2.0,1.4369747899159664,2.3781512605042017
2023-09-24,West Ham United,Liverpool,1,3,H,22,11,7,4,12,13,7,4,2,,0,,2023,A,0.0,0.0,0,0.0,0.0,0.0,0,2,1.0,1.425,2.033333333333333
2023-09-30,West Ham United,Sheffield United,2,0,H,20,16,9,2,6,9,7,4,1,1.0,0,0.0,2023,H,,,3,0.0,0.0,0.0,1,1,1.0,1.43801652892562,0.5333333333333333
2023-10-08,West Ham United,Newcastle United,2,2,D,5,10,3,3,11,18,4,2,3,3.0,0,0.0,2023,H,,,1,0.0,0.0,0.0,0,3,1.3333333333333333,1.4344262295081966,1.459016393442623
2023-10-22,West Ham United,Aston Villa,1,4,H,15,14,7,4,9,15,8,7,1,,0,,2023,A,0.0,0.0,0,0.0,0.0,0.0,0,1,1.3333333333333333,1.4227642276422765,1.4634146341463414
2023-10-29,West Ham United,Everton,0,1,A,12,10,2,4,7,11,4,3,4,1.0,0,0.0,2023,H,,,0,0.0,0.0,0.0,0,4,0.3333333333333333,1.4112903225806452,1.1612903225806452
2023-11-04,West Ham United,Brentford,2,3,H,16,12,4,2,12,14,4,3,4,,0,,2023,A,1.0,0.0,0,0.0,0.0,0.0,0,4,0.0,1.4,1.3908045977011494
2023-11-12,West Ham United,Nottingham Forest,3,2,H,16,10,6,5,9,12,9,4,2,2.0,0,0.0,2023,H,,,3,0.0,0.0,0.0,0,2,1.0,1.4126984126984128,1.02
2023-11-25,West Ham United,Burnley,2,1,A,11,11,5,3,11,7,4,5,3,,0,,2023,A,1.0,0.0,3,0.0,0.0,0.0,0,3,2.0,1.4251968503937007,0.8764044943820225
2023-12-03,West Ham United,Crystal Palace,1,1,D,9,9,3,2,17,7,2,3,2,0.0,0,0.0,2023,H,,,1,0.0,0.0,0.0,0,2,2.3333333333333335,1.421875,1.1953125
2023-12-07,West Ham United,Tottenham Hotspur,2,1,A,23,11,7,5,11,12,8,4,3,,0,,2023,A,3.0,0.0,3,0.0,0.0,0.0,0,3,2.3333333333333335,1.434108527131783,1.7054263565891472
2023-12-10,West Ham United,Fulham,0,5,H,14,9,8,5,5,10,3,6,1,,0,,2023,A,2.0,0.0,0,0.0,0.0,0.0,0,1,1.3333333333333333,1.4230769230769231,1.0978260869565217
2023-12-17,West Ham United,Wolverhampton Wanderers,3,0,H,13,14,4,3,12,15,6,6,3,1.0,0,0.0,2023,H,,,3,0.0,0.0,0.0,1,3,2.0,1.4351145038167938,1.1908396946564885
2023-12-23,West Ham United,Manchester United,2,0,H,12,11,5,3,13,15,4,4,2,3.0,0,0.0,2023,H,,,3,0.0,0.0,0.0,1,2,2.0,1.446969696969697,1.7803030303030303
2023-12-28,West Ham United,Arsenal,2,0,A,30,6,8,3,8,8,10,3,0,,0,,2023,A,2.0,0.0,3,0.0,0.0,0.0,1,0,3.0,1.4586466165413534,1.9097744360902256
2024-01-02,West Ham United,Brighton and Hove Albion,0,0,D,6,22,2,8,4,6,2,0,1,0.0,0,0.0,2024,H,,,1,0.0,0.0,0.0,1,1,2.3333333333333335,1.455223880597015,1.3805970149253732
2024-01-21,West Ham United,Sheffield United,2,2,D,21,16,6,5,11,10,4,1,1,,1,,2024,A,3.0,1.0,1,0.0,0.0,0.0,0,3,1.6666666666666667,1.451851851851852,0.559322033898305
2024-02-01,West Ham United,Bournemouth,1,1,D,9,9,3,4,13,11,1,5,1,3.0,0,0.0,2024,H,,,1,0.0,0.0,0.0,0,1,1.0,1.4485294117647058,1.1016949152542372
2024-02-04,West Ham United,Manchester United,0,3,H,12,22,5,3,10,5,5,8,1,,0,,2024,A,0.0,0.0,0,0.0,0.0,0.0,0,1,0.6666666666666666,1.437956204379562,1.7883211678832116
2024-02-11,West Ham United,Arsenal,0,6,A,5,25,1,12,17,11,2,6,4,0.0,0,0.0,2024,H,,,0,0.0,0.0,0.0,0,4,0.3333333333333333,1.4275362318840579,1.9275362318840579
2024-02-17,West Ham United,Nottingham Forest,0,2,H,19,10,8,3,13,15,5,3,4,,1,,2024,A,4.0,0.0,0,0.0,0.0,0.0,0,6,0.0,1.4172661870503598,0.9841269841269841
2024-02-26,West Ham United,Brentford,4,2,H,17,14,6,8,5,9,1,7,1,2.0,0,0.0,2024,H,,,3,0.0,0.0,0.0,0,1,1.0,1.4285714285714286,1.2745098039215685
2024-03-02,West Ham United,Everton,3,1,A,22,12,11,5,9,6,4,5,2,,0,,2024,A,1.0,0.0,3,0.0,0.0,0.0,0,2,2.0,1.4397163120567376,1.1702127659574468
2024-03-10,West Ham United,Burnley,2,2,D,22,11,4,4,11,18,4,4,2,4.0,0,0.0,2024,H,,,1,0.0,0.0,0.0,0,2,2.3333333333333335,1.4366197183098592,0.8461538461538461
2024-03-17,West Ham United,Aston Villa,1,1,D,13,13,5,5,13,12,7,11,3,3.0,0,0.0,2024,H,,,1,0.0,0.0,0.0,0,3,1.6666666666666667,1.4335664335664335,1.5174825174825175
2024-03-30,West Ham United,Newcastle United,3,4,H,24,10,9,4,9,8,3,4,1,,0,,2024,A,1.0,1.0,0,0.0,0.0,0.0,0,1,0.6666666666666666,1.4236111111111112,1.4545454545454546
2024-04-02,West Ham United,Tottenham Hotspur,1,1,D,11,13,4,4,13,9,9,5,1,4.0,0,0.0,2024,H,,,1,0.0,0.0,0.0,0,1,0.6666666666666666,1.4206896551724137,1.7361111111111112
2024-04-06,West Ham United,Wolverhampton Wanderers,2,1,A,14,11,7,4,15,7,4,4,2,,0,,2024,A,5.0,0.0,3,0.0,0.0,0.0,0,2,1.3333333333333333,1.4315068493150684,1.2344827586206897
2024-04-14,West Ham United,Fulham,0,2,A,15,18,4,10,6,13,8,3,1,2.0,0,0.0,2024,H,,,0,0.0,0.0,0.0,0,1,1.3333333333333333,1.4217687074829932,1.1192660550458715
2024-04-21,West Ham United,Crystal Palace,2,5,H,18,4,7,1,9,9,4,0,2,,0,,2024,A,3.0,0.0,0,0.0,0.0,0.0,0,2,1.0,1.412162162162162,1.1768707482993197
2024-04-27,West Ham United,Liverpool,2,2,D,11,28,8,8,8,10,5,8,0,2.0,0,0.0,2024,H,,,1,0.0,0.0,0.0,0,0,0.3333333333333333,1.4093959731543624,2.033557046979866
2024-05-05,West Ham United,Chelsea,0,5,H,25,13,14,2,12,10,8,6,3,,0,,2024,A,1.0,0.0,0,0.0,0.0,0.0,0,3,0.3333333333333333,1.4,1.604026845637584
2024-05-11,West Ham United,Luton Town,3,1,H,24,4,8,1,9,15,7,6,1,3.0,0,0.0,2024,H,,,3,0.0,0.0,0.0,0,1,1.3333333333333333,1.4105960264900663,0.7027027027027027
2024-05-19,West Ham United,Manchester City,1,3,H,28,3,12,2,3,12,11,2,1,,0,,2024,A,0.0,0.0,0,0.0,0.0,0.0,0,1,1.0,1.4013157894736843,2.361842105263158
2024-08-17,West Ham United,Aston Villa,1,2,A,14,15,3,3,18,11,5,3,1,2.0,0,0.0,2024,H,,,0,0.0,0.0,0.0,0,1,1.0,1.392156862745098,1.5163398692810457
2024-08-24,West Ham United,Crystal Palace,2,0,A,14,18,2,3,9,17,3,3,1,,0,,2024,A,1.0,0.0,3,0.0,0.0,0.0,1,1,1.0,1.4025974025974026,1.2077922077922079
2024-08-31,West Ham United,Manchester City,1,3,A,10,23,2,8,10,3,3,11,3,2.0,0,0.0,2024,H,,,0,0.0,0.0,0.0,0,3,1.0,1.3935483870967742,2.3741935483870966
2024-09-14,West Ham United,Fulham,1,1,D,21,11,5,3,15,18,3,2,3,,0,,2024,A,2.0,0.0,1,0.0,0.0,0.0,0,3,1.3333333333333333,1.391025641025641,1.11864406779661
2024-09-21,West Ham United,Chelsea,0,3,A,15,12,7,5,17,9,6,5,5,2.0,0,0.0,2024,H,,,0,0.0,0.0,0.0,0,5,0.3333333333333333,1.3821656050955413,1.643312101910828
2024-09-28,West Ham United,Brentford,1,1,D,8,19,3,3,2,11,7,7,3,,0,,2024,A,2.0,0.0,1,0.0,0.0,0.0,0,3,0.6666666666666666,1.379746835443038,1.2583333333333333
2024-10-05,West Ham United,Ipswich Town,4,1,H,23,9,13,2,12,6,5,5,0,1.0,0,0.0,2024,H,,,3,0.0,0.0,0.0,0,0,1.3333333333333333,1.389937106918239,0.5714285714285714
2024-10-19,West Ham United,Tottenham Hotspur,1,4,H,22,11,7,4,10,15,13,5,3,,1,,2024,A,1.0,0.0,0,0.0,0.0,0.0,0,5,1.3333333333333333,1.38125,1.7
2024-10-27,West Ham United,Manchester United,2,1,H,12,18,3,5,6,7,6,5,5,1.0,0,0.0,2024,H,,,3,0.0,0.0,0.0,0,5,2.0,1.391304347826087,1.7267080745341614
2024-11-02,West Ham United,Nottingham Forest,0,3,H,19,4,6,2,7,9,11,6,2,,1,,2024,A,1.0,0.0,0,0.0,0.0,0.0,0,4,1.0,1.382716049382716,1.0813953488372092
2024-11-09,West Ham United,Everton,0,0,D,11,18,6,4,10,9,7,6,1,2.0,0,0.0,2024,H,,,1,0.0,0.0,0.0,1,1,1.3333333333333333,1.3803680981595092,1.177914110429448
2024-11-25,West Ham United,Newcastle United,2,0,A,18,15,2,6,11,8,8,3,0,,0,,2024,A,1.0,0.0,3,0.0,0.0,0.0,1,0,1.3333333333333333,1.3902439024390243,1.4817073170731707
2024-11-30,West Ham United,Arsenal,2,5,A,12,16,5,7,10,13,2,10,4,1.0,0,0.0,2024,H,,,0,0.0,0.0,0.0,0,4,1.3333333333333333,1.3818181818181818,1.9878787878787878
2024-12-03,West Ham United,Leicester City,1,3,H,8,31,6,10,9,7,3,9,2,,0,,2024,A,2.0,0.0,0,0.0,0.0,0.0,0,2,1.0,1.3734939759036144,1.2890625
2024-12-09,West Ham United,Wolverhampton Wanderers,2,1,H,19,19,4,5,12,17,11,0,5,4.0,0,0.0,2024,H,,,3,0.0,0.0,0.0,0,5,1.0,1.3832335329341316,1.1497005988023952
2024-12-16,West Ham United,Bournemouth,1,1,D,29,16,9,3,6,11,12,6,2,,0,,2024,A,0.0,0.0,1,0.0,0.0,0.0,0,2,1.3333333333333333,1.380952380952381,1.2173913043478262
2024-12-21,West Ham United,Brighton and Hove Albion,1,1,D,11,12,4,6,14,20,8,4,2,2.0,0,0.0,2024,H,,,1,0.0,0.0,0.0,0,2,1.6666666666666667,1.378698224852071,1.3431952662721893
2024-12-26,West Ham United,Southampton,1,0,A,18,16,5,2,15,8,2,2,2,,0,,2024,A,1.0,0.0,3,0.0,0.0,0.0,1,2,1.6666666666666667,1.388235294117647,0.8636363636363636
2024-12-29,West Ham United,Liverpool,0,5,A,7,22,0,13,7,10,3,6,0,0.0,0,0.0,2024,H,,,0,0.0,0.0,0.0,0,0,1.3333333333333333,1.3801169590643274,2.088235294117647
2025-01-04,West Ham United,Manchester City,1,4,H,10,17,7,4,8,13,7,1,1,,0,,2025,A,2.0,0.0,0,0.0,0.0,0.0,0,1,1.0,1.372093023255814,2.2848837209302326
2025-01-14,West Ham United,Fulham,3,2,H,4,21,3,5,9,18,0,3,3,3.0,0,0.0,2025,H,,,3,0.0,0.0,0.0,0,3,1.0,1.3815028901734103,1.162962962962963
2025-01-18,West Ham United,Crystal Palace,0,2,A,7,12,0,7,13,10,2,4,1,0.0,1,0.0,2025,H,,,0,0.0,0.0,0.0,0,3,1.0,1.3735632183908046,1.2241379310344827
2025-01-26,West Ham United,Aston Villa,1,1,D,14,14,4,4,13,16,4,3,3,,0,,2025,A,2.0,0.0,1,0.0,0.0,0.0,0,3,1.3333333333333333,1.3714285714285714,1.52
2025-02-03,West Ham United,Chelsea,1,2,H,22,14,3,5,11,10,4,3,1,,0,,2025,A,3.0,0.0,0,0.0,0.0,0.0,0,1,0.3333333333333333,1.3636363636363635,1.6534090909090908
2025-02-15,West Ham United,Brentford,0,1,A,13,14,3,5,10,13,9,2,1,1.0,0,0.0,2025,H,,,0,0.0,0.0,0.0,0,1,0.3333333333333333,1.3559322033898304,1.2805755395683454
2025-02-22,West Ham United,Arsenal,1,0,A,20,5,2,2,16,15,2,0,3,,0,,2025,A,1.0,1.0,3,0.0,0.0,0.0,1,3,1.0,1.3651685393258426,2.0
2025-02-27,West Ham United,Leicester City,2,0,H,8,10,2,2,12,6,3,3,0,0.0,0,0.0,2025,H,,,3,0.0,0.0,0.0,1,0,2.0,1.3743016759776536,1.198581560283688
2025-03-10,West Ham United,Newcastle United,0,1,A,9,9,2,3,7,15,3,4,0,1.0,0,0.0,2025,H,,,0,0.0,0.0,0.0,0,0,2.0,1.3666666666666667,1.511111111111111
2025-03-15,West Ham United,Everton,1,1,D,13,10,5,5,12,8,6,5,2,,0,,2025,A,1.0,0.0,1,0.0,0.0,0.0,0,2,1.3333333333333333,1.3646408839779005,1.1933701657458564
2025-04-01,West Ham United,Wolverhampton Wanderers,0,1,H,9,10,2,1,16,12,1,2,2,,0,,2025,A,4.0,0.0,0,0.0,0.0,0.0,0,2,0.3333333333333333,1.3571428571428572,1.164835164835165
2025-04-05,West Ham United,Bournemouth,2,2,D,9,11,3,4,13,13,4,7,2,2.0,0,0.0,2025,H,,,1,0.0,0.0,0.0,0,2,0.6666666666666666,1.355191256830601,1.233644859813084
2025-04-13,West Ham United,Liverpool,1,2,H,15,11,6,4,15,8,10,3,2,,0,,2025,A,0.0,0.0,0,0.0,0.0,0.0,0,2,0.3333333333333333,1.3478260869565217,2.097826086956522
2025-04-19,West Ham United,Southampton,1,1,D,12,15,4,4,14,13,2,5,2,1.0,0,0.0,2025,H,,,1,0.0,0.0,0.0,0,2,0.6666666666666666,1.345945945945946,0.8095238095238095
2025-04-26,West Ham United,Brighton and Hove Albion,2,3,H,16,12,9,4,7,9,8,1,1,,0,,2025,A,1.0,0.0,0,0.0,0.0,0.0,0,1,0.3333333333333333,1.3387096774193548,1.3602150537634408
2025-05-04,West Ham United,Tottenham Hotspur,1,1,D,11,7,2,2,18,15,1,3,2,2.0,0,0.0,2025,H,,,1,0.0,0.0,0.0,0,2,0.6666666666666666,1.3368983957219251,1.588235294117647
2025-05-11,West Ham United,Manchester United,2,0,A,20,9,5,4,3,13,8,5,1,,0,,2025,A,0.0,0.0,3,0.0,0.0,0.0,1,1,1.3333333333333333,1.3457446808510638,1.627659574468085
2025-05-18,West Ham United,Nottingham Forest,1,2,A,16,10,5,5,14,7,8,7,6,3.0,0,0.0,2025,H,,,0,0.0,0.0,0.0,0,6,1.3333333333333333,1.3386243386243386,1.2300884955752212
2025-05-25,West Ham United,Ipswich Town,3,1,A,14,10,4,6,10,9,4,0,1,,0,,2025,A,1.0,0.0,3,0.0,0.0,0.0,0,1,2.0,1.3473684210526315,0.5789473684210527
2025-08-16,West Ham United,Sunderland,0,3,H,10,12,5,4,8,10,5,7,1,,0,,2025,A,0.0,0.0,0,0.0,0.0,0.0,0,1,1.0,1.3403141361256545,3.0
2025-08-22,West Ham United,Chelsea,1,5,A,12,12,4,7,7,10,7,5,0,1.0,0,0.0,2025,H,,,0,0.0,0.0,0.0,0,0,1.0,1.3333333333333333,1.671875
2025-08-31,West Ham United,Nottingham Forest,3,0,A,11,12,3,8,14,6,9,7,0,,0,,2025,A,0.0,0.0,3,0.0,0.0,0.0,1,0,1.0,1.3419689119170986,1.2222222222222223
2025-09-13,West Ham United,Tottenham Hotspur,0,3,A,7,14,4,5,8,7,2,13,0,1.0,1,0.0,2025,H,,,0,0.0,0.0,0.0,0,2,1.0,1.3350515463917525,1.577319587628866
2025-09-20,West Ham United,Crystal Palace,1,2,A,8,18,3,3,15,5,8,8,3,3.0,0,0.0,2025,H,,,0,0.0,0.0,0.0,0,3,1.0,1.3282051282051281,1.2717948717948717
2025-09-29,West Ham United,Everton,1,1,D,12,14,6,3,7,16,3,5,4,,0,,2025,A,3.0,0.0,1,0.0,0.0,0.0,0,4,0.3333333333333333,1.3265306122448979,1.2142857142857142
2025-10-04,West Ham United,Arsenal,0,2,H,21,4,5,0,14,14,8,3,2,,0,,2025,A,0.0,0.0,0,0.0,0.0,0.0,0,2,0.3333333333333333,1.3197969543147208,1.9949238578680204
2025-10-20,West Ham United,Brentford,0,2,A,7,22,1,7,10,10,6,10,1,1.0,0,0.0,2025,H,,,0,0.0,0.0,0.0,0,1,0.3333333333333333,1.3131313131313131,1.3125
2025-10-24,West Ham United,Leeds United,1,2,H,13,9,5,3,12,11,3,4,3,,0,,2025,A,3.0,0.0,0,0.0,0.0,0.0,0,3,0.0,1.306532663316583,1.1300813008130082
2025-11-02,West Ham United,Newcastle United,3,1,H,15,12,9,4,5,10,7,6,1,2.0,0,0.0,2025,H,,,3,0.0,0.0,0.0,0,1,1.0,1.315,1.515
2025-11-08,West Ham United,Burnley,3,2,H,15,16,6,7,15,13,7,4,2,2.0,0,0.0,2025,H,,,3,0.0,0.0,0.0,0,2,2.0,1.3233830845771144,0.864
2020-09-14,Wolverhampton Wanderers,Sheffield United,2,0,A,9,11,2,4,13,7,12,5,1,,0,,2020,A,2.0,0.0,3,0.0,0.0,0.0,1,1,3.0,3.0,0.0
2020-09-21,Wolverhampton Wanderers,Manchester City,1,3,A,10,14,1,9,6,8,4,6,0,3.0,0,0.0,2020,H,,,0,0.0,0.0,0.0,0,0,1.5,1.5,3.0
2020-09-27,Wolverhampton Wanderers,West Ham United,0,4,H,15,11,7,2,7,11,1,3,1,,0,,2020,A,0.0,0.0,0,0.0,0.0,0.0,0,1,1.0,1.0,1.0
2020-10-04,Wolverhampton Wanderers,Fulham,1,0,H,14,10,5,2,15,8,6,2,1,1.0,0,0.0,2020,H,,,3,0.0,0.0,0.0,1,1,1.0,1.5,0.0
2020-10-19,Wolverhampton Wanderers,Leeds United,1,0,A,13,7,2,3,13,12,8,3,1,,0,,2020,A,2.0,0.0,3,0.0,0.0,0.0,1,1,2.0,1.8,1.4
2020-10-25,Wolverhampton Wanderers,Newcastle United,1,1,D,16,5,3,2,10,10,2,3,0,1.0,0,0.0,2020,H,,,1,0.0,0.0,0.0,0,0,2.3333333333333335,1.6666666666666667,1.3333333333333333
2020-10-30,Wolverhampton Wanderers,Crystal Palace,2,0,H,15,11,5,2,13,4,7,6,0,2.0,0,1.0,2020,H,,,3,0.0,0.0,0.0,1,0,2.3333333333333335,1.8571428571428572,1.4285714285714286
2020-11-08,Wolverhampton Wanderers,Leicester City,0,1,H,10,7,3,2,12,8,6,3,3,,0,,2020,A,2.0,0.0,0,0.0,0.0,0.0,0,3,1.3333333333333333,1.625,2.25
2020-11-23,Wolverhampton Wanderers,Southampton,1,1,D,20,7,9,2,14,13,7,4,2,0.0,0,0.0,2020,H,,,1,0.0,0.0,0.0,0,2,1.3333333333333333,1.5555555555555556,1.8888888888888888
2020-11-29,Wolverhampton Wanderers,Arsenal,2,1,A,13,11,2,5,13,13,8,4,4,,0,,2020,A,3.0,0.0,3,0.0,0.0,0.0,0,4,1.3333333333333333,1.7,1.3
2020-12-06,Wolverhampton Wanderers,Liverpool,0,4,H,11,9,6,3,8,14,4,6,1,,0,,2020,A,1.0,0.0,0,0.0,0.0,0.0,0,1,1.3333333333333333,1.5454545454545454,2.1818181818181817
2020-12-12,Wolverhampton Wanderers,Aston Villa,0,1,A,16,13,7,2,23,15,5,8,2,5.0,0,0.0,2020,H,,,0,0.0,0.0,0.0,0,2,1.0,1.4166666666666667,1.8
2020-12-15,Wolverhampton Wanderers,Chelsea,2,1,H,12,13,4,3,12,12,5,6,2,2.0,0,0.0,2020,H,,,3,0.0,0.0,0.0,0,2,1.0,1.5384615384615385,1.6923076923076923
2020-12-21,Wolverhampton Wanderers,Burnley,1,2,H,10,15,4,3,11,15,1,7,1,,0,,2020,A,2.0,0.0,0,0.0,0.0,0.0,0,1,1.0,1.4285714285714286,1.0
2020-12-27,Wolverhampton Wanderers,Tottenham Hotspur,1,1,D,11,6,6,3,20,13,9,2,4,1.0,0,0.0,2020,H,,,1,0.0,0.0,0.0,0,4,1.3333333333333333,1.4,1.7333333333333334
2020-12-29,Wolverhampton Wanderers,Manchester United,0,1,H,11,9,3,5,11,7,2,2,1,,0,,2020,A,1.0,0.0,0,0.0,0.0,0.0,0,1,0.3333333333333333,1.3125,2.0
2021-01-02,Wolverhampton Wanderers,Brighton and Hove Albion,3,3,D,13,11,4,4,13,8,5,8,1,,0,,2021,A,2.0,0.0,1,0.0,0.0,0.0,0,1,0.6666666666666666,1.2941176470588236,0.8235294117647058
2021-01-12,Wolverhampton Wanderers,Everton,1,2,A,12,5,3,3,6,11,6,5,2,2.0,0,0.0,2021,H,,,0,0.0,0.0,0.0,0,2,0.3333333333333333,1.2222222222222223,1.8823529411764706
2021-01-16,Wolverhampton Wanderers,West Brom,2,3,A,23,12,6,5,10,14,11,0,2,1.0,0,0.0,2021,H,,,0,0.0,0.0,0.0,0,2,0.3333333333333333,1.1578947368421053,0.6111111111111112
2021-01-27,Wolverhampton Wanderers,Chelsea,0,0,D,14,4,5,0,14,7,13,1,1,,0,,2021,A,1.0,0.0,1,0.0,0.0,0.0,1,1,0.3333333333333333,1.15,1.5
2021-01-30,Wolverhampton Wanderers,Crystal Palace,0,1,H,11,6,2,4,7,10,1,6,2,,0,,2021,A,1.0,0.0,0,0.0,0.0,0.0,0,2,0.3333333333333333,1.0952380952380953,1.2380952380952381
2021-02-02,Wolverhampton Wanderers,Arsenal,2,1,H,11,9,7,3,11,8,9,6,3,2.0,0,2.0,2021,H,,,3,0.0,0.0,0.0,0,3,1.3333333333333333,1.1818181818181819,1.4090909090909092
2021-02-07,Wolverhampton Wanderers,Leicester City,0,0,D,13,13,1,3,11,15,8,2,1,3.0,0,0.0,2021,H,,,1,0.0,0.0,0.0,1,1,1.3333333333333333,1.173913043478261,1.8695652173913044
2021-02-14,Wolverhampton Wanderers,Southampton,2,1,A,7,10,3,4,10,9,4,6,2,,0,,2021,A,2.0,0.0,3,0.0,0.0,0.0,0,2,2.3333333333333335,1.25,1.2608695652173914
2021-02-19,Wolverhampton Wanderers,Leeds United,1,0,H,15,18,5,7,13,8,7,9,1,0.0,0,0.0,2021,H,,,3,0.0,0.0,0.0,1,1,2.3333333333333335,1.32,1.3333333333333333
2021-02-27,Wolverhampton Wanderers,Newcastle United,1,1,D,19,14,7,4,11,13,3,5,0,,0,,2021,A,2.0,0.0,1,0.0,0.0,0.0,0,0,2.3333333333333335,1.3076923076923077,1.0
2021-03-02,Wolverhampton Wanderers,Manchester City,1,4,H,22,6,10,1,9,5,10,2,1,,0,,2021,A,0.0,0.0,0,0.0,0.0,0.0,0,1,1.3333333333333333,1.2592592592592593,2.4074074074074074
2021-03-06,Wolverhampton Wanderers,Aston Villa,0,0,D,9,10,1,2,13,13,5,3,0,,0,,2021,A,1.0,0.0,1,0.0,0.0,0.0,1,0,0.6666666666666666,1.25,1.5384615384615385
2021-03-15,Wolverhampton Wanderers,Liverpool,0,1,A,10,12,5,4,17,10,3,2,2,1.0,0,0.0,2021,H,,,0,0.0,0.0,0.0,0,2,0.3333333333333333,1.206896551724138,1.5862068965517242
2021-04-05,Wolverhampton Wanderers,West Ham United,2,3,A,20,9,5,6,9,9,4,2,1,4.0,0,0.0,2021,H,,,0,0.0,0.0,0.0,0,1,0.3333333333333333,1.1666666666666667,1.7333333333333334
2021-04-09,Wolverhampton Wanderers,Fulham,1,0,A,14,7,3,3,11,8,3,4,0,,0,,2021,A,0.0,0.0,3,0.0,0.0,0.0,1,0,1.0,1.2258064516129032,0.8125
2021-04-17,Wolverhampton Wanderers,Sheffield United,1,0,H,10,8,5,2,8,15,3,3,1,2.0,0,0.0,2021,H,,,3,0.0,0.0,0.0,1,1,2.0,1.28125,0.4375
2021-04-25,Wolverhampton Wanderers,Burnley,0,4,A,12,14,2,7,8,9,8,5,1,2.0,0,0.0,2021,H,,,0,0.0,0.0,0.0,0,1,2.0,1.2424242424242424,1.0909090909090908
2021-05-03,Wolverhampton Wanderers,West Brom,1,1,D,10,20,4,10,17,11,5,6,0,,0,,2021,A,2.0,0.0,1,0.0,0.0,0.0,0,0,1.3333333333333333,1.2352941176470589,0.7647058823529411
2021-05-09,Wolverhampton Wanderers,Brighton and Hove Albion,2,1,H,16,5,6,3,12,7,10,5,2,2.0,0,2.0,2021,H,,,3,0.0,0.0,0.0,0,2,1.3333333333333333,1.2857142857142858,1.0571428571428572
2021-05-16,Wolverhampton Wanderers,Tottenham Hotspur,0,2,H,24,15,13,3,8,11,10,3,0,,0,,2021,A,1.0,0.0,0,0.0,0.0,0.0,0,0,1.3333333333333333,1.25,1.6388888888888888
2021-05-19,Wolverhampton Wanderers,Everton,0,1,H,14,9,4,3,11,11,7,12,2,,0,,2021,A,0.0,0.0,0,0.0,0.0,0.0,0,2,1.0,1.2162162162162162,1.5945945945945945
2021-05-23,Wolverhampton Wanderers,Manchester United,1,2,A,14,9,4,4,14,3,6,2,4,1.0,0,0.0,2021,H,,,0,0.0,0.0,0.0,0,4,0.0,1.1842105263157894,1.9473684210526316
2021-08-14,Wolverhampton Wanderers,Leicester City,0,1,H,9,17,5,3,6,10,5,4,2,,0,,2021,A,1.0,0.0,0,0.0,0.0,0.0,0,2,0.0,1.1538461538461537,1.7692307692307692
2021-08-22,Wolverhampton Wanderers,Tottenham Hotspur,0,1,A,25,8,6,6,9,7,5,4,1,4.0,0,0.0,2021,H,,,0,0.0,0.0,0.0,0,1,0.0,1.125,1.7
2021-08-29,Wolverhampton Wanderers,Manchester United,0,1,A,15,10,6,3,7,9,5,7,3,4.0,0,0.0,2021,H,,,0,0.0,0.0,0.0,0,3,0.0,1.0975609756097562,1.975609756097561
2021-09-11,Wolverhampton Wanderers,Watford,2,0,A,6,14,2,5,15,13,6,8,3,,0,,2021,A,3.0,0.0,3,0.0,0.0,0.0,1,3,1.0,1.1428571428571428,0.75
2021-09-18,Wolverhampton Wanderers,Brentford,0,2,A,11,9,0,3,10,7,4,2,4,2.0,0,1.0,2021,H,,,0,0.0,0.0,0.0,0,4,1.0,1.1162790697674418,1.6
2021-09-26,Wolverhampton Wanderers,Southampton,1,0,A,18,5,6,3,12,8,5,5,0,,0,,2021,A,0.0,0.0,3,0.0,0.0,0.0,1,0,2.0,1.1590909090909092,1.0681818181818181
2021-10-02,Wolverhampton Wanderers,Newcastle United,2,1,H,7,8,3,2,15,5,0,4,0,2.0,0,0.0,2021,H,,,3,0.0,0.0,0.0,0,0,2.0,1.2,1.0666666666666667
2021-10-16,Wolverhampton Wanderers,Aston Villa,3,2,A,14,9,5,4,8,17,6,7,3,,0,,2021,A,2.0,0.0,3,0.0,0.0,0.0,0,3,3.0,1.2391304347826086,1.4130434782608696
2021-10-23,Wolverhampton Wanderers,Leeds United,1,1,D,18,8,4,4,15,14,6,3,3,,0,,2021,A,2.0,0.0,1,0.0,0.0,0.0,0,3,2.3333333333333335,1.2340425531914894,1.4042553191489362
2021-11-01,Wolverhampton Wanderers,Everton,2,1,H,10,14,4,5,10,8,4,3,1,1.0,0,0.0,2021,H,,,3,0.0,0.0,0.0,0,1,2.3333333333333335,1.2708333333333333,1.5208333333333333
2021-11-06,Wolverhampton Wanderers,Crystal Palace,0,2,H,13,4,6,2,14,13,4,6,1,,0,,2021,A,2.0,0.0,0,0.0,0.0,0.0,0,1,1.3333333333333333,1.2448979591836735,1.2040816326530612
2021-11-20,Wolverhampton Wanderers,West Ham United,1,0,H,15,8,5,3,6,9,7,3,1,1.0,0,0.0,2021,H,,,3,0.0,0.0,0.0,1,1,2.0,1.28,1.76
2021-11-27,Wolverhampton Wanderers,Norwich City,0,0,D,14,5,4,2,11,10,4,3,2,,0,,2021,A,2.0,0.0,1,0.0,0.0,0.0,1,2,1.3333333333333333,1.2745098039215685,0.6923076923076923
2021-12-01,Wolverhampton Wanderers,Burnley,0,0,D,16,6,2,1,5,7,5,5,2,3.0,0,0.0,2021,H,,,1,0.0,0.0,0.0,1,2,1.6666666666666667,1.2692307692307692,0.9607843137254902
2021-12-04,Wolverhampton Wanderers,Liverpool,0,1,A,3,17,1,5,4,7,2,8,2,2.0,0,0.0,2021,H,,,0,0.0,0.0,0.0,0,2,0.6666666666666666,1.2452830188679245,1.9433962264150944
2021-12-11,Wolverhampton Wanderers,Manchester City,0,1,H,24,2,10,1,12,5,14,1,2,,1,,2021,A,3.0,0.0,0,0.0,0.0,0.0,0,4,0.3333333333333333,1.2222222222222223,2.2962962962962963
2021-12-15,Wolverhampton Wanderers,Brighton and Hove Albion,1,0,A,12,8,2,5,11,14,7,4,0,,0,,2021,A,2.0,0.0,3,0.0,0.0,0.0,1,0,1.0,1.2545454545454546,1.1296296296296295
2021-12-19,Wolverhampton Wanderers,Chelsea,0,0,D,4,8,1,1,9,7,4,9,0,2.0,0,0.0,2021,H,,,1,0.0,0.0,0.0,1,0,1.3333333333333333,1.25,1.875
2022-01-03,Wolverhampton Wanderers,Manchester United,1,0,A,9,19,2,6,9,8,3,8,1,,0,,2022,A,3.0,0.0,3,0.0,0.0,0.0,1,1,2.3333333333333335,1.280701754385965,1.8421052631578947
2022-01-15,Wolverhampton Wanderers,Southampton,3,1,H,9,13,5,10,13,14,2,10,2,3.0,0,0.0,2022,H,,,3,0.0,0.0,0.0,0,2,2.3333333333333335,1.3103448275862069,1.1355932203389831
2022-01-22,Wolverhampton Wanderers,Brentford,2,1,A,11,7,1,2,6,7,6,3,3,,0,,2022,A,2.0,0.0,3,0.0,0.0,0.0,0,3,3.0,1.3389830508474576,1.0
2022-02-10,Wolverhampton Wanderers,Arsenal,0,1,A,15,12,4,2,12,13,7,4,2,3.0,0,1.0,2022,H,,,0,0.0,0.0,0.0,0,2,2.0,1.3166666666666667,1.6666666666666667
2022-02-13,Wolverhampton Wanderers,Tottenham Hotspur,2,0,A,17,11,7,7,13,13,7,3,1,,0,,2022,A,3.0,0.0,3,0.0,0.0,0.0,1,1,2.0,1.3442622950819672,1.6333333333333333
2022-02-20,Wolverhampton Wanderers,Leicester City,2,1,H,11,17,3,7,12,9,7,10,4,4.0,0,0.0,2022,H,,,3,0.0,0.0,0.0,0,4,2.0,1.3709677419354838,1.5245901639344261
2022-02-24,Wolverhampton Wanderers,Arsenal,1,2,H,26,6,5,2,8,9,5,4,1,,0,,2022,A,1.0,0.0,0,0.0,0.0,0.0,0,1,2.0,1.3492063492063493,1.7096774193548387
2022-02-27,Wolverhampton Wanderers,West Ham United,0,1,H,13,14,4,1,8,2,3,5,0,,0,,2022,A,1.0,0.0,0,0.0,0.0,0.0,0,0,1.0,1.328125,1.6923076923076923
2022-03-05,Wolverhampton Wanderers,Crystal Palace,0,2,A,12,12,5,8,13,8,7,7,0,3.0,0,0.0,2022,H,,,0,0.0,0.0,0.0,0,0,0.0,1.3076923076923077,1.1666666666666667
2022-03-10,Wolverhampton Wanderers,Watford,4,0,H,10,9,5,0,11,10,5,2,2,2.0,0,0.0,2022,H,,,3,0.0,0.0,0.0,1,2,1.0,1.3333333333333333,0.6785714285714286
2022-03-13,Wolverhampton Wanderers,Everton,1,0,A,8,14,2,3,13,11,5,2,1,,0,,2022,A,2.0,1.0,3,0.0,0.0,0.0,1,1,2.0,1.3582089552238805,1.265625
2022-03-18,Wolverhampton Wanderers,Leeds United,2,3,A,14,15,8,6,13,14,2,5,1,4.0,1,0.0,2022,H,,,0,0.0,0.0,0.0,0,3,2.0,1.338235294117647,1.2941176470588236
2022-04-02,Wolverhampton Wanderers,Aston Villa,2,1,H,11,15,5,5,15,8,4,9,4,3.0,0,0.0,2022,H,,,3,0.0,0.0,0.0,0,4,2.0,1.3623188405797102,1.338235294117647
2022-04-08,Wolverhampton Wanderers,Newcastle United,0,1,H,12,5,4,2,6,13,1,2,1,,0,,2022,A,1.0,0.0,0,0.0,0.0,0.0,0,1,1.0,1.3428571428571427,1.144927536231884
2022-04-24,Wolverhampton Wanderers,Burnley,0,1,H,14,10,5,4,8,7,3,6,1,,0,,2022,A,3.0,0.0,0,0.0,0.0,0.0,0,1,1.0,1.323943661971831,0.9859154929577465
2022-04-30,Wolverhampton Wanderers,Brighton and Hove Albion,0,3,A,11,17,1,9,6,4,7,3,2,1.0,0,0.0,2022,H,,,0,0.0,0.0,0.0,0,2,0.0,1.3055555555555556,1.1643835616438356
2022-05-07,Wolverhampton Wanderers,Chelsea,2,2,D,19,14,6,4,7,11,9,3,3,,0,,2022,A,1.0,0.0,1,0.0,0.0,0.0,0,3,0.3333333333333333,1.3013698630136987,1.8356164383561644
2022-05-11,Wolverhampton Wanderers,Manchester City,1,5,A,7,16,3,5,2,10,6,2,0,1.0,0,0.0,2022,H,,,0,0.0,0.0,0.0,0,0,0.3333333333333333,1.2837837837837838,2.364864864864865
2022-05-15,Wolverhampton Wanderers,Norwich City,1,1,D,17,11,4,2,5,10,5,3,0,3.0,0,0.0,2022,H,,,1,0.0,0.0,0.0,0,0,0.6666666666666666,1.28,0.5945945945945946
2022-05-22,Wolverhampton Wanderers,Liverpool,1,3,H,29,7,8,5,6,3,5,3,0,,0,,2022,A,1.0,0.0,0,0.0,0.0,0.0,0,0,0.3333333333333333,1.263157894736842,2.1184210526315788
2022-08-06,Wolverhampton Wanderers,Leeds United,1,2,H,12,15,4,6,13,9,6,4,0,,0,,2022,A,2.0,0.0,0,0.0,0.0,0.0,0,0,0.3333333333333333,1.2467532467532467,1.2987012987012987
2022-08-13,Wolverhampton Wanderers,Fulham,0,0,D,7,9,1,3,7,14,5,3,3,3.0,0,0.0,2022,H,,,1,0.0,0.0,0.0,1,3,0.3333333333333333,1.2435897435897436,0.75
2022-08-20,Wolverhampton Wanderers,Tottenham Hotspur,0,1,H,11,20,4,3,10,8,8,6,2,,0,,2022,A,2.0,0.0,0,0.0,0.0,0.0,0,2,0.3333333333333333,1.2278481012658229,1.7721518987341771
2022-08-28,Wolverhampton Wanderers,Newcastle United,1,1,D,10,21,4,6,10,11,4,13,2,1.0,0,0.0,2022,H,,,1,0.0,0.0,0.0,0,2,0.6666666666666666,1.225,1.25
2022-08-31,Wolverhampton Wanderers,Bournemouth,0,0,D,5,17,2,4,12,12,2,5,1,,0,,2022,A,2.0,0.0,1,0.0,0.0,0.0,1,1,0.6666666666666666,1.2222222222222223,0.8
2022-09-03,Wolverhampton Wanderers,Southampton,1,0,H,7,12,2,1,10,14,5,6,4,2.0,0,0.0,2022,H,,,3,0.0,0.0,0.0,1,4,1.6666666666666667,1.2439024390243902,1.0975609756097562
2022-09-17,Wolverhampton Wanderers,Manchester City,0,3,A,6,16,1,7,7,9,5,7,2,1.0,1,0.0,2022,H,,,0,0.0,0.0,0.0,0,4,1.3333333333333333,1.2289156626506024,2.36144578313253
2022-10-01,Wolverhampton Wanderers,West Ham United,0,2,H,18,15,5,4,8,6,1,6,2,,0,,2022,A,2.0,0.0,0,0.0,0.0,0.0,0,2,1.0,1.2142857142857142,1.5238095238095237
2022-10-08,Wolverhampton Wanderers,Chelsea,0,3,H,20,8,7,2,8,8,4,2,0,,0,,2022,A,2.0,0.0,0,0.0,0.0,0.0,0,0,0.0,1.2,1.869047619047619
2022-10-15,Wolverhampton Wanderers,Nottingham Forest,1,0,H,9,10,2,2,17,13,4,5,2,2.0,0,0.0,2022,H,,,3,0.0,0.0,0.0,1,2,1.0,1.2209302325581395,0.5
2022-10-18,Wolverhampton Wanderers,Crystal Palace,1,2,H,14,10,4,4,14,18,4,3,1,,0,,2022,A,3.0,0.0,0,0.0,0.0,0.0,0,1,1.0,1.206896551724138,1.2209302325581395
2022-10-23,Wolverhampton Wanderers,Leicester City,0,4,A,21,5,5,4,10,13,9,2,2,1.0,0,0.0,2022,H,,,0,0.0,0.0,0.0,0,2,1.0,1.1931818181818181,1.4659090909090908
2022-10-29,Wolverhampton Wanderers,Brentford,1,1,D,12,14,3,4,10,17,3,6,3,,1,,2022,A,3.0,0.0,1,0.0,0.0,0.0,0,5,0.3333333333333333,1.1910112359550562,1.196078431372549
2022-11-05,Wolverhampton Wanderers,Brighton and Hove Albion,2,3,A,8,19,5,8,15,11,4,9,2,0.0,1,0.0,2022,H,,,0,0.0,0.0,0.0,0,4,0.3333333333333333,1.1777777777777778,1.2696629213483146
2022-11-12,Wolverhampton Wanderers,Arsenal,0,2,A,11,14,2,4,5,6,6,4,3,2.0,0,0.0,2022,H,,,0,0.0,0.0,0.0,0,3,0.3333333333333333,1.164835164835165,1.8555555555555556
2022-12-26,Wolverhampton Wanderers,Everton,2,1,A,12,7,6,4,9,22,2,2,6,,0,,2022,A,1.0,0.0,3,0.0,0.0,0.0,0,6,1.0,1.184782608695652,1.2173913043478262
2022-12-31,Wolverhampton Wanderers,Manchester United,0,1,A,10,16,3,6,11,11,7,5,1,3.0,0,0.0,2022,H,,,0,0.0,0.0,0.0,0,1,1.0,1.1720430107526882,1.7826086956521738
2023-01-04,Wolverhampton Wanderers,Aston Villa,1,1,D,13,10,4,3,6,12,7,8,3,,0,,2023,A,1.0,0.0,1,0.0,0.0,0.0,0,3,1.3333333333333333,1.1702127659574468,1.297872340425532
2023-01-14,Wolverhampton Wanderers,West Ham United,1,0,H,17,16,4,4,10,7,4,3,0,2.0,0,0.0,2023,H,,,3,0.0,0.0,0.0,1,0,1.3333333333333333,1.1894736842105262,1.431578947368421
2023-01-22,Wolverhampton Wanderers,Manchester City,0,3,H,13,10,7,1,10,10,5,7,2,,0,,2023,A,1.0,0.0,0,0.0,0.0,0.0,0,2,1.3333333333333333,1.1770833333333333,2.3333333333333335
2023-02-04,Wolverhampton Wanderers,Liverpool,3,0,H,12,22,6,4,9,7,2,7,1,1.0,0,0.0,2023,H,,,3,0.0,0.0,0.0,1,1,2.0,1.1958762886597938,1.9791666666666667
2023-02-11,Wolverhampton Wanderers,Southampton,2,1,A,17,11,2,2,12,14,5,2,2,,1,,2023,A,2.0,0.0,3,0.0,0.0,0.0,0,4,2.0,1.2142857142857142,1.0
2023-02-18,Wolverhampton Wanderers,Bournemouth,0,1,A,15,5,4,1,12,10,12,2,3,3.0,0,0.0,2023,H,,,0,0.0,0.0,0.0,0,3,2.0,1.202020202020202,0.9130434782608695
2023-02-24,Wolverhampton Wanderers,Fulham,1,1,D,10,8,5,2,12,17,4,3,0,,0,,2023,A,2.0,0.0,1,0.0,0.0,0.0,0,0,1.3333333333333333,1.2,1.0634920634920635
2023-03-01,Wolverhampton Wanderers,Liverpool,0,2,H,15,4,6,1,13,14,5,2,3,,0,,2023,A,2.0,0.0,0,0.0,0.0,0.0,0,3,0.3333333333333333,1.188118811881188,2.0
2023-03-04,Wolverhampton Wanderers,Tottenham Hotspur,1,0,H,8,21,5,6,11,18,4,8,1,1.0,0,0.0,2023,H,,,3,0.0,0.0,0.0,1,1,1.3333333333333333,1.2058823529411764,1.7450980392156863
2023-03-12,Wolverhampton Wanderers,Newcastle United,1,2,H,19,7,8,4,11,10,10,3,2,,0,,2023,A,1.0,0.0,0,0.0,0.0,0.0,0,2,1.0,1.1941747572815533,1.3663366336633664
2023-03-18,Wolverhampton Wanderers,Leeds United,2,4,A,23,11,8,4,15,9,5,4,3,5.0,1,0.0,2023,H,,,0,0.0,0.0,0.0,0,5,1.0,1.1826923076923077,1.1941747572815533
2023-04-01,Wolverhampton Wanderers,Nottingham Forest,1,1,D,17,8,7,1,14,13,4,3,5,,0,,2023,A,3.0,0.0,1,0.0,0.0,0.0,0,5,0.3333333333333333,1.180952380952381,0.9642857142857143
2023-04-08,Wolverhampton Wanderers,Chelsea,1,0,H,9,13,4,1,14,10,8,8,2,5.0,0,0.0,2023,H,,,3,0.0,0.0,0.0,1,2,1.3333333333333333,1.1981132075471699,1.6981132075471699
2023-04-15,Wolverhampton Wanderers,Brentford,2,0,H,11,10,9,3,12,8,5,2,1,1.0,0,0.0,2023,H,,,3,0.0,0.0,0.0,1,1,2.3333333333333335,1.2149532710280373,1.289855072463768
2023-04-22,Wolverhampton Wanderers,Leicester City,1,2,H,15,16,8,3,17,16,1,7,3,,0,,2023,A,1.0,0.0,0,0.0,0.0,0.0,0,3,2.0,1.2037037037037037,1.3518518518518519
2023-04-25,Wolverhampton Wanderers,Crystal Palace,2,0,H,9,14,3,4,13,14,6,11,5,4.0,0,0.0,2023,H,,,3,0.0,0.0,0.0,1,5,2.0,1.2201834862385321,1.18348623853211
2023-04-29,Wolverhampton Wanderers,Brighton and Hove Albion,0,6,H,22,10,8,2,14,11,2,5,1,,0,,2023,A,1.0,0.0,0,0.0,0.0,0.0,0,1,1.0,1.209090909090909,1.3457943925233644
2023-05-06,Wolverhampton Wanderers,Aston Villa,1,0,H,6,16,2,3,20,9,5,6,3,3.0,0,0.0,2023,H,,,3,0.0,0.0,0.0,1,3,2.0,1.2252252252252251,1.3873873873873874
2023-05-13,Wolverhampton Wanderers,Manchester United,0,2,H,27,5,9,0,9,9,11,7,2,,0,,2023,A,3.0,0.0,0,0.0,0.0,0.0,0,2,1.0,1.2142857142857142,1.7837837837837838
2023-05-20,Wolverhampton Wanderers,Everton,1,1,D,13,19,5,4,18,10,1,7,5,1.0,0,0.0,2023,H,,,1,0.0,0.0,0.0,0,5,1.3333333333333333,1.2123893805309736,1.1592920353982301
2023-05-28,Wolverhampton Wanderers,Arsenal,0,5,H,14,6,8,0,8,11,8,4,0,,0,,2023,A,0.0,0.0,0,0.0,0.0,0.0,0,0,0.3333333333333333,1.2017543859649122,1.8771929824561404
2023-08-14,Wolverhampton Wanderers,Manchester United,0,1,H,15,23,3,6,14,10,8,7,3,,0,,2023,A,2.0,0.0,0,0.0,0.0,0.0,0,3,0.3333333333333333,1.191304347826087,1.826086956521739
2023-08-19,Wolverhampton Wanderers,Brighton and Hove Albion,1,4,A,16,16,5,8,14,11,5,3,3,6.0,1,0.0,2023,H,,,0,0.0,0.0,0.0,0,5,0.0,1.1810344827586208,1.3793103448275863
2023-08-26,Wolverhampton Wanderers,Everton,1,0,A,15,11,7,2,10,14,7,0,4,,0,,2023,A,3.0,0.0,3,0.0,0.0,0.0,1,4,1.0,1.1965811965811965,1.1452991452991452
2023-09-03,Wolverhampton Wanderers,Crystal Palace,2,3,H,16,12,11,4,12,12,4,2,3,,0,,2023,A,1.0,0.0,0,0.0,0.0,0.0,0,3,1.0,1.1864406779661016,1.2203389830508475
2023-09-16,Wolverhampton Wanderers,Liverpool,1,3,A,11,16,2,6,10,4,4,4,1,3.0,0,0.0,2023,H,,,0,0.0,0.0,0.0,0,1,1.0,1.1764705882352942,2.0252100840336134
2023-09-23,Wolverhampton Wanderers,Luton Town,1,1,D,20,3,4,3,12,17,10,1,2,,1,,2023,A,0.0,0.0,1,0.0,0.0,0.0,0,4,0.3333333333333333,1.175,0.2
2023-09-30,Wolverhampton Wanderers,Manchester City,2,1,H,3,23,1,8,18,12,0,6,5,4.0,0,0.0,2023,H,,,3,0.0,0.0,0.0,0,5,1.3333333333333333,1.1900826446280992,2.3636363636363638
2023-10-08,Wolverhampton Wanderers,Aston Villa,1,1,D,8,18,3,4,19,9,2,10,2,2.0,1,0.0,2023,H,,,1,0.0,0.0,0.0,0,4,1.6666666666666667,1.1885245901639345,1.4508196721311475
2023-10-21,Wolverhampton Wanderers,Bournemouth,2,1,A,7,20,4,7,15,10,3,12,6,,0,,2023,A,2.0,1.0,3,0.0,0.0,0.0,0,6,2.3333333333333335,1.2032520325203253,0.8936170212765957
2023-10-28,Wolverhampton Wanderers,Newcastle United,2,2,D,11,13,6,5,13,15,8,7,1,4.0,0,0.0,2023,H,,,1,0.0,0.0,0.0,0,1,1.6666666666666667,1.2016129032258065,1.467741935483871
2023-11-04,Wolverhampton Wanderers,Sheffield United,1,2,H,11,10,2,3,13,10,4,4,3,,0,,2023,A,2.0,0.0,0,0.0,0.0,0.0,0,3,1.3333333333333333,1.192,0.5510204081632653
2023-11-11,Wolverhampton Wanderers,Tottenham Hotspur,2,1,H,17,6,4,2,19,15,11,3,4,3.0,0,0.0,2023,H,,,3,0.0,0.0,0.0,0,4,1.3333333333333333,1.2063492063492063,1.7380952380952381
2023-11-27,Wolverhampton Wanderers,Fulham,2,3,H,12,10,6,6,13,13,6,2,2,,0,,2023,A,2.0,0.0,0,0.0,0.0,0.0,0,2,1.0,1.1968503937007875,1.0674157303370786
2023-12-02,Wolverhampton Wanderers,Arsenal,1,2,H,19,6,6,3,10,10,4,0,2,,0,,2023,A,1.0,0.0,0,0.0,0.0,0.0,0,2,1.0,1.1875,1.9296875
2023-12-05,Wolverhampton Wanderers,Burnley,1,0,H,7,12,4,3,11,15,6,8,2,4.0,0,0.0,2023,H,,,3,0.0,0.0,0.0,1,2,1.0,1.2015503875968991,0.8901098901098901
2023-12-09,Wolverhampton Wanderers,Nottingham Forest,1,1,D,10,8,4,2,9,11,4,3,0,1.0,0,0.0,2023,H,,,1,0.0,0.0,0.0,0,0,1.3333333333333333,1.2,0.9629629629629629
2023-12-17,Wolverhampton Wanderers,West Ham United,0,3,H,13,14,4,3,12,15,6,6,1,,0,,2023,A,3.0,0.0,0,0.0,0.0,0.0,0,1,1.3333333333333333,1.1908396946564885,1.4351145038167938
2023-12-24,Wolverhampton Wanderers,Chelsea,2,1,H,14,16,6,5,11,9,10,6,3,5.0,0,0.0,2023,H,,,3,0.0,0.0,0.0,0,3,1.3333333333333333,1.2045454545454546,1.5681818181818181
2023-12-27,Wolverhampton Wanderers,Brentford,4,1,A,14,11,4,5,5,14,8,2,1,,0,,2023,A,1.0,0.0,3,0.0,0.0,0.0,0,1,2.0,1.218045112781955,1.3191489361702127
2023-12-30,Wolverhampton Wanderers,Everton,3,0,H,12,10,6,0,9,14,5,2,2,3.0,0,0.0,2023,H,,,3,0.0,0.0,0.0,1,2,3.0,1.2313432835820894,1.1940298507462686
2024-01-22,Wolverhampton Wanderers,Brighton and Hove Albion,0,0,D,11,8,4,3,10,13,8,2,4,,0,,2024,A,1.0,0.0,1,0.0,0.0,0.0,1,4,2.3333333333333335,1.2296296296296296,1.3777777777777778
2024-02-01,Wolverhampton Wanderers,Manchester United,3,4,A,16,21,7,8,10,10,4,5,2,5.0,0,0.0,2024,H,,,0,0.0,0.0,0.0,0,2,1.3333333333333333,1.2205882352941178,1.7794117647058822
2024-02-04,Wolverhampton Wanderers,Chelsea,4,2,A,15,14,6,7,15,11,10,1,2,,0,,2024,A,3.0,0.0,3,0.0,0.0,0.0,0,2,1.3333333333333333,1.2335766423357664,1.5766423357664234
2024-02-10,Wolverhampton Wanderers,Brentford,0,2,A,17,9,5,6,11,9,7,4,2,3.0,0,0.0,2024,H,,,0,0.0,0.0,0.0,0,2,1.0,1.2246376811594204,1.3131313131313131
2024-02-17,Wolverhampton Wanderers,Tottenham Hotspur,2,1,A,15,12,4,7,8,13,10,4,1,,0,,2024,A,0.0,0.0,3,0.0,0.0,0.0,0,1,2.0,1.2374100719424461,1.7266187050359711
2024-02-25,Wolverhampton Wanderers,Sheffield United,1,0,H,13,12,2,4,8,4,5,6,2,1.0,0,0.0,2024,H,,,3,0.0,0.0,0.0,1,2,2.0,1.25,0.5625
2024-03-02,Wolverhampton Wanderers,Newcastle United,0,3,H,14,12,7,3,8,11,3,5,1,,0,,2024,A,0.0,0.0,0,0.0,0.0,0.0,0,1,2.0,1.2411347517730495,1.4539007092198581
2024-03-09,Wolverhampton Wanderers,Fulham,2,1,H,8,23,3,6,7,11,3,4,2,2.0,0,0.0,2024,H,,,3,0.0,0.0,0.0,0,2,2.0,1.2535211267605635,1.1057692307692308
2024-03-30,Wolverhampton Wanderers,Aston Villa,0,2,H,11,13,5,3,11,19,5,4,4,,0,,2024,A,3.0,0.0,0,0.0,0.0,0.0,0,4,1.0,1.2447552447552448,1.5277777777777777
2024-04-02,Wolverhampton Wanderers,Burnley,1,1,D,13,8,6,2,10,12,7,4,2,,0,,2024,A,0.0,0.0,1,0.0,0.0,0.0,0,2,1.3333333333333333,1.2430555555555556,0.8691588785046729
2024-04-06,Wolverhampton Wanderers,West Ham United,1,2,A,14,11,7,4,15,7,4,4,5,2.0,0,0.0,2024,H,,,0,0.0,0.0,0.0,0,5,0.3333333333333333,1.2344827586206897,1.4315068493150684
2024-04-13,Wolverhampton Wanderers,Nottingham Forest,2,2,D,18,11,9,4,15,10,10,1,3,,0,,2024,A,2.0,0.0,1,0.0,0.0,0.0,0,3,0.6666666666666666,1.2328767123287672,0.9577464788732394
2024-04-20,Wolverhampton Wanderers,Arsenal,0,2,A,5,24,3,9,14,9,1,2,3,2.0,0,0.0,2024,H,,,0,0.0,0.0,0.0,0,3,0.3333333333333333,1.2244897959183674,1.9591836734693877
2024-04-24,Wolverhampton Wanderers,Bournemouth,0,1,A,15,21,4,6,10,17,8,12,4,1.0,0,1.0,2024,H,,,0,0.0,0.0,0.0,0,4,0.3333333333333333,1.2162162162162162,1.1666666666666667
2024-04-27,Wolverhampton Wanderers,Luton Town,2,1,H,13,9,5,6,14,14,4,4,3,1.0,0,0.0,2024,H,,,3,0.0,0.0,0.0,0,3,1.0,1.2281879194630871,0.7142857142857143
2024-05-04,Wolverhampton Wanderers,Manchester City,1,5,H,20,2,12,1,4,17,6,0,4,,0,,2024,A,0.0,0.0,0,0.0,0.0,0.0,0,4,1.0,1.22,2.348993288590604
2024-05-11,Wolverhampton Wanderers,Crystal Palace,1,3,A,13,13,7,3,13,12,8,3,3,2.0,0,1.0,2024,H,,,0,0.0,0.0,0.0,0,3,1.0,1.2119205298013245,1.2119205298013245
2024-05-19,Wolverhampton Wanderers,Liverpool,0,2,H,36,4,14,3,14,11,10,2,1,,1,,2024,A,1.0,0.0,0,0.0,0.0,0.0,0,3,0.0,1.2039473684210527,2.039473684210526
2024-08-17,Wolverhampton Wanderers,Arsenal,0,2,H,18,9,6,3,17,14,8,2,2,,0,,2024,A,2.0,0.0,0,0.0,0.0,0.0,0,2,0.0,1.196078431372549,2.0
2024-08-25,Wolverhampton Wanderers,Chelsea,2,6,A,12,14,4,8,13,13,5,5,2,3.0,0,0.0,2024,H,,,0,0.0,0.0,0.0,0,2,0.0,1.1883116883116882,1.62987012987013
2024-08-31,Wolverhampton Wanderers,Nottingham Forest,1,1,D,16,11,5,3,15,18,7,3,4,,0,,2024,A,3.0,0.0,1,0.0,0.0,0.0,0,4,0.3333333333333333,1.1870967741935483,1.0
2024-09-15,Wolverhampton Wanderers,Newcastle United,1,2,A,12,14,5,6,17,6,4,7,3,3.0,0,0.0,2024,H,,,0,0.0,0.0,0.0,0,3,0.3333333333333333,1.1794871794871795,1.5064102564102564
2024-09-21,Wolverhampton Wanderers,Aston Villa,1,3,H,9,10,4,4,11,16,6,5,6,,0,,2024,A,3.0,0.0,0,0.0,0.0,0.0,0,6,0.3333333333333333,1.1719745222929936,1.535031847133758
2024-09-28,Wolverhampton Wanderers,Liverpool,1,2,A,8,10,3,6,16,8,2,10,2,3.0,0,0.0,2024,H,,,0,0.0,0.0,0.0,0,2,0.0,1.1645569620253164,2.0569620253164556
2024-10-05,Wolverhampton Wanderers,Brentford,3,5,H,19,17,12,6,9,10,10,3,3,,0,,2024,A,2.0,0.0,0,0.0,0.0,0.0,0,3,0.0,1.1572327044025157,1.2727272727272727
2024-10-20,Wolverhampton Wanderers,Manchester City,1,2,A,3,22,2,7,8,5,1,18,4,1.0,0,0.0,2024,H,,,0,0.0,0.0,0.0,0,4,0.0,1.15,2.36875
2024-10-26,Wolverhampton Wanderers,Brighton and Hove Albion,2,2,D,19,14,6,7,12,10,9,6,3,,0,,2024,A,3.0,0.0,1,0.0,0.0,0.0,0,3,0.3333333333333333,1.1490683229813665,1.3540372670807452
2024-11-02,Wolverhampton Wanderers,Crystal Palace,2,2,D,11,19,6,7,7,9,3,6,1,2.0,0,0.0,2024,H,,,1,0.0,0.0,0.0,0,1,0.6666666666666666,1.1481481481481481,1.191358024691358
2024-11-09,Wolverhampton Wanderers,Southampton,2,0,H,8,9,4,0,14,12,1,9,1,4.0,0,0.0,2024,H,,,3,0.0,0.0,0.0,1,1,1.6666666666666667,1.1595092024539877,0.896
2024-11-23,Wolverhampton Wanderers,Fulham,4,1,A,10,10,3,5,14,14,7,2,0,,0,,2024,A,3.0,0.0,3,0.0,0.0,0.0,0,0,2.3333333333333335,1.170731707317073,1.1507936507936507
2024-11-30,Wolverhampton Wanderers,Bournemouth,2,4,A,10,12,3,8,13,11,3,4,4,1.0,0,0.0,2024,H,,,0,0.0,0.0,0.0,0,4,2.0,1.1636363636363636,1.1797752808988764
2024-12-04,Wolverhampton Wanderers,Everton,0,4,H,13,6,4,2,10,8,3,4,0,,0,,2024,A,2.0,0.0,0,0.0,0.0,0.0,0,0,1.0,1.1566265060240963,1.180722891566265
2024-12-09,Wolverhampton Wanderers,West Ham United,1,2,H,19,19,4,5,12,17,11,0,4,,0,,2024,A,5.0,0.0,0,0.0,0.0,0.0,0,4,0.0,1.1497005988023952,1.3832335329341316
2024-12-14,Wolverhampton Wanderers,Ipswich Town,1,2,A,16,10,6,5,13,9,7,3,0,2.0,1,0.0,2024,H,,,0,0.0,0.0,0.0,0,2,0.0,1.1428571428571428,0.75
2024-12-22,Wolverhampton Wanderers,Leicester City,3,0,A,9,8,5,4,15,16,6,1,0,,0,,2024,A,2.0,0.0,3,0.0,0.0,0.0,1,0,1.0,1.1538461538461537,1.2671755725190839
2024-12-26,Wolverhampton Wanderers,Manchester United,2,0,H,7,11,4,4,12,12,4,4,2,2.0,0,1.0,2024,H,,,3,0.0,0.0,0.0,1,2,2.0,1.1647058823529413,1.7
2024-12-29,Wolverhampton Wanderers,Tottenham Hotspur,2,2,D,13,11,3,3,9,10,5,5,2,,0,,2024,A,1.0,0.0,1,0.0,0.0,0.0,0,2,2.3333333333333335,1.1637426900584795,1.654970760233918
2025-01-06,Wolverhampton Wanderers,Nottingham Forest,0,3,A,13,11,6,3,10,8,5,3,1,2.0,0,0.0,2025,H,,,0,0.0,0.0,0.0,0,1,1.3333333333333333,1.1569767441860466,1.1875
2025-01-15,Wolverhampton Wanderers,Newcastle United,0,3,H,17,13,5,7,10,13,4,2,2,,0,,2025,A,0.0,0.0,0,0.0,0.0,0.0,0,2,0.3333333333333333,1.1502890173410405,1.5202312138728324
2025-01-20,Wolverhampton Wanderers,Chelsea,1,3,H,19,9,7,4,8,14,3,6,2,,0,,2025,A,4.0,0.0,0,0.0,0.0,0.0,0,2,0.0,1.1436781609195403,1.6551724137931034
2025-01-25,Wolverhampton Wanderers,Arsenal,0,1,A,9,9,4,3,20,10,1,5,0,1.0,1,1.0,2025,H,,,0,0.0,0.0,0.0,0,2,0.0,1.1371428571428572,2.0
2025-02-01,Wolverhampton Wanderers,Aston Villa,2,0,H,8,10,5,3,20,13,5,8,2,3.0,0,0.0,2025,H,,,3,0.0,0.0,0.0,1,2,1.0,1.1477272727272727,1.5113636363636365
2025-02-16,Wolverhampton Wanderers,Liverpool,1,2,H,10,16,3,4,15,13,4,3,2,,0,,2025,A,2.0,0.0,0,0.0,0.0,0.0,0,2,1.0,1.1412429378531073,2.0903954802259888
2025-02-22,Wolverhampton Wanderers,Bournemouth,1,0,A,8,13,3,5,17,9,6,7,3,,0,,2025,A,3.0,1.0,3,0.0,0.0,0.0,1,3,2.0,1.151685393258427,1.2745098039215685
2025-02-25,Wolverhampton Wanderers,Fulham,1,2,A,18,11,5,5,8,15,7,5,1,3.0,0,0.0,2025,H,,,0,0.0,0.0,0.0,0,1,1.0,1.1452513966480447,1.198581560283688
2025-03-08,Wolverhampton Wanderers,Everton,1,1,D,11,12,3,4,11,16,5,5,2,2.0,0,0.0,2025,H,,,1,0.0,0.0,0.0,0,2,1.3333333333333333,1.1444444444444444,1.1944444444444444
2025-03-15,Wolverhampton Wanderers,Southampton,2,1,A,10,5,3,3,12,13,5,1,0,,0,,2025,A,0.0,0.0,3,0.0,0.0,0.0,0,0,1.3333333333333333,1.1546961325966851,0.8181818181818182
2025-04-01,Wolverhampton Wanderers,West Ham United,1,0,H,9,10,2,1,16,12,1,2,4,2.0,0,0.0,2025,H,,,3,0.0,0.0,0.0,1,4,2.3333333333333335,1.164835164835165,1.3571428571428572
2025-04-05,Wolverhampton Wanderers,Ipswich Town,2,1,A,6,22,2,7,12,16,4,8,2,,0,,2025,A,2.0,0.0,3,0.0,0.0,0.0,0,2,3.0,1.174863387978142,0.6451612903225806
2025-04-13,Wolverhampton Wanderers,Tottenham Hotspur,4,2,H,13,11,5,4,12,15,1,4,1,2.0,0,0.0,2025,H,,,3,0.0,0.0,0.0,0,1,3.0,1.184782608695652,1.608695652173913
2025-04-20,Wolverhampton Wanderers,Manchester United,1,0,A,12,4,2,2,11,18,9,2,3,,0,,2025,A,2.0,0.0,3,0.0,0.0,0.0,1,3,3.0,1.1945945945945946,1.6486486486486487
2025-04-26,Wolverhampton Wanderers,Leicester City,3,0,H,20,8,6,2,7,17,4,2,1,4.0,0,0.0,2025,H,,,3,0.0,0.0,0.0,1,1,3.0,1.2043010752688172,1.1486486486486487
2025-05-02,Wolverhampton Wanderers,Manchester City,0,1,H,9,6,2,1,7,11,4,5,0,,0,,2025,A,0.0,0.0,0,0.0,0.0,0.0,0,0,2.0,1.1978609625668448,2.2620320855614975
2025-05-10,Wolverhampton Wanderers,Brighton and Hove Albion,0,2,A,10,7,3,2,8,12,7,4,1,1.0,0,0.0,2025,H,,,0,0.0,0.0,0.0,0,1,1.0,1.1914893617021276,1.3670212765957446
2025-05-20,Wolverhampton Wanderers,Crystal Palace,2,4,H,14,12,10,3,14,8,0,10,2,,0,,2025,A,1.0,0.0,0,0.0,0.0,0.0,0,2,0.0,1.1851851851851851,1.2592592592592593
2025-05-25,Wolverhampton Wanderers,Brentford,1,1,D,18,13,6,7,7,9,8,3,2,1.0,0,0.0,2025,H,,,1,0.0,0.0,0.0,0,2,0.3333333333333333,1.1842105263157894,1.3157894736842106
2025-08-16,Wolverhampton Wanderers,Manchester City,0,4,A,9,15,3,4,13,7,4,6,1,2.0,0,0.0,2025,H,,,0,0.0,0.0,0.0,0,1,0.3333333333333333,1.1780104712041886,2.2670157068062826
2025-08-23,Wolverhampton Wanderers,Bournemouth,0,1,H,14,6,4,1,13,16,8,3,4,,1,,2025,A,2.0,0.0,0,0.0,0.0,0.0,0,6,0.3333333333333333,1.171875,1.2586206896551724
2025-08-30,Wolverhampton Wanderers,Everton,2,3,A,12,10,4,4,15,10,2,2,0,1.0,0,0.0,2025,H,,,0,0.0,0.0,0.0,0,0,0.0,1.16580310880829,1.2227979274611398
2025-09-13,Wolverhampton Wanderers,Newcastle United,0,1,H,16,8,4,3,10,17,10,4,4,,0,,2025,A,1.0,0.0,0,0.0,0.0,0.0,0,4,0.0,1.1597938144329898,1.5257731958762886
2025-09-20,Wolverhampton Wanderers,Leeds United,1,3,A,16,6,6,4,11,9,4,0,1,1.0,0,0.0,2025,H,,,0,0.0,0.0,0.0,0,1,0.0,1.1538461538461537,1.134453781512605
2025-09-27,Wolverhampton Wanderers,Tottenham Hotspur,1,1,D,10,9,3,3,9,11,10,9,2,,0,,2025,A,3.0,0.0,1,0.0,0.0,0.0,0,2,0.3333333333333333,1.153061224489796,1.5714285714285714
2025-10-05,Wolverhampton Wanderers,Brighton and Hove Albion,1,1,D,6,17,3,6,13,9,2,8,2,4.0,0,0.0,2025,H,,,1,0.0,0.0,0.0,0,2,0.6666666666666666,1.1522842639593909,1.380710659898477
2025-10-18,Wolverhampton Wanderers,Sunderland,0,2,H,8,16,2,3,5,12,3,2,0,,0,,2025,A,0.0,0.0,0,0.0,0.0,0.0,0,0,0.6666666666666666,1.1464646464646464,1.75
2025-10-26,Wolverhampton Wanderers,Burnley,2,3,A,15,11,7,7,12,7,5,3,1,0.0,0,0.0,2025,H,,,0,0.0,0.0,0.0,0,1,0.3333333333333333,1.1407035175879396,0.8780487804878049
2025-11-01,Wolverhampton Wanderers,Fulham,0,3,H,19,5,6,2,13,14,10,1,3,,1,,2025,A,1.0,0.0,0,0.0,0.0,0.0,0,5,0.0,1.135,1.1851851851851851
2025-11-08,Wolverhampton Wanderers,Chelsea,0,3,H,20,3,8,0,12,14,10,1,2,,0,,2025,A,1.0,0.0,0,0.0,0.0,0.0,0,2,0.0,1.1293532338308458,1.6766169154228856
