date,season,team,opponent,is_home,goals_for,goals_against,shots_for,shots_against,shots_on_target_for,shots_on_target_against,fouls_for,fouls_against,corners_for,corners_against,yellow,red,pts,card_points,form3,opp_avg_pts,xg_for,xg_against,xGD,delta_P,price
2020-09-12,2020-2021,Arsenal,Fulham,0,3,0,13,5,6,2,12,12,3,2,2,0,3,2,3.0,0.0,1.5,0.5,1.0,2.297126865671642,120.29712686567164
2020-09-19,2020-2021,Arsenal,West Ham United,1,2,1,7,14,3,3,11,13,7,5,0,0,3,0,3.0,0.0,0.75,0.75,0.0,2.177126865671642,122.47425373134328
2020-09-28,2020-2021,Arsenal,Liverpool,0,1,3,4,21,3,8,7,11,3,7,2,0,0,2,2.0,1.0,0.75,2.0,-1.25,-1.5128731343283583,120.96138059701492
2020-10-04,2020-2021,Arsenal,Sheffield United,1,2,1,6,6,5,2,3,9,2,4,0,0,3,0,2.0,1.0,1.25,0.5,0.75,1.7871268656716417,122.74850746268656
2020-10-17,2020-2021,Arsenal,Manchester City,0,0,1,11,13,3,5,10,15,6,6,1,0,0,1,1.0,2.0,0.75,1.25,-0.5,-1.8428731343283582,120.9056343283582
2020-10-25,2020-2021,Arsenal,Leicester City,1,0,1,12,6,4,2,13,9,9,3,3,0,0,3,1.0,2.0,1.0,0.5,0.5,-1.7228731343283579,119.18276119402985
2020-11-01,2020-2021,Arsenal,Manchester United,0,1,0,7,8,2,2,12,12,3,6,3,0,3,3,1.0,2.0,0.5,0.5,0.0,0.8571268656716418,120.0398880597015
2020-11-08,2020-2021,Arsenal,Aston Villa,1,0,3,13,15,2,6,11,13,3,8,0,0,0,0,1.0,2.0,0.5,1.5,-1.0,-1.9028731343283578,118.13701492537314
2020-11-22,2020-2021,Arsenal,Leeds United,0,0,0,9,25,2,4,8,9,3,5,0,1,1,3,1.3333333333333333,1.3333333333333333,0.5,1.0,-0.5,-0.8328731343283582,117.30414179104477
2020-11-29,2020-2021,Arsenal,Wolverhampton Wanderers,1,1,2,13,11,2,5,13,13,8,4,3,0,0,3,0.3333333333333333,2.3333333333333335,0.5,1.25,-0.75,-2.3628731343283578,114.94126865671642
2020-12-06,2020-2021,Arsenal,Tottenham Hotspur,0,0,2,11,6,2,3,12,16,9,3,2,0,0,2,0.3333333333333333,2.3333333333333335,0.5,0.75,-0.25,-2.182873134328358,112.75839552238806
2020-12-13,2020-2021,Arsenal,Burnley,1,0,1,18,10,6,2,5,11,13,4,2,1,0,5,0.0,3.0,1.5,0.5,1.0,-2.292873134328358,110.4655223880597
2020-12-16,2020-2021,Arsenal,Southampton,1,1,1,9,13,4,3,13,13,2,7,1,1,1,4,0.3333333333333333,2.3333333333333335,1.0,0.75,0.25,-1.282873134328358,109.18264925373134
2020-12-19,2020-2021,Arsenal,Everton,0,1,2,13,9,2,2,9,9,3,4,3,0,0,3,0.3333333333333333,2.3333333333333335,0.5,0.5,0.0,-2.182873134328358,106.99977611940298
2020-12-26,2020-2021,Arsenal,Chelsea,1,3,1,15,19,7,3,13,10,7,9,2,0,3,2,1.3333333333333333,1.3333333333333333,1.75,0.75,1.0,1.3871268656716418,108.38690298507463
2020-12-29,2020-2021,Arsenal,Brighton and Hove Albion,0,1,0,11,13,3,2,4,11,4,5,0,0,3,0,2.0,1.0,0.75,0.5,0.25,1.6671268656716418,110.05402985074628
2021-01-02,2020-2021,Arsenal,West Brom,0,4,0,21,7,12,3,4,7,5,3,2,0,3,2,3.0,0.0,3.0,0.75,2.25,2.5971268656716417,112.65115671641792
2021-01-14,2020-2021,Arsenal,Crystal Palace,1,0,0,11,12,4,2,10,11,7,3,1,0,1,1,2.3333333333333335,0.3333333333333333,1.0,0.5,0.5,0.09712686567164197,112.74828358208956
2021-01-18,2020-2021,Arsenal,Newcastle United,1,3,0,20,4,6,1,9,8,7,2,0,0,3,0,2.3333333333333335,0.3333333333333333,1.5,0.25,1.25,2.137126865671642,114.8854104477612
2021-01-26,2020-2021,Arsenal,Southampton,0,3,1,9,13,5,5,6,11,5,4,2,0,3,2,2.3333333333333335,0.3333333333333333,1.25,1.25,0.0,1.7171268656716416,116.60253731343283
2021-01-30,2020-2021,Arsenal,Manchester United,1,0,0,17,14,3,3,9,16,4,7,1,0,1,1,2.3333333333333335,0.3333333333333333,0.75,0.75,0.0,-0.022873134328358028,116.57966417910448
2021-02-02,2020-2021,Arsenal,Wolverhampton Wanderers,0,1,2,9,11,3,7,8,11,6,9,2,2,0,8,1.3333333333333333,1.3333333333333333,0.75,1.75,-1.0,-2.1528731343283583,114.42679104477612
2021-02-06,2020-2021,Arsenal,Aston Villa,0,0,1,14,12,3,8,12,12,7,3,2,0,0,2,0.3333333333333333,2.3333333333333335,0.75,2.0,-1.25,-2.4228731343283583,112.00391791044777
2021-02-14,2020-2021,Arsenal,Leeds United,1,4,2,13,9,5,5,8,17,4,5,0,0,3,0,1.0,2.0,1.25,1.25,0.0,1.037126865671642,113.0410447761194
2021-02-21,2020-2021,Arsenal,Manchester City,1,0,1,7,15,1,3,11,9,1,3,2,0,0,2,1.0,2.0,0.25,0.75,-0.5,-1.9028731343283583,111.13817164179105
2021-02-28,2020-2021,Arsenal,Leicester City,0,3,1,12,8,4,3,3,15,7,2,1,0,3,1,2.0,1.0,1.0,0.75,0.25,1.6071268656716418,112.74529850746269
2021-03-06,2020-2021,Arsenal,Burnley,0,1,1,15,9,3,5,12,5,4,2,1,0,1,1,1.3333333333333333,1.3333333333333333,0.75,1.25,-0.5,-0.7128731343283582,112.03242537313433
2021-03-14,2020-2021,Arsenal,Tottenham Hotspur,1,2,1,13,6,3,3,12,14,6,3,1,0,3,1,2.3333333333333335,0.3333333333333333,0.75,0.75,0.0,1.7771268656716417,113.80955223880598
2021-03-21,2020-2021,Arsenal,West Ham United,0,3,3,16,15,7,5,8,18,5,3,1,0,1,1,1.6666666666666667,0.6666666666666666,1.75,1.25,0.5,-0.24287313432835808,113.56667910447761
2021-04-03,2020-2021,Arsenal,Liverpool,1,0,3,3,16,2,7,10,10,1,2,1,0,0,1,1.3333333333333333,1.3333333333333333,0.5,1.75,-1.25,-1.7928731343283582,111.77380597014925
2021-04-11,2020-2021,Arsenal,Sheffield United,0,3,0,14,7,5,2,6,9,4,2,1,0,3,1,1.3333333333333333,1.3333333333333333,1.25,0.5,0.75,1.3871268656716418,113.1609328358209
2021-04-18,2020-2021,Arsenal,Fulham,1,1,1,18,3,5,1,9,11,11,1,0,0,1,0,1.3333333333333333,1.3333333333333333,1.25,0.25,1.0,-0.29287313432835815,112.86805970149254
2021-04-23,2020-2021,Arsenal,Everton,1,0,1,14,8,3,1,13,10,7,3,1,0,0,1,1.3333333333333333,1.3333333333333333,0.75,0.25,0.5,-1.372873134328358,111.49518656716418
2021-05-02,2020-2021,Arsenal,Newcastle United,0,2,0,19,5,5,1,9,10,7,3,1,0,3,1,1.3333333333333333,1.3333333333333333,1.25,0.25,1.0,1.4471268656716418,112.94231343283582
2021-05-09,2020-2021,Arsenal,West Brom,1,3,1,15,12,7,1,7,9,6,6,1,0,3,1,2.0,1.0,1.75,0.25,1.5,1.9071268656716418,114.84944029850746
2021-05-12,2020-2021,Arsenal,Chelsea,0,1,0,5,19,2,5,6,7,1,9,1,0,3,1,3.0,0.0,0.5,1.25,-0.75,1.9371268656716418,116.7865671641791
2021-05-19,2020-2021,Arsenal,Crystal Palace,0,3,1,6,12,3,6,7,7,7,6,1,0,3,1,3.0,0.0,0.75,1.5,-0.75,1.9371268656716418,118.72369402985075
2021-05-23,2020-2021,Arsenal,Brighton and Hove Albion,1,2,0,16,5,5,1,10,8,11,3,0,0,3,0,3.0,0.0,1.25,0.25,1.0,2.417126865671642,121.1408208955224
2021-08-13,2021-2022,Arsenal,Brentford,0,0,2,22,8,4,3,8,12,5,2,0,0,0,0,2.0,1.0,1.0,0.75,0.25,-1.032873134328358,120.10794776119403
2021-08-22,2021-2022,Arsenal,Chelsea,1,0,2,6,22,3,5,10,4,9,8,3,0,0,3,1.0,2.0,0.75,1.25,-0.5,-1.9628731343283579,118.14507462686568
2021-08-28,2021-2022,Arsenal,Manchester City,0,0,5,1,25,0,10,7,5,0,14,2,1,0,5,0.0,3.0,0.0,2.5,-2.5,-3.132873134328358,115.01220149253732
2021-09-11,2021-2022,Arsenal,Norwich City,1,1,0,30,10,7,1,9,11,8,4,1,0,3,1,1.0,2.0,1.75,0.25,1.5,1.337126865671642,116.34932835820896
2021-09-18,2021-2022,Arsenal,Burnley,0,1,0,13,18,3,3,8,9,3,8,1,0,3,1,2.0,1.0,0.75,0.75,0.0,1.5471268656716417,117.8964552238806
2021-09-26,2021-2022,Arsenal,Tottenham Hotspur,1,3,1,12,10,7,4,12,13,4,4,2,0,3,2,3.0,0.0,1.75,1.0,0.75,2.2371268656716414,120.13358208955225
2021-10-02,2021-2022,Arsenal,Brighton and Hove Albion,0,0,0,8,21,2,2,5,8,5,8,1,0,1,1,2.3333333333333335,0.3333333333333333,0.5,0.5,0.0,-0.022873134328358028,120.11070895522388
2021-10-18,2021-2022,Arsenal,Crystal Palace,1,2,2,17,9,6,6,7,4,6,4,1,0,1,1,1.6666666666666667,0.6666666666666666,1.5,1.5,0.0,-0.36287313432835805,119.74783582089553
2021-10-22,2021-2022,Arsenal,Aston Villa,1,3,1,22,10,9,4,17,10,7,4,2,0,3,2,1.6666666666666667,0.6666666666666666,2.25,1.0,1.25,1.6771268656716418,121.42496268656717
2021-10-30,2021-2022,Arsenal,Leicester City,0,2,0,9,16,5,8,11,8,6,7,0,0,3,0,2.3333333333333335,0.3333333333333333,1.25,2.0,-0.75,1.6571268656716418,123.08208955223881
2021-11-07,2021-2022,Arsenal,Watford,1,1,0,14,7,6,1,6,19,4,2,4,0,3,4,3.0,0.0,1.5,0.25,1.25,2.237126865671642,125.31921641791045
2021-11-20,2021-2022,Arsenal,Liverpool,0,0,4,5,19,3,9,12,15,1,6,0,0,0,0,2.0,1.0,0.75,2.25,-1.5,-1.4528731343283583,123.8663432835821
2021-11-27,2021-2022,Arsenal,Newcastle United,1,2,0,24,9,6,5,6,12,4,4,1,0,3,1,2.0,1.0,1.5,1.25,0.25,1.6071268656716418,125.47347014925373
2021-12-02,2021-2022,Arsenal,Manchester United,0,2,3,17,14,8,10,10,9,8,3,0,0,0,0,1.0,2.0,2.0,2.5,-0.5,-1.7828731343283581,123.69059701492537
2021-12-06,2021-2022,Arsenal,Everton,0,1,2,10,11,3,5,12,8,3,3,2,0,0,2,1.0,2.0,0.75,1.25,-0.5,-1.9028731343283583,121.78772388059701
2021-12-11,2021-2022,Arsenal,Southampton,1,3,0,15,11,5,6,5,9,9,8,2,0,3,2,1.0,2.0,1.25,1.5,-0.25,0.8571268656716418,122.64485074626866
2021-12-15,2021-2022,Arsenal,West Ham United,1,2,0,21,7,8,1,8,9,5,2,2,0,3,2,2.0,1.0,2.0,0.25,1.75,1.9071268656716418,124.5519776119403
2021-12-18,2021-2022,Arsenal,Leeds United,0,4,1,21,9,12,2,7,11,4,1,1,0,3,1,3.0,0.0,3.0,0.5,2.5,2.717126865671642,127.26910447761195
2021-12-26,2021-2022,Arsenal,Norwich City,0,5,0,16,4,6,2,7,13,5,3,2,0,3,2,3.0,0.0,1.5,0.5,1.0,2.297126865671642,129.5662313432836
2022-01-01,2021-2022,Arsenal,Manchester City,1,1,2,7,15,2,2,13,5,5,5,3,1,0,6,2.0,1.0,0.5,0.5,0.0,-1.4528731343283583,128.11335820895522
2022-01-23,2021-2022,Arsenal,Burnley,1,0,0,20,10,5,1,9,13,12,4,0,0,1,0,1.3333333333333333,1.3333333333333333,1.25,0.25,1.0,-0.29287313432835815,127.82048507462687
2022-02-10,2021-2022,Arsenal,Wolverhampton Wanderers,0,1,0,12,15,2,4,13,12,4,7,3,1,3,6,1.3333333333333333,1.3333333333333333,0.5,1.0,-0.5,0.7871268656716418,128.6076119402985
2022-02-19,2021-2022,Arsenal,Brentford,1,2,1,24,6,8,2,10,5,14,0,1,0,3,1,2.3333333333333335,0.3333333333333333,2.0,0.5,1.5,2.137126865671642,130.74473880597014
2022-02-24,2021-2022,Arsenal,Wolverhampton Wanderers,1,2,1,26,6,5,2,8,9,5,4,1,0,3,1,3.0,0.0,1.25,0.5,0.75,2.2971268656716415,133.0418656716418
2022-03-06,2021-2022,Arsenal,Watford,0,3,2,16,13,4,7,11,5,5,1,2,0,3,2,3.0,0.0,1.0,1.75,-0.75,1.8771268656716418,134.91899253731344
2022-03-13,2021-2022,Arsenal,Leicester City,1,2,0,21,6,8,3,8,10,2,6,0,0,3,0,3.0,0.0,2.0,0.75,1.25,2.4771268656716416,137.39611940298508
2022-03-16,2021-2022,Arsenal,Liverpool,1,0,2,9,9,2,3,9,9,1,6,0,0,0,0,2.0,1.0,0.5,0.75,-0.25,-1.152873134328358,136.24324626865672
2022-03-19,2021-2022,Arsenal,Aston Villa,0,1,0,10,8,3,1,14,13,5,6,3,0,3,3,2.0,1.0,0.75,0.25,0.5,1.547126865671642,137.79037313432838
2022-04-04,2021-2022,Arsenal,Crystal Palace,0,0,3,12,6,3,5,15,11,2,0,2,0,0,2,1.0,2.0,0.75,1.25,-0.5,-1.9028731343283583,135.8875
2022-04-09,2021-2022,Arsenal,Brighton and Hove Albion,1,1,2,20,8,4,3,12,19,11,2,3,0,0,3,1.0,2.0,1.0,0.75,0.25,-1.7828731343283581,134.10462686567163
2022-04-16,2021-2022,Arsenal,Southampton,0,0,1,23,9,6,3,6,6,8,6,1,0,0,1,0.0,3.0,1.5,0.75,0.75,-2.112873134328358,131.9917537313433
2022-04-20,2021-2022,Arsenal,Chelsea,0,4,2,14,11,4,2,6,7,1,6,1,0,3,1,1.0,2.0,1.0,0.5,0.5,1.097126865671642,133.08888059701493
2022-04-23,2021-2022,Arsenal,Manchester United,1,3,1,14,14,7,5,9,12,1,7,3,0,3,3,2.0,1.0,1.75,1.25,0.5,1.547126865671642,134.63600746268656
2022-05-01,2021-2022,Arsenal,West Ham United,0,2,1,13,8,7,3,9,8,7,3,2,0,3,2,3.0,0.0,1.75,0.75,1.0,2.297126865671642,136.93313432835822
2022-05-08,2021-2022,Arsenal,Leeds United,1,2,1,19,3,9,2,13,15,8,2,2,0,3,2,3.0,0.0,2.25,0.5,1.75,2.4771268656716416,139.41026119402986
2022-05-12,2021-2022,Arsenal,Tottenham Hotspur,0,0,3,8,16,4,6,15,8,2,2,3,1,0,6,2.0,1.0,1.0,1.5,-0.5,-1.572873134328358,137.8373880597015
2022-05-16,2021-2022,Arsenal,Newcastle United,0,0,2,11,16,2,4,8,11,8,12,3,0,0,3,1.0,2.0,0.5,1.0,-0.5,-1.9628731343283579,135.87451492537315
2022-05-22,2021-2022,Arsenal,Everton,1,5,1,26,6,9,2,8,9,12,2,0,0,3,0,1.0,2.0,2.25,0.5,1.75,1.457126865671642,137.33164179104477
2022-08-05,2022-2023,Arsenal,Crystal Palace,0,2,0,10,10,2,2,11,16,5,3,2,0,3,2,2.0,1.0,0.5,0.5,0.0,1.4871268656716417,138.81876865671643
2022-08-13,2022-2023,Arsenal,Leicester City,1,4,2,19,6,7,2,15,9,6,2,1,0,3,1,3.0,0.0,1.75,0.5,1.25,2.417126865671642,141.23589552238806
2022-08-20,2022-2023,Arsenal,Bournemouth,0,3,0,14,6,6,1,10,12,4,3,1,0,3,1,3.0,0.0,1.5,0.25,1.25,2.417126865671642,143.6530223880597
2022-08-27,2022-2023,Arsenal,Fulham,1,2,1,22,11,8,3,6,12,9,2,2,0,3,2,3.0,0.0,2.0,0.75,1.25,2.3571268656716415,146.01014925373136
2022-08-31,2022-2023,Arsenal,Aston Villa,1,2,1,22,4,9,3,10,14,10,3,2,0,3,2,3.0,0.0,2.25,0.75,1.5,2.4171268656716416,148.427276119403
2022-09-04,2022-2023,Arsenal,Manchester United,0,1,3,16,10,3,6,9,13,5,2,3,0,0,3,2.0,1.0,0.75,1.5,-0.75,-1.4528731343283583,146.97440298507462
2022-09-18,2022-2023,Arsenal,Brentford,0,3,0,13,5,7,2,10,10,3,3,2,0,3,2,2.0,1.0,1.75,0.5,1.25,1.7871268656716417,148.76152985074629
2022-10-01,2022-2023,Arsenal,Tottenham Hotspur,1,3,1,22,7,9,3,10,10,5,2,2,0,3,2,2.0,1.0,2.25,0.75,1.5,1.8471268656716417,150.60865671641793
2022-10-09,2022-2023,Arsenal,Liverpool,1,3,2,11,8,7,3,11,11,4,3,1,0,3,1,3.0,0.0,1.75,0.75,1.0,2.357126865671642,152.96578358208956
2022-10-16,2022-2023,Arsenal,Leeds United,0,1,0,9,16,4,4,11,10,3,6,2,0,3,2,3.0,0.0,1.0,1.0,0.0,2.0571268656716417,155.0229104477612
2022-10-23,2022-2023,Arsenal,Southampton,0,1,1,12,10,3,3,8,11,4,9,1,0,1,1,2.3333333333333335,0.3333333333333333,0.75,0.75,0.0,-0.022873134328358028,155.00003731343284
2022-10-30,2022-2023,Arsenal,Nottingham Forest,1,5,0,24,5,10,2,9,8,9,4,0,0,3,0,2.3333333333333335,0.3333333333333333,2.5,0.5,2.0,2.3171268656716415,157.31716417910448
2022-11-06,2022-2023,Arsenal,Chelsea,0,1,0,14,5,2,1,13,20,6,4,2,0,3,2,2.3333333333333335,0.3333333333333333,0.5,0.25,0.25,1.7771268656716417,159.09429104477613
2022-11-12,2022-2023,Arsenal,Wolverhampton Wanderers,0,2,0,14,11,4,2,6,5,4,6,2,0,3,2,3.0,0.0,1.0,0.5,0.5,2.177126865671642,161.27141791044775
2022-12-26,2022-2023,Arsenal,West Ham United,1,3,1,16,8,5,4,13,17,7,5,0,0,3,0,3.0,0.0,1.25,1.0,0.25,2.237126865671642,163.5085447761194
2022-12-31,2022-2023,Arsenal,Brighton and Hove Albion,0,4,2,14,9,7,5,11,7,4,7,3,0,3,3,3.0,0.0,1.75,1.25,0.5,2.117126865671642,165.62567164179103
2023-01-03,2022-2023,Arsenal,Newcastle United,1,0,0,17,8,4,1,10,16,5,5,4,0,1,4,2.3333333333333335,0.3333333333333333,1.0,0.25,0.75,-0.02287313432835801,165.6027985074627
2023-01-15,2022-2023,Arsenal,Tottenham Hotspur,0,2,0,14,17,5,7,15,16,3,4,2,0,3,2,2.3333333333333335,0.3333333333333333,1.25,1.75,-0.5,1.5971268656716415,167.19992537313433
2023-01-22,2022-2023,Arsenal,Manchester United,1,3,2,25,6,5,4,8,9,12,4,1,0,3,1,2.3333333333333335,0.3333333333333333,1.25,1.0,0.25,1.8371268656716417,169.03705223880598
2023-02-04,2022-2023,Arsenal,Everton,0,0,1,15,12,3,4,8,13,5,7,1,0,0,1,2.0,1.0,0.75,1.0,-0.25,-1.2128731343283583,167.8241791044776
2023-02-11,2022-2023,Arsenal,Brentford,1,1,1,23,9,7,2,9,9,7,4,0,0,1,0,1.3333333333333333,1.3333333333333333,1.75,0.5,1.25,-0.23287313432835816,167.59130597014925
2023-02-15,2022-2023,Arsenal,Manchester City,1,1,3,10,9,1,6,11,15,1,3,2,0,0,2,0.3333333333333333,2.3333333333333335,0.25,1.5,-1.25,-2.4228731343283583,165.1684328358209
2023-02-18,2022-2023,Arsenal,Aston Villa,0,4,2,20,7,5,5,4,13,9,2,1,0,3,1,1.3333333333333333,1.3333333333333333,1.25,1.25,0.0,1.2071268656716418,166.37555970149253
2023-02-25,2022-2023,Arsenal,Leicester City,0,1,0,10,1,2,0,9,14,8,0,1,0,3,1,2.0,1.0,0.5,0.0,0.5,1.6671268656716418,168.04268656716417
2023-03-01,2022-2023,Arsenal,Everton,1,4,0,15,8,5,5,5,12,5,1,0,0,3,0,3.0,0.0,1.25,1.25,0.0,2.177126865671642,170.21981343283582
2023-03-04,2022-2023,Arsenal,Bournemouth,1,3,2,31,4,9,4,6,8,17,1,0,0,3,0,3.0,0.0,2.25,1.0,1.25,2.4771268656716416,172.69694029850746
2023-03-12,2022-2023,Arsenal,Fulham,0,3,0,15,12,7,2,9,10,8,4,1,0,3,1,3.0,0.0,1.75,0.5,1.25,2.417126865671642,175.1140671641791
2023-03-19,2022-2023,Arsenal,Crystal Palace,1,4,1,15,8,5,4,8,10,5,4,0,0,3,0,3.0,0.0,1.25,1.0,0.25,2.237126865671642,177.35119402985075
2023-04-01,2022-2023,Arsenal,Leeds United,1,4,1,13,7,6,5,11,13,4,3,0,0,3,0,3.0,0.0,1.5,1.25,0.25,2.237126865671642,179.58832089552237
2023-04-09,2022-2023,Arsenal,Liverpool,0,2,2,9,21,5,6,11,11,4,5,4,0,1,4,2.3333333333333335,0.3333333333333333,1.25,1.5,-0.25,-0.262873134328358,179.32544776119403
2023-04-16,2022-2023,Arsenal,West Ham United,0,2,2,11,16,5,3,8,11,2,7,2,0,1,2,1.6666666666666667,0.6666666666666666,1.25,0.75,0.5,-0.30287313432835805,179.02257462686566
2023-04-21,2022-2023,Arsenal,Southampton,1,3,3,25,8,6,6,10,14,7,2,1,0,1,1,1.0,1.0,1.5,1.5,0.0,-0.7028731343283581,178.31970149253732
2023-04-26,2022-2023,Arsenal,Manchester City,0,1,4,8,14,2,9,13,13,3,1,1,0,0,1,0.6666666666666666,1.6666666666666667,0.5,2.25,-1.75,-2.2528731343283583,176.06682835820894
2023-05-02,2022-2023,Arsenal,Chelsea,1,3,1,16,7,10,4,10,10,7,2,0,0,3,0,1.3333333333333333,1.3333333333333333,2.5,1.0,1.5,1.627126865671642,177.69395522388058
2023-05-07,2022-2023,Arsenal,Newcastle United,0,2,0,10,12,6,5,12,16,4,9,1,0,3,1,2.0,1.0,1.5,1.25,0.25,1.6071268656716418,179.3010820895522
2023-05-14,2022-2023,Arsenal,Brighton and Hove Albion,1,0,3,14,12,2,6,13,17,5,2,1,0,0,1,2.0,1.0,0.5,1.5,-1.0,-1.3928731343283582,177.90820895522387
2023-05-20,2022-2023,Arsenal,Nottingham Forest,0,0,1,11,6,3,2,12,11,6,3,2,0,0,2,1.0,2.0,0.75,0.5,0.25,-1.722873134328358,176.1853358208955
2023-05-28,2022-2023,Arsenal,Wolverhampton Wanderers,1,5,0,14,6,8,0,8,11,8,4,0,0,3,0,1.0,2.0,2.0,0.0,2.0,1.517126865671642,177.70246268656715
2023-08-12,2023-2024,Arsenal,Nottingham Forest,1,2,1,15,6,7,2,12,12,8,3,2,0,3,2,2.0,1.0,1.75,0.5,1.25,1.7871268656716417,179.48958955223878
2023-08-21,2023-2024,Arsenal,Crystal Palace,0,1,0,14,14,3,2,10,14,8,1,1,1,3,4,3.0,0.0,0.75,0.5,0.25,1.9971268656716419,181.48671641791043
2023-08-26,2023-2024,Arsenal,Fulham,1,2,2,19,8,11,3,6,5,8,3,0,0,1,0,2.3333333333333335,0.3333333333333333,2.75,0.75,2.0,0.517126865671642,182.00384328358206
2023-09-03,2023-2024,Arsenal,Manchester United,1,3,1,17,10,5,2,8,7,12,3,2,0,3,2,2.3333333333333335,0.3333333333333333,1.25,0.5,0.75,1.8971268656716416,183.90097014925368
2023-09-17,2023-2024,Arsenal,Everton,0,1,0,13,8,4,1,10,12,11,1,1,0,3,1,2.3333333333333335,0.3333333333333333,1.0,0.25,0.75,1.9571268656716416,185.85809701492533
2023-09-24,2023-2024,Arsenal,Tottenham Hotspur,1,2,2,13,13,6,5,12,19,11,4,3,0,1,3,2.3333333333333335,0.3333333333333333,1.5,1.25,0.25,-0.08287313432835805,185.77522388059697
2023-09-30,2023-2024,Arsenal,Bournemouth,0,4,0,15,8,8,1,10,11,6,6,1,0,3,1,2.3333333333333335,0.3333333333333333,2.0,0.25,1.75,2.197126865671642,187.97235074626863
2023-10-08,2023-2024,Arsenal,Manchester City,1,1,0,12,4,2,1,8,7,5,4,2,0,3,2,2.3333333333333335,0.3333333333333333,0.5,0.25,0.25,1.7771268656716417,189.74947761194028
2023-10-21,2023-2024,Arsenal,Chelsea,0,2,2,13,11,3,5,14,7,7,2,3,0,1,3,2.3333333333333335,0.3333333333333333,0.75,1.25,-0.5,-0.262873134328358,189.48660447761193
2023-10-28,2023-2024,Arsenal,Sheffield United,1,5,0,13,2,8,0,9,13,6,1,0,0,3,0,2.3333333333333335,0.3333333333333333,2.0,0.0,2.0,2.3171268656716415,191.80373134328357
2023-11-04,2023-2024,Arsenal,Newcastle United,0,0,1,14,9,1,2,9,14,11,0,1,0,0,1,1.3333333333333333,1.3333333333333333,0.25,0.5,-0.25,-1.5528731343283582,190.2508582089552
2023-11-11,2023-2024,Arsenal,Burnley,1,3,1,16,8,6,5,8,9,3,3,0,1,3,3,2.0,1.0,1.5,1.25,0.25,1.4871268656716417,191.73798507462686
2023-11-25,2023-2024,Arsenal,Brentford,0,1,0,15,9,4,3,7,9,8,1,1,0,3,1,2.0,1.0,1.0,0.75,0.25,1.6071268656716418,193.3451119402985
2023-12-02,2023-2024,Arsenal,Wolverhampton Wanderers,1,2,1,19,6,6,3,10,10,4,0,1,0,3,1,3.0,0.0,1.5,0.75,0.75,2.2971268656716415,195.64223880597012
2023-12-05,2023-2024,Arsenal,Luton Town,0,4,3,23,6,9,4,7,14,8,3,1,0,3,1,3.0,0.0,2.25,1.0,1.25,2.417126865671642,198.05936567164179
2023-12-09,2023-2024,Arsenal,Aston Villa,0,0,1,12,10,5,3,11,16,3,3,2,0,0,2,2.0,1.0,1.25,0.75,0.5,-1.092873134328358,196.96649253731343
2023-12-17,2023-2024,Arsenal,Brighton and Hove Albion,1,2,0,26,6,9,1,11,9,10,1,1,0,3,1,2.0,1.0,2.25,0.25,2.0,2.0271268656716415,198.99361940298508
2023-12-23,2023-2024,Arsenal,Liverpool,0,1,1,13,13,2,3,14,13,5,4,5,0,1,5,1.3333333333333333,1.3333333333333333,0.5,0.75,-0.25,-0.8928731343283581,198.10074626865674
2023-12-28,2023-2024,Arsenal,West Ham United,1,0,2,30,6,8,3,8,8,10,3,2,0,0,2,1.3333333333333333,1.3333333333333333,2.0,0.75,1.25,-1.2528731343283581,196.84787313432838
2023-12-31,2023-2024,Arsenal,Fulham,0,1,2,13,15,3,4,10,11,4,5,1,0,0,1,0.3333333333333333,2.3333333333333335,0.75,1.0,-0.25,-2.122873134328358,194.72500000000002
2024-01-20,2023-2024,Arsenal,Crystal Palace,1,5,0,21,12,6,5,8,12,6,7,0,0,3,0,1.0,2.0,1.5,1.25,0.25,1.097126865671642,195.82212686567163
2024-01-30,2023-2024,Arsenal,Nottingham Forest,0,2,1,19,9,3,3,7,6,11,2,1,0,3,1,2.0,1.0,0.75,0.75,0.0,1.5471268656716417,197.3692537313433
2024-02-04,2023-2024,Arsenal,Liverpool,1,3,1,15,10,7,1,11,11,2,4,6,0,3,6,3.0,0.0,1.75,0.25,1.5,2.1771268656716414,199.54638059701495
2024-02-11,2023-2024,Arsenal,West Ham United,0,6,0,25,5,12,1,11,17,6,2,0,0,3,0,3.0,0.0,3.0,0.25,2.75,2.8371268656716415,202.38350746268657
2024-02-17,2023-2024,Arsenal,Burnley,0,5,0,16,8,7,0,8,11,6,4,1,0,3,1,3.0,0.0,1.75,0.0,1.75,2.537126865671642,204.9206343283582
2024-02-24,2023-2024,Arsenal,Newcastle United,1,4,1,18,3,8,2,15,6,9,0,1,0,3,1,3.0,0.0,2.0,0.5,1.5,2.4771268656716416,207.39776119402984
2024-03-04,2023-2024,Arsenal,Sheffield United,0,6,0,22,4,10,0,4,11,7,0,0,0,3,0,3.0,0.0,2.5,0.0,2.5,2.777126865671642,210.1748880597015
2024-03-09,2023-2024,Arsenal,Brentford,1,2,1,17,9,6,4,9,10,10,4,2,0,3,2,3.0,0.0,1.5,1.0,0.5,2.177126865671642,212.3520149253731
2024-03-31,2023-2024,Arsenal,Manchester City,0,0,0,6,12,2,1,20,9,4,7,2,0,1,2,2.3333333333333335,0.3333333333333333,0.5,0.25,0.25,-0.022873134328358028,212.32914179104478
2024-04-03,2023-2024,Arsenal,Luton Town,1,2,0,13,5,4,1,12,8,3,1,1,0,3,1,2.3333333333333335,0.3333333333333333,1.0,0.25,0.75,1.9571268656716416,214.2862686567164
2024-04-06,2023-2024,Arsenal,Brighton and Hove Albion,0,3,0,20,10,7,2,13,14,7,8,2,0,3,2,2.3333333333333335,0.3333333333333333,1.75,0.5,1.25,2.0171268656716417,216.30339552238803
2024-04-14,2023-2024,Arsenal,Aston Villa,1,0,2,18,11,4,2,12,7,4,6,3,0,0,3,2.0,1.0,1.0,0.5,0.5,-1.152873134328358,215.1505223880597
2024-04-20,2023-2024,Arsenal,Wolverhampton Wanderers,0,2,0,24,5,9,3,9,14,2,1,2,0,3,2,2.0,1.0,2.25,0.75,1.5,1.8471268656716417,216.9976492537313
2024-04-23,2023-2024,Arsenal,Chelsea,1,5,0,27,7,10,1,12,11,4,2,2,0,3,2,2.0,1.0,2.5,0.25,2.25,2.0271268656716415,219.024776119403
2024-04-28,2023-2024,Arsenal,Tottenham Hotspur,0,3,2,9,14,3,2,16,12,6,8,1,0,3,1,3.0,0.0,0.75,0.5,0.25,2.177126865671642,221.2019029850746
2024-05-04,2023-2024,Arsenal,Bournemouth,1,3,0,25,7,9,2,16,12,6,1,2,0,3,2,3.0,0.0,2.25,0.5,1.75,2.4771268656716416,223.67902985074625
2024-05-12,2023-2024,Arsenal,Manchester United,0,1,0,11,14,5,2,6,5,7,4,2,0,3,2,3.0,0.0,1.25,0.5,0.75,2.2371268656716414,225.9161567164179
2024-05-19,2023-2024,Arsenal,Everton,1,2,1,26,5,5,2,8,11,8,1,4,0,3,4,3.0,0.0,1.25,0.5,0.75,2.1171268656716418,228.03328358208952
2024-08-17,2024-2025,Arsenal,Wolverhampton Wanderers,1,2,0,18,9,6,3,17,14,8,2,2,0,3,2,3.0,0.0,1.5,0.75,0.75,2.2371268656716414,230.27041044776115
2024-08-24,2024-2025,Arsenal,Aston Villa,0,2,0,9,11,4,3,15,8,1,4,3,0,3,3,3.0,0.0,1.0,0.75,0.25,2.0571268656716417,232.3275373134328
2024-08-31,2024-2025,Arsenal,Brighton and Hove Albion,1,1,1,11,22,7,4,12,7,3,7,3,1,1,6,2.3333333333333335,0.3333333333333333,1.75,1.0,0.75,-0.14287313432835805,232.18466417910446
2024-09-15,2024-2025,Arsenal,Tottenham Hotspur,0,1,0,7,15,4,5,10,13,6,7,3,0,3,3,2.3333333333333335,0.3333333333333333,1.0,1.25,-0.25,1.5971268656716415,233.7817910447761
2024-09-22,2024-2025,Arsenal,Manchester City,0,2,2,5,33,3,11,10,7,2,8,4,1,1,7,1.6666666666666667,0.6666666666666666,0.75,2.75,-2.0,-1.202873134328358,232.57891791044773
2024-09-28,2024-2025,Arsenal,Leicester City,1,4,2,36,5,16,3,11,6,17,0,2,0,3,2,2.3333333333333335,0.3333333333333333,4.0,0.75,3.25,2.4971268656716417,235.07604477611937
2024-10-05,2024-2025,Arsenal,Southampton,1,3,1,29,8,6,2,10,9,13,1,0,0,3,0,2.3333333333333335,0.3333333333333333,1.5,0.5,1.0,2.0771268656716417,237.15317164179103
2024-10-19,2024-2025,Arsenal,Bournemouth,0,0,2,6,13,1,4,11,12,4,7,1,1,0,4,2.0,1.0,0.25,1.0,-0.75,-1.5128731343283583,235.64029850746266
2024-10-27,2024-2025,Arsenal,Liverpool,1,2,2,9,9,3,4,14,14,1,3,2,0,1,2,1.3333333333333333,1.3333333333333333,0.75,1.0,-0.25,-0.7128731343283581,234.92742537313433
2024-11-02,2024-2025,Arsenal,Newcastle United,0,0,1,10,9,1,4,18,16,6,4,4,0,0,4,0.3333333333333333,2.3333333333333335,0.25,1.0,-0.75,-2.422873134328358,232.50455223880596
2024-11-10,2024-2025,Arsenal,Chelsea,0,1,1,13,17,3,3,12,12,3,4,2,0,1,2,0.6666666666666666,1.6666666666666667,0.75,0.75,0.0,-0.992873134328358,231.5116791044776
2024-11-23,2024-2025,Arsenal,Nottingham Forest,1,3,0,19,7,7,0,10,1,8,1,3,0,3,3,1.3333333333333333,1.3333333333333333,1.75,0.0,1.75,1.5071268656716421,233.01880597014923
2024-11-30,2024-2025,Arsenal,West Ham United,0,5,2,16,12,7,5,13,10,10,2,1,0,3,1,2.3333333333333335,0.3333333333333333,1.75,1.25,0.5,1.8971268656716418,234.91593283582085
2024-12-04,2024-2025,Arsenal,Manchester United,1,2,0,14,5,6,2,12,8,13,0,1,0,3,1,3.0,0.0,1.5,0.5,1.0,2.357126865671642,237.2730597014925
2024-12-08,2024-2025,Arsenal,Fulham,0,1,1,12,2,4,2,9,10,6,0,2,0,1,2,2.3333333333333335,0.3333333333333333,1.0,0.5,0.5,0.03712686567164197,237.31018656716415
2024-12-14,2024-2025,Arsenal,Everton,1,0,0,13,2,5,0,6,9,8,2,0,0,1,0,1.6666666666666667,0.6666666666666666,1.25,0.0,1.25,-0.00287313432835809,237.3073134328358
2024-12-21,2024-2025,Arsenal,Crystal Palace,0,5,1,14,15,6,6,8,9,3,3,2,0,3,2,1.6666666666666667,0.6666666666666666,1.5,1.5,0.0,1.3771268656716418,238.68444029850744
2024-12-27,2024-2025,Arsenal,Ipswich Town,1,1,0,13,3,5,0,7,12,5,1,1,0,3,1,2.3333333333333335,0.3333333333333333,1.25,0.0,1.25,2.0771268656716417,240.7615671641791
2025-01-01,2024-2025,Arsenal,Brentford,0,3,1,14,5,5,2,8,6,3,4,2,0,3,2,3.0,0.0,1.25,0.5,0.75,2.2371268656716414,242.99869402985072
2025-01-04,2024-2025,Arsenal,Brighton and Hove Albion,0,1,1,9,11,3,4,14,17,5,2,3,0,1,3,2.3333333333333335,0.3333333333333333,0.75,1.0,-0.25,-0.20287313432835802,242.79582089552235
2025-01-15,2024-2025,Arsenal,Tottenham Hotspur,1,2,1,14,10,4,2,16,9,10,4,3,0,3,3,2.3333333333333335,0.3333333333333333,1.0,0.5,0.5,1.777126865671642,244.57294776119403
2025-01-18,2024-2025,Arsenal,Aston Villa,1,2,2,18,8,6,4,10,18,10,1,2,0,1,2,1.6666666666666667,0.6666666666666666,1.5,1.0,0.5,-0.30287313432835805,244.27007462686566
2025-01-25,2024-2025,Arsenal,Wolverhampton Wanderers,0,1,0,9,9,3,4,10,20,5,1,1,1,3,4,2.3333333333333335,0.3333333333333333,0.75,1.0,-0.25,1.5371268656716417,245.8072014925373
2025-02-02,2024-2025,Arsenal,Manchester City,1,5,1,12,7,7,4,6,7,5,2,2,0,3,2,2.3333333333333335,0.3333333333333333,1.75,1.0,0.75,1.8971268656716416,247.70432835820895
2025-02-15,2024-2025,Arsenal,Leicester City,0,2,0,11,6,5,2,10,9,7,3,1,0,3,1,3.0,0.0,1.25,0.5,0.75,2.2971268656716415,250.00145522388058
2025-02-22,2024-2025,Arsenal,West Ham United,1,0,1,20,5,2,2,16,15,2,0,1,1,0,4,2.0,1.0,0.5,0.5,0.0,-1.3328731343283582,248.66858208955222
2025-02-26,2024-2025,Arsenal,Nottingham Forest,0,0,0,13,6,1,2,17,10,11,3,1,0,1,1,1.3333333333333333,1.3333333333333333,0.25,0.5,-0.25,-0.6528731343283581,248.01570895522386
2025-03-09,2024-2025,Arsenal,Manchester United,0,1,1,17,10,6,6,11,8,9,2,1,0,1,1,0.6666666666666666,1.6666666666666667,1.5,1.5,0.0,-0.9328731343283582,247.0828358208955
2025-03-16,2024-2025,Arsenal,Chelsea,1,1,0,12,8,4,2,10,13,5,4,3,0,3,3,1.6666666666666667,0.6666666666666666,1.0,0.5,0.5,1.437126865671642,248.51996268656714
2025-04-01,2024-2025,Arsenal,Fulham,1,2,1,17,9,4,3,2,10,5,4,1,0,3,1,2.3333333333333335,0.3333333333333333,1.0,0.75,0.25,1.8371268656716417,250.3570895522388
2025-04-05,2024-2025,Arsenal,Everton,0,1,1,14,5,5,2,13,17,8,3,1,0,1,1,2.3333333333333335,0.3333333333333333,1.25,0.5,0.75,0.15712686567164202,250.51421641791043
2025-04-12,2024-2025,Arsenal,Brentford,1,1,1,14,3,3,2,7,9,13,5,1,0,1,1,1.6666666666666667,0.6666666666666666,0.75,0.5,0.25,-0.30287313432835805,250.21134328358207
2025-04-20,2024-2025,Arsenal,Ipswich Town,0,4,0,24,4,7,0,7,10,12,0,0,0,3,0,1.6666666666666667,0.6666666666666666,1.75,0.0,1.75,1.917126865671642,252.1284701492537
2025-04-23,2024-2025,Arsenal,Crystal Palace,1,2,2,12,15,6,4,4,6,3,6,1,0,1,1,1.6666666666666667,0.6666666666666666,1.5,1.0,0.5,-0.24287313432835808,251.88559701492534
2025-05-03,2024-2025,Arsenal,Bournemouth,1,1,2,13,9,4,2,7,16,2,3,0,0,0,0,1.3333333333333333,1.3333333333333333,1.0,0.5,0.5,-1.3128731343283582,250.57272388059698
2025-05-11,2024-2025,Arsenal,Liverpool,0,2,2,15,14,7,5,10,13,1,3,1,1,1,4,0.6666666666666666,1.6666666666666667,1.75,1.25,0.5,-0.9928731343283582,249.57985074626862
2025-05-18,2024-2025,Arsenal,Newcastle United,1,1,0,12,14,4,5,9,9,10,7,3,0,3,3,1.3333333333333333,1.3333333333333333,1.0,1.25,-0.25,1.027126865671642,250.60697761194027
2025-05-25,2024-2025,Arsenal,Southampton,0,2,1,23,7,8,2,8,7,8,5,0,0,3,0,2.3333333333333335,0.3333333333333333,2.0,0.5,1.5,2.197126865671642,252.8041044776119
2025-08-17,2025-2026,Arsenal,Manchester United,0,1,0,9,22,3,7,19,10,4,3,4,0,3,4,3.0,0.0,0.75,1.75,-1.0,1.697126865671642,254.50123134328354
2025-08-23,2025-2026,Arsenal,Leeds United,1,5,0,18,3,5,1,8,11,2,2,0,0,3,0,3.0,0.0,1.25,0.25,1.0,2.417126865671642,256.91835820895517
2025-08-31,2025-2026,Arsenal,Liverpool,0,0,1,11,9,1,3,10,7,8,3,2,0,0,2,2.0,1.0,0.25,0.75,-0.5,-1.3328731343283582,255.5854850746268
2025-09-13,2025-2026,Arsenal,Nottingham Forest,1,3,0,16,5,5,1,8,11,8,4,1,0,3,1,2.0,1.0,1.25,0.25,1.0,1.7871268656716417,257.37261194029844
2025-09-21,2025-2026,Arsenal,Manchester City,1,1,1,12,5,3,3,11,10,11,2,1,0,1,1,1.3333333333333333,1.3333333333333333,0.75,0.75,0.0,-0.5928731343283581,256.77973880597006
2025-09-28,2025-2026,Arsenal,Newcastle United,0,2,1,20,8,7,3,9,8,12,7,1,0,3,1,2.3333333333333335,0.3333333333333333,1.75,0.75,1.0,2.0171268656716417,258.79686567164174
2025-10-04,2025-2026,Arsenal,West Ham United,1,2,0,21,4,5,0,14,14,8,3,0,0,3,0,2.3333333333333335,0.3333333333333333,1.25,0.0,1.25,2.137126865671642,260.9339925373133
2025-10-18,2025-2026,Arsenal,Fulham,0,1,0,16,9,5,0,4,11,10,6,0,0,3,0,3.0,0.0,1.25,0.0,1.25,2.4771268656716416,263.411119402985
2025-10-26,2025-2026,Arsenal,Crystal Palace,1,1,0,10,7,3,1,6,11,4,3,0,0,3,0,3.0,0.0,0.75,0.25,0.5,2.297126865671642,265.7082462686566
2025-11-01,2025-2026,Arsenal,Burnley,0,2,0,12,3,8,0,13,10,6,1,1,0,3,1,3.0,0.0,2.0,0.0,2.0,2.5971268656716417,268.30537313432825
2025-11-08,2025-2026,Arsenal,Sunderland,0,2,2,17,6,7,2,13,13,2,2,1,0,1,1,2.3333333333333335,0.3333333333333333,1.75,0.5,1.25,0.27712686567164196,268.58249999999987
2020-09-21,2020-2021,Aston Villa,Sheffield United,1,1,0,18,4,2,1,12,13,10,4,3,0,3,3,3.0,0.0,0.5,0.25,0.25,2.0571268656716417,85.05712686567165
2020-09-28,2020-2021,Aston Villa,Fulham,0,3,0,12,16,5,3,14,18,3,5,3,0,3,3,3.0,0.0,1.25,0.75,0.5,2.117126865671642,87.17425373134328
2020-10-04,2020-2021,Aston Villa,Liverpool,1,7,2,18,14,11,8,7,10,2,7,2,0,3,2,3.0,0.0,2.75,2.0,0.75,2.2371268656716414,89.41138059701493
2020-10-18,2020-2021,Aston Villa,Leicester City,0,1,0,10,11,4,5,18,18,7,2,3,0,3,3,3.0,0.0,1.0,1.25,-0.25,1.9371268656716416,91.34850746268657
2020-10-23,2020-2021,Aston Villa,Leeds United,1,0,3,12,27,4,9,14,17,6,5,2,0,0,2,2.0,1.0,1.0,2.25,-1.25,-1.5128731343283583,89.83563432835821
2020-11-01,2020-2021,Aston Villa,Southampton,1,3,4,19,9,10,4,12,17,11,1,1,0,0,1,1.0,2.0,2.5,1.0,1.5,-1.362873134328358,88.47276119402986
2020-11-08,2020-2021,Aston Villa,Arsenal,0,3,0,15,13,6,2,13,11,8,3,0,0,3,0,1.0,2.0,1.5,0.5,1.0,1.277126865671642,89.74988805970149
2020-11-21,2020-2021,Aston Villa,Brighton and Hove Albion,1,1,2,15,7,4,3,5,18,12,3,2,0,0,2,1.0,2.0,1.0,0.75,0.25,-1.722873134328358,88.02701492537314
2020-11-30,2020-2021,Aston Villa,West Ham United,0,1,2,16,6,6,2,7,20,7,3,1,0,0,1,1.0,2.0,1.5,0.5,1.0,-1.482873134328358,86.54414179104478
2020-12-12,2020-2021,Aston Villa,Wolverhampton Wanderers,0,1,0,13,16,2,7,15,23,8,5,5,0,3,5,1.0,2.0,0.5,1.75,-1.25,0.4371268656716419,86.98126865671642
2020-12-17,2020-2021,Aston Villa,Burnley,1,0,0,27,6,7,4,17,19,11,1,1,0,1,1,1.3333333333333333,1.3333333333333333,1.75,1.0,0.75,-0.4128731343283581,86.56839552238806
2020-12-20,2020-2021,Aston Villa,West Brom,0,3,0,19,1,10,1,8,14,7,1,2,0,3,2,2.3333333333333335,0.3333333333333333,2.5,0.25,2.25,2.257126865671642,88.82552238805971
2020-12-26,2020-2021,Aston Villa,Crystal Palace,1,3,0,21,13,10,6,18,16,4,4,1,1,3,4,2.3333333333333335,0.3333333333333333,2.5,1.5,1.0,1.8371268656716417,90.66264925373135
2020-12-28,2020-2021,Aston Villa,Chelsea,0,1,1,10,16,2,5,3,16,4,11,1,0,1,1,2.3333333333333335,0.3333333333333333,0.5,1.25,-0.75,-0.20287313432835802,90.45977611940299
2021-01-01,2020-2021,Aston Villa,Manchester United,0,1,2,5,19,5,9,10,22,10,5,0,0,0,0,1.3333333333333333,1.3333333333333333,1.25,2.25,-1.0,-1.672873134328358,88.78690298507463
2021-01-20,2020-2021,Aston Villa,Manchester City,0,0,2,11,28,4,9,9,10,2,16,2,0,0,2,0.3333333333333333,2.3333333333333335,1.0,2.25,-1.25,-2.4228731343283583,86.36402985074628
2021-01-23,2020-2021,Aston Villa,Newcastle United,1,2,0,14,7,5,1,9,18,5,4,0,0,3,0,1.0,2.0,1.25,0.25,1.0,1.277126865671642,87.64115671641791
2021-01-27,2020-2021,Aston Villa,Burnley,0,2,3,18,10,10,5,7,16,4,2,0,0,0,0,1.0,2.0,2.5,1.25,1.25,-1.362873134328358,86.27828358208956
2021-01-30,2020-2021,Aston Villa,Southampton,0,1,0,8,20,4,5,11,12,1,7,0,0,3,0,2.0,1.0,1.0,1.25,-0.25,1.5471268656716417,87.8254104477612
2021-02-03,2020-2021,Aston Villa,West Ham United,1,1,3,9,20,2,10,11,15,7,3,1,0,0,1,1.0,2.0,0.5,2.5,-2.0,-2.202873134328358,85.62253731343284
2021-02-06,2020-2021,Aston Villa,Arsenal,1,1,0,12,14,8,3,12,12,3,7,3,0,3,3,2.0,1.0,2.0,0.75,1.25,1.7271268656716419,87.34966417910448
2021-02-13,2020-2021,Aston Villa,Brighton and Hove Albion,0,0,0,4,26,1,9,12,16,2,9,3,0,1,3,1.3333333333333333,1.3333333333333333,0.25,2.25,-2.0,-1.1928731343283583,86.15679104477613
2021-02-21,2020-2021,Aston Villa,Leicester City,1,1,2,11,16,2,7,11,12,7,8,2,0,0,2,1.3333333333333333,1.3333333333333333,0.5,1.75,-1.25,-1.852873134328358,84.30391791044777
2021-02-27,2020-2021,Aston Villa,Leeds United,0,1,0,9,13,4,3,14,14,5,7,2,0,3,2,1.3333333333333333,1.3333333333333333,1.0,0.75,0.25,1.2071268656716418,85.5110447761194
2021-03-03,2020-2021,Aston Villa,Sheffield United,0,0,1,16,9,4,2,6,13,7,2,0,0,0,0,1.0,2.0,1.0,0.5,0.5,-1.542873134328358,83.96817164179105
2021-03-06,2020-2021,Aston Villa,Wolverhampton Wanderers,1,0,0,9,10,1,2,13,13,5,3,1,0,1,1,1.3333333333333333,1.3333333333333333,0.25,0.5,-0.25,-0.6528731343283581,83.31529850746269
2021-03-12,2020-2021,Aston Villa,Newcastle United,0,1,1,15,12,6,3,10,10,2,2,3,0,1,3,0.6666666666666666,1.6666666666666667,1.5,0.75,0.75,-0.8728731343283581,82.44242537313433
2021-03-21,2020-2021,Aston Villa,Tottenham Hotspur,1,0,2,8,9,1,3,18,13,5,8,3,0,0,3,0.6666666666666666,1.6666666666666667,0.25,0.75,-0.5,-2.072873134328358,80.36955223880598
2021-04-04,2020-2021,Aston Villa,Fulham,1,3,1,14,15,4,7,14,20,4,4,1,0,3,1,1.3333333333333333,1.3333333333333333,1.0,1.75,-0.75,1.027126865671642,81.39667910447761
2021-04-10,2020-2021,Aston Villa,Liverpool,0,1,2,9,23,5,10,11,16,0,7,4,0,0,4,1.0,2.0,1.25,2.5,-1.25,-2.202873134328358,79.19380597014926
2021-04-21,2020-2021,Aston Villa,Manchester City,1,1,2,8,13,3,3,12,7,1,11,0,1,0,3,1.0,2.0,0.75,0.75,0.0,-1.8428731343283578,77.3509328358209
2021-04-25,2020-2021,Aston Villa,West Brom,1,2,2,24,10,11,4,14,9,11,4,0,0,1,0,0.3333333333333333,2.3333333333333335,2.75,1.0,1.75,-0.6828731343283581,76.66805970149254
2021-05-01,2020-2021,Aston Villa,Everton,0,2,1,13,16,5,3,13,10,6,3,2,0,3,2,1.3333333333333333,1.3333333333333333,1.25,0.75,0.5,1.267126865671642,77.93518656716418
2021-05-09,2020-2021,Aston Villa,Manchester United,1,1,3,11,18,5,7,13,18,5,6,1,1,0,4,1.3333333333333333,1.3333333333333333,1.25,1.75,-0.5,-1.7928731343283582,76.14231343283582
2021-05-13,2020-2021,Aston Villa,Everton,1,0,0,13,15,2,5,9,12,9,1,2,0,1,2,1.3333333333333333,1.3333333333333333,0.5,1.25,-0.75,-0.8328731343283582,75.30944029850747
2021-05-16,2020-2021,Aston Villa,Crystal Palace,0,2,3,19,23,5,8,13,23,7,7,2,0,0,2,0.3333333333333333,2.3333333333333335,1.25,2.0,-0.75,-2.302873134328358,73.0065671641791
2021-05-19,2020-2021,Aston Villa,Tottenham Hotspur,0,2,1,20,10,4,4,13,14,5,4,1,0,3,1,1.3333333333333333,1.3333333333333333,1.0,1.0,0.0,1.2071268656716418,74.21369402985076
2021-05-23,2020-2021,Aston Villa,Chelsea,1,2,1,6,23,3,7,11,12,2,9,3,0,3,3,2.0,1.0,0.75,1.75,-1.0,1.1871268656716418,75.4008208955224
2021-08-14,2021-2022,Aston Villa,Watford,0,2,3,11,13,2,7,13,18,4,2,1,0,0,1,2.0,1.0,0.5,1.75,-1.25,-1.4528731343283583,73.94794776119403
2021-08-21,2021-2022,Aston Villa,Newcastle United,1,2,0,10,9,2,1,8,18,3,4,3,0,3,3,2.0,1.0,0.5,0.25,0.25,1.4871268656716417,75.43507462686567
2021-08-28,2021-2022,Aston Villa,Brentford,1,1,1,7,9,5,2,15,14,3,2,3,0,1,3,1.3333333333333333,1.3333333333333333,1.25,0.5,0.75,-0.5328731343283581,74.90220149253732
2021-09-11,2021-2022,Aston Villa,Chelsea,0,0,3,18,12,6,4,11,11,11,4,4,0,0,4,1.3333333333333333,1.3333333333333333,1.5,1.0,0.5,-1.5528731343283582,73.34932835820896
2021-09-18,2021-2022,Aston Villa,Everton,1,3,0,15,11,3,1,7,10,5,4,1,0,3,1,1.3333333333333333,1.3333333333333333,0.75,0.25,0.5,1.327126865671642,74.67645522388061
2021-09-25,2021-2022,Aston Villa,Manchester United,0,1,0,7,28,3,4,13,9,5,5,2,0,3,2,2.0,1.0,0.75,1.0,-0.25,1.4271268656716416,76.10358208955225
2021-10-03,2021-2022,Aston Villa,Tottenham Hotspur,0,1,2,14,17,3,8,14,11,8,5,1,0,0,1,2.0,1.0,0.75,2.0,-1.25,-1.4528731343283583,74.65070895522389
2021-10-16,2021-2022,Aston Villa,Wolverhampton Wanderers,1,2,3,14,9,5,4,8,17,6,7,2,0,0,2,1.0,2.0,1.25,1.0,0.25,-1.722873134328358,72.92783582089552
2021-10-22,2021-2022,Aston Villa,Arsenal,0,1,3,10,22,4,9,10,17,4,7,5,0,0,5,0.0,3.0,1.0,2.25,-1.25,-2.832873134328358,70.09496268656717
2021-10-31,2021-2022,Aston Villa,West Ham United,1,1,4,9,21,3,9,7,13,3,6,1,1,0,4,0.0,3.0,0.75,2.25,-1.5,-2.832873134328358,67.26208955223882
2021-11-05,2021-2022,Aston Villa,Southampton,0,0,1,14,9,3,3,12,12,8,10,2,0,0,2,0.0,3.0,0.75,0.75,0.0,-2.352873134328358,64.90921641791046
2021-11-20,2021-2022,Aston Villa,Brighton and Hove Albion,1,2,0,9,6,5,2,7,13,5,7,3,0,3,3,1.0,2.0,1.25,0.5,0.75,1.037126865671642,65.9463432835821
2021-11-27,2021-2022,Aston Villa,Crystal Palace,0,2,1,10,8,3,3,10,12,3,7,3,0,3,3,2.0,1.0,0.75,0.75,0.0,1.4271268656716418,67.37347014925373
2021-12-01,2021-2022,Aston Villa,Manchester City,1,1,2,9,17,3,7,8,12,4,11,0,0,0,0,2.0,1.0,0.75,1.75,-1.0,-1.3328731343283582,66.04059701492538
2021-12-05,2021-2022,Aston Villa,Leicester City,1,2,1,13,12,4,5,8,25,3,6,1,0,3,1,2.0,1.0,1.0,1.25,-0.25,1.4871268656716417,67.52772388059702
2021-12-11,2021-2022,Aston Villa,Liverpool,0,0,1,4,20,0,5,6,13,3,11,2,0,0,2,1.0,2.0,0.0,1.25,-1.25,-2.082873134328358,65.44485074626866
2021-12-14,2021-2022,Aston Villa,Norwich City,0,2,0,17,7,6,3,9,12,10,7,1,0,3,1,2.0,1.0,1.5,0.75,0.75,1.7271268656716416,67.1719776119403
2021-12-26,2021-2022,Aston Villa,Chelsea,1,1,3,8,10,1,4,8,11,2,5,3,0,0,3,1.0,2.0,0.25,1.0,-0.75,-2.022873134328358,65.14910447761194
2022-01-02,2021-2022,Aston Villa,Brentford,0,1,2,16,10,5,4,11,17,7,3,2,0,0,2,1.0,2.0,1.25,1.0,0.25,-1.722873134328358,63.42623134328359
2022-01-15,2021-2022,Aston Villa,Manchester United,1,2,2,13,13,9,6,8,13,3,6,1,0,1,1,0.3333333333333333,2.3333333333333335,2.25,1.5,0.75,-0.9828731343283581,62.44335820895523
2022-01-22,2021-2022,Aston Villa,Everton,0,1,0,8,15,3,1,16,14,2,9,3,0,3,3,1.3333333333333333,1.3333333333333333,0.75,0.25,0.5,1.207126865671642,63.65048507462687
2022-02-09,2021-2022,Aston Villa,Leeds United,1,3,3,12,16,4,8,11,9,6,11,1,1,1,4,1.6666666666666667,0.6666666666666666,1.0,2.0,-1.0,-0.782873134328358,62.86761194029852
2022-02-13,2021-2022,Aston Villa,Newcastle United,0,0,1,11,10,1,2,15,22,6,3,4,0,0,4,1.3333333333333333,1.3333333333333333,0.25,0.5,-0.25,-1.732873134328358,61.13473880597016
2022-02-19,2021-2022,Aston Villa,Watford,1,0,1,20,8,1,4,12,7,10,5,1,0,0,1,0.3333333333333333,2.3333333333333335,0.25,1.0,-0.75,-2.242873134328358,58.891865671641796
2022-02-26,2021-2022,Aston Villa,Brighton and Hove Albion,0,2,0,9,12,4,1,11,17,2,7,5,0,3,5,1.0,2.0,1.0,0.25,0.75,0.9171268656716418,59.80899253731344
2022-03-05,2021-2022,Aston Villa,Southampton,1,4,0,14,11,9,1,10,8,4,7,1,0,3,1,2.0,1.0,2.25,0.25,2.0,2.0271268656716415,61.83611940298508
2022-03-10,2021-2022,Aston Villa,Leeds United,0,3,0,15,4,9,1,11,17,5,3,3,0,3,3,3.0,0.0,2.25,0.25,2.0,2.4771268656716416,64.31324626865673
2022-03-13,2021-2022,Aston Villa,West Ham United,0,1,2,13,11,7,4,3,9,7,5,0,0,0,0,2.0,1.0,1.75,1.0,0.75,-0.912873134328358,63.40037313432836
2022-03-19,2021-2022,Aston Villa,Arsenal,1,0,1,8,10,1,3,13,14,6,5,3,0,0,3,1.0,2.0,0.25,0.75,-0.5,-1.9628731343283579,61.43750000000001
2022-04-02,2021-2022,Aston Villa,Wolverhampton Wanderers,0,1,2,15,11,5,5,8,15,9,4,3,0,0,3,0.0,3.0,1.25,1.25,0.0,-2.412873134328358,59.02462686567165
2022-04-09,2021-2022,Aston Villa,Tottenham Hotspur,1,0,4,9,11,8,5,12,14,9,3,2,0,0,2,0.0,3.0,2.0,1.25,0.75,-2.1728731343283583,56.851753731343294
2022-04-23,2021-2022,Aston Villa,Leicester City,0,0,0,11,5,3,2,16,15,6,7,2,0,1,2,0.3333333333333333,2.3333333333333335,0.75,0.5,0.25,-1.162873134328358,55.68888059701493
2022-04-30,2021-2022,Aston Villa,Norwich City,1,2,0,21,9,6,3,16,8,2,3,4,0,3,4,1.3333333333333333,1.3333333333333333,1.5,0.75,0.75,1.2071268656716418,56.896007462686576
2022-05-07,2021-2022,Aston Villa,Burnley,0,3,1,12,14,7,6,11,13,5,4,2,0,3,2,2.3333333333333335,0.3333333333333333,1.75,1.5,0.25,1.7771268656716417,58.673134328358216
2022-05-10,2021-2022,Aston Villa,Liverpool,1,1,2,9,17,4,6,10,12,2,3,0,0,0,0,2.0,1.0,1.0,1.5,-0.5,-1.212873134328358,57.460261194029854
2022-05-15,2021-2022,Aston Villa,Crystal Palace,1,1,1,13,16,4,4,11,15,1,5,1,0,1,1,1.3333333333333333,1.3333333333333333,1.0,1.0,0.0,-0.5928731343283581,56.8673880597015
2022-05-19,2021-2022,Aston Villa,Burnley,1,1,1,22,10,9,5,11,20,13,6,0,0,1,0,0.6666666666666666,1.6666666666666667,2.25,1.25,1.0,-0.6328731343283581,56.23451492537315
2022-05-22,2021-2022,Aston Villa,Manchester City,0,2,3,4,24,2,5,11,5,1,13,1,0,0,1,0.6666666666666666,1.6666666666666667,0.5,1.25,-0.75,-2.012873134328358,54.22164179104479
2022-08-06,2022-2023,Aston Villa,Bournemouth,0,0,2,15,7,2,3,16,18,5,5,3,0,0,3,0.3333333333333333,2.3333333333333335,0.5,0.75,-0.25,-2.242873134328358,51.978768656716426
2022-08-13,2022-2023,Aston Villa,Everton,1,2,1,12,15,4,4,9,7,5,8,4,0,3,4,1.0,2.0,1.0,1.0,0.0,0.797126865671642,52.77589552238807
2022-08-20,2022-2023,Aston Villa,Crystal Palace,0,1,3,13,17,5,9,14,16,2,4,1,0,0,1,1.0,2.0,1.25,2.25,-1.0,-1.9628731343283579,50.813022388059714
2022-08-28,2022-2023,Aston Villa,West Ham United,1,0,1,9,7,3,2,10,10,3,2,2,0,0,2,1.0,2.0,0.75,0.5,0.25,-1.722873134328358,49.090149253731354
2022-08-31,2022-2023,Aston Villa,Arsenal,0,1,2,4,22,3,9,14,10,3,10,3,0,0,3,0.0,3.0,0.75,2.25,-1.5,-2.772873134328358,46.317276119403
2022-09-03,2022-2023,Aston Villa,Manchester City,1,1,1,3,13,1,4,7,6,1,4,2,0,1,2,0.3333333333333333,2.3333333333333335,0.25,1.0,-0.75,-1.402873134328358,44.91440298507464
2022-09-16,2022-2023,Aston Villa,Southampton,1,1,0,11,7,3,1,13,13,6,3,3,0,3,3,1.3333333333333333,1.3333333333333333,0.75,0.25,0.5,1.207126865671642,46.12152985074628
2022-10-02,2022-2023,Aston Villa,Leeds United,0,0,0,19,9,7,1,12,23,9,2,2,0,1,2,1.6666666666666667,0.6666666666666666,1.75,0.25,1.5,-0.06287313432835805,46.05865671641792
2022-10-10,2022-2023,Aston Villa,Nottingham Forest,0,1,1,12,6,2,3,19,13,4,1,3,0,1,3,1.6666666666666667,0.6666666666666666,0.5,0.75,-0.25,-0.542873134328358,45.51578358208956
2022-10-16,2022-2023,Aston Villa,Chelsea,1,0,2,18,8,7,4,12,11,7,1,0,0,0,0,0.6666666666666666,1.6666666666666667,1.75,1.0,0.75,-1.5928731343283582,43.922910447761204
2022-10-20,2022-2023,Aston Villa,Fulham,0,0,3,12,18,6,8,11,11,7,9,2,1,0,5,0.3333333333333333,2.3333333333333335,1.5,2.0,-0.5,-2.4228731343283583,41.50003731343285
2022-10-23,2022-2023,Aston Villa,Brentford,1,4,0,19,12,11,3,14,11,7,6,1,0,3,1,1.0,2.0,2.75,0.75,2.0,1.4571268656716418,42.95716417910449
2022-10-29,2022-2023,Aston Villa,Newcastle United,0,0,4,3,20,0,7,11,11,0,3,1,0,0,1,1.0,2.0,0.0,1.75,-1.75,-2.142873134328358,40.81429104477613
2022-11-06,2022-2023,Aston Villa,Manchester United,1,3,1,6,8,4,3,6,12,3,5,3,0,3,3,2.0,1.0,1.0,0.75,0.25,1.4871268656716417,42.30141791044777
2022-11-13,2022-2023,Aston Villa,Brighton and Hove Albion,0,2,1,8,7,2,2,11,14,4,11,7,0,3,7,2.0,1.0,0.5,0.5,0.0,1.1871268656716418,43.48854477611941
2022-12-26,2022-2023,Aston Villa,Liverpool,1,1,3,12,16,6,9,7,12,0,6,0,0,0,0,2.0,1.0,1.5,2.25,-0.75,-1.2728731343283581,42.215671641791054
2023-01-01,2022-2023,Aston Villa,Tottenham Hotspur,0,2,0,13,6,4,2,10,15,3,5,3,0,3,3,2.0,1.0,1.0,0.5,0.5,1.547126865671642,43.7627985074627
2023-01-04,2022-2023,Aston Villa,Wolverhampton Wanderers,1,1,1,13,10,4,3,6,12,7,8,1,0,1,1,1.3333333333333333,1.3333333333333333,1.0,0.75,0.25,-0.5328731343283581,43.22992537313434
2023-01-13,2022-2023,Aston Villa,Leeds United,1,2,1,11,16,5,4,12,8,0,11,2,0,3,2,2.3333333333333335,0.3333333333333333,1.25,1.0,0.25,1.7771268656716417,45.00705223880598
2023-01-21,2022-2023,Aston Villa,Southampton,0,1,0,16,8,5,5,9,19,2,2,2,0,3,2,2.3333333333333335,0.3333333333333333,1.25,1.25,0.0,1.7171268656716416,46.72417910447763
2023-02-04,2022-2023,Aston Villa,Leicester City,1,2,4,19,9,4,5,10,10,11,3,0,0,0,0,2.0,1.0,1.0,1.25,-0.25,-1.152873134328358,45.57130597014927
2023-02-12,2022-2023,Aston Villa,Manchester City,0,1,3,6,17,2,9,14,13,4,8,2,0,0,2,1.0,2.0,0.5,2.25,-1.75,-2.202873134328358,43.36843283582091
2023-02-18,2022-2023,Aston Villa,Arsenal,1,2,4,7,20,5,5,13,4,2,9,2,0,0,2,0.0,3.0,1.25,1.25,0.0,-2.352873134328358,41.015559701492556
2023-02-25,2022-2023,Aston Villa,Everton,0,2,0,9,15,5,5,12,12,1,5,1,0,3,1,1.0,2.0,1.25,1.25,0.0,0.9771268656716419,41.9926865671642
2023-03-04,2022-2023,Aston Villa,Crystal Palace,1,1,0,8,3,1,0,14,17,2,4,2,0,3,2,2.0,1.0,0.25,0.0,0.25,1.5471268656716417,43.53981343283584
2023-03-12,2022-2023,Aston Villa,West Ham United,0,1,1,12,17,4,6,6,8,2,13,0,0,1,0,2.3333333333333335,0.3333333333333333,1.0,1.5,-0.5,-0.08287313432835802,43.45694029850748
2023-03-18,2022-2023,Aston Villa,Bournemouth,1,3,0,20,10,9,3,8,13,9,6,1,0,3,1,2.3333333333333335,0.3333333333333333,2.25,0.75,1.5,2.137126865671642,45.59406716417912
2023-04-01,2022-2023,Aston Villa,Chelsea,0,2,0,5,27,2,8,16,14,2,13,3,0,3,3,2.3333333333333335,0.3333333333333333,0.5,2.0,-1.5,1.2971268656716415,46.891194029850766
2023-04-04,2022-2023,Aston Villa,Leicester City,0,2,1,15,9,5,4,14,10,8,4,0,0,3,0,3.0,0.0,1.25,1.0,0.25,2.237126865671642,49.12832089552241
2023-04-08,2022-2023,Aston Villa,Nottingham Forest,1,2,0,8,6,3,2,7,17,1,8,3,0,3,3,3.0,0.0,0.75,0.5,0.25,2.0571268656716417,51.18544776119405
2023-04-15,2022-2023,Aston Villa,Newcastle United,1,3,0,16,8,6,2,13,15,7,2,1,0,3,1,3.0,0.0,1.5,0.5,1.0,2.357126865671642,53.54257462686569
2023-04-22,2022-2023,Aston Villa,Brentford,0,1,1,14,6,2,5,8,12,4,8,2,0,1,2,2.3333333333333335,0.3333333333333333,0.5,1.25,-0.75,-0.262873134328358,53.27970149253733
2023-04-25,2022-2023,Aston Villa,Fulham,1,1,0,14,1,3,0,6,18,8,2,3,0,3,3,2.3333333333333335,0.3333333333333333,0.75,0.0,0.75,1.8371268656716417,55.11682835820898
2023-04-30,2022-2023,Aston Villa,Manchester United,0,0,1,7,14,1,6,7,16,4,1,0,0,0,0,1.3333333333333333,1.3333333333333333,0.25,1.5,-1.25,-1.732873134328358,53.38395522388062
2023-05-06,2022-2023,Aston Villa,Wolverhampton Wanderers,0,0,1,16,6,3,2,9,20,6,5,3,0,0,3,1.0,2.0,0.75,0.5,0.25,-1.7828731343283581,51.60108208955226
2023-05-13,2022-2023,Aston Villa,Tottenham Hotspur,1,2,1,8,5,4,2,9,14,8,3,3,0,3,3,1.0,2.0,1.0,0.5,0.5,0.9771268656716421,52.5782089552239
2023-05-20,2022-2023,Aston Villa,Liverpool,0,1,1,6,10,3,5,13,16,4,9,5,0,1,5,1.3333333333333333,1.3333333333333333,0.75,1.25,-0.5,-0.9528731343283581,51.62533582089554
2023-05-28,2022-2023,Aston Villa,Brighton and Hove Albion,1,2,1,12,8,5,4,15,16,4,3,4,0,3,4,2.3333333333333335,0.3333333333333333,1.25,1.0,0.25,1.6571268656716418,53.282462686567186
2023-08-12,2023-2024,Aston Villa,Newcastle United,0,1,5,16,17,6,13,17,12,5,6,4,0,0,4,1.3333333333333333,1.3333333333333333,1.5,3.25,-1.75,-2.092873134328358,51.18958955223883
2023-08-20,2023-2024,Aston Villa,Everton,1,4,0,13,9,7,2,8,12,7,6,3,0,3,3,2.0,1.0,1.75,0.5,1.25,1.7271268656716419,52.91671641791047
2023-08-27,2023-2024,Aston Villa,Burnley,0,3,1,16,9,6,2,11,12,6,4,0,0,3,0,2.0,1.0,1.5,0.5,1.0,1.8471268656716417,54.76384328358211
2023-09-03,2023-2024,Aston Villa,Liverpool,0,0,3,9,17,3,4,7,12,3,7,1,0,0,1,2.0,1.0,0.75,1.0,-0.25,-1.2128731343283583,53.55097014925376
2023-09-16,2023-2024,Aston Villa,Crystal Palace,1,3,1,16,6,5,3,13,9,4,2,5,0,3,5,2.0,1.0,1.25,0.75,0.5,1.4271268656716418,54.978097014925396
2023-09-24,2023-2024,Aston Villa,Chelsea,0,1,0,15,10,7,4,11,9,11,5,3,0,3,3,2.0,1.0,1.75,1.0,0.75,1.6071268656716418,56.58522388059704
2023-09-30,2023-2024,Aston Villa,Brighton and Hove Albion,1,6,1,19,11,9,3,19,21,1,3,4,0,3,4,3.0,0.0,2.25,0.75,1.5,2.2971268656716415,58.88235074626868
2023-10-08,2023-2024,Aston Villa,Wolverhampton Wanderers,0,1,1,18,8,4,3,9,19,10,2,2,0,1,2,2.3333333333333335,0.3333333333333333,1.0,0.75,0.25,-0.022873134328358028,58.85947761194032
2023-10-22,2023-2024,Aston Villa,West Ham United,1,4,1,15,14,7,4,9,15,8,7,0,0,3,0,2.3333333333333335,0.3333333333333333,1.75,1.0,0.75,2.0171268656716417,60.87660447761196
2023-10-29,2023-2024,Aston Villa,Luton Town,1,3,1,17,7,6,1,11,10,6,4,3,0,3,3,2.3333333333333335,0.3333333333333333,1.5,0.25,1.25,1.9571268656716418,62.8337313432836
2023-11-05,2023-2024,Aston Villa,Nottingham Forest,0,0,2,13,5,3,3,9,6,10,0,1,0,0,1,2.0,1.0,0.75,0.75,0.0,-1.152873134328358,61.68085820895524
2023-11-12,2023-2024,Aston Villa,Fulham,1,3,1,12,9,6,5,4,17,2,2,2,0,3,2,2.0,1.0,1.5,1.25,0.25,1.5471268656716417,63.227985074626886
2023-11-26,2023-2024,Aston Villa,Tottenham Hotspur,0,2,1,15,18,5,8,13,11,3,9,4,0,3,4,2.0,1.0,1.25,2.0,-0.75,1.187126865671642,64.41511194029853
2023-12-03,2023-2024,Aston Villa,Bournemouth,0,2,2,11,15,3,7,12,16,7,7,3,0,1,3,2.3333333333333335,0.3333333333333333,0.75,1.75,-1.0,-0.38287313432835807,64.03223880597017
2023-12-06,2023-2024,Aston Villa,Manchester City,1,1,0,22,2,7,2,13,13,6,0,2,0,3,2,2.3333333333333335,0.3333333333333333,1.75,0.5,1.25,2.0171268656716417,66.04936567164182
2023-12-09,2023-2024,Aston Villa,Arsenal,1,1,0,10,12,3,5,16,11,3,3,4,0,3,4,2.3333333333333335,0.3333333333333333,0.75,1.25,-0.5,1.4771268656716416,67.52649253731346
2023-12-17,2023-2024,Aston Villa,Brentford,0,2,1,15,4,5,3,6,19,12,7,4,1,3,7,3.0,0.0,1.25,0.75,0.5,1.8771268656716418,69.4036194029851
2023-12-22,2023-2024,Aston Villa,Sheffield United,1,1,1,12,5,4,2,11,16,9,1,3,0,1,3,2.3333333333333335,0.3333333333333333,1.0,0.5,0.5,-0.022873134328358042,69.38074626865674
2023-12-26,2023-2024,Aston Villa,Manchester United,0,2,3,10,13,4,7,10,10,6,3,3,0,0,3,1.3333333333333333,1.3333333333333333,1.0,1.75,-0.75,-1.7928731343283577,67.58787313432838
2023-12-30,2023-2024,Aston Villa,Burnley,1,3,2,19,9,7,5,9,14,6,2,4,0,3,4,1.3333333333333333,1.3333333333333333,1.75,1.25,0.5,1.147126865671642,68.73500000000003
2024-01-14,2023-2024,Aston Villa,Everton,0,0,0,16,10,5,2,14,13,5,4,4,0,1,4,1.3333333333333333,1.3333333333333333,1.25,0.5,0.75,-0.5928731343283581,68.14212686567167
2024-01-30,2023-2024,Aston Villa,Newcastle United,1,1,3,12,14,6,5,14,12,8,7,4,0,0,4,1.3333333333333333,1.3333333333333333,1.5,1.25,0.25,-1.612873134328358,66.52925373134332
2024-02-03,2023-2024,Aston Villa,Sheffield United,0,5,0,14,10,10,5,7,10,4,3,0,0,3,0,1.3333333333333333,1.3333333333333333,2.5,1.25,1.25,1.567126865671642,68.09638059701496
2024-02-11,2023-2024,Aston Villa,Manchester United,1,1,2,23,17,10,5,9,7,10,8,3,0,0,3,1.0,2.0,2.5,1.25,1.25,-1.542873134328358,66.5535074626866
2024-02-17,2023-2024,Aston Villa,Fulham,0,2,1,12,15,3,4,6,11,4,4,2,0,3,2,2.0,1.0,0.75,1.0,-0.25,1.4271268656716416,67.98063432835824
2024-02-24,2023-2024,Aston Villa,Nottingham Forest,1,4,2,16,10,6,3,7,16,7,2,1,0,3,1,2.0,1.0,1.5,0.75,0.75,1.7271268656716416,69.70776119402989
2024-03-02,2023-2024,Aston Villa,Luton Town,0,3,2,12,13,8,5,19,8,6,8,4,0,3,4,3.0,0.0,2.0,1.25,0.75,2.1171268656716418,71.82488805970152
2024-03-10,2023-2024,Aston Villa,Tottenham Hotspur,1,0,4,10,9,1,5,11,15,6,4,0,1,0,3,2.0,1.0,0.25,1.25,-1.0,-1.5128731343283583,70.31201492537316
2024-03-17,2023-2024,Aston Villa,West Ham United,0,1,1,13,13,5,5,12,13,11,7,3,0,1,3,1.3333333333333333,1.3333333333333333,1.25,1.25,0.0,-0.7128731343283582,69.5991417910448
2024-03-30,2023-2024,Aston Villa,Wolverhampton Wanderers,1,2,0,11,13,5,3,11,19,5,4,3,0,3,3,1.3333333333333333,1.3333333333333333,1.25,0.75,0.5,1.207126865671642,70.80626865671644
2024-04-03,2023-2024,Aston Villa,Manchester City,0,1,4,8,25,3,11,13,6,3,2,2,0,0,2,1.3333333333333333,1.3333333333333333,0.75,2.75,-2.0,-2.032873134328358,68.77339552238809
2024-04-06,2023-2024,Aston Villa,Brentford,1,3,3,11,8,3,3,15,11,11,3,2,0,1,2,1.3333333333333333,1.3333333333333333,0.75,0.75,0.0,-0.6528731343283581,68.12052238805973
2024-04-14,2023-2024,Aston Villa,Arsenal,0,2,0,11,18,2,4,7,12,6,4,1,0,3,1,1.3333333333333333,1.3333333333333333,0.5,1.0,-0.5,1.0871268656716417,69.20764925373138
2024-04-21,2023-2024,Aston Villa,Bournemouth,1,3,1,14,14,4,6,8,14,8,4,1,0,3,1,2.3333333333333335,0.3333333333333333,1.0,1.5,-0.5,1.6571268656716416,70.86477611940302
2024-04-27,2023-2024,Aston Villa,Chelsea,1,2,2,9,21,4,5,13,14,2,4,3,0,1,3,2.3333333333333335,0.3333333333333333,1.0,1.25,-0.25,-0.20287313432835802,70.66190298507465
2024-05-05,2023-2024,Aston Villa,Brighton and Hove Albion,0,0,1,2,15,1,8,10,13,3,7,1,0,0,1,1.3333333333333333,1.3333333333333333,0.25,2.0,-1.75,-1.912873134328358,68.7490298507463
2024-05-13,2023-2024,Aston Villa,Liverpool,1,3,3,19,14,5,7,11,15,5,4,1,0,1,1,0.6666666666666666,1.6666666666666667,1.25,1.75,-0.5,-1.052873134328358,67.69615671641793
2024-05-19,2023-2024,Aston Villa,Crystal Palace,0,0,5,8,15,2,9,8,10,4,2,4,0,0,4,0.3333333333333333,2.3333333333333335,0.5,2.25,-1.75,-2.662873134328358,65.03328358208958
2024-08-17,2024-2025,Aston Villa,West Ham United,0,2,1,15,14,3,3,11,18,3,5,2,0,3,2,1.3333333333333333,1.3333333333333333,0.75,0.75,0.0,1.1471268656716418,66.18041044776122
2024-08-24,2024-2025,Aston Villa,Arsenal,1,0,2,11,9,3,4,8,15,4,1,1,0,0,1,1.0,2.0,0.75,1.0,-0.25,-1.7828731343283581,64.39753731343286
2024-08-31,2024-2025,Aston Villa,Leicester City,0,2,1,10,9,5,3,21,13,4,1,5,0,3,5,2.0,1.0,1.25,0.75,0.5,1.4271268656716418,65.8246641791045
2024-09-14,2024-2025,Aston Villa,Everton,1,3,2,17,6,8,2,10,12,6,2,1,0,3,1,2.0,1.0,2.0,0.5,1.5,1.9071268656716418,67.73179104477614
2024-09-21,2024-2025,Aston Villa,Wolverhampton Wanderers,1,3,1,9,10,4,4,11,16,6,5,3,0,3,3,3.0,0.0,1.0,1.0,0.0,1.9971268656716419,69.72891791044779
2024-09-29,2024-2025,Aston Villa,Ipswich Town,0,2,2,7,15,3,5,14,10,0,10,1,0,1,1,2.3333333333333335,0.3333333333333333,0.75,1.25,-0.5,-0.14287313432835805,69.58604477611944
2024-10-06,2024-2025,Aston Villa,Manchester United,1,0,0,11,10,1,4,12,11,6,3,1,0,1,1,1.6666666666666667,0.6666666666666666,0.25,1.0,-0.75,-0.542873134328358,69.04317164179108
2024-10-19,2024-2025,Aston Villa,Fulham,0,3,1,14,10,5,4,11,8,11,6,3,1,3,6,1.6666666666666667,0.6666666666666666,1.25,1.0,0.25,1.1971268656716418,70.24029850746271
2024-10-26,2024-2025,Aston Villa,Bournemouth,1,1,1,18,11,8,3,12,14,9,7,7,0,1,7,1.6666666666666667,0.6666666666666666,2.0,0.75,1.25,-0.4228731343283581,69.81742537313436
2024-11-03,2024-2025,Aston Villa,Tottenham Hotspur,0,1,4,12,16,1,6,14,14,4,6,0,0,0,0,1.3333333333333333,1.3333333333333333,0.25,1.5,-1.25,-1.732873134328358,68.084552238806
2024-11-09,2024-2025,Aston Villa,Liverpool,0,0,2,12,14,2,5,15,11,9,2,3,0,0,3,0.3333333333333333,2.3333333333333335,0.5,1.25,-0.75,-2.3628731343283578,65.72167910447764
2024-11-23,2024-2025,Aston Villa,Crystal Palace,1,2,2,17,13,5,6,10,11,10,1,3,0,1,3,0.3333333333333333,2.3333333333333335,1.25,1.5,-0.25,-1.342873134328358,64.37880597014929
2024-12-01,2024-2025,Aston Villa,Chelsea,0,0,3,10,17,4,8,6,21,4,3,2,0,0,2,0.3333333333333333,2.3333333333333335,1.0,2.0,-1.0,-2.362873134328358,62.015932835820934
2024-12-04,2024-2025,Aston Villa,Brentford,1,3,1,20,9,10,1,11,15,10,5,2,0,3,2,1.3333333333333333,1.3333333333333333,2.5,0.25,2.25,1.6871268656716418,63.70305970149257
2024-12-07,2024-2025,Aston Villa,Southampton,1,1,0,18,4,5,0,18,15,14,1,1,0,3,1,2.0,1.0,1.25,0.0,1.25,1.8471268656716417,65.55018656716422
2024-12-14,2024-2025,Aston Villa,Nottingham Forest,0,1,2,8,17,2,6,6,12,3,4,1,0,0,1,2.0,1.0,0.5,1.5,-1.0,-1.3928731343283582,64.15731343283585
2024-12-21,2024-2025,Aston Villa,Manchester City,1,2,1,11,12,6,6,14,7,5,4,3,0,3,3,2.0,1.0,1.5,1.5,0.0,1.4271268656716418,65.5844402985075
2024-12-26,2024-2025,Aston Villa,Newcastle United,0,0,3,4,22,1,8,10,15,6,9,1,1,0,4,1.0,2.0,0.25,2.0,-1.75,-2.322873134328358,63.26156716417914
2024-12-30,2024-2025,Aston Villa,Brighton and Hove Albion,1,2,2,20,13,4,4,9,14,12,3,2,0,1,2,1.3333333333333333,1.3333333333333333,1.0,1.0,0.0,-0.6528731343283581,62.60869402985078
2025-01-04,2024-2025,Aston Villa,Leicester City,1,2,1,13,4,5,2,10,11,7,2,0,0,3,0,1.3333333333333333,1.3333333333333333,1.25,0.5,0.75,1.4471268656716418,64.05582089552242
2025-01-15,2024-2025,Aston Villa,Everton,0,1,0,11,10,3,3,10,17,5,8,1,0,3,1,2.3333333333333335,0.3333333333333333,0.75,0.75,0.0,1.7771268656716417,65.83294776119406
2025-01-18,2024-2025,Aston Villa,Arsenal,0,2,2,8,18,4,6,18,10,1,10,3,0,1,3,2.3333333333333335,0.3333333333333333,1.0,1.5,-0.5,-0.262873134328358,65.5700746268657
2025-01-26,2024-2025,Aston Villa,West Ham United,1,1,1,14,14,4,4,13,16,4,3,2,0,1,2,1.6666666666666667,0.6666666666666666,1.0,1.0,0.0,-0.42287313432835805,65.14720149253733
2025-02-01,2024-2025,Aston Villa,Wolverhampton Wanderers,0,0,2,10,8,3,5,13,20,8,5,3,0,0,3,0.6666666666666666,1.6666666666666667,0.75,1.25,-0.5,-2.072873134328358,63.07432835820899
2025-02-15,2024-2025,Aston Villa,Ipswich Town,1,1,1,25,4,6,3,7,11,16,1,0,0,1,0,0.6666666666666666,1.6666666666666667,1.5,0.75,0.75,-0.692873134328358,62.38145522388062
2025-02-19,2024-2025,Aston Villa,Liverpool,1,2,2,9,17,4,3,8,6,6,8,1,0,1,1,0.6666666666666666,1.6666666666666667,1.0,0.75,0.25,-0.8728731343283581,61.50858208955226
2025-02-22,2024-2025,Aston Villa,Chelsea,1,2,1,12,15,6,7,15,16,2,3,1,0,3,1,1.6666666666666667,0.6666666666666666,1.5,1.75,-0.25,1.3771268656716418,62.885708955223905
2025-02-25,2024-2025,Aston Villa,Crystal Palace,0,1,4,6,19,2,6,10,19,8,3,1,0,0,1,1.3333333333333333,1.3333333333333333,0.5,1.5,-1.0,-1.732873134328358,61.15283582089555
2025-03-08,2024-2025,Aston Villa,Brentford,0,1,0,12,13,4,3,5,10,5,6,2,0,3,2,2.0,1.0,1.0,0.75,0.25,1.5471268656716417,62.69996268656719
2025-04-02,2024-2025,Aston Villa,Brighton and Hove Albion,0,3,0,8,11,5,4,11,16,0,4,3,0,3,3,2.0,1.0,1.25,1.0,0.25,1.4871268656716417,64.18708955223883
2025-04-05,2024-2025,Aston Villa,Nottingham Forest,1,2,1,17,19,8,3,7,15,4,4,2,0,3,2,3.0,0.0,2.0,0.75,1.25,2.3571268656716415,66.54421641791048
2025-04-12,2024-2025,Aston Villa,Southampton,0,3,0,25,7,10,2,4,11,14,2,1,0,3,1,3.0,0.0,2.5,0.5,2.0,2.5971268656716417,69.14134328358212
2025-04-19,2024-2025,Aston Villa,Newcastle United,1,4,1,23,10,9,3,9,12,7,7,1,0,3,1,3.0,0.0,2.25,0.75,1.5,2.4771268656716416,71.61847014925377
2025-04-22,2024-2025,Aston Villa,Manchester City,0,1,2,7,14,3,6,10,9,2,10,3,0,0,3,2.0,1.0,0.75,1.5,-0.75,-1.4528731343283583,70.1655970149254
2025-05-03,2024-2025,Aston Villa,Fulham,1,1,0,10,11,3,3,6,17,5,3,0,0,3,0,2.0,1.0,0.75,0.75,0.0,1.6071268656716418,71.77272388059704
2025-05-10,2024-2025,Aston Villa,Bournemouth,0,1,0,6,10,3,4,12,19,0,10,3,1,3,6,2.0,1.0,0.75,1.0,-0.25,1.1871268656716418,72.95985074626869
2025-05-16,2024-2025,Aston Villa,Tottenham Hotspur,1,2,0,18,3,7,1,5,12,9,1,1,0,3,1,3.0,0.0,1.75,0.25,1.5,2.4771268656716416,75.43697761194032
2025-05-25,2024-2025,Aston Villa,Manchester United,0,0,2,6,25,1,10,10,10,3,4,2,1,0,5,2.0,1.0,0.25,2.5,-2.25,-1.932873134328358,73.50410447761197
2025-08-16,2025-2026,Aston Villa,Newcastle United,1,0,0,3,16,3,3,13,11,3,6,1,1,1,4,1.3333333333333333,1.3333333333333333,0.75,0.75,0.0,-0.7728731343283581,72.73123134328361
2025-08-23,2025-2026,Aston Villa,Brentford,0,0,1,17,9,2,2,9,11,9,2,2,0,0,2,0.3333333333333333,2.3333333333333335,0.5,0.5,0.0,-2.122873134328358,70.60835820895525
2025-08-31,2025-2026,Aston Villa,Crystal Palace,1,0,3,13,6,4,4,7,14,10,1,2,0,0,2,0.3333333333333333,2.3333333333333335,1.0,1.0,0.0,-2.122873134328358,68.4854850746269
2025-09-13,2025-2026,Aston Villa,Everton,0,0,0,7,20,1,2,15,17,3,10,3,0,1,3,0.3333333333333333,2.3333333333333335,0.25,0.5,-0.25,-1.342873134328358,67.14261194029854
2025-09-21,2025-2026,Aston Villa,Sunderland,0,1,1,12,14,2,4,8,14,5,6,1,0,1,1,0.6666666666666666,1.6666666666666667,0.5,1.0,-0.5,-1.052873134328358,66.08973880597017
2025-09-28,2025-2026,Aston Villa,Fulham,1,3,1,9,11,4,4,10,13,2,8,1,0,3,1,1.6666666666666667,0.6666666666666666,1.0,1.0,0.0,1.4371268656716418,67.52686567164181
2025-10-05,2025-2026,Aston Villa,Burnley,1,2,1,15,5,7,2,9,15,6,4,3,0,3,3,2.3333333333333335,0.3333333333333333,1.75,0.5,1.25,1.9571268656716418,69.48399253731347
2025-10-19,2025-2026,Aston Villa,Tottenham Hotspur,0,2,1,8,9,2,3,7,11,6,6,0,0,3,0,3.0,0.0,0.5,0.75,-0.25,2.1171268656716418,71.6011194029851
2025-10-26,2025-2026,Aston Villa,Manchester City,1,1,0,9,18,3,4,8,16,5,6,1,0,3,1,3.0,0.0,0.75,1.0,-0.25,2.0571268656716417,73.65824626865674
2025-11-01,2025-2026,Aston Villa,Liverpool,0,0,2,10,16,3,4,11,13,4,1,3,0,0,3,2.0,1.0,0.75,1.0,-0.25,-1.3328731343283584,72.32537313432839
2025-11-09,2025-2026,Aston Villa,Bournemouth,1,4,0,16,13,8,4,8,20,6,9,2,0,3,2,2.0,1.0,2.0,1.0,1.0,1.7271268656716416,74.05250000000002
2022-08-06,2022-2023,Bournemouth,Aston Villa,1,2,0,7,15,3,2,18,16,5,5,3,0,3,3,3.0,0.0,0.75,0.5,0.25,2.0571268656716417,97.05712686567165
2022-08-13,2022-2023,Bournemouth,Manchester City,0,0,4,3,19,1,7,9,9,1,11,3,0,0,3,1.5,1.5,0.25,1.75,-1.5,-1.9178731343283582,95.13925373134329
2022-08-20,2022-2023,Bournemouth,Arsenal,1,0,3,6,14,1,6,12,10,3,4,2,0,0,2,1.0,2.0,0.25,1.5,-1.25,-2.082873134328358,93.05638059701492
2022-08-27,2022-2023,Bournemouth,Liverpool,0,0,9,5,19,2,12,5,6,1,8,1,0,0,1,0.0,3.0,0.5,3.0,-2.5,-2.8928731343283576,90.16350746268657
2022-08-31,2022-2023,Bournemouth,Wolverhampton Wanderers,1,0,0,5,17,2,4,12,12,2,5,2,0,1,2,0.3333333333333333,2.3333333333333335,0.5,1.0,-0.5,-1.342873134328358,88.82063432835821
2022-09-03,2022-2023,Bournemouth,Nottingham Forest,0,3,2,8,11,3,3,10,13,6,4,1,0,3,1,1.3333333333333333,1.3333333333333333,0.75,0.75,0.0,1.2071268656716418,90.02776119402985
2022-09-17,2022-2023,Bournemouth,Newcastle United,0,1,1,10,20,3,7,11,10,1,8,2,0,1,2,1.6666666666666667,0.6666666666666666,0.75,1.75,-1.0,-0.6628731343283581,89.3648880597015
2022-10-01,2022-2023,Bournemouth,Brentford,1,0,0,7,13,1,4,11,10,7,8,1,0,1,1,1.6666666666666667,0.6666666666666666,0.25,1.0,-0.75,-0.542873134328358,88.82201492537314
2022-10-08,2022-2023,Bournemouth,Leicester City,1,2,1,10,9,4,5,8,16,7,2,1,0,3,1,1.6666666666666667,0.6666666666666666,1.0,1.25,-0.25,1.3771268656716418,90.19914179104478
2022-10-15,2022-2023,Bournemouth,Fulham,0,2,2,10,19,6,4,11,9,6,5,0,0,1,0,1.6666666666666667,0.6666666666666666,1.5,1.0,0.5,-0.18287313432835808,90.01626865671642
2022-10-19,2022-2023,Bournemouth,Southampton,1,0,1,15,9,3,3,8,13,7,3,1,0,0,1,1.3333333333333333,1.3333333333333333,0.75,0.75,0.0,-1.492873134328358,88.52339552238806
2022-10-24,2022-2023,Bournemouth,West Ham United,0,0,2,5,20,3,4,11,9,0,5,2,0,0,2,0.3333333333333333,2.3333333333333335,0.75,1.0,-0.25,-2.182873134328358,86.3405223880597
2022-10-29,2022-2023,Bournemouth,Tottenham Hotspur,1,2,3,6,23,4,7,10,5,2,19,1,0,0,1,0.0,3.0,1.0,1.75,-0.75,-2.472873134328358,83.86764925373134
2022-11-05,2022-2023,Bournemouth,Leeds United,0,3,4,9,18,6,4,10,16,3,13,2,0,0,2,0.0,3.0,1.5,1.0,0.5,-2.232873134328358,81.63477611940299
2022-11-12,2022-2023,Bournemouth,Everton,1,3,0,16,15,9,3,12,8,3,5,2,0,3,2,1.0,2.0,2.25,0.75,1.5,1.277126865671642,82.91190298507463
2022-12-27,2022-2023,Bournemouth,Chelsea,0,0,2,9,15,4,5,10,8,8,6,0,0,0,0,1.0,2.0,1.0,1.25,-0.25,-1.722873134328358,81.18902985074627
2022-12-31,2022-2023,Bournemouth,Crystal Palace,1,0,2,6,15,2,6,17,11,2,7,4,0,0,4,1.0,2.0,0.5,1.5,-1.0,-2.142873134328358,79.04615671641791
2023-01-03,2022-2023,Bournemouth,Manchester United,0,0,3,7,18,4,6,7,13,5,6,3,0,0,3,0.0,3.0,1.0,1.5,-0.5,-2.5328731343283577,76.51328358208956
2023-01-14,2022-2023,Bournemouth,Brentford,0,0,2,7,12,2,4,9,5,3,5,1,0,0,1,0.0,3.0,0.5,1.0,-0.5,-2.412873134328358,74.10041044776119
2023-01-21,2022-2023,Bournemouth,Nottingham Forest,1,1,1,16,20,4,5,10,7,4,6,1,0,1,1,0.3333333333333333,2.3333333333333335,1.0,1.25,-0.25,-1.2228731343283583,72.87753731343284
2023-02-04,2022-2023,Bournemouth,Brighton and Hove Albion,0,0,1,12,20,2,6,7,14,3,7,1,0,0,1,0.3333333333333333,2.3333333333333335,0.5,1.5,-1.0,-2.302873134328358,70.57466417910447
2023-02-11,2022-2023,Bournemouth,Newcastle United,1,1,1,11,15,5,7,8,10,4,6,2,0,1,2,0.6666666666666666,1.6666666666666667,1.25,1.75,-0.5,-1.112873134328358,69.46179104477612
2023-02-18,2022-2023,Bournemouth,Wolverhampton Wanderers,0,1,0,5,15,1,4,10,12,2,12,3,0,3,3,1.3333333333333333,1.3333333333333333,0.25,1.0,-0.75,0.907126865671642,70.36891791044776
2023-02-25,2022-2023,Bournemouth,Manchester City,1,1,4,13,20,2,5,10,9,4,6,2,0,0,2,1.3333333333333333,1.3333333333333333,0.5,1.25,-0.75,-1.732873134328358,68.6360447761194
2023-03-04,2022-2023,Bournemouth,Arsenal,0,2,3,4,31,4,9,8,6,1,17,2,0,0,2,1.0,2.0,1.0,2.25,-1.25,-2.082873134328358,66.55317164179105
2023-03-11,2022-2023,Bournemouth,Liverpool,1,1,0,5,15,2,6,7,9,3,8,2,0,3,2,1.0,2.0,0.5,1.5,-1.0,0.6771268656716419,67.23029850746269
2023-03-18,2022-2023,Bournemouth,Aston Villa,0,0,3,10,20,3,9,13,8,6,9,4,0,0,4,1.0,2.0,0.75,2.25,-1.5,-2.262873134328358,64.96742537313433
2023-04-01,2022-2023,Bournemouth,Fulham,1,2,1,12,10,7,2,15,13,4,3,1,0,3,1,2.0,1.0,1.75,0.5,1.25,1.8471268656716417,66.81455223880597
2023-04-04,2022-2023,Bournemouth,Brighton and Hove Albion,1,0,2,14,16,3,6,11,5,5,5,1,0,0,1,1.0,2.0,0.75,1.5,-0.75,-1.9028731343283578,64.91167910447761
2023-04-08,2022-2023,Bournemouth,Leicester City,0,1,0,19,14,7,4,13,10,6,6,3,0,3,3,2.0,1.0,1.75,1.0,0.75,1.6071268656716418,66.51880597014926
2023-04-15,2022-2023,Bournemouth,Tottenham Hotspur,0,3,2,6,24,6,8,9,8,1,8,2,0,3,2,2.0,1.0,1.5,2.0,-0.5,1.3671268656716415,67.8859328358209
2023-04-23,2022-2023,Bournemouth,West Ham United,1,0,4,17,18,5,10,7,8,8,5,1,0,0,1,2.0,1.0,1.25,2.5,-1.25,-1.4528731343283583,66.43305970149254
2023-04-27,2022-2023,Bournemouth,Southampton,0,1,0,16,11,2,2,11,9,4,6,3,0,3,3,2.0,1.0,0.5,0.5,0.0,1.4271268656716418,67.86018656716418
2023-04-30,2022-2023,Bournemouth,Leeds United,1,4,1,12,15,7,6,12,14,2,6,1,0,3,1,2.0,1.0,1.75,1.5,0.25,1.6071268656716418,69.46731343283582
2023-05-06,2022-2023,Bournemouth,Chelsea,1,1,3,10,11,4,5,9,11,7,7,1,0,0,1,2.0,1.0,1.0,1.25,-0.25,-1.2128731343283583,68.25444029850746
2023-05-13,2022-2023,Bournemouth,Crystal Palace,0,0,2,5,17,0,5,12,5,2,11,2,0,0,2,1.0,2.0,0.0,1.25,-1.25,-2.082873134328358,66.17156716417911
2023-05-20,2022-2023,Bournemouth,Manchester United,1,0,1,10,20,4,5,6,7,3,6,1,0,0,1,0.0,3.0,1.0,1.25,-0.25,-2.352873134328358,63.81869402985075
2023-05-28,2022-2023,Bournemouth,Everton,0,0,1,7,13,2,6,12,11,3,9,3,0,0,3,0.0,3.0,0.5,1.5,-1.0,-2.6528731343283583,61.16582089552239
2023-08-12,2023-2024,Bournemouth,West Ham United,1,1,1,14,16,5,3,9,14,10,4,1,0,1,1,0.3333333333333333,2.3333333333333335,1.25,0.75,0.5,-1.0428731343283582,60.12294776119403
2023-08-19,2023-2024,Bournemouth,Liverpool,0,1,3,13,26,5,10,13,11,2,10,3,0,0,3,0.3333333333333333,2.3333333333333335,1.25,2.5,-1.25,-2.482873134328358,57.64007462686567
2023-08-26,2023-2024,Bournemouth,Tottenham Hotspur,1,0,2,11,17,3,6,18,11,6,2,1,0,0,1,0.3333333333333333,2.3333333333333335,0.75,1.5,-0.75,-2.242873134328358,55.39720149253731
2023-09-02,2023-2024,Bournemouth,Brentford,0,2,2,12,21,5,7,13,6,2,5,2,0,1,2,0.3333333333333333,2.3333333333333335,1.25,1.75,-0.5,-1.342873134328358,54.054328358208956
2023-09-17,2023-2024,Bournemouth,Chelsea,1,0,0,13,14,4,6,15,20,1,7,1,0,1,1,0.6666666666666666,1.6666666666666667,1.0,1.5,-0.5,-1.052873134328358,53.0014552238806
2023-09-24,2023-2024,Bournemouth,Brighton and Hove Albion,0,1,3,12,13,4,4,17,12,4,4,3,0,0,3,0.6666666666666666,1.6666666666666667,1.0,1.0,0.0,-1.952873134328358,51.04858208955224
2023-09-30,2023-2024,Bournemouth,Arsenal,1,0,4,8,15,1,8,11,10,6,6,0,0,0,0,0.3333333333333333,2.3333333333333335,0.25,2.0,-1.75,-2.4228731343283583,48.625708955223885
2023-10-07,2023-2024,Bournemouth,Everton,0,0,3,11,25,4,8,15,14,7,8,2,0,0,2,0.0,3.0,1.0,2.0,-1.0,-2.592873134328358,46.03283582089553
2023-10-21,2023-2024,Bournemouth,Wolverhampton Wanderers,1,1,2,7,20,4,7,15,10,3,12,2,1,0,5,0.0,3.0,1.0,1.75,-0.75,-2.7128731343283583,43.319962686567166
2023-10-28,2023-2024,Bournemouth,Burnley,1,2,1,13,6,6,3,9,12,10,5,2,0,3,2,1.0,2.0,1.5,0.75,0.75,1.0971268656716417,44.41708955223881
2023-11-04,2023-2024,Bournemouth,Manchester City,0,1,6,5,21,1,8,9,8,1,12,1,0,0,1,1.0,2.0,0.25,2.0,-1.75,-2.142873134328358,42.27421641791045
2023-11-11,2023-2024,Bournemouth,Newcastle United,1,2,0,19,8,10,5,10,4,6,5,2,0,3,2,2.0,1.0,2.5,1.25,1.25,1.7871268656716417,44.06134328358209
2023-11-25,2023-2024,Bournemouth,Sheffield United,0,3,1,23,10,11,2,8,6,7,4,1,0,3,1,2.0,1.0,2.75,0.5,2.25,2.0871268656716415,46.14847014925373
2023-12-03,2023-2024,Bournemouth,Aston Villa,1,2,2,15,11,7,3,16,12,7,7,5,0,1,5,2.3333333333333335,0.3333333333333333,1.75,0.75,1.0,-0.02287313432835801,46.125597014925376
2023-12-06,2023-2024,Bournemouth,Crystal Palace,0,2,0,11,16,4,3,17,10,9,3,3,0,3,3,2.3333333333333335,0.3333333333333333,1.0,0.75,0.25,1.7171268656716416,47.84272388059702
2023-12-09,2023-2024,Bournemouth,Manchester United,0,3,0,10,20,4,3,10,7,4,10,1,0,3,1,2.3333333333333335,0.3333333333333333,1.0,0.75,0.25,1.8371268656716417,49.67985074626866
2023-12-23,2023-2024,Bournemouth,Nottingham Forest,0,3,2,18,11,7,5,10,10,6,6,3,0,3,3,3.0,0.0,1.75,1.25,0.5,2.117126865671642,51.79697761194031
2023-12-26,2023-2024,Bournemouth,Fulham,1,3,0,16,8,4,3,10,10,6,5,0,0,3,0,3.0,0.0,1.0,0.75,0.25,2.237126865671642,54.03410447761195
2023-12-31,2023-2024,Bournemouth,Tottenham Hotspur,0,1,3,24,12,4,6,18,9,13,4,3,0,0,3,2.0,1.0,1.0,1.5,-0.5,-1.3928731343283582,52.641231343283586
2024-01-21,2023-2024,Bournemouth,Liverpool,1,0,4,11,14,1,7,9,12,8,5,1,0,0,1,1.0,2.0,0.25,1.75,-1.5,-2.082873134328358,50.55835820895523
2024-02-01,2023-2024,Bournemouth,West Ham United,0,1,1,9,9,4,3,11,13,5,1,3,0,1,3,0.3333333333333333,2.3333333333333335,1.0,0.75,0.25,-1.2228731343283579,49.33548507462687
2024-02-04,2023-2024,Bournemouth,Nottingham Forest,1,1,1,9,8,2,6,19,12,11,6,3,1,1,6,0.6666666666666666,1.6666666666666667,0.5,1.5,-1.0,-1.472873134328358,47.86261194029851
2024-02-10,2023-2024,Bournemouth,Fulham,0,1,3,25,7,4,6,11,11,14,1,2,0,0,2,0.6666666666666666,1.6666666666666667,1.0,1.5,-0.5,-2.012873134328358,45.84973880597015
2024-02-17,2023-2024,Bournemouth,Newcastle United,0,2,2,12,17,7,5,22,9,2,4,3,0,1,3,0.6666666666666666,1.6666666666666667,1.75,1.25,0.5,-0.9328731343283582,44.91686567164179
2024-02-24,2023-2024,Bournemouth,Manchester City,1,0,1,13,15,4,6,14,6,3,8,2,0,0,2,0.3333333333333333,2.3333333333333335,1.0,1.5,-0.5,-2.242873134328358,42.67399253731343
2024-03-03,2023-2024,Bournemouth,Burnley,0,2,0,10,20,3,6,13,8,2,7,4,0,3,4,1.3333333333333333,1.3333333333333333,0.75,1.5,-0.75,0.8471268656716421,43.52111940298507
2024-03-09,2023-2024,Bournemouth,Sheffield United,1,2,2,32,13,12,9,12,11,10,3,3,0,1,3,1.3333333333333333,1.3333333333333333,3.0,2.25,0.75,-0.5328731343283581,42.98824626865672
2024-03-13,2023-2024,Bournemouth,Luton Town,1,4,3,24,8,10,4,16,11,11,3,1,0,3,1,2.3333333333333335,0.3333333333333333,2.5,1.0,1.5,2.137126865671642,45.125373134328356
2024-03-30,2023-2024,Bournemouth,Everton,1,2,1,11,7,4,3,14,11,9,8,1,0,3,1,2.3333333333333335,0.3333333333333333,1.0,0.75,0.25,1.8371268656716417,46.9625
2024-04-02,2023-2024,Bournemouth,Crystal Palace,1,1,0,11,3,6,2,13,14,9,2,3,0,3,3,3.0,0.0,1.5,0.5,1.0,2.2371268656716423,49.19962686567164
2024-04-06,2023-2024,Bournemouth,Luton Town,0,1,2,8,19,1,9,14,7,2,7,0,0,0,0,2.0,1.0,0.25,2.25,-2.0,-1.572873134328358,47.62675373134328
2024-04-13,2023-2024,Bournemouth,Manchester United,1,2,2,20,8,5,2,13,14,7,2,4,0,1,4,1.3333333333333333,1.3333333333333333,1.25,0.5,0.75,-0.5928731343283581,47.03388059701492
2024-04-21,2023-2024,Bournemouth,Aston Villa,0,1,3,14,14,6,4,14,8,4,8,3,0,0,3,0.3333333333333333,2.3333333333333335,1.5,1.0,0.5,-2.062873134328358,44.971007462686565
2024-04-24,2023-2024,Bournemouth,Wolverhampton Wanderers,0,1,0,21,15,6,4,17,10,12,8,1,1,3,4,1.3333333333333333,1.3333333333333333,1.5,1.0,0.5,1.147126865671642,46.11813432835821
2024-04-28,2023-2024,Bournemouth,Brighton and Hove Albion,1,3,0,15,13,6,1,14,10,8,2,2,0,3,2,2.0,1.0,1.5,0.25,1.25,1.7871268656716417,47.90526119402985
2024-05-04,2023-2024,Bournemouth,Arsenal,0,0,3,7,25,2,9,12,16,1,6,3,0,0,3,2.0,1.0,0.5,2.25,-1.75,-1.692873134328358,46.21238805970149
2024-05-11,2023-2024,Bournemouth,Brentford,1,1,2,13,11,4,5,16,12,3,8,2,0,0,2,1.0,2.0,1.0,1.25,-0.25,-1.8428731343283582,44.36951492537313
2024-05-19,2023-2024,Bournemouth,Chelsea,0,1,2,22,16,5,6,9,5,5,6,3,0,0,3,0.0,3.0,1.25,1.5,-0.25,-2.472873134328358,41.89664179104477
2024-08-17,2024-2025,Bournemouth,Nottingham Forest,0,1,1,13,14,4,8,8,17,6,2,3,0,1,3,0.3333333333333333,2.3333333333333335,1.0,2.0,-1.0,-1.5228731343283581,40.373768656716415
2024-08-25,2024-2025,Bournemouth,Newcastle United,1,1,1,16,14,4,5,19,8,8,9,2,0,1,2,0.6666666666666666,1.6666666666666667,1.0,1.25,-0.25,-1.052873134328358,39.32089552238806
2024-08-31,2024-2025,Bournemouth,Everton,0,3,2,17,18,7,8,1,6,4,8,1,0,3,1,1.6666666666666667,0.6666666666666666,1.75,2.0,-0.25,1.3771268656716418,40.6980223880597
2024-09-14,2024-2025,Bournemouth,Chelsea,1,0,1,19,10,7,3,16,9,6,3,6,0,0,6,1.3333333333333333,1.3333333333333333,1.75,0.75,1.0,-1.5528731343283582,39.14514925373134
2024-09-21,2024-2025,Bournemouth,Liverpool,0,0,3,19,19,6,13,12,10,9,3,4,0,0,4,1.0,2.0,1.5,3.25,-1.75,-2.322873134328358,36.82227611940298
2024-09-30,2024-2025,Bournemouth,Southampton,1,3,1,14,9,6,3,19,12,7,4,2,0,3,2,1.0,2.0,1.5,0.75,0.75,1.0971268656716417,37.91940298507462
2024-10-05,2024-2025,Bournemouth,Leicester City,0,0,1,17,6,2,2,14,12,9,0,1,0,0,1,1.0,2.0,0.5,0.5,0.0,-1.722873134328358,36.19652985074626
2024-10-19,2024-2025,Bournemouth,Arsenal,1,2,0,13,6,4,1,12,11,7,4,1,0,3,1,2.0,1.0,1.0,0.25,0.75,1.7271268656716416,37.9236567164179
2024-10-26,2024-2025,Bournemouth,Aston Villa,0,1,1,11,18,3,8,14,12,7,9,6,0,1,6,1.3333333333333333,1.3333333333333333,0.75,2.0,-1.25,-1.192873134328358,36.73078358208954
2024-11-02,2024-2025,Bournemouth,Manchester City,1,2,1,12,18,6,4,11,6,3,10,2,0,3,2,2.3333333333333335,0.3333333333333333,1.5,1.0,0.5,1.8371268656716417,38.567910447761186
2024-11-09,2024-2025,Bournemouth,Brentford,0,2,3,15,12,3,6,16,8,4,6,4,0,0,4,1.3333333333333333,1.3333333333333333,0.75,1.5,-0.75,-1.8528731343283578,36.71503731343283
2024-11-23,2024-2025,Bournemouth,Brighton and Hove Albion,1,1,2,19,6,5,4,13,10,7,0,2,0,0,2,1.0,2.0,1.25,1.0,0.25,-1.722873134328358,34.99216417910447
2024-11-30,2024-2025,Bournemouth,Wolverhampton Wanderers,0,4,2,12,10,8,3,11,13,4,3,1,0,3,1,1.0,2.0,2.0,0.75,1.25,1.277126865671642,36.26929104477611
2024-12-05,2024-2025,Bournemouth,Tottenham Hotspur,1,1,0,21,12,8,4,15,8,5,9,2,0,3,2,2.0,1.0,2.0,1.0,1.0,1.7271268656716416,37.996417910447754
2024-12-08,2024-2025,Bournemouth,Ipswich Town,0,2,1,22,18,6,5,13,9,13,6,1,0,3,1,3.0,0.0,1.5,1.25,0.25,2.177126865671642,40.17354477611939
2024-12-16,2024-2025,Bournemouth,West Ham United,1,1,1,29,16,9,3,6,11,12,6,0,0,1,0,2.3333333333333335,0.3333333333333333,2.25,0.75,1.5,0.397126865671642,40.57067164179104
2024-12-22,2024-2025,Bournemouth,Manchester United,0,3,0,10,23,5,7,11,11,1,13,3,0,3,3,2.3333333333333335,0.3333333333333333,1.25,1.75,-0.5,1.5371268656716417,42.107798507462675
2024-12-26,2024-2025,Bournemouth,Crystal Palace,1,0,0,18,10,4,4,13,12,5,2,2,0,1,2,1.6666666666666667,0.6666666666666666,1.0,1.0,0.0,-0.42287313432835805,41.68492537313432
2024-12-29,2024-2025,Bournemouth,Fulham,0,2,2,16,11,9,6,16,7,7,1,3,0,1,3,1.6666666666666667,0.6666666666666666,2.25,1.5,0.75,-0.30287313432835805,41.38205223880596
2025-01-04,2024-2025,Bournemouth,Everton,1,1,0,19,9,8,0,15,14,9,3,2,0,3,2,1.6666666666666667,0.6666666666666666,2.0,0.0,2.0,1.8571268656716415,43.2391791044776
2025-01-14,2024-2025,Bournemouth,Chelsea,0,2,2,7,26,3,10,16,15,3,9,3,0,1,3,1.6666666666666667,0.6666666666666666,0.75,2.5,-1.75,-0.9028731343283581,42.33630597014924
2025-01-18,2024-2025,Bournemouth,Newcastle United,0,4,1,19,13,10,5,18,7,6,7,6,0,3,6,2.3333333333333335,0.3333333333333333,2.5,1.25,1.25,1.7771268656716417,44.11343283582088
2025-01-25,2024-2025,Bournemouth,Nottingham Forest,1,5,0,16,18,10,4,9,12,3,9,2,0,3,2,2.3333333333333335,0.3333333333333333,2.5,1.0,1.5,2.0771268656716417,46.190559701492525
2025-02-01,2024-2025,Bournemouth,Liverpool,1,0,2,14,19,3,7,15,9,3,3,2,0,0,2,2.0,1.0,0.75,1.75,-1.0,-1.4528731343283583,44.73768656716417
2025-02-15,2024-2025,Bournemouth,Southampton,0,3,1,14,11,7,4,15,13,6,4,3,0,3,3,2.0,1.0,1.75,1.0,0.75,1.6071268656716418,46.34481343283581
2025-02-22,2024-2025,Bournemouth,Wolverhampton Wanderers,1,0,1,8,13,3,5,17,9,6,7,3,1,0,6,1.0,2.0,0.75,1.25,-0.5,-2.142873134328358,44.20194029850745
2025-02-25,2024-2025,Bournemouth,Brighton and Hove Albion,0,1,2,19,11,5,4,14,12,9,1,1,0,0,1,1.0,2.0,1.25,1.0,0.25,-1.662873134328358,42.539067164179095
2025-03-09,2024-2025,Bournemouth,Tottenham Hotspur,0,2,2,17,12,8,4,16,15,6,3,3,0,1,3,0.3333333333333333,2.3333333333333335,2.0,1.0,1.0,-1.0428731343283582,41.496194029850734
2025-03-15,2024-2025,Bournemouth,Brentford,1,1,2,17,10,5,4,13,7,4,3,3,0,0,3,0.3333333333333333,2.3333333333333335,1.25,1.0,0.25,-2.122873134328358,39.373320895522376
2025-04-02,2024-2025,Bournemouth,Ipswich Town,1,1,2,24,10,7,2,14,15,8,3,1,0,0,1,0.3333333333333333,2.3333333333333335,1.75,0.5,1.25,-1.7628731343283581,37.61044776119402
2025-04-05,2024-2025,Bournemouth,West Ham United,0,2,2,11,9,4,3,13,13,7,4,2,0,1,2,0.3333333333333333,2.3333333333333335,1.0,0.75,0.25,-1.162873134328358,36.44757462686566
2025-04-14,2024-2025,Bournemouth,Fulham,1,1,0,12,12,3,7,11,10,6,9,3,0,3,3,1.3333333333333333,1.3333333333333333,0.75,1.75,-1.0,0.847126865671642,37.2947014925373
2025-04-19,2024-2025,Bournemouth,Crystal Palace,0,0,0,15,5,4,0,10,13,4,5,4,0,1,4,1.6666666666666667,0.6666666666666666,1.0,0.0,1.0,-0.30287313432835805,36.99182835820894
2025-04-27,2024-2025,Bournemouth,Manchester United,1,1,1,8,25,1,6,11,12,5,10,4,1,1,7,1.6666666666666667,0.6666666666666666,0.25,1.5,-1.25,-1.0228731343283581,35.968955223880585
2025-05-03,2024-2025,Bournemouth,Arsenal,0,2,1,9,13,2,4,16,7,3,2,2,0,3,2,1.6666666666666667,0.6666666666666666,0.5,1.0,-0.5,1.2571268656716417,37.22608208955223
2025-05-10,2024-2025,Bournemouth,Aston Villa,1,0,1,10,6,4,3,19,12,10,0,4,0,0,4,1.3333333333333333,1.3333333333333333,1.0,0.75,0.25,-1.612873134328358,35.61320895522387
2025-05-20,2024-2025,Bournemouth,Manchester City,0,1,3,8,12,2,5,13,7,1,3,3,1,0,6,1.0,2.0,0.5,1.25,-0.75,-2.202873134328358,33.41033582089551
2025-05-25,2024-2025,Bournemouth,Leicester City,1,2,0,20,3,7,0,19,16,6,1,0,0,3,0,1.0,2.0,1.75,0.0,1.75,1.457126865671642,34.86746268656715
2025-08-15,2025-2026,Bournemouth,Liverpool,0,2,4,10,19,3,10,10,7,7,6,2,0,0,2,1.0,2.0,0.75,2.5,-1.75,-2.202873134328358,32.664589552238795
2025-08-23,2025-2026,Bournemouth,Wolverhampton Wanderers,1,1,0,14,6,4,1,13,16,8,3,2,0,3,2,2.0,1.0,1.0,0.25,0.75,1.6671268656716416,34.331716417910435
2025-08-30,2025-2026,Bournemouth,Tottenham Hotspur,0,1,0,20,5,6,1,13,17,8,0,4,0,3,4,2.0,1.0,1.5,0.25,1.25,1.6671268656716418,35.998843283582076
2025-09-13,2025-2026,Bournemouth,Brighton and Hove Albion,1,2,1,13,6,5,2,16,10,4,4,4,0,3,4,3.0,0.0,1.25,0.5,0.75,2.1171268656716418,38.11597014925372
2025-09-21,2025-2026,Bournemouth,Newcastle United,1,0,0,11,4,2,1,7,10,5,2,2,0,1,2,2.3333333333333335,0.3333333333333333,0.5,0.25,0.25,-0.022873134328358028,38.09309701492536
2025-09-27,2025-2026,Bournemouth,Leeds United,0,2,2,12,19,5,8,13,12,4,7,2,0,1,2,1.6666666666666667,0.6666666666666666,1.25,2.0,-0.75,-0.6028731343283581,37.49022388059701
2025-10-03,2025-2026,Bournemouth,Fulham,1,3,1,11,12,6,4,8,10,4,3,0,0,3,0,1.6666666666666667,0.6666666666666666,1.5,1.0,0.5,1.617126865671642,39.10735074626865
2025-10-18,2025-2026,Bournemouth,Crystal Palace,0,3,3,8,20,5,7,16,8,5,6,4,0,1,4,1.6666666666666667,0.6666666666666666,1.25,1.75,-0.5,-0.6628731343283581,38.44447761194029
2025-10-26,2025-2026,Bournemouth,Nottingham Forest,1,2,0,13,8,5,4,17,7,6,4,3,0,3,3,2.3333333333333335,0.3333333333333333,1.25,1.0,0.25,1.7171268656716416,40.16160447761194
2025-11-02,2025-2026,Bournemouth,Manchester City,0,1,3,8,15,5,8,11,8,4,10,2,0,0,2,1.3333333333333333,1.3333333333333333,1.25,2.0,-0.75,-1.732873134328358,38.42873134328358
2025-11-09,2025-2026,Bournemouth,Aston Villa,0,0,4,13,16,4,8,20,8,9,6,2,0,0,2,1.0,2.0,1.0,2.0,-1.0,-2.022873134328358,36.40585820895522
2021-08-13,2021-2022,Brentford,Arsenal,1,2,0,8,22,3,4,12,8,2,5,0,0,3,0,3.0,0.0,0.75,1.0,-0.25,2.1171268656716418,82.11712686567164
2021-08-21,2021-2022,Brentford,Crystal Palace,0,0,0,14,7,3,2,9,12,5,3,1,0,1,1,2.0,0.5,0.75,0.5,0.25,-0.13287313432835812,81.98425373134329
2021-08-28,2021-2022,Brentford,Aston Villa,0,1,1,9,7,2,5,14,15,2,3,3,0,1,3,1.6666666666666667,0.6666666666666666,0.5,1.25,-0.75,-0.6628731343283581,81.32138059701492
2021-09-11,2021-2022,Brentford,Brighton and Hove Albion,1,0,1,7,4,1,2,9,12,1,6,3,0,0,3,0.6666666666666666,1.6666666666666667,0.25,0.5,-0.25,-2.012873134328358,79.30850746268656
2021-09-18,2021-2022,Brentford,Wolverhampton Wanderers,0,2,0,9,11,3,0,7,10,2,4,2,1,3,5,1.3333333333333333,1.3333333333333333,0.75,0.0,0.75,1.1471268656716418,80.45563432835822
2021-09-25,2021-2022,Brentford,Liverpool,1,3,3,12,16,4,6,8,7,2,11,1,0,1,1,1.3333333333333333,1.3333333333333333,1.0,1.5,-0.5,-0.7128731343283582,79.74276119402985
2021-10-03,2021-2022,Brentford,West Ham United,0,2,1,13,18,6,5,13,16,6,11,3,0,3,3,2.3333333333333335,0.3333333333333333,1.5,1.25,0.25,1.7171268656716416,81.4598880597015
2021-10-16,2021-2022,Brentford,Chelsea,1,0,1,17,5,7,1,13,8,5,5,1,0,0,1,1.3333333333333333,1.3333333333333333,1.75,0.25,1.5,-1.132873134328358,80.32701492537313
2021-10-24,2021-2022,Brentford,Leicester City,1,1,2,15,10,5,6,13,7,9,2,1,0,0,1,1.0,2.0,1.25,1.5,-0.25,-1.7828731343283581,78.54414179104478
2021-10-30,2021-2022,Brentford,Burnley,0,1,3,12,15,5,6,10,7,2,4,1,0,0,1,0.0,3.0,1.25,1.5,-0.25,-2.352873134328358,76.19126865671642
2021-11-06,2021-2022,Brentford,Norwich City,1,1,2,19,9,7,5,12,13,6,2,2,0,0,2,0.0,3.0,1.75,1.25,0.5,-2.232873134328358,73.95839552238806
2021-11-20,2021-2022,Brentford,Newcastle United,0,3,3,10,23,4,9,11,13,2,8,2,0,1,2,0.3333333333333333,2.3333333333333335,1.0,2.25,-1.25,-1.5228731343283581,72.4355223880597
2021-11-28,2021-2022,Brentford,Everton,1,1,0,6,14,4,5,8,11,3,3,4,0,3,4,1.3333333333333333,1.3333333333333333,1.0,1.25,-0.25,0.9671268656716419,73.40264925373134
2021-12-02,2021-2022,Brentford,Tottenham Hotspur,0,0,2,6,11,2,6,11,13,5,11,0,0,0,0,1.3333333333333333,1.3333333333333333,0.5,1.5,-1.0,-1.672873134328358,71.72977611940298
2021-12-05,2021-2022,Brentford,Leeds United,0,2,2,9,13,3,6,9,11,1,5,3,0,1,3,1.3333333333333333,1.3333333333333333,0.75,1.5,-0.75,-0.8928731343283581,70.83690298507463
2021-12-10,2021-2022,Brentford,Watford,1,2,1,14,6,5,2,12,18,8,2,4,0,3,4,1.3333333333333333,1.3333333333333333,1.25,0.5,0.75,1.2071268656716418,72.04402985074627
2021-12-26,2021-2022,Brentford,Brighton and Hove Albion,0,0,2,16,15,6,5,10,8,9,6,3,0,0,3,1.3333333333333333,1.3333333333333333,1.5,1.25,0.25,-1.5528731343283582,70.49115671641792
2021-12-29,2021-2022,Brentford,Manchester City,1,0,1,6,12,2,3,12,10,3,5,0,0,0,0,1.0,2.0,0.5,0.75,-0.25,-1.722873134328358,68.76828358208955
2022-01-02,2021-2022,Brentford,Aston Villa,1,2,1,10,16,4,5,17,11,3,7,2,0,3,2,1.0,2.0,1.0,1.25,-0.25,0.8571268656716418,69.6254104477612
2022-01-11,2021-2022,Brentford,Southampton,0,1,4,5,12,4,6,8,9,2,5,1,0,0,1,1.0,2.0,1.0,1.5,-0.5,-1.8428731343283582,67.78253731343284
2022-01-16,2021-2022,Brentford,Liverpool,0,0,3,6,27,1,13,6,6,0,9,1,0,0,1,1.0,2.0,0.25,3.25,-3.0,-2.4428731343283583,65.33966417910447
2022-01-19,2021-2022,Brentford,Manchester United,1,1,3,18,13,8,5,7,9,6,9,0,0,0,0,0.0,3.0,2.0,1.25,0.75,-2.052873134328358,63.28679104477612
2022-01-22,2021-2022,Brentford,Wolverhampton Wanderers,1,1,2,11,7,1,2,6,7,6,3,2,0,0,2,0.0,3.0,0.25,0.5,-0.25,-2.412873134328358,60.87391791044776
2022-02-09,2021-2022,Brentford,Manchester City,0,0,2,6,15,2,7,13,7,3,9,0,0,0,0,0.0,3.0,0.5,1.75,-1.25,-2.5328731343283577,58.3410447761194
2022-02-12,2021-2022,Brentford,Crystal Palace,1,0,0,9,6,2,3,10,10,3,9,1,0,1,1,0.3333333333333333,2.3333333333333335,0.5,0.75,-0.25,-1.2228731343283583,57.118171641791044
2022-02-19,2021-2022,Brentford,Arsenal,0,1,2,6,24,2,8,5,10,0,14,1,0,0,1,0.3333333333333333,2.3333333333333335,0.5,2.0,-1.5,-2.4228731343283583,54.69529850746268
2022-02-26,2021-2022,Brentford,Newcastle United,1,0,2,6,26,1,11,9,7,6,6,3,1,0,6,0.3333333333333333,2.3333333333333335,0.25,2.75,-2.5,-2.962873134328358,51.732425373134326
2022-03-05,2021-2022,Brentford,Norwich City,0,3,1,10,15,6,7,18,13,5,5,5,0,3,5,1.0,2.0,1.5,1.75,-0.25,0.6771268656716419,52.40955223880597
2022-03-12,2021-2022,Brentford,Burnley,1,2,0,13,7,4,1,6,10,2,9,1,0,3,1,2.0,1.0,1.0,0.25,0.75,1.7271268656716416,54.13667910447761
2022-03-20,2021-2022,Brentford,Leicester City,0,1,2,15,12,6,4,10,10,5,2,2,0,0,2,2.0,1.0,1.5,1.0,0.5,-1.092873134328358,53.04380597014925
2022-04-02,2021-2022,Brentford,Chelsea,0,4,1,17,21,6,8,7,11,7,12,0,0,3,0,2.0,1.0,1.5,2.0,-0.5,1.4871268656716417,54.53093283582089
2022-04-10,2021-2022,Brentford,West Ham United,1,2,0,15,5,7,1,2,6,4,6,0,0,3,0,2.0,1.0,1.75,0.25,1.5,1.9671268656716419,56.49805970149254
2022-04-16,2021-2022,Brentford,Watford,0,2,1,16,17,5,4,9,11,5,6,1,0,3,1,3.0,0.0,1.25,1.0,0.25,2.177126865671642,58.675186567164175
2022-04-23,2021-2022,Brentford,Tottenham Hotspur,1,0,0,15,9,2,0,8,7,12,8,2,0,1,2,2.3333333333333335,0.3333333333333333,0.5,0.0,0.5,0.03712686567164197,58.71231343283582
2022-05-02,2021-2022,Brentford,Manchester United,0,0,3,12,9,4,5,6,4,8,3,0,0,0,0,1.3333333333333333,1.3333333333333333,1.0,1.25,-0.25,-1.492873134328358,57.219440298507465
2022-05-07,2021-2022,Brentford,Southampton,1,3,0,18,19,5,4,12,9,4,7,0,0,3,0,1.3333333333333333,1.3333333333333333,1.25,1.0,0.25,1.327126865671642,58.5465671641791
2022-05-15,2021-2022,Brentford,Everton,0,3,2,18,10,7,5,8,8,2,5,3,0,3,3,2.0,1.0,1.75,1.25,0.5,1.547126865671642,60.093694029850745
2022-05-22,2021-2022,Brentford,Leeds United,1,1,2,14,14,5,6,11,13,3,2,2,1,0,5,2.0,1.0,1.25,1.5,-0.25,-1.4528731343283583,58.64082089552239
2022-08-07,2022-2023,Brentford,Leicester City,0,2,2,8,14,3,5,5,6,6,5,0,0,1,0,1.3333333333333333,1.3333333333333333,0.75,1.25,-0.5,-0.6528731343283581,57.98794776119403
2022-08-13,2022-2023,Brentford,Manchester United,1,4,0,13,15,7,4,6,15,8,2,0,0,3,0,1.3333333333333333,1.3333333333333333,1.75,1.0,0.75,1.4471268656716418,59.43507462686567
2022-08-20,2022-2023,Brentford,Fulham,0,2,3,13,18,5,9,7,13,3,6,2,0,0,2,1.3333333333333333,1.3333333333333333,1.25,2.25,-1.0,-1.7928731343283582,57.64220149253731
2022-08-27,2022-2023,Brentford,Everton,1,1,1,19,14,5,7,8,8,8,5,2,0,1,2,1.3333333333333333,1.3333333333333333,1.25,1.75,-0.5,-0.7728731343283581,56.86932835820896
2022-08-30,2022-2023,Brentford,Crystal Palace,0,1,1,9,13,3,4,8,11,6,4,2,0,1,2,0.6666666666666666,1.6666666666666667,0.75,1.0,-0.25,-1.052873134328358,55.816455223880595
2022-09-03,2022-2023,Brentford,Leeds United,1,5,2,14,17,8,6,8,9,2,6,2,0,3,2,1.6666666666666667,0.6666666666666666,2.0,1.5,0.5,1.4971268656716419,57.31358208955224
2022-09-18,2022-2023,Brentford,Arsenal,1,0,3,5,13,2,7,10,10,3,3,0,0,0,0,1.3333333333333333,1.3333333333333333,0.5,1.75,-1.25,-1.732873134328358,55.58070895522388
2022-10-01,2022-2023,Brentford,Bournemouth,0,0,0,13,7,4,1,10,11,8,7,2,0,1,2,1.3333333333333333,1.3333333333333333,1.0,0.25,0.75,-0.4728731343283581,55.107835820895524
2022-10-08,2022-2023,Brentford,Newcastle United,0,1,5,6,16,3,6,9,14,5,9,1,0,0,1,0.3333333333333333,2.3333333333333335,0.75,1.5,-0.75,-2.242873134328358,52.86496268656717
2022-10-14,2022-2023,Brentford,Brighton and Hove Albion,1,2,0,7,21,3,7,12,15,2,11,3,0,3,3,1.3333333333333333,1.3333333333333333,0.75,1.75,-1.0,0.847126865671642,53.71208955223881
2022-10-19,2022-2023,Brentford,Chelsea,1,0,0,8,14,5,5,7,7,6,2,0,0,1,0,1.3333333333333333,1.3333333333333333,1.25,1.25,0.0,-0.5328731343283581,53.179216417910446
2022-10-23,2022-2023,Brentford,Aston Villa,0,0,4,12,19,3,11,11,14,6,7,0,0,0,0,1.3333333333333333,1.3333333333333333,0.75,2.75,-2.0,-1.9128731343283578,51.26634328358209
2022-10-29,2022-2023,Brentford,Wolverhampton Wanderers,1,1,1,12,14,3,4,10,17,3,6,3,0,1,3,0.6666666666666666,1.6666666666666667,0.75,1.0,-0.25,-1.112873134328358,50.153470149253735
2022-11-05,2022-2023,Brentford,Nottingham Forest,0,2,2,6,15,2,7,11,10,3,3,2,0,1,2,0.6666666666666666,1.6666666666666667,0.5,1.75,-1.25,-1.292873134328358,48.860597014925375
2022-11-12,2022-2023,Brentford,Manchester City,0,2,1,10,29,8,6,7,9,2,10,2,0,3,2,1.6666666666666667,0.6666666666666666,2.0,1.5,0.5,1.4971268656716419,50.35772388059702
2022-12-26,2022-2023,Brentford,Tottenham Hotspur,1,2,2,9,16,5,8,11,10,6,5,3,0,1,3,1.6666666666666667,0.6666666666666666,1.25,2.0,-0.75,-0.6628731343283581,49.694850746268656
2022-12-30,2022-2023,Brentford,West Ham United,0,2,0,9,20,6,5,5,9,1,8,0,0,3,0,2.3333333333333335,0.3333333333333333,1.5,1.25,0.25,1.8971268656716418,51.5919776119403
2023-01-02,2022-2023,Brentford,Liverpool,1,3,1,10,16,7,6,5,8,4,9,1,0,3,1,2.3333333333333335,0.3333333333333333,1.75,1.5,0.25,1.8371268656716417,53.42910447761194
2023-01-14,2022-2023,Brentford,Bournemouth,1,2,0,12,7,4,2,5,9,5,3,1,0,3,1,3.0,0.0,1.0,0.5,0.5,2.237126865671642,55.666231343283584
2023-01-22,2022-2023,Brentford,Leeds United,0,0,0,6,9,0,5,18,10,3,2,2,0,1,2,2.3333333333333335,0.3333333333333333,0.0,1.25,-1.25,-0.38287313432835807,55.28335820895523
2023-02-04,2022-2023,Brentford,Southampton,1,3,0,14,14,4,6,10,9,4,4,1,0,3,1,2.3333333333333335,0.3333333333333333,1.0,1.5,-0.5,1.6571268656716416,56.94048507462687
2023-02-11,2022-2023,Brentford,Arsenal,0,1,1,9,23,2,7,9,9,4,7,2,0,1,2,1.6666666666666667,0.6666666666666666,0.5,1.75,-1.25,-0.722873134328358,56.21761194029851
2023-02-18,2022-2023,Brentford,Crystal Palace,1,1,1,12,10,5,4,10,8,2,6,2,0,1,2,1.6666666666666667,0.6666666666666666,1.25,1.0,0.25,-0.3628731343283581,55.85473880597016
2023-03-06,2022-2023,Brentford,Fulham,1,3,2,14,9,6,5,12,17,2,3,0,0,3,0,1.6666666666666667,0.6666666666666666,1.5,1.25,0.25,1.557126865671642,57.4118656716418
2023-03-11,2022-2023,Brentford,Everton,0,0,1,12,13,4,6,12,11,8,5,1,0,0,1,1.3333333333333333,1.3333333333333333,1.0,1.5,-0.5,-1.6128731343283582,55.79899253731344
2023-03-15,2022-2023,Brentford,Southampton,0,2,0,11,7,5,1,10,14,3,3,2,0,3,2,2.0,1.0,1.25,0.25,1.0,1.7271268656716416,57.52611940298509
2023-03-18,2022-2023,Brentford,Leicester City,1,1,1,11,14,2,1,10,11,8,4,1,1,1,4,1.3333333333333333,1.3333333333333333,0.5,0.25,0.25,-0.7128731343283582,56.81324626865673
2023-04-01,2022-2023,Brentford,Brighton and Hove Albion,0,3,3,7,33,5,15,10,16,0,14,1,0,1,1,1.6666666666666667,0.6666666666666666,1.25,3.75,-2.5,-0.9628731343283581,55.850373134328365
2023-04-05,2022-2023,Brentford,Manchester United,0,0,1,6,18,1,3,13,8,3,12,2,0,0,2,0.6666666666666666,1.6666666666666667,0.25,0.75,-0.5,-2.012873134328358,53.837500000000006
2023-04-08,2022-2023,Brentford,Newcastle United,1,1,2,12,10,6,4,10,15,6,5,0,0,0,0,0.3333333333333333,2.3333333333333335,1.5,1.0,0.5,-1.882873134328358,51.954626865671656
2023-04-15,2022-2023,Brentford,Wolverhampton Wanderers,0,0,2,10,11,3,9,8,12,2,5,1,0,0,1,0.0,3.0,0.75,2.25,-1.5,-2.6528731343283583,49.3017537313433
2023-04-22,2022-2023,Brentford,Aston Villa,1,1,1,6,14,5,2,12,8,8,4,3,0,1,3,0.3333333333333333,2.3333333333333335,1.25,0.5,0.75,-1.1028731343283582,48.198880597014934
2023-04-26,2022-2023,Brentford,Chelsea,0,2,0,7,15,1,4,13,5,2,5,2,0,3,2,1.3333333333333333,1.3333333333333333,0.25,1.0,-0.75,0.9671268656716421,49.16600746268658
2023-04-29,2022-2023,Brentford,Nottingham Forest,1,2,1,14,5,8,3,6,13,6,0,1,0,3,1,2.3333333333333335,0.3333333333333333,2.0,0.75,1.25,2.0771268656716417,51.24313432835822
2023-05-06,2022-2023,Brentford,Liverpool,0,0,1,5,15,1,5,10,19,3,7,2,0,0,2,2.0,1.0,0.25,1.25,-1.0,-1.4528731343283583,49.79026119402986
2023-05-14,2022-2023,Brentford,West Ham United,1,2,0,24,4,10,4,5,5,7,5,1,0,3,1,2.0,1.0,2.5,1.0,1.5,1.9071268656716418,51.6973880597015
2023-05-20,2022-2023,Brentford,Tottenham Hotspur,0,3,1,11,22,4,8,9,11,2,8,1,0,3,1,2.0,1.0,1.0,2.0,-1.0,1.3071268656716417,53.004514925373144
2023-05-28,2022-2023,Brentford,Manchester City,1,1,0,11,17,4,3,12,8,3,4,4,0,3,4,3.0,0.0,1.0,0.75,0.25,1.9971268656716419,55.00164179104479
2023-08-13,2023-2024,Brentford,Tottenham Hotspur,1,2,2,11,18,6,6,12,13,3,6,1,0,1,1,2.3333333333333335,0.3333333333333333,1.5,1.5,0.0,-0.022873134328358028,54.978768656716426
2023-08-19,2023-2024,Brentford,Fulham,0,3,0,17,10,8,2,12,13,5,5,2,0,3,2,2.3333333333333335,0.3333333333333333,2.0,0.5,1.5,2.0771268656716417,57.05589552238807
2023-08-26,2023-2024,Brentford,Crystal Palace,1,1,1,12,15,1,5,9,15,8,6,0,0,1,0,1.6666666666666667,0.6666666666666666,0.25,1.25,-1.0,-0.542873134328358,56.51302238805971
2023-09-02,2023-2024,Brentford,Bournemouth,1,2,2,21,12,7,5,6,13,5,2,1,0,1,1,1.6666666666666667,0.6666666666666666,1.75,1.25,0.5,-0.24287313432835808,56.270149253731354
2023-09-16,2023-2024,Brentford,Newcastle United,0,0,1,11,9,2,2,12,8,3,8,5,0,0,5,0.6666666666666666,1.6666666666666667,0.5,0.5,0.0,-2.072873134328358,54.197276119403
2023-09-23,2023-2024,Brentford,Everton,1,1,3,12,18,2,6,9,12,1,4,2,0,0,2,0.3333333333333333,2.3333333333333335,0.5,1.5,-1.0,-2.362873134328358,51.83440298507464
2023-10-01,2023-2024,Brentford,Nottingham Forest,0,1,1,18,6,5,1,10,6,11,1,2,0,1,2,0.3333333333333333,2.3333333333333335,1.25,0.25,1.0,-0.9828731343283581,50.85152985074628
2023-10-07,2023-2024,Brentford,Manchester United,0,1,2,11,21,3,8,17,10,5,7,5,0,0,5,0.3333333333333333,2.3333333333333335,0.75,2.0,-1.25,-2.602873134328358,48.248656716417926
2023-10-21,2023-2024,Brentford,Burnley,1,3,0,23,6,10,1,14,12,5,5,5,0,3,5,1.3333333333333333,1.3333333333333333,2.5,0.25,2.25,1.507126865671642,49.75578358208956
2023-10-28,2023-2024,Brentford,Chelsea,0,2,0,7,17,5,2,7,12,1,10,4,0,3,4,2.0,1.0,1.25,0.5,0.75,1.5471268656716417,51.30291044776121
2023-11-04,2023-2024,Brentford,West Ham United,1,3,2,16,12,4,2,12,14,4,3,1,0,3,1,3.0,0.0,1.0,0.5,0.5,2.237126865671642,53.54003731343285
2023-11-12,2023-2024,Brentford,Liverpool,0,0,3,16,17,3,10,12,16,8,6,2,0,0,2,2.0,1.0,0.75,2.5,-1.75,-1.6328731343283585,51.907164179104484
2023-11-25,2023-2024,Brentford,Arsenal,1,0,1,9,15,3,4,9,7,1,8,1,0,0,1,1.0,2.0,0.75,1.0,-0.25,-1.7828731343283581,50.12429104477613
2023-12-02,2023-2024,Brentford,Luton Town,1,3,1,27,7,6,1,10,8,7,5,1,0,3,1,1.0,2.0,1.5,0.25,1.25,1.277126865671642,51.40141791044777
2023-12-06,2023-2024,Brentford,Brighton and Hove Albion,0,1,2,8,18,2,7,8,10,3,7,1,0,0,1,1.0,2.0,0.5,1.75,-1.25,-2.022873134328358,49.37854477611941
2023-12-09,2023-2024,Brentford,Sheffield United,0,0,1,10,9,4,4,13,14,4,3,1,0,0,1,1.0,2.0,1.0,1.0,0.0,-1.722873134328358,47.65567164179105
2023-12-17,2023-2024,Brentford,Aston Villa,1,1,2,4,15,3,5,19,6,7,12,6,1,0,9,0.0,3.0,0.75,1.25,-0.5,-2.8928731343283585,44.76279850746269
2023-12-27,2023-2024,Brentford,Wolverhampton Wanderers,1,1,4,14,11,4,5,5,14,8,2,1,0,0,1,0.0,3.0,1.0,1.25,-0.25,-2.352873134328358,42.409925373134335
2023-12-30,2023-2024,Brentford,Crystal Palace,0,1,3,9,13,4,6,10,14,4,7,1,0,0,1,0.0,3.0,1.0,1.5,-0.5,-2.412873134328358,39.99705223880598
2024-01-20,2023-2024,Brentford,Nottingham Forest,1,3,2,11,12,5,3,10,14,6,4,1,0,3,1,1.0,2.0,1.25,0.75,0.5,1.097126865671642,41.09417910447762
2024-01-31,2023-2024,Brentford,Tottenham Hotspur,0,2,3,9,19,5,5,15,13,3,5,3,0,0,3,1.0,2.0,1.25,1.25,0.0,-1.8428731343283578,39.25130597014926
2024-02-05,2023-2024,Brentford,Manchester City,1,1,3,9,25,3,15,2,4,8,13,1,0,0,1,1.0,2.0,0.75,3.75,-3.0,-2.4428731343283583,36.8084328358209
2024-02-10,2023-2024,Brentford,Wolverhampton Wanderers,0,2,0,9,17,6,5,9,11,4,7,3,0,3,3,1.0,2.0,1.5,1.25,0.25,0.9171268656716418,37.72555970149254
2024-02-17,2023-2024,Brentford,Liverpool,1,1,4,15,15,6,8,4,18,1,6,2,0,0,2,1.0,2.0,1.5,2.0,-0.5,-1.9028731343283583,35.82268656716418
2024-02-20,2023-2024,Brentford,Manchester City,0,0,1,6,25,2,11,6,12,1,10,4,0,0,4,1.0,2.0,0.5,2.75,-2.25,-2.4428731343283583,33.379813432835824
2024-02-26,2023-2024,Brentford,West Ham United,0,2,4,14,17,8,6,9,5,7,1,2,0,0,2,0.0,3.0,2.0,1.5,0.5,-2.232873134328358,31.146940298507467
2024-03-02,2023-2024,Brentford,Chelsea,1,2,2,14,17,5,6,10,9,0,6,3,0,1,3,0.3333333333333333,2.3333333333333335,1.25,1.5,-0.25,-1.342873134328358,29.80406716417911
2024-03-09,2023-2024,Brentford,Arsenal,0,1,2,9,17,4,6,10,9,4,10,4,0,0,4,0.3333333333333333,2.3333333333333335,1.0,1.5,-0.5,-2.362873134328358,27.44119402985075
2024-03-16,2023-2024,Brentford,Burnley,0,1,2,9,17,5,6,17,14,4,5,4,1,0,7,0.3333333333333333,2.3333333333333335,1.25,1.5,-0.25,-2.482873134328358,24.95832089552239
2024-03-30,2023-2024,Brentford,Manchester United,1,1,1,31,11,5,5,7,14,14,4,2,0,1,2,0.3333333333333333,2.3333333333333335,1.25,1.25,0.0,-1.2228731343283579,23.73544776119403
2024-04-03,2023-2024,Brentford,Brighton and Hove Albion,1,0,0,5,24,2,6,9,12,1,5,1,0,1,1,0.6666666666666666,1.6666666666666667,0.5,1.5,-1.0,-1.172873134328358,22.562574626865675
2024-04-06,2023-2024,Brentford,Aston Villa,0,3,3,8,11,3,3,11,15,3,11,2,0,1,2,1.0,1.0,0.75,0.75,0.0,-0.762873134328358,21.799701492537316
2024-04-13,2023-2024,Brentford,Sheffield United,1,2,0,9,8,5,2,8,11,3,6,3,0,3,3,1.6666666666666667,0.6666666666666666,1.25,0.5,0.75,1.4971268656716419,23.296828358208955
2024-04-20,2023-2024,Brentford,Luton Town,0,5,1,21,6,9,3,9,13,9,4,2,0,3,2,2.3333333333333335,0.3333333333333333,2.25,0.75,1.5,2.0771268656716417,25.3739552238806
2024-04-27,2023-2024,Brentford,Everton,0,0,1,10,18,4,1,12,10,6,6,2,0,0,2,2.0,1.0,1.0,0.25,0.75,-1.032873134328358,24.341082089552245
2024-05-04,2023-2024,Brentford,Fulham,1,0,0,7,15,3,3,3,6,7,6,1,0,1,1,1.3333333333333333,1.3333333333333333,0.75,0.75,0.0,-0.5928731343283581,23.748208955223888
2024-05-11,2023-2024,Brentford,Bournemouth,0,2,1,11,13,5,4,12,16,8,3,2,0,3,2,1.3333333333333333,1.3333333333333333,1.25,1.0,0.25,1.2071268656716418,24.955335820895527
2024-05-19,2023-2024,Brentford,Newcastle United,1,2,4,10,12,5,7,15,11,3,0,4,0,0,4,1.3333333333333333,1.3333333333333333,1.25,1.75,-0.5,-1.7928731343283582,23.162462686567167
2024-08-18,2024-2025,Brentford,Crystal Palace,1,2,1,9,14,5,6,6,15,4,7,1,0,3,1,2.0,1.0,1.25,1.5,-0.25,1.4871268656716417,24.649589552238808
2024-08-25,2024-2025,Brentford,Liverpool,0,0,2,8,19,2,8,7,10,4,9,3,0,0,3,1.0,2.0,0.5,2.0,-1.5,-2.202873134328358,22.44671641791045
2024-08-31,2024-2025,Brentford,Southampton,1,3,1,20,18,7,6,10,7,2,8,2,0,3,2,2.0,1.0,1.75,1.5,0.25,1.5471268656716417,23.993843283582095
2024-09-14,2024-2025,Brentford,Manchester City,0,1,2,8,18,5,7,3,9,3,12,1,0,0,1,1.0,2.0,1.25,1.75,-0.5,-1.8428731343283582,22.150970149253737
2024-09-21,2024-2025,Brentford,Tottenham Hotspur,0,1,3,6,23,6,10,9,11,4,9,1,0,0,1,1.0,2.0,1.5,2.5,-1.0,-1.9628731343283579,20.188097014925383
2024-09-28,2024-2025,Brentford,West Ham United,1,1,1,8,19,3,3,2,11,7,7,2,0,1,2,0.3333333333333333,2.3333333333333335,0.75,0.75,0.0,-1.2228731343283579,18.965223880597023
2024-10-05,2024-2025,Brentford,Wolverhampton Wanderers,1,5,3,19,17,12,6,9,10,10,3,2,0,3,2,1.3333333333333333,1.3333333333333333,3.0,1.5,1.5,1.507126865671642,20.472350746268667
2024-10-19,2024-2025,Brentford,Manchester United,0,1,2,8,23,2,11,5,14,2,9,2,0,0,2,1.3333333333333333,1.3333333333333333,0.5,2.75,-2.25,-2.092873134328358,18.37947761194031
2024-10-26,2024-2025,Brentford,Ipswich Town,1,4,3,20,11,9,5,7,10,5,5,0,0,3,0,2.0,1.0,2.25,1.25,1.0,1.8471268656716417,20.22660447761195
2024-11-04,2024-2025,Brentford,Fulham,0,1,2,5,26,2,12,10,3,3,11,1,0,0,1,1.0,2.0,0.5,3.0,-2.5,-2.322873134328358,17.90373134328359
2024-11-09,2024-2025,Brentford,Bournemouth,1,3,2,12,15,6,3,8,16,6,4,2,0,3,2,2.0,1.0,1.5,0.75,0.75,1.6671268656716416,19.57085820895523
2024-11-23,2024-2025,Brentford,Everton,0,0,0,9,27,2,5,10,8,4,10,0,1,1,3,1.3333333333333333,1.3333333333333333,0.5,1.25,-0.75,-0.8928731343283581,18.677985074626868
2024-11-30,2024-2025,Brentford,Leicester City,1,4,1,13,7,6,3,9,10,5,4,1,0,3,1,2.3333333333333335,0.3333333333333333,1.5,0.75,0.75,1.9571268656716416,20.635111940298508
2024-12-04,2024-2025,Brentford,Aston Villa,0,1,3,9,20,1,10,15,11,5,10,2,0,0,2,1.3333333333333333,1.3333333333333333,0.25,2.5,-2.25,-2.092873134328358,18.54223880597015
2024-12-07,2024-2025,Brentford,Newcastle United,1,4,2,11,16,8,3,10,7,3,4,3,0,3,3,2.0,1.0,2.0,0.75,1.25,1.7271268656716419,20.269365671641793
2024-12-15,2024-2025,Brentford,Chelsea,0,1,2,9,26,4,8,7,11,5,8,2,0,0,2,1.0,2.0,1.0,2.0,-1.0,-2.022873134328358,18.246492537313436
2024-12-21,2024-2025,Brentford,Nottingham Forest,1,0,2,7,10,3,6,9,14,9,5,3,0,0,3,1.0,2.0,0.75,1.5,-0.75,-2.022873134328358,16.22361940298508
2024-12-27,2024-2025,Brentford,Brighton and Hove Albion,0,0,0,8,24,3,7,12,6,3,5,2,0,1,2,0.3333333333333333,2.3333333333333335,0.75,1.75,-1.0,-1.4628731343283579,14.760746268656717
2025-01-01,2024-2025,Brentford,Arsenal,1,1,3,5,14,2,5,6,8,4,3,1,0,0,1,0.3333333333333333,2.3333333333333335,0.5,1.25,-0.75,-2.242873134328358,12.517873134328354
2025-01-04,2024-2025,Brentford,Southampton,0,5,0,20,8,11,1,4,10,2,2,0,0,3,0,1.3333333333333333,1.3333333333333333,2.75,0.25,2.5,1.8671268656716418,14.384999999999991
2025-01-14,2024-2025,Brentford,Manchester City,1,2,2,18,21,6,8,4,4,4,5,0,0,1,0,1.3333333333333333,1.3333333333333333,1.5,2.0,-0.5,-0.6528731343283581,13.732126865671631
2025-01-18,2024-2025,Brentford,Liverpool,1,0,2,11,37,6,8,6,14,2,15,2,0,0,2,1.3333333333333333,1.3333333333333333,1.5,2.0,-0.5,-1.6728731343283583,12.059253731343276
2025-01-26,2024-2025,Brentford,Crystal Palace,0,2,1,13,16,6,5,11,8,7,4,2,0,3,2,1.3333333333333333,1.3333333333333333,1.5,1.25,0.25,1.2071268656716418,13.266380597014916
2025-02-02,2024-2025,Brentford,Tottenham Hotspur,1,0,2,20,13,4,2,4,11,10,3,0,0,0,0,1.0,2.0,1.0,0.5,0.5,-1.542873134328358,11.723507462686555
2025-02-15,2024-2025,Brentford,West Ham United,0,1,0,14,13,5,3,13,10,2,9,1,0,3,1,2.0,1.0,1.25,0.75,0.5,1.6671268656716418,13.390634328358203
2025-02-21,2024-2025,Brentford,Leicester City,0,4,0,14,8,6,3,10,10,6,5,0,0,3,0,2.0,1.0,1.5,0.75,0.75,1.7871268656716417,15.177761194029841
2025-02-26,2024-2025,Brentford,Everton,1,1,1,12,14,3,4,3,6,2,5,2,0,1,2,2.3333333333333335,0.3333333333333333,0.75,1.0,-0.25,-0.14287313432835805,15.034888059701487
2025-03-08,2024-2025,Brentford,Aston Villa,1,0,1,13,12,3,4,10,5,6,5,2,0,0,2,1.3333333333333333,1.3333333333333333,0.75,1.0,-0.25,-1.6128731343283582,13.422014925373134
2025-03-15,2024-2025,Brentford,Bournemouth,0,2,1,10,17,4,5,7,13,3,4,0,0,3,0,1.3333333333333333,1.3333333333333333,1.0,1.25,-0.25,1.2071268656716418,14.629141791044773
2025-04-02,2024-2025,Brentford,Newcastle United,0,1,2,12,21,3,4,12,12,5,4,1,0,0,1,1.0,2.0,0.75,1.0,-0.25,-1.7828731343283581,12.846268656716418
2025-04-06,2024-2025,Brentford,Chelsea,1,0,0,9,21,2,5,12,12,3,6,1,0,1,1,1.3333333333333333,1.3333333333333333,0.5,1.25,-0.75,-0.7728731343283581,12.073395522388054
2025-04-12,2024-2025,Brentford,Arsenal,0,1,1,3,14,2,3,9,7,5,13,3,0,1,3,0.6666666666666666,1.6666666666666667,0.5,0.75,-0.25,-1.112873134328358,10.960522388059701
2025-04-19,2024-2025,Brentford,Brighton and Hove Albion,1,4,2,16,12,8,3,7,11,4,8,3,0,3,3,1.6666666666666667,0.6666666666666666,2.0,0.75,1.25,1.617126865671642,12.577649253731337
2025-05-01,2024-2025,Brentford,Nottingham Forest,0,2,0,11,14,3,5,12,10,5,4,5,0,3,5,2.3333333333333335,0.3333333333333333,0.75,1.25,-0.5,1.4171268656716416,13.994776119402985
2025-05-04,2024-2025,Brentford,Manchester United,1,4,3,12,14,6,5,8,10,7,4,0,0,3,0,3.0,0.0,1.5,1.25,0.25,2.237126865671642,16.231902985074626
2025-05-10,2024-2025,Brentford,Ipswich Town,0,1,0,15,11,5,4,12,6,6,5,4,0,3,4,3.0,0.0,1.25,1.0,0.25,1.9971268656716419,18.229029850746265
2025-05-18,2024-2025,Brentford,Fulham,1,2,3,11,16,6,7,12,8,5,3,4,0,0,4,2.0,1.0,1.5,1.75,-0.25,-1.3928731343283582,16.836156716417904
2025-05-25,2024-2025,Brentford,Wolverhampton Wanderers,0,1,1,13,18,7,6,9,7,3,8,1,0,1,1,1.3333333333333333,1.3333333333333333,1.75,1.5,0.25,-0.5328731343283581,16.30328358208955
2025-08-17,2025-2026,Brentford,Nottingham Forest,0,1,3,10,11,3,5,15,7,5,5,2,0,0,2,0.3333333333333333,2.3333333333333335,0.75,1.25,-0.5,-2.242873134328358,14.060410447761186
2025-08-23,2025-2026,Brentford,Aston Villa,1,1,0,9,17,2,2,11,9,2,9,1,0,3,1,1.3333333333333333,1.3333333333333333,0.5,0.5,0.0,1.2071268656716418,15.267537313432825
2025-08-30,2025-2026,Brentford,Sunderland,0,1,2,7,12,4,3,12,11,4,3,2,0,0,2,1.0,2.0,1.0,0.75,0.25,-1.722873134328358,13.544664179104473
2025-09-13,2025-2026,Brentford,Chelsea,1,2,2,7,16,4,6,13,9,5,6,3,0,1,3,1.3333333333333333,1.3333333333333333,1.0,1.5,-0.5,-0.8328731343283582,12.71179104477612
2025-09-20,2025-2026,Brentford,Fulham,0,1,3,8,14,3,3,13,11,10,2,1,0,0,1,0.3333333333333333,2.3333333333333335,0.75,0.75,0.0,-2.062873134328358,10.648917910447764
2025-09-27,2025-2026,Brentford,Manchester United,1,3,1,10,14,8,6,14,10,4,2,2,0,3,2,1.3333333333333333,1.3333333333333333,2.0,1.5,0.5,1.267126865671642,11.916044776119406
2025-10-05,2025-2026,Brentford,Manchester City,1,0,1,6,10,1,4,10,6,3,2,3,0,0,3,1.0,2.0,0.25,1.0,-0.75,-2.022873134328358,9.893171641791042
2025-10-20,2025-2026,Brentford,West Ham United,0,2,0,22,7,7,1,10,10,10,6,1,0,3,1,2.0,1.0,1.75,0.25,1.5,1.9071268656716418,11.800298507462685
2025-10-25,2025-2026,Brentford,Liverpool,1,3,2,17,18,8,5,7,10,5,4,3,0,3,3,2.0,1.0,2.0,1.25,0.75,1.6071268656716418,13.40742537313433
2025-11-01,2025-2026,Brentford,Crystal Palace,0,0,2,6,9,2,2,11,7,5,6,3,0,0,3,2.0,1.0,0.5,0.5,0.0,-1.2728731343283581,12.134552238805966
2025-11-09,2025-2026,Brentford,Newcastle United,1,3,1,15,5,7,1,10,13,6,2,2,0,3,2,2.0,1.0,1.75,0.25,1.5,1.8471268656716417,13.981679104477607
2020-09-14,2020-2021,Brighton and Hove Albion,Chelsea,1,1,3,13,10,3,5,8,13,4,3,1,0,0,1,0.0,3.0,0.75,1.25,-0.5,-2.412873134328358,85.58712686567164
2020-09-20,2020-2021,Brighton and Hove Albion,Newcastle United,0,3,0,13,6,6,0,15,16,1,7,0,1,3,3,1.5,1.5,1.5,0.0,1.5,1.5021268656716418,87.08925373134328
2020-09-26,2020-2021,Brighton and Hove Albion,Manchester United,1,2,3,18,7,5,3,18,16,7,1,4,0,0,4,1.0,2.0,1.25,0.75,0.5,-1.782873134328358,85.30638059701492
2020-10-03,2020-2021,Brighton and Hove Albion,Everton,0,2,4,11,11,3,6,14,13,10,3,1,0,0,1,1.0,2.0,0.75,1.5,-0.75,-1.9028731343283578,83.40350746268656
2020-10-18,2020-2021,Brighton and Hove Albion,Crystal Palace,0,1,1,20,1,3,1,12,13,5,2,2,1,1,5,0.3333333333333333,2.3333333333333335,0.75,0.25,0.5,-1.282873134328358,82.12063432835821
2020-10-26,2020-2021,Brighton and Hove Albion,West Brom,1,1,1,5,9,3,3,14,7,6,2,2,0,1,2,0.6666666666666666,1.6666666666666667,0.75,0.75,0.0,-0.992873134328358,81.12776119402986
2020-11-01,2020-2021,Brighton and Hove Albion,Tottenham Hotspur,0,1,2,6,9,2,3,13,14,5,4,1,0,0,1,0.6666666666666666,1.6666666666666667,0.5,0.75,-0.25,-1.8928731343283582,79.23488805970149
2020-11-06,2020-2021,Brighton and Hove Albion,Burnley,1,0,0,19,4,3,1,11,5,5,3,1,0,1,1,0.6666666666666666,1.6666666666666667,0.75,0.25,0.5,-0.8128731343283581,78.42201492537313
2020-11-21,2020-2021,Brighton and Hove Albion,Aston Villa,0,2,1,7,15,3,4,18,5,3,12,1,1,3,4,1.3333333333333333,1.3333333333333333,0.75,1.0,-0.25,0.9671268656716419,79.38914179104478
2020-11-28,2020-2021,Brighton and Hove Albion,Liverpool,1,1,1,11,6,3,2,9,13,4,3,2,0,1,2,1.6666666666666667,0.6666666666666666,0.75,0.5,0.25,-0.3628731343283581,79.02626865671641
2020-12-07,2020-2021,Brighton and Hove Albion,Southampton,1,1,2,12,10,4,3,12,12,4,3,3,0,0,3,1.3333333333333333,1.3333333333333333,1.0,0.75,0.25,-1.5528731343283582,77.47339552238806
2020-12-13,2020-2021,Brighton and Hove Albion,Leicester City,0,0,3,12,15,4,6,11,9,5,9,1,0,0,1,0.3333333333333333,2.3333333333333335,1.0,1.5,-0.5,-2.182873134328358,75.2905223880597
2020-12-16,2020-2021,Brighton and Hove Albion,Fulham,0,0,0,9,9,4,4,11,15,8,1,0,0,1,0,0.3333333333333333,2.3333333333333335,1.0,1.0,0.0,-1.1028731343283582,74.18764925373134
2020-12-20,2020-2021,Brighton and Hove Albion,Sheffield United,1,1,1,21,5,5,3,9,11,14,2,1,0,1,1,0.6666666666666666,1.6666666666666667,1.25,0.75,0.5,-0.8128731343283581,73.37477611940298
2020-12-27,2020-2021,Brighton and Hove Albion,West Ham United,0,2,2,13,11,4,4,8,6,4,5,0,0,1,0,1.0,1.0,1.0,1.0,0.0,-0.642873134328358,72.73190298507463
2020-12-29,2020-2021,Brighton and Hove Albion,Arsenal,1,0,1,13,11,2,3,11,4,5,4,2,0,0,2,0.6666666666666666,1.6666666666666667,0.5,0.75,-0.25,-1.9528731343283583,70.77902985074627
2021-01-02,2020-2021,Brighton and Hove Albion,Wolverhampton Wanderers,1,3,3,13,11,4,4,13,8,5,8,2,0,1,2,0.6666666666666666,1.6666666666666667,1.0,1.0,0.0,-0.992873134328358,69.7861567164179
2021-01-13,2020-2021,Brighton and Hove Albion,Manchester City,0,0,1,5,16,1,6,12,4,4,8,2,0,0,2,0.3333333333333333,2.3333333333333335,0.25,1.5,-1.25,-2.4228731343283583,67.36328358208955
2021-01-16,2020-2021,Brighton and Hove Albion,Leeds United,0,1,0,7,7,2,2,9,8,2,5,1,0,3,1,1.3333333333333333,1.3333333333333333,0.5,0.5,0.0,1.2071268656716418,68.57041044776119
2021-01-27,2020-2021,Brighton and Hove Albion,Fulham,1,0,0,16,10,5,3,10,14,10,0,2,0,1,2,1.3333333333333333,1.3333333333333333,1.25,0.75,0.5,-0.5328731343283581,68.03753731343284
2021-01-31,2020-2021,Brighton and Hove Albion,Tottenham Hotspur,1,1,0,16,8,5,4,11,11,9,2,2,0,3,2,2.3333333333333335,0.3333333333333333,1.25,1.0,0.25,1.7771268656716417,69.81466417910448
2021-02-03,2020-2021,Brighton and Hove Albion,Liverpool,0,1,0,13,11,4,1,6,12,3,6,0,0,3,0,2.3333333333333335,0.3333333333333333,1.0,0.25,0.75,2.0171268656716417,71.83179104477611
2021-02-06,2020-2021,Brighton and Hove Albion,Burnley,0,1,1,10,20,2,7,10,8,7,8,0,0,1,0,2.3333333333333335,0.3333333333333333,0.5,1.75,-1.25,-0.262873134328358,71.56891791044777
2021-02-13,2020-2021,Brighton and Hove Albion,Aston Villa,1,0,0,26,4,9,1,16,12,9,2,2,0,1,2,1.6666666666666667,0.6666666666666666,2.25,0.25,2.0,0.05712686567164193,71.6260447761194
2021-02-22,2020-2021,Brighton and Hove Albion,Crystal Palace,1,1,2,25,3,5,2,11,6,13,0,2,0,0,2,0.6666666666666666,1.6666666666666667,1.25,0.5,0.75,-1.7128731343283583,69.91317164179104
2021-02-27,2020-2021,Brighton and Hove Albion,West Brom,0,0,1,15,6,6,2,12,11,4,7,0,0,0,0,0.3333333333333333,2.3333333333333335,1.5,0.5,1.0,-1.7628731343283581,68.15029850746268
2021-03-06,2020-2021,Brighton and Hove Albion,Leicester City,1,1,2,7,8,2,4,14,8,6,6,0,0,0,0,0.0,3.0,0.5,1.0,-0.5,-2.352873134328358,65.79742537313433
2021-03-14,2020-2021,Brighton and Hove Albion,Southampton,0,2,1,8,9,6,4,10,11,5,4,0,0,3,0,1.0,2.0,1.5,1.0,0.5,1.157126865671642,66.95455223880597
2021-03-20,2020-2021,Brighton and Hove Albion,Newcastle United,1,3,0,11,3,6,1,12,5,3,1,0,0,3,0,2.0,1.0,1.5,0.25,1.25,1.9071268656716418,68.86167910447762
2021-04-04,2020-2021,Brighton and Hove Albion,Manchester United,0,1,2,5,15,3,7,7,14,6,5,2,0,0,2,2.0,1.0,0.75,1.75,-1.0,-1.4528731343283583,67.40880597014925
2021-04-12,2020-2021,Brighton and Hove Albion,Everton,1,0,0,23,8,3,1,12,7,10,3,1,0,1,1,1.3333333333333333,1.3333333333333333,0.75,0.25,0.5,-0.4728731343283581,66.93593283582089
2021-04-20,2020-2021,Brighton and Hove Albion,Chelsea,0,0,0,11,7,2,4,9,8,3,0,0,1,1,3,0.6666666666666666,1.6666666666666667,0.5,1.0,-0.5,-1.172873134328358,65.76305970149254
2021-04-24,2020-2021,Brighton and Hove Albion,Sheffield United,0,0,1,17,7,4,3,7,13,12,2,0,0,0,0,0.6666666666666666,1.6666666666666667,1.0,0.75,0.25,-1.712873134328358,64.05018656716418
2021-05-01,2020-2021,Brighton and Hove Albion,Leeds United,1,2,0,17,11,5,2,17,6,2,9,1,0,3,1,1.3333333333333333,1.3333333333333333,1.25,0.5,0.75,1.3871268656716418,65.43731343283582
2021-05-09,2020-2021,Brighton and Hove Albion,Wolverhampton Wanderers,0,1,2,5,16,3,6,7,12,5,10,2,2,0,8,1.0,2.0,0.75,1.5,-0.75,-2.3228731343283577,63.11444029850746
2021-05-15,2020-2021,Brighton and Hove Albion,West Ham United,1,1,1,10,15,2,3,7,5,3,3,1,0,1,1,1.3333333333333333,1.3333333333333333,0.5,0.75,-0.25,-0.6528731343283581,62.4615671641791
2021-05-18,2020-2021,Brighton and Hove Albion,Manchester City,1,3,2,19,8,6,4,13,11,5,3,3,0,3,3,1.3333333333333333,1.3333333333333333,1.5,1.0,0.5,1.207126865671642,63.66869402985074
2021-05-23,2020-2021,Brighton and Hove Albion,Arsenal,0,0,2,5,16,1,5,8,10,3,11,0,0,0,0,1.3333333333333333,1.3333333333333333,0.25,1.25,-1.0,-1.672873134328358,61.995820895522385
2021-08-14,2021-2022,Brighton and Hove Albion,Burnley,0,2,1,14,14,8,3,7,10,6,7,1,0,3,1,2.0,1.0,2.0,0.75,1.25,1.8471268656716417,63.842947761194026
2021-08-21,2021-2022,Brighton and Hove Albion,Watford,1,2,0,13,10,3,1,11,6,7,2,4,0,3,4,2.0,1.0,0.75,0.25,0.5,1.4871268656716419,65.33007462686567
2021-08-28,2021-2022,Brighton and Hove Albion,Everton,1,0,2,14,14,3,5,7,9,4,5,1,0,0,1,2.0,1.0,0.75,1.25,-0.5,-1.2728731343283581,64.0572014925373
2021-09-11,2021-2022,Brighton and Hove Albion,Brentford,0,1,0,4,7,2,1,12,9,6,1,2,0,3,2,2.0,1.0,0.5,0.25,0.25,1.5471268656716417,65.60432835820896
2021-09-19,2021-2022,Brighton and Hove Albion,Leicester City,1,2,1,12,14,5,3,8,10,4,9,2,0,3,2,2.0,1.0,1.25,0.75,0.5,1.6071268656716418,67.21145522388059
2021-09-27,2021-2022,Brighton and Hove Albion,Crystal Palace,0,1,1,8,8,4,3,10,12,5,6,3,0,1,3,2.3333333333333335,0.3333333333333333,1.0,0.75,0.25,-0.08287313432835805,67.12858208955224
2021-10-02,2021-2022,Brighton and Hove Albion,Arsenal,1,0,0,21,8,2,2,8,5,8,5,2,0,1,2,1.6666666666666667,0.6666666666666666,0.5,0.5,0.0,-0.42287313432835805,66.70570895522388
2021-10-16,2021-2022,Brighton and Hove Albion,Norwich City,0,0,0,11,15,3,3,14,5,4,8,5,0,1,5,1.0,1.0,0.75,0.75,0.0,-0.9428731343283581,65.76283582089552
2021-10-23,2021-2022,Brighton and Hove Albion,Manchester City,1,1,4,10,23,5,14,10,6,7,6,2,0,0,2,0.6666666666666666,1.6666666666666667,1.25,3.5,-2.25,-2.432873134328358,63.32996268656716
2021-10-30,2021-2022,Brighton and Hove Albion,Liverpool,0,2,2,9,14,6,3,5,8,3,5,2,0,1,2,0.6666666666666666,1.6666666666666667,1.5,0.75,0.75,-0.8128731343283581,62.5170895522388
2021-11-06,2021-2022,Brighton and Hove Albion,Newcastle United,1,1,1,14,6,5,1,16,10,2,5,3,1,1,6,0.6666666666666666,1.6666666666666667,1.25,0.25,1.0,-0.9928731343283582,61.52421641791044
2021-11-20,2021-2022,Brighton and Hove Albion,Aston Villa,0,0,2,6,9,2,5,13,7,7,5,3,0,0,3,0.6666666666666666,1.6666666666666667,0.5,1.25,-0.75,-2.132873134328358,59.39134328358209
2021-11-27,2021-2022,Brighton and Hove Albion,Leeds United,1,0,0,20,11,4,4,12,14,6,1,1,0,1,1,0.6666666666666666,1.6666666666666667,1.0,1.0,0.0,-0.9328731343283582,58.45847014925373
2021-12-01,2021-2022,Brighton and Hove Albion,West Ham United,0,1,1,9,14,3,6,8,10,5,9,1,0,1,1,0.6666666666666666,1.6666666666666667,0.75,1.5,-0.75,-1.112873134328358,57.345597014925374
2021-12-04,2021-2022,Brighton and Hove Albion,Southampton,0,1,1,14,14,4,4,12,15,2,6,2,0,1,2,1.0,1.0,1.0,1.0,0.0,-0.762873134328358,56.582723880597015
2021-12-15,2021-2022,Brighton and Hove Albion,Wolverhampton Wanderers,1,0,1,12,8,2,5,11,14,7,4,2,0,0,2,0.6666666666666666,1.6666666666666667,0.5,1.25,-0.75,-2.072873134328358,54.509850746268654
2021-12-26,2021-2022,Brighton and Hove Albion,Brentford,1,2,0,15,16,5,6,8,10,6,9,1,0,3,1,1.3333333333333333,1.3333333333333333,1.25,1.5,-0.25,1.1471268656716418,55.6569776119403
2021-12-29,2021-2022,Brighton and Hove Albion,Chelsea,0,1,1,18,11,6,5,7,14,8,10,1,0,1,1,1.3333333333333333,1.3333333333333333,1.5,1.25,0.25,-0.5328731343283581,55.124104477611944
2022-01-02,2021-2022,Brighton and Hove Albion,Everton,0,3,2,12,17,5,6,12,5,5,8,1,0,3,1,2.3333333333333335,0.3333333333333333,1.25,1.5,-0.25,1.7171268656716416,56.84123134328358
2022-01-14,2021-2022,Brighton and Hove Albion,Crystal Palace,1,1,1,19,3,4,1,11,7,9,0,0,0,1,0,1.6666666666666667,0.6666666666666666,1.0,0.25,0.75,-0.12287313432835806,56.71835820895522
2022-01-18,2021-2022,Brighton and Hove Albion,Chelsea,1,1,1,10,15,2,3,8,5,5,7,1,0,1,1,1.6666666666666667,0.6666666666666666,0.5,0.75,-0.25,-0.42287313432835805,56.29548507462687
2022-01-23,2021-2022,Brighton and Hove Albion,Leicester City,0,1,1,14,15,5,5,8,6,5,4,1,0,1,1,1.0,1.0,1.25,1.25,0.0,-0.7028731343283581,55.59261194029851
2022-02-12,2021-2022,Brighton and Hove Albion,Watford,0,2,0,11,9,6,1,9,16,5,4,2,0,3,2,1.6666666666666667,0.6666666666666666,1.5,0.25,1.25,1.6771268656716418,57.26973880597015
2022-02-15,2021-2022,Brighton and Hove Albion,Manchester United,0,0,2,10,19,3,7,10,8,2,10,1,1,0,4,1.3333333333333333,1.3333333333333333,0.75,1.75,-1.0,-1.9128731343283578,55.35686567164179
2022-02-19,2021-2022,Brighton and Hove Albion,Burnley,1,0,3,11,10,1,4,12,12,4,4,1,0,0,1,1.0,2.0,0.25,1.0,-0.75,-1.9028731343283578,53.45399253731343
2022-02-26,2021-2022,Brighton and Hove Albion,Aston Villa,1,0,2,12,9,1,4,17,11,7,2,4,0,0,4,0.0,3.0,0.25,1.0,-0.75,-2.652873134328358,50.80111940298507
2022-03-05,2021-2022,Brighton and Hove Albion,Newcastle United,0,1,2,15,10,4,4,10,8,7,4,1,0,0,1,0.0,3.0,1.0,1.0,0.0,-2.292873134328358,48.50824626865671
2022-03-12,2021-2022,Brighton and Hove Albion,Liverpool,1,0,2,8,18,3,9,12,15,7,6,3,0,0,3,0.0,3.0,0.75,2.25,-1.5,-2.772873134328358,45.735373134328356
2022-03-16,2021-2022,Brighton and Hove Albion,Tottenham Hotspur,1,0,2,15,17,0,7,11,9,6,3,2,0,0,2,0.0,3.0,0.0,1.75,-1.75,-2.772873134328358,42.9625
2022-04-02,2021-2022,Brighton and Hove Albion,Norwich City,1,0,0,31,6,4,0,12,11,11,2,1,0,1,1,0.3333333333333333,2.3333333333333335,1.0,0.0,1.0,-0.922873134328358,42.03962686567164
2022-04-09,2021-2022,Brighton and Hove Albion,Arsenal,0,2,1,8,20,3,4,19,12,2,11,4,0,3,4,1.3333333333333333,1.3333333333333333,0.75,1.0,-0.25,0.9671268656716419,43.00675373134329
2022-04-16,2021-2022,Brighton and Hove Albion,Tottenham Hotspur,0,1,0,12,5,5,0,10,14,4,4,3,0,3,3,2.3333333333333335,0.3333333333333333,1.25,0.0,1.25,1.9571268656716418,44.96388059701493
2022-04-20,2021-2022,Brighton and Hove Albion,Manchester City,0,0,3,2,17,1,5,7,12,4,7,3,0,0,3,2.0,1.0,0.25,1.25,-1.0,-1.5128731343283583,43.45100746268657
2022-04-24,2021-2022,Brighton and Hove Albion,Southampton,1,2,2,8,18,5,5,12,7,6,6,1,0,1,1,1.3333333333333333,1.3333333333333333,1.25,1.25,0.0,-0.5928731343283581,42.85813432835821
2022-04-30,2021-2022,Brighton and Hove Albion,Wolverhampton Wanderers,0,3,0,17,11,9,1,4,6,3,7,1,0,3,1,1.3333333333333333,1.3333333333333333,2.25,0.25,2.0,1.6871268656716418,44.545261194029855
2022-05-07,2021-2022,Brighton and Hove Albion,Manchester United,1,4,0,17,15,6,5,13,9,7,6,0,0,3,0,2.3333333333333335,0.3333333333333333,1.5,1.25,0.25,1.8971268656716418,46.4423880597015
2022-05-15,2021-2022,Brighton and Hove Albion,Leeds United,0,1,1,16,19,6,5,8,16,1,8,2,0,1,2,2.3333333333333335,0.3333333333333333,1.5,1.25,0.25,-0.022873134328358028,46.41951492537314
2022-05-22,2021-2022,Brighton and Hove Albion,West Ham United,1,3,1,18,7,7,2,9,9,5,6,1,0,3,1,2.3333333333333335,0.3333333333333333,1.75,0.5,1.25,2.0771268656716417,48.49664179104479
2022-08-07,2022-2023,Brighton and Hove Albion,Manchester United,0,2,1,15,17,4,5,12,7,2,6,1,0,3,1,2.3333333333333335,0.3333333333333333,1.0,1.25,-0.25,1.7171268656716416,50.21376865671643
2022-08-13,2022-2023,Brighton and Hove Albion,Newcastle United,1,0,0,13,4,7,1,8,6,7,3,2,0,1,2,2.3333333333333335,0.3333333333333333,1.75,0.25,1.5,0.27712686567164196,50.49089552238807
2022-08-21,2022-2023,Brighton and Hove Albion,West Ham United,0,2,0,11,13,2,3,7,10,4,5,0,0,3,0,2.3333333333333335,0.3333333333333333,0.5,0.75,-0.25,1.7771268656716417,52.26802238805971
2022-08-27,2022-2023,Brighton and Hove Albion,Leeds United,1,1,0,13,10,4,2,10,14,5,3,2,0,3,2,2.3333333333333335,0.3333333333333333,1.0,0.5,0.5,1.8371268656716417,54.105149253731355
2022-08-30,2022-2023,Brighton and Hove Albion,Fulham,0,1,2,7,10,4,3,11,9,3,3,1,0,0,1,2.0,1.0,1.0,0.75,0.25,-1.092873134328358,53.012276119403
2022-09-04,2022-2023,Brighton and Hove Albion,Leicester City,1,5,2,23,6,11,4,6,8,10,1,1,0,3,1,2.0,1.0,2.75,1.0,1.75,1.9671268656716419,54.97940298507464
2022-10-01,2022-2023,Brighton and Hove Albion,Liverpool,0,3,3,6,15,6,7,13,9,2,9,1,0,1,1,1.3333333333333333,1.3333333333333333,1.5,1.75,-0.25,-0.6528731343283581,54.32652985074628
2022-10-08,2022-2023,Brighton and Hove Albion,Tottenham Hotspur,1,0,1,14,8,4,3,9,14,6,2,1,0,0,1,1.3333333333333333,1.3333333333333333,1.0,0.75,0.25,-1.432873134328358,52.89365671641792
2022-10-14,2022-2023,Brighton and Hove Albion,Brentford,0,0,2,21,7,7,3,15,12,11,2,1,0,0,1,0.3333333333333333,2.3333333333333335,1.75,0.75,1.0,-1.8228731343283582,51.07078358208956
2022-10-18,2022-2023,Brighton and Hove Albion,Nottingham Forest,1,0,0,19,3,7,0,10,14,9,1,3,0,1,3,0.3333333333333333,2.3333333333333335,1.75,0.0,1.75,-0.8628731343283581,50.2079104477612
2022-10-22,2022-2023,Brighton and Hove Albion,Manchester City,0,1,3,8,10,2,4,12,11,3,7,3,0,0,3,0.3333333333333333,2.3333333333333335,0.5,1.0,-0.5,-2.302873134328358,47.90503731343284
2022-10-29,2022-2023,Brighton and Hove Albion,Chelsea,1,4,1,19,15,9,7,16,6,8,7,1,0,3,1,1.3333333333333333,1.3333333333333333,2.25,1.75,0.5,1.327126865671642,49.23216417910449
2022-11-05,2022-2023,Brighton and Hove Albion,Wolverhampton Wanderers,0,3,2,19,8,8,5,11,15,9,4,0,0,3,0,2.0,1.0,2.0,1.25,0.75,1.7871268656716417,51.019291044776125
2022-11-13,2022-2023,Brighton and Hove Albion,Aston Villa,1,1,2,7,8,2,2,14,11,11,4,2,0,0,2,2.0,1.0,0.5,0.5,0.0,-1.212873134328358,49.80641791044777
2022-12-26,2022-2023,Brighton and Hove Albion,Southampton,0,3,1,7,14,4,4,10,9,2,4,2,0,3,2,2.0,1.0,1.0,1.0,0.0,1.4871268656716417,51.29354477611941
2022-12-31,2022-2023,Brighton and Hove Albion,Arsenal,1,2,4,9,14,5,7,7,11,7,4,3,0,0,3,1.0,2.0,1.25,1.75,-0.5,-1.9628731343283579,49.33067164179106
2023-01-03,2022-2023,Brighton and Hove Albion,Everton,0,4,1,19,10,8,4,10,8,2,5,1,0,3,1,2.0,1.0,2.0,1.0,1.0,1.7871268656716417,51.117798507462695
2023-01-14,2022-2023,Brighton and Hove Albion,Liverpool,1,3,0,16,6,9,2,8,15,7,1,1,0,3,1,2.0,1.0,2.25,0.5,1.75,1.9671268656716419,53.08492537313434
2023-01-21,2022-2023,Brighton and Hove Albion,Leicester City,0,2,2,13,9,4,2,9,9,6,5,1,0,1,1,2.3333333333333335,0.3333333333333333,1.0,0.5,0.5,0.09712686567164197,53.18205223880598
2023-02-04,2022-2023,Brighton and Hove Albion,Bournemouth,1,1,0,20,12,6,2,14,7,7,3,3,0,3,3,2.3333333333333335,0.3333333333333333,1.5,0.5,1.0,1.8971268656716416,55.079179104477625
2023-02-11,2022-2023,Brighton and Hove Albion,Crystal Palace,0,1,1,17,6,7,1,11,10,6,1,1,0,1,1,1.6666666666666667,0.6666666666666666,1.75,0.25,1.5,-0.0028731343283580403,55.076305970149264
2023-02-18,2022-2023,Brighton and Hove Albion,Fulham,1,0,1,21,5,7,2,12,14,10,2,0,0,0,0,1.3333333333333333,1.3333333333333333,1.75,0.5,1.25,-1.132873134328358,53.94343283582091
2023-03-04,2022-2023,Brighton and Hove Albion,West Ham United,1,4,0,20,3,9,2,6,8,7,3,0,0,3,0,1.3333333333333333,1.3333333333333333,2.25,0.5,1.75,1.687126865671642,55.63055970149255
2023-03-11,2022-2023,Brighton and Hove Albion,Leeds United,0,2,2,14,12,2,4,9,12,7,4,1,0,1,1,1.3333333333333333,1.3333333333333333,0.5,1.0,-0.5,-0.7128731343283582,54.917686567164196
2023-03-15,2022-2023,Brighton and Hove Albion,Crystal Palace,1,1,0,11,11,5,3,13,20,1,4,1,0,3,1,2.3333333333333335,0.3333333333333333,1.25,0.75,0.5,1.8971268656716418,56.814813432835834
2023-04-01,2022-2023,Brighton and Hove Albion,Brentford,1,3,3,33,7,15,5,16,10,14,0,2,0,1,2,1.6666666666666667,0.6666666666666666,3.75,1.25,2.5,0.17712686567164188,56.99194029850748
2023-04-04,2022-2023,Brighton and Hove Albion,Bournemouth,0,2,0,16,14,6,3,5,11,5,5,1,0,3,1,2.3333333333333335,0.3333333333333333,1.5,0.75,0.75,1.9571268656716416,58.94906716417912
2023-04-08,2022-2023,Brighton and Hove Albion,Tottenham Hotspur,0,1,2,17,9,4,3,15,15,7,3,1,0,0,1,1.3333333333333333,1.3333333333333333,1.0,0.75,0.25,-1.432873134328358,57.516194029850766
2023-04-15,2022-2023,Brighton and Hove Albion,Chelsea,0,2,1,26,8,10,2,11,11,8,2,2,0,3,2,2.0,1.0,2.5,0.5,2.0,1.9671268656716414,59.483320895522404
2023-04-26,2022-2023,Brighton and Hove Albion,Nottingham Forest,0,1,3,17,12,7,5,8,7,7,2,0,0,0,0,1.0,2.0,1.75,1.25,0.5,-1.542873134328358,57.94044776119405
2023-04-29,2022-2023,Brighton and Hove Albion,Wolverhampton Wanderers,1,6,0,22,10,8,2,14,11,2,5,1,0,3,1,2.0,1.0,2.0,0.5,1.5,1.9071268656716418,59.84757462686569
2023-05-04,2022-2023,Brighton and Hove Albion,Manchester United,1,1,0,22,16,6,5,10,14,8,6,4,0,3,4,2.0,1.0,1.5,1.25,0.25,1.4271268656716418,61.27470149253733
2023-05-08,2022-2023,Brighton and Hove Albion,Everton,1,1,5,23,10,5,5,11,13,15,1,1,0,0,1,2.0,1.0,1.25,1.25,0.0,-1.152873134328358,60.12182835820897
2023-05-14,2022-2023,Brighton and Hove Albion,Arsenal,0,3,0,12,14,6,2,17,13,2,5,2,0,3,2,2.0,1.0,1.5,0.5,1.0,1.7271268656716416,61.848955223880616
2023-05-18,2022-2023,Brighton and Hove Albion,Newcastle United,0,1,4,8,22,2,9,16,17,1,6,4,0,0,4,1.0,2.0,0.5,2.25,-1.75,-2.322873134328358,59.52608208955226
2023-05-21,2022-2023,Brighton and Hove Albion,Southampton,1,3,1,26,5,8,1,8,9,4,3,2,0,3,2,2.0,1.0,2.0,0.25,1.75,1.9071268656716418,61.433208955223904
2023-05-24,2022-2023,Brighton and Hove Albion,Manchester City,1,1,1,20,13,7,4,16,11,5,1,2,0,1,2,1.3333333333333333,1.3333333333333333,1.75,1.0,0.75,-0.4728731343283581,60.960335820895544
2023-05-28,2022-2023,Brighton and Hove Albion,Aston Villa,0,1,2,8,12,4,5,16,15,3,4,4,0,0,4,1.3333333333333333,1.3333333333333333,1.0,1.25,-0.25,-1.732873134328358,59.227462686567186
2023-08-12,2023-2024,Brighton and Hove Albion,Luton Town,1,4,1,27,9,12,3,11,12,6,7,2,0,3,2,1.3333333333333333,1.3333333333333333,3.0,0.75,2.25,1.6871268656716418,60.91458955223882
2023-08-19,2023-2024,Brighton and Hove Albion,Wolverhampton Wanderers,0,4,1,16,16,8,5,11,14,3,5,6,0,3,6,2.0,1.0,2.0,1.25,0.75,1.4271268656716416,62.34171641791047
2023-08-26,2023-2024,Brighton and Hove Albion,West Ham United,1,1,3,25,12,10,3,10,9,17,4,1,0,0,1,2.0,1.0,2.5,0.75,1.75,-0.732873134328358,61.60884328358211
2023-09-02,2023-2024,Brighton and Hove Albion,Newcastle United,1,3,1,15,9,6,2,14,17,5,3,4,0,3,4,2.0,1.0,1.5,0.5,1.0,1.6071268656716418,63.21597014925375
2023-09-16,2023-2024,Brighton and Hove Albion,Manchester United,0,3,1,10,14,8,4,9,8,1,8,2,0,3,2,2.0,1.0,2.0,1.0,1.0,1.7271268656716416,64.9430970149254
2023-09-24,2023-2024,Brighton and Hove Albion,Bournemouth,1,3,1,13,12,4,4,12,17,4,4,3,0,3,3,3.0,0.0,1.0,1.0,0.0,1.9971268656716419,66.94022388059705
2023-09-30,2023-2024,Brighton and Hove Albion,Aston Villa,0,1,6,11,19,3,9,21,19,3,1,4,0,0,4,2.0,1.0,0.75,2.25,-1.5,-1.692873134328358,65.24735074626868
2023-10-08,2023-2024,Brighton and Hove Albion,Liverpool,1,2,2,14,14,3,4,12,20,8,1,1,0,1,1,1.3333333333333333,1.3333333333333333,0.75,1.0,-0.25,-0.6528731343283581,64.59447761194032
2023-10-21,2023-2024,Brighton and Hove Albion,Manchester City,0,1,2,5,10,3,6,11,9,2,2,2,0,0,2,0.3333333333333333,2.3333333333333335,0.75,1.5,-0.75,-2.302873134328358,62.29160447761196
2023-10-29,2023-2024,Brighton and Hove Albion,Fulham,1,1,1,18,10,7,5,12,8,7,3,0,0,1,0,0.6666666666666666,1.6666666666666667,1.75,1.25,0.5,-0.752873134328358,61.5387313432836
2023-11-04,2023-2024,Brighton and Hove Albion,Everton,0,1,1,7,10,2,4,5,15,3,3,2,0,1,2,0.6666666666666666,1.6666666666666667,0.5,1.0,-0.5,-1.112873134328358,60.42585820895525
2023-11-12,2023-2024,Brighton and Hove Albion,Sheffield United,1,1,1,11,9,6,1,13,16,6,3,3,1,1,6,1.0,1.0,1.5,0.25,1.25,-0.7028731343283581,59.72298507462689
2023-11-25,2023-2024,Brighton and Hove Albion,Nottingham Forest,0,3,2,11,18,5,5,7,12,4,6,4,1,3,7,1.6666666666666667,0.6666666666666666,1.25,1.25,0.0,1.0771268656716417,60.800111940298535
2023-12-03,2023-2024,Brighton and Hove Albion,Chelsea,0,2,3,18,8,9,5,12,16,8,5,5,0,0,5,1.3333333333333333,1.3333333333333333,2.25,1.25,1.0,-1.492873134328358,59.30723880597017
2023-12-06,2023-2024,Brighton and Hove Albion,Brentford,1,2,1,18,8,7,2,10,8,7,3,3,0,3,3,2.0,1.0,1.75,0.5,1.25,1.7271268656716419,61.034365671641815
2023-12-09,2023-2024,Brighton and Hove Albion,Burnley,1,1,1,29,6,11,3,5,8,9,1,0,0,1,0,1.3333333333333333,1.3333333333333333,2.75,0.75,2.0,-0.05287313432835813,60.98149253731346
2023-12-17,2023-2024,Brighton and Hove Albion,Arsenal,0,0,2,6,26,1,9,9,11,1,10,3,0,0,3,1.3333333333333333,1.3333333333333333,0.25,2.25,-2.0,-2.0928731343283578,58.8886194029851
2023-12-21,2023-2024,Brighton and Hove Albion,Crystal Palace,0,1,1,18,11,6,3,11,12,1,3,2,0,1,2,0.6666666666666666,1.6666666666666667,1.5,0.75,0.75,-0.8128731343283581,58.075746268656744
2023-12-28,2023-2024,Brighton and Hove Albion,Tottenham Hotspur,1,4,2,15,19,9,3,18,6,7,6,3,0,3,3,1.3333333333333333,1.3333333333333333,2.25,0.75,1.5,1.4471268656716418,59.52287313432838
2024-01-02,2023-2024,Brighton and Hove Albion,West Ham United,0,0,0,22,6,8,2,6,4,0,2,0,0,1,0,1.6666666666666667,0.6666666666666666,2.0,0.5,1.5,0.05712686567164196,59.58000000000003
2024-01-22,2023-2024,Brighton and Hove Albion,Wolverhampton Wanderers,1,0,0,11,8,4,3,10,13,8,2,1,0,1,1,1.6666666666666667,0.6666666666666666,1.0,0.75,0.25,-0.30287313432835805,59.27712686567166
2024-01-30,2023-2024,Brighton and Hove Albion,Luton Town,0,0,4,9,18,2,8,14,13,4,7,2,0,0,2,0.6666666666666666,1.6666666666666667,0.5,2.0,-1.5,-2.2528731343283583,57.02425373134331
2024-02-03,2023-2024,Brighton and Hove Albion,Crystal Palace,1,4,1,13,7,6,5,8,14,3,2,1,0,3,1,1.3333333333333333,1.3333333333333333,1.5,1.25,0.25,1.267126865671642,58.29138059701495
2024-02-10,2023-2024,Brighton and Hove Albion,Tottenham Hotspur,0,1,2,6,16,3,6,13,14,6,9,3,0,0,3,1.0,2.0,0.75,1.5,-0.75,-2.022873134328358,56.26850746268659
2024-02-18,2023-2024,Brighton and Hove Albion,Sheffield United,0,5,0,24,6,10,1,5,3,10,5,4,0,3,4,2.0,1.0,2.5,0.25,2.25,1.9071268656716418,58.175634328358235
2024-02-24,2023-2024,Brighton and Hove Albion,Everton,1,1,1,23,6,7,3,9,14,11,3,2,1,1,5,1.3333333333333333,1.3333333333333333,1.75,0.75,1.0,-0.5928731343283581,57.58276119402988
2024-03-02,2023-2024,Brighton and Hove Albion,Fulham,0,0,3,15,12,5,5,10,16,6,2,2,0,0,2,1.3333333333333333,1.3333333333333333,1.25,1.25,0.0,-1.5528731343283582,56.02988805970152
2024-03-10,2023-2024,Brighton and Hove Albion,Nottingham Forest,1,1,0,10,9,3,4,14,14,6,3,4,0,3,4,1.3333333333333333,1.3333333333333333,0.75,1.0,-0.25,0.9671268656716419,56.997014925373165
2024-03-31,2023-2024,Brighton and Hove Albion,Liverpool,0,1,2,9,30,3,8,6,20,4,8,3,0,0,3,1.0,2.0,0.75,2.0,-1.25,-2.142873134328358,54.8541417910448
2024-04-03,2023-2024,Brighton and Hove Albion,Brentford,0,0,0,24,5,6,2,12,9,5,1,1,0,1,1,1.3333333333333333,1.3333333333333333,1.5,0.5,1.0,-0.35287313432835815,54.50126865671645
2024-04-06,2023-2024,Brighton and Hove Albion,Arsenal,1,0,3,10,20,2,7,14,13,8,7,1,0,0,1,0.3333333333333333,2.3333333333333335,0.5,1.75,-1.25,-2.362873134328358,52.13839552238809
2024-04-13,2023-2024,Brighton and Hove Albion,Burnley,0,1,1,20,11,8,3,8,18,5,4,2,0,1,2,0.6666666666666666,1.6666666666666667,2.0,0.75,1.25,-0.692873134328358,51.44552238805973
2024-04-25,2023-2024,Brighton and Hove Albion,Manchester City,1,0,4,7,14,3,6,10,3,4,4,2,0,0,2,0.3333333333333333,2.3333333333333335,0.75,1.5,-0.75,-2.302873134328358,49.14264925373137
2024-04-28,2023-2024,Brighton and Hove Albion,Bournemouth,0,0,3,13,15,1,6,10,14,2,8,2,0,0,2,0.3333333333333333,2.3333333333333335,0.25,1.5,-1.25,-2.4228731343283583,46.719776119403015
2024-05-05,2023-2024,Brighton and Hove Albion,Aston Villa,1,1,0,15,2,8,1,13,10,7,3,2,0,3,2,1.0,2.0,2.0,0.25,1.75,1.337126865671642,48.05690298507466
2024-05-11,2023-2024,Brighton and Hove Albion,Newcastle United,0,1,1,15,18,4,7,16,9,4,8,4,0,1,4,1.3333333333333333,1.3333333333333333,1.0,1.75,-0.75,-0.9528731343283581,47.1040298507463
2024-05-15,2023-2024,Brighton and Hove Albion,Chelsea,1,1,2,12,13,2,6,13,14,4,6,2,0,0,2,1.3333333333333333,1.3333333333333333,0.5,1.5,-1.0,-1.7928731343283582,45.31115671641794
2024-05-19,2023-2024,Brighton and Hove Albion,Manchester United,1,0,2,17,11,3,4,10,9,7,5,1,0,0,1,0.3333333333333333,2.3333333333333335,0.75,1.0,-0.25,-2.122873134328358,43.18828358208958
2024-08-17,2024-2025,Brighton and Hove Albion,Everton,0,3,0,10,9,5,1,8,8,5,1,1,0,3,1,1.0,2.0,1.25,0.25,1.0,1.2171268656716419,44.40541044776123
2024-08-24,2024-2025,Brighton and Hove Albion,Manchester United,1,2,1,14,11,5,4,9,13,4,4,1,0,3,1,2.0,1.0,1.25,1.0,0.25,1.6071268656716418,46.012537313432865
2024-08-31,2024-2025,Brighton and Hove Albion,Arsenal,0,1,1,22,11,4,7,7,12,7,3,2,0,1,2,2.3333333333333335,0.3333333333333333,1.0,1.75,-0.75,-0.262873134328358,45.749664179104506
2024-09-14,2024-2025,Brighton and Hove Albion,Ipswich Town,1,0,0,21,6,6,1,14,16,9,2,4,0,1,4,1.6666666666666667,0.6666666666666666,1.5,0.25,1.25,-0.24287313432835808,45.50679104477615
2024-09-22,2024-2025,Brighton and Hove Albion,Nottingham Forest,1,2,2,14,4,3,3,12,11,9,1,3,0,1,3,1.0,1.0,0.75,0.75,0.0,-0.8228731343283581,44.68391791044779
2024-09-28,2024-2025,Brighton and Hove Albion,Chelsea,0,2,4,15,15,5,7,8,11,2,8,2,0,0,2,0.6666666666666666,1.6666666666666667,1.25,1.75,-0.5,-2.012873134328358,42.67104477611943
2024-10-06,2024-2025,Brighton and Hove Albion,Tottenham Hotspur,1,3,2,11,13,4,3,14,10,4,7,2,0,3,2,1.3333333333333333,1.3333333333333333,1.0,0.75,0.25,1.2071268656716418,43.87817164179107
2024-10-19,2024-2025,Brighton and Hove Albion,Newcastle United,0,1,0,10,21,5,6,9,11,4,9,2,0,3,2,2.0,1.0,1.25,1.5,-0.25,1.4271268656716416,45.30529850746271
2024-10-26,2024-2025,Brighton and Hove Albion,Wolverhampton Wanderers,1,2,2,19,14,6,7,12,10,9,6,3,0,1,3,2.3333333333333335,0.3333333333333333,1.5,1.75,-0.25,-0.20287313432835802,45.10242537313435
2024-11-02,2024-2025,Brighton and Hove Albion,Liverpool,0,1,2,13,16,5,8,18,10,7,10,1,0,0,1,1.3333333333333333,1.3333333333333333,1.25,2.0,-0.75,-1.672873134328358,43.429552238806
2024-11-09,2024-2025,Brighton and Hove Albion,Manchester City,1,2,1,10,15,4,6,12,10,0,4,3,0,3,3,1.3333333333333333,1.3333333333333333,1.0,1.5,-0.5,0.9671268656716417,44.39667910447764
2024-11-23,2024-2025,Brighton and Hove Albion,Bournemouth,0,2,1,6,19,4,5,10,13,0,7,2,1,3,5,2.0,1.0,1.0,1.25,-0.25,1.2471268656716417,45.64380597014928
2024-11-29,2024-2025,Brighton and Hove Albion,Southampton,1,1,1,22,10,5,2,20,16,7,6,2,0,1,2,2.3333333333333335,0.3333333333333333,1.25,0.5,0.75,0.097126865671642,45.74093283582092
2024-12-05,2024-2025,Brighton and Hove Albion,Fulham,0,1,3,13,6,3,2,8,7,6,5,2,0,0,2,1.3333333333333333,1.3333333333333333,0.75,0.5,0.25,-1.492873134328358,44.248059701492565
2024-12-08,2024-2025,Brighton and Hove Albion,Leicester City,0,2,2,16,10,7,3,10,9,5,5,2,0,1,2,0.6666666666666666,1.6666666666666667,1.75,0.75,1.0,-0.752873134328358,43.495186567164204
2024-12-15,2024-2025,Brighton and Hove Albion,Crystal Palace,1,1,3,17,13,5,5,11,15,8,5,1,0,0,1,0.3333333333333333,2.3333333333333335,1.25,1.25,0.0,-2.062873134328358,41.43231343283585
2024-12-21,2024-2025,Brighton and Hove Albion,West Ham United,0,1,1,12,11,6,4,20,14,4,8,2,0,1,2,0.6666666666666666,1.6666666666666667,1.5,1.0,0.5,-0.8728731343283581,40.55944029850749
2024-12-27,2024-2025,Brighton and Hove Albion,Brentford,1,0,0,24,8,7,3,6,12,5,3,0,0,1,0,0.6666666666666666,1.6666666666666667,1.75,0.75,1.0,-0.6328731343283581,39.92656716417913
2024-12-30,2024-2025,Brighton and Hove Albion,Aston Villa,0,2,2,13,20,4,4,14,9,3,12,3,0,1,3,1.0,1.0,1.0,1.0,0.0,-0.8228731343283581,39.10369402985077
2025-01-04,2024-2025,Brighton and Hove Albion,Arsenal,1,1,1,11,9,4,3,17,14,2,5,2,0,1,2,1.0,1.0,1.0,0.75,0.25,-0.7028731343283581,38.400820895522415
2025-01-16,2024-2025,Brighton and Hove Albion,Ipswich Town,0,2,0,11,5,5,3,14,13,9,1,2,0,3,2,1.6666666666666667,0.6666666666666666,1.25,0.75,0.5,1.4971268656716419,39.897947761194054
2025-01-19,2024-2025,Brighton and Hove Albion,Manchester United,0,3,1,6,10,3,1,12,13,2,4,3,0,3,3,2.3333333333333335,0.3333333333333333,0.75,0.25,0.5,1.777126865671642,41.675074626865694
2025-01-25,2024-2025,Brighton and Hove Albion,Everton,1,0,1,16,3,1,1,8,11,9,1,3,0,0,3,2.0,1.0,0.25,0.25,0.0,-1.2728731343283581,40.40220149253734
2025-02-01,2024-2025,Brighton and Hove Albion,Nottingham Forest,0,0,7,10,14,5,9,13,8,6,4,3,0,0,3,1.0,2.0,1.25,2.25,-1.0,-2.082873134328358,38.31932835820898
2025-02-14,2024-2025,Brighton and Hove Albion,Chelsea,1,3,0,13,8,5,0,12,15,2,9,1,0,3,1,1.0,2.0,1.25,0.0,1.25,1.277126865671642,39.59645522388062
2025-02-22,2024-2025,Brighton and Hove Albion,Southampton,0,4,0,18,6,12,1,12,11,6,5,0,0,3,0,2.0,1.0,3.0,0.25,2.75,2.2671268656716417,41.86358208955226
2025-02-25,2024-2025,Brighton and Hove Albion,Bournemouth,1,2,1,11,19,4,5,12,14,1,9,2,0,3,2,3.0,0.0,1.0,1.25,-0.25,1.9971268656716417,43.8607089552239
2025-03-08,2024-2025,Brighton and Hove Albion,Fulham,1,2,1,9,6,4,1,6,12,3,7,0,0,3,0,3.0,0.0,1.0,0.25,0.75,2.3571268656716415,46.21783582089554
2025-03-15,2024-2025,Brighton and Hove Albion,Manchester City,0,2,2,15,11,3,3,10,10,5,4,5,0,1,5,2.3333333333333335,0.3333333333333333,0.75,0.75,0.0,-0.262873134328358,45.95496268656718
2025-04-02,2024-2025,Brighton and Hove Albion,Aston Villa,1,0,3,11,8,4,5,16,11,4,0,1,0,0,1,1.3333333333333333,1.3333333333333333,1.0,1.25,-0.25,-1.5528731343283582,44.40208955223882
2025-04-05,2024-2025,Brighton and Hove Albion,Crystal Palace,0,1,2,11,8,5,3,13,12,4,2,1,1,0,4,0.3333333333333333,2.3333333333333335,1.25,0.75,0.5,-2.122873134328358,42.27921641791046
2025-04-12,2024-2025,Brighton and Hove Albion,Leicester City,1,2,2,21,15,7,6,9,11,3,6,2,0,1,2,0.3333333333333333,2.3333333333333335,1.75,1.5,0.25,-1.162873134328358,41.116343283582104
2025-04-19,2024-2025,Brighton and Hove Albion,Brentford,0,2,4,12,16,3,8,11,7,8,4,3,1,0,6,0.3333333333333333,2.3333333333333335,0.75,2.0,-1.25,-2.662873134328358,38.45347014925375
2025-04-26,2024-2025,Brighton and Hove Albion,West Ham United,1,3,2,16,12,9,4,7,9,8,1,1,0,3,1,1.3333333333333333,1.3333333333333333,2.25,1.0,1.25,1.507126865671642,39.96059701492539
2025-05-04,2024-2025,Brighton and Hove Albion,Newcastle United,1,1,1,5,13,2,5,15,10,1,4,2,0,1,2,1.3333333333333333,1.3333333333333333,0.5,1.25,-0.75,-0.8328731343283582,39.12772388059703
2025-05-10,2024-2025,Brighton and Hove Albion,Wolverhampton Wanderers,0,2,0,7,10,2,3,12,8,4,7,1,0,3,1,2.3333333333333335,0.3333333333333333,0.5,0.75,-0.25,1.7171268656716416,40.844850746268676
2025-05-19,2024-2025,Brighton and Hove Albion,Liverpool,1,3,2,25,18,12,5,9,8,3,3,1,0,3,1,2.3333333333333335,0.3333333333333333,3.0,1.25,1.75,2.197126865671642,43.04197761194032
2025-05-25,2024-2025,Brighton and Hove Albion,Tottenham Hotspur,0,4,1,23,4,8,2,8,13,11,2,1,0,3,1,3.0,0.0,2.0,0.5,1.5,2.4771268656716416,45.51910447761196
2025-08-16,2025-2026,Brighton and Hove Albion,Fulham,1,1,1,10,7,4,2,16,15,4,3,3,0,1,3,2.3333333333333335,0.3333333333333333,1.0,0.5,0.5,-0.022873134328358042,45.496231343283604
2025-08-24,2025-2026,Brighton and Hove Albion,Everton,0,0,2,13,11,4,3,15,7,2,2,3,0,0,3,1.3333333333333333,1.3333333333333333,1.0,0.75,0.25,-1.5528731343283582,43.943358208955246
2025-08-31,2025-2026,Brighton and Hove Albion,Manchester City,1,2,1,12,12,7,3,16,14,3,2,2,0,3,2,1.3333333333333333,1.3333333333333333,1.75,0.75,1.0,1.3871268656716418,45.330485074626885
2025-09-13,2025-2026,Brighton and Hove Albion,Bournemouth,0,1,2,6,13,2,5,10,16,4,4,4,0,0,4,1.0,2.0,0.5,1.25,-0.75,-2.082873134328358,43.247611940298526
2025-09-20,2025-2026,Brighton and Hove Albion,Tottenham Hotspur,1,2,2,12,11,4,3,10,13,2,10,1,0,1,1,1.3333333333333333,1.3333333333333333,1.0,0.75,0.25,-0.5328731343283581,42.71473880597017
2025-09-27,2025-2026,Brighton and Hove Albion,Chelsea,0,3,1,12,13,3,3,16,9,7,5,5,0,3,5,1.3333333333333333,1.3333333333333333,0.75,0.75,0.0,0.9671268656716419,43.681865671641816
2025-10-05,2025-2026,Brighton and Hove Albion,Wolverhampton Wanderers,0,1,1,17,6,6,3,9,13,8,2,4,0,1,4,1.6666666666666667,0.6666666666666666,1.5,0.75,0.75,-0.36287313432835805,43.318992537313456
2025-10-18,2025-2026,Brighton and Hove Albion,Newcastle United,1,2,1,13,16,5,3,9,9,8,4,0,0,3,0,2.3333333333333335,0.3333333333333333,1.25,0.75,0.5,1.9571268656716418,45.276119402985096
2025-10-25,2025-2026,Brighton and Hove Albion,Manchester United,0,2,4,17,13,5,9,13,4,6,1,2,0,0,2,1.3333333333333333,1.3333333333333333,1.25,2.25,-1.0,-1.7928731343283582,43.483246268656735
2025-11-01,2025-2026,Brighton and Hove Albion,Leeds United,1,3,0,14,5,7,2,10,7,4,7,0,0,3,0,2.0,1.0,1.75,0.5,1.25,1.9071268656716418,45.39037313432838
2025-11-09,2025-2026,Brighton and Hove Albion,Crystal Palace,0,0,0,7,10,3,2,12,10,8,4,4,0,1,4,1.3333333333333333,1.3333333333333333,0.75,0.5,0.25,-0.7128731343283582,44.67750000000002
2020-09-20,2020-2021,Burnley,Leicester City,0,2,4,16,14,5,6,13,11,4,15,2,0,0,2,0.0,3.0,1.25,1.5,-0.25,-2.412873134328358,90.58712686567164
2020-09-26,2020-2021,Burnley,Southampton,1,0,1,10,5,2,1,8,10,8,2,1,0,0,1,0.0,3.0,0.5,0.25,0.25,-2.232873134328358,88.35425373134328
2020-10-03,2020-2021,Burnley,Newcastle United,0,1,3,7,10,3,5,17,13,4,3,3,0,0,3,0.0,3.0,0.75,1.25,-0.5,-2.5328731343283577,85.82138059701492
2020-10-19,2020-2021,Burnley,West Brom,0,0,0,9,13,4,6,17,15,2,8,2,0,1,2,0.3333333333333333,2.3333333333333335,1.0,1.5,-0.5,-1.342873134328358,84.47850746268657
2020-10-26,2020-2021,Burnley,Tottenham Hotspur,1,0,1,13,9,4,3,9,7,4,5,2,0,0,2,0.3333333333333333,2.3333333333333335,1.0,0.75,0.25,-2.062873134328358,82.41563432835821
2020-10-31,2020-2021,Burnley,Chelsea,1,0,3,5,14,0,9,10,15,3,4,1,0,0,1,0.3333333333333333,2.3333333333333335,0.0,2.25,-2.25,-2.602873134328358,79.81276119402986
2020-11-06,2020-2021,Burnley,Brighton and Hove Albion,0,0,0,4,19,1,3,5,11,3,5,0,0,1,0,0.3333333333333333,2.3333333333333335,0.25,0.75,-0.5,-1.2228731343283579,78.5898880597015
2020-11-23,2020-2021,Burnley,Crystal Palace,1,1,0,10,15,4,5,13,9,4,7,2,0,3,2,1.3333333333333333,1.3333333333333333,1.0,1.25,-0.25,1.0871268656716417,79.67701492537314
2020-11-28,2020-2021,Burnley,Manchester City,0,0,5,9,19,1,6,4,12,4,6,0,0,0,0,1.3333333333333333,1.3333333333333333,0.25,1.5,-1.25,-1.732873134328358,77.94414179104479
2020-12-05,2020-2021,Burnley,Everton,1,1,1,8,13,3,6,6,9,8,4,0,0,1,0,1.3333333333333333,1.3333333333333333,0.75,1.5,-0.75,-0.7128731343283582,77.23126865671642
2020-12-13,2020-2021,Burnley,Arsenal,0,1,0,10,18,2,6,11,5,4,13,1,0,3,1,1.3333333333333333,1.3333333333333333,0.5,1.5,-1.0,0.9671268656716419,78.19839552238807
2020-12-17,2020-2021,Burnley,Aston Villa,0,0,0,6,27,4,7,19,17,1,11,1,0,1,1,1.6666666666666667,0.6666666666666666,1.0,1.75,-0.75,-0.542873134328358,77.65552238805971
2020-12-21,2020-2021,Burnley,Wolverhampton Wanderers,1,2,1,10,15,4,3,11,15,1,7,2,0,3,2,2.3333333333333335,0.3333333333333333,1.0,0.75,0.25,1.7771268656716417,79.43264925373134
2020-12-27,2020-2021,Burnley,Leeds United,0,0,1,14,11,6,4,14,8,12,4,3,0,0,3,1.3333333333333333,1.3333333333333333,1.5,1.0,0.5,-1.492873134328358,77.93977611940299
2020-12-29,2020-2021,Burnley,Sheffield United,1,1,0,5,7,3,3,13,17,3,5,1,0,3,1,2.0,1.0,0.75,0.75,0.0,1.5471268656716417,79.48690298507464
2021-01-12,2020-2021,Burnley,Manchester United,1,0,1,11,13,0,7,15,13,3,4,1,0,0,1,1.0,2.0,0.0,1.75,-1.75,-2.142873134328358,77.34402985074627
2021-01-16,2020-2021,Burnley,West Ham United,0,0,1,10,15,2,4,9,12,4,7,1,0,0,1,1.0,2.0,0.5,1.0,-0.5,-1.8428731343283582,75.50115671641791
2021-01-21,2020-2021,Burnley,Liverpool,0,1,0,6,27,4,6,8,11,0,12,1,0,3,1,1.0,2.0,1.0,1.5,-0.5,0.8571268656716418,76.35828358208956
2021-01-27,2020-2021,Burnley,Aston Villa,1,3,2,10,18,5,10,16,7,2,4,1,0,3,1,2.0,1.0,1.25,2.5,-1.25,1.2471268656716417,77.6054104477612
2021-01-31,2020-2021,Burnley,Chelsea,0,0,2,1,19,0,8,9,7,2,4,1,0,0,1,2.0,1.0,0.0,2.0,-2.0,-1.632873134328358,75.97253731343284
2021-02-03,2020-2021,Burnley,Manchester City,1,0,2,2,17,0,6,8,5,1,3,2,0,0,2,1.0,2.0,0.0,1.5,-1.5,-2.142873134328358,73.82966417910448
2021-02-06,2020-2021,Burnley,Brighton and Hove Albion,1,1,1,20,10,7,2,8,10,8,7,2,0,1,2,0.3333333333333333,2.3333333333333335,1.75,0.5,1.25,-0.922873134328358,72.90679104477613
2021-02-13,2020-2021,Burnley,Crystal Palace,0,3,0,16,13,4,3,14,15,4,7,0,0,3,0,1.3333333333333333,1.3333333333333333,1.0,0.75,0.25,1.327126865671642,74.23391791044776
2021-02-17,2020-2021,Burnley,Fulham,1,1,1,8,8,3,3,7,13,5,5,1,0,1,1,1.6666666666666667,0.6666666666666666,0.75,0.75,0.0,-0.36287313432835805,73.8710447761194
2021-02-20,2020-2021,Burnley,West Brom,1,0,0,6,10,1,3,16,10,5,5,3,0,1,3,1.6666666666666667,0.6666666666666666,0.25,0.75,-0.5,-0.6028731343283581,73.26817164179104
2021-02-28,2020-2021,Burnley,Tottenham Hotspur,0,0,4,10,16,3,7,10,6,4,3,0,0,0,0,0.6666666666666666,1.6666666666666667,0.75,1.75,-1.0,-2.012873134328358,71.2552985074627
2021-03-03,2020-2021,Burnley,Leicester City,1,1,1,12,15,7,4,6,12,5,8,0,0,1,0,0.6666666666666666,1.6666666666666667,1.75,1.0,0.75,-0.692873134328358,70.56242537313433
2021-03-06,2020-2021,Burnley,Arsenal,1,1,1,9,15,5,3,5,12,2,4,1,0,1,1,0.6666666666666666,1.6666666666666667,1.25,0.75,0.5,-0.8128731343283581,69.74955223880598
2021-03-13,2020-2021,Burnley,Everton,0,2,1,14,14,5,4,6,9,4,7,4,0,3,4,1.6666666666666667,0.6666666666666666,1.25,1.0,0.25,1.317126865671642,71.06667910447761
2021-04-04,2020-2021,Burnley,Southampton,0,2,3,7,24,5,9,10,11,7,6,0,0,0,0,1.3333333333333333,1.3333333333333333,1.25,2.25,-1.0,-1.672873134328358,69.39380597014926
2021-04-11,2020-2021,Burnley,Newcastle United,1,1,2,24,10,4,5,11,12,13,3,1,0,0,1,1.0,2.0,1.0,1.25,-0.25,-1.7828731343283581,67.6109328358209
2021-04-18,2020-2021,Burnley,Manchester United,0,1,3,10,17,3,9,12,9,3,8,2,0,0,2,0.0,3.0,0.75,2.25,-1.5,-2.7128731343283583,64.89805970149254
2021-04-25,2020-2021,Burnley,Wolverhampton Wanderers,0,4,0,14,12,7,2,9,8,5,8,2,0,3,2,1.0,2.0,1.75,0.5,1.25,1.2171268656716419,66.11518656716419
2021-05-03,2020-2021,Burnley,West Ham United,1,1,2,8,22,3,4,4,8,5,4,2,0,0,2,1.0,2.0,0.75,1.0,-0.25,-1.8428731343283582,64.27231343283583
2021-05-10,2020-2021,Burnley,Fulham,0,2,0,14,21,5,3,10,11,4,8,0,0,3,0,2.0,1.0,1.25,0.75,0.5,1.7271268656716419,65.99944029850747
2021-05-15,2020-2021,Burnley,Leeds United,1,0,4,16,16,4,6,10,10,6,8,1,0,0,1,1.0,2.0,1.0,1.5,-0.5,-1.8428731343283582,64.15656716417911
2021-05-19,2020-2021,Burnley,Liverpool,1,0,3,10,20,4,3,10,7,6,7,0,0,0,0,1.0,2.0,1.0,0.75,0.25,-1.602873134328358,62.553694029850746
2021-05-23,2020-2021,Burnley,Sheffield United,0,0,1,10,12,3,3,1,11,9,8,1,0,0,1,0.0,3.0,0.75,0.75,0.0,-2.292873134328358,60.26082089552239
2021-08-14,2021-2022,Burnley,Brighton and Hove Albion,1,1,2,14,14,3,8,10,7,7,6,2,0,0,2,0.0,3.0,0.75,2.0,-1.25,-2.6528731343283583,57.60794776119403
2021-08-21,2021-2022,Burnley,Liverpool,0,0,2,9,27,3,9,12,6,4,8,0,0,0,0,0.0,3.0,0.75,2.25,-1.5,-2.592873134328358,55.015074626865676
2021-08-29,2021-2022,Burnley,Leeds United,1,1,1,12,12,3,2,13,9,5,5,4,0,1,4,0.3333333333333333,2.3333333333333335,0.75,0.5,0.25,-1.282873134328358,53.73220149253732
2021-09-13,2021-2022,Burnley,Everton,0,1,3,11,14,6,6,6,3,6,4,1,0,0,1,0.3333333333333333,2.3333333333333335,1.5,1.5,0.0,-2.062873134328358,51.669328358208965
2021-09-18,2021-2022,Burnley,Arsenal,1,0,1,18,13,3,3,9,8,8,3,2,0,0,2,0.3333333333333333,2.3333333333333335,0.75,0.75,0.0,-2.122873134328358,49.546455223880606
2021-09-25,2021-2022,Burnley,Leicester City,0,2,2,9,22,3,5,8,10,4,8,4,0,1,4,0.3333333333333333,2.3333333333333335,0.75,1.25,-0.5,-1.462873134328358,48.08358208955225
2021-10-02,2021-2022,Burnley,Norwich City,1,0,0,14,10,4,2,13,3,9,5,5,0,1,5,0.6666666666666666,1.6666666666666667,1.0,0.5,0.5,-1.052873134328358,47.03070895522389
2021-10-16,2021-2022,Burnley,Manchester City,0,0,2,7,15,2,6,5,11,2,6,0,0,0,0,0.6666666666666666,1.6666666666666667,0.5,1.5,-1.0,-2.012873134328358,45.017835820895534
2021-10-23,2021-2022,Burnley,Southampton,0,2,2,9,16,5,4,11,10,2,6,3,0,1,3,0.6666666666666666,1.6666666666666667,1.25,1.0,0.25,-0.992873134328358,44.02496268656718
2021-10-30,2021-2022,Burnley,Brentford,1,3,1,15,12,6,5,7,10,4,2,1,0,3,1,1.3333333333333333,1.3333333333333333,1.5,1.25,0.25,1.267126865671642,45.29208955223882
2021-11-06,2021-2022,Burnley,Chelsea,0,1,1,5,25,2,4,9,6,2,14,4,0,1,4,1.6666666666666667,0.6666666666666666,0.5,1.0,-0.5,-0.6628731343283581,44.62921641791046
2021-11-20,2021-2022,Burnley,Crystal Palace,1,3,3,15,18,9,8,14,15,3,6,2,0,1,2,1.6666666666666667,0.6666666666666666,2.25,2.0,0.25,-0.3628731343283581,44.2663432835821
2021-12-01,2021-2022,Burnley,Wolverhampton Wanderers,0,0,0,6,16,1,2,7,5,5,5,3,0,1,3,1.0,1.0,0.25,0.5,-0.25,-0.882873134328358,43.383470149253746
2021-12-04,2021-2022,Burnley,Newcastle United,0,0,1,10,19,1,4,9,11,3,10,1,0,0,1,0.6666666666666666,1.6666666666666667,0.25,1.0,-0.75,-2.012873134328358,41.37059701492539
2021-12-12,2021-2022,Burnley,West Ham United,1,0,0,9,16,1,3,13,11,6,4,2,0,1,2,0.6666666666666666,1.6666666666666667,0.25,0.75,-0.5,-1.112873134328358,40.25772388059703
2021-12-30,2021-2022,Burnley,Manchester United,0,1,3,10,18,3,6,10,5,5,7,0,0,0,0,0.3333333333333333,2.3333333333333335,0.75,1.5,-0.75,-2.182873134328358,38.074850746268666
2022-01-02,2021-2022,Burnley,Leeds United,0,1,3,8,22,2,7,7,11,3,9,1,0,0,1,0.3333333333333333,2.3333333333333335,0.5,1.75,-1.25,-2.362873134328358,35.711977611940306
2022-01-23,2021-2022,Burnley,Arsenal,0,0,0,10,20,1,5,13,9,4,12,2,0,1,2,0.3333333333333333,2.3333333333333335,0.25,1.25,-1.0,-1.4628731343283579,34.24910447761195
2022-02-05,2021-2022,Burnley,Watford,1,0,0,13,11,2,5,16,9,4,7,1,0,1,1,0.6666666666666666,1.6666666666666667,0.5,1.25,-0.75,-1.112873134328358,33.13623134328359
2022-02-08,2021-2022,Burnley,Manchester United,1,1,1,9,22,3,5,11,10,2,10,2,0,1,2,1.0,1.0,0.75,1.25,-0.5,-0.882873134328358,32.253358208955234
2022-02-13,2021-2022,Burnley,Liverpool,1,0,1,8,12,5,4,7,6,5,8,0,0,0,0,0.6666666666666666,1.6666666666666667,1.25,1.0,0.25,-1.712873134328358,30.54048507462688
2022-02-19,2021-2022,Burnley,Brighton and Hove Albion,0,3,0,10,11,4,1,12,12,4,4,4,0,3,4,1.3333333333333333,1.3333333333333333,1.0,0.25,0.75,1.2071268656716418,31.74761194029852
2022-02-23,2021-2022,Burnley,Tottenham Hotspur,1,1,0,15,12,4,2,8,8,3,7,0,0,3,0,2.0,1.0,1.0,0.5,0.5,1.7271268656716419,33.47473880597016
2022-02-26,2021-2022,Burnley,Crystal Palace,0,1,1,5,11,1,4,17,5,4,5,2,0,1,2,2.3333333333333335,0.3333333333333333,0.25,1.0,-0.75,-0.262873134328358,33.2118656716418
2022-03-01,2021-2022,Burnley,Leicester City,1,0,2,9,22,2,6,10,13,6,8,1,0,0,1,1.3333333333333333,1.3333333333333333,0.5,1.5,-1.0,-1.732873134328358,31.478992537313445
2022-03-05,2021-2022,Burnley,Chelsea,1,0,4,6,11,1,5,12,7,5,2,2,0,0,2,0.3333333333333333,2.3333333333333335,0.25,1.25,-1.0,-2.362873134328358,29.116119402985085
2022-03-12,2021-2022,Burnley,Brentford,0,0,2,7,13,1,4,10,6,9,2,1,1,0,4,0.0,3.0,0.25,1.0,-0.75,-2.652873134328358,26.463246268656732
2022-04-02,2021-2022,Burnley,Manchester City,1,0,2,3,18,1,6,11,6,1,8,1,0,0,1,0.0,3.0,0.25,1.5,-1.25,-2.592873134328358,23.870373134328375
2022-04-06,2021-2022,Burnley,Everton,1,3,2,13,16,4,4,11,16,9,6,2,0,3,2,1.0,2.0,1.0,1.0,0.0,0.9171268656716418,24.787500000000023
2022-04-10,2021-2022,Burnley,Norwich City,0,0,2,18,17,4,6,10,12,7,6,1,0,0,1,1.0,2.0,1.0,1.5,-0.5,-1.8428731343283582,22.944626865671665
2022-04-17,2021-2022,Burnley,West Ham United,0,1,1,9,21,1,8,10,9,4,13,2,0,1,2,1.3333333333333333,1.3333333333333333,0.25,2.0,-1.75,-1.0728731343283582,21.871753731343304
2022-04-21,2021-2022,Burnley,Southampton,1,2,0,16,11,6,3,7,7,10,10,2,0,3,2,1.3333333333333333,1.3333333333333333,1.5,0.75,0.75,1.3271268656716417,23.19888059701495
2022-04-24,2021-2022,Burnley,Wolverhampton Wanderers,1,1,0,14,10,5,4,8,7,3,6,3,0,3,3,2.3333333333333335,0.3333333333333333,1.25,1.0,0.25,1.7171268656716416,24.916007462686593
2022-04-30,2021-2022,Burnley,Watford,0,2,1,17,13,6,1,9,13,6,5,2,0,3,2,3.0,0.0,1.5,0.25,1.25,2.3571268656716415,27.27313432835824
2022-05-07,2021-2022,Burnley,Aston Villa,1,1,3,14,12,6,7,13,11,4,5,1,0,0,1,2.0,1.0,1.5,1.75,-0.25,-1.2128731343283583,26.060261194029877
2022-05-15,2021-2022,Burnley,Tottenham Hotspur,0,0,1,8,21,1,8,8,12,2,8,2,0,0,2,1.0,2.0,0.25,2.0,-1.75,-2.202873134328358,23.85738805970152
2022-05-19,2021-2022,Burnley,Aston Villa,0,1,1,10,22,5,9,20,11,6,13,1,1,1,4,0.3333333333333333,2.3333333333333335,1.25,2.25,-1.0,-1.582873134328358,22.27451492537317
2022-05-22,2021-2022,Burnley,Newcastle United,1,1,2,12,8,5,6,8,9,8,2,1,0,0,1,0.3333333333333333,2.3333333333333335,1.25,1.5,-0.25,-2.122873134328358,20.15164179104481
2023-08-11,2023-2024,Burnley,Manchester City,1,0,3,6,17,1,8,11,8,6,5,0,1,0,3,0.3333333333333333,2.3333333333333335,0.25,2.0,-1.75,-2.602873134328358,17.548768656716447
2023-08-27,2023-2024,Burnley,Aston Villa,1,1,3,9,16,2,6,12,11,4,6,2,0,0,2,0.0,3.0,0.5,1.5,-1.0,-2.592873134328358,14.95589552238809
2023-09-02,2023-2024,Burnley,Tottenham Hotspur,1,2,5,16,20,4,10,15,9,7,4,4,0,0,4,0.0,3.0,1.0,2.5,-1.5,-2.832873134328358,12.123022388059738
2023-09-18,2023-2024,Burnley,Nottingham Forest,0,1,1,10,14,3,4,10,16,4,5,3,1,1,6,0.3333333333333333,2.3333333333333335,0.75,1.0,-0.25,-1.5228731343283581,10.600149253731374
2023-09-23,2023-2024,Burnley,Manchester United,1,0,1,12,11,4,4,6,12,9,5,1,0,0,1,0.3333333333333333,2.3333333333333335,1.0,1.0,0.0,-2.062873134328358,8.537276119403018
2023-09-30,2023-2024,Burnley,Newcastle United,0,0,2,8,20,2,8,15,7,3,5,3,0,0,3,0.3333333333333333,2.3333333333333335,0.5,2.0,-1.5,-2.5428731343283584,5.994402985074657
2023-10-03,2023-2024,Burnley,Luton Town,0,2,1,14,18,4,3,6,14,6,7,2,0,3,2,1.0,2.0,1.0,0.75,0.25,0.9771268656716419,6.971529850746293
2023-10-07,2023-2024,Burnley,Chelsea,1,1,4,10,9,3,5,11,8,7,3,2,0,0,2,1.0,2.0,0.75,1.25,-0.5,-1.9028731343283583,5.068656716417934
2023-10-21,2023-2024,Burnley,Brentford,0,0,3,6,23,1,10,12,14,5,5,2,1,0,5,1.0,2.0,0.25,2.5,-2.25,-2.502873134328358,2.56578358208958
2023-10-28,2023-2024,Burnley,Bournemouth,0,1,2,6,13,3,6,12,9,5,10,3,0,0,3,0.0,3.0,0.75,1.5,-0.75,-2.5928731343283578,1.0
2023-11-04,2023-2024,Burnley,Crystal Palace,1,0,2,17,4,5,3,9,12,12,1,0,0,0,0,0.0,3.0,1.25,0.75,0.5,-2.1128731343283578,1.0
2023-11-11,2023-2024,Burnley,Arsenal,0,1,3,8,16,5,6,9,8,3,3,1,0,0,1,0.0,3.0,1.25,1.5,-0.25,-2.352873134328358,1.0
2023-11-25,2023-2024,Burnley,West Ham United,1,1,2,11,11,5,3,11,7,4,5,1,0,0,1,0.0,3.0,1.25,0.75,0.5,-2.172873134328358,1.0
2023-12-02,2023-2024,Burnley,Sheffield United,1,5,0,19,6,7,3,9,12,6,1,2,0,3,2,1.0,2.0,1.75,0.75,1.0,1.1571268656716418,1.0
2023-12-05,2023-2024,Burnley,Wolverhampton Wanderers,0,0,1,12,7,3,4,15,11,8,6,4,0,0,4,1.0,2.0,0.75,1.0,-0.25,-1.9628731343283579,1.0
2023-12-09,2023-2024,Burnley,Brighton and Hove Albion,0,1,1,6,29,3,11,8,5,1,9,4,0,1,4,1.3333333333333333,1.3333333333333333,0.75,2.75,-2.0,-1.2528731343283581,1.0
2023-12-16,2023-2024,Burnley,Everton,1,0,2,14,9,2,6,9,8,8,6,0,0,0,0,0.3333333333333333,2.3333333333333335,0.5,1.5,-1.0,-2.242873134328358,1.0
2023-12-23,2023-2024,Burnley,Fulham,0,2,0,7,19,2,5,17,5,6,8,1,0,3,1,1.3333333333333333,1.3333333333333333,0.5,1.25,-0.75,1.027126865671642,1.0
2023-12-26,2023-2024,Burnley,Liverpool,1,0,2,9,19,0,10,7,10,4,4,2,0,0,2,1.0,2.0,0.0,2.5,-2.5,-2.3828731343283582,1.0
2023-12-30,2023-2024,Burnley,Aston Villa,0,2,3,9,19,5,7,14,9,2,6,1,1,0,4,1.0,2.0,1.25,1.75,-0.5,-2.022873134328358,1.0
2024-01-12,2023-2024,Burnley,Luton Town,1,1,1,13,14,7,5,7,12,2,8,1,0,1,1,0.3333333333333333,2.3333333333333335,1.75,1.25,0.5,-1.0428731343283582,1.0
2024-01-31,2023-2024,Burnley,Manchester City,0,1,3,8,14,3,4,13,3,3,7,2,0,0,2,0.3333333333333333,2.3333333333333335,0.75,1.0,-0.25,-2.182873134328358,1.0
2024-02-03,2023-2024,Burnley,Fulham,1,2,2,12,15,4,7,11,7,2,13,2,0,1,2,0.6666666666666666,1.6666666666666667,1.0,1.75,-0.75,-1.172873134328358,1.0
2024-02-10,2023-2024,Burnley,Liverpool,0,1,3,9,25,4,10,13,11,3,9,2,0,0,2,0.3333333333333333,2.3333333333333335,1.0,2.5,-1.5,-2.482873134328358,1.0
2024-02-17,2023-2024,Burnley,Arsenal,1,0,5,8,16,0,7,11,8,4,6,2,0,0,2,0.3333333333333333,2.3333333333333335,0.0,1.75,-1.75,-2.5428731343283584,1.0
2024-02-24,2023-2024,Burnley,Crystal Palace,0,0,3,2,15,0,6,13,8,3,12,1,1,0,4,0.0,3.0,0.0,1.5,-1.5,-2.832873134328358,1.0
2024-03-03,2023-2024,Burnley,Bournemouth,1,0,2,20,10,6,3,8,13,7,2,2,0,0,2,0.0,3.0,1.5,0.75,0.75,-2.1728731343283583,1.0
2024-03-10,2023-2024,Burnley,West Ham United,0,2,2,11,22,4,4,18,11,4,4,4,0,1,4,0.3333333333333333,2.3333333333333335,1.0,1.0,0.0,-1.342873134328358,1.0
2024-03-16,2023-2024,Burnley,Brentford,1,2,1,17,9,6,5,14,17,5,4,2,0,3,2,1.3333333333333333,1.3333333333333333,1.5,1.25,0.25,1.2071268656716418,1.0
2024-03-30,2023-2024,Burnley,Chelsea,0,2,2,18,33,7,13,7,12,4,12,2,1,1,5,1.6666666666666667,0.6666666666666666,1.75,3.25,-1.5,-0.9628731343283581,1.0
2024-04-02,2023-2024,Burnley,Wolverhampton Wanderers,1,1,1,13,8,6,2,10,12,7,4,0,0,1,0,1.6666666666666667,0.6666666666666666,1.5,0.5,1.0,-0.06287313432835807,1.0
2024-04-06,2023-2024,Burnley,Everton,0,0,1,6,12,1,3,13,11,5,3,1,1,0,4,0.6666666666666666,1.6666666666666667,0.25,0.75,-0.5,-2.1328731343283582,1.0
2024-04-13,2023-2024,Burnley,Brighton and Hove Albion,1,1,1,11,20,3,8,18,8,4,5,1,0,1,1,0.6666666666666666,1.6666666666666667,0.75,2.0,-1.25,-1.232873134328358,1.0
2024-04-20,2023-2024,Burnley,Sheffield United,0,4,1,16,18,9,11,9,10,2,11,0,0,3,0,1.3333333333333333,1.3333333333333333,2.25,2.75,-0.5,1.1471268656716418,1.0
2024-04-27,2023-2024,Burnley,Manchester United,0,1,1,16,27,7,10,11,7,5,6,3,0,1,3,1.6666666666666667,0.6666666666666666,1.75,2.5,-0.75,-0.6628731343283581,1.0
2024-05-04,2023-2024,Burnley,Newcastle United,1,1,4,17,23,5,11,8,8,4,11,2,0,0,2,1.3333333333333333,1.3333333333333333,1.25,2.75,-1.5,-1.912873134328358,1.0
2024-05-11,2023-2024,Burnley,Tottenham Hotspur,0,1,2,7,21,3,9,14,10,3,9,5,0,0,5,0.3333333333333333,2.3333333333333335,0.75,2.25,-1.5,-2.662873134328358,1.0
2024-05-19,2023-2024,Burnley,Nottingham Forest,1,1,2,20,12,3,6,11,5,4,3,1,0,0,1,0.0,3.0,0.75,1.5,-0.75,-2.472873134328358,1.0
2025-08-16,2025-2026,Burnley,Tottenham Hotspur,0,0,3,14,16,4,6,8,14,5,6,0,0,0,0,0.0,3.0,1.0,1.5,-0.5,-2.352873134328358,1.0
2025-08-23,2025-2026,Burnley,Sunderland,1,2,0,7,9,2,1,9,5,4,3,0,0,3,0,1.0,2.0,0.5,0.25,0.25,1.097126865671642,1.0
2025-08-30,2025-2026,Burnley,Manchester United,0,2,3,6,26,3,6,9,9,1,7,5,0,0,5,1.0,2.0,0.75,1.5,-0.75,-2.142873134328358,1.0
2025-09-14,2025-2026,Burnley,Liverpool,1,0,1,3,27,0,4,9,9,1,13,0,0,0,0,1.0,2.0,0.0,1.0,-1.0,-1.9028731343283578,1.0
2025-09-20,2025-2026,Burnley,Nottingham Forest,1,1,1,12,17,5,8,12,11,4,5,1,0,1,1,0.3333333333333333,2.3333333333333335,1.25,2.0,-0.75,-1.342873134328358,1.0
2025-09-27,2025-2026,Burnley,Manchester City,0,1,5,9,21,2,8,7,5,2,10,3,0,0,3,0.3333333333333333,2.3333333333333335,0.5,2.0,-1.5,-2.5428731343283584,1.0
2025-10-05,2025-2026,Burnley,Aston Villa,0,1,2,5,15,2,7,15,9,4,6,1,0,0,1,0.3333333333333333,2.3333333333333335,0.5,1.75,-1.25,-2.362873134328358,1.0
2025-10-18,2025-2026,Burnley,Leeds United,1,2,0,4,19,3,4,10,7,1,5,2,0,3,2,1.0,2.0,0.75,1.0,-0.25,0.8571268656716418,1.0
2025-10-26,2025-2026,Burnley,Wolverhampton Wanderers,0,3,2,11,15,7,7,7,12,3,5,0,0,3,0,2.0,1.0,1.75,1.75,0.0,1.6071268656716418,1.0
2025-11-01,2025-2026,Burnley,Arsenal,1,0,2,3,12,0,8,10,13,1,6,2,0,0,2,2.0,1.0,0.0,2.0,-2.0,-1.692873134328358,1.0
2025-11-08,2025-2026,Burnley,West Ham United,0,2,3,16,15,7,6,13,15,4,7,2,0,0,2,1.0,2.0,1.75,1.5,0.25,-1.722873134328358,1.0
2020-09-14,2020-2021,Chelsea,Brighton and Hove Albion,0,3,1,10,13,5,3,13,8,3,4,0,0,3,0,3.0,0.0,1.25,0.75,0.5,2.297126865671642,125.29712686567164
2020-09-20,2020-2021,Chelsea,Liverpool,1,0,2,5,18,3,6,10,6,1,11,0,1,0,3,1.5,1.5,0.75,1.5,-0.75,-1.7378731343283578,123.55925373134329
2020-09-26,2020-2021,Chelsea,West Brom,0,3,3,22,9,10,3,16,8,9,3,3,0,1,3,1.3333333333333333,1.3333333333333333,2.5,0.75,1.75,-0.29287313432835815,123.26638059701493
2020-10-03,2020-2021,Chelsea,Crystal Palace,1,4,0,17,4,6,0,17,13,8,5,2,0,3,2,1.3333333333333333,1.3333333333333333,1.5,0.0,1.5,1.507126865671642,124.77350746268657
2020-10-17,2020-2021,Chelsea,Southampton,1,3,3,11,13,5,6,11,9,6,2,1,0,1,1,1.6666666666666667,0.6666666666666666,1.25,1.5,-0.25,-0.42287313432835805,124.35063432835821
2020-10-24,2020-2021,Chelsea,Manchester United,0,0,0,6,14,1,4,6,8,6,9,1,0,1,1,1.6666666666666667,0.6666666666666666,0.25,1.0,-0.75,-0.542873134328358,123.80776119402985
2020-10-31,2020-2021,Chelsea,Burnley,0,3,0,14,5,9,0,15,10,4,3,0,0,3,0,1.6666666666666667,0.6666666666666666,2.25,0.0,2.25,2.0371268656716417,125.84488805970149
2020-11-07,2020-2021,Chelsea,Sheffield United,1,4,1,20,6,9,3,5,14,6,7,0,0,3,0,2.3333333333333335,0.3333333333333333,2.25,0.75,1.5,2.197126865671642,128.04201492537314
2020-11-21,2020-2021,Chelsea,Newcastle United,0,2,0,14,8,3,1,12,11,4,7,0,0,3,0,3.0,0.0,0.75,0.25,0.5,2.297126865671642,130.33914179104477
2020-11-29,2020-2021,Chelsea,Tottenham Hotspur,1,0,0,13,5,3,1,20,9,3,3,4,0,1,4,2.3333333333333335,0.3333333333333333,0.75,0.25,0.5,-0.08287313432835802,130.25626865671643
2020-12-05,2020-2021,Chelsea,Leeds United,1,3,1,23,8,11,3,12,9,8,4,0,0,3,0,2.3333333333333335,0.3333333333333333,2.75,0.75,2.0,2.3171268656716415,132.57339552238807
2020-12-12,2020-2021,Chelsea,Everton,0,0,1,10,9,3,4,11,10,6,6,3,0,0,3,1.3333333333333333,1.3333333333333333,0.75,1.0,-0.25,-1.6728731343283583,130.9005223880597
2020-12-15,2020-2021,Chelsea,Wolverhampton Wanderers,0,1,2,13,12,3,4,12,12,6,5,2,0,0,2,1.0,2.0,0.75,1.0,-0.25,-1.8428731343283582,129.05764925373134
2020-12-21,2020-2021,Chelsea,West Ham United,1,3,0,11,6,7,0,11,6,5,4,0,0,3,0,1.0,2.0,1.75,0.0,1.75,1.457126865671642,130.514776119403
2020-12-26,2020-2021,Chelsea,Arsenal,0,1,3,19,15,3,7,10,13,9,7,1,0,0,1,1.0,2.0,0.75,1.75,-1.0,-1.9628731343283579,128.55190298507463
2020-12-28,2020-2021,Chelsea,Aston Villa,1,1,1,16,10,5,2,16,3,11,4,3,0,1,3,1.3333333333333333,1.3333333333333333,1.25,0.5,0.75,-0.5328731343283581,128.01902985074628
2021-01-03,2020-2021,Chelsea,Manchester City,1,1,3,9,18,2,6,11,10,5,3,3,0,0,3,0.3333333333333333,2.3333333333333335,0.5,1.5,-1.0,-2.4228731343283583,125.59615671641791
2021-01-16,2020-2021,Chelsea,Fulham,0,1,0,21,10,6,3,10,11,12,1,3,0,3,3,1.3333333333333333,1.3333333333333333,1.5,0.75,0.75,1.267126865671642,126.86328358208955
2021-01-19,2020-2021,Chelsea,Leicester City,0,0,2,9,8,5,6,16,7,3,6,3,0,0,3,1.0,2.0,1.25,1.5,-0.25,-1.9028731343283583,124.96041044776119
2021-01-27,2020-2021,Chelsea,Wolverhampton Wanderers,1,0,0,14,4,5,0,14,7,13,1,1,0,1,1,1.3333333333333333,1.3333333333333333,1.25,0.0,1.25,-0.29287313432835815,124.66753731343283
2021-01-31,2020-2021,Chelsea,Burnley,1,2,0,19,1,8,0,7,9,4,2,0,0,3,0,1.3333333333333333,1.3333333333333333,2.0,0.0,2.0,1.7471268656716419,126.41466417910448
2021-02-04,2020-2021,Chelsea,Tottenham Hotspur,0,1,0,18,7,2,2,14,20,7,2,3,0,3,3,2.3333333333333335,0.3333333333333333,0.5,0.5,0.0,1.6571268656716418,128.07179104477612
2021-02-07,2020-2021,Chelsea,Sheffield United,0,2,1,9,8,3,3,8,8,8,1,0,0,3,0,3.0,0.0,0.75,0.75,0.0,2.177126865671642,130.24891791044777
2021-02-15,2020-2021,Chelsea,Newcastle United,1,2,0,18,10,5,4,9,13,10,5,0,0,3,0,3.0,0.0,1.25,1.0,0.25,2.237126865671642,132.4860447761194
2021-02-20,2020-2021,Chelsea,Southampton,0,1,1,9,4,3,1,10,10,6,3,1,0,1,1,2.3333333333333335,0.3333333333333333,0.75,0.25,0.5,0.09712686567164197,132.58317164179104
2021-02-28,2020-2021,Chelsea,Manchester United,1,0,0,18,11,6,4,11,12,3,4,1,0,1,1,1.6666666666666667,0.6666666666666666,1.5,1.0,0.5,-0.24287313432835808,132.34029850746268
2021-03-04,2020-2021,Chelsea,Liverpool,0,1,0,11,7,5,1,8,9,2,5,0,0,3,0,1.6666666666666667,0.6666666666666666,1.25,0.25,1.0,1.7371268656716419,134.07742537313433
2021-03-08,2020-2021,Chelsea,Everton,1,2,0,19,7,9,1,11,12,7,3,0,0,3,0,2.3333333333333335,0.3333333333333333,2.25,0.25,2.0,2.3171268656716415,136.39455223880597
2021-03-13,2020-2021,Chelsea,Leeds United,0,0,0,15,7,8,4,6,16,5,8,0,0,1,0,2.3333333333333335,0.3333333333333333,2.0,1.0,1.0,0.27712686567164196,136.67167910447762
2021-04-03,2020-2021,Chelsea,West Brom,1,2,5,18,14,8,7,11,6,10,3,1,1,0,4,1.3333333333333333,1.3333333333333333,2.0,1.75,0.25,-1.612873134328358,135.05880597014925
2021-04-10,2020-2021,Chelsea,Crystal Palace,0,4,1,23,1,10,1,12,7,8,0,0,0,3,0,1.3333333333333333,1.3333333333333333,2.5,0.25,2.25,1.8071268656716417,136.8659328358209
2021-04-20,2020-2021,Chelsea,Brighton and Hove Albion,1,0,0,7,11,4,2,8,9,0,3,2,0,1,2,1.3333333333333333,1.3333333333333333,1.0,0.5,0.5,-0.5328731343283581,136.33305970149254
2021-04-24,2020-2021,Chelsea,West Ham United,0,1,0,17,9,6,2,11,9,2,4,4,0,3,4,2.3333333333333335,0.3333333333333333,1.5,0.5,1.0,1.8371268656716417,138.17018656716417
2021-05-01,2020-2021,Chelsea,Fulham,1,2,0,9,10,5,3,15,8,1,8,1,0,3,1,2.3333333333333335,0.3333333333333333,1.25,0.75,0.5,1.8971268656716418,140.06731343283582
2021-05-08,2020-2021,Chelsea,Manchester City,0,2,1,12,16,5,4,10,12,2,6,0,0,3,0,3.0,0.0,1.25,1.0,0.25,2.237126865671642,142.30444029850747
2021-05-12,2020-2021,Chelsea,Arsenal,1,0,1,19,5,5,2,7,6,9,1,0,0,0,0,2.0,1.0,1.25,0.5,0.75,-0.912873134328358,141.3915671641791
2021-05-18,2020-2021,Chelsea,Leicester City,1,2,1,17,7,6,3,15,16,6,5,2,0,3,2,2.0,1.0,1.5,0.75,0.75,1.6671268656716416,143.05869402985076
2021-05-23,2020-2021,Chelsea,Aston Villa,0,1,2,23,6,7,3,12,11,9,2,3,1,0,6,1.0,2.0,1.75,0.75,1.0,-1.7828731343283581,141.27582089552237
2021-08-14,2021-2022,Chelsea,Crystal Palace,1,3,0,13,4,6,1,15,11,5,2,0,0,3,0,2.0,1.0,1.5,0.25,1.25,1.9071268656716418,143.18294776119404
2021-08-22,2021-2022,Chelsea,Arsenal,0,2,0,22,6,5,3,4,10,8,9,0,0,3,0,2.0,1.0,1.25,0.75,0.5,1.7271268656716419,144.91007462686568
2021-08-28,2021-2022,Chelsea,Liverpool,0,1,1,6,24,3,7,4,13,3,12,2,1,1,5,2.3333333333333335,0.3333333333333333,0.75,1.75,-1.0,-0.502873134328358,144.40720149253733
2021-09-11,2021-2022,Chelsea,Aston Villa,1,3,0,12,18,4,6,11,11,4,11,1,0,3,1,2.3333333333333335,0.3333333333333333,1.0,1.5,-0.5,1.6571268656716416,146.06432835820897
2021-09-19,2021-2022,Chelsea,Tottenham Hotspur,0,3,0,20,8,10,2,15,4,11,5,1,0,3,1,2.3333333333333335,0.3333333333333333,2.5,0.5,2.0,2.2571268656716414,148.3214552238806
2021-09-25,2021-2022,Chelsea,Manchester City,1,0,1,5,15,0,4,12,10,4,13,3,0,0,3,2.0,1.0,0.0,1.0,-1.0,-1.5128731343283583,146.80858208955223
2021-10-02,2021-2022,Chelsea,Southampton,1,3,1,20,6,9,2,11,13,7,2,1,0,3,1,2.0,1.0,2.25,0.5,1.75,1.9671268656716419,148.77570895522388
2021-10-16,2021-2022,Chelsea,Brentford,0,1,0,5,17,1,7,8,13,5,5,1,0,3,1,2.0,1.0,0.25,1.75,-1.5,1.1871268656716418,149.96283582089552
2021-10-23,2021-2022,Chelsea,Norwich City,1,7,0,23,3,13,1,14,16,5,0,0,0,3,0,3.0,0.0,3.25,0.25,3.0,2.897126865671642,152.85996268656717
2021-10-30,2021-2022,Chelsea,Newcastle United,0,3,0,19,6,6,1,12,14,2,0,2,0,3,2,3.0,0.0,1.5,0.25,1.25,2.3571268656716415,155.2170895522388
2021-11-06,2021-2022,Chelsea,Burnley,1,1,1,25,5,4,2,6,9,14,2,1,0,1,1,2.3333333333333335,0.3333333333333333,1.0,0.5,0.5,0.09712686567164197,155.31421641791044
2021-11-20,2021-2022,Chelsea,Leicester City,0,3,0,16,4,7,3,8,15,5,3,1,0,3,1,2.3333333333333335,0.3333333333333333,1.75,0.75,1.0,2.0171268656716417,157.3313432835821
2021-11-28,2021-2022,Chelsea,Manchester United,1,1,1,24,3,6,2,13,14,15,2,2,0,1,2,1.6666666666666667,0.6666666666666666,1.5,0.5,1.0,-0.18287313432835808,157.14847014925374
2021-12-01,2021-2022,Chelsea,Watford,0,2,1,8,13,4,6,16,18,0,6,3,0,3,3,2.3333333333333335,0.3333333333333333,1.0,1.5,-0.5,1.5371268656716417,158.68559701492535
2021-12-04,2021-2022,Chelsea,West Ham United,0,2,3,19,11,7,5,10,10,9,1,3,0,0,3,1.3333333333333333,1.3333333333333333,1.75,1.25,0.5,-1.492873134328358,157.19272388059701
2021-12-11,2021-2022,Chelsea,Leeds United,1,3,2,16,12,6,5,9,15,5,2,2,0,3,2,2.0,1.0,1.5,1.25,0.25,1.5471268656716417,158.73985074626864
2021-12-16,2021-2022,Chelsea,Everton,1,1,1,23,5,10,3,11,11,7,1,2,0,1,2,1.3333333333333333,1.3333333333333333,2.5,0.75,1.75,-0.2328731343283581,158.5069776119403
2021-12-19,2021-2022,Chelsea,Wolverhampton Wanderers,0,0,0,8,4,1,1,7,9,9,4,2,0,1,2,1.6666666666666667,0.6666666666666666,0.25,0.25,0.0,-0.42287313432835805,158.08410447761193
2021-12-26,2021-2022,Chelsea,Aston Villa,0,3,1,10,8,4,1,11,8,5,2,1,0,3,1,1.6666666666666667,0.6666666666666666,1.0,0.25,0.75,1.6171268656716418,159.70123134328358
2021-12-29,2021-2022,Chelsea,Brighton and Hove Albion,1,1,1,11,18,5,6,14,7,10,8,4,0,1,4,1.6666666666666667,0.6666666666666666,1.25,1.5,-0.25,-0.6028731343283581,159.09835820895523
2022-01-02,2021-2022,Chelsea,Liverpool,1,2,2,15,10,6,6,5,13,6,7,1,0,1,1,1.6666666666666667,0.6666666666666666,1.5,1.5,0.0,-0.36287313432835805,158.73548507462687
2022-01-15,2021-2022,Chelsea,Manchester City,0,0,1,4,11,1,6,6,11,1,9,2,0,0,2,0.6666666666666666,1.6666666666666667,0.25,1.5,-1.25,-2.1928731343283583,156.5426119402985
2022-01-18,2021-2022,Chelsea,Brighton and Hove Albion,0,1,1,15,10,3,2,5,8,7,5,2,0,1,2,0.6666666666666666,1.6666666666666667,0.75,0.5,0.25,-0.932873134328358,155.60973880597015
2022-01-23,2021-2022,Chelsea,Tottenham Hotspur,1,2,0,15,6,7,3,17,14,10,3,2,0,3,2,1.3333333333333333,1.3333333333333333,1.75,0.75,1.0,1.3871268656716418,156.99686567164179
2022-02-19,2021-2022,Chelsea,Crystal Palace,0,1,0,9,7,3,0,20,4,4,4,3,0,3,3,2.3333333333333335,0.3333333333333333,0.75,0.0,0.75,1.8371268656716417,158.83399253731343
2022-03-05,2021-2022,Chelsea,Burnley,0,4,0,11,6,5,1,7,12,2,5,0,0,3,0,3.0,0.0,1.25,0.25,1.0,2.417126865671642,161.25111940298507
2022-03-10,2021-2022,Chelsea,Norwich City,0,3,1,15,9,7,3,15,8,8,3,2,0,3,2,3.0,0.0,1.75,0.75,1.0,2.297126865671642,163.54824626865673
2022-03-13,2021-2022,Chelsea,Newcastle United,1,1,0,8,7,3,2,17,16,7,2,4,0,3,4,3.0,0.0,0.75,0.5,0.25,1.9971268656716419,165.54537313432834
2022-04-02,2021-2022,Chelsea,Brentford,1,1,4,21,17,8,6,11,7,12,7,0,0,0,0,2.0,1.0,2.0,1.5,0.5,-0.9728731343283581,164.5725
2022-04-09,2021-2022,Chelsea,Southampton,0,6,0,24,4,14,1,10,11,3,3,0,0,3,0,2.0,1.0,3.5,0.25,3.25,2.387126865671642,166.95962686567162
2022-04-20,2021-2022,Chelsea,Arsenal,1,2,4,11,14,2,4,7,6,6,1,3,0,0,3,1.0,2.0,0.5,1.0,-0.5,-1.9628731343283579,164.9967537313433
2022-04-24,2021-2022,Chelsea,West Ham United,1,1,0,26,6,5,2,11,9,3,1,1,0,3,1,2.0,1.0,1.25,0.5,0.75,1.7271268656716416,166.72388059701493
2022-04-28,2021-2022,Chelsea,Manchester United,0,1,1,21,6,6,3,12,9,9,2,1,0,1,1,1.3333333333333333,1.3333333333333333,1.5,0.75,0.75,-0.4128731343283581,166.31100746268658
2022-05-01,2021-2022,Chelsea,Everton,0,0,1,17,9,5,4,12,9,8,3,5,0,0,5,1.3333333333333333,1.3333333333333333,1.25,1.0,0.25,-1.672873134328358,164.6381343283582
2022-05-07,2021-2022,Chelsea,Wolverhampton Wanderers,1,2,2,19,14,6,4,7,11,9,3,1,0,1,1,0.6666666666666666,1.6666666666666667,1.5,1.0,0.5,-0.8128731343283581,163.82526119402985
2022-05-11,2021-2022,Chelsea,Leeds United,0,3,0,17,5,4,0,14,10,5,1,0,0,3,0,1.3333333333333333,1.3333333333333333,1.0,0.0,1.0,1.507126865671642,165.3323880597015
2022-05-19,2021-2022,Chelsea,Leicester City,1,1,1,20,2,7,1,13,7,6,0,4,0,1,4,1.6666666666666667,0.6666666666666666,1.75,0.25,1.5,-0.18287313432835803,165.14951492537313
2022-05-22,2021-2022,Chelsea,Watford,1,2,1,19,8,8,3,9,9,3,3,0,0,3,0,2.3333333333333335,0.3333333333333333,2.0,0.75,1.25,2.137126865671642,167.28664179104476
2022-08-06,2022-2023,Chelsea,Everton,0,1,0,15,8,6,4,11,14,16,4,2,0,3,2,2.3333333333333335,0.3333333333333333,1.5,1.0,0.5,1.8371268656716417,169.1237686567164
2022-08-14,2022-2023,Chelsea,Tottenham Hotspur,1,2,2,16,10,3,5,9,9,8,5,3,0,1,3,2.3333333333333335,0.3333333333333333,0.75,1.25,-0.5,-0.262873134328358,168.86089552238806
2022-08-21,2022-2023,Chelsea,Leeds United,0,0,3,14,12,3,6,15,16,6,4,1,1,0,4,1.3333333333333333,1.3333333333333333,0.75,1.5,-0.75,-1.8528731343283578,167.00802238805971
2022-08-27,2022-2023,Chelsea,Leicester City,1,2,1,7,17,3,5,10,7,3,11,1,1,3,4,1.3333333333333333,1.3333333333333333,0.75,1.25,-0.5,0.9071268656716418,167.91514925373133
2022-08-30,2022-2023,Chelsea,Southampton,0,1,2,10,9,4,7,10,15,3,5,1,0,0,1,1.0,2.0,1.0,1.75,-0.75,-1.9028731343283578,166.012276119403
2022-09-03,2022-2023,Chelsea,West Ham United,1,2,1,8,6,3,3,6,11,10,3,4,0,3,4,2.0,1.0,0.75,0.75,0.0,1.3671268656716418,167.37940298507462
2022-10-01,2022-2023,Chelsea,Crystal Palace,0,2,1,13,7,3,3,13,11,2,5,3,0,3,3,2.0,1.0,0.75,0.75,0.0,1.4271268656716418,168.80652985074627
2022-10-08,2022-2023,Chelsea,Wolverhampton Wanderers,1,3,0,20,8,7,2,8,8,4,2,2,0,3,2,3.0,0.0,1.75,0.5,1.25,2.3571268656716415,171.1636567164179
2022-10-16,2022-2023,Chelsea,Aston Villa,0,2,0,8,18,4,7,11,12,1,7,3,0,3,3,3.0,0.0,1.0,1.75,-0.75,1.817126865671642,172.98078358208954
2022-10-19,2022-2023,Chelsea,Brentford,0,0,0,14,8,5,5,7,7,2,6,0,0,1,0,2.3333333333333335,0.3333333333333333,1.25,1.25,0.0,0.03712686567164197,173.01791044776118
2022-10-22,2022-2023,Chelsea,Manchester United,1,1,1,6,13,2,6,8,10,6,4,1,0,1,1,1.6666666666666667,0.6666666666666666,0.5,1.5,-1.0,-0.6028731343283581,172.41503731343283
2022-10-29,2022-2023,Chelsea,Brighton and Hove Albion,0,1,4,15,19,7,9,6,16,7,8,2,0,0,2,0.6666666666666666,1.6666666666666667,1.75,2.25,-0.5,-2.012873134328358,170.4021641791045
2022-11-06,2022-2023,Chelsea,Arsenal,1,0,1,5,14,1,2,20,13,4,6,5,0,0,5,0.3333333333333333,2.3333333333333335,0.25,0.5,-0.25,-2.362873134328358,168.03929104477612
2022-11-12,2022-2023,Chelsea,Newcastle United,0,0,1,5,10,2,3,11,14,3,5,2,0,0,2,0.0,3.0,0.5,0.75,-0.25,-2.412873134328358,165.62641791044774
2022-12-27,2022-2023,Chelsea,Bournemouth,1,2,0,15,9,5,4,8,10,6,8,0,0,3,0,1.0,2.0,1.25,1.0,0.25,1.097126865671642,166.7235447761194
2023-01-01,2022-2023,Chelsea,Nottingham Forest,0,1,1,7,12,2,5,14,16,2,1,2,0,1,2,1.3333333333333333,1.3333333333333333,0.5,1.25,-0.75,-0.8328731343283582,165.89067164179104
2023-01-05,2022-2023,Chelsea,Manchester City,1,0,1,8,12,2,3,9,9,3,2,2,0,0,2,1.3333333333333333,1.3333333333333333,0.5,0.75,-0.25,-1.6128731343283582,164.27779850746268
2023-01-12,2022-2023,Chelsea,Fulham,0,1,2,20,8,10,3,16,12,7,5,3,1,0,6,0.3333333333333333,2.3333333333333335,2.5,0.75,1.75,-1.942873134328358,162.33492537313433
2023-01-15,2022-2023,Chelsea,Crystal Palace,1,1,0,15,10,5,5,10,17,11,7,2,0,3,2,1.0,2.0,1.25,1.25,0.0,0.9171268656716418,163.25205223880596
2023-01-21,2022-2023,Chelsea,Liverpool,0,0,0,11,15,2,3,9,16,5,5,1,0,1,1,1.3333333333333333,1.3333333333333333,0.5,0.75,-0.25,-0.6528731343283581,162.5991791044776
2023-02-03,2022-2023,Chelsea,Fulham,1,0,0,12,10,3,4,16,12,6,2,1,0,1,1,1.6666666666666667,0.6666666666666666,0.75,1.0,-0.25,-0.42287313432835805,162.17630597014926
2023-02-11,2022-2023,Chelsea,West Ham United,0,1,1,12,10,4,2,11,9,6,5,1,0,1,1,1.0,1.0,1.0,0.5,0.5,-0.5828731343283581,161.5934328358209
2023-02-18,2022-2023,Chelsea,Southampton,1,0,1,17,8,5,5,16,24,8,2,3,0,0,3,0.6666666666666666,1.6666666666666667,1.25,1.25,0.0,-1.952873134328358,159.64055970149252
2023-02-26,2022-2023,Chelsea,Tottenham Hotspur,0,0,2,10,8,2,3,10,10,4,4,3,0,0,3,0.3333333333333333,2.3333333333333335,0.5,0.75,-0.25,-2.242873134328358,157.39768656716416
2023-03-04,2022-2023,Chelsea,Leeds United,1,1,0,13,11,3,2,10,7,5,7,2,0,3,2,1.0,2.0,0.75,0.5,0.25,0.9771268656716419,158.37481343283582
2023-03-11,2022-2023,Chelsea,Leicester City,0,3,1,12,17,6,7,11,10,5,2,2,0,3,2,2.0,1.0,1.5,1.75,-0.25,1.4271268656716416,159.80194029850745
2023-03-18,2022-2023,Chelsea,Everton,1,2,2,20,12,7,3,8,12,8,2,2,0,1,2,2.3333333333333335,0.3333333333333333,1.75,0.75,1.0,0.157126865671642,159.9590671641791
2023-04-01,2022-2023,Chelsea,Aston Villa,1,0,2,27,5,8,2,14,16,13,2,3,0,0,3,1.3333333333333333,1.3333333333333333,2.0,0.5,1.5,-1.2528731343283581,158.70619402985074
2023-04-04,2022-2023,Chelsea,Liverpool,1,0,0,12,7,3,4,6,17,3,5,1,0,1,1,0.6666666666666666,1.6666666666666667,0.75,1.0,-0.25,-0.9928731343283582,157.71332089552237
2023-04-08,2022-2023,Chelsea,Wolverhampton Wanderers,0,0,1,13,9,1,4,10,14,8,8,5,0,0,5,0.3333333333333333,2.3333333333333335,0.25,1.0,-0.75,-2.482873134328358,155.23044776119403
2023-04-15,2022-2023,Chelsea,Brighton and Hove Albion,1,1,2,8,26,2,10,11,11,2,8,2,0,0,2,0.3333333333333333,2.3333333333333335,0.5,2.5,-2.0,-2.602873134328358,152.62757462686565
2023-04-26,2022-2023,Chelsea,Brentford,1,0,2,15,7,4,1,5,13,5,2,1,0,0,1,0.0,3.0,1.0,0.25,0.75,-2.112873134328358,150.5147014925373
2023-05-02,2022-2023,Chelsea,Arsenal,0,1,3,7,16,4,10,10,10,2,7,2,0,0,2,0.0,3.0,1.0,2.5,-1.5,-2.7128731343283583,147.80182835820895
2023-05-06,2022-2023,Chelsea,Bournemouth,0,3,1,11,10,5,4,11,9,7,7,3,0,3,3,1.0,2.0,1.25,1.0,0.25,0.9171268656716418,148.71895522388058
2023-05-13,2022-2023,Chelsea,Nottingham Forest,1,2,2,14,11,6,2,13,15,2,5,3,0,1,3,1.3333333333333333,1.3333333333333333,1.5,0.5,1.0,-0.4728731343283581,148.24608208955223
2023-05-21,2022-2023,Chelsea,Manchester City,0,0,1,13,15,6,2,9,12,2,5,2,0,0,2,1.3333333333333333,1.3333333333333333,1.5,0.5,1.0,-1.3128731343283582,146.93320895522388
2023-05-25,2022-2023,Chelsea,Manchester United,0,1,4,14,18,5,9,6,12,4,3,1,0,0,1,0.3333333333333333,2.3333333333333335,1.25,2.25,-1.0,-2.302873134328358,144.6303358208955
2023-05-28,2022-2023,Chelsea,Newcastle United,1,1,1,22,13,5,4,9,11,10,3,0,0,1,0,0.3333333333333333,2.3333333333333335,1.25,1.0,0.25,-1.0428731343283582,143.58746268656716
2023-08-13,2023-2024,Chelsea,Liverpool,1,1,1,10,13,4,1,5,12,4,4,3,0,1,3,0.6666666666666666,1.6666666666666667,1.0,0.25,0.75,-0.8728731343283581,142.7145895522388
2023-08-20,2023-2024,Chelsea,West Ham United,0,1,3,17,12,4,6,9,12,9,3,3,0,0,3,0.6666666666666666,1.6666666666666667,1.0,1.5,-0.5,-2.072873134328358,140.64171641791043
2023-08-25,2023-2024,Chelsea,Luton Town,1,3,0,19,11,8,1,15,12,6,4,2,0,3,2,1.3333333333333333,1.3333333333333333,2.0,0.25,1.75,1.567126865671642,142.2088432835821
2023-09-02,2023-2024,Chelsea,Nottingham Forest,1,0,1,21,7,2,3,10,9,8,0,3,0,0,3,1.0,2.0,0.5,0.75,-0.25,-1.9028731343283583,140.3059701492537
2023-09-17,2023-2024,Chelsea,Bournemouth,0,0,0,14,13,6,4,20,15,7,1,5,0,1,5,1.3333333333333333,1.3333333333333333,1.5,1.0,0.5,-0.7128731343283581,139.59309701492538
2023-09-24,2023-2024,Chelsea,Aston Villa,1,0,1,10,15,4,7,9,11,5,11,2,0,0,2,0.3333333333333333,2.3333333333333335,1.0,1.75,-0.75,-2.302873134328358,137.290223880597
2023-10-02,2023-2024,Chelsea,Fulham,0,2,0,11,10,4,3,12,15,1,8,4,0,3,4,1.3333333333333333,1.3333333333333333,1.0,0.75,0.25,1.087126865671642,138.37735074626866
2023-10-07,2023-2024,Chelsea,Burnley,0,4,1,9,10,5,3,8,11,3,7,4,0,3,4,2.0,1.0,1.25,0.75,0.5,1.4871268656716419,139.8644776119403
2023-10-21,2023-2024,Chelsea,Arsenal,1,2,2,11,13,5,3,7,14,2,7,3,0,1,3,2.3333333333333335,0.3333333333333333,1.25,0.75,0.5,-0.022873134328358042,139.84160447761192
2023-10-28,2023-2024,Chelsea,Brentford,1,0,2,17,7,2,5,12,7,10,1,1,0,0,1,1.3333333333333333,1.3333333333333333,0.5,1.25,-0.75,-1.672873134328358,138.16873134328358
2023-11-06,2023-2024,Chelsea,Tottenham Hotspur,0,4,1,17,8,8,5,21,12,6,1,5,0,3,5,1.3333333333333333,1.3333333333333333,2.0,1.25,0.75,1.1471268656716418,139.3158582089552
2023-11-12,2023-2024,Chelsea,Manchester City,1,4,4,17,15,9,10,12,15,3,3,5,0,1,5,1.3333333333333333,1.3333333333333333,2.25,2.5,-0.25,-0.8928731343283581,138.42298507462687
2023-11-25,2023-2024,Chelsea,Newcastle United,0,1,4,7,14,4,5,19,13,2,4,4,1,0,7,1.3333333333333333,1.3333333333333333,1.0,1.25,-0.25,-1.912873134328358,136.51011194029851
2023-12-03,2023-2024,Chelsea,Brighton and Hove Albion,1,3,2,8,18,5,9,16,12,5,8,3,1,3,6,1.3333333333333333,1.3333333333333333,1.25,2.25,-1.0,0.6671268656716419,137.17723880597015
2023-12-06,2023-2024,Chelsea,Manchester United,0,1,2,13,28,3,9,12,12,4,12,0,0,0,0,1.0,2.0,0.75,2.25,-1.5,-2.022873134328358,135.15436567164178
2023-12-10,2023-2024,Chelsea,Everton,0,0,2,16,9,4,5,12,12,8,4,2,0,0,2,1.0,2.0,1.0,1.25,-0.25,-1.8428731343283582,133.31149253731343
2023-12-16,2023-2024,Chelsea,Sheffield United,1,2,0,15,6,6,1,9,14,7,6,1,0,3,1,1.0,2.0,1.5,0.25,1.25,1.277126865671642,134.58861940298507
2023-12-24,2023-2024,Chelsea,Wolverhampton Wanderers,0,1,2,16,14,5,6,9,11,6,10,5,0,0,5,1.0,2.0,1.25,1.5,-0.25,-2.022873134328358,132.5657462686567
2023-12-27,2023-2024,Chelsea,Crystal Palace,1,2,1,9,13,4,5,13,16,4,3,3,0,3,3,2.0,1.0,1.0,1.25,-0.25,1.3671268656716415,133.93287313432836
2023-12-30,2023-2024,Chelsea,Luton Town,0,3,2,12,15,8,6,21,14,2,7,2,0,3,2,2.0,1.0,2.0,1.5,0.5,1.6071268656716418,135.54
2024-01-13,2023-2024,Chelsea,Fulham,1,1,0,17,14,3,4,13,9,6,4,5,0,3,5,3.0,0.0,0.75,1.0,-0.25,1.8171268656716417,137.35712686567163
2024-01-31,2023-2024,Chelsea,Liverpool,0,1,4,4,28,3,13,16,15,1,8,4,0,0,4,2.0,1.0,0.75,3.25,-2.5,-1.932873134328358,135.42425373134327
2024-02-04,2023-2024,Chelsea,Wolverhampton Wanderers,1,2,4,15,14,6,7,15,11,10,1,3,0,0,3,1.0,2.0,1.5,1.75,-0.25,-1.9028731343283583,133.5213805970149
2024-02-12,2023-2024,Chelsea,Crystal Palace,0,3,1,14,13,5,4,7,14,7,1,2,0,3,2,1.0,2.0,1.25,1.0,0.25,0.9771268656716419,134.49850746268658
2024-02-17,2023-2024,Chelsea,Manchester City,0,1,1,9,31,6,5,12,7,1,12,3,0,1,3,1.3333333333333333,1.3333333333333333,1.5,1.25,0.25,-0.6528731343283581,133.84563432835822
2024-03-02,2023-2024,Chelsea,Brentford,0,2,2,17,14,6,5,9,10,6,0,1,0,1,1,1.6666666666666667,0.6666666666666666,1.5,1.25,0.25,-0.30287313432835805,133.54276119402985
2024-03-11,2023-2024,Chelsea,Newcastle United,1,3,2,12,11,8,3,12,7,0,4,3,0,3,3,1.6666666666666667,0.6666666666666666,2.0,0.75,1.25,1.617126865671642,135.1598880597015
2024-03-30,2023-2024,Chelsea,Burnley,1,2,2,33,18,13,7,12,7,12,4,2,0,1,2,1.6666666666666667,0.6666666666666666,3.25,1.75,1.5,-0.06287313432835805,135.09701492537314
2024-04-04,2023-2024,Chelsea,Manchester United,1,4,3,28,19,10,5,7,15,12,3,3,0,3,3,2.3333333333333335,0.3333333333333333,2.5,1.25,1.25,1.9571268656716418,137.05414179104477
2024-04-07,2023-2024,Chelsea,Sheffield United,0,2,2,6,11,3,6,10,12,6,7,2,0,1,2,1.6666666666666667,0.6666666666666666,0.75,1.5,-0.75,-0.6028731343283581,136.45126865671642
2024-04-15,2023-2024,Chelsea,Everton,1,6,0,14,10,10,2,5,21,4,8,1,0,3,1,2.3333333333333335,0.3333333333333333,2.5,0.5,2.0,2.2571268656716414,138.70839552238806
2024-04-23,2023-2024,Chelsea,Arsenal,0,0,5,7,27,1,10,11,12,2,4,2,0,0,2,1.3333333333333333,1.3333333333333333,0.25,2.5,-2.25,-2.092873134328358,136.6155223880597
2024-04-27,2023-2024,Chelsea,Aston Villa,0,2,2,21,9,5,4,14,13,4,2,5,0,1,5,1.3333333333333333,1.3333333333333333,1.25,1.0,0.25,-0.7728731343283581,135.84264925373134
2024-05-02,2023-2024,Chelsea,Tottenham Hotspur,1,2,0,16,19,5,3,12,16,4,9,0,0,3,0,1.3333333333333333,1.3333333333333333,1.25,0.75,0.5,1.387126865671642,137.22977611940297
2024-05-05,2023-2024,Chelsea,West Ham United,1,5,0,25,13,14,2,12,10,8,6,1,0,3,1,2.3333333333333335,0.3333333333333333,3.5,0.5,3.0,2.497126865671642,139.72690298507462
2024-05-11,2023-2024,Chelsea,Nottingham Forest,0,3,2,12,20,5,4,8,14,6,5,3,0,3,3,3.0,0.0,1.25,1.0,0.25,2.0571268656716417,141.78402985074626
2024-05-15,2023-2024,Chelsea,Brighton and Hove Albion,0,2,1,13,12,6,2,14,13,6,4,2,1,3,5,3.0,0.0,1.5,0.5,1.0,2.117126865671642,143.90115671641792
2024-05-19,2023-2024,Chelsea,Bournemouth,1,2,1,16,22,6,5,5,9,6,5,2,0,3,2,3.0,0.0,1.5,1.25,0.25,2.1171268656716418,146.01828358208957
2024-08-18,2024-2025,Chelsea,Manchester City,1,0,2,10,11,3,5,12,9,4,3,1,0,0,1,2.0,1.0,0.75,1.25,-0.5,-1.2728731343283581,144.7454104477612
2024-08-25,2024-2025,Chelsea,Wolverhampton Wanderers,0,6,2,14,12,8,4,13,13,5,5,3,0,3,3,2.0,1.0,2.0,1.0,1.0,1.6671268656716416,146.41253731343284
2024-09-01,2024-2025,Chelsea,Crystal Palace,1,1,1,13,9,7,3,9,13,4,5,4,0,1,4,1.3333333333333333,1.3333333333333333,1.75,0.75,1.0,-0.5328731343283581,145.87966417910448
2024-09-14,2024-2025,Chelsea,Bournemouth,0,1,0,10,19,3,7,9,16,3,6,8,0,3,8,2.3333333333333335,0.3333333333333333,0.75,1.75,-1.0,1.117126865671642,146.99679104477613
2024-09-21,2024-2025,Chelsea,West Ham United,0,3,0,12,15,5,7,9,17,5,6,2,0,3,2,2.3333333333333335,0.3333333333333333,1.25,1.75,-0.5,1.5971268656716415,148.59391791044777
2024-09-28,2024-2025,Chelsea,Brighton and Hove Albion,1,4,2,15,15,7,5,11,8,8,2,3,0,3,3,3.0,0.0,1.75,1.25,0.5,2.117126865671642,150.7110447761194
2024-10-06,2024-2025,Chelsea,Nottingham Forest,1,1,1,22,16,8,9,12,11,11,3,6,0,1,6,2.3333333333333335,0.3333333333333333,2.0,2.25,-0.25,-0.38287313432835807,150.32817164179104
2024-10-20,2024-2025,Chelsea,Liverpool,0,1,2,12,9,2,5,13,12,6,1,3,0,0,3,1.3333333333333333,1.3333333333333333,0.5,1.25,-0.75,-1.7928731343283577,148.5352985074627
2024-10-27,2024-2025,Chelsea,Newcastle United,1,2,1,17,11,7,3,13,16,7,4,6,0,3,6,1.3333333333333333,1.3333333333333333,1.75,0.75,1.0,1.1471268656716418,149.68242537313432
2024-11-03,2024-2025,Chelsea,Manchester United,0,1,1,12,11,3,4,14,19,8,4,2,0,1,2,1.3333333333333333,1.3333333333333333,0.75,1.0,-0.25,-0.7128731343283581,148.969552238806
2024-11-10,2024-2025,Chelsea,Arsenal,1,1,1,17,13,3,3,12,12,4,3,4,0,1,4,1.6666666666666667,0.6666666666666666,0.75,0.75,0.0,-0.542873134328358,148.4266791044776
2024-11-23,2024-2025,Chelsea,Leicester City,0,2,1,16,4,7,1,12,15,9,2,3,0,3,3,1.6666666666666667,0.6666666666666666,1.75,0.25,1.5,1.6771268656716418,150.10380597014927
2024-12-01,2024-2025,Chelsea,Aston Villa,1,3,0,17,10,8,4,21,6,3,4,2,0,3,2,2.3333333333333335,0.3333333333333333,2.0,1.0,1.0,1.9571268656716416,152.0609328358209
2024-12-04,2024-2025,Chelsea,Southampton,0,5,1,26,6,13,4,14,7,7,5,0,0,3,0,3.0,0.0,3.25,1.0,2.25,2.717126865671642,154.77805970149254
2024-12-08,2024-2025,Chelsea,Tottenham Hotspur,0,4,3,17,13,8,5,11,17,10,5,2,0,3,2,3.0,0.0,2.0,1.25,0.75,2.2371268656716414,157.0151865671642
2024-12-15,2024-2025,Chelsea,Brentford,1,2,1,26,9,8,4,11,7,8,5,0,1,3,3,3.0,0.0,2.0,1.0,1.0,2.2371268656716423,159.25231343283582
2024-12-22,2024-2025,Chelsea,Everton,0,0,0,12,5,5,4,12,20,5,2,1,0,1,1,2.3333333333333335,0.3333333333333333,1.25,1.0,0.25,0.03712686567164197,159.2894402985075
2024-12-26,2024-2025,Chelsea,Fulham,1,1,2,12,14,8,7,13,13,3,1,1,0,0,1,1.3333333333333333,1.3333333333333333,2.0,1.75,0.25,-1.432873134328358,157.85656716417913
2024-12-30,2024-2025,Chelsea,Ipswich Town,0,0,2,20,9,5,6,5,9,7,4,4,0,0,4,0.3333333333333333,2.3333333333333335,1.25,1.5,-0.25,-2.302873134328358,155.55369402985076
2025-01-04,2024-2025,Chelsea,Crystal Palace,0,1,1,15,13,1,6,12,9,6,6,2,0,1,2,0.3333333333333333,2.3333333333333335,0.25,1.5,-1.25,-1.5228731343283581,154.0308208955224
2025-01-14,2024-2025,Chelsea,Bournemouth,1,2,2,26,7,10,3,15,16,9,3,2,0,1,2,0.6666666666666666,1.6666666666666667,2.5,0.75,1.75,-0.5728731343283581,153.45794776119405
2025-01-20,2024-2025,Chelsea,Wolverhampton Wanderers,1,3,1,19,9,7,4,8,14,3,6,4,0,3,4,1.6666666666666667,0.6666666666666666,1.75,1.0,0.75,1.4371268656716418,154.89507462686566
2025-01-25,2024-2025,Chelsea,Manchester City,0,1,3,10,15,4,6,8,6,4,2,2,0,0,2,1.3333333333333333,1.3333333333333333,1.0,1.5,-0.5,-1.6728731343283583,153.22220149253732
2025-02-03,2024-2025,Chelsea,West Ham United,1,2,1,22,14,3,5,11,10,4,3,3,0,3,3,2.0,1.0,0.75,1.25,-0.5,1.3071268656716417,154.52932835820897
2025-02-14,2024-2025,Chelsea,Brighton and Hove Albion,0,0,3,8,13,0,5,15,12,9,2,2,0,0,2,1.0,2.0,0.0,1.25,-1.25,-2.082873134328358,152.4464552238806
2025-02-22,2024-2025,Chelsea,Aston Villa,0,1,2,15,12,7,6,16,15,3,2,3,0,0,3,1.0,2.0,1.75,1.5,0.25,-1.7828731343283581,150.66358208955225
2025-02-25,2024-2025,Chelsea,Southampton,1,4,0,19,7,10,2,6,9,4,2,1,0,3,1,1.0,2.0,2.5,0.5,2.0,1.4571268656716418,152.12070895522388
2025-03-09,2024-2025,Chelsea,Leicester City,1,1,0,20,3,7,3,12,13,12,2,1,0,3,1,2.0,1.0,1.75,0.75,1.0,1.7871268656716417,153.9078358208955
2025-03-16,2024-2025,Chelsea,Arsenal,0,0,1,8,12,2,4,13,10,4,5,3,0,0,3,2.0,1.0,0.5,1.0,-0.5,-1.3928731343283582,152.51496268656717
2025-04-03,2024-2025,Chelsea,Tottenham Hotspur,1,1,0,11,8,5,2,7,16,4,6,5,0,3,5,2.0,1.0,1.25,0.5,0.75,1.4871268656716417,154.0020895522388
2025-04-06,2024-2025,Chelsea,Brentford,0,0,0,21,9,5,2,12,12,6,3,3,0,1,3,1.3333333333333333,1.3333333333333333,1.25,0.5,0.75,-0.5328731343283581,153.46921641791045
2025-04-13,2024-2025,Chelsea,Ipswich Town,1,2,2,34,13,9,4,11,7,15,4,2,0,1,2,1.6666666666666667,0.6666666666666666,2.25,1.0,1.25,-0.12287313432835809,153.3463432835821
2025-04-20,2024-2025,Chelsea,Fulham,0,2,1,13,6,8,1,9,13,4,6,3,0,3,3,1.6666666666666667,0.6666666666666666,2.0,0.25,1.75,1.737126865671642,155.08347014925374
2025-04-26,2024-2025,Chelsea,Everton,1,1,0,10,6,7,3,11,11,10,2,0,0,3,0,2.3333333333333335,0.3333333333333333,1.75,0.75,1.0,2.0771268656716417,157.16059701492537
2025-05-04,2024-2025,Chelsea,Liverpool,1,3,1,17,11,7,2,10,11,3,6,2,0,3,2,3.0,0.0,1.75,0.5,1.25,2.3571268656716415,159.51772388059703
2025-05-11,2024-2025,Chelsea,Newcastle United,0,0,2,10,15,3,6,13,9,8,2,2,1,0,5,2.0,1.0,0.75,1.5,-0.75,-1.572873134328358,157.94485074626866
2025-05-16,2024-2025,Chelsea,Manchester United,1,1,0,11,4,3,1,10,14,7,2,1,0,3,1,2.0,1.0,0.75,0.25,0.5,1.6671268656716418,159.6119776119403
2025-05-25,2024-2025,Chelsea,Nottingham Forest,0,1,0,6,10,2,2,11,10,4,7,2,0,3,2,2.0,1.0,0.5,0.5,0.0,1.4871268656716417,161.09910447761195
2025-08-17,2025-2026,Chelsea,Crystal Palace,1,0,0,19,12,3,4,10,12,11,2,2,0,1,2,2.3333333333333335,0.3333333333333333,0.75,1.0,-0.25,-0.14287313432835805,160.95623134328358
2025-08-22,2025-2026,Chelsea,West Ham United,0,5,1,12,12,7,4,10,7,5,7,1,0,3,1,2.3333333333333335,0.3333333333333333,1.75,1.0,0.75,1.9571268656716416,162.91335820895523
2025-08-30,2025-2026,Chelsea,Fulham,1,2,0,13,11,6,3,11,17,6,4,2,0,3,2,2.3333333333333335,0.3333333333333333,1.5,0.75,0.75,1.8971268656716416,164.81048507462685
2025-09-13,2025-2026,Chelsea,Brentford,0,2,2,16,7,6,4,9,13,6,5,2,0,1,2,2.3333333333333335,0.3333333333333333,1.5,1.0,0.5,0.03712686567164197,164.84761194029852
2025-09-20,2025-2026,Chelsea,Manchester United,0,1,2,5,11,1,4,14,13,5,5,5,1,0,8,1.3333333333333333,1.3333333333333333,0.25,1.0,-0.75,-2.0928731343283578,162.75473880597013
2025-09-27,2025-2026,Chelsea,Brighton and Hove Albion,1,1,3,13,12,3,3,9,16,5,7,3,1,0,6,0.3333333333333333,2.3333333333333335,0.75,0.75,0.0,-2.362873134328358,160.3918656716418
2025-10-04,2025-2026,Chelsea,Liverpool,1,2,1,12,12,6,2,9,8,7,2,0,0,3,0,1.0,2.0,1.5,0.5,1.0,1.277126865671642,161.66899253731344
2025-10-18,2025-2026,Chelsea,Nottingham Forest,0,3,0,17,12,6,2,16,13,2,5,2,1,3,5,2.0,1.0,1.5,0.5,1.0,1.5471268656716417,163.21611940298507
2025-10-25,2025-2026,Chelsea,Sunderland,1,1,2,16,10,7,4,15,13,9,1,1,0,0,1,2.0,1.0,1.75,1.0,0.75,-0.9728731343283581,162.24324626865672
2025-11-01,2025-2026,Chelsea,Tottenham Hotspur,0,1,0,15,3,9,1,12,14,5,6,2,0,3,2,2.0,1.0,2.25,0.25,2.0,1.9671268656716414,164.21037313432834
2025-11-08,2025-2026,Chelsea,Wolverhampton Wanderers,1,3,0,20,3,8,0,12,14,10,1,1,0,3,1,2.0,1.0,2.0,0.0,2.0,2.0271268656716415,166.23749999999998
2020-09-12,2020-2021,Crystal Palace,Southampton,1,1,0,5,9,3,5,14,11,7,3,2,0,3,2,3.0,0.0,0.75,1.25,-0.5,1.9371268656716416,101.93712686567164
2020-09-19,2020-2021,Crystal Palace,Manchester United,0,3,1,14,13,5,4,10,13,3,9,1,0,3,1,3.0,0.0,1.25,1.0,0.25,2.177126865671642,104.11425373134328
2020-09-26,2020-2021,Crystal Palace,Everton,1,1,2,8,10,1,5,16,15,7,6,3,0,0,3,2.0,1.0,0.25,1.25,-1.0,-1.5128731343283583,102.60138059701492
2020-10-03,2020-2021,Crystal Palace,Chelsea,0,0,4,4,17,0,6,13,17,5,8,0,0,0,0,1.0,2.0,0.0,1.5,-1.5,-2.022873134328358,100.57850746268657
2020-10-18,2020-2021,Crystal Palace,Brighton and Hove Albion,1,1,1,1,20,1,3,13,12,2,5,3,0,1,3,0.3333333333333333,2.3333333333333335,0.25,0.75,-0.5,-1.402873134328358,99.17563432835821
2020-10-24,2020-2021,Crystal Palace,Fulham,0,2,1,14,16,10,3,11,11,4,4,1,0,3,1,1.3333333333333333,1.3333333333333333,2.5,0.75,1.75,1.627126865671642,100.80276119402986
2020-10-30,2020-2021,Crystal Palace,Wolverhampton Wanderers,0,0,2,11,15,2,5,4,13,6,7,2,1,0,5,1.3333333333333333,1.3333333333333333,0.5,1.25,-0.75,-1.9128731343283578,98.88988805970149
2020-11-07,2020-2021,Crystal Palace,Leeds United,1,4,1,10,9,6,3,9,1,3,6,0,0,3,0,2.0,1.0,1.5,0.75,0.75,1.7871268656716417,100.67701492537313
2020-11-23,2020-2021,Crystal Palace,Burnley,0,0,1,15,10,5,4,9,13,7,4,0,0,0,0,1.0,2.0,1.25,1.0,0.25,-1.602873134328358,99.07414179104478
2020-11-27,2020-2021,Crystal Palace,Newcastle United,1,0,2,12,14,3,7,9,10,7,3,2,0,0,2,1.0,2.0,0.75,1.75,-1.0,-2.022873134328358,97.05126865671642
2020-12-06,2020-2021,Crystal Palace,West Brom,0,5,1,18,9,6,4,16,10,6,4,2,0,3,2,1.0,2.0,1.5,1.0,0.5,1.037126865671642,98.08839552238805
2020-12-13,2020-2021,Crystal Palace,Tottenham Hotspur,1,1,1,16,14,5,6,15,11,4,7,1,0,1,1,1.3333333333333333,1.3333333333333333,1.25,1.5,-0.25,-0.6528731343283581,97.43552238805971
2020-12-16,2020-2021,Crystal Palace,West Ham United,0,1,1,8,9,2,2,12,8,3,5,1,1,1,4,1.6666666666666667,0.6666666666666666,0.5,0.5,0.0,-0.542873134328358,96.89264925373135
2020-12-19,2020-2021,Crystal Palace,Liverpool,1,0,7,5,14,3,8,5,11,5,4,1,0,0,1,0.6666666666666666,1.6666666666666667,0.75,2.0,-1.25,-2.1328731343283582,94.75977611940299
2020-12-26,2020-2021,Crystal Palace,Aston Villa,0,0,3,13,21,6,10,16,18,4,4,4,0,0,4,0.3333333333333333,2.3333333333333335,1.5,2.5,-1.0,-2.482873134328358,92.27690298507463
2020-12-28,2020-2021,Crystal Palace,Leicester City,1,1,1,4,17,1,3,10,7,2,5,0,0,1,0,0.3333333333333333,2.3333333333333335,0.25,0.75,-0.5,-1.2228731343283579,91.05402985074628
2021-01-02,2020-2021,Crystal Palace,Sheffield United,1,2,0,9,7,4,2,8,18,3,6,1,0,3,1,1.3333333333333333,1.3333333333333333,1.0,0.5,0.5,1.327126865671642,92.38115671641792
2021-01-14,2020-2021,Crystal Palace,Arsenal,0,0,0,12,11,2,4,11,10,3,7,1,0,1,1,1.6666666666666667,0.6666666666666666,0.5,1.0,-0.5,-0.482873134328358,91.89828358208956
2021-01-17,2020-2021,Crystal Palace,Manchester City,0,0,4,2,13,0,6,8,9,1,11,0,0,0,0,1.3333333333333333,1.3333333333333333,0.0,1.5,-1.5,-1.7928731343283582,90.1054104477612
2021-01-26,2020-2021,Crystal Palace,West Ham United,1,2,3,6,17,3,7,9,8,3,4,0,0,0,0,0.3333333333333333,2.3333333333333335,0.75,1.75,-1.0,-2.242873134328358,87.86253731343284
2021-01-30,2020-2021,Crystal Palace,Wolverhampton Wanderers,1,1,0,11,6,2,4,7,10,1,6,1,0,3,1,1.0,2.0,0.5,1.0,-0.5,0.8571268656716418,88.71966417910448
2021-02-02,2020-2021,Crystal Palace,Newcastle United,0,2,1,6,21,3,5,11,14,1,9,3,0,3,3,2.0,1.0,0.75,1.25,-0.5,1.3071268656716417,90.02679104477612
2021-02-08,2020-2021,Crystal Palace,Leeds United,0,0,2,8,17,3,7,8,7,3,5,2,0,0,2,2.0,1.0,0.75,1.75,-1.0,-1.4528731343283583,88.57391791044776
2021-02-13,2020-2021,Crystal Palace,Burnley,1,0,3,13,16,3,4,15,14,7,4,0,0,0,0,1.0,2.0,0.75,1.0,-0.25,-1.722873134328358,86.85104477611941
2021-02-22,2020-2021,Crystal Palace,Brighton and Hove Albion,0,2,1,3,25,2,5,6,11,0,13,0,0,3,0,1.0,2.0,0.5,1.25,-0.75,0.8571268656716418,87.70817164179104
2021-02-28,2020-2021,Crystal Palace,Fulham,1,0,0,3,16,0,4,10,14,1,3,1,0,1,1,1.3333333333333333,1.3333333333333333,0.0,1.0,-1.0,-0.8328731343283582,86.87529850746269
2021-03-03,2020-2021,Crystal Palace,Manchester United,1,0,0,8,11,2,1,4,13,4,6,1,0,1,1,1.6666666666666667,0.6666666666666666,0.5,0.25,0.25,-0.30287313432835805,86.57242537313434
2021-03-07,2020-2021,Crystal Palace,Tottenham Hotspur,0,1,4,5,12,1,5,17,8,5,1,3,0,0,3,0.6666666666666666,1.6666666666666667,0.25,1.25,-1.0,-2.1928731343283583,84.37955223880597
2021-03-13,2020-2021,Crystal Palace,West Brom,1,1,0,6,12,4,1,16,15,3,2,3,0,3,3,1.3333333333333333,1.3333333333333333,1.0,0.25,0.75,1.267126865671642,85.64667910447761
2021-04-05,2020-2021,Crystal Palace,Everton,0,1,1,13,15,6,7,10,10,4,3,0,0,1,0,1.3333333333333333,1.3333333333333333,1.5,1.75,-0.25,-0.5928731343283581,85.05380597014926
2021-04-10,2020-2021,Crystal Palace,Chelsea,1,1,4,1,23,1,10,7,12,0,8,1,0,0,1,1.3333333333333333,1.3333333333333333,0.25,2.5,-2.25,-2.032873134328358,83.0209328358209
2021-04-26,2020-2021,Crystal Palace,Leicester City,0,1,2,4,13,2,5,12,13,2,7,1,0,0,1,0.3333333333333333,2.3333333333333335,0.5,1.25,-0.75,-2.242873134328358,80.77805970149254
2021-05-01,2020-2021,Crystal Palace,Manchester City,1,0,2,9,20,4,3,9,10,2,6,2,0,0,2,0.0,3.0,1.0,0.75,0.25,-2.292873134328358,78.48518656716419
2021-05-08,2020-2021,Crystal Palace,Sheffield United,0,2,0,21,7,8,0,8,11,11,5,1,0,3,1,1.0,2.0,2.0,0.0,2.0,1.4571268656716418,79.94231343283583
2021-05-11,2020-2021,Crystal Palace,Southampton,0,1,3,11,13,4,6,13,20,8,12,3,0,0,3,1.0,2.0,1.0,1.5,-0.5,-1.9628731343283579,77.97944029850747
2021-05-16,2020-2021,Crystal Palace,Aston Villa,1,3,2,23,19,8,5,23,13,7,7,3,0,3,3,2.0,1.0,2.0,1.25,0.75,1.6071268656716418,79.58656716417912
2021-05-19,2020-2021,Crystal Palace,Arsenal,1,1,3,12,6,6,3,7,7,6,7,2,0,0,2,1.0,2.0,1.5,0.75,0.75,-1.6028731343283582,77.98369402985075
2021-05-23,2020-2021,Crystal Palace,Liverpool,0,0,2,5,19,4,5,8,10,1,14,2,0,0,2,1.0,2.0,1.0,1.25,-0.25,-1.8428731343283582,76.1408208955224
2021-08-14,2021-2022,Crystal Palace,Chelsea,0,0,3,4,13,1,6,11,15,2,5,0,0,0,0,0.0,3.0,0.25,1.5,-1.25,-2.5328731343283577,73.60794776119404
2021-08-21,2021-2022,Crystal Palace,Brentford,1,0,0,7,14,2,3,12,9,3,5,3,0,1,3,0.3333333333333333,2.3333333333333335,0.5,0.75,-0.25,-1.342873134328358,72.26507462686568
2021-08-28,2021-2022,Crystal Palace,West Ham United,0,2,2,9,14,2,4,7,10,3,5,0,0,1,0,0.6666666666666666,1.6666666666666667,0.5,1.0,-0.5,-0.992873134328358,71.27220149253732
2021-09-11,2021-2022,Crystal Palace,Tottenham Hotspur,1,3,0,18,2,4,1,13,15,8,2,2,0,3,2,1.6666666666666667,0.6666666666666666,1.0,0.25,0.75,1.5571268656716417,72.82932835820895
2021-09-18,2021-2022,Crystal Palace,Liverpool,0,0,3,13,25,2,10,11,17,5,10,1,0,0,1,1.3333333333333333,1.3333333333333333,0.5,2.5,-2.0,-1.9728731343283579,70.8564552238806
2021-09-27,2021-2022,Crystal Palace,Brighton and Hove Albion,1,1,1,8,8,3,4,12,10,6,5,2,0,1,2,1.3333333333333333,1.3333333333333333,0.75,1.0,-0.25,-0.7128731343283581,70.14358208955224
2021-10-03,2021-2022,Crystal Palace,Leicester City,1,2,2,18,9,4,5,15,11,1,3,2,0,1,2,0.6666666666666666,1.6666666666666667,1.0,1.25,-0.25,-1.052873134328358,69.09070895522389
2021-10-18,2021-2022,Crystal Palace,Arsenal,0,2,2,9,17,6,6,4,7,4,6,1,0,1,1,1.0,1.0,1.5,1.5,0.0,-0.7028731343283581,68.38783582089553
2021-10-23,2021-2022,Crystal Palace,Newcastle United,1,1,1,15,6,3,2,13,9,3,7,3,0,1,3,1.0,1.0,0.75,0.5,0.25,-0.7628731343283581,67.62496268656717
2021-10-30,2021-2022,Crystal Palace,Manchester City,0,2,0,8,14,3,3,11,11,1,7,3,0,3,3,1.6666666666666667,0.6666666666666666,0.75,0.75,0.0,1.317126865671642,68.94208955223881
2021-11-06,2021-2022,Crystal Palace,Wolverhampton Wanderers,1,2,0,13,4,6,2,14,13,4,6,2,0,3,2,2.3333333333333335,0.3333333333333333,1.5,0.5,1.0,1.9571268656716416,70.89921641791045
2021-11-20,2021-2022,Crystal Palace,Burnley,0,3,3,18,15,8,9,15,14,6,3,3,0,1,3,2.3333333333333335,0.3333333333333333,2.0,2.25,-0.25,-0.20287313432835802,70.69634328358211
2021-11-27,2021-2022,Crystal Palace,Aston Villa,1,1,2,8,10,3,3,12,10,7,3,3,0,0,3,1.3333333333333333,1.3333333333333333,0.75,0.75,0.0,-1.612873134328358,69.08347014925374
2021-11-30,2021-2022,Crystal Palace,Leeds United,0,0,1,9,15,1,3,15,15,4,7,3,0,0,3,0.3333333333333333,2.3333333333333335,0.25,0.75,-0.5,-2.302873134328358,66.78059701492539
2021-12-05,2021-2022,Crystal Palace,Manchester United,0,0,1,8,16,2,3,9,16,6,9,2,0,0,2,0.0,3.0,0.5,0.75,-0.25,-2.412873134328358,64.36772388059703
2021-12-12,2021-2022,Crystal Palace,Everton,1,3,1,17,12,6,6,15,14,8,2,0,0,3,0,1.0,2.0,1.5,1.5,0.0,1.037126865671642,65.40485074626868
2021-12-15,2021-2022,Crystal Palace,Southampton,1,2,2,9,15,6,4,16,20,4,6,2,0,1,2,1.3333333333333333,1.3333333333333333,1.5,1.0,0.5,-0.5328731343283581,64.87197761194032
2021-12-26,2021-2022,Crystal Palace,Tottenham Hotspur,0,0,3,4,17,0,6,10,16,2,4,1,1,0,4,1.3333333333333333,1.3333333333333333,0.0,1.5,-1.5,-2.032873134328358,62.83910447761197
2021-12-28,2021-2022,Crystal Palace,Norwich City,1,3,0,19,12,6,3,9,13,8,8,1,0,3,1,1.3333333333333333,1.3333333333333333,1.5,0.75,0.75,1.3871268656716418,64.22623134328362
2022-01-01,2021-2022,Crystal Palace,West Ham United,1,2,3,22,10,6,5,6,16,9,1,0,0,0,0,1.0,2.0,1.5,1.25,0.25,-1.602873134328358,62.62335820895525
2022-01-14,2021-2022,Crystal Palace,Brighton and Hove Albion,0,1,1,3,19,1,4,7,11,0,9,2,0,1,2,1.3333333333333333,1.3333333333333333,0.25,1.0,-0.75,-0.8328731343283582,61.79048507462689
2022-01-23,2021-2022,Crystal Palace,Liverpool,1,1,3,8,15,5,7,12,10,2,5,4,0,0,4,0.3333333333333333,2.3333333333333335,1.25,1.75,-0.5,-2.362873134328358,59.42761194029853
2022-02-09,2021-2022,Crystal Palace,Norwich City,0,1,1,13,5,5,1,15,11,6,4,2,0,1,2,0.6666666666666666,1.6666666666666667,1.25,0.25,1.0,-0.752873134328358,58.67473880597017
2022-02-12,2021-2022,Crystal Palace,Brentford,0,0,0,6,9,3,2,10,10,9,3,0,0,1,0,0.6666666666666666,1.6666666666666667,0.75,0.5,0.25,-0.8128731343283581,57.861865671641816
2022-02-19,2021-2022,Crystal Palace,Chelsea,1,0,1,7,9,0,3,4,20,4,4,1,0,0,1,0.6666666666666666,1.6666666666666667,0.0,0.75,-0.75,-2.012873134328358,55.84899253731346
2022-02-23,2021-2022,Crystal Palace,Watford,0,4,1,7,8,5,1,9,12,4,6,1,0,3,1,1.3333333333333333,1.3333333333333333,1.25,0.25,1.0,1.4471268656716418,57.2961194029851
2022-02-26,2021-2022,Crystal Palace,Burnley,1,1,1,11,5,4,1,5,17,5,4,0,0,1,0,1.3333333333333333,1.3333333333333333,1.0,0.25,0.75,-0.35287313432835815,56.94324626865674
2022-03-05,2021-2022,Crystal Palace,Wolverhampton Wanderers,0,2,0,12,12,8,5,8,13,7,7,3,0,3,3,2.3333333333333335,0.3333333333333333,2.0,1.25,0.75,1.8371268656716417,58.780373134328386
2022-03-14,2021-2022,Crystal Palace,Manchester City,1,0,0,7,18,1,4,6,11,2,6,3,0,1,3,1.6666666666666667,0.6666666666666666,0.25,1.0,-0.75,-0.6628731343283581,58.11750000000003
2022-04-04,2021-2022,Crystal Palace,Arsenal,1,3,0,6,12,5,3,11,15,0,2,0,0,3,0,2.3333333333333335,0.3333333333333333,1.25,0.75,0.5,1.9571268656716418,60.07462686567167
2022-04-10,2021-2022,Crystal Palace,Leicester City,0,1,2,11,12,3,3,12,11,4,3,1,0,0,1,1.3333333333333333,1.3333333333333333,0.75,0.75,0.0,-1.492873134328358,58.58175373134331
2022-04-20,2021-2022,Crystal Palace,Newcastle United,0,0,1,10,13,2,4,12,12,5,2,1,0,0,1,1.0,2.0,0.5,1.0,-0.5,-1.8428731343283582,56.738880597014955
2022-04-25,2021-2022,Crystal Palace,Leeds United,1,0,0,17,9,7,2,12,13,6,3,2,0,1,2,0.3333333333333333,2.3333333333333335,1.75,0.5,1.25,-0.922873134328358,55.8160074626866
2022-04-30,2021-2022,Crystal Palace,Southampton,0,2,1,14,8,5,3,11,13,7,6,3,0,3,3,1.3333333333333333,1.3333333333333333,1.25,0.75,0.5,1.207126865671642,57.02313432835824
2022-05-07,2021-2022,Crystal Palace,Watford,1,1,0,15,6,7,1,11,18,8,5,2,0,3,2,2.3333333333333335,0.3333333333333333,1.75,0.25,1.5,2.0771268656716417,59.10026119402988
2022-05-15,2021-2022,Crystal Palace,Aston Villa,0,1,1,16,13,4,4,15,11,5,1,3,0,1,3,2.3333333333333335,0.3333333333333333,1.0,1.0,0.0,-0.14287313432835805,58.95738805970152
2022-05-19,2021-2022,Crystal Palace,Everton,0,2,3,7,12,5,6,13,9,5,4,3,0,0,3,1.3333333333333333,1.3333333333333333,1.25,1.5,-0.25,-1.6728731343283583,57.284514925373166
2022-05-22,2021-2022,Crystal Palace,Manchester United,1,1,0,6,10,3,4,12,22,3,6,2,0,3,2,1.3333333333333333,1.3333333333333333,0.75,1.0,-0.25,1.0871268656716417,58.37164179104481
2022-08-05,2022-2023,Crystal Palace,Arsenal,1,0,2,10,10,2,2,16,11,3,5,1,0,0,1,1.0,2.0,0.5,0.5,0.0,-1.722873134328358,56.64876865671645
2022-08-15,2022-2023,Crystal Palace,Liverpool,0,1,1,7,24,3,4,8,7,2,4,4,0,1,4,1.3333333333333333,1.3333333333333333,0.75,1.0,-0.25,-0.8328731343283581,55.81589552238809
2022-08-20,2022-2023,Crystal Palace,Aston Villa,1,3,1,17,13,9,5,16,14,4,2,2,0,3,2,1.3333333333333333,1.3333333333333333,2.25,1.25,1.0,1.3871268656716418,57.20302238805973
2022-08-27,2022-2023,Crystal Palace,Manchester City,0,2,4,2,18,2,5,8,14,1,6,2,0,0,2,1.3333333333333333,1.3333333333333333,0.5,1.25,-0.75,-1.732873134328358,55.47014925373137
2022-08-30,2022-2023,Crystal Palace,Brentford,1,1,1,13,9,4,3,11,8,4,6,1,0,1,1,1.3333333333333333,1.3333333333333333,1.0,0.75,0.25,-0.5328731343283581,54.937276119403016
2022-09-03,2022-2023,Crystal Palace,Newcastle United,0,0,0,19,23,9,6,12,19,5,13,1,0,1,1,0.6666666666666666,1.6666666666666667,2.25,1.5,0.75,-0.752873134328358,54.184402985074655
2022-10-01,2022-2023,Crystal Palace,Chelsea,1,1,2,7,13,3,3,11,13,5,2,1,0,0,1,0.6666666666666666,1.6666666666666667,0.75,0.75,0.0,-1.8328731343283582,52.351529850746296
2022-10-09,2022-2023,Crystal Palace,Leeds United,1,2,1,13,10,5,4,13,23,5,3,3,0,3,3,1.3333333333333333,1.3333333333333333,1.25,1.0,0.25,1.1471268656716418,53.49865671641794
2022-10-15,2022-2023,Crystal Palace,Leicester City,0,0,0,8,14,1,5,13,18,2,9,2,0,1,2,1.3333333333333333,1.3333333333333333,0.25,1.25,-1.0,-0.8928731343283581,52.60578358208958
2022-10-18,2022-2023,Crystal Palace,Wolverhampton Wanderers,1,2,1,14,10,4,4,14,18,4,3,3,0,3,3,2.3333333333333335,0.3333333333333333,1.0,1.0,0.0,1.6571268656716418,54.26291044776122
2022-10-22,2022-2023,Crystal Palace,Everton,0,0,3,9,9,2,6,14,16,4,3,4,0,0,4,1.3333333333333333,1.3333333333333333,0.5,1.5,-1.0,-1.9128731343283578,52.350037313432864
2022-10-29,2022-2023,Crystal Palace,Southampton,1,1,0,12,14,3,4,13,12,8,4,3,0,3,3,2.0,1.0,0.75,1.0,-0.25,1.3671268656716415,53.71716417910451
2022-11-06,2022-2023,Crystal Palace,West Ham United,0,2,1,15,5,6,2,7,10,5,2,1,0,3,1,2.0,1.0,1.5,0.5,1.0,1.7871268656716417,55.50429104477615
2022-11-12,2022-2023,Crystal Palace,Nottingham Forest,0,0,1,8,9,0,2,13,11,5,1,4,0,0,4,2.0,1.0,0.0,0.5,-0.5,-1.4528731343283583,54.051417910447796
2022-12-26,2022-2023,Crystal Palace,Fulham,1,0,3,4,23,0,11,12,15,1,8,0,2,0,6,1.0,2.0,0.0,2.75,-2.75,-2.6828731343283585,51.368544776119435
2022-12-31,2022-2023,Crystal Palace,Bournemouth,0,2,0,15,6,6,2,11,17,7,2,1,0,3,1,1.0,2.0,1.5,0.5,1.0,1.2171268656716419,52.58567164179108
2023-01-04,2022-2023,Crystal Palace,Tottenham Hotspur,1,0,4,19,14,4,6,11,8,10,4,1,0,0,1,1.0,2.0,1.0,1.5,-0.5,-1.8428731343283582,50.74279850746272
2023-01-15,2022-2023,Crystal Palace,Chelsea,0,0,1,10,15,5,5,17,10,7,11,5,0,0,5,1.0,2.0,1.25,1.25,0.0,-1.9628731343283579,48.77992537313437
2023-01-18,2022-2023,Crystal Palace,Manchester United,1,1,1,10,15,5,4,9,10,3,3,1,0,1,1,0.3333333333333333,2.3333333333333335,1.25,1.0,0.25,-1.1028731343283582,47.67705223880601
2023-01-21,2022-2023,Crystal Palace,Newcastle United,1,0,0,6,16,1,7,13,7,3,15,4,0,1,4,0.6666666666666666,1.6666666666666667,0.25,1.75,-1.5,-1.472873134328358,46.20417910447765
2023-02-04,2022-2023,Crystal Palace,Manchester United,0,1,2,10,14,3,5,9,9,5,5,2,0,0,2,0.6666666666666666,1.6666666666666667,0.75,1.25,-0.5,-2.012873134328358,44.191305970149294
2023-02-11,2022-2023,Crystal Palace,Brighton and Hove Albion,1,1,1,6,17,1,7,10,11,1,6,4,0,1,4,0.6666666666666666,1.6666666666666667,0.25,1.75,-1.5,-1.472873134328358,42.718432835820934
2023-02-18,2022-2023,Crystal Palace,Brentford,0,1,1,10,12,4,5,8,10,6,2,2,0,1,2,0.6666666666666666,1.6666666666666667,1.0,1.25,-0.25,-1.052873134328358,41.665559701492576
2023-02-25,2022-2023,Crystal Palace,Liverpool,1,0,0,6,12,0,4,11,14,5,3,2,0,1,2,1.0,1.0,0.0,1.0,-1.0,-1.002873134328358,40.662686567164215
2023-03-04,2022-2023,Crystal Palace,Aston Villa,0,0,1,3,8,0,1,17,14,4,2,3,1,0,6,0.6666666666666666,1.6666666666666667,0.0,0.25,-0.25,-2.1928731343283583,38.469813432835856
2023-03-11,2022-2023,Crystal Palace,Manchester City,1,0,1,4,14,0,4,11,17,2,6,2,0,0,2,0.3333333333333333,2.3333333333333335,0.0,1.0,-1.0,-2.362873134328358,36.106940298507496
2023-03-15,2022-2023,Crystal Palace,Brighton and Hove Albion,0,0,1,11,11,3,5,20,13,4,1,2,0,0,2,0.0,3.0,0.75,1.25,-0.5,-2.472873134328358,33.63406716417914
2023-03-19,2022-2023,Crystal Palace,Arsenal,0,1,4,8,15,4,5,10,8,4,5,1,0,0,1,0.0,3.0,1.0,1.25,-0.25,-2.352873134328358,31.28119402985078
2023-04-01,2022-2023,Crystal Palace,Leicester City,1,2,1,31,3,9,2,12,16,10,1,3,0,3,3,1.0,2.0,2.25,0.5,1.75,1.2771268656716421,32.55832089552243
2023-04-09,2022-2023,Crystal Palace,Leeds United,0,5,1,16,11,8,7,8,11,4,2,1,0,3,1,2.0,1.0,2.0,1.75,0.25,1.6071268656716418,34.16544776119407
2023-04-15,2022-2023,Crystal Palace,Southampton,0,2,0,9,11,2,4,13,6,2,6,1,0,3,1,3.0,0.0,0.5,1.0,-0.5,1.9971268656716417,36.16257462686571
2023-04-22,2022-2023,Crystal Palace,Everton,1,0,0,12,10,2,5,12,14,8,1,1,0,1,1,2.3333333333333335,0.3333333333333333,0.5,1.25,-0.75,-0.20287313432835802,35.95970149253735
2023-04-25,2022-2023,Crystal Palace,Wolverhampton Wanderers,0,0,2,14,9,4,3,14,13,11,6,4,0,0,4,1.3333333333333333,1.3333333333333333,1.0,0.75,0.25,-1.612873134328358,34.346828358208995
2023-04-29,2022-2023,Crystal Palace,West Ham United,1,4,3,16,8,6,4,9,17,8,5,1,0,3,1,1.3333333333333333,1.3333333333333333,1.5,1.0,0.5,1.327126865671642,35.67395522388064
2023-05-06,2022-2023,Crystal Palace,Tottenham Hotspur,0,0,1,7,8,2,3,14,15,4,8,5,0,0,5,1.0,2.0,0.5,0.75,-0.25,-2.022873134328358,33.651082089552276
2023-05-13,2022-2023,Crystal Palace,Bournemouth,1,2,0,17,5,5,0,5,12,11,2,0,0,3,0,2.0,1.0,1.25,0.0,1.25,1.9071268656716418,35.55820895522392
2023-05-20,2022-2023,Crystal Palace,Fulham,0,2,2,11,11,5,4,12,13,4,7,0,0,1,0,1.3333333333333333,1.3333333333333333,1.25,1.0,0.25,-0.4728731343283581,35.085335820895565
2023-05-28,2022-2023,Crystal Palace,Nottingham Forest,1,1,1,16,7,4,4,9,13,5,4,0,0,1,0,1.6666666666666667,0.6666666666666666,1.0,1.0,0.0,-0.30287313432835805,34.782462686567214
2023-08-12,2023-2024,Crystal Palace,Sheffield United,0,1,0,24,8,8,1,11,18,5,5,0,0,3,0,1.6666666666666667,0.6666666666666666,2.0,0.25,1.75,1.917126865671642,36.699589552238855
2023-08-21,2023-2024,Crystal Palace,Arsenal,1,0,1,14,14,2,3,14,10,1,8,2,0,0,2,1.3333333333333333,1.3333333333333333,0.5,0.75,-0.25,-1.6128731343283582,35.086716417910495
2023-08-26,2023-2024,Crystal Palace,Brentford,0,1,1,15,12,5,1,15,9,6,8,0,0,1,0,1.3333333333333333,1.3333333333333333,1.25,0.25,1.0,-0.29287313432835815,34.793843283582135
2023-09-03,2023-2024,Crystal Palace,Wolverhampton Wanderers,1,3,2,16,12,11,4,12,12,4,2,1,0,3,1,1.3333333333333333,1.3333333333333333,2.75,1.0,1.75,1.627126865671642,36.420970149253776
2023-09-16,2023-2024,Crystal Palace,Aston Villa,0,1,3,6,16,3,5,9,13,2,4,3,0,0,3,1.3333333333333333,1.3333333333333333,0.75,1.25,-0.5,-1.732873134328358,34.68809701492542
2023-09-23,2023-2024,Crystal Palace,Fulham,1,0,0,7,10,3,5,10,15,3,2,3,0,1,3,1.3333333333333333,1.3333333333333333,0.75,1.25,-0.5,-0.8328731343283582,33.855223880597066
2023-09-30,2023-2024,Crystal Palace,Manchester United,0,1,0,8,19,2,4,8,10,4,10,2,0,3,2,1.3333333333333333,1.3333333333333333,0.5,1.0,-0.5,1.027126865671642,34.88235074626871
2023-10-07,2023-2024,Crystal Palace,Nottingham Forest,1,0,0,8,16,2,5,7,12,3,7,0,0,1,0,1.6666666666666667,0.6666666666666666,0.5,1.25,-0.75,-0.4828731343283581,34.399477611940355
2023-10-21,2023-2024,Crystal Palace,Newcastle United,0,0,4,17,10,3,7,12,7,8,6,3,0,0,3,1.3333333333333333,1.3333333333333333,0.75,1.75,-1.0,-1.852873134328358,32.54660447761199
2023-10-27,2023-2024,Crystal Palace,Tottenham Hotspur,1,1,2,13,10,3,1,19,11,11,2,2,0,0,2,0.3333333333333333,2.3333333333333335,0.75,0.25,0.5,-2.002873134328358,30.54373134328364
2023-11-04,2023-2024,Crystal Palace,Burnley,0,2,0,4,17,3,5,12,9,1,12,5,0,3,5,1.0,2.0,0.75,1.25,-0.5,0.6171268656716419,31.160858208955275
2023-11-11,2023-2024,Crystal Palace,Everton,1,2,3,13,8,4,4,9,18,9,2,1,0,0,1,1.0,2.0,1.0,1.0,0.0,-1.722873134328358,29.437985074626923
2023-11-25,2023-2024,Crystal Palace,Luton Town,0,1,2,16,8,8,3,12,15,5,4,1,0,0,1,1.0,2.0,2.0,0.75,1.25,-1.422873134328358,28.015111940298567
2023-12-03,2023-2024,Crystal Palace,West Ham United,0,1,1,9,9,2,3,7,17,3,2,0,0,1,0,0.3333333333333333,2.3333333333333335,0.5,0.75,-0.25,-1.1628731343283583,26.852238805970202
2023-12-06,2023-2024,Crystal Palace,Bournemouth,1,0,2,16,11,3,4,10,17,3,9,1,0,0,1,0.3333333333333333,2.3333333333333335,0.75,1.0,-0.25,-2.122873134328358,24.729365671641844
2023-12-09,2023-2024,Crystal Palace,Liverpool,1,1,2,8,14,4,2,17,17,6,5,5,1,0,8,0.3333333333333333,2.3333333333333335,1.0,0.5,0.5,-2.3628731343283578,22.36649253731349
2023-12-16,2023-2024,Crystal Palace,Manchester City,0,2,2,5,19,2,9,9,12,1,6,1,0,1,1,0.3333333333333333,2.3333333333333335,0.5,2.25,-1.75,-1.5828731343283582,20.78361940298514
2023-12-21,2023-2024,Crystal Palace,Brighton and Hove Albion,1,1,1,11,18,3,6,12,11,3,1,5,0,1,5,0.6666666666666666,1.6666666666666667,0.75,1.5,-0.75,-1.352873134328358,19.430746268656776
2023-12-27,2023-2024,Crystal Palace,Chelsea,0,1,2,13,9,5,4,16,13,3,4,2,0,0,2,0.6666666666666666,1.6666666666666667,1.25,1.0,0.25,-1.8328731343283582,17.597873134328424
2023-12-30,2023-2024,Crystal Palace,Brentford,1,3,1,13,9,6,4,14,10,7,4,0,0,3,0,1.3333333333333333,1.3333333333333333,1.5,1.0,0.5,1.387126865671642,18.98500000000007
2024-01-20,2023-2024,Crystal Palace,Arsenal,0,0,5,12,21,5,6,12,8,7,6,0,0,0,0,1.0,2.0,1.25,1.5,-0.25,-1.722873134328358,17.262126865671718
2024-01-30,2023-2024,Crystal Palace,Sheffield United,1,3,2,12,9,4,5,8,18,11,1,1,0,3,1,2.0,1.0,1.0,1.25,-0.25,1.4871268656716417,18.74925373134336
2024-02-03,2023-2024,Crystal Palace,Brighton and Hove Albion,0,1,4,7,13,5,6,14,8,2,3,3,0,0,3,1.0,2.0,1.25,1.5,-0.25,-1.9028731343283583,16.846380597015
2024-02-12,2023-2024,Crystal Palace,Chelsea,1,1,3,13,14,4,5,14,7,1,7,2,0,0,2,1.0,2.0,1.0,1.25,-0.25,-1.8428731343283582,15.003507462686642
2024-02-19,2023-2024,Crystal Palace,Everton,0,1,1,10,19,4,4,12,8,6,3,2,0,1,2,0.3333333333333333,2.3333333333333335,1.0,1.0,0.0,-1.2228731343283579,13.780634328358289
2024-02-24,2023-2024,Crystal Palace,Burnley,1,3,0,15,2,6,0,8,13,12,3,3,0,3,3,1.3333333333333333,1.3333333333333333,1.5,0.0,1.5,1.4471268656716418,15.227761194029938
2024-03-02,2023-2024,Crystal Palace,Tottenham Hotspur,0,1,3,4,14,1,6,16,7,1,11,2,0,0,2,1.3333333333333333,1.3333333333333333,0.25,1.5,-1.25,-1.852873134328358,13.374888059701576
2024-03-09,2023-2024,Crystal Palace,Luton Town,1,1,1,21,8,4,2,20,11,8,6,2,0,1,2,1.3333333333333333,1.3333333333333333,1.0,0.5,0.5,-0.5328731343283581,12.84201492537322
2024-03-30,2023-2024,Crystal Palace,Nottingham Forest,0,1,1,10,12,3,5,12,14,6,4,1,0,1,1,0.6666666666666666,1.6666666666666667,0.75,1.25,-0.5,-1.052873134328358,11.78914179104487
2024-04-02,2023-2024,Crystal Palace,Bournemouth,0,0,1,3,11,2,6,14,13,2,9,2,0,0,2,0.6666666666666666,1.6666666666666667,0.5,1.5,-1.0,-2.1328731343283582,9.656268656716506
2024-04-06,2023-2024,Crystal Palace,Manchester City,1,2,4,7,18,4,8,13,3,2,9,1,0,0,1,0.3333333333333333,2.3333333333333335,1.0,2.0,-1.0,-2.302873134328358,7.353395522388155
2024-04-14,2023-2024,Crystal Palace,Liverpool,0,1,0,8,21,5,6,10,10,1,11,1,0,3,1,1.0,2.0,1.25,1.5,-0.25,0.9171268656716418,8.270522388059803
2024-04-21,2023-2024,Crystal Palace,West Ham United,1,5,2,18,4,7,1,9,9,4,0,3,0,3,3,2.0,1.0,1.75,0.25,1.5,1.7871268656716417,10.05764925373144
2024-04-24,2023-2024,Crystal Palace,Newcastle United,1,2,0,20,7,7,2,10,15,7,2,3,0,3,3,3.0,0.0,1.75,0.5,1.25,2.297126865671642,12.354776119403084
2024-04-27,2023-2024,Crystal Palace,Fulham,0,1,1,14,9,4,2,15,11,9,5,2,0,1,2,2.3333333333333335,0.3333333333333333,1.0,0.5,0.5,0.03712686567164197,12.391902985074722
2024-05-06,2023-2024,Crystal Palace,Manchester United,1,4,0,18,7,10,2,12,8,6,3,1,0,3,1,2.3333333333333335,0.3333333333333333,2.5,0.5,2.0,2.2571268656716414,14.64902985074636
2024-05-11,2023-2024,Crystal Palace,Wolverhampton Wanderers,0,3,1,13,13,3,7,12,13,3,8,2,1,3,5,2.3333333333333335,0.3333333333333333,0.75,1.75,-1.0,1.2971268656716417,15.946156716418002
2024-05-19,2023-2024,Crystal Palace,Aston Villa,1,5,0,15,8,9,2,10,8,2,4,1,0,3,1,3.0,0.0,2.25,0.5,1.75,2.537126865671642,18.48328358208964
2024-08-18,2024-2025,Crystal Palace,Brentford,0,1,2,14,9,6,5,15,6,7,4,5,0,0,5,2.0,1.0,1.5,1.25,0.25,-1.3328731343283582,17.15041044776129
2024-08-24,2024-2025,Crystal Palace,West Ham United,1,0,2,14,18,2,3,9,17,3,3,1,0,0,1,1.0,2.0,0.5,0.75,-0.25,-1.7828731343283581,15.367537313432933
2024-09-01,2024-2025,Crystal Palace,Chelsea,0,1,1,9,13,3,7,13,9,5,4,2,0,1,2,0.3333333333333333,2.3333333333333335,0.75,1.75,-1.0,-1.4628731343283579,13.904664179104572
2024-09-14,2024-2025,Crystal Palace,Leicester City,1,2,2,20,9,4,4,11,15,5,2,0,0,1,0,0.6666666666666666,1.6666666666666667,1.0,1.0,0.0,-0.8728731343283581,13.031791044776213
2024-09-21,2024-2025,Crystal Palace,Manchester United,1,0,0,9,15,4,6,7,12,4,11,3,0,1,3,1.0,1.0,1.0,1.5,-0.5,-0.9428731343283581,12.088917910447861
2024-09-28,2024-2025,Crystal Palace,Everton,0,1,2,17,8,5,2,11,13,8,5,1,0,0,1,0.6666666666666666,1.6666666666666667,1.25,0.5,0.75,-1.6528731343283583,10.436044776119502
2024-10-05,2024-2025,Crystal Palace,Liverpool,1,0,1,9,16,5,4,7,15,3,8,4,0,0,4,0.3333333333333333,2.3333333333333335,1.25,1.0,0.25,-2.182873134328358,8.253171641791141
2024-10-21,2024-2025,Crystal Palace,Nottingham Forest,0,0,1,20,20,7,6,12,9,6,6,3,0,0,3,0.0,3.0,1.75,1.5,0.25,-2.352873134328358,5.900298507462779
2024-10-27,2024-2025,Crystal Palace,Tottenham Hotspur,1,1,0,14,11,6,3,16,12,8,8,4,0,3,4,1.0,2.0,1.5,0.75,0.75,0.9771268656716419,6.877425373134415
2024-11-02,2024-2025,Crystal Palace,Wolverhampton Wanderers,0,2,2,19,11,7,6,9,7,6,3,2,0,1,2,1.3333333333333333,1.3333333333333333,1.75,1.5,0.25,-0.5928731343283581,6.284552238806057
2024-11-09,2024-2025,Crystal Palace,Fulham,1,0,2,13,17,5,7,10,11,1,8,1,1,0,4,1.3333333333333333,1.3333333333333333,1.25,1.75,-0.5,-1.7928731343283582,4.491679104477697
2024-11-23,2024-2025,Crystal Palace,Aston Villa,0,2,2,13,17,6,5,11,10,1,10,2,0,1,2,0.6666666666666666,1.6666666666666667,1.5,1.25,0.25,-0.932873134328358,3.5588059701493364
2024-11-30,2024-2025,Crystal Palace,Newcastle United,1,1,1,16,1,4,0,12,11,8,9,3,0,1,3,0.6666666666666666,1.6666666666666667,1.0,0.0,1.0,-0.8128731343283581,2.7459328358209802
2024-12-03,2024-2025,Crystal Palace,Ipswich Town,0,1,0,13,9,3,2,13,14,7,4,4,0,3,4,1.6666666666666667,0.6666666666666666,0.75,0.5,0.25,1.317126865671642,4.0630597014926195
2024-12-07,2024-2025,Crystal Palace,Manchester City,1,2,2,12,12,3,4,4,10,6,8,1,0,1,1,1.6666666666666667,0.6666666666666666,0.75,1.0,-0.25,-0.42287313432835805,3.640186567164264
2024-12-15,2024-2025,Crystal Palace,Brighton and Hove Albion,0,3,1,13,17,5,5,15,11,5,8,4,0,3,4,2.3333333333333335,0.3333333333333333,1.25,1.25,0.0,1.5971268656716417,5.237313432835904
2024-12-21,2024-2025,Crystal Palace,Arsenal,1,1,5,15,14,6,6,9,8,3,3,2,0,0,2,1.3333333333333333,1.3333333333333333,1.5,1.5,0.0,-1.5528731343283582,3.6844402985075533
2024-12-26,2024-2025,Crystal Palace,Bournemouth,0,0,0,10,18,4,4,12,13,2,5,2,0,1,2,1.3333333333333333,1.3333333333333333,1.0,1.0,0.0,-0.6528731343283581,3.0315671641791937
2024-12-29,2024-2025,Crystal Palace,Southampton,1,2,1,19,7,10,3,18,19,8,7,2,0,3,2,1.3333333333333333,1.3333333333333333,2.5,0.75,1.75,1.567126865671642,4.598694029850833
2025-01-04,2024-2025,Crystal Palace,Chelsea,1,1,1,13,15,6,1,9,12,6,6,0,0,1,0,1.6666666666666667,0.6666666666666666,1.5,0.25,1.25,-0.00287313432835809,4.595820895522479
2025-01-15,2024-2025,Crystal Palace,Leicester City,0,2,0,9,21,4,4,6,7,3,4,0,0,3,0,2.3333333333333335,0.3333333333333333,1.0,1.0,0.0,1.8371268656716417,6.432947761194114
2025-01-18,2024-2025,Crystal Palace,West Ham United,0,2,0,12,7,7,0,10,13,4,2,0,0,3,0,2.3333333333333335,0.3333333333333333,1.75,0.0,1.75,2.257126865671642,8.690074626865751
2025-01-26,2024-2025,Crystal Palace,Brentford,1,1,2,16,13,5,6,8,11,4,7,2,0,0,2,2.0,1.0,1.25,1.5,-0.25,-1.2728731343283581,7.417201492537387
2025-02-02,2024-2025,Crystal Palace,Manchester United,0,2,0,11,17,3,2,13,12,0,11,1,0,3,1,2.0,1.0,0.75,0.5,0.25,1.6071268656716418,9.024328358209033
2025-02-15,2024-2025,Crystal Palace,Everton,1,1,2,17,11,6,6,9,12,6,2,0,0,0,0,1.0,2.0,1.5,1.5,0.0,-1.662873134328358,7.361455223880668
2025-02-22,2024-2025,Crystal Palace,Fulham,0,2,0,10,10,5,0,7,10,7,7,3,0,3,3,2.0,1.0,1.25,0.0,1.25,1.7271268656716419,9.088582089552304
2025-02-25,2024-2025,Crystal Palace,Aston Villa,1,4,1,19,6,6,2,19,10,3,8,3,0,3,3,2.0,1.0,1.5,0.5,1.0,1.6671268656716416,10.755708955223952
2025-03-08,2024-2025,Crystal Palace,Ipswich Town,1,1,0,19,15,4,8,8,7,5,4,4,0,3,4,3.0,0.0,1.0,2.0,-1.0,1.697126865671642,12.4528358208956
2025-04-02,2024-2025,Crystal Palace,Southampton,0,1,1,9,8,3,2,9,14,2,2,1,0,1,1,2.3333333333333335,0.3333333333333333,0.75,0.5,0.25,0.03712686567164197,12.489962686567239
2025-04-05,2024-2025,Crystal Palace,Brighton and Hove Albion,1,2,1,8,11,3,5,12,13,2,4,0,2,3,6,2.3333333333333335,0.3333333333333333,0.75,1.25,-0.5,1.3571268656716415,13.847089552238884
2025-04-12,2024-2025,Crystal Palace,Manchester City,0,2,5,8,21,3,9,16,10,4,1,3,0,0,3,1.3333333333333333,1.3333333333333333,0.75,2.25,-1.5,-1.972873134328358,11.874216417910532
2025-04-16,2024-2025,Crystal Palace,Newcastle United,0,0,5,11,14,4,7,15,9,4,5,3,0,0,3,1.0,2.0,1.0,1.75,-0.75,-2.022873134328358,9.851343283582167
2025-04-19,2024-2025,Crystal Palace,Bournemouth,1,0,0,5,15,0,4,13,10,5,4,3,1,1,6,0.3333333333333333,2.3333333333333335,0.0,1.0,-1.0,-1.702873134328358,8.14847014925381
2025-04-23,2024-2025,Crystal Palace,Arsenal,0,2,2,15,12,4,6,6,4,6,3,1,0,1,1,0.6666666666666666,1.6666666666666667,1.0,1.5,-0.5,-1.052873134328358,7.09559701492546
2025-05-05,2024-2025,Crystal Palace,Nottingham Forest,1,1,1,20,12,3,4,9,15,7,4,3,0,1,3,1.0,1.0,0.75,1.0,-0.25,-0.882873134328358,6.212723880597096
2025-05-11,2024-2025,Crystal Palace,Tottenham Hotspur,0,2,0,23,8,10,1,10,12,8,4,1,0,3,1,1.6666666666666667,0.6666666666666666,2.5,0.25,2.25,1.9771268656716416,8.189850746268732
2025-05-20,2024-2025,Crystal Palace,Wolverhampton Wanderers,1,4,2,14,12,10,3,14,8,0,10,1,0,3,1,2.3333333333333335,0.3333333333333333,2.5,0.75,1.75,2.197126865671642,10.386977611940381
2025-05-25,2024-2025,Crystal Palace,Liverpool,0,1,1,8,14,5,3,10,7,0,11,0,0,1,0,2.3333333333333335,0.3333333333333333,1.25,0.75,0.5,0.157126865671642,10.544104477612024
2025-08-17,2025-2026,Crystal Palace,Chelsea,0,0,0,12,19,4,3,12,10,2,11,3,0,1,3,1.6666666666666667,0.6666666666666666,1.0,0.75,0.25,-0.4228731343283581,10.121231343283668
2025-08-24,2025-2026,Crystal Palace,Nottingham Forest,1,1,1,8,9,4,1,11,11,1,3,3,0,1,3,1.0,1.0,1.0,0.25,0.75,-0.642873134328358,9.478358208955314
2025-08-31,2025-2026,Crystal Palace,Aston Villa,0,3,0,6,13,4,4,14,7,1,10,3,0,3,3,1.6666666666666667,0.6666666666666666,1.0,1.0,0.0,1.317126865671642,10.795485074626953
2025-09-13,2025-2026,Crystal Palace,Sunderland,1,0,0,14,6,6,0,10,8,5,3,1,0,1,1,1.6666666666666667,0.6666666666666666,1.5,0.0,1.5,-0.0028731343283580403,10.792611940298599
2025-09-20,2025-2026,Crystal Palace,West Ham United,0,2,1,18,8,3,3,5,15,8,8,3,0,3,3,2.3333333333333335,0.3333333333333333,0.75,0.75,0.0,1.6571268656716418,12.449738805970242
2025-09-27,2025-2026,Crystal Palace,Liverpool,1,2,1,16,20,7,4,10,8,2,6,1,0,3,1,2.3333333333333335,0.3333333333333333,1.75,1.0,0.75,1.9571268656716416,14.406865671641881
2025-10-05,2025-2026,Crystal Palace,Everton,0,1,2,15,14,8,7,16,13,4,2,3,0,0,3,2.0,1.0,2.0,1.75,0.25,-1.212873134328358,13.19399253731352
2025-10-18,2025-2026,Crystal Palace,Bournemouth,1,3,3,20,8,7,5,8,16,6,5,1,0,1,1,1.3333333333333333,1.3333333333333333,1.75,1.25,0.5,-0.4728731343283581,12.721119402985167
2025-10-26,2025-2026,Crystal Palace,Arsenal,0,0,1,7,10,1,3,11,6,3,4,0,0,0,0,0.3333333333333333,2.3333333333333335,0.25,0.75,-0.5,-2.122873134328358,10.598246268656808
2025-11-01,2025-2026,Crystal Palace,Brentford,1,2,0,9,6,2,2,7,11,6,5,0,0,3,0,1.3333333333333333,1.3333333333333333,0.5,0.5,0.0,1.267126865671642,11.86537313432845
2025-11-09,2025-2026,Crystal Palace,Brighton and Hove Albion,1,0,0,10,7,2,3,10,12,4,8,1,0,1,1,1.3333333333333333,1.3333333333333333,0.5,0.75,-0.25,-0.6528731343283581,11.212500000000091
2020-09-13,2020-2021,Everton,Tottenham Hotspur,0,1,0,15,9,4,5,7,15,3,5,0,0,3,0,3.0,0.0,1.0,1.25,-0.25,2.1171268656716418,112.11712686567164
2020-09-19,2020-2021,Everton,West Brom,1,5,2,17,6,7,4,9,11,11,1,1,0,3,1,3.0,0.0,1.75,1.0,0.75,2.2971268656716415,114.41425373134328
2020-09-26,2020-2021,Everton,Crystal Palace,0,2,1,10,8,5,1,15,16,6,7,1,0,3,1,3.0,0.0,1.25,0.25,1.0,2.357126865671642,116.77138059701493
2020-10-03,2020-2021,Everton,Brighton and Hove Albion,1,4,2,11,11,6,3,13,14,3,10,0,0,3,0,3.0,0.0,1.5,0.75,0.75,2.3571268656716415,119.12850746268657
2020-10-17,2020-2021,Everton,Liverpool,1,2,2,11,22,5,8,15,9,2,5,3,1,1,6,2.3333333333333335,0.3333333333333333,1.25,2.0,-0.75,-0.5028731343283581,118.62563432835822
2020-10-25,2020-2021,Everton,Southampton,0,0,2,6,12,2,6,11,11,5,4,2,1,0,5,1.3333333333333333,1.3333333333333333,0.5,1.5,-1.0,-1.9728731343283579,116.65276119402985
2020-11-01,2020-2021,Everton,Newcastle United,0,1,2,15,11,4,4,10,9,4,5,4,0,0,4,0.3333333333333333,2.3333333333333335,1.0,1.0,0.0,-2.242873134328358,114.4098880597015
2020-11-07,2020-2021,Everton,Manchester United,1,1,3,7,13,1,5,12,19,5,2,4,0,0,4,0.0,3.0,0.25,1.25,-1.0,-2.7128731343283583,111.69701492537314
2020-11-22,2020-2021,Everton,Fulham,0,3,2,9,14,7,6,10,14,5,2,0,0,3,0,1.0,2.0,1.75,1.5,0.25,1.097126865671642,112.79414179104478
2020-11-28,2020-2021,Everton,Leeds United,1,0,1,15,23,8,7,8,14,4,2,1,0,0,1,1.0,2.0,2.0,1.75,0.25,-1.662873134328358,111.13126865671641
2020-12-05,2020-2021,Everton,Burnley,0,1,1,13,8,6,3,9,6,4,8,0,0,1,0,1.3333333333333333,1.3333333333333333,1.5,0.75,0.75,-0.35287313432835815,110.77839552238807
2020-12-12,2020-2021,Everton,Chelsea,1,1,0,9,10,4,3,10,11,6,6,2,0,3,2,1.3333333333333333,1.3333333333333333,1.0,0.75,0.25,1.2071268656716418,111.9855223880597
2020-12-16,2020-2021,Everton,Leicester City,0,2,0,11,14,6,2,9,12,6,4,3,0,3,3,2.3333333333333335,0.3333333333333333,1.5,0.5,1.0,1.8971268656716416,113.88264925373134
2020-12-19,2020-2021,Everton,Arsenal,1,2,1,9,13,2,2,9,9,4,3,1,0,3,1,3.0,0.0,0.5,0.5,0.0,2.1171268656716418,115.99977611940298
2020-12-26,2020-2021,Everton,Sheffield United,0,1,0,7,10,3,2,10,11,3,6,4,0,3,4,3.0,0.0,0.75,0.5,0.25,1.9971268656716419,117.99690298507463
2021-01-01,2020-2021,Everton,West Ham United,1,0,1,10,11,2,5,9,7,5,4,2,0,0,2,2.0,1.0,0.5,1.25,-0.75,-1.3928731343283582,116.60402985074627
2021-01-12,2020-2021,Everton,Wolverhampton Wanderers,0,2,1,5,12,3,3,11,6,5,6,2,0,3,2,2.0,1.0,0.75,0.75,0.0,1.4871268656716417,118.09115671641791
2021-01-27,2020-2021,Everton,Leicester City,1,1,1,8,19,2,6,12,10,5,11,1,0,1,1,1.3333333333333333,1.3333333333333333,0.5,1.5,-1.0,-0.8328731343283582,117.25828358208955
2021-01-30,2020-2021,Everton,Newcastle United,1,0,2,11,13,3,3,13,6,7,12,3,0,0,3,1.3333333333333333,1.3333333333333333,0.75,0.75,0.0,-1.612873134328358,115.6454104477612
2021-02-03,2020-2021,Everton,Leeds United,0,2,1,10,16,6,7,12,12,1,7,3,0,3,3,1.3333333333333333,1.3333333333333333,1.5,1.75,-0.25,1.027126865671642,116.67253731343284
2021-02-06,2020-2021,Everton,Manchester United,0,3,3,6,14,3,5,10,14,1,5,1,0,1,1,1.3333333333333333,1.3333333333333333,0.75,1.25,-0.5,-0.7128731343283582,115.95966417910448
2021-02-14,2020-2021,Everton,Fulham,1,0,2,7,12,2,3,7,16,5,4,1,0,0,1,1.3333333333333333,1.3333333333333333,0.5,0.75,-0.25,-1.5528731343283582,114.40679104477613
2021-02-17,2020-2021,Everton,Manchester City,1,1,3,3,16,2,7,8,8,0,10,2,0,0,2,0.3333333333333333,2.3333333333333335,0.5,1.75,-1.25,-2.4228731343283583,111.98391791044776
2021-02-20,2020-2021,Everton,Liverpool,0,2,0,9,15,6,6,10,10,2,7,1,0,3,1,1.0,2.0,1.5,1.5,0.0,0.9771268656716419,112.96104477611941
2021-03-01,2020-2021,Everton,Southampton,1,1,0,7,9,1,1,13,9,4,10,0,0,3,0,2.0,1.0,0.25,0.25,0.0,1.6071268656716418,114.56817164179105
2021-03-04,2020-2021,Everton,West Brom,0,1,0,11,11,3,3,7,9,3,3,1,0,3,1,3.0,0.0,0.75,0.75,0.0,2.1171268656716418,116.68529850746269
2021-03-08,2020-2021,Everton,Chelsea,0,0,2,7,19,1,9,12,11,3,7,3,0,0,3,2.0,1.0,0.25,2.25,-2.0,-1.752873134328358,114.93242537313434
2021-03-13,2020-2021,Everton,Burnley,1,1,2,14,14,4,5,9,6,7,4,0,0,0,0,1.0,2.0,1.0,1.25,-0.25,-1.722873134328358,113.20955223880597
2021-04-05,2020-2021,Everton,Crystal Palace,1,1,1,15,13,7,6,10,10,3,4,2,0,1,2,0.3333333333333333,2.3333333333333335,1.75,1.5,0.25,-1.162873134328358,112.04667910447762
2021-04-12,2020-2021,Everton,Brighton and Hove Albion,0,0,0,8,23,1,3,7,12,3,10,2,0,1,2,0.6666666666666666,1.6666666666666667,0.25,0.75,-0.5,-1.112873134328358,110.93380597014925
2021-04-16,2020-2021,Everton,Tottenham Hotspur,1,2,2,18,12,7,3,8,8,6,3,1,0,1,1,1.0,1.0,1.75,0.75,1.0,-0.462873134328358,110.4709328358209
2021-04-23,2020-2021,Everton,Arsenal,0,1,0,8,14,1,3,10,13,3,7,3,0,3,3,1.6666666666666667,0.6666666666666666,0.25,0.75,-0.5,1.1971268656716418,111.66805970149254
2021-05-01,2020-2021,Everton,Aston Villa,1,1,2,16,13,3,5,10,13,3,6,0,0,0,0,1.3333333333333333,1.3333333333333333,0.75,1.25,-0.5,-1.5528731343283582,110.11518656716419
2021-05-09,2020-2021,Everton,West Ham United,0,1,0,9,11,3,0,10,8,6,5,1,0,3,1,2.0,1.0,0.75,0.0,0.75,1.7271268656716416,111.84231343283582
2021-05-13,2020-2021,Everton,Aston Villa,0,0,0,15,13,5,2,12,9,1,9,0,0,1,0,1.3333333333333333,1.3333333333333333,1.25,0.5,0.75,-0.35287313432835815,111.48944029850746
2021-05-16,2020-2021,Everton,Sheffield United,1,0,1,16,10,6,3,8,12,11,4,1,0,0,1,1.3333333333333333,1.3333333333333333,1.5,0.75,0.75,-1.3128731343283582,110.1765671641791
2021-05-19,2020-2021,Everton,Wolverhampton Wanderers,1,1,0,14,9,4,3,11,11,7,12,0,0,3,0,1.3333333333333333,1.3333333333333333,1.0,0.75,0.25,1.327126865671642,111.50369402985075
2021-05-23,2020-2021,Everton,Manchester City,0,0,5,8,21,3,11,10,8,5,7,2,0,0,2,1.0,2.0,0.75,2.75,-2.0,-2.262873134328358,109.24082089552239
2021-08-14,2021-2022,Everton,Southampton,1,3,1,14,6,6,3,13,15,6,8,2,0,3,2,2.0,1.0,1.5,0.75,0.75,1.6671268656716416,110.90794776119404
2021-08-21,2021-2022,Everton,Leeds United,0,2,2,17,17,8,4,13,6,5,8,4,0,1,4,1.3333333333333333,1.3333333333333333,2.0,1.0,1.0,-0.5328731343283581,110.37507462686567
2021-08-28,2021-2022,Everton,Brighton and Hove Albion,0,2,0,14,14,5,3,9,7,5,4,2,0,3,2,2.3333333333333335,0.3333333333333333,1.25,0.75,0.5,1.8371268656716417,112.21220149253732
2021-09-13,2021-2022,Everton,Burnley,1,3,1,14,11,6,6,3,6,4,6,1,0,3,1,2.3333333333333335,0.3333333333333333,1.5,1.5,0.0,1.7771268656716417,113.98932835820895
2021-09-18,2021-2022,Everton,Aston Villa,0,0,3,11,15,1,3,10,7,4,5,1,0,0,1,2.0,1.0,0.25,0.75,-0.5,-1.2728731343283581,112.7164552238806
2021-09-25,2021-2022,Everton,Norwich City,1,2,0,11,10,4,2,12,9,6,4,2,0,3,2,2.0,1.0,1.0,0.5,0.5,1.6071268656716418,114.32358208955225
2021-10-02,2021-2022,Everton,Manchester United,0,1,1,12,13,2,6,9,10,1,10,1,0,1,1,1.3333333333333333,1.3333333333333333,0.5,1.5,-1.0,-0.8328731343283582,113.49070895522388
2021-10-17,2021-2022,Everton,West Ham United,1,0,1,15,16,2,4,3,3,7,9,0,0,0,0,1.3333333333333333,1.3333333333333333,0.5,1.0,-0.5,-1.5528731343283582,111.93783582089553
2021-10-23,2021-2022,Everton,Watford,1,2,5,15,20,4,8,9,13,3,5,4,0,0,4,0.3333333333333333,2.3333333333333335,1.0,2.0,-1.0,-2.482873134328358,109.45496268656717
2021-11-01,2021-2022,Everton,Wolverhampton Wanderers,0,1,2,14,10,5,4,8,10,3,4,1,0,0,1,0.0,3.0,1.25,1.0,0.25,-2.232873134328358,107.22208955223881
2021-11-07,2021-2022,Everton,Tottenham Hotspur,1,0,0,12,8,2,0,13,17,4,2,2,1,1,5,0.3333333333333333,2.3333333333333335,0.5,0.0,0.5,-1.282873134328358,105.93921641791046
2021-11-21,2021-2022,Everton,Manchester City,0,0,3,4,17,1,7,7,5,1,7,1,0,0,1,0.3333333333333333,2.3333333333333335,0.25,1.75,-1.5,-2.4228731343283583,103.51634328358209
2021-11-28,2021-2022,Everton,Brentford,0,0,1,14,6,5,4,11,8,3,3,3,0,0,3,0.3333333333333333,2.3333333333333335,1.25,1.0,0.25,-2.122873134328358,101.39347014925373
2021-12-01,2021-2022,Everton,Liverpool,1,1,4,8,16,2,7,8,16,3,11,4,0,0,4,0.0,3.0,0.5,1.75,-1.25,-2.772873134328358,98.62059701492538
2021-12-06,2021-2022,Everton,Arsenal,1,2,1,11,10,5,3,8,12,3,3,2,0,3,2,1.0,2.0,1.25,0.75,0.5,1.037126865671642,99.65772388059702
2021-12-12,2021-2022,Everton,Crystal Palace,0,1,3,12,17,6,6,14,15,2,8,2,0,0,2,1.0,2.0,1.5,1.5,0.0,-1.7828731343283581,97.87485074626866
2021-12-16,2021-2022,Everton,Chelsea,0,1,1,5,23,3,10,11,11,1,7,3,0,1,3,1.3333333333333333,1.3333333333333333,0.75,2.5,-1.75,-1.1328731343283582,96.7419776119403
2022-01-02,2021-2022,Everton,Brighton and Hove Albion,1,2,3,17,12,6,5,5,12,8,5,1,0,0,1,0.3333333333333333,2.3333333333333335,1.5,1.25,0.25,-2.002873134328358,94.73910447761195
2022-01-15,2021-2022,Everton,Norwich City,0,1,2,12,14,5,3,14,12,8,8,1,0,0,1,0.3333333333333333,2.3333333333333335,1.25,0.75,0.5,-1.942873134328358,92.79623134328358
2022-01-22,2021-2022,Everton,Aston Villa,1,0,1,15,8,1,3,14,16,9,2,5,0,0,5,0.0,3.0,0.25,0.75,-0.5,-2.6528731343283583,90.14335820895522
2022-02-08,2021-2022,Everton,Newcastle United,0,1,3,11,20,3,9,13,13,2,6,3,0,0,3,0.0,3.0,0.75,2.25,-1.5,-2.772873134328358,87.37048507462687
2022-02-12,2021-2022,Everton,Leeds United,1,3,0,21,7,10,0,8,9,5,3,1,0,3,1,1.0,2.0,2.5,0.0,2.5,1.577126865671642,88.94761194029851
2022-02-19,2021-2022,Everton,Southampton,0,0,2,9,19,0,11,9,6,4,4,2,0,0,2,1.0,2.0,0.0,2.75,-2.75,-2.4428731343283583,86.50473880597015
2022-02-26,2021-2022,Everton,Manchester City,1,0,1,6,13,2,8,7,14,3,4,3,0,0,3,1.0,2.0,0.5,2.0,-1.5,-2.202873134328358,84.30186567164179
2022-03-07,2021-2022,Everton,Tottenham Hotspur,0,0,5,6,14,0,7,10,15,2,5,0,0,0,0,0.0,3.0,0.0,1.75,-1.75,-2.6528731343283583,81.64899253731343
2022-03-13,2021-2022,Everton,Wolverhampton Wanderers,1,0,1,8,14,2,3,13,11,5,2,2,1,0,5,0.0,3.0,0.5,0.75,-0.25,-2.592873134328358,79.05611940298508
2022-03-17,2021-2022,Everton,Newcastle United,1,1,0,9,17,3,6,13,11,5,7,2,1,3,5,1.0,2.0,0.75,1.5,-0.75,0.5571268656716418,79.61324626865672
2022-04-03,2021-2022,Everton,West Ham United,0,1,2,13,11,2,5,12,9,4,2,1,1,0,4,1.0,2.0,0.5,1.25,-0.75,-2.082873134328358,77.53037313432836
2022-04-06,2021-2022,Everton,Burnley,0,2,3,16,13,4,4,16,11,6,9,2,0,0,2,1.0,2.0,1.0,1.0,0.0,-1.7828731343283581,75.7475
2022-04-09,2021-2022,Everton,Manchester United,1,1,0,7,12,3,4,4,10,5,7,2,0,3,2,1.0,2.0,0.75,1.0,-0.25,0.8571268656716418,76.60462686567165
2022-04-20,2021-2022,Everton,Leicester City,1,1,1,13,11,3,3,8,17,5,4,3,0,1,3,1.3333333333333333,1.3333333333333333,0.75,0.75,0.0,-0.7128731343283582,75.8917537313433
2022-04-24,2021-2022,Everton,Liverpool,0,0,2,9,18,1,4,8,8,1,13,5,0,0,5,1.3333333333333333,1.3333333333333333,0.25,1.0,-0.75,-1.9128731343283578,73.97888059701494
2022-05-01,2021-2022,Everton,Chelsea,1,1,0,9,17,4,5,9,12,3,8,3,0,3,3,1.3333333333333333,1.3333333333333333,1.0,1.25,-0.25,1.027126865671642,75.00600746268657
2022-05-08,2021-2022,Everton,Leicester City,0,2,1,10,16,4,9,6,11,1,6,0,0,3,0,2.0,1.0,1.0,2.25,-1.25,1.3071268656716417,76.31313432835822
2022-05-11,2021-2022,Everton,Watford,0,0,0,16,6,5,0,12,5,13,1,2,0,1,2,2.3333333333333335,0.3333333333333333,1.25,0.0,1.25,0.21712686567164197,76.53026119402986
2022-05-15,2021-2022,Everton,Brentford,1,2,3,10,18,5,7,8,8,5,2,0,2,0,6,1.3333333333333333,1.3333333333333333,1.25,1.75,-0.5,-1.912873134328358,74.61738805970151
2022-05-19,2021-2022,Everton,Crystal Palace,1,3,2,12,7,6,5,9,13,4,5,2,0,3,2,1.3333333333333333,1.3333333333333333,1.5,1.25,0.25,1.2071268656716418,75.82451492537314
2022-05-22,2021-2022,Everton,Arsenal,0,1,5,6,26,2,9,9,8,2,12,1,0,0,1,1.0,2.0,0.5,2.25,-1.75,-2.142873134328358,73.68164179104478
2022-08-06,2022-2023,Everton,Chelsea,1,0,1,8,15,4,6,14,11,4,16,3,0,0,3,1.0,2.0,1.0,1.5,-0.5,-1.9628731343283579,71.71876865671643
2022-08-13,2022-2023,Everton,Aston Villa,0,1,2,15,12,4,4,7,9,8,5,1,0,0,1,0.0,3.0,1.0,1.0,0.0,-2.292873134328358,69.42589552238806
2022-08-20,2022-2023,Everton,Nottingham Forest,1,1,1,19,14,8,5,6,9,6,2,3,0,1,3,0.3333333333333333,2.3333333333333335,2.0,1.25,0.75,-1.1028731343283582,68.32302238805971
2022-08-27,2022-2023,Everton,Brentford,0,1,1,14,19,7,5,8,8,5,8,2,0,1,2,0.6666666666666666,1.6666666666666667,1.75,1.25,0.5,-0.8728731343283581,67.45014925373135
2022-08-30,2022-2023,Everton,Leeds United,0,1,1,7,14,2,5,9,10,2,10,3,0,1,3,1.0,1.0,0.5,1.25,-0.75,-1.0028731343283581,66.447276119403
2022-09-03,2022-2023,Everton,Liverpool,1,0,0,14,23,3,8,7,11,7,9,2,0,1,2,1.0,1.0,0.75,2.0,-1.25,-1.062873134328358,65.38440298507464
2022-09-18,2022-2023,Everton,West Ham United,1,1,0,7,14,2,4,8,11,5,14,3,0,3,3,1.6666666666666667,0.6666666666666666,0.5,1.0,-0.5,1.1971268656716418,66.58152985074628
2022-10-01,2022-2023,Everton,Southampton,0,2,1,12,22,5,6,10,11,6,7,2,0,3,2,2.3333333333333335,0.3333333333333333,1.25,1.5,-0.25,1.6571268656716416,68.23865671641792
2022-10-09,2022-2023,Everton,Manchester United,1,1,2,11,12,2,4,7,13,5,4,2,0,0,2,2.0,1.0,0.5,1.0,-0.5,-1.3328731343283582,66.90578358208955
2022-10-15,2022-2023,Everton,Tottenham Hotspur,0,0,2,4,21,0,7,13,12,1,7,4,0,0,4,1.0,2.0,0.0,1.75,-1.75,-2.322873134328358,64.58291044776121
2022-10-19,2022-2023,Everton,Newcastle United,0,0,1,1,16,0,4,12,9,2,8,4,0,0,4,0.0,3.0,0.0,1.0,-1.0,-2.7128731343283583,61.870037313432846
2022-10-22,2022-2023,Everton,Crystal Palace,1,3,0,9,9,6,2,16,14,3,4,3,0,3,3,1.0,2.0,1.5,0.5,1.0,1.0971268656716417,62.967164179104486
2022-10-29,2022-2023,Everton,Fulham,0,0,0,9,24,4,6,8,10,4,13,1,0,1,1,1.3333333333333333,1.3333333333333333,1.0,1.5,-0.5,-0.7128731343283582,62.25429104477613
2022-11-05,2022-2023,Everton,Leicester City,1,0,2,12,22,2,8,9,5,8,3,0,0,0,0,1.3333333333333333,1.3333333333333333,0.5,2.0,-1.5,-1.7928731343283582,60.46141791044777
2022-11-12,2022-2023,Everton,Bournemouth,0,0,3,15,16,3,9,8,12,5,3,0,0,0,0,0.3333333333333333,2.3333333333333335,0.75,2.25,-1.5,-2.362873134328358,58.09854477611941
2022-12-26,2022-2023,Everton,Wolverhampton Wanderers,1,1,2,12,7,6,4,9,22,2,2,1,0,0,1,0.0,3.0,1.5,1.0,0.5,-2.172873134328358,55.925671641791055
2022-12-31,2022-2023,Everton,Manchester City,0,1,1,2,16,1,3,14,13,1,7,4,0,1,4,0.3333333333333333,2.3333333333333335,0.25,0.75,-0.5,-1.462873134328358,54.4627985074627
2023-01-03,2022-2023,Everton,Brighton and Hove Albion,1,1,4,10,19,4,8,8,10,5,2,3,0,0,3,0.3333333333333333,2.3333333333333335,1.0,2.0,-1.0,-2.4228731343283583,52.039925373134345
2023-01-14,2022-2023,Everton,Southampton,1,1,2,12,13,4,5,7,19,6,4,0,0,0,0,0.3333333333333333,2.3333333333333335,1.0,1.25,-0.25,-2.062873134328358,49.97705223880599
2023-01-21,2022-2023,Everton,West Ham United,0,0,2,5,11,2,4,6,9,9,4,1,0,0,1,0.0,3.0,0.5,1.0,-0.5,-2.412873134328358,47.56417910447763
2023-02-04,2022-2023,Everton,Arsenal,1,1,0,12,15,4,3,13,8,7,5,4,0,3,4,1.0,2.0,1.0,0.75,0.25,0.8571268656716421,48.42130597014928
2023-02-13,2022-2023,Everton,Liverpool,0,0,2,6,15,1,6,16,8,3,3,3,0,0,3,1.0,2.0,0.25,1.5,-1.25,-2.142873134328358,46.27843283582092
2023-02-18,2022-2023,Everton,Leeds United,1,1,0,15,8,6,0,8,6,6,4,2,0,3,2,2.0,1.0,1.5,0.0,1.5,1.8471268656716417,48.12555970149256
2023-02-25,2022-2023,Everton,Aston Villa,1,0,2,15,9,5,5,12,12,5,1,2,0,0,2,1.0,2.0,1.25,1.25,0.0,-1.7828731343283581,46.34268656716421
2023-03-01,2022-2023,Everton,Arsenal,0,0,4,8,15,5,5,12,5,1,5,2,0,0,2,1.0,2.0,1.25,1.25,0.0,-1.7828731343283581,44.55981343283585
2023-03-05,2022-2023,Everton,Nottingham Forest,0,2,2,10,10,3,4,17,11,3,3,5,0,1,5,0.3333333333333333,2.3333333333333335,0.75,1.0,-0.25,-1.462873134328358,43.09694029850749
2023-03-11,2022-2023,Everton,Brentford,1,1,0,13,12,6,4,11,12,5,8,2,0,3,2,1.3333333333333333,1.3333333333333333,1.5,1.0,0.5,1.267126865671642,44.36406716417913
2023-03-18,2022-2023,Everton,Chelsea,0,2,2,12,20,3,7,12,8,2,8,2,0,1,2,1.6666666666666667,0.6666666666666666,0.75,1.75,-1.0,-0.6628731343283581,43.70119402985077
2023-04-03,2022-2023,Everton,Tottenham Hotspur,1,1,1,15,8,6,2,10,14,3,3,0,1,1,3,1.6666666666666667,0.6666666666666666,1.5,0.5,1.0,-0.24287313432835808,43.458320895522405
2023-04-08,2022-2023,Everton,Manchester United,0,0,2,15,29,1,11,9,10,4,10,0,0,0,0,0.6666666666666666,1.6666666666666667,0.25,2.75,-2.5,-2.372873134328358,41.08544776119405
2023-04-15,2022-2023,Everton,Fulham,1,1,3,15,21,7,7,10,6,4,8,3,0,0,3,0.3333333333333333,2.3333333333333335,1.75,1.75,0.0,-2.182873134328358,38.902574626865686
2023-04-22,2022-2023,Everton,Crystal Palace,0,0,0,10,12,5,2,14,12,1,8,1,1,1,4,0.3333333333333333,2.3333333333333335,1.25,0.5,0.75,-1.1628731343283583,37.73970149253732
2023-04-27,2022-2023,Everton,Newcastle United,1,1,4,13,15,5,8,8,6,3,14,2,0,0,2,0.3333333333333333,2.3333333333333335,1.25,2.0,-0.75,-2.302873134328358,35.43682835820897
2023-05-01,2022-2023,Everton,Leicester City,0,2,2,23,15,8,6,12,10,9,2,1,0,1,1,0.6666666666666666,1.6666666666666667,2.0,1.5,0.5,-0.8128731343283581,34.623955223880614
2023-05-08,2022-2023,Everton,Brighton and Hove Albion,0,5,1,10,23,5,5,13,11,1,15,5,0,3,5,1.3333333333333333,1.3333333333333333,1.25,1.25,0.0,0.9671268656716419,35.59108208955226
2023-05-14,2022-2023,Everton,Manchester City,1,0,3,7,9,3,4,12,4,8,6,1,0,0,1,1.3333333333333333,1.3333333333333333,0.75,1.0,-0.25,-1.5528731343283582,34.038208955223894
2023-05-20,2022-2023,Everton,Wolverhampton Wanderers,0,1,1,19,13,4,5,10,18,7,1,1,0,1,1,1.3333333333333333,1.3333333333333333,1.0,1.25,-0.25,-0.6528731343283581,33.385335820895534
2023-05-28,2022-2023,Everton,Bournemouth,1,1,0,13,7,6,2,11,12,9,3,1,0,3,1,1.3333333333333333,1.3333333333333333,1.5,0.5,1.0,1.4471268656716418,34.83246268656717
2023-08-12,2023-2024,Everton,Fulham,1,0,1,19,9,9,2,12,6,10,4,0,0,0,0,1.3333333333333333,1.3333333333333333,2.25,0.5,1.75,-1.012873134328358,33.81958955223881
2023-08-20,2023-2024,Everton,Aston Villa,0,0,4,9,13,2,7,12,8,6,7,4,0,0,4,1.0,2.0,0.5,1.75,-1.25,-2.202873134328358,31.616716417910453
2023-08-26,2023-2024,Everton,Wolverhampton Wanderers,1,0,1,15,11,7,2,10,14,7,0,3,0,0,3,0.0,3.0,1.75,0.5,1.25,-2.1128731343283578,29.5038432835821
2023-09-02,2023-2024,Everton,Sheffield United,0,2,2,16,13,6,8,13,11,6,4,2,0,1,2,0.3333333333333333,2.3333333333333335,1.5,2.0,-0.5,-1.342873134328358,28.160970149253743
2023-09-17,2023-2024,Everton,Arsenal,1,0,1,8,13,1,4,12,10,1,11,1,0,0,1,0.3333333333333333,2.3333333333333335,0.25,1.0,-0.75,-2.242873134328358,25.91809701492538
2023-09-23,2023-2024,Everton,Brentford,0,3,1,18,12,6,2,12,9,4,1,2,0,3,2,1.3333333333333333,1.3333333333333333,1.5,0.5,1.0,1.3871268656716418,27.305223880597026
2023-09-30,2023-2024,Everton,Luton Town,1,1,2,23,9,5,2,8,10,3,6,0,0,0,0,1.0,2.0,1.25,0.5,0.75,-1.482873134328358,25.82235074626867
2023-10-07,2023-2024,Everton,Bournemouth,1,3,0,25,11,8,4,14,15,8,7,1,0,3,1,2.0,1.0,2.0,1.0,1.0,1.7871268656716417,27.609477611940306
2023-10-21,2023-2024,Everton,Liverpool,0,0,2,6,26,1,6,9,9,4,12,1,1,0,4,1.0,2.0,0.25,1.5,-1.25,-2.202873134328358,25.40660447761195
2023-10-29,2023-2024,Everton,West Ham United,0,1,0,10,12,4,2,11,7,3,4,1,0,3,1,2.0,1.0,1.0,0.5,0.5,1.6671268656716418,27.073731343283598
2023-11-04,2023-2024,Everton,Brighton and Hove Albion,1,1,1,10,7,4,2,15,5,3,3,4,0,1,4,1.3333333333333333,1.3333333333333333,1.0,0.5,0.5,-0.6528731343283581,26.420858208955238
2023-11-11,2023-2024,Everton,Crystal Palace,0,3,2,8,13,4,4,18,9,2,9,4,0,3,4,2.3333333333333335,0.3333333333333333,1.0,1.0,0.0,1.5971268656716417,28.01798507462688
2023-11-26,2023-2024,Everton,Manchester United,1,0,3,24,9,6,4,10,8,6,5,3,0,0,3,1.3333333333333333,1.3333333333333333,1.5,1.0,0.5,-1.492873134328358,26.525111940298515
2023-12-02,2023-2024,Everton,Nottingham Forest,0,1,0,12,13,3,2,14,15,3,4,0,0,3,0,2.0,1.0,0.75,0.5,0.25,1.6671268656716418,28.192238805970163
2023-12-07,2023-2024,Everton,Newcastle United,1,3,0,21,13,6,3,18,8,5,2,3,0,3,3,2.0,1.0,1.5,0.75,0.75,1.6071268656716418,29.79936567164181
2023-12-10,2023-2024,Everton,Chelsea,1,2,0,9,16,5,4,12,12,4,8,2,0,3,2,3.0,0.0,1.25,1.0,0.25,2.1171268656716418,31.916492537313445
2023-12-16,2023-2024,Everton,Burnley,0,2,0,9,14,6,2,8,9,6,8,1,0,3,1,3.0,0.0,1.5,0.5,1.0,2.357126865671642,34.27361940298509
2023-12-23,2023-2024,Everton,Tottenham Hotspur,0,1,2,18,13,8,6,18,6,8,3,4,0,0,4,2.0,1.0,2.0,1.5,0.5,-1.2128731343283583,33.06074626865673
2023-12-27,2023-2024,Everton,Manchester City,1,1,3,7,23,2,9,13,5,8,4,4,0,0,4,1.0,2.0,0.5,2.25,-1.75,-2.322873134328358,30.737873134328368
2023-12-30,2023-2024,Everton,Wolverhampton Wanderers,0,0,3,10,12,0,6,14,9,2,5,3,0,0,3,0.0,3.0,0.0,1.5,-1.5,-2.772873134328358,27.965000000000003
2024-01-14,2023-2024,Everton,Aston Villa,1,0,0,10,16,2,5,13,14,4,5,1,0,1,1,0.3333333333333333,2.3333333333333335,0.5,1.25,-0.75,-1.342873134328358,26.622126865671646
2024-01-30,2023-2024,Everton,Fulham,0,0,0,21,25,4,6,13,6,6,15,2,0,1,2,0.6666666666666666,1.6666666666666667,1.0,1.5,-0.5,-1.112873134328358,25.509253731343293
2024-02-03,2023-2024,Everton,Tottenham Hotspur,1,2,2,14,9,5,6,8,14,9,5,3,0,1,3,1.0,1.0,1.25,1.5,-0.25,-0.882873134328358,24.62638059701493
2024-02-10,2023-2024,Everton,Manchester City,0,0,2,5,19,1,3,11,6,0,9,2,0,0,2,0.6666666666666666,1.6666666666666667,0.25,0.75,-0.5,-2.012873134328358,22.61350746268657
2024-02-19,2023-2024,Everton,Crystal Palace,1,1,1,19,10,4,4,8,12,3,6,0,0,1,0,0.6666666666666666,1.6666666666666667,1.0,1.0,0.0,-0.8728731343283581,21.74063432835821
2024-02-24,2023-2024,Everton,Brighton and Hove Albion,0,1,1,6,23,3,7,14,9,3,11,3,0,1,3,0.6666666666666666,1.6666666666666667,0.75,1.75,-1.0,-1.292873134328358,20.44776119402985
2024-03-02,2023-2024,Everton,West Ham United,1,1,3,22,12,11,5,9,6,4,5,1,0,0,1,0.6666666666666666,1.6666666666666667,2.75,1.25,1.5,-1.472873134328358,18.9748880597015
2024-03-09,2023-2024,Everton,Manchester United,0,0,2,23,15,6,8,11,13,8,5,2,0,0,2,0.3333333333333333,2.3333333333333335,1.5,2.0,-0.5,-2.242873134328358,16.732014925373136
2024-03-30,2023-2024,Everton,Bournemouth,0,1,2,7,11,3,4,11,14,8,9,2,0,0,2,0.0,3.0,0.75,1.0,-0.25,-2.412873134328358,14.319141791044771
2024-04-02,2023-2024,Everton,Newcastle United,0,1,1,10,18,3,6,14,9,3,7,3,0,1,3,0.3333333333333333,2.3333333333333335,0.75,1.5,-0.75,-1.462873134328358,12.85626865671641
2024-04-06,2023-2024,Everton,Burnley,1,1,0,12,6,3,1,11,13,3,5,2,0,3,2,1.3333333333333333,1.3333333333333333,0.75,0.25,0.5,1.267126865671642,14.123395522388051
2024-04-15,2023-2024,Everton,Chelsea,0,0,6,10,14,2,10,21,5,8,4,4,0,0,4,1.3333333333333333,1.3333333333333333,0.5,2.5,-2.0,-2.152873134328358,11.970522388059692
2024-04-21,2023-2024,Everton,Nottingham Forest,1,2,0,7,8,4,3,15,9,6,4,3,0,3,3,2.0,1.0,1.0,0.75,0.25,1.4871268656716417,13.457649253731333
2024-04-24,2023-2024,Everton,Liverpool,1,2,0,16,23,6,7,6,13,4,13,0,0,3,0,2.0,1.0,1.5,1.75,-0.25,1.5471268656716417,15.004776119402976
2024-04-27,2023-2024,Everton,Brentford,1,1,0,18,10,1,4,10,12,6,6,1,0,3,1,3.0,0.0,0.25,1.0,-0.75,1.9371268656716418,16.94190298507462
2024-05-03,2023-2024,Everton,Luton Town,0,1,1,10,18,3,5,12,14,7,8,3,0,1,3,2.3333333333333335,0.3333333333333333,0.75,1.25,-0.5,-0.262873134328358,16.67902985074626
2024-05-11,2023-2024,Everton,Sheffield United,1,1,0,15,13,6,1,6,11,3,6,1,0,3,1,2.3333333333333335,0.3333333333333333,1.5,0.25,1.25,2.0771268656716417,18.756156716417905
2024-05-19,2023-2024,Everton,Arsenal,0,1,2,5,26,2,5,11,8,1,8,3,0,0,3,1.3333333333333333,1.3333333333333333,0.5,1.25,-0.75,-1.7928731343283577,16.963283582089545
2024-08-17,2024-2025,Everton,Brighton and Hove Albion,1,0,3,9,10,1,5,8,8,1,5,1,1,0,4,1.0,2.0,0.25,1.25,-1.0,-2.142873134328358,14.82041044776119
2024-08-24,2024-2025,Everton,Tottenham Hotspur,0,0,4,10,13,1,7,15,11,5,12,0,0,0,0,0.0,3.0,0.25,1.75,-1.5,-2.592873134328358,12.227537313432833
2024-08-31,2024-2025,Everton,Bournemouth,1,2,3,18,17,8,7,6,1,8,4,2,0,0,2,0.0,3.0,2.0,1.75,0.25,-2.292873134328358,9.934664179104473
2024-09-14,2024-2025,Everton,Aston Villa,0,2,3,6,17,2,8,12,10,2,6,4,0,0,4,0.0,3.0,0.5,2.0,-1.5,-2.832873134328358,7.101791044776121
2024-09-21,2024-2025,Everton,Leicester City,0,1,1,16,12,5,2,12,11,1,6,2,0,1,2,0.3333333333333333,2.3333333333333335,1.25,0.5,0.75,-1.0428731343283582,6.058917910447761
2024-09-28,2024-2025,Everton,Crystal Palace,1,2,1,8,17,2,5,13,11,5,8,2,0,3,2,1.3333333333333333,1.3333333333333333,0.5,1.25,-0.75,0.9671268656716421,7.026044776119406
2024-10-05,2024-2025,Everton,Newcastle United,1,0,0,8,14,2,3,12,8,0,10,1,0,1,1,1.6666666666666667,0.6666666666666666,0.5,0.75,-0.25,-0.42287313432835805,6.60317164179105
2024-10-19,2024-2025,Everton,Ipswich Town,0,2,0,11,13,8,2,10,12,8,5,1,0,3,1,2.3333333333333335,0.3333333333333333,2.0,0.5,1.5,2.137126865671642,8.740298507462697
2024-10-26,2024-2025,Everton,Fulham,1,1,1,10,14,5,3,8,8,4,2,1,0,1,1,1.6666666666666667,0.6666666666666666,1.25,0.75,0.5,-0.24287313432835808,8.497425373134334
2024-11-02,2024-2025,Everton,Southampton,0,0,1,16,9,5,2,18,14,6,3,2,0,0,2,1.3333333333333333,1.3333333333333333,1.25,0.5,0.75,-1.372873134328358,7.124552238805975
2024-11-09,2024-2025,Everton,West Ham United,0,0,0,18,11,4,6,9,10,6,7,2,0,1,2,0.6666666666666666,1.6666666666666667,1.0,1.5,-0.5,-1.112873134328358,6.011679104477622
2024-11-23,2024-2025,Everton,Brentford,1,0,0,27,9,5,2,8,10,10,4,0,0,1,0,0.6666666666666666,1.6666666666666667,1.25,0.5,0.75,-0.692873134328358,5.3188059701492705
2024-12-01,2024-2025,Everton,Manchester United,0,0,4,8,11,2,5,12,12,2,2,3,0,0,3,0.6666666666666666,1.6666666666666667,0.5,1.25,-0.75,-2.132873134328358,3.185932835820907
2024-12-04,2024-2025,Everton,Wolverhampton Wanderers,1,4,0,13,6,4,2,10,8,3,4,2,0,3,2,1.3333333333333333,1.3333333333333333,1.0,0.5,0.5,1.267126865671642,4.453059701492549
2024-12-14,2024-2025,Everton,Arsenal,0,0,0,2,13,0,5,9,6,2,8,3,0,1,3,1.3333333333333333,1.3333333333333333,0.0,1.25,-1.25,-1.0128731343283581,3.44018656716419
2024-12-22,2024-2025,Everton,Chelsea,1,0,0,5,12,4,5,20,12,2,5,4,0,1,4,1.6666666666666667,0.6666666666666666,1.0,1.25,-0.25,-0.6028731343283581,2.8373134328358276
2024-12-26,2024-2025,Everton,Manchester City,0,1,1,8,24,3,5,10,5,5,8,4,0,1,4,1.0,1.0,0.75,1.25,-0.5,-1.0028731343283581,1.8344402985074737
2024-12-29,2024-2025,Everton,Nottingham Forest,1,0,2,13,11,2,7,13,10,5,4,4,0,0,4,0.6666666666666666,1.6666666666666667,0.5,1.75,-1.25,-2.312873134328358,1.0
2025-01-04,2024-2025,Everton,Bournemouth,0,0,1,9,19,0,8,14,15,3,9,2,0,0,2,0.3333333333333333,2.3333333333333335,0.0,2.0,-2.0,-2.602873134328358,1.0
2025-01-15,2024-2025,Everton,Aston Villa,1,0,1,10,11,3,3,17,10,8,5,2,0,0,2,0.0,3.0,0.75,0.75,0.0,-2.352873134328358,1.0
2025-01-19,2024-2025,Everton,Tottenham Hotspur,1,3,2,12,11,6,6,14,14,3,8,2,0,3,2,1.0,2.0,1.5,1.5,0.0,0.9171268656716418,1.0
2025-01-25,2024-2025,Everton,Brighton and Hove Albion,0,1,0,3,16,1,1,11,8,1,9,4,0,3,4,2.0,1.0,0.25,0.25,0.0,1.3671268656716418,1.0
2025-02-01,2024-2025,Everton,Leicester City,1,4,0,13,9,7,1,7,13,5,6,0,0,3,0,3.0,0.0,1.75,0.25,1.5,2.5371268656716417,1.0
2025-02-12,2024-2025,Everton,Liverpool,1,2,2,10,6,3,4,9,20,2,3,2,1,1,5,2.3333333333333335,0.3333333333333333,0.75,1.0,-0.25,-0.322873134328358,1.0
2025-02-15,2024-2025,Everton,Crystal Palace,0,2,1,11,17,6,6,12,9,2,6,1,0,3,1,2.3333333333333335,0.3333333333333333,1.5,1.5,0.0,1.7771268656716417,1.0
2025-02-22,2024-2025,Everton,Manchester United,1,2,2,9,9,8,3,12,9,7,9,4,0,1,4,1.6666666666666667,0.6666666666666666,2.0,0.75,1.25,-0.24287313432835808,1.0
2025-02-26,2024-2025,Everton,Brentford,0,1,1,14,12,4,3,6,3,5,2,1,0,1,1,1.6666666666666667,0.6666666666666666,1.0,0.75,0.25,-0.30287313432835805,1.0
2025-03-08,2024-2025,Everton,Wolverhampton Wanderers,0,1,1,12,11,4,3,16,11,5,5,2,0,1,2,1.0,1.0,1.0,0.75,0.25,-0.7028731343283581,1.0
2025-03-15,2024-2025,Everton,West Ham United,1,1,1,13,10,5,5,12,8,6,5,1,0,1,1,1.0,1.0,1.25,1.25,0.0,-0.7028731343283581,1.0
2025-04-02,2024-2025,Everton,Liverpool,0,0,1,5,17,0,3,11,7,5,11,2,0,0,2,0.6666666666666666,1.6666666666666667,0.0,0.75,-0.75,-2.072873134328358,1.0
2025-04-05,2024-2025,Everton,Arsenal,1,1,1,5,14,2,5,17,13,3,8,3,0,1,3,0.6666666666666666,1.6666666666666667,0.5,1.25,-0.75,-1.232873134328358,1.0
2025-04-12,2024-2025,Everton,Nottingham Forest,0,1,0,13,10,5,5,13,9,7,1,3,0,3,3,1.3333333333333333,1.3333333333333333,1.25,1.25,0.0,1.087126865671642,1.0
2025-04-19,2024-2025,Everton,Manchester City,1,0,2,8,12,3,7,7,6,2,5,4,0,0,4,1.3333333333333333,1.3333333333333333,0.75,1.75,-1.0,-1.9128731343283578,1.0
2025-04-26,2024-2025,Everton,Chelsea,0,0,1,6,10,3,7,11,11,2,10,0,0,0,0,1.0,2.0,0.75,1.75,-1.0,-1.9028731343283578,1.0
2025-05-03,2024-2025,Everton,Ipswich Town,1,2,2,8,12,3,5,12,15,3,3,4,0,1,4,0.3333333333333333,2.3333333333333335,0.75,1.25,-0.5,-1.462873134328358,1.0
2025-05-10,2024-2025,Everton,Fulham,0,3,1,11,18,7,6,9,15,5,5,0,0,3,0,1.3333333333333333,1.3333333333333333,1.75,1.5,0.25,1.327126865671642,1.0
2025-05-18,2024-2025,Everton,Southampton,1,2,0,13,6,5,2,6,10,4,5,1,0,3,1,2.3333333333333335,0.3333333333333333,1.25,0.5,0.75,1.9571268656716416,1.0
2025-05-25,2024-2025,Everton,Newcastle United,0,1,0,14,17,6,6,9,12,3,12,4,0,3,4,3.0,0.0,1.5,1.5,0.0,1.9371268656716418,1.0
2025-08-18,2025-2026,Everton,Leeds United,0,0,1,7,21,1,3,8,6,2,7,2,0,0,2,2.0,1.0,0.25,0.75,-0.5,-1.3328731343283582,1.0
2025-08-24,2025-2026,Everton,Brighton and Hove Albion,1,2,0,11,13,3,4,7,15,2,2,4,0,3,4,2.0,1.0,0.75,1.0,-0.25,1.3071268656716417,1.0
2025-08-30,2025-2026,Everton,Wolverhampton Wanderers,0,3,2,10,12,4,4,10,15,2,2,1,0,3,1,2.0,1.0,1.0,1.0,0.0,1.5471268656716417,1.0
2025-09-13,2025-2026,Everton,Aston Villa,1,0,0,20,7,2,1,17,15,10,3,3,0,1,3,2.3333333333333335,0.3333333333333333,0.5,0.25,0.25,-0.08287313432835805,1.0
2025-09-20,2025-2026,Everton,Liverpool,0,1,2,9,11,2,3,10,11,4,5,3,0,0,3,1.3333333333333333,1.3333333333333333,0.5,0.75,-0.25,-1.6728731343283583,1.0
2025-09-29,2025-2026,Everton,West Ham United,1,1,1,12,14,6,3,7,16,3,5,3,0,1,3,0.6666666666666666,1.6666666666666667,1.5,0.75,0.75,-0.8728731343283581,1.0
2025-10-05,2025-2026,Everton,Crystal Palace,1,2,1,14,15,7,8,13,16,2,4,2,0,3,2,1.3333333333333333,1.3333333333333333,1.75,2.0,-0.25,1.0871268656716417,1.0
2025-10-18,2025-2026,Everton,Manchester City,0,0,2,5,19,1,7,14,8,3,11,2,0,0,2,1.3333333333333333,1.3333333333333333,0.25,1.75,-1.5,-1.912873134328358,1.0
2025-10-26,2025-2026,Everton,Tottenham Hotspur,1,0,3,12,7,2,4,9,8,9,8,2,0,0,2,1.0,2.0,0.5,1.0,-0.5,-1.9028731343283583,1.0
2025-11-03,2025-2026,Everton,Sunderland,0,1,1,8,17,2,3,12,10,1,4,2,0,1,2,0.3333333333333333,2.3333333333333335,0.5,0.75,-0.25,-1.282873134328358,1.0
2025-11-08,2025-2026,Everton,Fulham,1,2,0,14,8,5,4,11,14,7,5,2,0,3,2,1.3333333333333333,1.3333333333333333,1.25,1.0,0.25,1.2071268656716418,1.0
2020-09-12,2020-2021,Fulham,Arsenal,1,0,3,5,13,2,6,12,12,2,3,2,0,0,2,0.0,3.0,0.5,1.5,-1.0,-2.592873134328358,81.40712686567164
2020-09-19,2020-2021,Fulham,Leeds United,0,3,4,14,10,6,7,18,13,3,5,2,0,0,2,0.0,3.0,1.5,1.75,-0.25,-2.412873134328358,78.99425373134328
2020-09-28,2020-2021,Fulham,Aston Villa,1,0,3,16,12,3,5,18,14,5,3,6,0,0,6,0.0,3.0,0.75,1.25,-0.5,-2.7128731343283583,76.28138059701493
2020-10-04,2020-2021,Fulham,Wolverhampton Wanderers,0,0,1,10,14,2,5,8,15,2,6,1,0,0,1,0.0,3.0,0.5,1.25,-0.75,-2.472873134328358,73.80850746268656
2020-10-18,2020-2021,Fulham,Sheffield United,0,1,1,15,10,6,6,9,5,5,2,2,0,1,2,0.3333333333333333,2.3333333333333335,1.5,1.5,0.0,-1.2228731343283579,72.58563432835821
2020-10-24,2020-2021,Fulham,Crystal Palace,1,1,2,16,14,3,10,11,11,4,4,0,1,0,3,0.3333333333333333,2.3333333333333335,0.75,2.5,-1.75,-2.602873134328358,69.98276119402985
2020-11-02,2020-2021,Fulham,West Brom,1,2,0,13,10,6,1,13,11,5,2,3,0,3,3,1.3333333333333333,1.3333333333333333,1.5,0.25,1.25,1.387126865671642,71.3698880597015
2020-11-07,2020-2021,Fulham,West Ham United,0,0,1,13,16,3,7,9,10,5,9,2,0,0,2,1.0,2.0,0.75,1.75,-1.0,-2.022873134328358,69.34701492537313
2020-11-22,2020-2021,Fulham,Everton,1,2,3,14,9,6,7,14,10,2,5,2,0,0,2,1.0,2.0,1.5,1.75,-0.25,-1.8428731343283582,67.50414179104477
2020-11-30,2020-2021,Fulham,Leicester City,0,2,1,10,16,5,3,21,9,5,6,2,0,3,2,1.0,2.0,1.25,0.75,0.5,1.037126865671642,68.54126865671643
2020-12-05,2020-2021,Fulham,Manchester City,0,0,2,6,16,1,6,6,7,3,9,0,0,0,0,1.0,2.0,0.25,1.5,-1.25,-1.9628731343283579,66.57839552238806
2020-12-13,2020-2021,Fulham,Liverpool,1,1,1,10,12,5,6,9,5,6,8,3,0,1,3,1.3333333333333333,1.3333333333333333,1.25,1.5,-0.25,-0.7728731343283581,65.8055223880597
2020-12-16,2020-2021,Fulham,Brighton and Hove Albion,1,0,0,9,9,4,4,15,11,1,8,1,0,1,1,0.6666666666666666,1.6666666666666667,1.0,1.0,0.0,-0.9328731343283582,64.87264925373134
2020-12-19,2020-2021,Fulham,Newcastle United,0,1,1,11,12,4,5,17,7,9,2,2,1,1,5,1.0,1.0,1.0,1.25,-0.25,-1.0028731343283581,63.869776119402985
2020-12-26,2020-2021,Fulham,Southampton,1,0,0,10,3,1,2,15,12,6,3,2,0,1,2,1.0,1.0,0.25,0.5,-0.25,-0.8228731343283581,63.04690298507463
2021-01-13,2020-2021,Fulham,Tottenham Hotspur,0,1,1,15,15,4,6,15,13,5,6,2,0,1,2,1.0,1.0,1.0,1.5,-0.5,-0.882873134328358,62.164029850746275
2021-01-16,2020-2021,Fulham,Chelsea,1,0,1,10,21,3,6,11,10,1,12,2,1,0,5,0.6666666666666666,1.6666666666666667,0.75,1.5,-0.75,-2.252873134328358,59.91115671641792
2021-01-20,2020-2021,Fulham,Manchester United,1,1,2,12,15,5,5,6,10,2,8,3,0,0,3,0.3333333333333333,2.3333333333333335,1.25,1.25,0.0,-2.182873134328358,57.72828358208956
2021-01-27,2020-2021,Fulham,Brighton and Hove Albion,0,0,0,10,16,3,5,14,10,0,10,1,0,1,1,0.3333333333333333,2.3333333333333335,0.75,1.25,-0.5,-1.282873134328358,56.445410447761205
2021-01-30,2020-2021,Fulham,West Brom,0,2,2,12,5,7,3,10,9,3,2,0,0,1,0,0.6666666666666666,1.6666666666666667,1.75,0.75,1.0,-0.6328731343283581,55.81253731343284
2021-02-03,2020-2021,Fulham,Leicester City,1,0,2,8,9,1,5,17,10,5,2,3,0,0,3,0.6666666666666666,1.6666666666666667,0.25,1.25,-1.0,-2.1928731343283583,53.61966417910449
2021-02-06,2020-2021,Fulham,West Ham United,1,0,0,20,8,2,1,11,10,7,3,1,0,1,1,0.6666666666666666,1.6666666666666667,0.5,0.25,0.25,-0.8728731343283581,52.74679104477613
2021-02-14,2020-2021,Fulham,Everton,0,2,0,12,7,3,2,16,7,4,5,1,0,3,1,1.3333333333333333,1.3333333333333333,0.75,0.5,0.25,1.267126865671642,54.01391791044777
2021-02-17,2020-2021,Fulham,Burnley,0,1,1,8,8,3,3,13,7,5,5,1,0,1,1,1.6666666666666667,0.6666666666666666,0.75,0.75,0.0,-0.36287313432835805,53.65104477611941
2021-02-20,2020-2021,Fulham,Sheffield United,1,1,0,15,4,7,2,11,14,6,4,1,0,3,1,2.3333333333333335,0.3333333333333333,1.75,0.5,1.25,2.0771268656716417,55.72817164179105
2021-02-28,2020-2021,Fulham,Crystal Palace,0,0,0,16,3,4,0,14,10,3,1,1,0,1,1,1.6666666666666667,0.6666666666666666,1.0,0.0,1.0,-0.12287313432835807,55.60529850746269
2021-03-04,2020-2021,Fulham,Tottenham Hotspur,1,0,1,11,9,3,2,13,9,4,1,2,0,0,2,1.3333333333333333,1.3333333333333333,0.75,0.5,0.25,-1.492873134328358,54.112425373134336
2021-03-07,2020-2021,Fulham,Liverpool,0,1,0,10,16,3,3,8,10,4,9,3,0,3,3,1.3333333333333333,1.3333333333333333,0.75,0.75,0.0,1.087126865671642,55.19955223880598
2021-03-13,2020-2021,Fulham,Manchester City,1,0,3,3,8,0,7,14,13,4,2,0,0,0,0,1.0,2.0,0.0,1.75,-1.75,-2.082873134328358,53.11667910447762
2021-03-19,2020-2021,Fulham,Leeds United,1,1,2,13,13,6,4,13,12,13,7,2,0,0,2,1.0,2.0,1.5,1.0,0.5,-1.662873134328358,51.45380597014926
2021-04-04,2020-2021,Fulham,Aston Villa,0,1,3,15,14,7,4,20,14,4,4,2,0,0,2,0.0,3.0,1.75,1.0,0.75,-2.1728731343283583,49.280932835820906
2021-04-09,2020-2021,Fulham,Wolverhampton Wanderers,1,0,1,14,7,3,3,11,8,3,4,0,0,0,0,0.0,3.0,0.75,0.75,0.0,-2.232873134328358,47.04805970149255
2021-04-18,2020-2021,Fulham,Arsenal,0,1,1,3,18,1,5,11,9,1,11,3,0,1,3,0.3333333333333333,2.3333333333333335,0.25,1.25,-1.0,-1.5228731343283581,45.52518656716419
2021-05-01,2020-2021,Fulham,Chelsea,0,0,2,10,9,3,5,8,15,8,1,1,0,0,1,0.3333333333333333,2.3333333333333335,0.75,1.25,-0.5,-2.182873134328358,43.34231343283583
2021-05-10,2020-2021,Fulham,Burnley,1,0,2,21,14,3,5,11,10,8,4,2,0,0,2,0.3333333333333333,2.3333333333333335,0.75,1.25,-0.5,-2.242873134328358,41.099440298507474
2021-05-15,2020-2021,Fulham,Southampton,0,1,3,10,11,3,7,15,9,5,6,1,0,0,1,0.0,3.0,0.75,1.75,-1.0,-2.5328731343283577,38.56656716417912
2021-05-18,2020-2021,Fulham,Manchester United,0,1,1,8,13,5,6,15,10,1,6,3,0,1,3,0.3333333333333333,2.3333333333333335,1.25,1.5,-0.25,-1.342873134328358,37.22369402985076
2021-05-23,2020-2021,Fulham,Newcastle United,1,0,2,14,10,0,4,12,6,5,4,1,0,0,1,0.3333333333333333,2.3333333333333335,0.0,1.0,-1.0,-2.302873134328358,34.920820895522404
2022-08-06,2022-2023,Fulham,Liverpool,1,2,2,9,11,3,4,7,9,4,4,2,0,1,2,0.6666666666666666,1.6666666666666667,0.75,1.0,-0.25,-1.052873134328358,33.867947761194046
2022-08-13,2022-2023,Fulham,Wolverhampton Wanderers,0,0,0,9,7,3,1,14,7,3,5,3,0,1,3,0.6666666666666666,1.6666666666666667,0.75,0.25,0.5,-0.9328731343283582,32.935074626865685
2022-08-20,2022-2023,Fulham,Brentford,1,3,2,18,13,9,5,13,7,6,3,3,0,3,3,1.6666666666666667,0.6666666666666666,2.25,1.25,1.0,1.5571268656716417,34.492201492537326
2022-08-27,2022-2023,Fulham,Arsenal,0,1,2,11,22,3,8,12,6,2,9,3,0,0,3,1.3333333333333333,1.3333333333333333,0.75,2.0,-1.25,-1.9128731343283578,32.57932835820897
2022-08-30,2022-2023,Fulham,Brighton and Hove Albion,1,2,1,10,7,3,4,9,11,3,3,2,0,3,2,2.0,1.0,0.75,1.0,-0.25,1.4271268656716416,34.00645522388061
2022-09-03,2022-2023,Fulham,Tottenham Hotspur,0,1,2,9,23,3,10,6,9,3,10,4,0,0,4,1.0,2.0,0.75,2.5,-1.75,-2.322873134328358,31.683582089552246
2022-09-16,2022-2023,Fulham,Nottingham Forest,0,3,2,15,11,7,3,10,11,10,2,4,0,3,4,2.0,1.0,1.75,0.75,1.0,1.6071268656716418,33.290708955223884
2022-10-01,2022-2023,Fulham,Newcastle United,1,1,4,3,19,1,10,9,10,1,8,2,1,0,5,1.0,2.0,0.25,2.5,-2.25,-2.502873134328358,30.787835820895523
2022-10-09,2022-2023,Fulham,West Ham United,0,1,3,8,17,2,8,7,9,2,4,3,0,0,3,1.0,2.0,0.5,2.0,-1.5,-2.202873134328358,28.584962686567167
2022-10-15,2022-2023,Fulham,Bournemouth,1,2,2,19,10,4,6,9,11,5,6,2,0,1,2,0.3333333333333333,2.3333333333333335,1.0,1.5,-0.5,-1.342873134328358,27.24208955223881
2022-10-20,2022-2023,Fulham,Aston Villa,1,3,0,18,12,8,6,11,11,9,7,0,0,3,0,1.3333333333333333,1.3333333333333333,2.0,1.5,0.5,1.387126865671642,28.62921641791045
2022-10-23,2022-2023,Fulham,Leeds United,0,3,2,11,14,5,5,8,12,6,3,1,0,3,1,2.3333333333333335,0.3333333333333333,1.25,1.25,0.0,1.7771268656716417,30.40634328358209
2022-10-29,2022-2023,Fulham,Everton,1,0,0,24,9,6,4,10,8,13,4,2,0,1,2,2.3333333333333335,0.3333333333333333,1.5,1.0,0.5,0.03712686567164197,30.443470149253734
2022-11-05,2022-2023,Fulham,Manchester City,0,1,2,4,16,2,5,11,6,0,9,4,0,0,4,1.3333333333333333,1.3333333333333333,0.5,1.25,-0.75,-1.8528731343283578,28.59059701492538
2022-11-13,2022-2023,Fulham,Manchester United,1,1,2,14,14,7,9,9,10,10,3,1,0,0,1,0.3333333333333333,2.3333333333333335,1.75,2.25,-0.5,-2.182873134328358,26.40772388059702
2022-12-26,2022-2023,Fulham,Crystal Palace,0,3,0,23,4,11,0,15,12,8,1,0,0,3,0,1.0,2.0,2.75,0.0,2.75,1.697126865671642,28.10485074626866
2022-12-31,2022-2023,Fulham,Southampton,1,2,1,8,9,2,3,8,13,4,4,0,0,3,0,2.0,1.0,0.5,0.75,-0.25,1.5471268656716417,29.651977611940303
2023-01-03,2022-2023,Fulham,Leicester City,0,1,0,11,15,2,6,11,12,3,6,6,0,3,6,3.0,0.0,0.5,1.5,-1.0,1.577126865671642,31.229104477611948
2023-01-12,2022-2023,Fulham,Chelsea,1,2,1,8,20,3,10,12,16,5,7,4,0,3,4,3.0,0.0,0.75,2.5,-1.75,1.517126865671642,32.74623134328359
2023-01-15,2022-2023,Fulham,Newcastle United,0,0,1,5,20,0,5,14,6,5,10,3,0,0,3,2.0,1.0,0.0,1.25,-1.25,-1.572873134328358,31.17335820895523
2023-01-23,2022-2023,Fulham,Tottenham Hotspur,1,0,1,10,10,5,3,10,10,3,8,1,0,0,1,1.0,2.0,1.25,0.75,0.5,-1.602873134328358,29.570485074626873
2023-02-03,2022-2023,Fulham,Chelsea,0,0,0,10,12,4,3,12,16,2,6,4,0,1,4,0.3333333333333333,2.3333333333333335,1.0,0.75,0.25,-1.282873134328358,28.287611940298518
2023-02-11,2022-2023,Fulham,Nottingham Forest,1,2,0,16,10,3,1,9,11,5,4,0,0,3,0,1.3333333333333333,1.3333333333333333,0.75,0.25,0.5,1.387126865671642,29.674738805970158
2023-02-18,2022-2023,Fulham,Brighton and Hove Albion,0,1,0,5,21,2,7,14,12,2,10,5,0,3,5,2.3333333333333335,0.3333333333333333,0.5,1.75,-1.25,1.2371268656716417,30.9118656716418
2023-02-24,2022-2023,Fulham,Wolverhampton Wanderers,1,1,1,10,8,5,2,12,17,4,3,2,0,1,2,2.3333333333333335,0.3333333333333333,1.25,0.5,0.75,0.097126865671642,31.00899253731344
2023-03-06,2022-2023,Fulham,Brentford,0,2,3,9,14,5,6,17,12,3,2,3,0,0,3,1.3333333333333333,1.3333333333333333,1.25,1.5,-0.25,-1.6728731343283583,29.336119402985084
2023-03-12,2022-2023,Fulham,Arsenal,1,0,3,12,15,2,7,10,9,4,8,0,0,0,0,0.3333333333333333,2.3333333333333335,0.5,1.75,-1.25,-2.302873134328358,27.033246268656725
2023-04-01,2022-2023,Fulham,Bournemouth,0,1,2,10,12,2,7,13,15,3,4,4,0,0,4,0.0,3.0,0.5,1.75,-1.25,-2.772873134328358,24.26037313432837
2023-04-08,2022-2023,Fulham,West Ham United,1,0,1,16,9,3,5,10,12,11,4,1,0,0,1,0.0,3.0,0.75,1.25,-0.5,-2.412873134328358,21.84750000000001
2023-04-15,2022-2023,Fulham,Everton,0,3,1,21,15,7,7,6,10,8,4,2,0,3,2,1.0,2.0,1.75,1.75,0.0,0.9171268656716418,22.76462686567165
2023-04-22,2022-2023,Fulham,Leeds United,1,2,1,12,10,5,2,10,15,8,6,1,0,3,1,2.0,1.0,1.25,0.5,0.75,1.7271268656716416,24.491753731343294
2023-04-25,2022-2023,Fulham,Aston Villa,0,0,1,1,14,0,3,18,6,2,8,2,0,0,2,2.0,1.0,0.0,0.75,-0.75,-1.3928731343283582,23.098880597014933
2023-04-30,2022-2023,Fulham,Manchester City,1,1,2,4,12,1,9,9,10,2,5,1,0,0,1,1.0,2.0,0.25,2.25,-2.0,-2.202873134328358,20.896007462686576
2023-05-03,2022-2023,Fulham,Liverpool,0,0,1,9,15,3,3,8,10,5,7,0,0,0,0,0.0,3.0,0.75,0.75,0.0,-2.232873134328358,18.66313432835821
2023-05-08,2022-2023,Fulham,Leicester City,1,5,3,17,18,7,9,13,15,2,7,0,0,3,0,1.0,2.0,1.75,2.25,-0.5,0.9171268656716418,19.58026119402986
2023-05-13,2022-2023,Fulham,Southampton,0,2,0,9,5,4,1,12,17,8,1,0,0,3,0,2.0,1.0,1.0,0.25,0.75,1.7871268656716417,21.367388059701497
2023-05-20,2022-2023,Fulham,Crystal Palace,1,2,2,11,11,4,5,13,12,7,4,3,0,1,3,2.3333333333333335,0.3333333333333333,1.0,1.25,-0.25,-0.20287313432835802,21.16451492537314
2023-05-28,2022-2023,Fulham,Manchester United,0,1,2,10,21,3,8,10,14,4,5,2,0,0,2,1.3333333333333333,1.3333333333333333,0.75,2.0,-1.25,-1.852873134328358,19.311641791044778
2023-08-12,2023-2024,Fulham,Everton,0,1,0,9,19,2,9,6,12,4,10,2,0,3,2,1.3333333333333333,1.3333333333333333,0.5,2.25,-1.75,0.7271268656716419,20.03876865671642
2023-08-19,2023-2024,Fulham,Brentford,1,0,3,10,17,2,8,13,12,5,5,2,1,0,5,1.0,2.0,0.5,2.0,-1.5,-2.322873134328358,17.715895522388067
2023-08-26,2023-2024,Fulham,Arsenal,0,2,2,8,19,3,11,5,6,3,8,3,1,1,6,1.3333333333333333,1.3333333333333333,0.75,2.75,-2.0,-1.3728731343283582,16.34302238805971
2023-09-02,2023-2024,Fulham,Manchester City,0,1,5,6,7,4,5,12,12,5,4,4,0,0,4,0.3333333333333333,2.3333333333333335,1.0,1.25,-0.25,-2.302873134328358,14.040149253731357
2023-09-16,2023-2024,Fulham,Luton Town,1,1,0,13,7,2,2,6,14,6,2,2,0,3,2,1.3333333333333333,1.3333333333333333,0.5,0.5,0.0,1.1471268656716418,15.187276119402995
2023-09-23,2023-2024,Fulham,Crystal Palace,0,0,0,10,7,5,3,15,10,2,3,2,0,1,2,1.3333333333333333,1.3333333333333333,1.25,0.75,0.5,-0.5328731343283581,14.65440298507464
2023-10-02,2023-2024,Fulham,Chelsea,1,0,2,10,11,3,4,15,12,8,1,1,0,0,1,1.3333333333333333,1.3333333333333333,0.75,1.0,-0.25,-1.5528731343283582,13.101529850746289
2023-10-07,2023-2024,Fulham,Sheffield United,1,3,1,20,5,6,2,8,10,9,4,1,0,3,1,1.3333333333333333,1.3333333333333333,1.5,0.5,1.0,1.4471268656716418,14.548656716417923
2023-10-23,2023-2024,Fulham,Tottenham Hotspur,0,0,2,10,15,3,5,14,10,5,3,0,0,0,0,1.0,2.0,0.75,1.25,-0.5,-1.7828731343283581,12.765783582089568
2023-10-29,2023-2024,Fulham,Brighton and Hove Albion,0,1,1,10,18,5,7,8,12,3,7,3,0,1,3,1.3333333333333333,1.3333333333333333,1.25,1.75,-0.5,-0.8328731343283582,11.932910447761216
2023-11-04,2023-2024,Fulham,Manchester United,1,0,1,18,12,3,5,9,15,9,4,5,0,0,5,0.3333333333333333,2.3333333333333335,0.75,1.25,-0.5,-2.4228731343283583,9.51003731343286
2023-11-12,2023-2024,Fulham,Aston Villa,0,1,3,9,12,5,6,17,4,2,2,5,0,0,5,0.3333333333333333,2.3333333333333335,1.25,1.5,-0.25,-2.362873134328358,7.147164179104507
2023-11-27,2023-2024,Fulham,Wolverhampton Wanderers,1,3,2,12,10,6,6,13,13,6,2,2,0,3,2,1.0,2.0,1.5,1.5,0.0,0.9171268656716418,8.064291044776155
2023-12-03,2023-2024,Fulham,Liverpool,0,3,4,9,26,5,12,7,6,4,3,0,0,0,0,1.0,2.0,1.25,3.0,-1.75,-2.082873134328358,5.981417910447803
2023-12-06,2023-2024,Fulham,Nottingham Forest,1,5,0,14,4,6,1,7,10,6,1,0,0,3,0,2.0,1.0,1.5,0.25,1.25,1.9071268656716418,7.888544776119446
2023-12-10,2023-2024,Fulham,West Ham United,1,5,0,14,9,8,5,5,10,3,6,2,0,3,2,2.0,1.0,2.0,1.25,0.75,1.6671268656716416,9.555671641791093
2023-12-16,2023-2024,Fulham,Newcastle United,0,0,3,6,27,4,10,12,7,1,5,2,1,0,5,2.0,1.0,1.0,2.5,-1.5,-1.7528731343283581,7.8027985074627395
2023-12-23,2023-2024,Fulham,Burnley,1,0,2,19,7,5,2,5,17,8,6,2,0,0,2,1.0,2.0,1.25,0.5,0.75,-1.6028731343283582,6.199925373134377
2023-12-26,2023-2024,Fulham,Bournemouth,0,0,3,8,16,3,4,10,10,5,6,2,0,0,2,0.0,3.0,0.75,1.0,-0.25,-2.412873134328358,3.7870522388060124
2023-12-31,2023-2024,Fulham,Arsenal,1,2,1,15,13,4,3,11,10,5,4,4,0,3,4,1.0,2.0,1.0,0.75,0.25,0.8571268656716421,4.644179104477658
2024-01-13,2023-2024,Fulham,Chelsea,0,0,1,14,17,4,3,9,13,4,6,1,0,0,1,1.0,2.0,1.0,0.75,0.25,-1.662873134328358,2.981305970149293
2024-01-30,2023-2024,Fulham,Everton,1,0,0,25,21,6,4,6,13,15,6,1,0,1,1,1.3333333333333333,1.3333333333333333,1.5,1.0,0.5,-0.4728731343283581,2.5084328358209405
2024-02-03,2023-2024,Fulham,Burnley,0,2,2,15,12,7,4,7,11,13,2,2,0,1,2,0.6666666666666666,1.6666666666666667,1.75,1.0,0.75,-0.8128731343283581,1.6955597014925843
2024-02-10,2023-2024,Fulham,Bournemouth,1,3,1,7,25,6,4,11,11,1,14,1,0,3,1,1.6666666666666667,0.6666666666666666,1.5,1.0,0.5,1.557126865671642,3.2526865671642327
2024-02-17,2023-2024,Fulham,Aston Villa,1,1,2,15,12,4,3,11,6,4,4,5,0,0,5,1.3333333333333333,1.3333333333333333,1.0,0.75,0.25,-1.672873134328358,1.579813432835877
2024-02-24,2023-2024,Fulham,Manchester United,0,2,1,17,21,5,9,11,6,9,10,5,0,3,5,2.0,1.0,1.25,2.25,-1.0,1.067126865671642,2.6469402985075163
2024-03-02,2023-2024,Fulham,Brighton and Hove Albion,1,3,0,12,15,5,5,16,10,2,6,1,0,3,1,2.0,1.0,1.25,1.25,0.0,1.5471268656716417,4.19406716417916
2024-03-09,2023-2024,Fulham,Wolverhampton Wanderers,0,1,2,23,8,6,3,11,7,4,3,2,0,0,2,2.0,1.0,1.5,0.75,0.75,-1.032873134328358,3.1611940298508046
2024-03-16,2023-2024,Fulham,Tottenham Hotspur,1,3,0,16,14,7,5,9,10,4,5,2,0,3,2,2.0,1.0,1.75,1.25,0.5,1.6071268656716418,4.76832089552245
2024-03-30,2023-2024,Fulham,Sheffield United,0,3,3,24,8,9,4,13,10,15,2,1,0,1,1,1.3333333333333333,1.3333333333333333,2.25,1.0,1.25,-0.29287313432835815,4.47544776119409
2024-04-02,2023-2024,Fulham,Nottingham Forest,0,1,3,18,16,3,4,8,7,8,3,0,0,0,0,1.3333333333333333,1.3333333333333333,0.75,1.0,-0.25,-1.492873134328358,2.982574626865727
2024-04-06,2023-2024,Fulham,Newcastle United,1,0,1,14,12,4,5,10,13,14,3,1,0,0,1,0.3333333333333333,2.3333333333333335,1.0,1.25,-0.25,-2.122873134328358,1.0
2024-04-14,2023-2024,Fulham,West Ham United,0,2,0,18,15,10,4,13,6,3,8,2,0,3,2,1.0,2.0,2.5,1.0,1.5,1.277126865671642,2.1368283582090157
2024-04-21,2023-2024,Fulham,Liverpool,1,1,3,12,14,5,7,5,11,1,4,3,0,0,3,1.0,2.0,1.25,1.75,-0.5,-1.9628731343283579,1.0
2024-04-27,2023-2024,Fulham,Crystal Palace,1,1,1,9,14,2,4,11,15,5,9,0,0,1,0,1.3333333333333333,1.3333333333333333,0.5,1.0,-0.5,-0.6528731343283581,1.0
2024-05-04,2023-2024,Fulham,Brentford,0,0,0,15,7,3,3,6,3,6,7,1,0,1,1,0.6666666666666666,1.6666666666666667,0.75,0.75,0.0,-0.9328731343283582,1.0
2024-05-11,2023-2024,Fulham,Manchester City,1,0,4,1,16,1,9,9,6,1,7,1,1,0,4,0.6666666666666666,1.6666666666666667,0.25,2.25,-2.0,-2.492873134328358,1.0
2024-05-19,2023-2024,Fulham,Luton Town,0,4,2,15,15,7,6,20,15,4,4,4,0,3,4,1.3333333333333333,1.3333333333333333,1.75,1.5,0.25,1.087126865671642,1.0
2024-08-16,2024-2025,Fulham,Manchester United,0,0,1,10,14,2,5,10,12,8,7,3,0,0,3,1.0,2.0,0.5,1.25,-0.75,-2.022873134328358,1.0
2024-08-24,2024-2025,Fulham,Leicester City,1,2,1,18,10,6,4,14,13,7,5,2,0,3,2,2.0,1.0,1.5,1.0,0.5,1.6071268656716418,1.0
2024-08-31,2024-2025,Fulham,Ipswich Town,0,1,1,9,11,4,4,15,15,6,8,3,0,1,3,1.3333333333333333,1.3333333333333333,1.0,1.0,0.0,-0.7128731343283582,1.0
2024-09-14,2024-2025,Fulham,West Ham United,1,1,1,21,11,5,3,15,18,3,2,2,0,1,2,1.6666666666666667,0.6666666666666666,1.25,0.75,0.5,-0.30287313432835805,1.0
2024-09-21,2024-2025,Fulham,Newcastle United,1,3,1,22,15,11,4,16,8,6,0,6,0,3,6,1.6666666666666667,0.6666666666666666,2.75,1.0,1.75,1.557126865671642,1.0
2024-09-28,2024-2025,Fulham,Nottingham Forest,0,1,0,14,11,2,1,15,11,5,6,4,0,3,4,2.3333333333333335,0.3333333333333333,0.5,0.25,0.25,1.6571268656716418,1.0
2024-10-05,2024-2025,Fulham,Manchester City,0,2,3,11,20,4,7,10,4,3,8,1,0,0,1,2.0,1.0,1.0,1.75,-0.75,-1.3328731343283582,1.0
2024-10-19,2024-2025,Fulham,Aston Villa,1,1,3,10,14,4,5,8,11,6,11,3,1,0,6,1.0,2.0,1.0,1.25,-0.25,-2.082873134328358,1.0
2024-10-26,2024-2025,Fulham,Everton,0,1,1,14,10,3,5,8,8,2,4,0,0,1,0,0.3333333333333333,2.3333333333333335,0.75,1.25,-0.5,-1.2228731343283579,1.0
2024-11-04,2024-2025,Fulham,Brentford,1,2,1,26,5,12,2,3,10,11,3,2,0,3,2,1.3333333333333333,1.3333333333333333,3.0,0.5,2.5,1.7471268656716419,1.0
2024-11-09,2024-2025,Fulham,Crystal Palace,0,2,0,17,13,7,5,11,10,8,1,1,0,3,1,2.3333333333333335,0.3333333333333333,1.75,1.25,0.5,1.8971268656716418,1.0
2024-11-23,2024-2025,Fulham,Wolverhampton Wanderers,1,1,4,10,10,3,5,14,14,7,2,3,0,0,3,2.0,1.0,0.75,1.25,-0.5,-1.3928731343283582,1.0
2024-12-01,2024-2025,Fulham,Tottenham Hotspur,0,1,1,14,8,6,3,14,4,11,7,1,1,1,4,1.3333333333333333,1.3333333333333333,1.5,0.75,0.75,-0.5928731343283581,1.0
2024-12-05,2024-2025,Fulham,Brighton and Hove Albion,1,3,1,6,13,2,3,7,8,5,6,2,0,3,2,1.3333333333333333,1.3333333333333333,0.5,0.75,-0.25,1.0871268656716417,1.0
2024-12-08,2024-2025,Fulham,Arsenal,1,1,1,2,12,2,4,10,9,0,6,4,0,1,4,1.6666666666666667,0.6666666666666666,0.5,1.0,-0.5,-0.6628731343283581,1.0
2024-12-14,2024-2025,Fulham,Liverpool,0,2,2,12,16,3,4,7,10,4,5,4,0,1,4,1.6666666666666667,0.6666666666666666,0.75,1.0,-0.25,-0.6028731343283581,1.0
2024-12-22,2024-2025,Fulham,Southampton,1,0,0,16,5,5,1,8,15,6,5,1,0,1,1,1.0,1.0,1.25,0.25,1.0,-0.462873134328358,1.0
2024-12-26,2024-2025,Fulham,Chelsea,0,2,1,14,12,7,8,13,13,1,3,3,0,3,3,1.6666666666666667,0.6666666666666666,1.75,2.0,-0.25,1.2571268656716417,1.0
2024-12-29,2024-2025,Fulham,Bournemouth,1,2,2,11,16,6,9,7,16,1,7,1,0,1,1,1.6666666666666667,0.6666666666666666,1.5,2.25,-0.75,-0.542873134328358,1.0
2025-01-05,2024-2025,Fulham,Ipswich Town,1,2,2,15,7,4,3,10,14,9,2,1,0,1,1,1.6666666666666667,0.6666666666666666,1.0,0.75,0.25,-0.30287313432835805,1.0
2025-01-14,2024-2025,Fulham,West Ham United,0,2,3,21,4,5,3,18,9,3,0,3,0,0,3,0.6666666666666666,1.6666666666666667,1.25,0.75,0.5,-1.832873134328358,1.0
2025-01-18,2024-2025,Fulham,Leicester City,0,2,0,17,8,2,4,8,8,2,5,1,0,3,1,1.3333333333333333,1.3333333333333333,0.5,1.0,-0.5,1.0871268656716417,1.0
2025-01-26,2024-2025,Fulham,Manchester United,1,0,1,9,4,3,1,7,9,3,0,0,0,0,0,1.0,2.0,0.75,0.25,0.5,-1.542873134328358,1.0
2025-02-01,2024-2025,Fulham,Newcastle United,0,2,1,15,11,4,4,15,10,7,4,4,0,3,4,2.0,1.0,1.0,1.0,0.0,1.3671268656716418,1.0
2025-02-15,2024-2025,Fulham,Nottingham Forest,1,2,1,24,8,10,2,13,8,8,4,0,0,3,0,2.0,1.0,2.5,0.5,2.0,2.0871268656716415,1.0
2025-02-22,2024-2025,Fulham,Crystal Palace,1,0,2,10,10,0,5,10,7,7,7,1,0,0,1,2.0,1.0,0.0,1.25,-1.25,-1.4528731343283583,1.0
2025-02-25,2024-2025,Fulham,Wolverhampton Wanderers,0,2,1,11,18,5,5,15,8,5,7,3,0,3,3,2.0,1.0,1.25,1.25,0.0,1.4271268656716418,1.0
2025-03-08,2024-2025,Fulham,Brighton and Hove Albion,0,1,2,6,9,1,4,12,6,7,3,2,0,0,2,1.0,2.0,0.25,1.0,-0.75,-1.9628731343283579,1.0
2025-03-16,2024-2025,Fulham,Tottenham Hotspur,1,2,0,13,12,4,4,13,10,6,5,0,0,3,0,2.0,1.0,1.0,1.0,0.0,1.6071268656716418,1.0
2025-04-01,2024-2025,Fulham,Arsenal,0,1,2,9,17,3,4,10,2,4,5,2,0,0,2,1.0,2.0,0.75,1.0,-0.25,-1.8428731343283582,1.0
2025-04-06,2024-2025,Fulham,Liverpool,1,3,2,12,14,6,6,10,9,4,4,3,0,3,3,2.0,1.0,1.5,1.5,0.0,1.4271268656716418,1.0
2025-04-14,2024-2025,Fulham,Bournemouth,0,0,1,12,12,7,3,10,11,9,6,2,0,0,2,1.0,2.0,1.75,0.75,1.0,-1.5428731343283582,1.0
2025-04-20,2024-2025,Fulham,Chelsea,1,1,2,6,13,1,8,13,9,6,4,1,0,0,1,1.0,2.0,0.25,2.0,-1.75,-2.142873134328358,1.0
2025-04-26,2024-2025,Fulham,Southampton,0,2,1,26,7,5,3,12,10,13,0,1,0,3,1,1.0,2.0,1.25,0.75,0.5,1.097126865671642,1.0
2025-05-03,2024-2025,Fulham,Aston Villa,0,0,1,11,10,3,3,17,6,3,5,5,0,0,5,1.0,2.0,0.75,0.75,0.0,-1.9628731343283579,1.0
2025-05-10,2024-2025,Fulham,Everton,1,1,3,18,11,6,7,15,9,5,5,1,0,0,1,1.0,2.0,1.5,1.75,-0.25,-1.7828731343283581,1.0
2025-05-18,2024-2025,Fulham,Brentford,0,3,2,16,11,7,6,8,12,3,5,4,0,3,4,1.0,2.0,1.75,1.5,0.25,0.8571268656716421,1.0
2025-05-25,2024-2025,Fulham,Manchester City,1,0,2,13,20,3,5,11,5,1,6,0,0,0,0,1.0,2.0,0.75,1.25,-0.5,-1.7828731343283581,1.0
2025-08-16,2025-2026,Fulham,Brighton and Hove Albion,0,1,1,7,10,2,4,15,16,3,4,3,0,1,3,1.3333333333333333,1.3333333333333333,0.5,1.0,-0.5,-0.8328731343283582,1.0
2025-08-24,2025-2026,Fulham,Manchester United,1,1,1,13,10,4,3,12,10,9,6,1,0,1,1,0.6666666666666666,1.6666666666666667,1.0,0.75,0.25,-0.8728731343283581,1.0
2025-08-30,2025-2026,Fulham,Chelsea,0,0,2,11,13,3,6,17,11,4,6,2,0,0,2,0.6666666666666666,1.6666666666666667,0.75,1.5,-0.75,-2.072873134328358,1.0
2025-09-13,2025-2026,Fulham,Leeds United,1,1,0,5,10,3,3,20,15,3,3,1,0,3,1,1.3333333333333333,1.3333333333333333,0.75,0.75,0.0,1.2071268656716418,1.0
2025-09-20,2025-2026,Fulham,Brentford,1,3,1,14,8,3,3,11,13,2,10,4,0,3,4,2.0,1.0,0.75,0.75,0.0,1.3671268656716418,1.0
2025-09-28,2025-2026,Fulham,Aston Villa,0,1,3,11,9,4,4,13,10,8,2,4,0,0,4,2.0,1.0,1.0,1.0,0.0,-1.3328731343283582,1.0
2025-10-03,2025-2026,Fulham,Bournemouth,0,1,3,12,11,4,6,10,8,3,4,1,0,0,1,1.0,2.0,1.0,1.5,-0.5,-1.8428731343283582,1.0
2025-10-18,2025-2026,Fulham,Arsenal,1,0,1,9,16,0,5,11,4,6,10,0,0,0,0,0.0,3.0,0.0,1.25,-1.25,-2.5328731343283577,1.0
2025-10-25,2025-2026,Fulham,Newcastle United,0,1,2,12,18,5,7,18,11,3,4,2,0,0,2,0.0,3.0,1.25,1.75,-0.5,-2.472873134328358,1.0
2025-11-01,2025-2026,Fulham,Wolverhampton Wanderers,1,3,0,19,5,6,2,13,14,10,1,1,0,3,1,1.0,2.0,1.5,0.5,1.0,1.2171268656716419,1.0
2025-11-08,2025-2026,Fulham,Everton,0,0,2,8,14,4,5,14,11,5,7,2,0,0,2,1.0,2.0,1.0,1.25,-0.25,-1.8428731343283582,1.0
2024-08-17,2024-2025,Ipswich Town,Liverpool,1,0,2,7,18,2,5,9,18,2,10,3,0,0,3,0.0,3.0,0.5,1.25,-0.75,-2.5928731343283578,97.40712686567164
2024-08-24,2024-2025,Ipswich Town,Manchester City,0,1,4,1,14,1,5,15,4,1,10,3,0,0,3,0.0,3.0,0.25,1.25,-1.0,-2.6528731343283583,94.75425373134328
2024-08-31,2024-2025,Ipswich Town,Fulham,1,1,1,11,9,4,4,15,15,8,6,2,0,1,2,0.3333333333333333,2.3333333333333335,1.0,1.0,0.0,-1.2228731343283579,93.53138059701493
2024-09-14,2024-2025,Ipswich Town,Brighton and Hove Albion,0,0,0,6,21,1,6,16,14,2,9,3,0,1,3,0.6666666666666666,1.6666666666666667,0.25,1.5,-1.25,-1.352873134328358,92.17850746268657
2024-09-21,2024-2025,Ipswich Town,Southampton,0,1,1,13,11,6,3,16,16,10,2,4,0,1,4,1.0,1.0,1.5,0.75,0.75,-0.7028731343283581,91.47563432835821
2024-09-29,2024-2025,Ipswich Town,Aston Villa,1,2,2,15,7,5,3,10,14,10,0,4,0,1,4,1.0,1.0,1.25,0.75,0.5,-0.7628731343283581,90.71276119402985
2024-10-05,2024-2025,Ipswich Town,West Ham United,0,1,4,9,23,2,13,6,12,5,5,1,0,0,1,0.6666666666666666,1.6666666666666667,0.5,3.25,-2.75,-2.492873134328358,88.21988805970149
2024-10-19,2024-2025,Ipswich Town,Everton,1,0,2,13,11,2,8,12,10,5,8,1,0,0,1,0.3333333333333333,2.3333333333333335,0.5,2.0,-1.5,-2.4228731343283583,85.79701492537313
2024-10-26,2024-2025,Ipswich Town,Brentford,0,3,4,11,20,5,9,10,7,5,5,1,1,0,4,0.0,3.0,1.25,2.25,-1.0,-2.7128731343283583,83.08414179104477
2024-11-02,2024-2025,Ipswich Town,Leicester City,1,1,1,14,20,2,6,11,10,4,6,4,1,1,7,0.3333333333333333,2.3333333333333335,0.5,1.5,-1.0,-1.7628731343283581,81.32126865671643
2024-11-10,2024-2025,Ipswich Town,Tottenham Hotspur,0,2,1,8,17,3,5,19,10,2,12,5,0,3,5,1.3333333333333333,1.3333333333333333,0.75,1.25,-0.5,0.8471268656716419,82.16839552238807
2024-11-24,2024-2025,Ipswich Town,Manchester United,1,1,1,11,11,6,4,11,10,4,3,0,0,1,0,1.6666666666666667,0.6666666666666666,1.5,1.0,0.5,-0.18287313432835808,81.9855223880597
2024-11-30,2024-2025,Ipswich Town,Nottingham Forest,0,0,1,7,12,3,5,16,5,7,8,3,0,0,3,1.3333333333333333,1.3333333333333333,0.75,1.25,-0.5,-1.732873134328358,80.25264925373135
2024-12-03,2024-2025,Ipswich Town,Crystal Palace,1,0,1,9,13,2,3,14,13,4,7,2,0,0,2,0.3333333333333333,2.3333333333333335,0.5,0.75,-0.25,-2.182873134328358,78.06977611940299
2024-12-08,2024-2025,Ipswich Town,Bournemouth,1,1,2,18,22,5,6,9,13,6,13,2,0,0,2,0.0,3.0,1.25,1.5,-0.25,-2.412873134328358,75.65690298507462
2024-12-14,2024-2025,Ipswich Town,Wolverhampton Wanderers,0,2,1,10,16,5,6,9,13,3,7,2,0,3,2,1.0,2.0,1.25,1.5,-0.25,0.8571268656716418,76.51402985074627
2024-12-21,2024-2025,Ipswich Town,Newcastle United,1,0,4,10,15,2,7,9,7,2,1,2,0,0,2,1.0,2.0,0.5,1.75,-1.25,-2.082873134328358,74.43115671641792
2024-12-27,2024-2025,Ipswich Town,Arsenal,0,0,1,3,13,0,5,12,7,1,5,1,0,0,1,1.0,2.0,0.0,1.25,-1.25,-2.022873134328358,72.40828358208955
2024-12-30,2024-2025,Ipswich Town,Chelsea,1,2,0,9,20,6,5,9,5,4,7,4,0,3,4,1.0,2.0,1.5,1.25,0.25,0.8571268656716421,73.2654104477612
2025-01-05,2024-2025,Ipswich Town,Fulham,0,2,2,7,15,3,4,14,10,2,9,5,0,1,5,1.3333333333333333,1.3333333333333333,0.75,1.0,-0.25,-0.8928731343283581,72.37253731343284
2025-01-16,2024-2025,Ipswich Town,Brighton and Hove Albion,1,0,2,5,11,3,5,13,14,1,9,2,0,0,2,1.3333333333333333,1.3333333333333333,0.75,1.25,-0.5,-1.6728731343283583,70.69966417910447
2025-01-19,2024-2025,Ipswich Town,Manchester City,1,0,6,8,17,4,9,4,7,4,7,0,0,0,0,0.3333333333333333,2.3333333333333335,1.0,2.25,-1.25,-2.302873134328358,68.39679104477612
2025-01-25,2024-2025,Ipswich Town,Liverpool,0,1,4,3,16,3,6,11,10,4,3,2,0,0,2,0.0,3.0,0.75,1.5,-0.75,-2.5328731343283577,65.86391791044777
2025-02-01,2024-2025,Ipswich Town,Southampton,1,1,2,15,9,6,4,11,14,1,2,0,0,0,0,0.0,3.0,1.5,1.0,0.5,-2.1128731343283578,63.75104477611941
2025-02-15,2024-2025,Ipswich Town,Aston Villa,0,1,1,4,25,3,6,11,7,1,16,3,1,1,6,0.3333333333333333,2.3333333333333335,0.75,1.5,-0.75,-1.6428731343283582,62.108171641791046
2025-02-22,2024-2025,Ipswich Town,Tottenham Hotspur,1,1,4,17,10,5,6,15,14,4,4,2,0,0,2,0.3333333333333333,2.3333333333333335,1.25,1.5,-0.25,-2.182873134328358,59.925298507462685
2025-02-26,2024-2025,Ipswich Town,Manchester United,0,2,3,12,10,3,6,16,9,6,5,4,0,0,4,0.3333333333333333,2.3333333333333335,0.75,1.5,-0.75,-2.422873134328358,57.50242537313433
2025-03-08,2024-2025,Ipswich Town,Crystal Palace,0,0,1,15,19,8,4,7,8,4,5,3,0,0,3,0.0,3.0,2.0,1.0,1.0,-2.1728731343283583,55.329552238805974
2025-03-15,2024-2025,Ipswich Town,Nottingham Forest,1,2,4,11,11,4,6,4,13,6,3,1,0,0,1,0.0,3.0,1.0,1.5,-0.5,-2.412873134328358,52.916679104477616
2025-04-02,2024-2025,Ipswich Town,Bournemouth,0,2,1,10,24,2,7,15,14,3,8,2,0,3,2,1.0,2.0,0.5,1.75,-1.25,0.6171268656716419,53.53380597014926
2025-04-05,2024-2025,Ipswich Town,Wolverhampton Wanderers,1,1,2,6,22,2,7,12,16,4,8,2,0,0,2,1.0,2.0,0.5,1.75,-1.25,-2.082873134328358,51.4509328358209
2025-04-13,2024-2025,Ipswich Town,Chelsea,0,2,2,13,34,4,9,7,11,4,15,2,0,1,2,1.3333333333333333,1.3333333333333333,1.0,2.25,-1.25,-0.952873134328358,50.498059701492544
2025-04-20,2024-2025,Ipswich Town,Arsenal,1,0,4,4,24,0,7,10,7,0,12,0,1,0,3,0.3333333333333333,2.3333333333333335,0.0,1.75,-1.75,-2.602873134328358,47.89518656716419
2025-04-26,2024-2025,Ipswich Town,Newcastle United,0,0,3,4,25,0,5,9,9,2,11,2,1,0,5,0.3333333333333333,2.3333333333333335,0.0,1.25,-1.25,-2.602873134328358,45.29231343283583
2025-05-03,2024-2025,Ipswich Town,Everton,0,2,2,12,8,5,3,15,12,3,3,4,0,1,4,0.3333333333333333,2.3333333333333335,1.25,0.75,0.5,-1.2228731343283583,44.06944029850747
2025-05-10,2024-2025,Ipswich Town,Brentford,1,0,1,11,15,4,5,6,12,5,6,2,0,0,2,0.3333333333333333,2.3333333333333335,1.0,1.25,-0.25,-2.182873134328358,41.88656716417911
2025-05-18,2024-2025,Ipswich Town,Leicester City,0,0,2,20,9,2,3,12,15,2,2,0,0,0,0,0.3333333333333333,2.3333333333333335,0.5,0.75,-0.25,-2.062873134328358,39.823694029850756
2025-05-25,2024-2025,Ipswich Town,West Ham United,1,1,3,14,10,4,6,10,9,4,0,1,0,0,1,0.0,3.0,1.0,1.5,-0.5,-2.412873134328358,37.4108208955224
2020-09-12,2020-2021,Leeds United,Liverpool,0,3,4,6,22,3,6,6,9,0,9,0,0,0,0,0.0,3.0,0.75,1.5,-0.75,-2.412873134328358,79.58712686567164
2020-09-19,2020-2021,Leeds United,Fulham,1,4,3,10,14,7,6,13,18,5,3,1,0,3,1,1.5,1.5,1.75,1.5,0.25,1.322126865671642,80.90925373134328
2020-09-27,2020-2021,Leeds United,Sheffield United,0,1,0,17,14,9,4,4,18,7,5,1,0,3,1,2.0,1.0,2.25,1.0,1.25,1.8471268656716417,82.75638059701492
2020-10-03,2020-2021,Leeds United,Manchester City,1,1,1,12,23,7,2,11,12,7,10,2,0,1,2,2.3333333333333335,0.3333333333333333,1.75,0.5,1.25,0.21712686567164197,82.97350746268657
2020-10-19,2020-2021,Leeds United,Wolverhampton Wanderers,1,0,1,13,7,2,3,13,12,8,3,2,0,0,2,1.3333333333333333,1.3333333333333333,0.5,0.75,-0.25,-1.6128731343283582,81.36063432835822
2020-10-23,2020-2021,Leeds United,Aston Villa,0,3,0,27,12,9,4,17,14,5,6,2,0,3,2,1.3333333333333333,1.3333333333333333,2.25,1.0,1.25,1.4471268656716418,82.80776119402985
2020-11-02,2020-2021,Leeds United,Leicester City,1,1,4,11,10,4,8,9,5,10,3,1,0,0,1,1.0,2.0,1.0,2.0,-1.0,-1.9628731343283579,80.84488805970149
2020-11-07,2020-2021,Leeds United,Crystal Palace,0,1,4,9,10,3,6,1,9,6,3,2,0,0,2,1.0,2.0,0.75,1.5,-0.75,-1.9628731343283579,78.88201492537314
2020-11-22,2020-2021,Leeds United,Arsenal,1,0,0,25,9,4,2,9,8,5,3,3,0,1,3,0.3333333333333333,2.3333333333333335,1.0,0.5,0.5,-1.1628731343283583,77.71914179104478
2020-11-28,2020-2021,Leeds United,Everton,0,1,0,23,15,7,8,14,8,2,4,2,0,3,2,1.3333333333333333,1.3333333333333333,1.75,2.0,-0.25,1.0871268656716417,78.80626865671641
2020-12-05,2020-2021,Leeds United,Chelsea,0,1,3,8,23,3,11,9,12,4,8,2,0,0,2,1.3333333333333333,1.3333333333333333,0.75,2.75,-2.0,-2.032873134328358,76.77339552238806
2020-12-11,2020-2021,Leeds United,West Ham United,1,1,2,13,19,7,8,12,10,5,6,1,0,0,1,1.0,2.0,1.75,2.0,-0.25,-1.7828731343283581,74.9905223880597
2020-12-16,2020-2021,Leeds United,Newcastle United,1,5,2,25,10,10,4,10,13,7,4,3,0,3,3,1.0,2.0,2.5,1.0,1.5,1.2171268656716419,76.20764925373135
2020-12-20,2020-2021,Leeds United,Manchester United,0,2,6,17,26,3,14,6,6,13,11,0,0,0,0,1.0,2.0,0.75,3.5,-2.75,-2.322873134328358,73.88477611940299
2020-12-27,2020-2021,Leeds United,Burnley,1,1,0,11,14,4,6,8,14,4,12,0,0,3,0,2.0,1.0,1.0,1.5,-0.5,1.4871268656716417,75.37190298507463
2020-12-29,2020-2021,Leeds United,West Brom,0,5,0,14,4,6,1,10,7,10,3,1,0,3,1,2.0,1.0,1.5,0.25,1.25,1.8471268656716417,77.21902985074627
2021-01-02,2020-2021,Leeds United,Tottenham Hotspur,0,0,3,18,20,5,7,13,15,5,3,1,0,0,1,2.0,1.0,1.25,1.75,-0.5,-1.2728731343283581,75.94615671641792
2021-01-16,2020-2021,Leeds United,Brighton and Hove Albion,1,0,1,7,7,2,2,8,9,5,2,1,0,0,1,1.0,2.0,0.5,0.5,0.0,-1.722873134328358,74.22328358208955
2021-01-26,2020-2021,Leeds United,Newcastle United,0,2,1,9,22,2,5,15,10,5,9,3,0,3,3,1.0,2.0,0.5,1.25,-0.75,0.6771268656716419,74.90041044776119
2021-01-31,2020-2021,Leeds United,Leicester City,0,3,1,8,18,7,8,16,17,4,6,3,0,3,3,2.0,1.0,1.75,2.0,-0.25,1.3671268656716415,76.26753731343284
2021-02-03,2020-2021,Leeds United,Everton,1,1,2,16,10,7,6,12,12,7,1,2,0,0,2,2.0,1.0,1.75,1.5,0.25,-1.152873134328358,75.11466417910448
2021-02-08,2020-2021,Leeds United,Crystal Palace,1,2,0,17,8,7,3,7,8,5,3,0,0,3,0,2.0,1.0,1.75,0.75,1.0,1.8471268656716417,76.96179104477612
2021-02-14,2020-2021,Leeds United,Arsenal,0,2,4,9,13,5,5,17,8,5,4,2,0,0,2,1.0,2.0,1.25,1.25,0.0,-1.7828731343283581,75.17891791044777
2021-02-19,2020-2021,Leeds United,Wolverhampton Wanderers,0,0,1,18,15,7,5,8,13,9,7,0,0,0,0,1.0,2.0,1.75,1.25,0.5,-1.542873134328358,73.6360447761194
2021-02-23,2020-2021,Leeds United,Southampton,1,3,0,11,13,7,5,11,13,2,4,1,0,3,1,1.0,2.0,1.75,1.25,0.5,1.097126865671642,74.73317164179105
2021-02-27,2020-2021,Leeds United,Aston Villa,1,0,1,13,9,3,4,14,14,7,5,3,0,0,3,1.0,2.0,0.75,1.0,-0.25,-1.9028731343283583,72.83029850746269
2021-03-08,2020-2021,Leeds United,West Ham United,0,0,2,17,16,2,5,9,9,6,6,1,0,0,1,1.0,2.0,0.5,1.25,-0.75,-1.9028731343283578,70.92742537313433
2021-03-13,2020-2021,Leeds United,Chelsea,1,0,0,7,15,4,8,16,6,8,5,3,0,1,3,0.3333333333333333,2.3333333333333335,1.0,2.0,-1.0,-1.5228731343283581,69.40455223880598
2021-03-19,2020-2021,Leeds United,Fulham,0,2,1,13,13,4,6,12,13,7,13,2,0,3,2,1.3333333333333333,1.3333333333333333,1.0,1.5,-0.5,1.027126865671642,70.43167910447761
2021-04-03,2020-2021,Leeds United,Sheffield United,1,2,1,23,9,8,1,12,13,5,7,1,0,3,1,2.3333333333333335,0.3333333333333333,2.0,0.25,1.75,2.197126865671642,72.62880597014926
2021-04-10,2020-2021,Leeds United,Manchester City,0,2,1,2,29,2,7,15,12,3,9,1,1,3,4,3.0,0.0,0.5,1.75,-1.25,1.637126865671642,74.26593283582089
2021-04-19,2020-2021,Leeds United,Liverpool,1,1,1,12,17,5,7,17,15,10,8,2,0,1,2,2.3333333333333335,0.3333333333333333,1.25,1.75,-0.5,-0.20287313432835802,74.06305970149253
2021-04-25,2020-2021,Leeds United,Manchester United,1,0,0,6,16,3,4,21,11,2,6,4,0,1,4,1.6666666666666667,0.6666666666666666,0.75,1.0,-0.25,-0.6028731343283581,73.46018656716419
2021-05-01,2020-2021,Leeds United,Brighton and Hove Albion,0,0,2,11,17,2,5,6,17,9,2,1,0,0,1,0.6666666666666666,1.6666666666666667,0.5,1.25,-0.75,-2.012873134328358,71.44731343283583
2021-05-08,2020-2021,Leeds United,Tottenham Hotspur,1,3,1,16,11,7,3,12,10,8,6,1,0,3,1,1.3333333333333333,1.3333333333333333,1.75,0.75,1.0,1.4471268656716418,72.89444029850746
2021-05-15,2020-2021,Leeds United,Burnley,0,4,0,16,16,6,4,10,10,8,6,1,0,3,1,2.0,1.0,1.5,1.0,0.5,1.6671268656716418,74.56156716417911
2021-05-18,2020-2021,Leeds United,Southampton,0,2,0,15,18,7,3,12,10,5,4,3,0,3,3,3.0,0.0,1.75,0.75,1.0,2.2371268656716423,76.79869402985075
2021-05-23,2020-2021,Leeds United,West Brom,1,3,1,17,14,9,5,12,12,8,3,2,0,3,2,3.0,0.0,2.25,1.25,1.0,2.297126865671642,79.0958208955224
2021-08-14,2021-2022,Leeds United,Manchester United,0,1,5,10,16,3,8,9,11,4,5,2,0,0,2,2.0,1.0,0.75,2.0,-1.25,-1.5128731343283583,77.58294776119403
2021-08-21,2021-2022,Leeds United,Everton,1,2,2,17,17,4,8,6,13,8,5,2,0,1,2,1.3333333333333333,1.3333333333333333,1.0,2.0,-1.0,-0.8928731343283581,76.69007462686568
2021-08-29,2021-2022,Leeds United,Burnley,0,1,1,12,12,2,3,9,13,5,5,3,0,1,3,0.6666666666666666,1.6666666666666667,0.5,0.75,-0.25,-1.112873134328358,75.57720149253731
2021-09-12,2021-2022,Leeds United,Liverpool,1,0,3,9,30,4,9,9,8,2,11,2,1,0,5,0.6666666666666666,1.6666666666666667,1.0,2.25,-1.25,-2.372873134328358,73.20432835820895
2021-09-17,2021-2022,Leeds United,Newcastle United,0,1,1,22,17,9,7,11,9,5,4,2,0,1,2,0.6666666666666666,1.6666666666666667,2.25,1.75,0.5,-0.8728731343283581,72.3314552238806
2021-09-25,2021-2022,Leeds United,West Ham United,1,1,2,15,20,5,7,10,6,5,7,3,0,0,3,0.3333333333333333,2.3333333333333335,1.25,1.75,-0.5,-2.302873134328358,70.02858208955224
2021-10-02,2021-2022,Leeds United,Watford,1,1,0,20,5,4,1,10,16,6,3,0,0,3,0,1.3333333333333333,1.3333333333333333,1.0,0.25,0.75,1.4471268656716418,71.47570895522388
2021-10-16,2021-2022,Leeds United,Southampton,0,0,1,3,19,0,5,14,16,1,8,3,0,0,3,1.0,2.0,0.0,1.25,-1.25,-2.142873134328358,69.33283582089553
2021-10-23,2021-2022,Leeds United,Wolverhampton Wanderers,1,1,1,18,8,4,4,15,14,6,3,2,0,1,2,1.3333333333333333,1.3333333333333333,1.0,1.0,0.0,-0.6528731343283581,68.67996268656717
2021-10-31,2021-2022,Leeds United,Norwich City,0,2,1,13,14,6,3,23,14,0,5,4,0,3,4,1.3333333333333333,1.3333333333333333,1.5,0.75,0.75,1.2071268656716418,69.8870895522388
2021-11-07,2021-2022,Leeds United,Leicester City,1,1,1,18,9,5,3,12,5,10,5,1,0,1,1,1.6666666666666667,0.6666666666666666,1.25,0.75,0.5,-0.24287313432835808,69.64421641791046
2021-11-21,2021-2022,Leeds United,Tottenham Hotspur,0,1,2,18,13,7,4,12,11,8,4,4,0,0,4,1.3333333333333333,1.3333333333333333,1.75,1.0,0.75,-1.492873134328358,68.1513432835821
2021-11-27,2021-2022,Leeds United,Brighton and Hove Albion,0,0,0,11,20,4,4,14,12,1,6,3,0,1,3,0.6666666666666666,1.6666666666666667,1.0,1.0,0.0,-1.052873134328358,67.09847014925373
2021-11-30,2021-2022,Leeds United,Crystal Palace,1,1,0,15,9,3,1,15,15,7,4,5,0,3,5,1.3333333333333333,1.3333333333333333,0.75,0.25,0.5,1.087126865671642,68.18559701492538
2021-12-05,2021-2022,Leeds United,Brentford,1,2,2,13,9,6,3,11,9,5,1,5,0,1,5,1.6666666666666667,0.6666666666666666,1.5,0.75,0.75,-0.42287313432835805,67.76272388059702
2021-12-11,2021-2022,Leeds United,Chelsea,0,2,3,12,16,5,6,15,9,2,5,5,0,0,5,1.3333333333333333,1.3333333333333333,1.25,1.5,-0.25,-1.7928731343283582,65.96985074626866
2021-12-14,2021-2022,Leeds United,Manchester City,0,0,7,6,31,3,15,9,5,2,6,1,0,0,1,0.3333333333333333,2.3333333333333335,0.75,3.75,-3.0,-2.782873134328358,63.18697761194031
2021-12-18,2021-2022,Leeds United,Arsenal,1,1,4,9,21,2,12,11,7,1,4,3,0,0,3,0.0,3.0,0.5,3.0,-2.5,-3.012873134328358,60.17410447761195
2022-01-02,2021-2022,Leeds United,Burnley,1,3,1,22,8,7,2,11,7,9,3,2,0,3,2,1.0,2.0,1.75,0.5,1.25,1.2171268656716419,61.391231343283586
2022-01-16,2021-2022,Leeds United,West Ham United,0,3,2,18,15,5,5,9,6,3,4,2,0,3,2,2.0,1.0,1.25,1.25,0.0,1.4871268656716417,62.87835820895523
2022-01-22,2021-2022,Leeds United,Newcastle United,1,0,1,13,15,4,3,9,9,6,7,4,0,0,4,2.0,1.0,1.0,0.75,0.25,-1.2728731343283581,61.60548507462687
2022-02-09,2021-2022,Leeds United,Aston Villa,0,3,3,16,12,8,4,9,11,11,6,3,0,1,3,1.3333333333333333,1.3333333333333333,2.0,1.0,1.0,-0.4728731343283581,61.13261194029851
2022-02-12,2021-2022,Leeds United,Everton,0,0,3,7,21,0,10,9,8,3,5,1,0,0,1,0.3333333333333333,2.3333333333333335,0.0,2.5,-2.5,-2.662873134328358,58.46973880597015
2022-02-20,2021-2022,Leeds United,Manchester United,1,2,4,16,15,6,9,13,19,3,3,6,0,0,6,0.3333333333333333,2.3333333333333335,1.5,2.25,-0.75,-2.542873134328358,55.92686567164179
2022-02-23,2021-2022,Leeds United,Liverpool,0,0,6,3,23,2,15,11,5,0,4,3,0,0,3,0.0,3.0,0.5,3.75,-3.25,-3.1928731343283574,52.73399253731344
2022-02-26,2021-2022,Leeds United,Tottenham Hotspur,1,0,4,19,15,3,11,16,11,3,6,4,0,0,4,0.0,3.0,0.75,2.75,-2.0,-2.9528731343283585,49.78111940298508
2022-03-05,2021-2022,Leeds United,Leicester City,0,0,1,19,7,4,4,12,9,10,5,2,0,0,2,0.0,3.0,1.0,1.0,0.0,-2.352873134328358,47.42824626865672
2022-03-10,2021-2022,Leeds United,Aston Villa,1,0,3,4,15,1,9,17,11,3,5,5,0,0,5,0.0,3.0,0.25,2.25,-2.0,-3.012873134328358,44.41537313432836
2022-03-13,2021-2022,Leeds United,Norwich City,1,2,1,13,12,7,4,18,8,6,2,3,0,3,3,1.0,2.0,1.75,1.0,0.75,1.037126865671642,45.45250000000001
2022-03-18,2021-2022,Leeds United,Wolverhampton Wanderers,0,3,2,15,14,6,8,14,13,5,2,4,0,3,4,2.0,1.0,1.5,2.0,-0.5,1.2471268656716417,46.69962686567165
2022-04-02,2021-2022,Leeds United,Southampton,1,1,1,12,14,3,6,14,7,4,7,1,0,1,1,2.3333333333333335,0.3333333333333333,0.75,1.5,-0.75,-0.20287313432835802,46.49675373134329
2022-04-09,2021-2022,Leeds United,Watford,0,3,0,10,8,5,1,12,8,8,3,0,0,3,0,2.3333333333333335,0.3333333333333333,1.25,0.25,1.0,2.0771268656716417,48.573880597014934
2022-04-25,2021-2022,Leeds United,Crystal Palace,0,0,0,9,17,2,7,13,12,3,6,2,0,1,2,1.6666666666666667,0.6666666666666666,0.5,1.75,-1.25,-0.722873134328358,47.851007462686574
2022-04-30,2021-2022,Leeds United,Manchester City,1,0,4,7,19,2,6,13,3,3,6,1,0,0,1,1.3333333333333333,1.3333333333333333,0.5,1.5,-1.0,-1.732873134328358,46.11813432835822
2022-05-08,2021-2022,Leeds United,Arsenal,0,1,2,3,19,2,9,15,13,2,8,2,1,0,5,0.3333333333333333,2.3333333333333335,0.5,2.25,-1.75,-2.722873134328358,43.39526119402986
2022-05-11,2021-2022,Leeds United,Chelsea,1,0,3,5,17,0,4,10,14,1,5,1,1,0,4,0.0,3.0,0.0,1.0,-1.0,-2.7128731343283583,40.682388059701495
2022-05-15,2021-2022,Leeds United,Brighton and Hove Albion,1,1,1,19,16,5,6,16,8,8,1,3,0,1,3,0.3333333333333333,2.3333333333333335,1.25,1.5,-0.25,-1.342873134328358,39.33951492537314
2022-05-22,2021-2022,Leeds United,Brentford,0,2,1,14,14,6,5,13,11,2,3,1,0,3,1,1.3333333333333333,1.3333333333333333,1.5,1.25,0.25,1.267126865671642,40.60664179104478
2022-08-06,2022-2023,Leeds United,Wolverhampton Wanderers,1,2,1,12,15,4,6,13,9,6,4,2,0,3,2,2.3333333333333335,0.3333333333333333,1.0,1.5,-0.5,1.5971268656716415,42.20376865671642
2022-08-13,2022-2023,Leeds United,Southampton,0,2,2,13,14,5,4,12,10,5,2,3,0,1,3,2.3333333333333335,0.3333333333333333,1.25,1.0,0.25,-0.08287313432835805,42.12089552238806
2022-08-21,2022-2023,Leeds United,Chelsea,1,3,0,12,14,6,3,16,15,4,6,0,0,3,0,2.3333333333333335,0.3333333333333333,1.5,0.75,0.75,2.0171268656716417,44.1380223880597
2022-08-27,2022-2023,Leeds United,Brighton and Hove Albion,0,0,1,10,13,2,4,14,10,3,5,3,0,0,3,1.3333333333333333,1.3333333333333333,0.5,1.0,-0.5,-1.732873134328358,42.405149253731345
2022-08-30,2022-2023,Leeds United,Everton,1,1,1,14,7,5,2,10,9,10,2,3,0,1,3,1.3333333333333333,1.3333333333333333,1.25,0.5,0.75,-0.5328731343283581,41.87227611940299
2022-09-03,2022-2023,Leeds United,Brentford,0,2,5,17,14,6,8,9,8,6,2,2,0,0,2,0.3333333333333333,2.3333333333333335,1.5,2.0,-0.5,-2.242873134328358,39.629402985074634
2022-10-02,2022-2023,Leeds United,Aston Villa,1,0,0,9,19,1,7,23,12,2,9,3,1,1,6,0.6666666666666666,1.6666666666666667,0.25,1.75,-1.5,-1.5928731343283582,38.03652985074628
2022-10-09,2022-2023,Leeds United,Crystal Palace,0,1,2,10,13,4,5,23,13,3,5,3,0,0,3,0.3333333333333333,2.3333333333333335,1.0,1.25,-0.25,-2.242873134328358,35.79365671641792
2022-10-16,2022-2023,Leeds United,Arsenal,1,0,1,16,9,4,4,10,11,6,3,0,0,0,0,0.3333333333333333,2.3333333333333335,1.0,1.0,0.0,-2.002873134328358,33.79078358208956
2022-10-20,2022-2023,Leeds United,Leicester City,0,0,2,14,5,2,1,11,15,9,2,1,0,0,1,0.0,3.0,0.5,0.25,0.25,-2.232873134328358,31.557910447761202
2022-10-23,2022-2023,Leeds United,Fulham,1,2,3,14,11,5,5,12,8,3,6,1,0,0,1,0.0,3.0,1.25,1.25,0.0,-2.292873134328358,29.265037313432842
2022-10-29,2022-2023,Leeds United,Liverpool,0,2,1,14,22,6,10,3,9,5,14,1,0,3,1,1.0,2.0,1.5,2.5,-1.0,0.737126865671642,30.002164179104483
2022-11-05,2022-2023,Leeds United,Bournemouth,1,4,3,18,9,4,6,16,10,13,3,2,0,3,2,2.0,1.0,1.0,1.5,-0.5,1.3671268656716415,31.369291044776126
2022-11-12,2022-2023,Leeds United,Tottenham Hotspur,0,3,4,12,14,5,8,7,8,2,9,1,1,0,4,2.0,1.0,1.25,2.0,-0.75,-1.5128731343283583,29.856417910447767
2022-12-28,2022-2023,Leeds United,Manchester City,1,1,3,9,26,1,9,11,14,3,5,3,0,0,3,1.0,2.0,0.25,2.25,-2.0,-2.3228731343283577,27.533544776119413
2022-12-31,2022-2023,Leeds United,Newcastle United,0,0,0,8,16,1,5,19,13,3,9,5,0,1,5,0.3333333333333333,2.3333333333333335,0.25,1.25,-1.0,-1.642873134328358,25.89067164179106
2023-01-04,2022-2023,Leeds United,West Ham United,1,2,2,14,15,6,2,11,18,8,1,3,0,1,3,0.6666666666666666,1.6666666666666667,1.5,0.5,1.0,-0.8128731343283581,25.077798507462703
2023-01-13,2022-2023,Leeds United,Aston Villa,0,1,2,16,11,4,5,8,12,11,0,2,0,0,2,0.6666666666666666,1.6666666666666667,1.0,1.25,-0.25,-1.9528731343283583,23.124925373134346
2023-01-22,2022-2023,Leeds United,Brentford,1,0,0,9,6,5,0,10,18,2,3,2,0,1,2,0.6666666666666666,1.6666666666666667,1.25,0.0,1.25,-0.692873134328358,22.432052238805987
2023-02-05,2022-2023,Leeds United,Nottingham Forest,0,0,1,10,6,4,2,14,15,2,0,2,0,0,2,0.3333333333333333,2.3333333333333335,1.0,0.5,0.5,-2.002873134328358,20.429179104477626
2023-02-08,2022-2023,Leeds United,Manchester United,0,2,2,8,24,2,7,11,7,5,6,3,0,1,3,0.6666666666666666,1.6666666666666667,0.5,1.75,-1.25,-1.352873134328358,19.07630597014927
2023-02-12,2022-2023,Leeds United,Manchester United,1,0,2,16,11,6,5,10,13,7,3,2,0,0,2,0.3333333333333333,2.3333333333333335,1.5,1.25,0.25,-2.062873134328358,17.013432835820907
2023-02-18,2022-2023,Leeds United,Everton,0,0,1,8,15,0,6,6,8,4,6,3,0,0,3,0.3333333333333333,2.3333333333333335,0.0,1.5,-1.5,-2.5428731343283584,14.470559701492547
2023-02-25,2022-2023,Leeds United,Southampton,1,1,0,14,8,4,2,15,13,9,2,2,0,3,2,1.0,2.0,1.0,0.5,0.5,1.037126865671642,15.507686567164185
2023-03-04,2022-2023,Leeds United,Chelsea,0,0,1,11,13,2,3,7,10,7,5,0,0,0,0,1.0,2.0,0.5,0.75,-0.25,-1.722873134328358,13.784813432835833
2023-03-11,2022-2023,Leeds United,Brighton and Hove Albion,1,2,2,12,14,4,2,12,9,4,7,1,0,1,1,1.3333333333333333,1.3333333333333333,1.0,0.5,0.5,-0.4728731343283581,13.31194029850748
2023-03-18,2022-2023,Leeds United,Wolverhampton Wanderers,0,4,2,11,23,4,8,9,15,4,5,5,0,3,5,1.3333333333333333,1.3333333333333333,1.0,2.0,-1.0,0.727126865671642,14.039067164179116
2023-04-01,2022-2023,Leeds United,Arsenal,0,1,4,7,13,5,6,13,11,3,4,2,0,0,2,1.3333333333333333,1.3333333333333333,1.25,1.5,-0.25,-1.6128731343283582,12.426194029850762
2023-04-04,2022-2023,Leeds United,Nottingham Forest,1,2,1,21,13,6,1,11,13,11,4,1,0,3,1,2.0,1.0,1.5,0.25,1.25,1.8471268656716417,14.273320895522403
2023-04-09,2022-2023,Leeds United,Crystal Palace,1,1,5,11,16,7,8,11,8,2,4,3,0,0,3,1.0,2.0,1.75,2.0,-0.25,-1.9028731343283583,12.370447761194043
2023-04-17,2022-2023,Leeds United,Liverpool,1,1,6,13,13,3,7,6,12,4,2,0,0,0,0,1.0,2.0,0.75,1.75,-1.0,-1.9028731343283578,10.467574626865684
2023-04-22,2022-2023,Leeds United,Fulham,0,1,2,10,12,2,5,15,10,6,8,4,0,0,4,0.0,3.0,0.5,1.25,-0.75,-2.652873134328358,7.814701492537324
2023-04-25,2022-2023,Leeds United,Leicester City,1,1,1,13,15,3,3,14,15,3,6,4,0,1,4,0.3333333333333333,2.3333333333333335,0.75,0.75,0.0,-1.342873134328358,6.471828358208967
2023-04-30,2022-2023,Leeds United,Bournemouth,0,1,4,15,12,6,7,14,12,6,2,0,0,0,0,0.3333333333333333,2.3333333333333335,1.5,1.75,-0.25,-2.062873134328358,4.408955223880611
2023-05-06,2022-2023,Leeds United,Manchester City,0,1,2,4,18,2,6,16,3,1,10,3,0,0,3,0.3333333333333333,2.3333333333333335,0.5,1.5,-1.0,-2.4228731343283583,1.986082089552255
2023-05-13,2022-2023,Leeds United,Newcastle United,1,2,2,9,18,4,5,16,14,2,6,3,1,1,6,0.3333333333333333,2.3333333333333335,1.0,1.25,-0.25,-1.5228731343283581,1.0
2023-05-21,2022-2023,Leeds United,West Ham United,0,1,3,12,19,3,9,11,6,5,9,3,0,0,3,0.3333333333333333,2.3333333333333335,0.75,2.25,-1.5,-2.5428731343283584,1.0
2023-05-28,2022-2023,Leeds United,Tottenham Hotspur,1,1,4,19,11,2,7,7,5,12,3,3,0,0,3,0.3333333333333333,2.3333333333333335,0.5,1.75,-1.25,-2.482873134328358,1.0
2025-08-18,2025-2026,Leeds United,Everton,1,1,0,21,7,3,1,6,8,7,2,0,0,3,0,1.0,2.0,0.75,0.25,0.5,1.157126865671642,1.0
2025-08-23,2025-2026,Leeds United,Arsenal,0,0,5,3,18,1,5,11,8,2,2,2,0,0,2,1.0,2.0,0.25,1.25,-1.0,-2.022873134328358,1.0
2025-08-30,2025-2026,Leeds United,Newcastle United,1,0,0,10,8,1,2,10,15,5,5,1,0,1,1,1.3333333333333333,1.3333333333333333,0.25,0.5,-0.25,-0.6528731343283581,1.0
2025-09-13,2025-2026,Leeds United,Fulham,0,0,1,10,5,3,3,15,20,3,3,2,0,0,2,0.3333333333333333,2.3333333333333335,0.75,0.75,0.0,-2.122873134328358,1.0
2025-09-20,2025-2026,Leeds United,Wolverhampton Wanderers,0,3,1,6,16,4,6,9,11,0,4,1,0,3,1,1.3333333333333333,1.3333333333333333,1.0,1.5,-0.5,1.0871268656716417,1.0
2025-09-27,2025-2026,Leeds United,Bournemouth,1,2,2,19,12,8,5,12,13,7,4,2,0,1,2,1.3333333333333333,1.3333333333333333,2.0,1.25,0.75,-0.4728731343283581,1.0
2025-10-04,2025-2026,Leeds United,Tottenham Hotspur,1,1,2,16,9,4,3,10,12,4,1,2,0,0,2,1.3333333333333333,1.3333333333333333,1.0,0.75,0.25,-1.492873134328358,1.0
2025-10-18,2025-2026,Leeds United,Burnley,0,0,2,19,4,4,3,7,10,5,1,1,0,0,1,0.3333333333333333,2.3333333333333335,1.0,0.75,0.25,-2.002873134328358,1.0
2025-10-24,2025-2026,Leeds United,West Ham United,1,2,1,13,9,5,3,12,11,3,4,3,0,3,3,1.0,2.0,1.25,0.75,0.5,0.9771268656716421,1.0
2025-11-01,2025-2026,Leeds United,Brighton and Hove Albion,0,0,3,5,14,2,7,7,10,7,4,1,0,0,1,1.0,2.0,0.5,1.75,-1.25,-2.022873134328358,1.0
2025-11-09,2025-2026,Leeds United,Nottingham Forest,0,1,3,10,14,3,6,11,10,4,6,1,0,0,1,1.0,2.0,0.75,1.5,-0.75,-1.9028731343283578,1.0
2020-09-13,2020-2021,Leicester City,West Brom,0,3,0,13,7,7,1,9,12,5,2,1,0,3,1,3.0,0.0,1.75,0.25,1.5,2.4771268656716416,102.47712686567164
2020-09-20,2020-2021,Leicester City,Burnley,1,4,2,14,16,6,5,11,13,15,4,1,0,3,1,3.0,0.0,1.5,1.25,0.25,2.177126865671642,104.65425373134329
2020-09-27,2020-2021,Leicester City,Manchester City,0,5,2,7,16,7,5,8,13,4,3,3,0,3,3,3.0,0.0,1.75,1.25,0.5,2.117126865671642,106.77138059701493
2020-10-04,2020-2021,Leicester City,West Ham United,1,0,3,4,14,0,6,11,8,6,4,2,0,0,2,2.0,1.0,0.0,1.5,-1.5,-1.5728731343283584,105.19850746268656
2020-10-18,2020-2021,Leicester City,Aston Villa,1,0,1,11,10,5,4,18,18,2,7,4,0,0,4,1.0,2.0,1.25,1.0,0.25,-1.8428731343283578,103.3556343283582
2020-10-25,2020-2021,Leicester City,Arsenal,0,1,0,6,12,2,4,9,13,3,9,5,0,3,5,1.0,2.0,0.5,1.0,-0.5,0.6171268656716419,103.97276119402986
2020-11-02,2020-2021,Leicester City,Leeds United,0,4,1,10,11,8,4,5,9,3,10,1,0,3,1,2.0,1.0,2.0,1.0,1.0,1.7871268656716417,105.7598880597015
2020-11-08,2020-2021,Leicester City,Wolverhampton Wanderers,1,1,0,10,7,3,2,12,8,6,3,2,0,3,2,3.0,0.0,0.75,0.5,0.25,2.1171268656716418,107.87701492537313
2020-11-22,2020-2021,Leicester City,Liverpool,0,0,3,11,24,4,13,6,15,3,10,2,0,0,2,2.0,1.0,1.0,3.25,-2.25,-1.7528731343283581,106.12414179104478
2020-11-30,2020-2021,Leicester City,Fulham,1,1,2,16,10,3,5,9,21,6,5,0,0,0,0,1.0,2.0,0.75,1.25,-0.5,-1.7828731343283581,104.34126865671642
2020-12-06,2020-2021,Leicester City,Sheffield United,0,2,1,13,4,4,1,6,13,5,6,3,0,3,3,1.0,2.0,1.0,0.25,0.75,1.037126865671642,105.37839552238806
2020-12-13,2020-2021,Leicester City,Brighton and Hove Albion,1,3,0,15,12,6,4,9,11,9,5,2,0,3,2,2.0,1.0,1.5,1.0,0.5,1.6071268656716418,106.9855223880597
2020-12-16,2020-2021,Leicester City,Everton,1,0,2,14,11,2,6,12,9,4,6,2,0,0,2,2.0,1.0,0.5,1.5,-1.0,-1.4528731343283583,105.53264925373134
2020-12-20,2020-2021,Leicester City,Tottenham Hotspur,0,2,0,17,8,4,3,14,15,3,5,2,0,3,2,2.0,1.0,1.0,0.75,0.25,1.5471268656716417,107.07977611940298
2020-12-26,2020-2021,Leicester City,Manchester United,1,2,2,10,9,2,4,10,17,5,0,2,0,1,2,1.3333333333333333,1.3333333333333333,0.5,1.0,-0.5,-0.7728731343283581,106.30690298507463
2020-12-28,2020-2021,Leicester City,Crystal Palace,0,1,1,17,4,3,1,7,10,5,2,1,0,1,1,1.6666666666666667,0.6666666666666666,0.75,0.25,0.5,-0.24287313432835808,106.06402985074627
2021-01-03,2020-2021,Leicester City,Newcastle United,0,2,1,9,8,3,2,11,10,6,3,2,0,3,2,1.6666666666666667,0.6666666666666666,0.75,0.5,0.25,1.4371268656716418,107.50115671641791
2021-01-16,2020-2021,Leicester City,Southampton,1,2,0,16,8,5,3,10,11,2,5,2,0,3,2,2.3333333333333335,0.3333333333333333,1.25,0.75,0.5,1.8371268656716417,109.33828358208956
2021-01-19,2020-2021,Leicester City,Chelsea,1,2,0,8,9,6,5,7,16,6,3,1,0,3,1,3.0,0.0,1.5,1.25,0.25,2.177126865671642,111.5154104477612
2021-01-27,2020-2021,Leicester City,Everton,0,1,1,19,8,6,2,10,12,11,5,1,0,1,1,2.3333333333333335,0.3333333333333333,1.5,0.5,1.0,0.217126865671642,111.73253731343283
2021-01-31,2020-2021,Leicester City,Leeds United,1,1,3,18,8,8,7,17,16,6,4,0,0,0,0,1.3333333333333333,1.3333333333333333,2.0,1.75,0.25,-1.372873134328358,110.35966417910447
2021-02-03,2020-2021,Leicester City,Fulham,0,2,0,9,8,5,1,10,17,2,5,1,0,3,1,1.3333333333333333,1.3333333333333333,1.25,0.25,1.0,1.4471268656716418,111.80679104477612
2021-02-07,2020-2021,Leicester City,Wolverhampton Wanderers,0,0,0,13,13,3,1,15,11,2,8,3,0,1,3,1.3333333333333333,1.3333333333333333,0.75,0.25,0.5,-0.5928731343283581,111.21391791044776
2021-02-13,2020-2021,Leicester City,Liverpool,1,3,1,11,15,6,4,9,6,2,12,1,0,3,1,2.3333333333333335,0.3333333333333333,1.5,1.0,0.5,1.8971268656716418,113.1110447761194
2021-02-21,2020-2021,Leicester City,Aston Villa,0,2,1,16,11,7,2,12,11,8,7,1,0,3,1,2.3333333333333335,0.3333333333333333,1.75,0.5,1.25,2.0771268656716417,115.18817164179104
2021-02-28,2020-2021,Leicester City,Arsenal,1,1,3,8,12,3,4,15,3,2,7,2,0,0,2,2.0,1.0,0.75,1.0,-0.25,-1.2728731343283581,113.91529850746268
2021-03-03,2020-2021,Leicester City,Burnley,0,1,1,15,12,4,7,12,6,8,5,2,0,1,2,1.3333333333333333,1.3333333333333333,1.0,1.75,-0.75,-0.8328731343283582,113.08242537313433
2021-03-06,2020-2021,Leicester City,Brighton and Hove Albion,0,2,1,8,7,4,2,8,14,6,6,1,0,3,1,1.3333333333333333,1.3333333333333333,1.0,0.5,0.5,1.327126865671642,114.40955223880597
2021-03-14,2020-2021,Leicester City,Sheffield United,1,5,0,19,1,10,0,10,9,9,1,0,0,3,0,2.3333333333333335,0.3333333333333333,2.5,0.0,2.5,2.437126865671642,116.84667910447762
2021-04-03,2020-2021,Leicester City,Manchester City,1,0,2,5,11,2,4,13,12,1,1,2,0,0,2,2.0,1.0,0.5,1.0,-0.5,-1.3328731343283582,115.51380597014925
2021-04-11,2020-2021,Leicester City,West Ham United,0,2,3,15,4,5,4,13,7,9,1,3,0,0,3,1.0,2.0,1.25,1.0,0.25,-1.7828731343283581,113.7309328358209
2021-04-22,2020-2021,Leicester City,West Brom,1,3,0,17,4,7,1,13,12,7,3,0,0,3,0,1.0,2.0,1.75,0.25,1.5,1.397126865671642,115.12805970149253
2021-04-26,2020-2021,Leicester City,Crystal Palace,1,2,1,13,4,5,2,13,12,7,2,0,0,3,0,2.0,1.0,1.25,0.5,0.75,1.7871268656716417,116.91518656716418
2021-04-30,2020-2021,Leicester City,Southampton,0,1,1,23,5,9,3,13,9,10,0,0,0,1,0,2.3333333333333335,0.3333333333333333,2.25,0.75,1.5,0.397126865671642,117.31231343283582
2021-05-07,2020-2021,Leicester City,Newcastle United,1,2,4,25,14,9,6,12,9,9,6,1,0,0,1,1.3333333333333333,1.3333333333333333,2.25,1.5,0.75,-1.3128731343283582,115.99944029850747
2021-05-11,2020-2021,Leicester City,Manchester United,0,2,1,12,4,3,1,12,9,4,3,0,0,3,0,1.3333333333333333,1.3333333333333333,0.75,0.25,0.5,1.387126865671642,117.3865671641791
2021-05-18,2020-2021,Leicester City,Chelsea,0,1,2,7,17,3,6,16,15,5,6,4,0,0,4,1.0,2.0,0.75,1.5,-0.75,-2.082873134328358,115.30369402985075
2021-05-23,2020-2021,Leicester City,Tottenham Hotspur,1,2,4,10,11,6,4,9,8,8,7,0,0,0,0,1.0,2.0,1.5,1.0,0.5,-1.542873134328358,113.76082089552239
2021-08-14,2021-2022,Leicester City,Wolverhampton Wanderers,1,1,0,9,17,5,3,6,10,5,4,1,0,3,1,1.0,2.0,1.25,0.75,0.5,1.097126865671642,114.85794776119403
2021-08-23,2021-2022,Leicester City,West Ham United,0,1,4,5,13,1,7,8,8,0,10,1,1,0,4,1.0,2.0,0.25,1.75,-1.5,-2.262873134328358,112.59507462686568
2021-08-28,2021-2022,Leicester City,Norwich City,0,2,1,9,14,3,4,9,8,9,9,1,0,3,1,2.0,1.0,0.75,1.0,-0.25,1.4871268656716417,114.08220149253731
2021-09-11,2021-2022,Leicester City,Manchester City,1,0,1,6,25,1,8,4,11,5,8,1,0,0,1,1.0,2.0,0.25,2.0,-1.75,-2.142873134328358,111.93932835820895
2021-09-19,2021-2022,Leicester City,Brighton and Hove Albion,0,1,2,14,12,3,5,10,8,9,4,1,0,0,1,1.0,2.0,0.75,1.25,-0.5,-1.8428731343283582,110.0964552238806
2021-09-25,2021-2022,Leicester City,Burnley,1,2,2,22,9,5,3,10,8,8,4,2,0,1,2,0.3333333333333333,2.3333333333333335,1.25,0.75,0.5,-1.1028731343283582,108.99358208955223
2021-10-03,2021-2022,Leicester City,Crystal Palace,0,2,2,9,18,5,4,11,15,3,1,3,0,1,3,0.6666666666666666,1.6666666666666667,1.25,1.0,0.25,-0.992873134328358,108.00070895522389
2021-10-16,2021-2022,Leicester City,Manchester United,1,4,2,22,18,11,6,5,17,4,3,0,0,3,0,1.6666666666666667,0.6666666666666666,2.75,1.5,1.25,1.797126865671642,109.79783582089553
2021-10-24,2021-2022,Leicester City,Brentford,0,2,1,10,15,6,5,7,13,2,9,1,0,3,1,2.3333333333333335,0.3333333333333333,1.5,1.25,0.25,1.8371268656716417,111.63496268656716
2021-10-30,2021-2022,Leicester City,Arsenal,1,0,2,16,9,8,5,8,11,7,6,2,0,0,2,2.0,1.0,2.0,1.25,0.75,-1.032873134328358,110.60208955223881
2021-11-07,2021-2022,Leicester City,Leeds United,0,1,1,9,18,3,5,5,12,5,10,1,0,1,1,1.3333333333333333,1.3333333333333333,0.75,1.25,-0.5,-0.7128731343283582,109.88921641791045
2021-11-20,2021-2022,Leicester City,Chelsea,1,0,3,4,16,3,7,15,8,3,5,3,0,0,3,0.3333333333333333,2.3333333333333335,0.75,1.75,-1.0,-2.4228731343283583,107.46634328358209
2021-11-28,2021-2022,Leicester City,Watford,1,4,2,18,16,8,5,5,19,8,6,0,0,3,0,1.3333333333333333,1.3333333333333333,2.0,1.25,0.75,1.4471268656716418,108.91347014925373
2021-12-01,2021-2022,Leicester City,Southampton,0,2,2,15,15,6,7,11,14,4,2,3,0,1,3,1.3333333333333333,1.3333333333333333,1.5,1.75,-0.25,-0.7728731343283581,108.14059701492538
2021-12-05,2021-2022,Leicester City,Aston Villa,0,1,2,12,13,5,4,25,8,6,3,1,0,0,1,1.3333333333333333,1.3333333333333333,1.25,1.0,0.25,-1.432873134328358,106.70772388059702
2021-12-12,2021-2022,Leicester City,Newcastle United,1,4,0,8,12,5,3,9,16,4,6,2,0,3,2,1.3333333333333333,1.3333333333333333,1.25,0.75,0.5,1.267126865671642,107.97485074626866
2021-12-26,2021-2022,Leicester City,Manchester City,0,3,6,14,17,8,9,9,11,4,14,2,0,0,2,1.0,2.0,2.0,2.25,-0.25,-1.8428731343283582,106.1319776119403
2021-12-28,2021-2022,Leicester City,Liverpool,1,1,0,6,21,1,4,8,11,1,12,0,0,3,0,2.0,1.0,0.25,1.0,-0.75,1.4271268656716418,107.55910447761194
2022-01-19,2021-2022,Leicester City,Tottenham Hotspur,1,2,3,14,27,4,10,6,12,3,8,1,0,0,1,1.0,2.0,1.0,2.5,-1.5,-2.082873134328358,105.47623134328359
2022-01-23,2021-2022,Leicester City,Brighton and Hove Albion,1,1,1,15,14,5,5,6,8,4,5,0,0,1,0,1.3333333333333333,1.3333333333333333,1.25,1.25,0.0,-0.5328731343283581,104.94335820895523
2022-02-10,2021-2022,Leicester City,Liverpool,0,0,2,5,22,1,11,7,11,6,7,0,0,0,0,0.3333333333333333,2.3333333333333335,0.25,2.75,-2.5,-2.602873134328358,102.34048507462687
2022-02-13,2021-2022,Leicester City,West Ham United,1,2,2,13,8,2,3,10,9,5,4,1,0,1,1,0.6666666666666666,1.6666666666666667,0.5,0.75,-0.25,-0.9928731343283582,101.3476119402985
2022-02-20,2021-2022,Leicester City,Wolverhampton Wanderers,0,1,2,17,11,7,3,9,12,10,7,4,0,0,4,0.3333333333333333,2.3333333333333335,1.75,0.75,1.0,-2.002873134328358,99.34473880597015
2022-03-01,2021-2022,Leicester City,Burnley,0,2,0,22,9,6,2,13,10,8,6,1,0,3,1,1.3333333333333333,1.3333333333333333,1.5,0.5,1.0,1.4471268656716418,100.7918656716418
2022-03-05,2021-2022,Leicester City,Leeds United,1,1,0,7,19,4,4,9,12,5,10,1,0,3,1,2.0,1.0,1.0,1.0,0.0,1.5471268656716417,102.33899253731343
2022-03-13,2021-2022,Leicester City,Arsenal,0,0,2,6,21,3,8,10,8,6,2,3,0,0,3,2.0,1.0,0.75,2.0,-1.25,-1.572873134328358,100.76611940298508
2022-03-20,2021-2022,Leicester City,Brentford,1,2,1,12,15,4,6,10,10,2,5,1,0,3,1,2.0,1.0,1.0,1.5,-0.5,1.4271268656716416,102.19324626865672
2022-04-02,2021-2022,Leicester City,Manchester United,0,1,1,11,11,3,5,6,13,5,6,2,0,1,2,1.3333333333333333,1.3333333333333333,0.75,1.25,-0.5,-0.7728731343283581,101.42037313432836
2022-04-10,2021-2022,Leicester City,Crystal Palace,1,2,1,12,11,3,3,11,12,3,4,1,0,3,1,2.3333333333333335,0.3333333333333333,0.75,0.75,0.0,1.7771268656716417,103.1975
2022-04-17,2021-2022,Leicester City,Newcastle United,0,1,2,8,16,2,7,10,10,5,3,2,0,0,2,1.3333333333333333,1.3333333333333333,0.5,1.75,-1.25,-1.852873134328358,101.34462686567164
2022-04-20,2021-2022,Leicester City,Everton,0,1,1,11,13,3,3,17,8,4,5,1,0,1,1,1.3333333333333333,1.3333333333333333,0.75,0.75,0.0,-0.5928731343283581,100.75175373134329
2022-04-23,2021-2022,Leicester City,Aston Villa,1,0,0,5,11,2,3,15,16,7,6,3,0,1,3,0.6666666666666666,1.6666666666666667,0.5,0.75,-0.25,-1.112873134328358,99.63888059701493
2022-05-01,2021-2022,Leicester City,Tottenham Hotspur,0,1,3,6,13,2,7,8,13,3,7,3,0,0,3,0.6666666666666666,1.6666666666666667,0.5,1.75,-1.25,-2.252873134328358,97.38600746268656
2022-05-08,2021-2022,Leicester City,Everton,1,1,2,16,10,9,4,11,6,6,1,3,0,0,3,0.3333333333333333,2.3333333333333335,2.25,1.0,1.25,-1.882873134328358,95.50313432835821
2022-05-11,2021-2022,Leicester City,Norwich City,1,3,0,20,9,8,5,10,5,10,2,0,0,3,0,1.0,2.0,2.0,1.25,0.75,1.2171268656716419,96.72026119402986
2022-05-15,2021-2022,Leicester City,Watford,0,5,1,13,13,7,5,6,4,3,7,1,0,3,1,2.0,1.0,1.75,1.25,0.5,1.6671268656716418,98.3873880597015
2022-05-19,2021-2022,Leicester City,Chelsea,0,1,1,2,20,1,7,7,13,0,6,1,0,1,1,2.3333333333333335,0.3333333333333333,0.25,1.75,-1.5,-0.38287313432835807,98.00451492537314
2022-05-22,2021-2022,Leicester City,Southampton,1,4,1,12,7,6,2,10,5,3,3,0,0,3,0,2.3333333333333335,0.3333333333333333,1.5,0.5,1.0,2.0771268656716417,100.08164179104477
2022-08-07,2022-2023,Leicester City,Brentford,1,2,2,14,8,5,3,6,5,5,6,0,0,1,0,1.6666666666666667,0.6666666666666666,1.25,0.75,0.5,-0.18287313432835808,99.89876865671643
2022-08-13,2022-2023,Leicester City,Arsenal,0,2,4,6,19,2,7,9,15,2,6,1,0,0,1,1.3333333333333333,1.3333333333333333,0.5,1.75,-1.25,-1.7928731343283582,98.10589552238807
2022-08-20,2022-2023,Leicester City,Southampton,1,1,2,6,9,1,3,11,15,2,5,2,0,0,2,0.3333333333333333,2.3333333333333335,0.25,0.75,-0.5,-2.242873134328358,95.8630223880597
2022-08-27,2022-2023,Leicester City,Chelsea,0,1,2,17,7,5,3,7,10,11,3,2,0,0,2,0.0,3.0,1.25,0.75,0.5,-2.232873134328358,93.63014925373135
2022-09-01,2022-2023,Leicester City,Manchester United,1,0,1,10,9,2,2,7,15,1,3,1,0,0,1,0.0,3.0,0.5,0.5,0.0,-2.292873134328358,91.33727611940299
2022-09-04,2022-2023,Leicester City,Brighton and Hove Albion,0,2,5,6,23,4,11,8,6,1,10,1,0,0,1,0.0,3.0,1.0,2.75,-1.75,-2.7128731343283583,88.62440298507462
2022-09-17,2022-2023,Leicester City,Tottenham Hotspur,0,2,6,19,16,7,11,9,9,1,6,2,0,0,2,0.0,3.0,1.75,2.75,-1.0,-2.592873134328358,86.03152985074627
2022-10-03,2022-2023,Leicester City,Nottingham Forest,1,4,0,17,10,7,3,13,12,6,6,2,0,3,2,1.0,2.0,1.75,0.75,1.0,1.1571268656716418,87.18865671641791
2022-10-08,2022-2023,Leicester City,Bournemouth,0,1,2,9,10,5,4,16,8,2,7,2,0,0,2,1.0,2.0,1.25,1.0,0.25,-1.722873134328358,85.46578358208956
2022-10-15,2022-2023,Leicester City,Crystal Palace,1,0,0,14,8,5,1,18,13,9,2,2,0,1,2,1.3333333333333333,1.3333333333333333,1.25,0.25,1.0,-0.41287313432835815,85.0529104477612
2022-10-20,2022-2023,Leicester City,Leeds United,1,2,0,5,14,1,2,15,11,2,9,2,0,3,2,1.3333333333333333,1.3333333333333333,0.25,0.5,-0.25,1.0871268656716417,86.14003731343284
2022-10-23,2022-2023,Leicester City,Wolverhampton Wanderers,0,4,0,5,21,4,5,13,10,2,9,1,0,3,1,2.3333333333333335,0.3333333333333333,1.0,1.25,-0.25,1.7171268656716416,87.85716417910449
2022-10-29,2022-2023,Leicester City,Manchester City,1,0,1,10,15,5,5,5,10,3,10,0,0,0,0,2.0,1.0,1.25,1.25,0.0,-1.092873134328358,86.76429104477613
2022-11-05,2022-2023,Leicester City,Everton,0,2,0,22,12,8,2,5,9,3,8,0,0,3,0,2.0,1.0,2.0,0.5,1.5,1.9671268656716419,88.73141791044777
2022-11-12,2022-2023,Leicester City,West Ham United,0,2,0,9,18,6,6,8,9,2,7,1,0,3,1,2.0,1.0,1.5,1.5,0.0,1.5471268656716417,90.27854477611942
2022-12-26,2022-2023,Leicester City,Newcastle United,1,0,3,8,12,2,5,9,6,5,5,0,0,0,0,2.0,1.0,0.5,1.25,-0.75,-1.2728731343283581,89.00567164179105
2022-12-30,2022-2023,Leicester City,Liverpool,0,1,2,7,21,2,5,15,8,5,4,1,0,0,1,1.0,2.0,0.5,1.25,-0.75,-1.9028731343283578,87.1027985074627
2023-01-03,2022-2023,Leicester City,Fulham,1,0,1,15,11,6,2,12,11,6,3,2,0,0,2,0.0,3.0,1.5,0.5,1.0,-2.112873134328358,84.98992537313434
2023-01-14,2022-2023,Leicester City,Nottingham Forest,0,0,2,6,15,1,5,12,11,5,3,2,0,0,2,0.0,3.0,0.25,1.25,-1.0,-2.592873134328358,82.39705223880597
2023-01-21,2022-2023,Leicester City,Brighton and Hove Albion,1,2,2,9,13,2,4,9,9,5,6,0,0,1,0,0.3333333333333333,2.3333333333333335,0.5,1.0,-0.5,-1.2228731343283579,81.17417910447762
2023-02-04,2022-2023,Leicester City,Aston Villa,0,4,2,9,19,5,4,10,10,3,11,2,0,3,2,1.3333333333333333,1.3333333333333333,1.25,1.0,0.25,1.2071268656716418,82.38130597014927
2023-02-11,2022-2023,Leicester City,Tottenham Hotspur,1,4,1,15,11,7,4,14,9,1,5,5,0,3,5,2.3333333333333335,0.3333333333333333,1.75,1.0,0.75,1.7171268656716416,84.0984328358209
2023-02-19,2022-2023,Leicester City,Manchester United,0,0,3,19,26,3,8,9,9,6,6,2,0,0,2,2.0,1.0,0.75,2.0,-1.25,-1.5128731343283583,82.58555970149254
2023-02-25,2022-2023,Leicester City,Arsenal,1,0,1,1,10,0,2,14,9,0,8,0,0,0,0,1.0,2.0,0.0,0.5,-0.5,-1.7828731343283581,80.80268656716419
2023-03-04,2022-2023,Leicester City,Southampton,0,0,1,11,11,0,5,11,12,4,3,2,0,0,2,0.0,3.0,0.0,1.25,-1.25,-2.6528731343283583,78.14981343283583
2023-03-11,2022-2023,Leicester City,Chelsea,1,1,3,17,12,7,6,10,11,2,5,1,1,0,4,0.0,3.0,1.75,1.5,0.25,-2.412873134328358,75.73694029850748
2023-03-18,2022-2023,Leicester City,Brentford,0,1,1,14,11,1,2,11,10,4,8,2,0,1,2,0.3333333333333333,2.3333333333333335,0.25,0.5,-0.25,-1.282873134328358,74.45406716417911
2023-04-01,2022-2023,Leicester City,Crystal Palace,0,1,2,3,31,2,9,16,12,1,10,4,0,0,4,0.3333333333333333,2.3333333333333335,0.5,2.25,-1.75,-2.662873134328358,71.79119402985076
2023-04-04,2022-2023,Leicester City,Aston Villa,1,1,2,9,15,4,5,10,14,4,8,2,1,0,5,0.3333333333333333,2.3333333333333335,1.0,1.25,-0.25,-2.362873134328358,69.4283208955224
2023-04-08,2022-2023,Leicester City,Bournemouth,1,0,1,14,19,4,7,10,13,6,6,0,0,0,0,0.0,3.0,1.0,1.75,-0.75,-2.412873134328358,67.01544776119404
2023-04-15,2022-2023,Leicester City,Manchester City,0,1,3,10,12,4,4,8,8,2,6,1,0,0,1,0.0,3.0,1.0,1.0,0.0,-2.292873134328358,64.72257462686568
2023-04-22,2022-2023,Leicester City,Wolverhampton Wanderers,1,2,1,15,16,8,3,17,16,1,7,1,0,3,1,1.0,2.0,2.0,0.75,1.25,1.277126865671642,65.99970149253733
2023-04-25,2022-2023,Leicester City,Leeds United,0,1,1,15,13,3,3,15,14,6,3,2,0,1,2,1.3333333333333333,1.3333333333333333,0.75,0.75,0.0,-0.6528731343283581,65.34682835820897
2023-05-01,2022-2023,Leicester City,Everton,1,2,2,15,23,6,8,10,12,2,9,4,0,1,4,1.6666666666666667,0.6666666666666666,1.5,2.0,-0.5,-0.6628731343283581,64.6839552238806
2023-05-08,2022-2023,Leicester City,Fulham,0,3,5,18,17,9,7,15,13,7,2,3,0,0,3,0.6666666666666666,1.6666666666666667,2.25,1.75,0.5,-1.832873134328358,62.85108208955224
2023-05-15,2022-2023,Leicester City,Liverpool,1,0,3,4,16,4,5,11,17,4,4,2,0,0,2,0.3333333333333333,2.3333333333333335,1.0,1.25,-0.25,-2.182873134328358,60.66820895522388
2023-05-22,2022-2023,Leicester City,Newcastle United,0,0,0,1,23,1,4,5,9,1,12,0,0,1,0,0.3333333333333333,2.3333333333333335,0.25,1.0,-0.75,-1.282873134328358,59.38533582089553
2023-05-28,2022-2023,Leicester City,West Ham United,1,2,1,13,16,4,3,8,10,3,5,1,0,3,1,1.3333333333333333,1.3333333333333333,1.0,0.75,0.25,1.267126865671642,60.65246268656717
2024-08-19,2024-2025,Leicester City,Tottenham Hotspur,1,1,1,7,15,3,7,11,12,2,13,1,0,1,1,1.6666666666666667,0.6666666666666666,0.75,1.75,-1.0,-0.6028731343283581,60.049589552238814
2024-08-24,2024-2025,Leicester City,Fulham,0,1,2,10,18,4,6,13,14,5,7,2,0,0,2,1.3333333333333333,1.3333333333333333,1.0,1.5,-0.5,-1.6728731343283583,58.37671641791046
2024-08-31,2024-2025,Leicester City,Aston Villa,1,1,2,9,10,3,5,13,21,1,4,4,0,0,4,0.3333333333333333,2.3333333333333335,0.75,1.25,-0.5,-2.362873134328358,56.0138432835821
2024-09-14,2024-2025,Leicester City,Crystal Palace,0,2,2,9,20,4,4,15,11,2,5,3,0,1,3,0.3333333333333333,2.3333333333333335,1.0,1.0,0.0,-1.282873134328358,54.73097014925374
2024-09-21,2024-2025,Leicester City,Everton,1,1,1,12,16,2,5,11,12,6,1,1,0,1,1,0.6666666666666666,1.6666666666666667,0.5,1.25,-0.75,-1.112873134328358,53.61809701492538
2024-09-28,2024-2025,Leicester City,Arsenal,0,2,4,5,36,3,16,6,11,0,17,4,0,0,4,0.6666666666666666,1.6666666666666667,0.75,4.0,-3.25,-2.792873134328358,50.82522388059702
2024-10-05,2024-2025,Leicester City,Bournemouth,1,1,0,6,17,2,2,12,14,0,9,4,0,3,4,1.3333333333333333,1.3333333333333333,0.5,0.5,0.0,1.027126865671642,51.85235074626866
2024-10-19,2024-2025,Leicester City,Southampton,0,3,2,18,14,4,7,10,10,6,10,3,0,3,3,2.0,1.0,1.0,1.75,-0.75,1.2471268656716419,53.0994776119403
2024-10-25,2024-2025,Leicester City,Nottingham Forest,1,1,3,11,20,1,5,16,9,6,7,5,0,0,5,2.0,1.0,0.25,1.25,-1.0,-1.632873134328358,51.466604477611945
2024-11-02,2024-2025,Leicester City,Ipswich Town,0,1,1,20,14,6,2,10,11,6,4,2,0,1,2,1.3333333333333333,1.3333333333333333,1.5,0.5,1.0,-0.41287313432835815,51.05373134328359
2024-11-10,2024-2025,Leicester City,Manchester United,0,0,3,6,13,5,3,5,9,5,1,1,0,0,1,0.3333333333333333,2.3333333333333335,1.25,0.75,0.5,-1.942873134328358,49.11085820895523
2024-11-23,2024-2025,Leicester City,Chelsea,1,1,2,4,16,1,7,15,12,2,9,4,0,0,4,0.3333333333333333,2.3333333333333335,0.25,1.75,-1.5,-2.602873134328358,46.50798507462687
2024-11-30,2024-2025,Leicester City,Brentford,0,1,4,7,13,3,6,10,9,4,5,1,0,0,1,0.0,3.0,0.75,1.5,-0.75,-2.472873134328358,44.03511194029851
2024-12-03,2024-2025,Leicester City,West Ham United,1,3,1,8,31,6,10,9,7,3,9,2,0,3,2,1.0,2.0,1.5,2.5,-1.0,0.6771268656716419,44.71223880597015
2024-12-08,2024-2025,Leicester City,Brighton and Hove Albion,1,2,2,10,16,3,7,9,10,5,5,1,0,1,1,1.3333333333333333,1.3333333333333333,0.75,1.75,-1.0,-0.8328731343283582,43.87936567164179
2024-12-14,2024-2025,Leicester City,Newcastle United,0,0,4,4,27,1,11,16,7,2,5,3,0,0,3,1.3333333333333333,1.3333333333333333,0.25,2.75,-2.5,-2.212873134328358,41.66649253731344
2024-12-22,2024-2025,Leicester City,Wolverhampton Wanderers,1,0,3,9,8,5,4,15,16,6,1,2,0,0,2,0.3333333333333333,2.3333333333333335,1.25,1.0,0.25,-2.062873134328358,39.60361940298508
2024-12-26,2024-2025,Leicester City,Liverpool,0,1,3,4,19,1,7,5,17,1,14,2,0,0,2,0.0,3.0,0.25,1.75,-1.5,-2.7128731343283583,36.89074626865673
2024-12-29,2024-2025,Leicester City,Manchester City,1,0,2,11,14,4,5,11,6,4,4,2,0,0,2,0.0,3.0,1.0,1.25,-0.25,-2.412873134328358,34.47787313432836
2025-01-04,2024-2025,Leicester City,Aston Villa,0,1,2,4,13,2,5,11,10,2,7,1,0,0,1,0.0,3.0,0.5,1.25,-0.75,-2.472873134328358,32.00500000000001
2025-01-15,2024-2025,Leicester City,Crystal Palace,1,0,2,21,9,4,4,7,6,4,3,0,0,0,0,0.0,3.0,1.0,1.0,0.0,-2.232873134328358,29.772126865671652
2025-01-18,2024-2025,Leicester City,Fulham,1,0,2,8,17,4,2,8,8,5,2,3,0,0,3,0.0,3.0,1.0,0.5,0.5,-2.292873134328358,27.47925373134329
2025-01-26,2024-2025,Leicester City,Tottenham Hotspur,0,2,1,12,15,3,6,16,6,4,6,5,0,3,5,1.0,2.0,0.75,1.5,-0.75,0.5571268656716418,28.03638059701494
2025-02-01,2024-2025,Leicester City,Everton,0,0,4,9,13,1,7,13,7,6,5,0,0,0,0,1.0,2.0,0.25,1.75,-1.5,-2.022873134328358,26.013507462686576
2025-02-15,2024-2025,Leicester City,Arsenal,1,0,2,6,11,2,5,9,10,3,7,2,0,0,2,1.0,2.0,0.5,1.25,-0.75,-1.9628731343283579,24.050634328358214
2025-02-21,2024-2025,Leicester City,Brentford,1,0,4,8,14,3,6,10,10,5,6,4,0,0,4,0.0,3.0,0.75,1.5,-0.75,-2.652873134328358,21.397761194029854
2025-02-27,2024-2025,Leicester City,West Ham United,0,0,2,10,8,2,2,6,12,3,3,0,0,0,0,0.0,3.0,0.5,0.5,0.0,-2.232873134328358,19.164888059701497
2025-03-09,2024-2025,Leicester City,Chelsea,0,0,1,3,20,3,7,13,12,2,12,0,0,0,0,0.0,3.0,0.75,1.75,-1.0,-2.472873134328358,16.692014925373144
2025-03-16,2024-2025,Leicester City,Manchester United,1,0,3,11,18,3,5,6,6,6,4,2,0,0,2,0.0,3.0,0.75,1.25,-0.5,-2.472873134328358,14.219141791044791
2025-04-02,2024-2025,Leicester City,Manchester City,0,0,2,2,18,0,5,8,11,0,5,4,0,0,4,0.0,3.0,0.0,1.25,-1.25,-2.772873134328358,11.446268656716427
2025-04-07,2024-2025,Leicester City,Newcastle United,1,0,3,7,16,2,5,8,9,12,2,2,0,0,2,0.0,3.0,0.5,1.25,-0.75,-2.5328731343283577,8.913395522388072
2025-04-12,2024-2025,Leicester City,Brighton and Hove Albion,0,2,2,15,21,6,7,11,9,6,3,5,0,1,5,0.3333333333333333,2.3333333333333335,1.5,1.75,-0.25,-1.462873134328358,7.45052238805971
2025-04-20,2024-2025,Leicester City,Liverpool,1,0,1,5,28,0,10,11,7,1,13,1,0,0,1,0.3333333333333333,2.3333333333333335,0.0,2.5,-2.5,-2.662873134328358,4.787649253731345
2025-04-26,2024-2025,Leicester City,Wolverhampton Wanderers,0,0,3,8,20,2,6,17,7,2,4,4,0,0,4,0.3333333333333333,2.3333333333333335,0.5,1.5,-1.0,-2.482873134328358,2.3047761194029874
2025-05-03,2024-2025,Leicester City,Southampton,1,2,0,14,8,4,2,12,13,7,7,1,0,3,1,1.0,2.0,1.0,0.5,0.5,1.097126865671642,3.401902985074628
2025-05-11,2024-2025,Leicester City,Nottingham Forest,0,2,2,10,15,6,4,11,11,4,4,3,0,1,3,1.3333333333333333,1.3333333333333333,1.5,1.0,0.5,-0.5928731343283581,2.8090298507462705
2025-05-18,2024-2025,Leicester City,Ipswich Town,1,2,0,9,20,3,2,15,12,2,2,1,0,3,1,2.3333333333333335,0.3333333333333333,0.75,0.5,0.25,1.8371268656716417,4.646156716417906
2025-05-25,2024-2025,Leicester City,Bournemouth,0,0,2,3,20,0,7,16,19,1,6,2,0,0,2,1.3333333333333333,1.3333333333333333,0.0,1.75,-1.75,-1.972873134328358,2.673283582089553
2020-09-12,2020-2021,Liverpool,Leeds United,1,4,3,22,6,6,3,9,6,9,0,1,0,3,1,3.0,0.0,1.5,0.75,0.75,2.2971268656716415,128.29712686567163
2020-09-20,2020-2021,Liverpool,Chelsea,0,2,0,18,5,6,3,6,10,11,1,0,0,3,0,3.0,0.0,1.5,0.75,0.75,2.3571268656716415,130.6542537313433
2020-09-28,2020-2021,Liverpool,Arsenal,1,3,1,21,4,8,3,11,7,7,3,2,0,3,2,3.0,0.0,2.0,0.75,1.25,2.3571268656716415,133.01138059701492
2020-10-04,2020-2021,Liverpool,Aston Villa,0,2,7,14,18,8,11,10,7,7,2,1,0,0,1,2.0,1.0,2.0,2.75,-0.75,-1.3328731343283582,131.67850746268655
2020-10-17,2020-2021,Liverpool,Everton,0,2,2,22,11,8,5,9,15,5,2,2,0,1,2,1.3333333333333333,1.3333333333333333,2.0,1.25,0.75,-0.4728731343283581,131.2056343283582
2020-10-24,2020-2021,Liverpool,Sheffield United,1,2,1,17,13,5,2,7,15,7,3,0,0,3,0,1.3333333333333333,1.3333333333333333,1.25,0.5,0.75,1.4471268656716418,132.65276119402986
2020-10-31,2020-2021,Liverpool,West Ham United,1,2,1,9,4,5,3,13,14,1,2,0,0,3,0,2.3333333333333335,0.3333333333333333,1.25,0.75,0.5,1.9571268656716418,134.6098880597015
2020-11-08,2020-2021,Liverpool,Manchester City,0,1,1,10,7,3,2,11,19,2,1,1,0,1,1,2.3333333333333335,0.3333333333333333,0.75,0.5,0.25,0.03712686567164197,134.64701492537313
2020-11-22,2020-2021,Liverpool,Leicester City,1,3,0,24,11,13,4,15,6,10,3,0,0,3,0,2.3333333333333335,0.3333333333333333,3.25,1.0,2.25,2.377126865671642,137.02414179104477
2020-11-28,2020-2021,Liverpool,Brighton and Hove Albion,0,1,1,6,11,2,3,13,9,3,4,1,0,1,1,1.6666666666666667,0.6666666666666666,0.5,0.75,-0.25,-0.42287313432835805,136.60126865671643
2020-12-06,2020-2021,Liverpool,Wolverhampton Wanderers,1,4,0,11,9,6,3,8,14,4,6,1,0,3,1,2.3333333333333335,0.3333333333333333,1.5,0.75,0.75,1.9571268656716416,138.55839552238805
2020-12-13,2020-2021,Liverpool,Fulham,0,1,1,12,10,6,5,5,9,8,6,1,0,1,1,1.6666666666666667,0.6666666666666666,1.5,1.25,0.25,-0.30287313432835805,138.25552238805972
2020-12-16,2020-2021,Liverpool,Tottenham Hotspur,1,2,1,17,8,11,2,8,9,7,4,0,0,3,0,2.3333333333333335,0.3333333333333333,2.75,0.5,2.25,2.377126865671642,140.63264925373136
2020-12-19,2020-2021,Liverpool,Crystal Palace,0,7,0,14,5,8,3,11,5,4,5,0,0,3,0,2.3333333333333335,0.3333333333333333,2.0,0.75,1.25,2.137126865671642,142.769776119403
2020-12-27,2020-2021,Liverpool,West Brom,1,1,1,17,5,2,3,8,5,8,3,0,0,1,0,2.3333333333333335,0.3333333333333333,0.5,0.75,-0.25,-0.022873134328358028,142.74690298507463
2020-12-30,2020-2021,Liverpool,Newcastle United,0,0,0,11,8,4,2,13,9,12,5,3,0,1,3,1.6666666666666667,0.6666666666666666,1.0,0.5,0.5,-0.3628731343283581,142.3840298507463
2021-01-04,2020-2021,Liverpool,Southampton,0,0,1,17,7,1,3,12,5,10,1,3,0,0,3,0.6666666666666666,1.6666666666666667,0.25,0.75,-0.5,-2.072873134328358,140.3111567164179
2021-01-17,2020-2021,Liverpool,Manchester United,1,0,0,17,8,3,4,15,6,7,3,2,0,1,2,0.6666666666666666,1.6666666666666667,0.75,1.0,-0.25,-1.052873134328358,139.25828358208955
2021-01-21,2020-2021,Liverpool,Burnley,1,0,1,27,6,6,4,11,8,12,0,2,0,0,2,0.3333333333333333,2.3333333333333335,1.5,1.0,0.5,-2.002873134328358,137.2554104477612
2021-01-28,2020-2021,Liverpool,Tottenham Hotspur,0,3,1,14,3,7,2,11,9,2,1,2,0,3,2,1.3333333333333333,1.3333333333333333,1.75,0.5,1.25,1.4471268656716418,138.70253731343286
2021-01-31,2020-2021,Liverpool,West Ham United,0,3,1,14,8,5,2,8,7,5,6,0,0,3,0,2.0,1.0,1.25,0.5,0.75,1.7871268656716417,140.4896641791045
2021-02-03,2020-2021,Liverpool,Brighton and Hove Albion,1,0,1,11,13,1,4,12,6,6,3,1,0,0,1,2.0,1.0,0.25,1.0,-0.75,-1.3328731343283582,139.15679104477613
2021-02-07,2020-2021,Liverpool,Manchester City,1,1,4,8,8,3,5,13,8,6,1,2,0,0,2,1.0,2.0,0.75,1.25,-0.5,-1.9028731343283583,137.25391791044777
2021-02-13,2020-2021,Liverpool,Leicester City,0,1,3,15,11,4,6,6,9,12,2,2,0,0,2,0.0,3.0,1.0,1.5,-0.5,-2.472873134328358,134.78104477611942
2021-02-20,2020-2021,Liverpool,Everton,1,0,2,15,9,6,6,10,10,7,2,2,0,0,2,0.0,3.0,1.5,1.5,0.0,-2.352873134328358,132.42817164179104
2021-02-28,2020-2021,Liverpool,Sheffield United,0,2,0,16,8,8,2,9,9,3,4,0,0,3,0,1.0,2.0,2.0,0.5,1.5,1.397126865671642,133.8252985074627
2021-03-04,2020-2021,Liverpool,Chelsea,1,0,1,7,11,1,5,9,8,5,2,0,0,0,0,1.0,2.0,0.25,1.25,-1.0,-1.9028731343283578,131.92242537313433
2021-03-07,2020-2021,Liverpool,Fulham,1,0,1,16,10,3,3,10,8,9,4,2,0,0,2,1.0,2.0,0.75,0.75,0.0,-1.7828731343283581,130.13955223880598
2021-03-15,2020-2021,Liverpool,Wolverhampton Wanderers,0,1,0,12,10,4,5,10,17,2,3,1,0,3,1,1.0,2.0,1.0,1.25,-0.25,0.9171268656716418,131.0566791044776
2021-04-03,2020-2021,Liverpool,Arsenal,0,3,0,16,3,7,2,10,10,2,1,1,0,3,1,2.0,1.0,1.75,0.5,1.25,1.8471268656716417,132.90380597014925
2021-04-10,2020-2021,Liverpool,Aston Villa,1,2,1,23,9,10,5,16,11,7,0,2,0,3,2,3.0,0.0,2.5,1.25,1.25,2.3571268656716415,135.2609328358209
2021-04-19,2020-2021,Liverpool,Leeds United,0,1,1,17,12,7,5,15,17,8,10,1,0,1,1,2.3333333333333335,0.3333333333333333,1.75,1.25,0.5,0.09712686567164197,135.35805970149255
2021-04-24,2020-2021,Liverpool,Newcastle United,1,1,1,22,7,9,4,9,7,6,3,2,0,1,2,1.6666666666666667,0.6666666666666666,2.25,1.0,1.25,-0.12287313432835809,135.2351865671642
2021-05-08,2020-2021,Liverpool,Southampton,1,2,0,14,12,6,6,10,6,8,4,0,0,3,0,1.6666666666666667,0.6666666666666666,1.5,1.5,0.0,1.4971268656716419,136.73231343283584
2021-05-13,2020-2021,Liverpool,Manchester United,0,4,2,17,18,8,3,12,10,4,6,0,0,3,0,2.3333333333333335,0.3333333333333333,2.0,0.75,1.25,2.137126865671642,138.86944029850747
2021-05-16,2020-2021,Liverpool,West Brom,0,2,1,26,10,6,3,14,7,13,9,0,0,3,0,3.0,0.0,1.5,0.75,0.75,2.3571268656716415,141.2265671641791
2021-05-19,2020-2021,Liverpool,Burnley,0,3,0,20,10,3,4,7,10,7,6,0,0,3,0,3.0,0.0,0.75,1.0,-0.25,2.1171268656716418,143.34369402985075
2021-05-23,2020-2021,Liverpool,Crystal Palace,1,2,0,19,5,5,4,10,8,14,1,2,0,3,2,3.0,0.0,1.25,1.0,0.25,2.1171268656716418,145.4608208955224
2021-08-14,2021-2022,Liverpool,Norwich City,0,3,0,19,14,8,3,14,4,11,3,1,0,3,1,3.0,0.0,2.0,0.75,1.25,2.417126865671642,147.87794776119404
2021-08-21,2021-2022,Liverpool,Burnley,1,2,0,27,9,9,3,6,12,8,4,0,0,3,0,3.0,0.0,2.25,0.75,1.5,2.5371268656716417,150.41507462686567
2021-08-28,2021-2022,Liverpool,Chelsea,1,1,1,24,6,7,3,13,4,12,3,0,0,1,0,2.3333333333333335,0.3333333333333333,1.75,0.75,1.0,0.27712686567164196,150.69220149253732
2021-09-12,2021-2022,Liverpool,Leeds United,0,3,0,30,9,9,4,8,9,11,2,1,0,3,1,2.3333333333333335,0.3333333333333333,2.25,1.0,1.25,2.0771268656716417,152.76932835820895
2021-09-18,2021-2022,Liverpool,Crystal Palace,1,3,0,25,13,10,2,17,11,10,5,3,0,3,3,2.3333333333333335,0.3333333333333333,2.5,0.5,2.0,2.137126865671642,154.9064552238806
2021-09-25,2021-2022,Liverpool,Brentford,0,3,3,16,12,6,4,7,8,11,2,1,0,1,1,2.3333333333333335,0.3333333333333333,1.5,1.0,0.5,0.09712686567164197,155.00358208955225
2021-10-03,2021-2022,Liverpool,Manchester City,1,2,2,6,12,4,3,10,12,3,4,3,0,1,3,1.6666666666666667,0.6666666666666666,1.0,0.75,0.25,-0.4228731343283581,154.58070895522388
2021-10-16,2021-2022,Liverpool,Watford,0,5,0,19,6,8,2,10,4,9,1,0,0,3,0,1.6666666666666667,0.6666666666666666,2.0,0.5,1.5,1.857126865671642,156.43783582089554
2021-10-24,2021-2022,Liverpool,Manchester United,0,5,0,19,12,8,4,8,10,3,6,0,0,3,0,2.3333333333333335,0.3333333333333333,2.0,1.0,1.0,2.0771268656716417,158.51496268656717
2021-10-30,2021-2022,Liverpool,Brighton and Hove Albion,1,2,2,14,9,3,6,8,5,5,3,2,0,1,2,2.3333333333333335,0.3333333333333333,0.75,1.5,-0.75,-0.262873134328358,158.25208955223883
2021-11-07,2021-2022,Liverpool,West Ham United,0,2,3,16,7,5,3,6,11,2,3,1,0,0,1,1.3333333333333333,1.3333333333333333,1.25,0.75,0.5,-1.372873134328358,156.87921641791047
2021-11-20,2021-2022,Liverpool,Arsenal,1,4,0,19,5,9,3,15,12,6,1,2,0,3,2,1.3333333333333333,1.3333333333333333,2.25,0.75,1.5,1.507126865671642,158.3863432835821
2021-11-27,2021-2022,Liverpool,Southampton,1,4,0,20,7,6,3,7,14,5,7,0,0,3,0,2.0,1.0,1.5,0.75,0.75,1.7871268656716417,160.17347014925375
2021-12-01,2021-2022,Liverpool,Everton,0,4,1,16,8,7,2,16,8,11,3,3,0,3,3,3.0,0.0,1.75,0.5,1.25,2.297126865671642,162.47059701492537
2021-12-04,2021-2022,Liverpool,Wolverhampton Wanderers,0,1,0,17,3,5,1,7,4,8,2,2,0,3,2,3.0,0.0,1.25,0.25,1.0,2.297126865671642,164.76772388059703
2021-12-11,2021-2022,Liverpool,Aston Villa,1,1,0,20,4,5,0,13,6,11,3,1,0,3,1,3.0,0.0,1.25,0.0,1.25,2.417126865671642,167.18485074626867
2021-12-16,2021-2022,Liverpool,Newcastle United,1,3,1,23,4,8,2,9,4,11,0,1,0,3,1,3.0,0.0,2.0,0.5,1.5,2.4771268656716416,169.6619776119403
2021-12-19,2021-2022,Liverpool,Tottenham Hotspur,0,2,2,18,10,6,5,11,12,4,6,4,1,1,7,2.3333333333333335,0.3333333333333333,1.5,1.25,0.25,-0.32287313432835807,169.33910447761195
2021-12-28,2021-2022,Liverpool,Leicester City,0,0,1,21,6,4,1,11,8,12,1,1,0,0,1,1.3333333333333333,1.3333333333333333,1.0,0.25,0.75,-1.3128731343283582,168.0262313432836
2022-01-02,2021-2022,Liverpool,Chelsea,0,2,2,10,15,6,6,13,5,7,6,2,0,1,2,0.6666666666666666,1.6666666666666667,1.5,1.5,0.0,-0.992873134328358,167.03335820895524
2022-01-16,2021-2022,Liverpool,Brentford,1,3,0,27,6,13,1,6,6,9,0,0,0,3,0,1.3333333333333333,1.3333333333333333,3.25,0.25,3.0,1.9871268656716419,169.0204850746269
2022-01-23,2021-2022,Liverpool,Crystal Palace,0,3,1,15,8,7,5,10,12,5,2,1,0,3,1,2.3333333333333335,0.3333333333333333,1.75,1.25,0.5,1.8971268656716418,170.9176119402985
2022-02-10,2021-2022,Liverpool,Leicester City,1,2,0,22,5,11,1,11,7,7,6,1,0,3,1,3.0,0.0,2.75,0.25,2.5,2.717126865671642,173.6347388059702
2022-02-13,2021-2022,Liverpool,Burnley,0,1,0,12,8,4,5,6,7,8,5,1,0,3,1,3.0,0.0,1.0,1.25,-0.25,2.0571268656716417,175.6918656716418
2022-02-19,2021-2022,Liverpool,Norwich City,1,3,1,29,6,8,1,7,8,9,4,0,0,3,0,3.0,0.0,2.0,0.25,1.75,2.5971268656716417,178.28899253731345
2022-02-23,2021-2022,Liverpool,Leeds United,1,6,0,23,3,15,2,5,11,4,0,0,0,3,0,3.0,0.0,3.75,0.5,3.25,2.9571268656716416,181.2461194029851
2022-03-05,2021-2022,Liverpool,West Ham United,1,1,0,22,13,5,5,7,7,4,6,2,0,3,2,3.0,0.0,1.25,1.25,0.0,2.0571268656716417,183.30324626865672
2022-03-12,2021-2022,Liverpool,Brighton and Hove Albion,0,2,0,18,8,9,3,15,12,6,7,1,0,3,1,3.0,0.0,2.25,0.75,1.5,2.4771268656716416,185.78037313432839
2022-03-16,2021-2022,Liverpool,Arsenal,0,2,0,9,9,3,2,9,9,6,1,1,0,3,1,3.0,0.0,0.75,0.5,0.25,2.177126865671642,187.9575
2022-04-02,2021-2022,Liverpool,Watford,1,2,0,20,5,3,2,9,8,9,3,1,0,3,1,3.0,0.0,0.75,0.5,0.25,2.177126865671642,190.13462686567166
2022-04-10,2021-2022,Liverpool,Manchester City,0,2,2,6,11,4,5,11,9,1,4,4,0,1,4,2.3333333333333335,0.3333333333333333,1.0,1.25,-0.25,-0.262873134328358,189.8717537313433
2022-04-19,2021-2022,Liverpool,Manchester United,1,4,0,14,2,5,1,3,6,10,2,1,0,3,1,2.3333333333333335,0.3333333333333333,1.25,0.25,1.0,2.0171268656716417,191.88888059701495
2022-04-24,2021-2022,Liverpool,Everton,1,2,0,18,9,4,1,8,8,13,1,2,0,3,2,2.3333333333333335,0.3333333333333333,1.0,0.25,0.75,1.8971268656716416,193.7860074626866
2022-04-30,2021-2022,Liverpool,Newcastle United,0,1,0,24,4,10,2,11,11,6,0,3,0,3,3,3.0,0.0,2.5,0.5,2.0,2.4771268656716416,196.2631343283582
2022-05-07,2021-2022,Liverpool,Tottenham Hotspur,1,1,1,22,8,3,3,12,8,11,5,3,0,1,3,2.3333333333333335,0.3333333333333333,0.75,0.75,0.0,-0.14287313432835805,196.12026119402987
2022-05-10,2021-2022,Liverpool,Aston Villa,0,2,1,17,9,6,4,12,10,3,2,0,0,3,0,2.3333333333333335,0.3333333333333333,1.5,1.0,0.5,1.9571268656716418,198.0773880597015
2022-05-17,2021-2022,Liverpool,Southampton,0,2,1,24,4,5,2,6,6,9,1,0,0,3,0,2.3333333333333335,0.3333333333333333,1.25,0.5,0.75,2.0171268656716417,200.09451492537315
2022-05-22,2021-2022,Liverpool,Wolverhampton Wanderers,1,3,1,29,7,8,5,6,3,5,3,1,0,3,1,3.0,0.0,2.0,1.25,0.75,2.2971268656716415,202.39164179104478
2022-08-06,2022-2023,Liverpool,Fulham,0,2,2,11,9,4,3,9,7,4,4,0,0,1,0,2.3333333333333335,0.3333333333333333,1.0,0.75,0.25,0.09712686567164197,202.48876865671645
2022-08-15,2022-2023,Liverpool,Crystal Palace,1,1,1,24,7,4,3,7,8,4,2,2,1,1,5,1.6666666666666667,0.6666666666666666,1.0,0.75,0.25,-0.542873134328358,201.94589552238807
2022-08-22,2022-2023,Liverpool,Manchester United,0,1,2,17,12,5,4,7,11,8,6,1,0,0,1,0.6666666666666666,1.6666666666666667,1.25,1.0,0.25,-1.7728731343283581,200.1730223880597
2022-08-27,2022-2023,Liverpool,Bournemouth,1,9,0,19,5,12,2,6,5,8,1,0,0,3,0,1.3333333333333333,1.3333333333333333,3.0,0.5,2.5,1.8671268656716418,202.04014925373133
2022-08-31,2022-2023,Liverpool,Newcastle United,1,2,1,23,5,6,2,9,10,13,0,0,0,3,0,2.0,1.0,1.5,0.5,1.0,1.8471268656716417,203.887276119403
2022-09-03,2022-2023,Liverpool,Everton,0,0,0,23,14,8,3,11,7,9,7,2,0,1,2,2.3333333333333335,0.3333333333333333,2.0,0.75,1.25,0.21712686567164197,204.1044029850746
2022-10-01,2022-2023,Liverpool,Brighton and Hove Albion,1,3,3,15,6,7,6,9,13,9,2,1,0,1,1,1.6666666666666667,0.6666666666666666,1.75,1.5,0.25,-0.30287313432835805,203.80152985074628
2022-10-09,2022-2023,Liverpool,Arsenal,0,2,3,8,11,3,7,11,11,3,4,2,0,0,2,0.6666666666666666,1.6666666666666667,0.75,1.75,-1.0,-2.1328731343283582,201.6686567164179
2022-10-16,2022-2023,Liverpool,Manchester City,1,1,0,13,16,2,6,10,7,5,6,3,0,3,3,1.3333333333333333,1.3333333333333333,0.5,1.5,-1.0,0.847126865671642,202.51578358208957
2022-10-19,2022-2023,Liverpool,West Ham United,1,1,0,22,8,7,3,9,8,8,3,0,0,3,0,2.0,1.0,1.75,0.75,1.0,1.8471268656716417,204.36291044776118
2022-10-22,2022-2023,Liverpool,Nottingham Forest,0,0,1,15,10,7,7,8,14,11,2,1,0,0,1,2.0,1.0,1.75,1.75,0.0,-1.152873134328358,203.21003731343285
2022-10-29,2022-2023,Liverpool,Leeds United,1,1,2,22,14,10,6,9,3,14,5,0,0,0,0,1.0,2.0,2.5,1.5,1.0,-1.422873134328358,201.78716417910448
2022-11-06,2022-2023,Liverpool,Tottenham Hotspur,0,2,1,13,14,6,5,8,10,3,5,0,0,3,0,1.0,2.0,1.5,1.25,0.25,1.097126865671642,202.88429104477612
2022-11-12,2022-2023,Liverpool,Southampton,1,3,1,15,9,7,5,8,8,6,0,0,0,3,0,2.0,1.0,1.75,1.25,0.5,1.7271268656716419,204.61141791044776
2022-12-26,2022-2023,Liverpool,Aston Villa,0,3,1,16,12,9,6,12,7,6,0,0,0,3,0,3.0,0.0,2.25,1.5,0.75,2.3571268656716415,206.96854477611942
2022-12-30,2022-2023,Liverpool,Leicester City,1,2,1,21,7,5,2,8,15,4,5,0,0,3,0,3.0,0.0,1.25,0.5,0.75,2.3571268656716415,209.32567164179105
2023-01-02,2022-2023,Liverpool,Brentford,0,1,3,16,10,6,7,8,5,9,4,3,0,0,3,2.0,1.0,1.5,1.75,-0.25,-1.3328731343283584,207.99279850746268
2023-01-14,2022-2023,Liverpool,Brighton and Hove Albion,0,0,3,6,16,2,9,15,8,1,7,3,0,0,3,1.0,2.0,0.5,2.25,-1.75,-2.262873134328358,205.72992537313434
2023-01-21,2022-2023,Liverpool,Chelsea,1,0,0,15,11,3,2,16,9,5,5,3,0,1,3,0.3333333333333333,2.3333333333333335,0.75,0.5,0.25,-1.2228731343283579,204.50705223880598
2023-02-04,2022-2023,Liverpool,Wolverhampton Wanderers,0,0,3,22,12,4,6,7,9,7,2,1,0,0,1,0.3333333333333333,2.3333333333333335,1.0,1.5,-0.5,-2.182873134328358,202.32417910447762
2023-02-13,2022-2023,Liverpool,Everton,1,2,0,15,6,6,1,8,16,3,3,1,0,3,1,1.3333333333333333,1.3333333333333333,1.5,0.25,1.25,1.507126865671642,203.83130597014926
2023-02-18,2022-2023,Liverpool,Newcastle United,0,2,0,13,14,7,4,8,3,7,6,1,0,3,1,2.0,1.0,1.75,1.0,0.75,1.7271268656716416,205.5584328358209
2023-02-25,2022-2023,Liverpool,Crystal Palace,0,0,0,12,6,4,0,14,11,3,5,5,0,1,5,2.3333333333333335,0.3333333333333333,1.0,0.0,1.0,-0.02287313432835801,205.53555970149253
2023-03-01,2022-2023,Liverpool,Wolverhampton Wanderers,1,2,0,15,4,6,1,13,14,5,2,2,0,3,2,2.3333333333333335,0.3333333333333333,1.5,0.25,1.25,2.0171268656716417,207.5526865671642
2023-03-05,2022-2023,Liverpool,Manchester United,1,7,0,18,8,8,4,13,14,4,3,2,0,3,2,2.3333333333333335,0.3333333333333333,2.0,1.0,1.0,1.9571268656716416,209.5098134328358
2023-03-11,2022-2023,Liverpool,Bournemouth,0,0,1,15,5,6,2,9,7,8,3,1,0,0,1,2.0,1.0,1.5,0.5,1.0,-0.9128731343283581,208.59694029850743
2023-04-01,2022-2023,Liverpool,Manchester City,0,1,4,4,17,1,8,12,9,1,7,1,0,0,1,1.0,2.0,0.25,2.0,-1.75,-2.142873134328358,206.4540671641791
2023-04-04,2022-2023,Liverpool,Chelsea,0,0,0,7,12,4,3,17,6,5,3,4,0,1,4,0.3333333333333333,2.3333333333333335,1.0,0.75,0.25,-1.282873134328358,205.17119402985074
2023-04-09,2022-2023,Liverpool,Arsenal,1,2,2,21,9,6,5,11,11,5,4,4,0,1,4,0.6666666666666666,1.6666666666666667,1.5,1.25,0.25,-1.052873134328358,204.1183208955224
2023-04-17,2022-2023,Liverpool,Leeds United,0,6,1,13,13,7,3,12,6,2,4,1,0,3,1,1.6666666666666667,0.6666666666666666,1.75,0.75,1.0,1.6771268656716418,205.79544776119403
2023-04-22,2022-2023,Liverpool,Nottingham Forest,1,3,2,18,11,6,5,9,12,9,3,0,0,3,0,2.3333333333333335,0.3333333333333333,1.5,1.25,0.25,1.8971268656716418,207.69257462686568
2023-04-26,2022-2023,Liverpool,West Ham United,0,2,1,20,7,4,2,8,6,6,3,0,0,3,0,3.0,0.0,1.0,0.5,0.5,2.297126865671642,209.9897014925373
2023-04-30,2022-2023,Liverpool,Tottenham Hotspur,1,4,3,12,10,4,7,12,6,5,2,3,0,3,3,3.0,0.0,1.0,1.75,-0.75,1.817126865671642,211.80682835820895
2023-05-03,2022-2023,Liverpool,Fulham,1,1,0,15,9,3,3,10,8,7,5,0,0,3,0,3.0,0.0,0.75,0.75,0.0,2.177126865671642,213.98395522388057
2023-05-06,2022-2023,Liverpool,Brentford,1,1,0,15,5,5,1,19,10,7,3,4,0,3,4,3.0,0.0,1.25,0.25,1.0,2.1771268656716423,216.16108208955222
2023-05-15,2022-2023,Liverpool,Leicester City,0,3,0,16,4,5,4,17,11,4,4,1,0,3,1,3.0,0.0,1.25,1.0,0.25,2.177126865671642,218.33820895522388
2023-05-20,2022-2023,Liverpool,Aston Villa,1,1,1,10,6,5,3,16,13,9,4,3,0,1,3,2.3333333333333335,0.3333333333333333,1.25,0.75,0.5,-0.022873134328358042,218.31533582089548
2023-05-28,2022-2023,Liverpool,Southampton,0,4,4,30,15,8,10,10,4,9,2,2,0,1,2,1.6666666666666667,0.6666666666666666,2.0,2.5,-0.5,-0.542873134328358,217.77246268656714
2023-08-13,2023-2024,Liverpool,Chelsea,0,1,1,13,10,1,4,12,5,4,4,3,0,1,3,1.0,1.0,0.25,1.0,-0.75,-1.0028731343283581,216.76958955223878
2023-08-19,2023-2024,Liverpool,Bournemouth,1,3,1,26,13,10,5,11,13,10,2,1,1,3,4,1.6666666666666667,0.6666666666666666,2.5,1.25,1.25,1.557126865671642,218.32671641791043
2023-08-27,2023-2024,Liverpool,Newcastle United,0,2,1,9,23,4,8,10,16,9,5,2,1,3,5,2.3333333333333335,0.3333333333333333,1.0,2.0,-1.0,1.2971268656716417,219.62384328358206
2023-09-03,2023-2024,Liverpool,Aston Villa,1,3,0,17,9,4,3,12,7,7,3,0,0,3,0,3.0,0.0,1.0,0.75,0.25,2.237126865671642,221.86097014925372
2023-09-16,2023-2024,Liverpool,Wolverhampton Wanderers,0,3,1,16,11,6,2,4,10,4,4,3,0,3,3,3.0,0.0,1.5,0.5,1.0,2.2371268656716423,224.09809701492537
2023-09-24,2023-2024,Liverpool,West Ham United,1,3,1,22,11,7,4,12,13,7,4,0,0,3,0,3.0,0.0,1.75,1.0,0.75,2.3571268656716415,226.455223880597
2023-09-30,2023-2024,Liverpool,Tottenham Hotspur,0,1,2,12,24,4,8,17,11,5,12,4,2,0,10,2.0,1.0,1.0,2.0,-1.0,-1.932873134328358,224.52235074626864
2023-10-08,2023-2024,Liverpool,Brighton and Hove Albion,0,2,2,14,14,4,3,20,12,1,8,2,0,1,2,1.3333333333333333,1.3333333333333333,1.0,0.75,0.25,-0.5928731343283581,223.92947761194029
2023-10-21,2023-2024,Liverpool,Everton,1,2,0,26,6,6,1,9,9,12,4,1,0,3,1,1.3333333333333333,1.3333333333333333,1.5,0.25,1.25,1.507126865671642,225.43660447761192
2023-10-29,2023-2024,Liverpool,Nottingham Forest,1,3,0,21,9,8,1,9,13,8,3,2,0,3,2,2.3333333333333335,0.3333333333333333,2.0,0.25,1.75,2.137126865671642,227.57373134328355
2023-11-05,2023-2024,Liverpool,Luton Town,0,1,1,24,8,6,5,13,7,7,4,1,0,1,1,2.3333333333333335,0.3333333333333333,1.5,1.25,0.25,0.03712686567164197,227.61085820895522
2023-11-12,2023-2024,Liverpool,Brentford,1,3,0,17,16,10,3,16,12,6,8,1,0,3,1,2.3333333333333335,0.3333333333333333,2.5,0.75,1.75,2.197126865671642,229.80798507462686
2023-11-25,2023-2024,Liverpool,Manchester City,0,1,1,8,16,3,5,11,9,6,9,3,0,1,3,1.6666666666666667,0.6666666666666666,0.75,1.25,-0.5,-0.6028731343283581,229.20511194029848
2023-12-03,2023-2024,Liverpool,Fulham,1,4,3,26,9,12,5,6,7,3,4,0,0,3,0,2.3333333333333335,0.3333333333333333,3.0,1.25,1.75,2.257126865671642,231.46223880597012
2023-12-06,2023-2024,Liverpool,Sheffield United,0,2,0,15,6,8,1,8,12,12,2,3,0,3,3,2.3333333333333335,0.3333333333333333,2.0,0.25,1.75,2.0771268656716417,233.53936567164178
2023-12-09,2023-2024,Liverpool,Crystal Palace,0,2,1,14,8,2,4,17,17,5,6,2,0,3,2,3.0,0.0,0.5,1.0,-0.5,1.9371268656716416,235.47649253731342
2023-12-17,2023-2024,Liverpool,Manchester United,1,0,0,34,6,8,1,13,8,12,0,2,0,1,2,2.3333333333333335,0.3333333333333333,2.0,0.25,1.75,0.337126865671642,235.81361940298507
2023-12-23,2023-2024,Liverpool,Arsenal,1,1,1,13,13,3,2,13,14,4,5,2,0,1,2,1.6666666666666667,0.6666666666666666,0.75,0.5,0.25,-0.3628731343283581,235.4507462686567
2023-12-26,2023-2024,Liverpool,Burnley,0,2,0,19,9,10,0,10,7,4,4,1,0,3,1,1.6666666666666667,0.6666666666666666,2.5,0.0,2.5,2.0371268656716417,237.48787313432834
2024-01-01,2023-2024,Liverpool,Newcastle United,1,4,2,34,5,15,3,16,15,7,3,3,0,3,3,2.3333333333333335,0.3333333333333333,3.75,0.75,3.0,2.377126865671642,239.86499999999998
2024-01-21,2023-2024,Liverpool,Bournemouth,0,4,0,14,11,7,1,12,9,5,8,2,0,3,2,3.0,0.0,1.75,0.25,1.5,2.4171268656716416,242.28212686567161
2024-01-31,2023-2024,Liverpool,Chelsea,1,4,1,28,4,13,3,15,16,8,1,2,0,3,2,3.0,0.0,3.25,0.75,2.5,2.657126865671642,244.93925373134329
2024-02-04,2023-2024,Liverpool,Arsenal,0,1,3,10,15,1,7,11,11,4,2,2,1,0,5,2.0,1.0,0.25,1.75,-1.5,-1.7528731343283581,243.18638059701493
2024-02-10,2023-2024,Liverpool,Burnley,1,3,1,25,9,10,4,11,13,9,3,3,0,3,3,2.0,1.0,2.5,1.0,1.5,1.7871268656716417,244.97350746268654
2024-02-17,2023-2024,Liverpool,Brentford,0,4,1,15,15,8,6,18,4,6,1,1,0,3,1,2.0,1.0,2.0,1.5,0.5,1.6671268656716418,246.6406343283582
2024-02-21,2023-2024,Liverpool,Luton Town,1,4,1,29,12,13,3,15,14,13,4,1,0,3,1,3.0,0.0,3.25,0.75,2.5,2.717126865671642,249.35776119402985
2024-03-02,2023-2024,Liverpool,Nottingham Forest,0,1,0,22,8,2,2,12,11,12,3,2,0,3,2,3.0,0.0,0.5,0.5,0.0,2.0571268656716417,251.4148880597015
2024-03-10,2023-2024,Liverpool,Manchester City,1,1,1,19,10,6,6,6,10,7,4,0,0,1,0,2.3333333333333335,0.3333333333333333,1.5,1.5,0.0,0.03712686567164197,251.45201492537313
2024-03-31,2023-2024,Liverpool,Brighton and Hove Albion,1,2,1,30,9,8,3,20,6,8,4,5,0,3,5,2.3333333333333335,0.3333333333333333,2.0,0.75,1.25,1.8371268656716417,253.28914179104476
2024-04-04,2023-2024,Liverpool,Sheffield United,1,3,1,29,8,9,3,6,9,13,1,0,0,3,0,2.3333333333333335,0.3333333333333333,2.25,0.75,1.5,2.197126865671642,255.48626865671642
2024-04-07,2023-2024,Liverpool,Manchester United,0,2,2,28,9,7,5,10,9,11,6,2,0,1,2,2.3333333333333335,0.3333333333333333,1.75,1.25,0.5,0.03712686567164197,255.52339552238806
2024-04-14,2023-2024,Liverpool,Crystal Palace,1,0,1,21,8,6,5,10,10,11,1,1,0,0,1,1.3333333333333333,1.3333333333333333,1.5,1.25,0.25,-1.432873134328358,254.0905223880597
2024-04-21,2023-2024,Liverpool,Fulham,0,3,1,14,12,7,5,11,5,4,1,0,0,3,0,1.3333333333333333,1.3333333333333333,1.75,1.25,0.5,1.387126865671642,255.47764925373133
2024-04-24,2023-2024,Liverpool,Everton,0,0,2,23,16,7,6,13,6,13,4,3,0,0,3,1.0,2.0,1.75,1.5,0.25,-1.7828731343283581,253.69477611940297
2024-04-27,2023-2024,Liverpool,West Ham United,0,2,2,28,11,8,8,10,8,8,5,2,0,1,2,1.3333333333333333,1.3333333333333333,2.0,2.0,0.0,-0.6528731343283581,253.0419029850746
2024-05-05,2023-2024,Liverpool,Tottenham Hotspur,1,4,2,25,11,13,6,14,12,8,3,1,0,3,1,1.3333333333333333,1.3333333333333333,3.25,1.5,1.75,1.627126865671642,254.66902985074626
2024-05-13,2023-2024,Liverpool,Aston Villa,0,3,3,14,19,7,5,15,11,4,5,1,0,1,1,1.6666666666666667,0.6666666666666666,1.75,1.25,0.5,-0.24287313432835808,254.4261567164179
2024-05-19,2023-2024,Liverpool,Wolverhampton Wanderers,1,2,0,36,4,14,3,14,11,10,2,1,0,3,1,2.3333333333333335,0.3333333333333333,3.5,0.75,2.75,2.437126865671642,256.86328358208954
2024-08-17,2024-2025,Liverpool,Ipswich Town,0,2,0,18,7,5,2,18,9,10,2,1,0,3,1,2.3333333333333335,0.3333333333333333,1.25,0.5,0.75,1.9571268656716416,258.8204104477612
2024-08-25,2024-2025,Liverpool,Brentford,1,2,0,19,8,8,2,10,7,9,4,2,0,3,2,3.0,0.0,2.0,0.5,1.5,2.4171268656716416,261.2375373134328
2024-09-01,2024-2025,Liverpool,Manchester United,0,3,0,11,8,3,3,7,7,2,5,1,0,3,1,3.0,0.0,0.75,0.75,0.0,2.1171268656716418,263.3546641791045
2024-09-14,2024-2025,Liverpool,Nottingham Forest,1,0,1,14,5,5,3,15,6,7,2,4,0,0,4,2.0,1.0,1.25,0.75,0.5,-1.2128731343283583,262.14179104477614
2024-09-21,2024-2025,Liverpool,Bournemouth,1,3,0,19,19,13,6,10,12,3,9,1,0,3,1,2.0,1.0,3.25,1.5,1.75,1.9671268656716419,264.10891791044776
2024-09-28,2024-2025,Liverpool,Wolverhampton Wanderers,0,2,1,10,8,6,3,8,16,10,2,3,0,3,3,2.0,1.0,1.5,0.75,0.75,1.6071268656716418,265.71604477611936
2024-10-05,2024-2025,Liverpool,Crystal Palace,0,1,0,16,9,4,5,15,7,8,3,2,0,3,2,3.0,0.0,1.0,1.25,-0.25,1.9971268656716417,267.71317164179106
2024-10-20,2024-2025,Liverpool,Chelsea,1,2,1,9,12,5,2,12,13,1,6,4,0,3,4,3.0,0.0,1.25,0.5,0.75,2.1171268656716418,269.83029850746266
2024-10-27,2024-2025,Liverpool,Arsenal,0,2,2,9,9,4,3,14,14,3,1,2,0,1,2,2.3333333333333335,0.3333333333333333,1.0,0.75,0.25,-0.022873134328358028,269.8074253731343
2024-11-02,2024-2025,Liverpool,Brighton and Hove Albion,1,2,1,16,13,8,5,10,18,10,7,1,0,3,1,2.3333333333333335,0.3333333333333333,2.0,1.25,0.75,1.9571268656716416,271.764552238806
2024-11-09,2024-2025,Liverpool,Aston Villa,1,2,0,14,12,5,2,11,15,2,9,0,0,3,0,2.3333333333333335,0.3333333333333333,1.25,0.5,0.75,2.0171268656716417,273.7816791044776
2024-11-24,2024-2025,Liverpool,Southampton,0,3,2,27,7,11,5,9,11,10,3,4,0,3,4,3.0,0.0,2.75,1.25,1.5,2.2971268656716415,276.07880597014923
2024-12-01,2024-2025,Liverpool,Manchester City,1,2,0,18,8,7,2,9,8,7,4,1,0,3,1,3.0,0.0,1.75,0.5,1.25,2.417126865671642,278.4959328358209
2024-12-04,2024-2025,Liverpool,Newcastle United,0,3,3,16,17,5,6,17,9,6,5,5,0,1,5,2.3333333333333335,0.3333333333333333,1.25,1.5,-0.25,-0.322873134328358,278.17305970149255
2024-12-14,2024-2025,Liverpool,Fulham,1,2,2,16,12,4,3,10,7,5,4,3,1,1,6,1.6666666666666667,0.6666666666666666,1.0,0.75,0.25,-0.6028731343283582,277.57018656716417
2024-12-22,2024-2025,Liverpool,Tottenham Hotspur,0,6,3,24,9,12,5,9,7,5,7,2,0,3,2,1.6666666666666667,0.6666666666666666,3.0,1.25,1.75,1.797126865671642,279.3673134328358
2024-12-26,2024-2025,Liverpool,Leicester City,1,3,1,19,4,7,1,17,5,14,1,3,0,3,3,2.3333333333333335,0.3333333333333333,1.75,0.25,1.5,2.0171268656716417,281.38444029850746
2024-12-29,2024-2025,Liverpool,West Ham United,0,5,0,22,7,13,0,10,7,6,3,0,0,3,0,3.0,0.0,3.25,0.0,3.25,2.9571268656716416,284.3415671641791
2025-01-05,2024-2025,Liverpool,Manchester United,1,2,2,19,13,6,4,10,13,6,9,2,0,1,2,2.3333333333333335,0.3333333333333333,1.5,1.0,0.5,0.03712686567164197,284.37869402985075
2025-01-14,2024-2025,Liverpool,Nottingham Forest,0,1,1,23,6,7,3,10,7,9,0,1,0,1,1,1.6666666666666667,0.6666666666666666,1.75,0.75,1.0,-0.12287313432835807,284.25582089552233
2025-01-18,2024-2025,Liverpool,Brentford,0,2,0,37,11,8,6,14,6,15,2,3,0,3,3,1.6666666666666667,0.6666666666666666,2.0,1.5,0.5,1.437126865671642,285.692947761194
2025-01-25,2024-2025,Liverpool,Ipswich Town,1,4,1,16,3,6,3,10,11,3,4,0,0,3,0,2.3333333333333335,0.3333333333333333,1.5,0.75,0.75,2.0171268656716417,287.71007462686566
2025-02-01,2024-2025,Liverpool,Bournemouth,0,2,0,19,14,7,3,9,15,3,3,3,0,3,3,3.0,0.0,1.75,0.75,1.0,2.2371268656716423,289.94720149253726
2025-02-12,2024-2025,Liverpool,Everton,0,2,2,6,10,4,3,20,9,3,2,2,1,1,5,2.3333333333333335,0.3333333333333333,1.0,0.75,0.25,-0.20287313432835802,289.7443283582089
2025-02-16,2024-2025,Liverpool,Wolverhampton Wanderers,1,2,1,10,16,3,4,15,13,4,3,2,0,3,2,2.3333333333333335,0.3333333333333333,0.75,1.0,-0.25,1.6571268656716416,291.4014552238806
2025-02-19,2024-2025,Liverpool,Aston Villa,0,2,2,17,9,3,4,6,8,8,6,0,0,1,0,1.6666666666666667,0.6666666666666666,0.75,1.0,-0.25,-0.36287313432835805,291.03858208955216
2025-02-23,2024-2025,Liverpool,Manchester City,0,2,0,8,16,4,5,10,3,5,7,0,0,3,0,2.3333333333333335,0.3333333333333333,1.0,1.25,-0.25,1.7771268656716417,292.81570895522384
2025-02-26,2024-2025,Liverpool,Newcastle United,1,2,0,12,3,3,0,12,11,4,2,0,0,3,0,2.3333333333333335,0.3333333333333333,0.75,0.0,0.75,2.0171268656716417,294.83283582089547
2025-03-08,2024-2025,Liverpool,Southampton,1,3,1,28,6,7,4,10,9,6,4,2,0,3,2,3.0,0.0,1.75,1.0,0.75,2.2371268656716414,297.0699626865671
2025-04-02,2024-2025,Liverpool,Everton,1,1,0,17,5,3,0,7,11,11,5,2,0,3,2,3.0,0.0,0.75,0.0,0.75,2.2371268656716414,299.3070895522388
2025-04-06,2024-2025,Liverpool,Fulham,0,2,3,14,12,6,6,9,10,4,4,0,0,0,0,2.0,1.0,1.5,1.5,0.0,-1.092873134328358,298.2142164179104
2025-04-13,2024-2025,Liverpool,West Ham United,1,2,1,15,11,6,4,15,8,10,3,0,0,3,0,2.0,1.0,1.5,1.0,0.5,1.7271268656716419,299.94134328358206
2025-04-20,2024-2025,Liverpool,Leicester City,0,1,0,28,5,10,0,7,11,13,1,2,0,3,2,2.0,1.0,2.5,0.0,2.5,2.0871268656716415,302.02847014925374
2025-04-27,2024-2025,Liverpool,Tottenham Hotspur,1,5,1,25,8,8,3,16,9,8,2,2,0,3,2,3.0,0.0,2.0,0.75,1.25,2.3571268656716415,304.38559701492534
2025-05-04,2024-2025,Liverpool,Chelsea,0,1,3,11,17,2,7,11,10,6,3,2,0,0,2,2.0,1.0,0.5,1.75,-1.25,-1.5128731343283583,302.872723880597
2025-05-11,2024-2025,Liverpool,Arsenal,1,2,2,14,15,5,7,13,10,3,1,1,0,1,1,1.3333333333333333,1.3333333333333333,1.25,1.75,-0.5,-0.7128731343283582,302.1598507462686
2025-05-19,2024-2025,Liverpool,Brighton and Hove Albion,0,2,3,18,25,5,12,8,9,3,3,0,0,0,0,0.3333333333333333,2.3333333333333335,1.25,3.0,-1.75,-2.4228731343283583,299.73697761194023
2025-05-25,2024-2025,Liverpool,Crystal Palace,1,1,1,14,8,3,5,7,10,11,0,1,1,1,4,0.6666666666666666,1.6666666666666667,0.75,1.25,-0.5,-1.232873134328358,298.5041044776119
2025-08-15,2025-2026,Liverpool,Bournemouth,1,4,2,19,10,10,3,7,10,6,7,1,0,3,1,1.3333333333333333,1.3333333333333333,2.5,0.75,1.75,1.627126865671642,300.1312313432835
2025-08-25,2025-2026,Liverpool,Newcastle United,0,3,2,5,10,4,3,15,17,1,7,3,0,3,3,2.3333333333333335,0.3333333333333333,1.0,0.75,0.25,1.7171268656716416,301.8483582089552
2025-08-31,2025-2026,Liverpool,Arsenal,1,1,0,9,11,3,1,7,10,3,8,2,0,3,2,3.0,0.0,0.75,0.25,0.5,2.177126865671642,304.02548507462683
2025-09-14,2025-2026,Liverpool,Burnley,0,1,0,27,3,4,0,9,9,13,1,2,0,3,2,3.0,0.0,1.0,0.0,1.0,2.297126865671642,306.32261194029843
2025-09-20,2025-2026,Liverpool,Everton,1,2,1,11,9,3,2,11,10,5,4,2,0,3,2,3.0,0.0,0.75,0.5,0.25,2.1171268656716418,308.43973880597014
2025-09-27,2025-2026,Liverpool,Crystal Palace,0,1,2,20,16,4,7,8,10,6,2,3,0,0,3,2.0,1.0,1.0,1.75,-0.75,-1.4528731343283583,306.98686567164174
2025-10-04,2025-2026,Liverpool,Chelsea,0,1,2,12,12,2,6,8,9,2,7,2,0,0,2,1.0,2.0,0.5,1.5,-1.0,-2.022873134328358,304.9639925373134
2025-10-19,2025-2026,Liverpool,Manchester United,1,1,2,19,12,6,4,8,14,9,4,0,0,0,0,0.0,3.0,1.5,1.0,0.5,-2.1128731343283578,302.851119402985
2025-10-25,2025-2026,Liverpool,Brentford,0,2,3,18,17,5,8,10,7,4,5,2,0,0,2,0.0,3.0,1.25,2.0,-0.75,-2.5328731343283577,300.31824626865665
2025-11-01,2025-2026,Liverpool,Aston Villa,1,2,0,16,10,4,3,13,11,1,4,2,0,3,2,1.0,2.0,1.0,0.75,0.25,0.9771268656716419,301.2953731343283
2025-11-09,2025-2026,Liverpool,Manchester City,0,0,3,7,14,1,6,15,14,7,7,4,0,0,4,1.0,2.0,0.25,1.5,-1.25,-2.202873134328358,299.0924999999999
2023-08-12,2023-2024,Luton Town,Brighton and Hove Albion,0,1,4,9,27,3,12,12,11,7,6,2,0,0,2,0.0,3.0,0.75,3.0,-2.25,-2.8928731343283585,97.10712686567165
2023-08-25,2023-2024,Luton Town,Chelsea,0,0,3,11,19,1,8,12,15,4,6,3,0,0,3,0.0,3.0,0.25,2.0,-1.75,-2.832873134328358,94.27425373134328
2023-09-01,2023-2024,Luton Town,West Ham United,1,1,2,16,9,1,3,8,13,9,6,1,0,0,1,0.0,3.0,0.25,0.75,-0.5,-2.412873134328358,91.86138059701493
2023-09-16,2023-2024,Luton Town,Fulham,0,0,1,7,13,2,2,14,6,2,6,2,0,0,2,0.0,3.0,0.5,0.5,0.0,-2.352873134328358,89.50850746268657
2023-09-23,2023-2024,Luton Town,Wolverhampton Wanderers,1,1,1,20,3,4,3,12,17,10,1,0,0,1,0,0.3333333333333333,2.3333333333333335,1.0,0.75,0.25,-1.0428731343283582,88.4656343283582
2023-09-30,2023-2024,Luton Town,Everton,0,2,1,9,23,2,5,10,8,6,3,1,0,3,1,1.3333333333333333,1.3333333333333333,0.5,1.25,-0.75,1.027126865671642,89.49276119402985
2023-10-03,2023-2024,Luton Town,Burnley,1,1,2,18,14,3,4,14,6,7,6,4,0,0,4,1.3333333333333333,1.3333333333333333,0.75,1.0,-0.25,-1.732873134328358,87.7598880597015
2023-10-07,2023-2024,Luton Town,Tottenham Hotspur,1,0,1,12,15,2,4,16,7,5,6,2,0,0,2,1.0,2.0,0.5,1.0,-0.5,-1.9028731343283583,85.85701492537314
2023-10-21,2023-2024,Luton Town,Nottingham Forest,0,2,2,13,19,4,8,11,12,2,4,0,0,1,0,0.3333333333333333,2.3333333333333335,1.0,2.0,-1.0,-1.342873134328358,84.51414179104478
2023-10-29,2023-2024,Luton Town,Aston Villa,0,1,3,7,17,1,6,10,11,4,6,2,0,0,2,0.3333333333333333,2.3333333333333335,0.25,1.5,-1.25,-2.4228731343283583,82.09126865671642
2023-11-05,2023-2024,Luton Town,Liverpool,1,1,1,8,24,5,6,7,13,4,7,1,0,1,1,0.6666666666666666,1.6666666666666667,1.25,1.5,-0.25,-0.9928731343283582,81.09839552238806
2023-11-11,2023-2024,Luton Town,Manchester United,0,0,1,10,15,4,4,11,9,3,11,2,0,0,2,0.3333333333333333,2.3333333333333335,1.0,1.0,0.0,-2.122873134328358,78.9755223880597
2023-11-25,2023-2024,Luton Town,Crystal Palace,1,2,1,8,16,3,8,15,12,4,5,6,0,3,6,1.3333333333333333,1.3333333333333333,0.75,2.0,-1.25,0.6071268656716419,79.58264925373135
2023-12-02,2023-2024,Luton Town,Brentford,0,1,3,7,27,1,6,8,10,5,7,2,0,0,2,1.0,2.0,0.25,1.5,-1.25,-2.082873134328358,77.49977611940298
2023-12-05,2023-2024,Luton Town,Arsenal,1,3,4,6,23,4,9,14,7,3,8,2,0,0,2,1.0,2.0,1.0,2.25,-1.25,-2.082873134328358,75.41690298507463
2023-12-10,2023-2024,Luton Town,Manchester City,1,1,2,4,18,2,6,16,6,6,3,2,0,0,2,0.0,3.0,0.5,1.5,-1.0,-2.592873134328358,72.82402985074627
2023-12-23,2023-2024,Luton Town,Newcastle United,1,1,0,16,15,5,2,11,5,6,7,2,0,3,2,1.0,2.0,1.25,0.5,0.75,1.0971268656716417,73.92115671641791
2023-12-26,2023-2024,Luton Town,Sheffield United,0,3,2,12,21,4,6,13,13,4,9,0,0,3,0,2.0,1.0,1.0,1.5,-0.5,1.4871268656716417,75.40828358208955
2023-12-30,2023-2024,Luton Town,Chelsea,1,2,3,15,12,6,8,14,21,7,2,2,0,0,2,2.0,1.0,1.5,2.0,-0.5,-1.3328731343283582,74.07541044776119
2024-01-12,2023-2024,Luton Town,Burnley,0,1,1,14,13,5,7,12,7,8,2,0,0,1,0,1.3333333333333333,1.3333333333333333,1.25,1.75,-0.5,-0.6528731343283581,73.42253731343283
2024-01-30,2023-2024,Luton Town,Brighton and Hove Albion,1,4,0,18,9,8,2,13,14,7,4,2,0,3,2,1.3333333333333333,1.3333333333333333,2.0,0.5,1.5,1.507126865671642,74.92966417910446
2024-02-03,2023-2024,Luton Town,Newcastle United,0,4,4,11,19,8,6,16,13,2,8,2,0,1,2,1.6666666666666667,0.6666666666666666,2.0,1.5,0.5,-0.30287313432835805,74.62679104477611
2024-02-10,2023-2024,Luton Town,Sheffield United,1,1,3,20,7,5,3,7,12,13,1,1,0,0,1,1.3333333333333333,1.3333333333333333,1.25,0.75,0.5,-1.372873134328358,73.25391791044775
2024-02-18,2023-2024,Luton Town,Manchester United,1,1,2,22,21,4,9,7,21,8,6,3,0,0,3,0.3333333333333333,2.3333333333333335,1.0,2.25,-1.25,-2.482873134328358,70.7710447761194
2024-02-21,2023-2024,Luton Town,Liverpool,0,1,4,12,29,3,13,14,15,4,13,4,0,0,4,0.0,3.0,0.75,3.25,-2.5,-3.072873134328358,67.69817164179103
2024-03-02,2023-2024,Luton Town,Aston Villa,1,2,3,13,12,5,8,8,19,8,6,1,0,0,1,0.0,3.0,1.25,2.0,-0.75,-2.472873134328358,65.22529850746267
2024-03-09,2023-2024,Luton Town,Crystal Palace,0,1,1,8,21,2,4,11,20,6,8,3,0,1,3,0.3333333333333333,2.3333333333333335,0.5,1.0,-0.5,-1.402873134328358,63.822425373134315
2024-03-13,2023-2024,Luton Town,Bournemouth,0,3,4,8,24,4,10,11,16,3,11,2,0,0,2,0.3333333333333333,2.3333333333333335,1.0,2.5,-1.5,-2.482873134328358,61.33955223880596
2024-03-16,2023-2024,Luton Town,Nottingham Forest,1,1,1,10,16,4,6,10,17,6,7,1,0,1,1,0.6666666666666666,1.6666666666666667,1.0,1.5,-0.5,-1.052873134328358,60.2866791044776
2024-03-30,2023-2024,Luton Town,Tottenham Hotspur,0,1,2,7,17,3,4,14,16,6,3,4,0,0,4,0.3333333333333333,2.3333333333333335,0.75,1.0,-0.25,-2.302873134328358,57.98380597014924
2024-04-03,2023-2024,Luton Town,Arsenal,0,0,2,5,13,1,4,8,12,1,3,1,0,0,1,0.3333333333333333,2.3333333333333335,0.25,1.0,-0.75,-2.242873134328358,55.740932835820885
2024-04-06,2023-2024,Luton Town,Bournemouth,1,2,1,19,8,9,1,7,14,7,2,0,0,3,0,1.0,2.0,2.25,0.25,2.0,1.517126865671642,57.25805970149253
2024-04-13,2023-2024,Luton Town,Manchester City,0,1,5,4,33,2,13,6,7,1,12,0,0,0,0,1.0,2.0,0.5,3.25,-2.75,-2.322873134328358,54.935186567164166
2024-04-20,2023-2024,Luton Town,Brentford,1,1,5,6,21,3,9,13,9,4,9,1,0,0,1,1.0,2.0,0.75,2.25,-1.5,-2.082873134328358,52.85231343283581
2024-04-27,2023-2024,Luton Town,Wolverhampton Wanderers,0,1,2,9,13,6,5,14,14,4,4,1,0,0,1,0.0,3.0,1.5,1.25,0.25,-2.232873134328358,50.61944029850745
2024-05-03,2023-2024,Luton Town,Everton,1,1,1,18,10,5,3,14,12,8,7,1,0,1,1,0.3333333333333333,2.3333333333333335,1.25,0.75,0.5,-1.0428731343283582,49.57656716417909
2024-05-11,2023-2024,Luton Town,West Ham United,0,1,3,4,24,1,8,15,9,6,7,3,0,0,3,0.3333333333333333,2.3333333333333335,0.25,2.0,-1.75,-2.602873134328358,46.97369402985073
2024-05-19,2023-2024,Luton Town,Fulham,1,2,4,15,15,6,7,15,20,4,4,5,0,0,5,0.3333333333333333,2.3333333333333335,1.5,1.75,-0.25,-2.362873134328358,44.61082089552237
2020-09-21,2020-2021,Manchester City,Wolverhampton Wanderers,0,3,1,14,10,9,1,8,6,6,4,3,0,3,3,3.0,0.0,2.25,0.25,2.0,2.4771268656716416,130.47712686567164
2020-09-27,2020-2021,Manchester City,Leicester City,1,2,5,16,7,5,7,13,8,3,4,1,0,0,1,1.5,1.5,1.25,1.75,-0.5,-1.5578731343283583,128.91925373134328
2020-10-03,2020-2021,Manchester City,Leeds United,0,1,1,23,12,2,7,12,11,10,7,1,0,1,1,1.3333333333333333,1.3333333333333333,0.5,1.75,-1.25,-0.8928731343283581,128.02638059701493
2020-10-17,2020-2021,Manchester City,Arsenal,1,1,0,13,11,5,3,15,10,6,6,4,0,3,4,1.3333333333333333,1.3333333333333333,1.25,0.75,0.5,1.147126865671642,129.17350746268656
2020-10-24,2020-2021,Manchester City,West Ham United,0,1,1,14,6,7,2,6,14,10,2,0,0,1,0,1.6666666666666667,0.6666666666666666,1.75,0.5,1.25,-0.00287313432835809,129.1706343283582
2020-10-31,2020-2021,Manchester City,Sheffield United,0,1,0,16,5,8,1,6,14,5,2,0,0,3,0,2.3333333333333335,0.3333333333333333,2.0,0.25,1.75,2.257126865671642,131.42776119402984
2020-11-08,2020-2021,Manchester City,Liverpool,1,1,1,7,10,2,3,19,11,1,2,3,0,1,3,1.6666666666666667,0.6666666666666666,0.5,0.75,-0.25,-0.542873134328358,130.8848880597015
2020-11-21,2020-2021,Manchester City,Tottenham Hotspur,0,0,2,22,4,5,2,19,13,10,0,2,0,0,2,1.3333333333333333,1.3333333333333333,1.25,0.5,0.75,-1.372873134328358,129.51201492537314
2020-11-28,2020-2021,Manchester City,Burnley,1,5,0,19,9,6,1,12,4,6,4,0,0,3,0,1.3333333333333333,1.3333333333333333,1.5,0.25,1.25,1.567126865671642,131.07914179104478
2020-12-05,2020-2021,Manchester City,Fulham,1,2,0,16,6,6,1,7,6,9,3,0,0,3,0,2.0,1.0,1.5,0.25,1.25,1.9071268656716418,132.98626865671642
2020-12-12,2020-2021,Manchester City,Manchester United,0,0,0,9,11,2,2,6,13,3,4,1,0,1,1,2.3333333333333335,0.3333333333333333,0.5,0.5,0.0,-0.022873134328358028,132.96339552238805
2020-12-15,2020-2021,Manchester City,West Brom,1,1,1,26,5,7,1,5,8,13,2,2,0,1,2,1.6666666666666667,0.6666666666666666,1.75,0.25,1.5,-0.06287313432835805,132.9005223880597
2020-12-19,2020-2021,Manchester City,Southampton,0,1,0,11,9,5,3,11,9,6,6,2,0,3,2,1.6666666666666667,0.6666666666666666,1.25,0.75,0.5,1.4971268656716419,134.39764925373134
2020-12-26,2020-2021,Manchester City,Newcastle United,1,2,0,11,7,6,2,5,12,7,3,2,0,3,2,2.3333333333333335,0.3333333333333333,1.5,0.5,1.0,1.9571268656716416,136.354776119403
2021-01-03,2020-2021,Manchester City,Chelsea,0,3,1,18,9,6,2,10,11,3,5,1,0,3,1,3.0,0.0,1.5,0.5,1.0,2.357126865671642,138.71190298507463
2021-01-13,2020-2021,Manchester City,Brighton and Hove Albion,1,1,0,16,5,6,1,4,12,8,4,0,0,3,0,3.0,0.0,1.5,0.25,1.25,2.4771268656716416,141.18902985074627
2021-01-17,2020-2021,Manchester City,Crystal Palace,1,4,0,13,2,6,0,9,8,11,1,0,0,3,0,3.0,0.0,1.5,0.0,1.5,2.5371268656716417,143.7261567164179
2021-01-20,2020-2021,Manchester City,Aston Villa,1,2,0,28,11,9,4,10,9,16,2,0,0,3,0,3.0,0.0,2.25,1.0,1.25,2.4771268656716416,146.20328358208957
2021-01-26,2020-2021,Manchester City,West Brom,0,5,0,18,4,7,1,8,8,8,3,0,0,3,0,3.0,0.0,1.75,0.25,1.5,2.5371268656716417,148.7404104477612
2021-01-30,2020-2021,Manchester City,Sheffield United,1,1,0,10,4,5,1,7,10,10,0,0,0,3,0,3.0,0.0,1.25,0.25,1.0,2.417126865671642,151.15753731343284
2021-02-03,2020-2021,Manchester City,Burnley,0,2,0,17,2,6,0,5,8,3,1,1,0,3,1,3.0,0.0,1.5,0.0,1.5,2.4771268656716416,153.63466417910448
2021-02-07,2020-2021,Manchester City,Liverpool,0,4,1,8,8,5,3,8,13,1,6,1,0,3,1,3.0,0.0,1.25,0.75,0.5,2.237126865671642,155.87179104477613
2021-02-13,2020-2021,Manchester City,Tottenham Hotspur,1,3,0,15,7,6,3,12,13,4,2,1,0,3,1,3.0,0.0,1.5,0.75,0.75,2.2971268656716415,158.16891791044776
2021-02-17,2020-2021,Manchester City,Everton,0,3,1,16,3,7,2,8,8,10,0,1,0,3,1,3.0,0.0,1.75,0.5,1.25,2.417126865671642,160.5860447761194
2021-02-21,2020-2021,Manchester City,Arsenal,0,1,0,15,7,3,1,9,11,3,1,2,0,3,2,3.0,0.0,0.75,0.25,0.5,2.177126865671642,162.76317164179105
2021-02-27,2020-2021,Manchester City,West Ham United,1,2,1,10,9,3,3,8,11,4,2,1,0,3,1,3.0,0.0,0.75,0.75,0.0,2.1171268656716418,164.88029850746267
2021-03-02,2020-2021,Manchester City,Wolverhampton Wanderers,1,4,1,22,6,10,1,9,5,10,2,0,0,3,0,3.0,0.0,2.5,0.25,2.25,2.717126865671642,167.59742537313434
2021-03-07,2020-2021,Manchester City,Manchester United,1,0,2,23,8,6,6,9,12,6,2,0,0,0,0,2.0,1.0,1.5,1.5,0.0,-1.092873134328358,166.50455223880596
2021-03-10,2020-2021,Manchester City,Southampton,1,5,2,17,11,10,6,6,4,5,5,1,0,3,1,2.0,1.0,2.5,1.5,1.0,1.7871268656716417,168.29167910447762
2021-03-13,2020-2021,Manchester City,Fulham,0,3,0,8,3,7,0,13,14,2,4,0,0,3,0,2.0,1.0,1.75,0.0,1.75,2.027126865671642,170.31880597014924
2021-04-03,2020-2021,Manchester City,Leicester City,0,2,0,11,5,4,2,12,13,1,1,3,0,3,3,3.0,0.0,1.0,0.5,0.5,2.117126865671642,172.4359328358209
2021-04-10,2020-2021,Manchester City,Leeds United,1,1,2,29,2,7,2,12,15,9,3,3,0,0,3,2.0,1.0,1.75,0.5,1.25,-0.9728731343283581,171.46305970149254
2021-04-21,2020-2021,Manchester City,Aston Villa,0,2,1,13,8,3,3,7,12,11,1,1,1,3,4,2.0,1.0,0.75,0.75,0.0,1.3671268656716418,172.83018656716416
2021-05-01,2020-2021,Manchester City,Crystal Palace,0,2,0,20,9,3,4,10,9,6,2,0,0,3,0,2.0,1.0,0.75,1.0,-0.25,1.5471268656716417,174.37731343283582
2021-05-08,2020-2021,Manchester City,Chelsea,1,1,2,16,12,4,5,12,10,6,2,2,0,0,2,2.0,1.0,1.0,1.25,-0.25,-1.2728731343283581,173.10444029850746
2021-05-14,2020-2021,Manchester City,Newcastle United,0,4,3,15,11,6,5,10,11,5,4,2,0,3,2,2.0,1.0,1.5,1.25,0.25,1.5471268656716417,174.6515671641791
2021-05-18,2020-2021,Manchester City,Brighton and Hove Albion,0,2,3,8,19,4,6,11,13,3,5,3,1,0,6,1.0,2.0,1.0,1.5,-0.5,-2.142873134328358,172.50869402985074
2021-05-23,2020-2021,Manchester City,Everton,1,5,0,21,8,11,3,8,10,7,5,2,0,3,2,2.0,1.0,2.75,0.75,2.0,1.9671268656716414,174.4758208955224
2021-08-15,2021-2022,Manchester City,Tottenham Hotspur,0,0,1,18,13,4,3,8,11,11,3,1,0,0,1,1.0,2.0,1.0,0.75,0.25,-1.662873134328358,172.81294776119404
2021-08-21,2021-2022,Manchester City,Norwich City,1,5,0,16,1,4,0,13,7,6,1,1,0,3,1,2.0,1.0,1.0,0.0,1.0,1.7871268656716417,174.60007462686568
2021-08-28,2021-2022,Manchester City,Arsenal,1,5,0,25,1,10,0,5,7,14,0,1,0,3,1,2.0,1.0,2.5,0.0,2.5,2.1471268656716416,176.74720149253733
2021-09-11,2021-2022,Manchester City,Leicester City,0,1,0,25,6,8,1,11,4,8,5,2,0,3,2,3.0,0.0,2.0,0.25,1.75,2.4771268656716416,179.22432835820896
2021-09-18,2021-2022,Manchester City,Southampton,1,0,0,18,10,1,2,5,12,8,5,0,0,1,0,2.3333333333333335,0.3333333333333333,0.25,0.5,-0.25,-0.022873134328358028,179.2014552238806
2021-09-25,2021-2022,Manchester City,Chelsea,0,1,0,15,5,4,0,10,12,13,4,2,0,3,2,2.3333333333333335,0.3333333333333333,1.0,0.0,1.0,1.9571268656716416,181.15858208955225
2021-10-03,2021-2022,Manchester City,Liverpool,0,2,2,12,6,3,4,12,10,4,3,3,0,1,3,1.6666666666666667,0.6666666666666666,0.75,1.0,-0.25,-0.542873134328358,180.61570895522388
2021-10-16,2021-2022,Manchester City,Burnley,1,2,0,15,7,6,2,11,5,6,2,1,0,3,1,2.3333333333333335,0.3333333333333333,1.5,0.5,1.0,2.0171268656716417,182.63283582089554
2021-10-23,2021-2022,Manchester City,Brighton and Hove Albion,0,4,1,23,10,14,5,6,10,6,7,3,0,3,3,2.3333333333333335,0.3333333333333333,3.5,1.25,2.25,2.197126865671642,184.82996268656717
2021-10-30,2021-2022,Manchester City,Crystal Palace,1,0,2,14,8,3,3,11,11,7,1,2,1,0,5,2.0,1.0,0.75,0.75,0.0,-1.3928731343283582,183.4370895522388
2021-11-06,2021-2022,Manchester City,Manchester United,0,2,0,16,5,5,1,12,9,9,1,2,0,3,2,2.0,1.0,1.25,0.25,1.0,1.7271268656716416,185.16421641791044
2021-11-21,2021-2022,Manchester City,Everton,1,3,0,17,4,7,1,5,7,7,1,1,0,3,1,2.0,1.0,1.75,0.25,1.5,1.9071268656716418,187.0713432835821
2021-11-28,2021-2022,Manchester City,West Ham United,1,2,1,19,5,9,3,7,6,8,4,2,0,3,2,3.0,0.0,2.25,0.75,1.5,2.4171268656716416,189.48847014925374
2021-12-01,2021-2022,Manchester City,Aston Villa,0,2,1,17,9,7,3,12,8,11,4,0,0,3,0,3.0,0.0,1.75,0.75,1.0,2.417126865671642,191.90559701492538
2021-12-04,2021-2022,Manchester City,Watford,0,3,1,26,11,13,4,7,10,11,5,0,0,3,0,3.0,0.0,3.25,1.0,2.25,2.717126865671642,194.62272388059702
2021-12-11,2021-2022,Manchester City,Wolverhampton Wanderers,1,1,0,24,2,10,1,12,5,14,1,3,0,3,3,3.0,0.0,2.5,0.25,2.25,2.537126865671642,197.15985074626866
2021-12-14,2021-2022,Manchester City,Leeds United,1,7,0,31,6,15,3,5,9,6,2,1,0,3,1,3.0,0.0,3.75,0.75,3.0,2.837126865671642,199.99697761194028
2021-12-19,2021-2022,Manchester City,Newcastle United,0,4,0,18,5,7,1,6,9,6,3,2,0,3,2,3.0,0.0,1.75,0.25,1.5,2.4171268656716416,202.41410447761194
2021-12-26,2021-2022,Manchester City,Leicester City,1,6,3,17,14,9,8,11,9,14,4,1,0,3,1,3.0,0.0,2.25,2.0,0.25,2.177126865671642,204.5912313432836
2021-12-29,2021-2022,Manchester City,Brentford,0,1,0,12,6,3,2,10,12,5,3,0,0,3,0,3.0,0.0,0.75,0.5,0.25,2.237126865671642,206.82835820895522
2022-01-01,2021-2022,Manchester City,Arsenal,0,2,1,15,7,2,2,5,13,5,5,2,0,3,2,3.0,0.0,0.5,0.5,0.0,2.0571268656716417,208.88548507462687
2022-01-15,2021-2022,Manchester City,Chelsea,1,1,0,11,4,6,1,11,6,9,1,0,0,3,0,3.0,0.0,1.5,0.25,1.25,2.4771268656716416,211.3626119402985
2022-01-22,2021-2022,Manchester City,Southampton,0,1,1,20,7,5,3,5,13,11,2,0,0,1,0,2.3333333333333335,0.3333333333333333,1.25,0.75,0.5,0.157126865671642,211.51973880597015
2022-02-09,2021-2022,Manchester City,Brentford,1,2,0,15,6,7,2,7,13,9,3,0,0,3,0,2.3333333333333335,0.3333333333333333,1.75,0.5,1.25,2.137126865671642,213.6568656716418
2022-02-12,2021-2022,Manchester City,Norwich City,0,4,0,22,8,9,3,8,7,12,4,2,0,3,2,2.3333333333333335,0.3333333333333333,2.25,0.75,1.5,2.0771268656716417,215.73399253731344
2022-02-19,2021-2022,Manchester City,Tottenham Hotspur,1,2,3,21,6,4,5,5,7,10,0,0,0,0,0,2.0,1.0,1.0,1.25,-0.25,-1.152873134328358,214.58111940298508
2022-02-26,2021-2022,Manchester City,Everton,0,1,0,13,6,8,2,14,7,4,3,2,0,3,2,2.0,1.0,2.0,0.5,1.5,1.8471268656716417,216.42824626865672
2022-03-06,2021-2022,Manchester City,Manchester United,1,4,1,24,5,10,2,10,14,9,3,0,0,3,0,2.0,1.0,2.5,0.5,2.0,2.0871268656716415,218.51537313432834
2022-03-14,2021-2022,Manchester City,Crystal Palace,0,0,0,18,7,4,1,11,6,6,2,1,0,1,1,2.3333333333333335,0.3333333333333333,1.0,0.25,0.75,0.15712686567164202,218.6725
2022-04-02,2021-2022,Manchester City,Burnley,0,2,0,18,3,6,1,6,11,8,1,0,0,3,0,2.3333333333333335,0.3333333333333333,1.5,0.25,1.25,2.137126865671642,220.80962686567165
2022-04-10,2021-2022,Manchester City,Liverpool,1,2,2,11,6,5,4,9,11,4,1,1,0,1,1,1.6666666666666667,0.6666666666666666,1.25,1.0,0.25,-0.30287313432835805,220.50675373134328
2022-04-20,2021-2022,Manchester City,Brighton and Hove Albion,1,3,0,17,2,5,1,12,7,7,4,0,0,3,0,2.3333333333333335,0.3333333333333333,1.25,0.25,1.0,2.0771268656716417,222.58388059701494
2022-04-23,2021-2022,Manchester City,Watford,1,5,1,21,5,8,2,9,7,11,4,1,0,3,1,2.3333333333333335,0.3333333333333333,2.0,0.5,1.5,2.137126865671642,224.7210074626866
2022-04-30,2021-2022,Manchester City,Leeds United,0,4,0,19,7,6,2,3,13,6,3,2,0,3,2,3.0,0.0,1.5,0.5,1.0,2.297126865671642,227.01813432835823
2022-05-08,2021-2022,Manchester City,Newcastle United,1,5,0,21,7,9,3,6,11,8,2,1,0,3,1,3.0,0.0,2.25,0.75,1.5,2.4771268656716416,229.49526119402987
2022-05-11,2021-2022,Manchester City,Wolverhampton Wanderers,0,5,1,16,7,5,3,10,2,2,6,1,0,3,1,3.0,0.0,1.25,0.75,0.5,2.237126865671642,231.73238805970152
2022-05-15,2021-2022,Manchester City,West Ham United,0,2,2,31,6,8,2,5,9,9,4,1,0,1,1,2.3333333333333335,0.3333333333333333,2.0,0.5,1.5,0.337126865671642,232.06951492537314
2022-05-22,2021-2022,Manchester City,Aston Villa,1,3,2,24,4,5,2,5,11,13,1,0,0,3,0,2.3333333333333335,0.3333333333333333,1.25,0.5,0.75,2.0171268656716417,234.08664179104477
2022-08-07,2022-2023,Manchester City,West Ham United,0,2,0,14,6,2,1,4,8,4,1,1,0,3,1,2.3333333333333335,0.3333333333333333,0.5,0.25,0.25,1.8371268656716417,235.92376865671642
2022-08-13,2022-2023,Manchester City,Bournemouth,1,4,0,19,3,7,1,9,9,11,1,0,0,3,0,3.0,0.0,1.75,0.25,1.5,2.5371268656716417,238.46089552238806
2022-08-21,2022-2023,Manchester City,Newcastle United,0,3,3,21,12,10,6,7,14,5,5,2,0,1,2,2.3333333333333335,0.3333333333333333,2.5,1.5,1.0,0.157126865671642,238.6180223880597
2022-08-27,2022-2023,Manchester City,Crystal Palace,1,4,2,18,2,5,2,14,8,6,1,1,0,3,1,2.3333333333333335,0.3333333333333333,1.25,0.5,0.75,1.9571268656716416,240.57514925373135
2022-08-31,2022-2023,Manchester City,Nottingham Forest,1,6,0,17,8,9,1,9,7,10,1,0,0,3,0,2.3333333333333335,0.3333333333333333,2.25,0.25,2.0,2.3171268656716415,242.892276119403
2022-09-03,2022-2023,Manchester City,Aston Villa,0,1,1,13,3,4,1,6,7,4,1,0,0,1,0,2.3333333333333335,0.3333333333333333,1.0,0.25,0.75,0.217126865671642,243.1094029850746
2022-09-17,2022-2023,Manchester City,Wolverhampton Wanderers,0,3,0,16,6,7,1,9,7,7,5,1,0,3,1,2.3333333333333335,0.3333333333333333,1.75,0.25,1.5,2.137126865671642,245.24652985074627
2022-10-02,2022-2023,Manchester City,Manchester United,1,6,3,22,12,10,8,3,9,5,1,0,0,3,0,2.3333333333333335,0.3333333333333333,2.5,2.0,0.5,1.9571268656716418,247.20365671641792
2022-10-08,2022-2023,Manchester City,Southampton,1,4,0,21,5,8,0,4,8,9,1,0,0,3,0,3.0,0.0,2.0,0.0,2.0,2.657126865671642,249.86078358208954
2022-10-16,2022-2023,Manchester City,Liverpool,0,0,1,16,13,6,2,7,10,6,5,1,0,0,1,2.0,1.0,1.5,0.5,1.0,-0.9128731343283581,248.9479104477612
2022-10-22,2022-2023,Manchester City,Brighton and Hove Albion,1,3,1,10,8,4,2,11,12,7,3,1,0,3,1,2.0,1.0,1.0,0.5,0.5,1.6671268656716418,250.61503731343282
2022-10-29,2022-2023,Manchester City,Leicester City,0,1,0,15,10,5,5,10,5,10,3,0,0,3,0,2.0,1.0,1.25,1.25,0.0,1.6071268656716418,252.22216417910448
2022-11-05,2022-2023,Manchester City,Fulham,1,2,1,16,4,5,2,6,11,9,0,2,1,3,5,3.0,0.0,1.25,0.5,0.75,2.0571268656716417,254.27929104477613
2022-11-12,2022-2023,Manchester City,Brentford,1,1,2,29,10,6,8,9,7,10,2,2,0,0,2,2.0,1.0,1.5,2.0,-0.5,-1.3328731343283582,252.9464179104478
2022-12-28,2022-2023,Manchester City,Leeds United,0,3,1,26,9,9,1,14,11,5,3,3,0,3,3,2.0,1.0,2.25,0.25,2.0,1.9071268656716418,254.8535447761194
2022-12-31,2022-2023,Manchester City,Everton,1,1,1,16,2,3,1,13,14,7,1,3,0,1,3,1.3333333333333333,1.3333333333333333,0.75,0.25,0.5,-0.5928731343283581,254.26067164179108
2023-01-05,2022-2023,Manchester City,Chelsea,0,1,0,12,8,3,2,9,9,2,3,0,0,3,0,2.3333333333333335,0.3333333333333333,0.75,0.5,0.25,1.8971268656716418,256.1577985074627
2023-01-14,2022-2023,Manchester City,Manchester United,0,1,2,5,8,1,4,5,15,2,1,0,0,0,0,1.3333333333333333,1.3333333333333333,0.25,1.0,-0.75,-1.612873134328358,254.54492537313433
2023-01-19,2022-2023,Manchester City,Tottenham Hotspur,1,4,2,16,9,6,3,10,14,8,3,1,0,3,1,2.0,1.0,1.5,0.75,0.75,1.7271268656716416,256.272052238806
2023-01-22,2022-2023,Manchester City,Wolverhampton Wanderers,1,3,0,13,10,7,1,10,10,5,7,1,0,3,1,2.0,1.0,1.75,0.25,1.5,1.9071268656716418,258.1791791044776
2023-02-05,2022-2023,Manchester City,Tottenham Hotspur,0,0,1,15,12,5,3,14,19,6,4,3,0,0,3,2.0,1.0,1.25,0.75,0.5,-1.152873134328358,257.0263059701493
2023-02-12,2022-2023,Manchester City,Aston Villa,1,3,1,17,6,9,2,13,14,8,4,1,0,3,1,2.0,1.0,2.25,0.5,1.75,1.9671268656716419,258.99343283582095
2023-02-15,2022-2023,Manchester City,Arsenal,0,3,1,9,10,6,1,15,11,3,1,3,0,3,3,2.0,1.0,1.5,0.25,1.25,1.7271268656716419,260.72055970149256
2023-02-18,2022-2023,Manchester City,Nottingham Forest,0,1,1,26,4,6,1,6,8,10,0,0,0,1,0,2.3333333333333335,0.3333333333333333,1.5,0.25,1.25,0.33712686567164196,261.0576865671642
2023-02-25,2022-2023,Manchester City,Bournemouth,0,4,1,20,13,5,2,9,10,6,4,2,0,3,2,2.3333333333333335,0.3333333333333333,1.25,0.5,0.75,1.8971268656716416,262.95481343283586
2023-03-04,2022-2023,Manchester City,Newcastle United,1,2,0,11,5,3,2,8,13,8,4,2,0,3,2,2.3333333333333335,0.3333333333333333,0.75,0.5,0.25,1.7771268656716417,264.73194029850754
2023-03-11,2022-2023,Manchester City,Crystal Palace,0,1,0,14,4,4,0,17,11,6,2,2,0,3,2,3.0,0.0,1.0,0.0,1.0,2.297126865671642,267.02906716417914
2023-04-01,2022-2023,Manchester City,Liverpool,1,4,1,17,4,8,1,9,12,7,1,1,0,3,1,3.0,0.0,2.0,0.25,1.75,2.537126865671642,269.56619402985075
2023-04-08,2022-2023,Manchester City,Southampton,0,4,1,13,4,8,1,10,6,10,0,2,0,3,2,3.0,0.0,2.0,0.25,1.75,2.4771268656716416,272.0433208955224
2023-04-15,2022-2023,Manchester City,Leicester City,1,3,1,12,10,4,4,8,8,6,2,1,0,3,1,3.0,0.0,1.0,1.0,0.0,2.1171268656716418,274.16044776119406
2023-04-26,2022-2023,Manchester City,Arsenal,1,4,1,14,8,9,2,13,13,1,3,3,0,3,3,3.0,0.0,2.25,0.5,1.75,2.417126865671642,276.5775746268657
2023-04-30,2022-2023,Manchester City,Fulham,0,2,1,12,4,9,1,10,9,5,2,3,0,3,3,3.0,0.0,2.25,0.25,2.0,2.4771268656716416,279.05470149253733
2023-05-03,2022-2023,Manchester City,West Ham United,1,3,0,16,6,7,2,8,8,6,3,0,0,3,0,3.0,0.0,1.75,0.5,1.25,2.4771268656716416,281.53182835820894
2023-05-06,2022-2023,Manchester City,Leeds United,1,2,1,18,4,6,2,3,16,10,1,0,0,3,0,3.0,0.0,1.5,0.5,1.0,2.417126865671642,283.9489552238806
2023-05-14,2022-2023,Manchester City,Everton,0,3,0,9,7,4,3,4,12,6,8,0,0,3,0,3.0,0.0,1.0,0.75,0.25,2.237126865671642,286.18608208955226
2023-05-21,2022-2023,Manchester City,Chelsea,1,1,0,15,13,2,6,12,9,5,2,0,0,3,0,3.0,0.0,0.5,1.5,-1.0,1.9371268656716418,288.1232089552239
2023-05-24,2022-2023,Manchester City,Brighton and Hove Albion,0,1,1,13,20,4,7,11,16,1,5,1,0,1,1,2.3333333333333335,0.3333333333333333,1.0,1.75,-0.75,-0.20287313432835802,287.9203358208955
2023-05-28,2022-2023,Manchester City,Brentford,0,0,1,17,11,3,4,8,12,4,3,0,0,0,0,1.3333333333333333,1.3333333333333333,0.75,1.0,-0.25,-1.492873134328358,286.4274626865672
2023-08-11,2023-2024,Manchester City,Burnley,0,3,0,17,6,8,1,8,11,5,6,0,0,3,0,1.3333333333333333,1.3333333333333333,2.0,0.25,1.75,1.687126865671642,288.11458955223884
2023-08-19,2023-2024,Manchester City,Newcastle United,1,1,0,14,7,4,1,12,11,3,0,1,0,3,1,2.0,1.0,1.0,0.25,0.75,1.7271268656716416,289.84171641791045
2023-08-27,2023-2024,Manchester City,Sheffield United,0,2,1,30,6,9,2,2,11,12,1,0,0,3,0,3.0,0.0,2.25,0.5,1.75,2.5971268656716417,292.43884328358206
2023-09-02,2023-2024,Manchester City,Fulham,1,5,1,7,6,5,4,12,12,4,5,2,0,3,2,3.0,0.0,1.25,1.0,0.25,2.1171268656716418,294.55597014925377
2023-09-16,2023-2024,Manchester City,West Ham United,0,3,1,29,6,15,3,11,7,11,4,2,0,3,2,3.0,0.0,3.75,0.75,3.0,2.777126865671642,297.3330970149254
2023-09-23,2023-2024,Manchester City,Nottingham Forest,1,2,0,7,10,4,3,5,17,6,6,3,1,3,6,3.0,0.0,1.0,0.75,0.25,1.8771268656716418,299.210223880597
2023-09-30,2023-2024,Manchester City,Wolverhampton Wanderers,0,1,2,23,3,8,1,12,18,6,0,4,0,0,4,2.0,1.0,2.0,0.25,1.75,-0.912873134328358,298.29735074626865
2023-10-08,2023-2024,Manchester City,Arsenal,0,0,1,4,12,1,2,7,8,4,5,3,0,0,3,1.0,2.0,0.25,0.5,-0.25,-1.9028731343283583,296.3944776119403
2023-10-21,2023-2024,Manchester City,Brighton and Hove Albion,1,2,1,10,5,6,3,9,11,2,2,2,1,3,5,1.0,2.0,1.5,0.75,0.75,0.9171268656716418,297.3116044776119
2023-10-29,2023-2024,Manchester City,Manchester United,0,3,0,21,7,10,3,4,9,12,7,1,0,3,1,2.0,1.0,2.5,0.75,1.75,1.9671268656716419,299.2787313432836
2023-11-04,2023-2024,Manchester City,Bournemouth,1,6,1,21,5,8,1,8,9,12,1,0,0,3,0,3.0,0.0,2.0,0.25,1.75,2.5971268656716417,301.87585820895526
2023-11-12,2023-2024,Manchester City,Chelsea,0,4,4,15,17,10,9,15,12,3,3,3,0,1,3,2.3333333333333335,0.3333333333333333,2.5,2.25,0.25,-0.08287313432835805,301.79298507462687
2023-11-25,2023-2024,Manchester City,Liverpool,1,1,1,16,8,5,3,9,11,9,6,1,0,1,1,1.6666666666666667,0.6666666666666666,1.25,0.75,0.5,-0.24287313432835808,301.5501119402985
2023-12-03,2023-2024,Manchester City,Tottenham Hotspur,1,3,3,18,8,4,4,14,14,10,8,4,0,1,4,1.0,1.0,1.0,1.0,0.0,-0.882873134328358,300.66723880597016
2023-12-06,2023-2024,Manchester City,Aston Villa,0,0,1,2,22,2,7,13,13,0,6,2,0,0,2,0.6666666666666666,1.6666666666666667,0.5,1.75,-1.25,-2.1928731343283583,298.4743656716418
2023-12-10,2023-2024,Manchester City,Luton Town,0,2,1,18,4,6,2,6,16,3,6,1,0,3,1,1.3333333333333333,1.3333333333333333,1.5,0.5,1.0,1.4471268656716418,299.92149253731344
2023-12-16,2023-2024,Manchester City,Crystal Palace,1,2,2,19,5,9,2,12,9,6,1,1,0,1,1,1.3333333333333333,1.3333333333333333,2.25,0.5,1.75,-0.17287313432835813,299.74861940298507
2023-12-27,2023-2024,Manchester City,Everton,0,3,1,23,7,9,2,5,13,4,8,2,0,3,2,2.3333333333333335,0.3333333333333333,2.25,0.5,1.75,2.137126865671642,301.8857462686567
2023-12-30,2023-2024,Manchester City,Sheffield United,1,2,0,18,4,4,2,5,6,12,2,1,0,3,1,2.3333333333333335,0.3333333333333333,1.0,0.5,0.5,1.8971268656716418,303.7828731343284
2024-01-13,2023-2024,Manchester City,Newcastle United,0,3,2,27,12,11,5,7,7,13,3,2,0,3,2,3.0,0.0,2.75,1.25,1.5,2.4171268656716416,306.2
2024-01-31,2023-2024,Manchester City,Burnley,1,3,1,14,8,4,3,3,13,7,3,2,0,3,2,3.0,0.0,1.0,0.75,0.25,2.1171268656716418,308.31712686567164
2024-02-05,2023-2024,Manchester City,Brentford,0,3,1,25,9,15,3,4,2,13,8,0,0,3,0,3.0,0.0,3.75,0.75,3.0,2.897126865671642,311.2142537313433
2024-02-10,2023-2024,Manchester City,Everton,1,2,0,19,5,3,1,6,11,9,0,0,0,3,0,3.0,0.0,0.75,0.25,0.5,2.297126865671642,313.5113805970149
2024-02-17,2023-2024,Manchester City,Chelsea,1,1,1,31,9,5,6,7,12,12,1,1,0,1,1,2.3333333333333335,0.3333333333333333,1.25,1.5,-0.25,-0.08287313432835802,313.4285074626865
2024-02-20,2023-2024,Manchester City,Brentford,1,1,0,25,6,11,2,12,6,10,1,2,0,3,2,2.3333333333333335,0.3333333333333333,2.75,0.5,2.25,2.257126865671642,315.6856343283582
2024-02-24,2023-2024,Manchester City,Bournemouth,0,1,0,15,13,6,4,6,14,8,3,2,0,3,2,2.3333333333333335,0.3333333333333333,1.5,1.0,0.5,1.8371268656716417,317.52276119402984
2024-03-03,2023-2024,Manchester City,Manchester United,1,3,1,27,3,8,1,5,10,15,2,0,0,3,0,3.0,0.0,2.0,0.25,1.75,2.5971268656716417,320.11988805970145
2024-03-10,2023-2024,Manchester City,Liverpool,0,1,1,10,19,6,6,10,6,4,7,3,0,1,3,2.3333333333333335,0.3333333333333333,1.5,1.5,0.0,-0.14287313432835805,319.9770149253731
2024-03-31,2023-2024,Manchester City,Arsenal,1,0,0,12,6,1,2,9,20,7,4,0,0,1,0,1.6666666666666667,0.6666666666666666,0.25,0.5,-0.25,-0.36287313432835805,319.61414179104474
2024-04-03,2023-2024,Manchester City,Aston Villa,1,4,1,25,8,11,3,6,13,2,3,1,0,3,1,1.6666666666666667,0.6666666666666666,2.75,0.75,2.0,1.9171268656716416,321.5312686567164
2024-04-06,2023-2024,Manchester City,Crystal Palace,0,4,2,18,7,8,4,3,13,9,2,1,0,3,1,2.3333333333333335,0.3333333333333333,2.0,1.0,1.0,2.0171268656716417,323.548395522388
2024-04-13,2023-2024,Manchester City,Luton Town,1,5,1,33,4,13,2,7,6,12,1,1,0,3,1,3.0,0.0,3.25,0.5,2.75,2.777126865671642,326.32552238805965
2024-04-25,2023-2024,Manchester City,Brighton and Hove Albion,0,4,0,14,7,6,3,3,10,4,4,0,0,3,0,3.0,0.0,1.5,0.75,0.75,2.3571268656716415,328.68264925373126
2024-04-28,2023-2024,Manchester City,Nottingham Forest,0,2,0,11,14,5,2,6,8,5,4,0,0,3,0,3.0,0.0,1.25,0.5,0.75,2.3571268656716415,331.0397761194029
2024-05-04,2023-2024,Manchester City,Wolverhampton Wanderers,1,5,1,20,2,12,1,4,17,6,0,0,0,3,0,3.0,0.0,3.0,0.25,2.75,2.8371268656716415,333.8769029850746
2024-05-11,2023-2024,Manchester City,Fulham,0,4,0,16,1,9,1,6,9,7,1,0,0,3,0,3.0,0.0,2.25,0.25,2.0,2.657126865671642,336.5340298507462
2024-05-14,2023-2024,Manchester City,Tottenham Hotspur,0,2,0,8,10,5,5,11,14,4,7,3,0,3,3,3.0,0.0,1.25,1.25,0.0,1.9971268656716419,338.53115671641785
2024-05-19,2023-2024,Manchester City,West Ham United,1,3,1,28,3,12,2,3,12,11,2,0,0,3,0,3.0,0.0,3.0,0.5,2.5,2.777126865671642,341.30828358208953
2024-08-18,2024-2025,Manchester City,Chelsea,0,2,0,11,10,5,3,9,12,3,4,1,0,3,1,3.0,0.0,1.25,0.75,0.5,2.237126865671642,343.5454104477611
2024-08-24,2024-2025,Manchester City,Ipswich Town,1,4,1,14,1,5,1,4,15,10,1,2,0,3,2,3.0,0.0,1.25,0.25,1.0,2.297126865671642,345.8425373134328
2024-08-31,2024-2025,Manchester City,West Ham United,0,3,1,23,10,8,2,3,10,11,3,2,0,3,2,3.0,0.0,2.0,0.5,1.5,2.4171268656716416,348.25966417910445
2024-09-14,2024-2025,Manchester City,Brentford,1,2,1,18,8,7,5,9,3,12,3,3,0,3,3,3.0,0.0,1.75,1.25,0.5,2.117126865671642,350.37679104477604
2024-09-22,2024-2025,Manchester City,Arsenal,1,2,2,33,5,11,3,7,10,8,2,3,0,1,3,2.3333333333333335,0.3333333333333333,2.75,0.75,2.0,0.33712686567164196,350.7139179104477
2024-09-28,2024-2025,Manchester City,Newcastle United,0,1,1,16,11,6,4,10,14,6,5,4,0,1,4,1.6666666666666667,0.6666666666666666,1.5,1.0,0.5,-0.42287313432835805,350.29104477611935
2024-10-05,2024-2025,Manchester City,Fulham,1,3,2,20,11,7,4,4,10,8,3,2,0,3,2,1.6666666666666667,0.6666666666666666,1.75,1.0,0.75,1.5571268656716417,351.848171641791
2024-10-20,2024-2025,Manchester City,Wolverhampton Wanderers,0,2,1,22,3,7,2,5,8,18,1,1,0,3,1,2.3333333333333335,0.3333333333333333,1.75,0.5,1.25,2.0771268656716417,353.9252985074626
2024-10-26,2024-2025,Manchester City,Southampton,1,1,0,22,5,8,2,9,9,12,1,1,0,3,1,3.0,0.0,2.0,0.5,1.5,2.4771268656716416,356.4024253731343
2024-11-02,2024-2025,Manchester City,Bournemouth,0,1,2,18,12,4,6,6,11,10,3,1,0,0,1,2.0,1.0,1.0,1.5,-0.5,-1.2728731343283581,355.1295522388059
2024-11-09,2024-2025,Manchester City,Brighton and Hove Albion,0,1,2,15,10,6,4,10,12,4,0,3,0,0,3,1.0,2.0,1.5,1.0,0.5,-1.7228731343283579,353.4066791044776
2024-11-23,2024-2025,Manchester City,Tottenham Hotspur,1,0,4,23,9,5,7,19,9,9,3,4,0,0,4,0.0,3.0,1.25,1.75,-0.5,-2.592873134328358,350.8138059701492
2024-12-01,2024-2025,Manchester City,Liverpool,0,0,2,8,18,2,7,8,9,4,7,3,0,0,3,0.0,3.0,0.5,1.75,-1.25,-2.7128731343283583,348.1009328358208
2024-12-04,2024-2025,Manchester City,Nottingham Forest,1,3,0,17,12,7,3,7,15,8,2,2,0,3,2,1.0,2.0,1.75,0.75,1.0,1.1571268656716418,349.25805970149247
2024-12-07,2024-2025,Manchester City,Crystal Palace,0,2,2,12,12,4,3,10,4,8,6,0,1,1,3,1.3333333333333333,1.3333333333333333,1.0,0.75,0.25,-0.6528731343283581,348.6051865671641
2024-12-15,2024-2025,Manchester City,Manchester United,1,1,2,10,10,3,3,5,14,8,2,1,0,0,1,1.3333333333333333,1.3333333333333333,0.75,0.75,0.0,-1.492873134328358,347.1123134328358
2024-12-21,2024-2025,Manchester City,Aston Villa,0,1,2,12,11,6,6,7,14,4,5,3,0,0,3,0.3333333333333333,2.3333333333333335,1.5,1.5,0.0,-2.182873134328358,344.9294402985074
2024-12-26,2024-2025,Manchester City,Everton,1,1,1,24,8,5,3,5,10,8,5,1,0,1,1,0.3333333333333333,2.3333333333333335,1.25,0.75,0.5,-1.0428731343283582,343.88656716417904
2024-12-29,2024-2025,Manchester City,Leicester City,0,2,0,14,11,5,4,6,11,4,4,1,0,3,1,1.3333333333333333,1.3333333333333333,1.25,1.0,0.25,1.267126865671642,345.15369402985067
2025-01-04,2024-2025,Manchester City,West Ham United,1,4,1,10,17,7,4,8,13,7,1,2,0,3,2,2.3333333333333335,0.3333333333333333,1.75,1.0,0.75,1.8971268656716416,347.0508208955223
2025-01-14,2024-2025,Manchester City,Brentford,0,2,2,21,18,8,6,4,4,5,4,0,0,1,0,2.3333333333333335,0.3333333333333333,2.0,1.5,0.5,0.157126865671642,347.20794776119396
2025-01-19,2024-2025,Manchester City,Ipswich Town,0,6,0,17,8,9,4,7,4,7,4,1,0,3,1,2.3333333333333335,0.3333333333333333,2.25,1.0,1.25,2.0771268656716417,349.2850746268656
2025-01-25,2024-2025,Manchester City,Chelsea,1,3,1,15,10,6,4,6,8,2,4,3,0,3,3,2.3333333333333335,0.3333333333333333,1.5,1.0,0.5,1.777126865671642,351.06220149253727
2025-02-02,2024-2025,Manchester City,Arsenal,0,1,5,7,12,4,7,7,6,2,5,0,0,0,0,2.0,1.0,1.0,1.75,-0.75,-1.2728731343283581,349.7893283582089
2025-02-15,2024-2025,Manchester City,Newcastle United,1,4,0,11,3,7,1,5,13,7,4,0,0,3,0,2.0,1.0,1.75,0.25,1.5,1.9671268656716419,351.7564552238805
2025-02-23,2024-2025,Manchester City,Liverpool,1,0,2,16,8,5,4,3,10,7,5,0,0,0,0,1.0,2.0,1.25,1.0,0.25,-1.602873134328358,350.1535820895522
2025-02-26,2024-2025,Manchester City,Tottenham Hotspur,0,1,0,12,11,5,6,15,12,3,8,0,0,3,0,2.0,1.0,1.25,1.5,-0.25,1.5471268656716417,351.70070895522383
2025-03-08,2024-2025,Manchester City,Nottingham Forest,0,0,1,14,9,3,4,7,9,2,3,2,0,0,2,1.0,2.0,0.75,1.0,-0.25,-1.8428731343283582,349.85783582089545
2025-03-15,2024-2025,Manchester City,Brighton and Hove Albion,1,2,2,11,15,3,3,10,10,4,5,2,0,1,2,1.3333333333333333,1.3333333333333333,0.75,0.75,0.0,-0.6528731343283581,349.2049626865671
2025-04-02,2024-2025,Manchester City,Leicester City,1,2,0,18,2,5,0,11,8,5,0,1,0,3,1,1.3333333333333333,1.3333333333333333,1.25,0.0,1.25,1.507126865671642,350.7120895522387
2025-04-06,2024-2025,Manchester City,Manchester United,0,0,0,9,13,5,2,9,13,3,5,2,0,1,2,1.6666666666666667,0.6666666666666666,1.25,0.5,0.75,-0.24287313432835808,350.4692164179104
2025-04-12,2024-2025,Manchester City,Crystal Palace,1,5,2,21,8,9,3,10,16,1,4,2,0,3,2,2.3333333333333335,0.3333333333333333,2.25,0.75,1.5,2.0771268656716417,352.546343283582
2025-04-19,2024-2025,Manchester City,Everton,0,2,0,12,8,7,3,6,7,5,2,0,0,3,0,2.3333333333333335,0.3333333333333333,1.75,0.75,1.0,2.0771268656716417,354.62347014925365
2025-04-22,2024-2025,Manchester City,Aston Villa,1,2,1,14,7,6,3,9,10,10,2,3,0,3,3,3.0,0.0,1.5,0.75,0.75,2.177126865671642,356.8005970149253
2025-05-02,2024-2025,Manchester City,Wolverhampton Wanderers,1,1,0,9,6,2,1,7,11,4,5,0,0,3,0,3.0,0.0,0.5,0.25,0.25,2.237126865671642,359.0377238805969
2025-05-10,2024-2025,Manchester City,Southampton,0,0,0,26,2,5,0,8,9,15,1,0,0,1,0,2.3333333333333335,0.3333333333333333,1.25,0.0,1.25,0.33712686567164196,359.3748507462686
2025-05-20,2024-2025,Manchester City,Bournemouth,1,3,1,12,8,5,2,7,13,3,1,1,1,3,4,2.3333333333333335,0.3333333333333333,1.25,0.5,0.75,1.7771268656716417,361.1519776119402
2025-05-25,2024-2025,Manchester City,Fulham,0,2,0,20,13,5,3,5,11,6,1,0,0,3,0,2.3333333333333335,0.3333333333333333,1.25,0.75,0.5,1.9571268656716418,363.1091044776119
2025-08-16,2025-2026,Manchester City,Wolverhampton Wanderers,0,4,0,15,9,4,3,7,13,6,4,2,0,3,2,3.0,0.0,1.0,0.75,0.25,2.1171268656716418,365.22623134328353
2025-08-23,2025-2026,Manchester City,Tottenham Hotspur,1,0,2,10,12,4,5,7,12,7,2,1,0,0,1,2.0,1.0,1.0,1.25,-0.25,-1.2128731343283583,364.0133582089552
2025-08-31,2025-2026,Manchester City,Brighton and Hove Albion,0,1,2,12,12,3,7,14,16,2,3,2,0,0,2,1.0,2.0,0.75,1.75,-1.0,-2.022873134328358,361.9904850746268
2025-09-14,2025-2026,Manchester City,Manchester United,1,3,0,13,12,6,2,8,8,2,4,0,0,3,0,1.0,2.0,1.5,0.5,1.0,1.277126865671642,363.2676119402985
2025-09-21,2025-2026,Manchester City,Arsenal,0,1,1,5,12,3,3,10,11,2,11,2,0,1,2,1.3333333333333333,1.3333333333333333,0.75,0.75,0.0,-0.6528731343283581,362.6147388059701
2025-09-27,2025-2026,Manchester City,Burnley,1,5,1,21,9,8,2,5,7,10,2,1,0,3,1,2.3333333333333335,0.3333333333333333,2.0,0.5,1.5,2.137126865671642,364.7518656716417
2025-10-05,2025-2026,Manchester City,Brentford,0,1,0,10,6,4,1,6,10,2,3,2,0,3,2,2.3333333333333335,0.3333333333333333,1.0,0.25,0.75,1.8971268656716416,366.64899253731335
2025-10-18,2025-2026,Manchester City,Everton,1,2,0,19,5,7,1,8,14,11,3,0,0,3,0,3.0,0.0,1.75,0.25,1.5,2.5371268656716417,369.186119402985
2025-10-26,2025-2026,Manchester City,Aston Villa,0,0,1,18,9,4,3,16,8,6,5,4,0,0,4,2.0,1.0,1.0,0.75,0.25,-1.2728731343283581,367.9132462686566
2025-11-02,2025-2026,Manchester City,Bournemouth,1,3,1,15,8,8,5,8,11,10,4,2,0,3,2,2.0,1.0,2.0,1.25,0.75,1.6671268656716416,369.5803731343283
2025-11-09,2025-2026,Manchester City,Liverpool,1,3,0,14,7,6,1,14,15,7,7,2,0,3,2,2.0,1.0,1.5,0.25,1.25,1.7871268656716417,371.36749999999995
2020-09-19,2020-2021,Manchester United,Crystal Palace,1,1,3,13,14,4,5,13,10,9,3,2,0,0,2,0.0,3.0,1.0,1.25,-0.25,-2.412873134328358,113.58712686567164
2020-09-26,2020-2021,Manchester United,Brighton and Hove Albion,0,3,2,7,18,3,5,16,18,1,7,2,0,3,2,1.5,1.5,0.75,1.25,-0.5,1.0821268656716416,114.66925373134329
2020-10-04,2020-2021,Manchester United,Tottenham Hotspur,1,1,6,5,22,2,8,14,10,2,4,2,1,0,5,1.0,2.0,0.5,2.0,-1.5,-2.322873134328358,112.34638059701493
2020-10-17,2020-2021,Manchester United,Newcastle United,0,4,1,28,7,14,4,12,9,7,0,1,0,3,1,2.0,1.0,3.5,1.0,2.5,2.1471268656716416,114.49350746268657
2020-10-24,2020-2021,Manchester United,Chelsea,1,0,0,14,6,4,1,8,6,9,6,3,0,1,3,1.3333333333333333,1.3333333333333333,1.0,0.25,0.75,-0.5328731343283581,113.96063432835821
2020-11-01,2020-2021,Manchester United,Arsenal,1,0,1,8,7,2,2,12,12,6,3,3,0,0,3,1.3333333333333333,1.3333333333333333,0.5,0.5,0.0,-1.612873134328358,112.34776119402986
2020-11-07,2020-2021,Manchester United,Everton,0,3,1,13,7,5,1,19,12,2,5,2,0,3,2,1.3333333333333333,1.3333333333333333,1.25,0.25,1.0,1.3871268656716418,113.73488805970149
2020-11-21,2020-2021,Manchester United,West Brom,1,1,0,17,7,7,2,12,17,8,2,1,0,3,1,2.0,1.0,1.75,0.5,1.25,1.8471268656716417,115.58201492537313
2020-11-29,2020-2021,Manchester United,Southampton,0,3,2,15,10,6,5,12,12,9,5,0,0,3,0,3.0,0.0,1.5,1.25,0.25,2.237126865671642,117.81914179104477
2020-12-05,2020-2021,Manchester United,West Ham United,0,3,1,15,19,6,6,10,9,4,5,0,0,3,0,3.0,0.0,1.5,1.5,0.0,2.177126865671642,119.99626865671642
2020-12-12,2020-2021,Manchester United,Manchester City,1,0,0,11,9,2,2,13,6,4,3,1,0,1,1,2.3333333333333335,0.3333333333333333,0.5,0.5,0.0,-0.022873134328358028,119.97339552238806
2020-12-17,2020-2021,Manchester United,Sheffield United,0,3,2,14,12,8,6,8,17,3,6,2,0,3,2,2.3333333333333335,0.3333333333333333,2.0,1.5,0.5,1.8371268656716417,121.8105223880597
2020-12-20,2020-2021,Manchester United,Leeds United,1,6,2,26,17,14,3,6,6,11,13,1,0,3,1,2.3333333333333335,0.3333333333333333,3.5,0.75,2.75,2.437126865671642,124.24764925373134
2020-12-26,2020-2021,Manchester United,Leicester City,0,2,2,9,10,4,2,17,10,0,5,1,0,1,1,2.3333333333333335,0.3333333333333333,1.0,0.5,0.5,0.09712686567164197,124.34477611940298
2020-12-29,2020-2021,Manchester United,Wolverhampton Wanderers,1,1,0,11,9,3,5,11,7,2,2,1,0,3,1,2.3333333333333335,0.3333333333333333,0.75,1.25,-0.5,1.6571268656716416,126.00190298507462
2021-01-01,2020-2021,Manchester United,Aston Villa,1,2,1,19,5,9,5,22,10,5,10,4,0,3,4,2.3333333333333335,0.3333333333333333,2.25,1.25,1.0,1.8371268656716417,127.83902985074627
2021-01-12,2020-2021,Manchester United,Burnley,0,1,0,13,11,7,0,13,15,4,3,2,0,3,2,3.0,0.0,1.75,0.0,1.75,2.4771268656716416,130.3161567164179
2021-01-17,2020-2021,Manchester United,Liverpool,0,0,0,8,17,4,3,6,15,3,7,1,0,1,1,2.3333333333333335,0.3333333333333333,1.0,0.75,0.25,0.03712686567164197,130.35328358208955
2021-01-20,2020-2021,Manchester United,Fulham,0,2,1,15,12,5,5,10,6,8,2,1,0,3,1,2.3333333333333335,0.3333333333333333,1.25,1.25,0.0,1.7771268656716417,132.1304104477612
2021-01-27,2020-2021,Manchester United,Sheffield United,1,1,2,16,5,4,3,10,12,7,2,1,0,0,1,1.3333333333333333,1.3333333333333333,1.0,0.75,0.25,-1.432873134328358,130.69753731343283
2021-01-30,2020-2021,Manchester United,Arsenal,0,0,0,14,17,3,3,16,9,7,4,3,0,1,3,1.3333333333333333,1.3333333333333333,0.75,0.75,0.0,-0.7128731343283582,129.98466417910447
2021-02-02,2020-2021,Manchester United,Southampton,1,9,0,24,3,14,1,11,6,5,3,2,0,3,2,1.3333333333333333,1.3333333333333333,3.5,0.25,3.25,1.9271268656716416,131.91179104477612
2021-02-06,2020-2021,Manchester United,Everton,1,3,3,14,6,5,3,14,10,5,1,2,0,1,2,1.6666666666666667,0.6666666666666666,1.25,0.75,0.5,-0.30287313432835805,131.60891791044776
2021-02-14,2020-2021,Manchester United,West Brom,0,1,1,10,7,7,3,10,13,5,4,0,0,1,0,1.6666666666666667,0.6666666666666666,1.75,0.75,1.0,-0.06287313432835807,131.5460447761194
2021-02-21,2020-2021,Manchester United,Newcastle United,1,3,1,15,10,7,6,9,11,6,4,1,0,3,1,1.6666666666666667,0.6666666666666666,1.75,1.5,0.25,1.4971268656716419,133.04317164179105
2021-02-28,2020-2021,Manchester United,Chelsea,0,0,0,11,18,4,6,12,11,4,3,2,0,1,2,1.6666666666666667,0.6666666666666666,1.0,1.5,-0.5,-0.542873134328358,132.50029850746267
2021-03-03,2020-2021,Manchester United,Crystal Palace,0,0,0,11,8,1,2,13,4,6,4,0,0,1,0,1.6666666666666667,0.6666666666666666,0.25,0.5,-0.25,-0.36287313432835805,132.13742537313433
2021-03-07,2020-2021,Manchester United,Manchester City,0,2,0,8,23,6,6,12,9,2,6,3,0,3,3,1.6666666666666667,0.6666666666666666,1.5,1.5,0.0,1.317126865671642,133.45455223880597
2021-03-14,2020-2021,Manchester United,West Ham United,1,1,0,15,7,4,0,12,2,6,3,4,0,3,4,2.3333333333333335,0.3333333333333333,1.0,0.0,1.0,1.8371268656716417,135.29167910447762
2021-04-04,2020-2021,Manchester United,Brighton and Hove Albion,1,2,1,15,5,7,3,14,7,5,6,2,0,3,2,3.0,0.0,1.75,0.75,1.0,2.297126865671642,137.58880597014925
2021-04-11,2020-2021,Manchester United,Tottenham Hotspur,0,3,1,12,12,7,3,15,11,5,7,5,0,3,5,3.0,0.0,1.75,0.75,1.0,2.117126865671642,139.7059328358209
2021-04-18,2020-2021,Manchester United,Burnley,1,3,1,17,10,9,3,9,12,8,3,1,0,3,1,3.0,0.0,2.25,0.75,1.5,2.4771268656716416,142.18305970149254
2021-04-25,2020-2021,Manchester United,Leeds United,0,0,0,16,6,4,3,11,21,6,2,1,0,1,1,2.3333333333333335,0.3333333333333333,1.0,0.75,0.25,0.03712686567164197,142.22018656716418
2021-05-09,2020-2021,Manchester United,Aston Villa,0,3,1,18,11,7,5,18,13,6,5,1,0,3,1,2.3333333333333335,0.3333333333333333,1.75,1.25,0.5,1.8971268656716418,144.11731343283583
2021-05-11,2020-2021,Manchester United,Leicester City,1,1,2,4,12,1,3,9,12,3,4,0,0,0,0,1.3333333333333333,1.3333333333333333,0.25,0.75,-0.5,-1.5528731343283582,142.56444029850746
2021-05-13,2020-2021,Manchester United,Liverpool,1,2,4,18,17,3,8,10,12,6,4,3,0,0,3,1.0,2.0,0.75,2.0,-1.25,-2.142873134328358,140.42156716417912
2021-05-18,2020-2021,Manchester United,Fulham,1,1,1,13,8,6,5,10,15,6,1,2,0,1,2,0.3333333333333333,2.3333333333333335,1.5,1.25,0.25,-1.162873134328358,139.25869402985074
2021-05-23,2020-2021,Manchester United,Wolverhampton Wanderers,0,2,1,9,14,4,4,3,14,2,6,1,0,3,1,1.3333333333333333,1.3333333333333333,1.0,1.0,0.0,1.2071268656716418,140.4658208955224
2021-08-14,2021-2022,Manchester United,Leeds United,1,5,1,16,10,8,3,11,9,5,4,1,0,3,1,2.3333333333333335,0.3333333333333333,2.0,0.75,1.25,2.0771268656716417,142.54294776119403
2021-08-22,2021-2022,Manchester United,Southampton,0,1,1,15,8,4,3,10,12,7,7,3,0,1,3,2.3333333333333335,0.3333333333333333,1.0,0.75,0.25,-0.08287313432835805,142.4600746268657
2021-08-29,2021-2022,Manchester United,Wolverhampton Wanderers,0,1,0,10,15,3,6,9,7,7,5,4,0,3,4,2.3333333333333335,0.3333333333333333,0.75,1.5,-0.75,1.4171268656716418,143.87720149253732
2021-09-11,2021-2022,Manchester United,Newcastle United,1,4,1,21,12,7,3,9,2,7,3,1,0,3,1,2.3333333333333335,0.3333333333333333,1.75,0.75,1.0,2.0171268656716417,145.89432835820895
2021-09-19,2021-2022,Manchester United,West Ham United,0,2,1,17,13,10,4,8,5,11,2,0,0,3,0,3.0,0.0,2.5,1.0,1.5,2.5371268656716417,148.43145522388062
2021-09-25,2021-2022,Manchester United,Aston Villa,1,0,1,28,7,4,3,9,13,5,5,2,0,0,2,2.0,1.0,1.0,0.75,0.25,-1.152873134328358,147.27858208955223
2021-10-02,2021-2022,Manchester United,Everton,1,1,1,13,12,6,2,10,9,10,1,1,0,1,1,1.3333333333333333,1.3333333333333333,1.5,0.5,1.0,-0.35287313432835815,146.92570895522388
2021-10-16,2021-2022,Manchester United,Leicester City,0,2,4,18,22,6,11,17,5,3,4,3,0,0,3,0.3333333333333333,2.3333333333333335,1.5,2.75,-1.25,-2.482873134328358,144.44283582089554
2021-10-24,2021-2022,Manchester United,Liverpool,1,0,5,12,19,4,8,10,8,6,3,6,1,0,9,0.3333333333333333,2.3333333333333335,1.0,2.0,-1.0,-2.782873134328358,141.65996268656716
2021-10-30,2021-2022,Manchester United,Tottenham Hotspur,0,3,0,10,9,4,0,14,12,2,10,3,0,3,3,1.0,2.0,1.0,0.0,1.0,1.0971268656716417,142.75708955223882
2021-11-06,2021-2022,Manchester United,Manchester City,1,0,2,5,16,1,5,9,12,1,9,1,0,0,1,1.0,2.0,0.25,1.25,-1.0,-1.9628731343283579,140.79421641791046
2021-11-20,2021-2022,Manchester United,Watford,0,1,4,9,20,3,7,5,7,3,9,1,1,0,4,1.0,2.0,0.75,1.75,-1.0,-2.142873134328358,138.6513432835821
2021-11-28,2021-2022,Manchester United,Chelsea,0,1,1,3,24,2,6,14,13,2,15,5,0,1,5,0.3333333333333333,2.3333333333333335,0.5,1.5,-1.0,-1.642873134328358,137.00847014925372
2021-12-02,2021-2022,Manchester United,Arsenal,1,3,2,14,17,10,8,9,10,3,8,1,0,3,1,1.3333333333333333,1.3333333333333333,2.5,2.0,0.5,1.327126865671642,138.33559701492538
2021-12-05,2021-2022,Manchester United,Crystal Palace,1,1,0,16,8,3,2,16,9,9,6,2,0,3,2,2.3333333333333335,0.3333333333333333,0.75,0.5,0.25,1.7771268656716417,140.112723880597
2021-12-11,2021-2022,Manchester United,Norwich City,0,1,0,13,11,5,5,17,6,6,8,1,0,3,1,3.0,0.0,1.25,1.25,0.0,2.1171268656716418,142.22985074626865
2021-12-27,2021-2022,Manchester United,Newcastle United,0,1,1,13,13,4,8,8,11,4,2,3,0,1,3,2.3333333333333335,0.3333333333333333,1.0,2.0,-1.0,-0.38287313432835807,141.8469776119403
2021-12-30,2021-2022,Manchester United,Burnley,1,3,1,18,10,6,3,5,10,7,5,0,0,3,0,2.3333333333333335,0.3333333333333333,1.5,0.75,0.75,2.0171268656716417,143.86410447761193
2022-01-03,2021-2022,Manchester United,Wolverhampton Wanderers,1,0,1,9,19,2,6,9,8,3,8,3,0,0,3,1.3333333333333333,1.3333333333333333,0.5,1.5,-1.0,-1.852873134328358,142.01123134328358
2022-01-15,2021-2022,Manchester United,Aston Villa,0,2,2,13,13,6,9,13,8,6,3,2,0,1,2,1.3333333333333333,1.3333333333333333,1.5,2.25,-0.75,-0.8328731343283582,141.17835820895522
2022-01-19,2021-2022,Manchester United,Brentford,0,3,1,13,18,5,8,9,7,9,6,0,0,3,0,1.3333333333333333,1.3333333333333333,1.25,2.0,-0.75,1.087126865671642,142.26548507462687
2022-01-22,2021-2022,Manchester United,West Ham United,1,1,0,18,6,3,1,9,8,3,3,1,0,3,1,2.3333333333333335,0.3333333333333333,0.75,0.25,0.5,1.8971268656716418,144.16261194029852
2022-02-08,2021-2022,Manchester United,Burnley,0,1,1,22,9,5,3,10,11,10,2,1,0,1,1,2.3333333333333335,0.3333333333333333,1.25,0.75,0.5,0.09712686567164197,144.25973880597016
2022-02-12,2021-2022,Manchester United,Southampton,1,1,1,12,13,8,4,12,13,1,4,4,0,1,4,1.6666666666666667,0.6666666666666666,2.0,1.0,1.0,-0.30287313432835805,143.9568656716418
2022-02-15,2021-2022,Manchester United,Brighton and Hove Albion,1,2,0,19,10,7,3,8,10,10,2,3,0,3,3,1.6666666666666667,0.6666666666666666,1.75,0.75,1.0,1.5571268656716417,145.51399253731344
2022-02-20,2021-2022,Manchester United,Leeds United,0,4,2,15,16,9,6,19,13,3,3,3,0,3,3,2.3333333333333335,0.3333333333333333,2.25,1.5,0.75,1.8371268656716417,147.3511194029851
2022-02-26,2021-2022,Manchester United,Watford,1,0,0,22,10,3,2,2,7,4,3,0,0,1,0,2.3333333333333335,0.3333333333333333,0.75,0.5,0.25,0.09712686567164197,147.4482462686567
2022-03-06,2021-2022,Manchester United,Manchester City,0,1,4,5,24,2,10,14,10,3,9,1,0,0,1,1.3333333333333333,1.3333333333333333,0.5,2.5,-2.0,-1.9728731343283579,145.47537313432835
2022-03-12,2021-2022,Manchester United,Tottenham Hotspur,1,3,2,10,10,6,3,8,7,4,5,2,0,3,2,1.3333333333333333,1.3333333333333333,1.5,0.75,0.75,1.3271268656716417,146.8025
2022-04-02,2021-2022,Manchester United,Leicester City,1,1,1,11,11,5,3,13,6,6,5,2,0,1,2,1.3333333333333333,1.3333333333333333,1.25,0.75,0.5,-0.5328731343283581,146.26962686567165
2022-04-09,2021-2022,Manchester United,Everton,0,0,1,12,7,4,3,10,4,7,5,2,0,0,2,1.3333333333333333,1.3333333333333333,1.0,0.75,0.25,-1.492873134328358,144.7767537313433
2022-04-16,2021-2022,Manchester United,Norwich City,1,3,2,20,15,9,4,7,6,6,7,0,0,3,0,1.3333333333333333,1.3333333333333333,2.25,1.0,1.25,1.567126865671642,146.34388059701493
2022-04-19,2021-2022,Manchester United,Liverpool,0,0,4,2,14,1,5,6,3,2,10,2,0,0,2,1.0,2.0,0.25,1.25,-1.0,-2.022873134328358,144.32100746268657
2022-04-23,2021-2022,Manchester United,Arsenal,0,1,3,14,14,5,7,12,9,7,1,4,0,0,4,1.0,2.0,1.25,1.75,-0.5,-2.022873134328358,142.2981343283582
2022-04-28,2021-2022,Manchester United,Chelsea,1,1,1,6,21,3,6,9,12,2,9,0,0,1,0,0.3333333333333333,2.3333333333333335,0.75,1.5,-0.75,-1.282873134328358,141.01526119402985
2022-05-02,2021-2022,Manchester United,Brentford,1,3,0,9,12,5,4,4,6,3,8,1,0,3,1,1.3333333333333333,1.3333333333333333,1.25,1.0,0.25,1.267126865671642,142.2823880597015
2022-05-07,2021-2022,Manchester United,Brighton and Hove Albion,0,0,4,15,17,5,6,9,13,6,7,2,0,0,2,1.3333333333333333,1.3333333333333333,1.25,1.5,-0.25,-1.6128731343283582,140.66951492537314
2022-05-22,2021-2022,Manchester United,Crystal Palace,0,0,1,10,6,4,3,22,12,6,3,4,0,0,4,1.0,2.0,1.0,0.75,0.25,-1.8428731343283578,138.82664179104478
2022-08-07,2022-2023,Manchester United,Brighton and Hove Albion,1,1,2,17,15,5,4,7,12,6,2,4,0,0,4,0.0,3.0,1.25,1.0,0.25,-2.412873134328358,136.41376865671643
2022-08-13,2022-2023,Manchester United,Brentford,0,0,4,15,13,4,7,15,6,2,8,4,0,0,4,0.0,3.0,1.0,1.75,-0.75,-2.652873134328358,133.76089552238807
2022-08-22,2022-2023,Manchester United,Liverpool,1,2,1,12,17,4,5,11,7,6,8,3,0,3,3,1.0,2.0,1.0,1.25,-0.25,0.7971268656716417,134.55802238805973
2022-08-27,2022-2023,Manchester United,Southampton,0,1,0,11,17,6,5,14,4,3,5,3,0,3,3,2.0,1.0,1.5,1.25,0.25,1.4871268656716417,136.04514925373135
2022-09-01,2022-2023,Manchester United,Leicester City,0,1,0,9,10,2,2,15,7,3,1,3,0,3,3,3.0,0.0,0.5,0.5,0.0,1.9971268656716419,138.042276119403
2022-09-04,2022-2023,Manchester United,Arsenal,1,3,1,10,16,6,3,13,9,2,5,3,0,3,3,3.0,0.0,1.5,0.75,0.75,2.177126865671642,140.21940298507462
2022-10-02,2022-2023,Manchester United,Manchester City,0,3,6,12,22,8,10,9,3,1,5,3,0,0,3,2.0,1.0,2.0,2.5,-0.5,-1.3928731343283582,138.82652985074628
2022-10-09,2022-2023,Manchester United,Everton,0,2,1,12,11,4,2,13,7,4,5,1,0,3,1,2.0,1.0,1.0,0.5,0.5,1.6671268656716418,140.49365671641792
2022-10-16,2022-2023,Manchester United,Newcastle United,1,0,0,15,9,2,2,13,11,4,4,3,0,1,3,1.3333333333333333,1.3333333333333333,0.5,0.5,0.0,-0.7128731343283582,139.78078358208955
2022-10-19,2022-2023,Manchester United,Tottenham Hotspur,1,2,0,28,9,10,2,7,7,8,3,1,0,3,1,2.3333333333333335,0.3333333333333333,2.5,0.5,2.0,2.2571268656716414,142.0379104477612
2022-10-22,2022-2023,Manchester United,Chelsea,0,1,1,13,6,6,2,10,8,4,6,4,0,1,4,1.6666666666666667,0.6666666666666666,1.5,0.5,1.0,-0.30287313432835805,141.73503731343285
2022-10-30,2022-2023,Manchester United,West Ham United,1,1,0,16,13,3,5,12,10,5,10,1,0,3,1,2.3333333333333335,0.3333333333333333,0.75,1.25,-0.5,1.6571268656716416,143.3921641791045
2022-11-06,2022-2023,Manchester United,Aston Villa,0,1,3,8,6,3,4,12,6,5,3,3,0,0,3,1.3333333333333333,1.3333333333333333,0.75,1.0,-0.25,-1.6728731343283583,141.71929104477613
2022-11-13,2022-2023,Manchester United,Fulham,0,2,1,14,14,9,7,10,9,3,10,1,0,3,1,2.0,1.0,2.25,1.75,0.5,1.6671268656716418,143.38641791044776
2022-12-27,2022-2023,Manchester United,Nottingham Forest,1,3,0,17,8,8,3,13,4,9,9,3,0,3,3,2.0,1.0,2.0,0.75,1.25,1.7271268656716419,145.1135447761194
2022-12-31,2022-2023,Manchester United,Wolverhampton Wanderers,0,1,0,16,10,6,3,11,11,5,7,3,0,3,3,3.0,0.0,1.5,0.75,0.75,2.177126865671642,147.29067164179105
2023-01-03,2022-2023,Manchester United,Bournemouth,1,3,0,18,7,6,4,13,7,6,5,0,0,3,0,3.0,0.0,1.5,1.0,0.5,2.297126865671642,149.5877985074627
2023-01-14,2022-2023,Manchester United,Manchester City,1,2,1,8,5,4,1,15,5,1,2,3,0,3,3,3.0,0.0,1.0,0.25,0.75,2.177126865671642,151.76492537313433
2023-01-18,2022-2023,Manchester United,Crystal Palace,0,1,1,15,10,4,5,10,9,3,3,2,0,1,2,2.3333333333333335,0.3333333333333333,1.0,1.25,-0.25,-0.14287313432835805,151.62205223880596
2023-01-22,2022-2023,Manchester United,Arsenal,0,2,3,6,25,4,5,9,8,4,12,2,0,0,2,1.3333333333333333,1.3333333333333333,1.0,1.25,-0.25,-1.6128731343283582,150.0091791044776
2023-02-04,2022-2023,Manchester United,Crystal Palace,1,2,1,14,10,5,3,9,9,5,5,1,1,3,4,1.3333333333333333,1.3333333333333333,1.25,0.75,0.5,1.147126865671642,151.15630597014925
2023-02-08,2022-2023,Manchester United,Leeds United,1,2,2,24,8,7,2,7,11,6,5,1,0,1,1,1.3333333333333333,1.3333333333333333,1.75,0.5,1.25,-0.29287313432835815,150.8634328358209
2023-02-12,2022-2023,Manchester United,Leeds United,0,2,0,11,16,5,6,13,10,3,7,1,0,3,1,2.3333333333333335,0.3333333333333333,1.25,1.5,-0.25,1.7171268656716416,152.58055970149255
2023-02-19,2022-2023,Manchester United,Leicester City,1,3,0,26,19,8,3,9,9,6,6,0,0,3,0,2.3333333333333335,0.3333333333333333,2.0,0.75,1.25,2.137126865671642,154.71768656716418
2023-03-05,2022-2023,Manchester United,Liverpool,0,0,7,8,18,4,8,14,13,3,4,3,0,0,3,2.0,1.0,1.0,2.0,-1.0,-1.5128731343283583,153.2048134328358
2023-03-12,2022-2023,Manchester United,Southampton,1,0,0,10,17,4,4,12,9,7,8,2,0,1,2,1.3333333333333333,1.3333333333333333,1.0,1.0,0.0,-0.6528731343283581,152.55194029850747
2023-04-02,2022-2023,Manchester United,Newcastle United,0,0,2,6,22,1,6,12,8,4,7,0,0,0,0,0.3333333333333333,2.3333333333333335,0.25,1.5,-1.25,-2.302873134328358,150.2490671641791
2023-04-05,2022-2023,Manchester United,Brentford,1,1,0,18,6,3,1,8,13,12,3,3,0,3,3,1.3333333333333333,1.3333333333333333,0.75,0.25,0.5,1.207126865671642,151.45619402985074
2023-04-08,2022-2023,Manchester United,Everton,1,2,0,29,15,11,1,10,9,10,4,0,0,3,0,2.0,1.0,2.75,0.25,2.5,2.2071268656716416,153.6633208955224
2023-04-16,2022-2023,Manchester United,Nottingham Forest,0,2,0,22,6,8,0,9,9,9,4,2,0,3,2,3.0,0.0,2.0,0.0,2.0,2.5371268656716417,156.20044776119403
2023-04-27,2022-2023,Manchester United,Tottenham Hotspur,0,2,2,17,18,8,7,7,8,8,6,2,0,1,2,2.3333333333333335,0.3333333333333333,2.0,1.75,0.25,-0.022873134328358028,156.17757462686566
2023-04-30,2022-2023,Manchester United,Aston Villa,1,1,0,14,7,6,1,16,7,1,4,2,0,3,2,2.3333333333333335,0.3333333333333333,1.5,0.25,1.25,2.0171268656716417,158.19470149253732
2023-05-04,2022-2023,Manchester United,Brighton and Hove Albion,0,0,1,16,22,5,6,14,10,6,8,4,0,0,4,1.3333333333333333,1.3333333333333333,1.25,1.5,-0.25,-1.732873134328358,156.46182835820895
2023-05-07,2022-2023,Manchester United,West Ham United,0,0,1,19,15,4,4,9,4,6,5,2,0,0,2,1.0,2.0,1.0,1.0,0.0,-1.7828731343283581,154.6789552238806
2023-05-13,2022-2023,Manchester United,Wolverhampton Wanderers,1,2,0,27,5,9,0,9,9,11,7,3,0,3,3,1.0,2.0,2.25,0.0,2.25,1.3971268656716418,156.07608208955224
2023-05-20,2022-2023,Manchester United,Bournemouth,0,1,0,20,10,5,4,7,6,6,3,0,0,3,0,2.0,1.0,1.25,1.0,0.25,1.6671268656716418,157.74320895522388
2023-05-25,2022-2023,Manchester United,Chelsea,1,4,1,18,14,9,5,12,6,3,4,1,0,3,1,3.0,0.0,2.25,1.25,1.0,2.357126865671642,160.1003358208955
2023-05-28,2022-2023,Manchester United,Fulham,1,2,1,21,10,8,3,14,10,5,4,1,0,3,1,3.0,0.0,2.0,0.75,1.25,2.417126865671642,162.51746268656717
2023-08-14,2023-2024,Manchester United,Wolverhampton Wanderers,1,1,0,15,23,3,6,14,10,8,7,2,0,3,2,3.0,0.0,0.75,1.5,-0.75,1.8771268656716418,164.3945895522388
2023-08-19,2023-2024,Manchester United,Tottenham Hotspur,0,0,2,22,17,6,6,8,9,6,5,3,0,0,3,2.0,1.0,1.5,1.5,0.0,-1.2728731343283581,163.12171641791045
2023-08-26,2023-2024,Manchester United,Nottingham Forest,1,3,2,18,9,9,4,13,11,11,3,4,0,3,4,2.0,1.0,2.25,1.0,1.25,1.6671268656716418,164.78884328358208
2023-09-03,2023-2024,Manchester United,Arsenal,0,1,3,10,17,2,5,7,8,3,12,3,0,0,3,1.0,2.0,0.5,1.25,-0.75,-2.022873134328358,162.76597014925375
2023-09-16,2023-2024,Manchester United,Brighton and Hove Albion,1,1,3,14,10,4,8,8,9,8,1,2,0,0,2,1.0,2.0,1.0,2.0,-1.0,-2.022873134328358,160.74309701492538
2023-09-23,2023-2024,Manchester United,Burnley,0,1,0,11,12,4,4,12,6,5,9,2,0,3,2,1.0,2.0,1.0,1.0,0.0,0.9171268656716418,161.66022388059702
2023-09-30,2023-2024,Manchester United,Crystal Palace,1,0,1,19,8,4,2,10,8,10,4,3,0,0,3,1.0,2.0,1.0,0.5,0.5,-1.7228731343283579,159.93735074626866
2023-10-07,2023-2024,Manchester United,Brentford,1,2,1,21,11,8,3,10,17,7,5,0,0,3,0,2.0,1.0,2.0,0.75,1.25,1.9071268656716418,161.8444776119403
2023-10-21,2023-2024,Manchester United,Sheffield United,0,2,1,14,12,5,6,10,12,4,5,1,0,3,1,2.0,1.0,1.25,1.5,-0.25,1.4871268656716417,163.33160447761193
2023-10-29,2023-2024,Manchester United,Manchester City,1,0,3,7,21,3,10,9,4,7,12,4,0,0,4,2.0,1.0,0.75,2.5,-1.75,-1.7528731343283581,161.57873134328358
2023-11-04,2023-2024,Manchester United,Fulham,0,1,0,12,18,5,3,15,9,4,9,2,0,3,2,2.0,1.0,1.25,0.75,0.5,1.6071268656716418,163.1858582089552
2023-11-11,2023-2024,Manchester United,Luton Town,1,1,0,15,10,4,4,9,11,11,3,0,0,3,0,2.0,1.0,1.0,1.0,0.0,1.6071268656716418,164.79298507462687
2023-11-26,2023-2024,Manchester United,Everton,0,3,0,9,24,4,6,8,10,5,6,0,0,3,0,3.0,0.0,1.0,1.5,-0.5,2.0571268656716417,166.8501119402985
2023-12-02,2023-2024,Manchester United,Newcastle United,0,0,1,8,22,1,4,13,6,3,7,2,0,0,2,2.0,1.0,0.25,1.0,-0.75,-1.3928731343283582,165.45723880597012
2023-12-06,2023-2024,Manchester United,Chelsea,1,2,1,28,13,9,3,12,12,12,4,4,0,3,4,2.0,1.0,2.25,0.75,1.5,1.7271268656716419,167.18436567164179
2023-12-09,2023-2024,Manchester United,Bournemouth,1,0,3,20,10,3,4,7,10,10,4,3,0,0,3,1.0,2.0,0.75,1.0,-0.25,-1.9028731343283583,165.28149253731343
2023-12-17,2023-2024,Manchester United,Liverpool,0,0,0,6,34,1,8,8,13,0,12,4,1,1,7,1.3333333333333333,1.3333333333333333,0.25,2.0,-1.75,-1.3728731343283582,163.90861940298507
2023-12-23,2023-2024,Manchester United,West Ham United,0,0,2,11,12,3,5,15,13,4,4,3,0,0,3,0.3333333333333333,2.3333333333333335,0.75,1.25,-0.5,-2.302873134328358,161.6057462686567
2023-12-26,2023-2024,Manchester United,Aston Villa,1,3,2,13,10,7,4,10,10,3,6,1,0,3,1,1.3333333333333333,1.3333333333333333,1.75,1.0,0.75,1.3871268656716418,162.99287313432833
2023-12-30,2023-2024,Manchester United,Nottingham Forest,0,1,2,10,8,5,2,11,9,5,4,4,0,0,4,1.0,2.0,1.25,0.5,0.75,-1.722873134328358,161.26999999999998
2024-01-14,2023-2024,Manchester United,Tottenham Hotspur,1,2,2,9,16,2,6,8,5,8,13,2,0,1,2,1.3333333333333333,1.3333333333333333,0.5,1.5,-1.0,-0.8928731343283581,160.3771268656716
2024-02-01,2023-2024,Manchester United,Wolverhampton Wanderers,0,4,3,21,16,8,7,10,10,5,4,5,0,3,5,1.3333333333333333,1.3333333333333333,2.0,1.75,0.25,1.027126865671642,161.40425373134326
2024-02-04,2023-2024,Manchester United,West Ham United,1,3,0,12,22,5,3,10,5,5,8,0,0,3,0,2.3333333333333335,0.3333333333333333,1.25,0.75,0.5,1.9571268656716418,163.3613805970149
2024-02-11,2023-2024,Manchester United,Aston Villa,0,2,1,17,23,5,10,7,9,8,10,2,0,3,2,3.0,0.0,1.25,2.5,-1.25,1.7571268656716417,165.11850746268655
2024-02-18,2023-2024,Manchester United,Luton Town,0,2,1,21,22,9,4,21,7,6,8,5,0,3,5,3.0,0.0,2.25,1.0,1.25,2.177126865671642,167.29563432835818
2024-02-24,2023-2024,Manchester United,Fulham,1,1,2,21,17,9,5,6,11,10,9,2,0,0,2,2.0,1.0,2.25,1.25,1.0,-0.9728731343283581,166.32276119402982
2024-03-03,2023-2024,Manchester United,Manchester City,0,1,3,3,27,1,8,10,5,2,15,1,0,0,1,1.0,2.0,0.25,2.0,-1.75,-2.142873134328358,164.17988805970145
2024-03-09,2023-2024,Manchester United,Everton,1,2,0,15,23,8,6,13,11,5,8,1,0,3,1,1.0,2.0,2.0,1.5,0.5,1.097126865671642,165.27701492537312
2024-03-30,2023-2024,Manchester United,Brentford,0,1,1,11,31,5,5,14,7,4,14,2,0,1,2,1.3333333333333333,1.3333333333333333,1.25,1.25,0.0,-0.6528731343283581,164.62414179104474
2024-04-04,2023-2024,Manchester United,Chelsea,0,3,4,19,28,5,10,15,7,3,12,0,0,0,0,1.3333333333333333,1.3333333333333333,1.25,2.5,-1.25,-1.732873134328358,162.8912686567164
2024-04-07,2023-2024,Manchester United,Liverpool,1,2,2,9,28,5,7,9,10,6,11,5,0,1,5,0.6666666666666666,1.6666666666666667,1.25,1.75,-0.5,-1.292873134328358,161.59839552238805
2024-04-13,2023-2024,Manchester United,Bournemouth,0,2,2,8,20,2,5,14,13,2,7,0,0,1,0,0.6666666666666666,1.6666666666666667,0.5,1.25,-0.75,-1.052873134328358,160.54552238805968
2024-04-24,2023-2024,Manchester United,Sheffield United,1,4,2,25,10,13,4,7,9,9,4,0,0,3,0,1.6666666666666667,0.6666666666666666,3.25,1.0,2.25,2.0371268656716417,162.58264925373132
2024-04-27,2023-2024,Manchester United,Burnley,1,1,1,27,16,10,7,7,11,6,5,1,0,1,1,1.6666666666666667,0.6666666666666666,2.5,1.75,0.75,-0.18287313432835806,162.39977611940296
2024-05-06,2023-2024,Manchester United,Crystal Palace,0,0,4,7,18,2,10,8,12,3,6,1,0,0,1,1.3333333333333333,1.3333333333333333,0.5,2.5,-2.0,-1.9728731343283579,160.4269029850746
2024-05-12,2023-2024,Manchester United,Arsenal,1,0,1,14,11,2,5,5,6,4,7,0,0,0,0,0.3333333333333333,2.3333333333333335,0.5,1.25,-0.75,-2.182873134328358,158.24402985074624
2024-05-15,2023-2024,Manchester United,Newcastle United,1,3,2,17,21,8,8,16,7,9,9,3,0,3,3,1.0,2.0,2.0,2.0,0.0,0.8571268656716418,159.10115671641788
2024-05-19,2023-2024,Manchester United,Brighton and Hove Albion,0,2,0,11,17,4,3,9,10,5,7,3,0,3,3,2.0,1.0,1.0,0.75,0.25,1.4871268656716417,160.5882835820895
2024-08-16,2024-2025,Manchester United,Fulham,1,1,0,14,10,5,2,12,10,7,8,2,0,3,2,3.0,0.0,1.25,0.5,0.75,2.2371268656716414,162.82541044776116
2024-08-24,2024-2025,Manchester United,Brighton and Hove Albion,0,1,2,11,14,4,5,13,9,4,4,2,0,0,2,2.0,1.0,1.0,1.25,-0.25,-1.2728731343283581,161.5525373134328
2024-09-01,2024-2025,Manchester United,Liverpool,1,0,3,8,11,3,3,7,7,5,2,4,0,0,4,1.0,2.0,0.75,0.75,0.0,-1.9028731343283578,159.64966417910443
2024-09-14,2024-2025,Manchester United,Southampton,0,3,0,20,6,10,4,14,11,7,0,4,0,3,4,1.0,2.0,2.5,1.0,1.5,1.157126865671642,160.80679104477608
2024-09-21,2024-2025,Manchester United,Crystal Palace,0,0,0,15,9,6,4,12,7,11,4,1,0,1,1,1.3333333333333333,1.3333333333333333,1.5,1.0,0.5,-0.4728731343283581,160.33391791044772
2024-09-29,2024-2025,Manchester United,Tottenham Hotspur,1,0,3,11,24,2,10,16,14,5,3,5,1,0,8,1.3333333333333333,1.3333333333333333,0.5,2.5,-2.0,-2.3928731343283576,157.94104477611938
2024-10-06,2024-2025,Manchester United,Aston Villa,0,0,0,10,11,4,1,11,12,3,6,5,0,1,5,0.6666666666666666,1.6666666666666667,1.0,0.25,0.75,-0.992873134328358,156.94817164179102
2024-10-19,2024-2025,Manchester United,Brentford,1,2,1,23,8,11,2,14,5,9,2,2,0,3,2,1.3333333333333333,1.3333333333333333,2.75,0.5,2.25,1.6871268656716418,158.63529850746266
2024-10-27,2024-2025,Manchester United,West Ham United,0,1,2,18,12,5,3,7,6,5,6,1,0,0,1,1.3333333333333333,1.3333333333333333,1.25,0.75,0.5,-1.372873134328358,157.2624253731343
2024-11-03,2024-2025,Manchester United,Chelsea,1,1,1,11,12,4,3,19,14,4,8,6,0,1,6,1.3333333333333333,1.3333333333333333,1.0,0.75,0.25,-0.8328731343283582,156.42955223880594
2024-11-10,2024-2025,Manchester United,Leicester City,1,3,0,13,6,3,5,9,5,1,5,0,0,3,0,1.3333333333333333,1.3333333333333333,0.75,1.25,-0.5,1.1471268656716418,157.5766791044776
2024-11-24,2024-2025,Manchester United,Ipswich Town,0,1,1,11,11,4,6,10,11,3,4,0,0,1,0,1.6666666666666667,0.6666666666666666,1.0,1.5,-0.5,-0.42287313432835805,157.15380597014922
2024-12-01,2024-2025,Manchester United,Everton,1,4,0,11,8,5,2,12,12,2,2,2,0,3,2,2.3333333333333335,0.3333333333333333,1.25,0.5,0.75,1.8971268656716416,159.05093283582087
2024-12-04,2024-2025,Manchester United,Arsenal,0,0,2,5,14,2,6,8,12,0,13,3,0,0,3,1.3333333333333333,1.3333333333333333,0.5,1.5,-1.0,-1.852873134328358,157.19805970149253
2024-12-07,2024-2025,Manchester United,Nottingham Forest,1,2,3,17,11,7,3,10,13,5,3,0,0,0,0,1.0,2.0,1.75,0.75,1.0,-1.422873134328358,155.77518656716416
2024-12-15,2024-2025,Manchester United,Manchester City,0,2,1,10,10,3,3,14,5,2,8,1,0,3,1,1.0,2.0,0.75,0.75,0.0,0.9771268656716419,156.75231343283582
2024-12-22,2024-2025,Manchester United,Bournemouth,1,0,3,23,10,7,5,11,11,13,1,1,0,0,1,1.0,2.0,1.75,1.25,0.5,-1.602873134328358,155.14944029850744
2024-12-26,2024-2025,Manchester United,Wolverhampton Wanderers,0,0,2,11,7,4,4,12,12,4,4,2,1,0,5,1.0,2.0,1.0,1.0,0.0,-1.9628731343283579,153.1865671641791
2024-12-30,2024-2025,Manchester United,Newcastle United,1,0,2,10,12,0,4,13,8,2,3,1,0,0,1,0.0,3.0,0.0,1.0,-1.0,-2.5328731343283577,150.65369402985073
2025-01-05,2024-2025,Manchester United,Liverpool,0,2,2,13,19,4,6,13,10,9,6,4,0,1,4,0.3333333333333333,2.3333333333333335,1.0,1.5,-0.5,-1.462873134328358,149.1908208955224
2025-01-16,2024-2025,Manchester United,Southampton,1,3,1,23,13,9,5,7,10,5,4,1,0,3,1,1.3333333333333333,1.3333333333333333,2.25,1.25,1.0,1.4471268656716418,150.63794776119403
2025-01-19,2024-2025,Manchester United,Brighton and Hove Albion,1,1,3,10,6,1,3,13,12,4,2,3,0,0,3,1.3333333333333333,1.3333333333333333,0.25,0.75,-0.5,-1.732873134328358,148.90507462686566
2025-01-26,2024-2025,Manchester United,Fulham,0,1,0,4,9,1,3,9,7,0,3,1,0,3,1,2.0,1.0,0.25,0.75,-0.5,1.4271268656716416,150.3322014925373
2025-02-02,2024-2025,Manchester United,Crystal Palace,1,0,2,17,11,2,3,12,13,11,0,3,0,0,3,1.0,2.0,0.5,0.75,-0.25,-1.9028731343283583,148.42932835820895
2025-02-16,2024-2025,Manchester United,Tottenham Hotspur,0,0,1,16,22,6,7,9,13,5,10,2,0,0,2,1.0,2.0,1.5,1.75,-0.25,-1.8428731343283582,146.5864552238806
2025-02-22,2024-2025,Manchester United,Everton,0,2,2,9,9,3,8,9,12,9,7,1,0,1,1,0.3333333333333333,2.3333333333333335,0.75,2.0,-1.25,-1.462873134328358,145.12358208955223
2025-02-26,2024-2025,Manchester United,Ipswich Town,1,3,2,10,12,6,3,9,16,5,6,4,1,3,7,1.3333333333333333,1.3333333333333333,1.5,0.75,0.75,1.0271268656716417,146.15070895522388
2025-03-09,2024-2025,Manchester United,Arsenal,1,1,1,10,17,6,6,8,11,2,9,0,0,1,0,1.6666666666666667,0.6666666666666666,1.5,1.5,0.0,-0.30287313432835805,145.8478358208955
2025-03-16,2024-2025,Manchester United,Leicester City,0,3,0,18,11,5,3,6,6,4,6,0,0,3,0,2.3333333333333335,0.3333333333333333,1.25,0.75,0.5,1.9571268656716418,147.80496268656717
2025-04-01,2024-2025,Manchester United,Nottingham Forest,0,0,1,23,8,6,2,12,5,10,3,3,0,0,3,1.3333333333333333,1.3333333333333333,1.5,0.5,1.0,-1.3728731343283582,146.4320895522388
2025-04-06,2024-2025,Manchester United,Manchester City,1,0,0,13,9,2,5,13,9,5,3,3,0,1,3,1.3333333333333333,1.3333333333333333,0.5,1.25,-0.75,-0.8928731343283581,145.53921641791044
2025-04-13,2024-2025,Manchester United,Newcastle United,0,1,4,9,13,5,6,9,7,2,7,2,0,0,2,0.3333333333333333,2.3333333333333335,1.25,1.5,-0.25,-2.182873134328358,143.35634328358208
2025-04-20,2024-2025,Manchester United,Wolverhampton Wanderers,1,0,1,12,4,2,2,11,18,9,2,2,0,0,2,0.3333333333333333,2.3333333333333335,0.5,0.5,0.0,-2.122873134328358,141.23347014925372
2025-04-27,2024-2025,Manchester United,Bournemouth,0,1,1,25,8,6,1,12,11,10,5,2,0,1,2,0.3333333333333333,2.3333333333333335,1.5,0.25,1.25,-0.922873134328358,140.31059701492538
2025-05-04,2024-2025,Manchester United,Brentford,0,3,4,14,12,5,6,10,8,4,7,2,0,0,2,0.3333333333333333,2.3333333333333335,1.25,1.5,-0.25,-2.182873134328358,138.12772388059702
2025-05-11,2024-2025,Manchester United,West Ham United,1,0,2,20,9,5,4,3,13,8,5,0,0,0,0,0.3333333333333333,2.3333333333333335,1.25,1.0,0.25,-1.942873134328358,136.18485074626864
2025-05-16,2024-2025,Manchester United,Chelsea,0,0,1,4,11,1,3,14,10,2,7,6,0,0,6,0.0,3.0,0.25,0.75,-0.5,-2.7128731343283583,133.4719776119403
2025-05-25,2024-2025,Manchester United,Aston Villa,1,2,0,25,6,10,1,10,10,4,3,2,0,3,2,1.0,2.0,2.5,0.25,2.25,1.4571268656716418,134.92910447761193
2025-08-17,2025-2026,Manchester United,Arsenal,1,0,1,22,9,7,3,10,19,3,4,1,0,0,1,1.0,2.0,1.75,0.75,1.0,-1.482873134328358,133.44623134328359
2025-08-24,2025-2026,Manchester United,Fulham,0,1,1,10,13,3,4,10,12,6,9,1,0,1,1,1.3333333333333333,1.3333333333333333,0.75,1.0,-0.25,-0.6528731343283581,132.79335820895523
2025-08-30,2025-2026,Manchester United,Burnley,1,3,2,26,6,6,3,9,9,7,1,1,0,3,1,1.3333333333333333,1.3333333333333333,1.5,0.75,0.75,1.3871268656716418,134.18048507462686
2025-09-14,2025-2026,Manchester United,Manchester City,0,0,3,12,13,2,6,8,8,4,2,0,0,0,0,1.3333333333333333,1.3333333333333333,0.5,1.5,-1.0,-1.672873134328358,132.5076119402985
2025-09-20,2025-2026,Manchester United,Chelsea,1,2,1,11,5,4,1,13,14,5,5,0,1,3,3,2.0,1.0,1.0,0.25,0.75,1.6071268656716418,134.11473880597015
2025-09-27,2025-2026,Manchester United,Brentford,0,1,3,14,10,6,8,10,14,2,4,2,0,0,2,1.0,2.0,1.5,2.0,-0.5,-1.9028731343283583,132.2118656716418
2025-10-04,2025-2026,Manchester United,Sunderland,1,2,0,15,8,6,3,10,12,2,3,1,0,3,1,2.0,1.0,1.5,0.75,0.75,1.7271268656716416,133.93899253731342
2025-10-19,2025-2026,Manchester United,Liverpool,0,2,1,12,19,4,6,14,8,4,9,2,0,3,2,2.0,1.0,1.0,1.5,-0.5,1.3671268656716415,135.30611940298508
2025-10-25,2025-2026,Manchester United,Brighton and Hove Albion,1,4,2,13,17,9,5,4,13,1,6,2,0,3,2,3.0,0.0,2.25,1.25,1.0,2.297126865671642,137.6032462686567
2025-11-01,2025-2026,Manchester United,Nottingham Forest,0,2,2,18,17,7,3,7,10,5,8,1,0,1,1,2.3333333333333335,0.3333333333333333,1.75,0.75,1.0,0.217126865671642,137.82037313432835
2025-11-08,2025-2026,Manchester United,Tottenham Hotspur,0,2,2,5,10,2,4,8,10,3,5,1,0,1,1,1.6666666666666667,0.6666666666666666,0.5,1.0,-0.5,-0.482873134328358,137.3375
2020-09-12,2020-2021,Newcastle United,West Ham United,0,2,0,15,15,2,3,7,13,7,8,2,0,3,2,3.0,0.0,0.5,0.75,-0.25,1.9971268656716417,99.99712686567165
2020-09-20,2020-2021,Newcastle United,Brighton and Hove Albion,1,0,3,6,13,0,6,16,15,7,1,3,0,0,3,1.5,1.5,0.0,1.5,-1.5,-1.9178731343283582,98.07925373134329
2020-09-27,2020-2021,Newcastle United,Tottenham Hotspur,0,1,1,6,23,1,12,9,15,4,10,4,0,1,4,1.3333333333333333,1.3333333333333333,0.25,3.0,-2.75,-1.432873134328358,96.64638059701493
2020-10-03,2020-2021,Newcastle United,Burnley,1,3,1,10,7,5,3,13,17,3,4,2,0,3,2,1.3333333333333333,1.3333333333333333,1.25,0.75,0.5,1.267126865671642,97.91350746268657
2020-10-17,2020-2021,Newcastle United,Manchester United,1,1,4,7,28,4,14,9,12,0,7,1,0,0,1,1.3333333333333333,1.3333333333333333,1.0,3.5,-2.5,-2.092873134328358,95.82063432835821
2020-10-25,2020-2021,Newcastle United,Wolverhampton Wanderers,0,1,1,5,16,2,3,10,10,3,2,1,0,1,1,1.3333333333333333,1.3333333333333333,0.5,0.75,-0.25,-0.6528731343283581,95.16776119402985
2020-11-01,2020-2021,Newcastle United,Everton,1,2,1,11,15,4,4,9,10,5,4,2,0,3,2,1.3333333333333333,1.3333333333333333,1.0,1.0,0.0,1.1471268656716418,96.31488805970149
2020-11-06,2020-2021,Newcastle United,Southampton,0,0,2,4,15,2,8,11,12,3,8,2,0,0,2,1.3333333333333333,1.3333333333333333,0.5,2.0,-1.5,-1.912873134328358,94.40201492537314
2020-11-21,2020-2021,Newcastle United,Chelsea,1,0,2,8,14,1,3,11,12,7,4,2,0,0,2,1.0,2.0,0.25,0.75,-0.5,-1.9028731343283583,92.49914179104478
2020-11-27,2020-2021,Newcastle United,Crystal Palace,0,2,0,14,12,7,3,10,9,3,7,2,0,3,2,1.0,2.0,1.75,0.75,1.0,1.1571268656716418,93.65626865671642
2020-12-12,2020-2021,Newcastle United,West Brom,1,2,1,12,13,7,3,9,12,4,3,2,0,3,2,2.0,1.0,1.75,0.75,1.0,1.7271268656716416,95.38339552238806
2020-12-16,2020-2021,Newcastle United,Leeds United,0,2,5,10,25,4,10,13,10,4,7,1,0,0,1,2.0,1.0,1.0,2.5,-1.5,-1.5128731343283583,93.8705223880597
2020-12-19,2020-2021,Newcastle United,Fulham,1,1,1,12,11,5,4,7,17,2,9,1,0,1,1,1.3333333333333333,1.3333333333333333,1.25,1.0,0.25,-0.5328731343283581,93.33764925373134
2020-12-26,2020-2021,Newcastle United,Manchester City,0,0,2,7,11,2,6,12,5,3,7,2,0,0,2,0.3333333333333333,2.3333333333333335,0.5,1.5,-1.0,-2.362873134328358,90.97477611940299
2020-12-30,2020-2021,Newcastle United,Liverpool,1,0,0,8,11,2,4,9,13,5,12,2,0,1,2,0.6666666666666666,1.6666666666666667,0.5,1.0,-0.5,-1.112873134328358,89.86190298507462
2021-01-03,2020-2021,Newcastle United,Leicester City,1,1,2,8,9,2,3,10,11,3,6,0,0,0,0,0.3333333333333333,2.3333333333333335,0.5,0.75,-0.25,-2.062873134328358,87.79902985074627
2021-01-12,2020-2021,Newcastle United,Sheffield United,0,0,1,7,17,3,4,12,13,2,5,3,1,0,6,0.3333333333333333,2.3333333333333335,0.75,1.0,-0.25,-2.4228731343283583,85.37615671641791
2021-01-18,2020-2021,Newcastle United,Arsenal,0,0,3,4,20,1,6,8,9,2,7,0,0,0,0,0.0,3.0,0.25,1.5,-1.25,-2.5328731343283577,82.84328358208955
2021-01-23,2020-2021,Newcastle United,Aston Villa,0,0,2,7,14,1,5,18,9,4,5,3,0,0,3,0.0,3.0,0.25,1.25,-1.0,-2.6528731343283583,80.1904104477612
2021-01-26,2020-2021,Newcastle United,Leeds United,1,1,2,22,9,5,2,10,15,9,5,1,0,0,1,0.0,3.0,1.25,0.5,0.75,-2.112873134328358,78.07753731343283
2021-01-30,2020-2021,Newcastle United,Everton,0,2,0,13,11,3,3,6,13,12,7,4,0,3,4,1.0,2.0,0.75,0.75,0.0,0.797126865671642,78.87466417910449
2021-02-02,2020-2021,Newcastle United,Crystal Palace,1,1,2,21,6,5,3,14,11,9,1,1,0,0,1,1.0,2.0,1.25,0.75,0.5,-1.602873134328358,77.27179104477612
2021-02-06,2020-2021,Newcastle United,Southampton,1,3,2,6,14,4,5,11,14,0,7,2,1,3,5,2.0,1.0,1.0,1.25,-0.25,1.2471268656716417,78.51891791044775
2021-02-15,2020-2021,Newcastle United,Chelsea,0,0,2,10,18,4,5,13,9,5,10,0,0,0,0,1.0,2.0,1.0,1.25,-0.25,-1.722873134328358,76.7960447761194
2021-02-21,2020-2021,Newcastle United,Manchester United,0,1,3,10,15,6,7,11,9,4,6,2,0,0,2,1.0,2.0,1.5,1.75,-0.25,-1.8428731343283582,74.95317164179104
2021-02-27,2020-2021,Newcastle United,Wolverhampton Wanderers,1,1,1,19,14,7,4,11,13,3,5,2,0,1,2,0.3333333333333333,2.3333333333333335,1.75,1.0,0.75,-1.0428731343283582,73.91029850746268
2021-03-07,2020-2021,Newcastle United,West Brom,0,0,0,9,13,5,3,10,11,7,9,0,0,1,0,0.6666666666666666,1.6666666666666667,1.25,0.75,0.5,-0.752873134328358,73.15742537313433
2021-03-12,2020-2021,Newcastle United,Aston Villa,1,1,1,12,15,3,6,10,10,2,2,2,0,1,2,1.0,1.0,0.75,1.5,-0.75,-0.9428731343283581,72.21455223880596
2021-03-20,2020-2021,Newcastle United,Brighton and Hove Albion,0,0,3,3,11,1,6,5,12,1,3,1,0,0,1,0.6666666666666666,1.6666666666666667,0.25,1.5,-1.25,-2.1328731343283582,70.08167910447762
2021-04-04,2020-2021,Newcastle United,Tottenham Hotspur,1,2,2,22,11,6,5,13,14,7,3,3,0,1,3,0.6666666666666666,1.6666666666666667,1.5,1.25,0.25,-0.992873134328358,69.08880597014925
2021-04-11,2020-2021,Newcastle United,Burnley,0,2,1,10,24,5,4,12,11,3,13,0,0,3,0,1.3333333333333333,1.3333333333333333,1.25,1.0,0.25,1.327126865671642,70.4159328358209
2021-04-17,2020-2021,Newcastle United,West Ham United,1,3,2,16,16,8,6,9,7,3,8,2,0,3,2,2.3333333333333335,0.3333333333333333,2.0,1.5,0.5,1.8371268656716417,72.25305970149253
2021-04-24,2020-2021,Newcastle United,Liverpool,0,1,1,7,22,4,9,7,9,3,6,1,0,1,1,2.3333333333333335,0.3333333333333333,1.0,2.25,-1.25,-0.322873134328358,71.93018656716418
2021-05-02,2020-2021,Newcastle United,Arsenal,1,0,2,5,19,1,5,10,9,3,7,2,1,0,5,1.3333333333333333,1.3333333333333333,0.25,1.25,-1.0,-1.9728731343283579,69.95731343283583
2021-05-07,2020-2021,Newcastle United,Leicester City,0,4,2,14,25,6,9,9,12,6,9,1,0,3,1,1.3333333333333333,1.3333333333333333,1.5,2.25,-0.75,1.027126865671642,70.98444029850747
2021-05-14,2020-2021,Newcastle United,Manchester City,1,3,4,11,15,5,6,11,10,4,5,2,0,0,2,1.0,2.0,1.25,1.5,-0.25,-1.8428731343283582,69.14156716417911
2021-05-19,2020-2021,Newcastle United,Sheffield United,1,1,0,16,11,5,1,7,7,5,2,0,0,3,0,2.0,1.0,1.25,0.25,1.0,1.8471268656716417,70.98869402985075
2021-05-23,2020-2021,Newcastle United,Fulham,0,2,0,10,14,4,0,6,12,4,5,0,0,3,0,2.0,1.0,1.0,0.0,1.0,1.8471268656716417,72.83582089552239
2021-08-15,2021-2022,Newcastle United,West Ham United,1,2,4,17,8,3,9,4,3,7,6,1,0,0,1,2.0,1.0,0.75,2.25,-1.5,-1.5128731343283583,71.32294776119403
2021-08-21,2021-2022,Newcastle United,Aston Villa,0,0,2,9,10,1,2,18,8,4,3,4,0,0,4,1.0,2.0,0.25,0.5,-0.25,-1.9628731343283579,69.36007462686567
2021-08-28,2021-2022,Newcastle United,Southampton,1,2,2,10,22,5,6,11,6,4,4,3,0,1,3,0.3333333333333333,2.3333333333333335,1.25,1.5,-0.25,-1.342873134328358,68.01720149253731
2021-09-11,2021-2022,Newcastle United,Manchester United,0,1,4,12,21,3,7,2,9,3,7,0,0,0,0,0.3333333333333333,2.3333333333333335,0.75,1.75,-1.0,-2.242873134328358,65.77432835820895
2021-09-17,2021-2022,Newcastle United,Leeds United,1,1,1,17,22,7,9,9,11,4,5,2,0,1,2,0.6666666666666666,1.6666666666666667,1.75,2.25,-0.5,-1.112873134328358,64.6614552238806
2021-09-25,2021-2022,Newcastle United,Watford,0,1,1,20,15,6,4,12,19,6,5,3,0,1,3,0.6666666666666666,1.6666666666666667,1.5,1.0,0.5,-0.9328731343283582,63.72858208955223
2021-10-02,2021-2022,Newcastle United,Wolverhampton Wanderers,0,1,2,8,7,2,3,5,15,4,0,2,0,0,2,0.6666666666666666,1.6666666666666667,0.5,0.75,-0.25,-1.9528731343283583,61.77570895522388
2021-10-17,2021-2022,Newcastle United,Tottenham Hotspur,1,2,3,7,14,1,4,13,4,2,9,4,1,0,7,0.3333333333333333,2.3333333333333335,0.25,1.0,-0.75,-2.602873134328358,59.17283582089552
2021-10-23,2021-2022,Newcastle United,Crystal Palace,0,1,1,6,15,2,3,9,13,7,3,4,0,1,4,0.3333333333333333,2.3333333333333335,0.5,0.75,-0.25,-1.402873134328358,57.76996268656716
2021-10-30,2021-2022,Newcastle United,Chelsea,1,0,3,6,19,1,6,14,12,0,2,3,0,0,3,0.3333333333333333,2.3333333333333335,0.25,1.5,-1.25,-2.482873134328358,55.287089552238804
2021-11-06,2021-2022,Newcastle United,Brighton and Hove Albion,0,1,1,6,14,1,5,10,16,5,2,4,0,1,4,0.6666666666666666,1.6666666666666667,0.25,1.25,-1.0,-1.352873134328358,53.93421641791045
2021-11-20,2021-2022,Newcastle United,Brentford,1,3,3,23,10,9,4,13,11,8,2,2,0,1,2,0.6666666666666666,1.6666666666666667,2.25,1.0,1.25,-0.692873134328358,53.24134328358209
2021-11-27,2021-2022,Newcastle United,Arsenal,0,0,2,9,24,5,6,12,6,4,4,3,0,0,3,0.6666666666666666,1.6666666666666667,1.25,1.5,-0.25,-2.012873134328358,51.22847014925373
2021-11-30,2021-2022,Newcastle United,Norwich City,1,1,1,9,16,1,6,8,11,2,5,0,0,1,0,0.6666666666666666,1.6666666666666667,0.25,1.5,-1.25,-1.172873134328358,50.055597014925375
2021-12-04,2021-2022,Newcastle United,Burnley,1,1,0,19,10,4,1,11,9,10,3,1,0,3,1,1.3333333333333333,1.3333333333333333,1.0,0.25,0.75,1.3871268656716418,51.442723880597015
2021-12-12,2021-2022,Newcastle United,Leicester City,0,0,4,12,8,3,5,16,9,6,4,3,0,0,3,1.3333333333333333,1.3333333333333333,0.75,1.25,-0.5,-1.732873134328358,49.70985074626866
2021-12-16,2021-2022,Newcastle United,Liverpool,0,1,3,4,23,2,8,4,9,0,11,3,0,0,3,1.0,2.0,0.5,2.0,-1.5,-2.202873134328358,47.5069776119403
2021-12-19,2021-2022,Newcastle United,Manchester City,1,0,4,5,18,1,7,9,6,3,6,1,0,0,1,0.0,3.0,0.25,1.75,-1.5,-2.6528731343283583,44.85410447761194
2021-12-27,2021-2022,Newcastle United,Manchester United,1,1,1,13,13,8,4,11,8,2,4,3,0,1,3,0.3333333333333333,2.3333333333333335,2.0,1.0,1.0,-1.0428731343283582,43.81123134328358
2022-01-15,2021-2022,Newcastle United,Watford,1,1,1,12,18,1,5,13,13,4,6,3,0,1,3,0.6666666666666666,1.6666666666666667,0.25,1.25,-1.0,-1.292873134328358,42.51835820895522
2022-01-22,2021-2022,Newcastle United,Leeds United,0,1,0,15,13,3,4,9,9,7,6,2,0,3,2,1.6666666666666667,0.6666666666666666,0.75,1.0,-0.25,1.3171268656716417,43.83548507462686
2022-02-08,2021-2022,Newcastle United,Everton,1,3,1,20,11,9,3,13,13,6,2,2,0,3,2,2.3333333333333335,0.3333333333333333,2.25,0.75,1.5,2.0771268656716417,45.912611940298504
2022-02-13,2021-2022,Newcastle United,Aston Villa,1,1,0,10,11,2,1,22,15,3,6,3,0,3,3,3.0,0.0,0.5,0.25,0.25,2.0571268656716417,47.969738805970145
2022-02-19,2021-2022,Newcastle United,West Ham United,0,1,1,14,11,3,3,7,3,7,3,3,0,1,3,2.3333333333333335,0.3333333333333333,0.75,0.75,0.0,-0.14287313432835805,47.826865671641784
2022-02-26,2021-2022,Newcastle United,Brentford,0,2,0,26,6,11,1,7,9,6,6,1,0,3,1,2.3333333333333335,0.3333333333333333,2.75,0.25,2.5,2.377126865671642,50.203992537313425
2022-03-05,2021-2022,Newcastle United,Brighton and Hove Albion,1,2,1,10,15,4,4,8,10,4,7,1,0,3,1,2.3333333333333335,0.3333333333333333,1.0,1.0,0.0,1.7771268656716417,51.981119402985065
2022-03-10,2021-2022,Newcastle United,Southampton,0,2,1,8,14,4,5,7,6,5,12,1,0,3,1,3.0,0.0,1.0,1.25,-0.25,2.0571268656716417,54.03824626865671
2022-03-13,2021-2022,Newcastle United,Chelsea,0,0,1,7,8,2,3,16,17,2,7,3,0,0,3,2.0,1.0,0.5,0.75,-0.25,-1.3328731343283584,52.70537313432835
2022-03-17,2021-2022,Newcastle United,Everton,0,0,1,17,9,6,3,11,13,7,5,1,0,0,1,1.0,2.0,1.5,0.75,0.75,-1.5428731343283582,51.16249999999999
2022-04-03,2021-2022,Newcastle United,Tottenham Hotspur,0,1,5,8,19,1,6,7,10,3,2,3,0,0,3,0.0,3.0,0.25,1.5,-1.25,-2.7128731343283583,48.44962686567163
2022-04-08,2021-2022,Newcastle United,Wolverhampton Wanderers,1,1,0,12,5,4,2,6,13,1,2,1,0,3,1,1.0,2.0,1.0,0.5,0.5,1.097126865671642,49.54675373134327
2022-04-17,2021-2022,Newcastle United,Leicester City,1,2,1,16,8,7,2,10,10,3,5,2,0,3,2,2.0,1.0,1.75,0.5,1.25,1.7871268656716417,51.33388059701491
2022-04-20,2021-2022,Newcastle United,Crystal Palace,1,1,0,13,10,4,2,12,12,2,5,1,0,3,1,3.0,0.0,1.0,0.5,0.5,2.237126865671642,53.57100746268655
2022-04-23,2021-2022,Newcastle United,Norwich City,0,3,0,13,5,7,2,10,11,3,2,2,0,3,2,3.0,0.0,1.75,0.5,1.25,2.3571268656716415,55.92813432835819
2022-04-30,2021-2022,Newcastle United,Liverpool,1,0,1,4,24,2,10,11,11,0,6,1,0,0,1,2.0,1.0,0.5,2.5,-2.0,-1.632873134328358,54.295261194029834
2022-05-08,2021-2022,Newcastle United,Manchester City,0,0,5,7,21,3,9,11,6,2,8,3,0,0,3,1.0,2.0,0.75,2.25,-1.5,-2.202873134328358,52.09238805970148
2022-05-16,2021-2022,Newcastle United,Arsenal,1,2,0,16,11,4,2,11,8,12,8,0,0,3,0,1.0,2.0,1.0,0.5,0.5,1.157126865671642,53.24951492537312
2022-05-22,2021-2022,Newcastle United,Burnley,0,2,1,8,12,6,5,9,8,2,8,0,0,3,0,2.0,1.0,1.5,1.25,0.25,1.6671268656716418,54.91664179104476
2022-08-06,2022-2023,Newcastle United,Nottingham Forest,1,2,0,23,5,10,0,9,14,11,1,0,0,3,0,3.0,0.0,2.5,0.0,2.5,2.777126865671642,57.6937686567164
2022-08-13,2022-2023,Newcastle United,Brighton and Hove Albion,0,0,0,4,13,1,7,6,8,3,7,3,0,1,3,2.3333333333333335,0.3333333333333333,0.25,1.75,-1.5,-0.5028731343283581,57.19089552238804
2022-08-21,2022-2023,Newcastle United,Manchester City,1,3,3,12,21,6,10,14,7,5,5,4,0,1,4,1.6666666666666667,0.6666666666666666,1.5,2.5,-1.0,-0.782873134328358,56.408022388059685
2022-08-28,2022-2023,Newcastle United,Wolverhampton Wanderers,0,1,1,21,10,6,4,11,10,13,4,1,0,1,1,1.0,1.0,1.5,1.0,0.5,-0.5828731343283581,55.825149253731325
2022-08-31,2022-2023,Newcastle United,Liverpool,0,1,2,5,23,2,6,10,9,0,13,2,0,0,2,0.6666666666666666,1.6666666666666667,0.5,1.5,-1.0,-2.1328731343283582,53.69227611940297
2022-09-03,2022-2023,Newcastle United,Crystal Palace,1,0,0,23,19,6,9,19,12,13,5,2,0,1,2,0.6666666666666666,1.6666666666666667,1.5,2.25,-0.75,-1.172873134328358,52.51940298507461
2022-09-17,2022-2023,Newcastle United,Bournemouth,1,1,1,20,10,7,3,10,11,8,1,2,0,1,2,0.6666666666666666,1.6666666666666667,1.75,0.75,1.0,-0.752873134328358,51.76652985074625
2022-10-01,2022-2023,Newcastle United,Fulham,0,4,1,19,3,10,1,10,9,8,1,0,0,3,0,1.6666666666666667,0.6666666666666666,2.5,0.25,2.25,2.0371268656716417,53.80365671641789
2022-10-08,2022-2023,Newcastle United,Brentford,1,5,1,16,6,6,3,14,9,9,5,0,0,3,0,2.3333333333333335,0.3333333333333333,1.5,0.75,0.75,2.0171268656716417,55.82078358208953
2022-10-16,2022-2023,Newcastle United,Manchester United,0,0,0,9,15,2,2,11,13,4,4,1,0,1,1,2.3333333333333335,0.3333333333333333,0.5,0.5,0.0,-0.022873134328358028,55.797910447761176
2022-10-19,2022-2023,Newcastle United,Everton,1,1,0,16,1,4,0,9,12,8,2,2,0,3,2,2.3333333333333335,0.3333333333333333,1.0,0.0,1.0,1.9571268656716416,57.755037313432815
2022-10-23,2022-2023,Newcastle United,Tottenham Hotspur,0,2,1,13,17,5,5,6,12,7,6,2,0,3,2,2.3333333333333335,0.3333333333333333,1.25,1.25,0.0,1.7171268656716416,59.47216417910446
2022-10-29,2022-2023,Newcastle United,Aston Villa,1,4,0,20,3,7,0,11,11,3,0,1,0,3,1,3.0,0.0,1.75,0.0,1.75,2.537126865671642,62.009291044776106
2022-11-06,2022-2023,Newcastle United,Southampton,0,4,1,7,16,4,5,10,7,2,8,0,0,3,0,3.0,0.0,1.0,1.25,-0.25,2.1171268656716418,64.12641791044774
2022-11-12,2022-2023,Newcastle United,Chelsea,1,1,0,10,5,3,2,14,11,5,3,3,0,3,3,3.0,0.0,0.75,0.5,0.25,2.0571268656716417,66.18354477611939
2022-12-26,2022-2023,Newcastle United,Leicester City,0,3,0,12,8,5,2,6,9,5,5,0,0,3,0,3.0,0.0,1.25,0.5,0.75,2.3571268656716415,68.54067164179104
2022-12-31,2022-2023,Newcastle United,Leeds United,1,0,0,16,8,5,1,13,19,9,3,3,0,1,3,2.3333333333333335,0.3333333333333333,1.25,0.25,1.0,0.09712686567164197,68.63779850746268
2023-01-03,2022-2023,Newcastle United,Arsenal,0,0,0,8,17,1,4,16,10,5,5,4,0,1,4,1.6666666666666667,0.6666666666666666,0.25,1.0,-0.75,-0.7228731343283582,67.91492537313431
2023-01-15,2022-2023,Newcastle United,Fulham,1,1,0,20,5,5,0,6,14,10,5,1,0,3,1,1.6666666666666667,0.6666666666666666,1.25,0.0,1.25,1.7371268656716419,69.65205223880595
2023-01-21,2022-2023,Newcastle United,Crystal Palace,0,0,0,16,6,7,1,7,13,15,3,2,0,1,2,1.6666666666666667,0.6666666666666666,1.75,0.25,1.5,-0.06287313432835805,69.5891791044776
2023-02-04,2022-2023,Newcastle United,West Ham United,1,1,1,8,10,2,1,11,13,4,2,2,0,1,2,1.6666666666666667,0.6666666666666666,0.5,0.25,0.25,-0.3628731343283581,69.22630597014924
2023-02-11,2022-2023,Newcastle United,Bournemouth,0,1,1,15,11,7,5,10,8,6,4,3,0,1,3,1.0,1.0,1.75,1.25,0.5,-0.7028731343283581,68.52343283582088
2023-02-18,2022-2023,Newcastle United,Liverpool,1,0,2,14,13,4,7,3,8,6,7,1,1,0,4,0.6666666666666666,1.6666666666666667,1.0,1.75,-0.75,-2.192873134328358,66.33055970149252
2023-03-04,2022-2023,Newcastle United,Manchester City,0,0,2,5,11,2,3,13,8,4,8,4,0,0,4,0.3333333333333333,2.3333333333333335,0.5,0.75,-0.25,-2.302873134328358,64.02768656716417
2023-03-12,2022-2023,Newcastle United,Wolverhampton Wanderers,1,2,1,19,7,8,4,11,10,10,3,1,0,3,1,1.0,2.0,2.0,1.0,1.0,1.2171268656716419,65.24481343283581
2023-03-17,2022-2023,Newcastle United,Nottingham Forest,0,2,1,15,5,4,3,9,17,7,3,1,0,3,1,2.0,1.0,1.0,0.75,0.25,1.6071268656716418,66.85194029850746
2023-04-02,2022-2023,Newcastle United,Manchester United,1,2,0,22,6,6,1,8,12,7,4,0,0,3,0,3.0,0.0,1.5,0.25,1.25,2.4771268656716416,69.3290671641791
2023-04-05,2022-2023,Newcastle United,West Ham United,0,5,1,15,7,8,2,12,11,6,7,1,0,3,1,3.0,0.0,2.0,0.5,1.5,2.4771268656716416,71.80619402985074
2023-04-08,2022-2023,Newcastle United,Brentford,0,2,1,10,12,4,6,15,10,5,6,0,0,3,0,3.0,0.0,1.0,1.5,-0.5,2.0571268656716417,73.86332089552238
2023-04-15,2022-2023,Newcastle United,Aston Villa,0,0,3,8,16,2,6,15,13,2,7,1,0,0,1,2.0,1.0,0.5,1.5,-1.0,-1.3928731343283582,72.47044776119402
2023-04-23,2022-2023,Newcastle United,Tottenham Hotspur,1,6,1,25,11,8,3,7,13,9,3,0,0,3,0,2.0,1.0,2.0,0.75,1.25,1.9071268656716418,74.37757462686567
2023-04-27,2022-2023,Newcastle United,Everton,0,4,1,15,13,8,5,6,8,14,3,1,0,3,1,2.0,1.0,2.0,1.25,0.75,1.7271268656716416,76.10470149253732
2023-04-30,2022-2023,Newcastle United,Southampton,1,3,1,22,4,5,3,7,10,11,2,1,0,3,1,3.0,0.0,1.25,0.75,0.5,2.237126865671642,78.34182835820894
2023-05-07,2022-2023,Newcastle United,Arsenal,1,0,2,12,10,5,6,16,12,9,4,2,0,0,2,2.0,1.0,1.25,1.5,-0.25,-1.2728731343283581,77.0689552238806
2023-05-13,2022-2023,Newcastle United,Leeds United,0,2,2,18,9,5,4,14,16,6,2,2,0,1,2,1.3333333333333333,1.3333333333333333,1.25,1.0,0.25,-0.5928731343283581,76.47608208955224
2023-05-18,2022-2023,Newcastle United,Brighton and Hove Albion,1,4,1,22,8,9,2,17,16,6,1,2,0,3,2,1.3333333333333333,1.3333333333333333,2.25,0.5,1.75,1.567126865671642,78.04320895522388
2023-05-22,2022-2023,Newcastle United,Leicester City,1,0,0,23,1,4,1,9,5,12,1,2,0,1,2,1.6666666666666667,0.6666666666666666,1.0,0.25,0.75,-0.24287313432835808,77.80033582089553
2023-05-28,2022-2023,Newcastle United,Chelsea,0,1,1,13,22,4,5,11,9,3,10,0,0,1,0,1.6666666666666667,0.6666666666666666,1.0,1.25,-0.25,-0.36287313432835805,77.43746268656716
2023-08-12,2023-2024,Newcastle United,Aston Villa,1,5,1,17,16,13,6,12,17,6,5,4,0,3,4,1.6666666666666667,0.6666666666666666,3.25,1.5,1.75,1.677126865671642,79.11458955223881
2023-08-19,2023-2024,Newcastle United,Manchester City,0,0,1,7,14,1,4,11,12,0,3,5,0,0,5,1.3333333333333333,1.3333333333333333,0.25,1.0,-0.75,-1.9128731343283578,77.20171641791045
2023-08-27,2023-2024,Newcastle United,Liverpool,1,1,2,23,9,8,4,16,10,5,9,1,0,0,1,1.0,2.0,2.0,1.0,1.0,-1.482873134328358,75.71884328358209
2023-09-02,2023-2024,Newcastle United,Brighton and Hove Albion,0,1,3,9,15,2,6,17,14,3,5,4,0,0,4,0.0,3.0,0.5,1.5,-1.0,-2.7128731343283583,73.00597014925373
2023-09-16,2023-2024,Newcastle United,Brentford,1,1,0,9,11,2,2,8,12,8,3,3,0,3,3,1.0,2.0,0.5,0.5,0.0,0.8571268656716418,73.86309701492537
2023-09-24,2023-2024,Newcastle United,Sheffield United,0,8,0,22,9,15,1,8,12,6,2,0,0,3,0,2.0,1.0,3.75,0.25,3.5,2.447126865671642,76.31022388059702
2023-09-30,2023-2024,Newcastle United,Burnley,1,2,0,20,8,8,2,7,15,5,3,1,0,3,1,3.0,0.0,2.0,0.5,1.5,2.4771268656716416,78.78735074626866
2023-10-08,2023-2024,Newcastle United,West Ham United,0,2,2,10,5,3,3,18,11,2,4,3,0,1,3,2.3333333333333335,0.3333333333333333,0.75,0.75,0.0,-0.14287313432835805,78.6444776119403
2023-10-21,2023-2024,Newcastle United,Crystal Palace,1,4,0,10,17,7,3,7,12,6,8,2,0,3,2,2.3333333333333335,0.3333333333333333,1.75,0.75,1.0,1.9571268656716416,80.60160447761194
2023-10-28,2023-2024,Newcastle United,Wolverhampton Wanderers,0,2,2,13,11,5,6,15,13,7,8,4,0,1,4,1.6666666666666667,0.6666666666666666,1.25,1.5,-0.25,-0.6028731343283581,79.99873134328358
2023-11-04,2023-2024,Newcastle United,Arsenal,1,1,0,9,14,2,1,14,9,0,11,5,0,3,5,2.3333333333333335,0.3333333333333333,0.5,0.25,0.25,1.5971268656716417,81.59585820895522
2023-11-11,2023-2024,Newcastle United,Bournemouth,0,0,2,8,19,5,10,4,10,5,6,1,0,0,1,1.3333333333333333,1.3333333333333333,1.25,2.5,-1.25,-1.7928731343283582,79.80298507462686
2023-11-25,2023-2024,Newcastle United,Chelsea,1,4,1,14,7,5,4,13,19,4,2,4,0,3,4,2.0,1.0,1.25,1.0,0.25,1.4271268656716418,81.23011194029851
2023-12-02,2023-2024,Newcastle United,Manchester United,1,1,0,22,8,4,1,6,13,7,3,1,0,3,1,2.0,1.0,1.0,0.25,0.75,1.7271268656716416,82.95723880597015
2023-12-07,2023-2024,Newcastle United,Everton,0,0,3,13,21,3,6,8,18,2,5,0,0,0,0,2.0,1.0,0.75,1.5,-0.75,-1.2728731343283581,81.68436567164179
2023-12-10,2023-2024,Newcastle United,Tottenham Hotspur,0,1,4,9,23,3,12,12,10,6,3,3,0,0,3,1.0,2.0,0.75,3.0,-2.25,-2.3828731343283582,79.30149253731344
2023-12-16,2023-2024,Newcastle United,Fulham,1,3,0,27,6,10,4,7,12,5,1,0,0,3,0,1.0,2.0,2.5,1.0,1.5,1.397126865671642,80.69861940298507
2023-12-23,2023-2024,Newcastle United,Luton Town,0,0,1,15,16,2,5,5,11,7,6,1,0,0,1,1.0,2.0,0.5,1.25,-0.75,-1.9028731343283578,78.79574626865673
2023-12-26,2023-2024,Newcastle United,Nottingham Forest,1,1,3,19,15,7,6,10,11,10,2,3,0,0,3,1.0,2.0,1.75,1.5,0.25,-1.7828731343283581,77.01287313432836
2024-01-01,2023-2024,Newcastle United,Liverpool,0,2,4,5,34,3,15,15,16,3,7,5,0,0,5,0.0,3.0,0.75,3.75,-3.0,-3.2528731343283583,73.76
2024-01-13,2023-2024,Newcastle United,Manchester City,1,2,3,12,27,5,11,7,7,3,13,1,0,0,1,0.0,3.0,1.25,2.75,-1.5,-2.6528731343283583,71.10712686567165
2024-01-30,2023-2024,Newcastle United,Aston Villa,0,3,1,14,12,5,6,12,14,7,8,1,0,3,1,1.0,2.0,1.25,1.5,-0.25,0.9171268656716418,72.0242537313433
2024-02-03,2023-2024,Newcastle United,Luton Town,1,4,4,19,11,6,8,13,16,8,2,2,0,1,2,1.3333333333333333,1.3333333333333333,1.5,2.0,-0.5,-0.7728731343283581,71.25138059701493
2024-02-10,2023-2024,Newcastle United,Nottingham Forest,0,3,2,7,13,5,3,6,9,4,4,2,0,3,2,2.3333333333333335,0.3333333333333333,1.25,0.75,0.5,1.8371268656716417,73.08850746268658
2024-02-17,2023-2024,Newcastle United,Bournemouth,1,2,2,17,12,5,7,9,22,4,2,1,0,1,1,1.6666666666666667,0.6666666666666666,1.25,1.75,-0.5,-0.482873134328358,72.6056343283582
2024-02-24,2023-2024,Newcastle United,Arsenal,0,1,4,3,18,2,8,6,15,0,9,0,0,0,0,1.3333333333333333,1.3333333333333333,0.5,2.0,-1.5,-1.7928731343283582,70.81276119402986
2024-03-02,2023-2024,Newcastle United,Wolverhampton Wanderers,1,3,0,14,12,7,3,8,11,3,5,0,0,3,0,1.3333333333333333,1.3333333333333333,1.75,0.75,1.0,1.507126865671642,72.3198880597015
2024-03-11,2023-2024,Newcastle United,Chelsea,0,2,3,11,12,3,8,7,12,4,0,1,0,0,1,1.0,2.0,0.75,2.0,-1.25,-2.022873134328358,70.29701492537313
2024-03-30,2023-2024,Newcastle United,West Ham United,1,4,3,24,10,9,4,9,8,3,4,1,1,3,4,2.0,1.0,2.25,1.0,1.25,1.6671268656716418,71.96414179104478
2024-04-02,2023-2024,Newcastle United,Everton,1,1,1,18,10,6,3,9,14,7,3,0,0,1,0,1.3333333333333333,1.3333333333333333,1.5,0.75,0.75,-0.35287313432835815,71.61126865671642
2024-04-06,2023-2024,Newcastle United,Fulham,0,1,0,12,14,5,4,13,10,3,14,2,0,3,2,2.3333333333333335,0.3333333333333333,1.25,1.0,0.25,1.7771268656716417,73.38839552238807
2024-04-13,2023-2024,Newcastle United,Tottenham Hotspur,1,4,0,18,11,5,2,14,12,16,3,0,0,3,0,2.3333333333333335,0.3333333333333333,1.25,0.5,0.75,2.0171268656716417,75.40552238805971
2024-04-24,2023-2024,Newcastle United,Crystal Palace,0,0,2,7,20,2,7,15,10,2,7,3,0,0,3,2.0,1.0,0.5,1.75,-1.25,-1.572873134328358,73.83264925373135
2024-04-27,2023-2024,Newcastle United,Sheffield United,1,5,1,20,15,7,5,9,10,4,5,0,0,3,0,2.0,1.0,1.75,1.25,0.5,1.7271268656716419,75.55977611940298
2024-05-04,2023-2024,Newcastle United,Burnley,0,4,1,23,17,11,5,8,8,11,4,2,0,3,2,2.0,1.0,2.75,1.25,1.5,1.8471268656716417,77.40690298507462
2024-05-11,2023-2024,Newcastle United,Brighton and Hove Albion,1,1,1,18,15,7,4,9,16,8,4,3,0,1,3,2.3333333333333335,0.3333333333333333,1.75,1.0,0.75,0.03712686567164197,77.44402985074628
2024-05-15,2023-2024,Newcastle United,Manchester United,0,2,3,21,17,8,8,7,16,9,9,3,0,0,3,1.3333333333333333,1.3333333333333333,2.0,2.0,0.0,-1.612873134328358,75.83115671641792
2024-05-19,2023-2024,Newcastle United,Brentford,0,4,2,12,10,7,5,11,15,0,3,4,0,3,4,1.3333333333333333,1.3333333333333333,1.75,1.25,0.5,1.147126865671642,76.97828358208956
2024-08-17,2024-2025,Newcastle United,Southampton,1,1,0,3,19,1,4,15,16,3,12,2,1,3,5,2.0,1.0,0.25,1.0,-0.75,1.127126865671642,78.1054104477612
2024-08-25,2024-2025,Newcastle United,Bournemouth,0,1,1,14,16,5,4,8,19,9,8,2,0,1,2,2.3333333333333335,0.3333333333333333,1.25,1.0,0.25,-0.022873134328358028,78.08253731343284
2024-09-01,2024-2025,Newcastle United,Tottenham Hotspur,1,2,1,9,20,3,6,16,13,7,12,4,0,3,4,2.3333333333333335,0.3333333333333333,0.75,1.5,-0.75,1.4171268656716418,79.49966417910449
2024-09-15,2024-2025,Newcastle United,Wolverhampton Wanderers,0,2,1,14,12,6,5,6,17,7,4,3,0,3,3,2.3333333333333335,0.3333333333333333,1.5,1.25,0.25,1.7171268656716416,81.21679104477613
2024-09-21,2024-2025,Newcastle United,Fulham,0,1,3,15,22,4,11,8,16,0,6,0,0,0,0,2.0,1.0,1.0,2.75,-1.75,-1.5128731343283583,79.70391791044776
2024-09-28,2024-2025,Newcastle United,Manchester City,1,1,1,11,16,4,6,14,10,5,6,4,0,1,4,1.3333333333333333,1.3333333333333333,1.0,1.5,-0.5,-0.8928731343283581,78.8110447761194
2024-10-05,2024-2025,Newcastle United,Everton,0,0,0,14,8,3,2,8,12,10,0,2,0,1,2,0.6666666666666666,1.6666666666666667,0.75,0.5,0.25,-0.932873134328358,77.87817164179106
2024-10-19,2024-2025,Newcastle United,Brighton and Hove Albion,1,0,1,21,10,6,5,11,9,9,4,2,0,0,2,0.6666666666666666,1.6666666666666667,1.5,1.25,0.25,-1.8328731343283582,76.04529850746269
2024-10-27,2024-2025,Newcastle United,Chelsea,0,1,2,11,17,3,7,16,13,4,7,3,0,0,3,0.3333333333333333,2.3333333333333335,0.75,1.75,-1.0,-2.4228731343283583,73.62242537313433
2024-11-02,2024-2025,Newcastle United,Arsenal,1,1,0,9,10,4,1,16,18,4,6,4,0,3,4,1.0,2.0,1.0,0.25,0.75,0.9771268656716419,74.59955223880597
2024-11-10,2024-2025,Newcastle United,Nottingham Forest,0,3,1,17,9,6,3,6,13,5,4,1,0,3,1,2.0,1.0,1.5,0.75,0.75,1.7271268656716416,76.32667910447762
2024-11-25,2024-2025,Newcastle United,West Ham United,1,0,2,18,15,2,6,11,8,8,3,1,0,0,1,2.0,1.0,0.5,1.5,-1.0,-1.3928731343283582,74.93380597014925
2024-11-30,2024-2025,Newcastle United,Crystal Palace,0,1,1,1,16,0,4,11,12,9,8,3,0,1,3,1.3333333333333333,1.3333333333333333,0.0,1.0,-1.0,-0.9528731343283581,73.98093283582091
2024-12-04,2024-2025,Newcastle United,Liverpool,1,3,3,17,16,6,5,9,17,5,6,2,0,1,2,0.6666666666666666,1.6666666666666667,1.5,1.25,0.25,-0.932873134328358,73.04805970149255
2024-12-07,2024-2025,Newcastle United,Brentford,0,2,4,16,11,3,8,7,10,4,3,0,0,0,0,0.6666666666666666,1.6666666666666667,0.75,2.0,-1.25,-2.072873134328358,70.97518656716419
2024-12-14,2024-2025,Newcastle United,Leicester City,1,4,0,27,4,11,1,7,16,5,2,3,0,3,3,1.3333333333333333,1.3333333333333333,2.75,0.25,2.5,1.687126865671642,72.66231343283583
2024-12-21,2024-2025,Newcastle United,Ipswich Town,0,4,0,15,10,7,2,7,9,1,2,0,0,3,0,2.0,1.0,1.75,0.5,1.25,1.9071268656716418,74.56944029850747
2024-12-26,2024-2025,Newcastle United,Aston Villa,1,3,0,22,4,8,1,15,10,9,6,2,0,3,2,3.0,0.0,2.0,0.25,1.75,2.4771268656716416,77.04656716417912
2024-12-30,2024-2025,Newcastle United,Manchester United,0,2,0,12,10,4,0,8,13,3,2,1,0,3,1,3.0,0.0,1.0,0.0,1.0,2.357126865671642,79.40369402985075
2025-01-04,2024-2025,Newcastle United,Tottenham Hotspur,0,2,1,14,13,4,4,15,11,10,9,4,0,3,4,3.0,0.0,1.0,1.0,0.0,1.9371268656716418,81.3408208955224
2025-01-15,2024-2025,Newcastle United,Wolverhampton Wanderers,1,3,0,17,13,5,7,10,13,4,2,0,0,3,0,3.0,0.0,1.25,1.75,-0.5,2.0571268656716417,83.39794776119405
2025-01-18,2024-2025,Newcastle United,Bournemouth,1,1,4,13,19,5,10,7,18,7,6,1,0,0,1,2.0,1.0,1.25,2.5,-1.25,-1.4528731343283583,81.94507462686568
2025-01-25,2024-2025,Newcastle United,Southampton,0,3,1,17,12,9,5,5,10,8,3,0,0,3,0,2.0,1.0,2.25,1.25,1.0,1.8471268656716417,83.79220149253733
2025-02-01,2024-2025,Newcastle United,Fulham,1,1,2,11,15,4,4,10,15,4,7,4,0,0,4,1.0,2.0,1.0,1.0,0.0,-1.9028731343283578,81.88932835820897
2025-02-15,2024-2025,Newcastle United,Manchester City,0,0,4,3,11,1,7,13,5,4,7,1,0,0,1,1.0,2.0,0.25,1.75,-1.5,-2.082873134328358,79.8064552238806
2025-02-23,2024-2025,Newcastle United,Nottingham Forest,1,4,3,13,17,5,5,11,13,7,6,1,0,3,1,1.0,2.0,1.25,1.25,0.0,0.9771268656716419,80.78358208955225
2025-02-26,2024-2025,Newcastle United,Liverpool,0,0,2,3,12,0,3,11,12,2,4,1,0,0,1,1.0,2.0,0.0,0.75,-0.75,-1.9028731343283578,78.8807089552239
2025-03-10,2024-2025,Newcastle United,West Ham United,0,1,0,9,9,3,2,15,7,4,3,1,0,3,1,2.0,1.0,0.75,0.5,0.25,1.6071268656716418,80.48783582089554
2025-04-02,2024-2025,Newcastle United,Brentford,1,2,1,21,12,4,3,12,12,4,5,1,0,3,1,2.0,1.0,1.0,0.75,0.25,1.6071268656716418,82.09496268656719
2025-04-07,2024-2025,Newcastle United,Leicester City,0,3,0,16,7,5,2,9,8,2,12,0,0,3,0,3.0,0.0,1.25,0.5,0.75,2.3571268656716415,84.45208955223882
2025-04-13,2024-2025,Newcastle United,Manchester United,1,4,1,13,9,6,5,7,9,7,2,0,0,3,0,3.0,0.0,1.5,1.25,0.25,2.237126865671642,86.68921641791046
2025-04-16,2024-2025,Newcastle United,Crystal Palace,1,5,0,14,11,7,4,9,15,5,4,2,0,3,2,3.0,0.0,1.75,1.0,0.75,2.2371268656716414,88.9263432835821
2025-04-19,2024-2025,Newcastle United,Aston Villa,0,1,4,10,23,3,9,12,9,7,7,3,0,0,3,2.0,1.0,0.75,2.25,-1.5,-1.6328731343283585,87.29347014925375
2025-04-26,2024-2025,Newcastle United,Ipswich Town,1,3,0,25,4,5,0,9,9,11,2,1,0,3,1,2.0,1.0,1.25,0.0,1.25,1.8471268656716417,89.14059701492539
2025-05-04,2024-2025,Newcastle United,Brighton and Hove Albion,0,1,1,13,5,5,2,10,15,4,1,1,0,1,1,1.3333333333333333,1.3333333333333333,1.25,0.5,0.75,-0.4128731343283581,88.72772388059703
2025-05-11,2024-2025,Newcastle United,Chelsea,1,2,0,15,10,6,3,9,13,2,8,4,0,3,4,2.3333333333333335,0.3333333333333333,1.5,0.75,0.75,1.7771268656716417,90.50485074626867
2025-05-18,2024-2025,Newcastle United,Arsenal,0,0,1,14,12,5,4,9,9,7,10,3,0,0,3,1.3333333333333333,1.3333333333333333,1.25,1.0,0.25,-1.5528731343283582,88.95197761194031
2025-05-25,2024-2025,Newcastle United,Everton,1,0,1,17,14,6,6,12,9,12,3,1,0,0,1,1.0,2.0,1.5,1.5,0.0,-1.722873134328358,87.22910447761195
2025-08-16,2025-2026,Newcastle United,Aston Villa,0,0,0,16,3,3,3,11,13,6,3,1,0,1,1,0.3333333333333333,2.3333333333333335,0.75,0.75,0.0,-1.1628731343283583,86.06623134328359
2025-08-25,2025-2026,Newcastle United,Liverpool,1,2,3,10,5,3,4,17,15,7,1,2,1,0,5,0.3333333333333333,2.3333333333333335,0.75,1.0,-0.25,-2.362873134328358,83.70335820895524
2025-08-30,2025-2026,Newcastle United,Leeds United,0,0,0,8,10,2,1,15,10,5,5,1,0,1,1,0.6666666666666666,1.6666666666666667,0.5,0.25,0.25,-0.8728731343283581,82.83048507462688
2025-09-13,2025-2026,Newcastle United,Wolverhampton Wanderers,1,1,0,16,8,4,3,10,17,10,4,1,0,3,1,1.3333333333333333,1.3333333333333333,1.0,0.75,0.25,1.267126865671642,84.09761194029852
2025-09-21,2025-2026,Newcastle United,Bournemouth,0,0,0,4,11,1,2,10,7,2,5,1,0,1,1,1.6666666666666667,0.6666666666666666,0.25,0.5,-0.25,-0.42287313432835805,83.67473880597016
2025-09-28,2025-2026,Newcastle United,Arsenal,1,1,2,8,20,3,7,8,9,7,12,2,0,0,2,1.3333333333333333,1.3333333333333333,0.75,1.75,-1.0,-1.7928731343283582,81.8818656716418
2025-10-05,2025-2026,Newcastle United,Nottingham Forest,1,2,0,18,5,9,4,16,15,8,1,0,0,3,0,1.3333333333333333,1.3333333333333333,2.25,1.0,1.25,1.567126865671642,83.44899253731344
2025-10-18,2025-2026,Newcastle United,Brighton and Hove Albion,0,1,2,16,13,3,5,9,9,4,8,1,0,0,1,1.0,2.0,0.75,1.25,-0.5,-1.8428731343283582,81.60611940298509
2025-10-25,2025-2026,Newcastle United,Fulham,1,2,1,18,12,7,5,11,18,4,3,0,0,3,0,2.0,1.0,1.75,1.25,0.5,1.7271268656716419,83.33324626865674
2025-11-02,2025-2026,Newcastle United,West Ham United,0,1,3,12,15,4,9,10,5,6,7,2,0,0,2,1.0,2.0,1.0,2.25,-1.25,-2.082873134328358,81.25037313432838
2025-11-09,2025-2026,Newcastle United,Brentford,0,1,3,5,15,1,7,13,10,2,6,1,0,0,1,1.0,2.0,0.25,1.75,-1.5,-2.082873134328358,79.16750000000002
2021-08-14,2021-2022,Norwich City,Liverpool,1,0,3,14,19,3,8,4,14,3,11,1,0,0,1,0.0,3.0,0.75,2.0,-1.25,-2.592873134328358,97.40712686567164
2021-08-21,2021-2022,Norwich City,Manchester City,0,0,5,1,16,0,4,7,13,1,6,0,0,0,0,0.0,3.0,0.0,1.0,-1.0,-2.472873134328358,94.93425373134329
2021-08-28,2021-2022,Norwich City,Leicester City,1,1,2,14,9,4,3,8,9,9,9,2,0,0,2,0.0,3.0,1.0,0.75,0.25,-2.292873134328358,92.64138059701493
2021-09-11,2021-2022,Norwich City,Arsenal,0,0,1,10,30,1,7,11,9,4,8,2,0,0,2,0.0,3.0,0.25,1.75,-1.5,-2.7128731343283583,89.92850746268657
2021-09-18,2021-2022,Norwich City,Watford,1,1,3,12,12,5,8,10,14,4,8,1,0,0,1,0.0,3.0,1.25,2.0,-0.75,-2.472873134328358,87.45563432835822
2021-09-25,2021-2022,Norwich City,Everton,0,0,2,10,11,2,4,9,12,4,6,3,0,0,3,0.0,3.0,0.5,1.0,-0.5,-2.5328731343283577,84.92276119402985
2021-10-02,2021-2022,Norwich City,Burnley,0,0,0,10,14,2,4,3,13,5,9,2,0,1,2,0.3333333333333333,2.3333333333333335,0.5,1.0,-0.5,-1.342873134328358,83.57988805970149
2021-10-16,2021-2022,Norwich City,Brighton and Hove Albion,1,0,0,15,11,3,3,5,14,8,4,3,0,1,3,0.6666666666666666,1.6666666666666667,0.75,0.75,0.0,-1.052873134328358,82.52701492537314
2021-10-23,2021-2022,Norwich City,Chelsea,0,0,7,3,23,1,13,16,14,0,5,2,1,0,5,0.6666666666666666,1.6666666666666667,0.25,3.25,-3.0,-2.792873134328358,79.73414179104478
2021-10-31,2021-2022,Norwich City,Leeds United,1,1,2,14,13,3,6,14,23,5,0,1,0,0,1,0.3333333333333333,2.3333333333333335,0.75,1.5,-0.75,-2.242873134328358,77.49126865671641
2021-11-06,2021-2022,Norwich City,Brentford,0,2,1,9,19,5,7,13,12,2,6,3,0,3,3,1.0,2.0,1.25,1.75,-0.5,0.737126865671642,78.22839552238807
2021-11-20,2021-2022,Norwich City,Southampton,1,2,1,8,17,4,5,8,9,5,7,3,0,3,3,2.0,1.0,1.0,1.25,-0.25,1.3671268656716415,79.5955223880597
2021-11-27,2021-2022,Norwich City,Wolverhampton Wanderers,1,0,0,14,5,4,2,11,10,4,3,2,0,1,2,2.3333333333333335,0.3333333333333333,1.0,0.5,0.5,0.03712686567164197,79.63264925373134
2021-11-30,2021-2022,Norwich City,Newcastle United,0,1,1,16,9,6,1,11,8,5,2,0,1,1,3,1.6666666666666667,0.6666666666666666,1.5,0.25,1.25,-0.18287313432835808,79.44977611940298
2021-12-05,2021-2022,Norwich City,Tottenham Hotspur,0,0,3,10,17,1,7,4,11,4,6,2,0,0,2,0.6666666666666666,1.6666666666666667,0.25,1.75,-1.5,-2.2528731343283583,77.19690298507463
2021-12-11,2021-2022,Norwich City,Manchester United,1,0,1,11,13,5,5,6,17,8,6,1,0,0,1,0.3333333333333333,2.3333333333333335,1.25,1.25,0.0,-2.062873134328358,75.13402985074627
2021-12-14,2021-2022,Norwich City,Aston Villa,1,0,2,7,17,3,6,12,9,7,10,3,0,0,3,0.0,3.0,0.75,1.5,-0.75,-2.5928731343283578,72.54115671641792
2021-12-26,2021-2022,Norwich City,Arsenal,1,0,5,4,16,2,6,13,7,3,5,1,0,0,1,0.0,3.0,0.5,1.5,-1.0,-2.5328731343283577,70.00828358208956
2021-12-28,2021-2022,Norwich City,Crystal Palace,0,0,3,12,19,3,6,13,9,8,8,2,0,0,2,0.0,3.0,0.75,1.5,-0.75,-2.5328731343283577,67.47541044776119
2022-01-12,2021-2022,Norwich City,West Ham United,0,0,2,7,13,3,5,8,9,2,11,0,0,0,0,0.0,3.0,0.75,1.25,-0.5,-2.352873134328358,65.12253731343284
2022-01-15,2021-2022,Norwich City,Everton,1,2,1,14,12,3,5,12,14,8,8,3,0,3,3,1.0,2.0,0.75,1.25,-0.5,0.737126865671642,65.85966417910448
2022-01-21,2021-2022,Norwich City,Watford,0,3,0,7,15,2,4,11,16,1,5,1,0,3,1,2.0,1.0,0.5,1.0,-0.5,1.4271268656716416,67.28679104477612
2022-02-09,2021-2022,Norwich City,Crystal Palace,1,1,1,5,13,1,5,11,15,4,6,1,0,1,1,2.3333333333333335,0.3333333333333333,0.25,1.25,-1.0,-0.262873134328358,67.02391791044776
2022-02-12,2021-2022,Norwich City,Manchester City,1,0,4,8,22,3,9,7,8,4,12,0,0,0,0,1.3333333333333333,1.3333333333333333,0.75,2.25,-1.5,-1.7928731343283582,65.2310447761194
2022-02-19,2021-2022,Norwich City,Liverpool,0,1,3,6,29,1,8,8,7,4,9,1,0,0,1,0.3333333333333333,2.3333333333333335,0.25,2.0,-1.75,-2.482873134328358,62.748171641791046
2022-02-25,2021-2022,Norwich City,Southampton,0,0,2,8,27,1,9,9,12,6,13,2,0,0,2,0.0,3.0,0.25,2.25,-2.0,-2.832873134328358,59.91529850746269
2022-03-05,2021-2022,Norwich City,Brentford,1,1,3,15,10,7,6,13,18,5,5,2,0,0,2,0.0,3.0,1.75,1.5,0.25,-2.292873134328358,57.62242537313433
2022-03-10,2021-2022,Norwich City,Chelsea,1,1,3,9,15,3,7,8,15,3,8,0,0,0,0,0.0,3.0,0.75,1.75,-1.0,-2.472873134328358,55.14955223880597
2022-03-13,2021-2022,Norwich City,Leeds United,0,1,2,12,13,4,7,8,18,2,6,1,0,0,1,0.0,3.0,1.0,1.75,-0.75,-2.472873134328358,52.67667910447761
2022-04-02,2021-2022,Norwich City,Brighton and Hove Albion,0,0,0,6,31,0,4,11,12,2,11,1,0,1,1,0.3333333333333333,2.3333333333333335,0.0,1.0,-1.0,-1.402873134328358,51.27380597014925
2022-04-10,2021-2022,Norwich City,Burnley,1,2,0,17,18,6,4,12,10,6,7,1,0,3,1,1.3333333333333333,1.3333333333333333,1.5,1.0,0.5,1.327126865671642,52.60093283582089
2022-04-16,2021-2022,Norwich City,Manchester United,0,2,3,15,20,4,9,6,7,7,6,0,0,0,0,1.3333333333333333,1.3333333333333333,1.0,2.25,-1.25,-1.732873134328358,50.868059701492534
2022-04-23,2021-2022,Norwich City,Newcastle United,1,0,3,5,13,2,7,11,10,2,3,0,0,0,0,1.0,2.0,0.5,1.75,-1.25,-1.9628731343283579,48.90518656716418
2022-04-30,2021-2022,Norwich City,Aston Villa,0,0,2,9,21,3,6,8,16,3,2,1,0,0,1,0.0,3.0,0.75,1.5,-0.75,-2.472873134328358,46.43231343283582
2022-05-08,2021-2022,Norwich City,West Ham United,1,0,4,8,13,2,5,7,7,9,5,1,0,0,1,0.0,3.0,0.5,1.25,-0.75,-2.472873134328358,43.95944029850746
2022-05-11,2021-2022,Norwich City,Leicester City,0,0,3,9,20,5,8,5,10,2,10,0,0,0,0,0.0,3.0,1.25,2.0,-0.75,-2.412873134328358,41.5465671641791
2022-05-15,2021-2022,Norwich City,Wolverhampton Wanderers,0,1,1,11,17,2,4,10,5,3,5,3,0,1,3,0.3333333333333333,2.3333333333333335,0.5,1.0,-0.5,-1.402873134328358,40.14369402985074
2022-05-22,2021-2022,Norwich City,Tottenham Hotspur,1,0,5,9,19,0,13,13,7,3,2,3,0,0,3,0.3333333333333333,2.3333333333333335,0.0,3.25,-3.25,-2.962873134328358,37.18082089552239
2022-08-06,2022-2023,Nottingham Forest,Newcastle United,0,0,2,5,23,0,10,14,9,1,11,3,0,0,3,0.0,3.0,0.0,2.5,-2.5,-3.012873134328358,77.98712686567164
2022-08-14,2022-2023,Nottingham Forest,West Ham United,1,1,0,13,19,6,5,10,11,6,7,4,0,3,4,1.5,1.5,1.5,1.25,0.25,1.142126865671642,79.12925373134328
2022-08-20,2022-2023,Nottingham Forest,Everton,0,1,1,14,19,5,8,9,6,2,6,2,0,1,2,1.3333333333333333,1.3333333333333333,1.25,2.0,-0.75,-0.8328731343283582,78.29638059701493
2022-08-28,2022-2023,Nottingham Forest,Tottenham Hotspur,1,0,2,17,18,1,7,11,13,6,1,6,0,0,6,1.3333333333333333,1.3333333333333333,0.25,1.75,-1.5,-2.1528731343283583,76.14350746268657
2022-08-31,2022-2023,Nottingham Forest,Manchester City,0,0,6,8,17,1,9,7,9,1,10,1,0,0,1,0.3333333333333333,2.3333333333333335,0.25,2.25,-2.0,-2.542873134328358,73.60063432835821
2022-09-03,2022-2023,Nottingham Forest,Bournemouth,1,2,3,11,8,3,3,13,10,4,6,2,0,0,2,0.0,3.0,0.75,0.75,0.0,-2.352873134328358,71.24776119402985
2022-09-16,2022-2023,Nottingham Forest,Fulham,1,2,3,11,15,3,7,11,10,2,10,2,0,0,2,0.0,3.0,0.75,1.75,-1.0,-2.592873134328358,68.65488805970149
2022-10-03,2022-2023,Nottingham Forest,Leicester City,0,0,4,10,17,3,7,12,13,6,6,4,0,0,4,0.0,3.0,0.75,1.75,-1.0,-2.7128731343283583,65.94201492537314
2022-10-10,2022-2023,Nottingham Forest,Aston Villa,1,1,1,6,12,3,2,13,19,1,4,3,0,1,3,0.3333333333333333,2.3333333333333335,0.75,0.5,0.25,-1.2228731343283579,64.71914179104478
2022-10-15,2022-2023,Nottingham Forest,Wolverhampton Wanderers,0,0,1,10,9,2,2,13,17,5,4,2,0,0,2,0.3333333333333333,2.3333333333333335,0.5,0.5,0.0,-2.122873134328358,62.59626865671642
2022-10-18,2022-2023,Nottingham Forest,Brighton and Hove Albion,0,0,0,3,19,0,7,14,10,1,9,1,0,1,1,0.6666666666666666,1.6666666666666667,0.0,1.75,-1.75,-1.3528731343283582,61.24339552238806
2022-10-22,2022-2023,Nottingham Forest,Liverpool,1,1,0,10,15,7,7,14,8,2,11,2,0,3,2,1.3333333333333333,1.3333333333333333,1.75,1.75,0.0,1.1471268656716418,62.39052238805971
2022-10-30,2022-2023,Nottingham Forest,Arsenal,0,0,5,5,24,2,10,8,9,4,9,1,0,0,1,1.3333333333333333,1.3333333333333333,0.5,2.5,-2.0,-1.9728731343283579,60.41764925373135
2022-11-05,2022-2023,Nottingham Forest,Brentford,1,2,2,15,6,7,2,10,11,3,3,2,0,1,2,1.3333333333333333,1.3333333333333333,1.75,0.5,1.25,-0.35287313432835815,60.06477611940299
2022-11-12,2022-2023,Nottingham Forest,Crystal Palace,1,1,0,9,8,2,0,11,13,1,5,1,0,3,1,1.3333333333333333,1.3333333333333333,0.5,0.0,0.5,1.327126865671642,61.39190298507463
2022-12-27,2022-2023,Nottingham Forest,Manchester United,0,0,3,8,17,3,8,4,13,9,9,1,0,0,1,1.3333333333333333,1.3333333333333333,0.75,2.0,-1.25,-1.7928731343283582,59.59902985074628
2023-01-01,2022-2023,Nottingham Forest,Chelsea,1,1,1,12,7,5,2,16,14,1,2,2,0,1,2,1.3333333333333333,1.3333333333333333,1.25,0.5,0.75,-0.4728731343283581,59.12615671641792
2023-01-04,2022-2023,Nottingham Forest,Southampton,0,1,0,11,8,1,0,17,14,2,6,2,0,3,2,1.3333333333333333,1.3333333333333333,0.25,0.0,0.25,1.2071268656716418,60.333283582089564
2023-01-14,2022-2023,Nottingham Forest,Leicester City,1,2,0,15,6,5,1,11,12,3,5,1,0,3,1,2.3333333333333335,0.3333333333333333,1.25,0.25,1.0,2.0171268656716417,62.350410447761206
2023-01-21,2022-2023,Nottingham Forest,Bournemouth,0,1,1,20,16,5,4,7,10,6,4,2,0,1,2,2.3333333333333335,0.3333333333333333,1.25,1.0,0.25,-0.022873134328358028,62.32753731343284
2023-02-05,2022-2023,Nottingham Forest,Leeds United,1,1,0,6,10,2,4,15,14,0,2,4,0,3,4,2.3333333333333335,0.3333333333333333,0.5,1.0,-0.5,1.4771268656716416,63.80466417910449
2023-02-11,2022-2023,Nottingham Forest,Fulham,0,0,2,10,16,1,3,11,9,4,5,1,0,0,1,1.3333333333333333,1.3333333333333333,0.25,0.75,-0.5,-1.6128731343283582,62.19179104477613
2023-02-18,2022-2023,Nottingham Forest,Manchester City,1,1,1,4,26,1,6,8,6,0,10,1,0,1,1,1.3333333333333333,1.3333333333333333,0.25,1.5,-1.25,-0.8928731343283581,61.29891791044777
2023-02-25,2022-2023,Nottingham Forest,West Ham United,0,0,4,8,18,3,5,5,8,3,12,0,0,0,0,0.3333333333333333,2.3333333333333335,0.75,1.25,-0.5,-2.122873134328358,59.17604477611941
2023-03-05,2022-2023,Nottingham Forest,Everton,1,2,2,10,10,4,3,11,17,3,3,3,0,1,3,0.6666666666666666,1.6666666666666667,1.0,0.75,0.25,-0.992873134328358,58.183171641791056
2023-03-11,2022-2023,Nottingham Forest,Tottenham Hotspur,0,1,3,9,15,5,7,13,13,10,2,1,0,0,1,0.3333333333333333,2.3333333333333335,1.25,1.75,-0.5,-2.182873134328358,56.0002985074627
2023-03-17,2022-2023,Nottingham Forest,Newcastle United,1,1,2,5,15,3,4,17,9,3,7,5,0,0,5,0.3333333333333333,2.3333333333333335,0.75,1.0,-0.25,-2.362873134328358,53.63742537313434
2023-04-01,2022-2023,Nottingham Forest,Wolverhampton Wanderers,1,1,1,17,8,7,1,14,13,4,3,3,0,1,3,0.3333333333333333,2.3333333333333335,1.75,0.25,1.5,-0.922873134328358,52.71455223880598
2023-04-04,2022-2023,Nottingham Forest,Leeds United,0,1,2,13,21,1,6,13,11,4,11,4,0,0,4,0.3333333333333333,2.3333333333333335,0.25,1.5,-1.25,-2.542873134328358,50.171679104477626
2023-04-08,2022-2023,Nottingham Forest,Aston Villa,0,0,2,6,8,2,3,17,7,8,1,4,0,0,4,0.3333333333333333,2.3333333333333335,0.5,0.75,-0.25,-2.302873134328358,47.86880597014927
2023-04-16,2022-2023,Nottingham Forest,Manchester United,1,0,2,6,22,0,8,9,9,4,9,2,0,0,2,0.0,3.0,0.0,2.0,-2.0,-2.832873134328358,45.03593283582091
2023-04-22,2022-2023,Nottingham Forest,Liverpool,0,2,3,11,18,5,6,12,9,3,9,1,0,0,1,0.0,3.0,1.25,1.5,-0.25,-2.352873134328358,42.68305970149255
2023-04-26,2022-2023,Nottingham Forest,Brighton and Hove Albion,1,3,1,12,17,5,7,7,8,2,7,2,0,3,2,1.0,2.0,1.25,1.75,-0.5,0.797126865671642,43.480186567164196
2023-04-29,2022-2023,Nottingham Forest,Brentford,0,1,2,5,14,3,8,13,6,0,6,2,0,0,2,1.0,2.0,0.75,2.0,-1.25,-2.082873134328358,41.39731343283584
2023-05-08,2022-2023,Nottingham Forest,Southampton,1,4,3,9,19,4,5,16,10,2,11,1,0,3,1,2.0,1.0,1.0,1.25,-0.25,1.4871268656716417,42.88444029850748
2023-05-13,2022-2023,Nottingham Forest,Chelsea,0,2,2,11,14,2,6,15,13,5,2,1,0,1,1,1.3333333333333333,1.3333333333333333,0.5,1.5,-1.0,-0.8328731343283582,42.05156716417912
2023-05-20,2022-2023,Nottingham Forest,Arsenal,1,1,0,6,11,2,3,11,12,3,6,3,0,3,3,2.3333333333333335,0.3333333333333333,0.5,0.75,-0.25,1.5971268656716415,43.64869402985076
2023-05-28,2022-2023,Nottingham Forest,Crystal Palace,0,1,1,7,16,4,4,13,9,4,5,2,0,1,2,1.6666666666666667,0.6666666666666666,1.0,1.0,0.0,-0.42287313432835805,43.2258208955224
2023-08-12,2023-2024,Nottingham Forest,Arsenal,0,1,2,6,15,2,7,12,12,3,8,2,0,0,2,1.3333333333333333,1.3333333333333333,0.5,1.75,-1.25,-1.852873134328358,41.37294776119405
2023-08-18,2023-2024,Nottingham Forest,Sheffield United,1,2,1,16,7,4,3,5,9,6,7,2,0,3,2,1.3333333333333333,1.3333333333333333,1.0,0.75,0.25,1.2071268656716418,42.58007462686569
2023-08-26,2023-2024,Nottingham Forest,Manchester United,0,2,3,9,18,4,9,11,13,3,11,4,1,0,7,1.0,2.0,1.0,2.25,-1.25,-2.3828731343283582,40.19720149253733
2023-09-02,2023-2024,Nottingham Forest,Chelsea,0,1,0,7,21,3,2,9,10,0,8,4,0,3,4,2.0,1.0,0.75,0.5,0.25,1.4271268656716418,41.62432835820897
2023-09-18,2023-2024,Nottingham Forest,Burnley,1,1,1,14,10,4,3,16,10,5,4,2,0,1,2,1.3333333333333333,1.3333333333333333,1.0,0.75,0.25,-0.5928731343283581,41.03145522388061
2023-09-23,2023-2024,Nottingham Forest,Manchester City,0,0,2,10,7,3,4,17,5,6,6,7,0,0,7,1.3333333333333333,1.3333333333333333,0.75,1.0,-0.25,-1.912873134328358,39.118582089552255
2023-10-01,2023-2024,Nottingham Forest,Brentford,1,1,1,6,18,1,5,6,10,1,11,1,1,1,4,0.6666666666666666,1.6666666666666667,0.25,1.25,-1.0,-1.352873134328358,37.7657089552239
2023-10-07,2023-2024,Nottingham Forest,Crystal Palace,0,0,0,16,8,5,2,12,7,7,3,1,0,1,1,0.6666666666666666,1.6666666666666667,1.25,0.5,0.75,-0.752873134328358,37.01283582089554
2023-10-21,2023-2024,Nottingham Forest,Luton Town,1,2,2,19,13,8,4,12,11,4,2,3,0,1,3,1.0,1.0,2.0,1.0,1.0,-0.5828731343283581,36.42996268656718
2023-10-29,2023-2024,Nottingham Forest,Liverpool,0,0,3,9,21,1,8,13,9,3,8,3,0,0,3,0.6666666666666666,1.6666666666666667,0.25,2.0,-1.75,-2.372873134328358,34.05708955223882
2023-11-05,2023-2024,Nottingham Forest,Aston Villa,1,2,0,5,13,3,3,6,9,0,10,1,0,3,1,1.3333333333333333,1.3333333333333333,0.75,0.75,0.0,1.2071268656716418,35.26421641791046
2023-11-12,2023-2024,Nottingham Forest,West Ham United,0,2,3,10,16,5,6,12,9,4,9,2,0,0,2,1.0,2.0,1.25,1.5,-0.25,-1.8428731343283582,33.421343283582104
2023-11-25,2023-2024,Nottingham Forest,Brighton and Hove Albion,1,2,3,18,11,5,5,12,7,6,4,2,0,0,2,1.0,2.0,1.25,1.25,0.0,-1.7828731343283581,31.63847014925375
2023-12-02,2023-2024,Nottingham Forest,Everton,1,0,1,13,12,2,3,15,14,4,3,1,0,0,1,0.0,3.0,0.5,0.75,-0.25,-2.352873134328358,29.285597014925393
2023-12-06,2023-2024,Nottingham Forest,Fulham,0,0,5,4,14,1,6,10,7,1,6,1,0,0,1,0.0,3.0,0.25,1.5,-1.25,-2.592873134328358,26.692723880597036
2023-12-09,2023-2024,Nottingham Forest,Wolverhampton Wanderers,0,1,1,8,10,2,4,11,9,3,4,1,0,1,1,0.3333333333333333,2.3333333333333335,0.5,1.0,-0.5,-1.282873134328358,25.40985074626868
2023-12-15,2023-2024,Nottingham Forest,Tottenham Hotspur,1,0,2,15,12,1,6,16,11,6,4,2,0,0,2,0.3333333333333333,2.3333333333333335,0.25,1.5,-1.25,-2.4228731343283583,22.986977611940326
2023-12-23,2023-2024,Nottingham Forest,Bournemouth,1,2,3,11,18,5,7,10,10,6,6,0,1,0,3,0.3333333333333333,2.3333333333333335,1.25,1.75,-0.5,-2.302873134328358,20.684104477611967
2023-12-26,2023-2024,Nottingham Forest,Newcastle United,0,3,1,15,19,6,7,11,10,2,10,3,0,3,3,1.0,2.0,1.5,1.75,-0.25,0.7971268656716417,21.48123134328361
2023-12-30,2023-2024,Nottingham Forest,Manchester United,1,2,1,8,10,2,5,9,11,4,5,2,0,3,2,2.0,1.0,0.5,1.25,-0.75,1.3071268656716417,22.788358208955252
2024-01-20,2023-2024,Nottingham Forest,Brentford,0,2,3,12,11,3,5,14,10,4,6,3,0,0,3,2.0,1.0,0.75,1.25,-0.5,-1.3928731343283582,21.39548507462689
2024-01-30,2023-2024,Nottingham Forest,Arsenal,1,1,2,9,19,3,3,6,7,2,11,0,0,0,0,1.0,2.0,0.75,0.75,0.0,-1.662873134328358,19.732611940298533
2024-02-04,2023-2024,Nottingham Forest,Bournemouth,0,1,1,8,9,6,2,12,19,6,11,2,0,1,2,0.3333333333333333,2.3333333333333335,1.5,0.5,1.0,-0.9828731343283581,18.749738805970175
2024-02-10,2023-2024,Nottingham Forest,Newcastle United,1,2,3,13,7,3,5,9,6,4,4,1,0,0,1,0.3333333333333333,2.3333333333333335,0.75,1.25,-0.5,-2.182873134328358,16.56686567164182
2024-02-17,2023-2024,Nottingham Forest,West Ham United,1,2,0,19,10,8,3,13,15,5,3,4,0,3,4,1.3333333333333333,1.3333333333333333,2.0,0.75,1.25,1.327126865671642,17.893992537313466
2024-02-24,2023-2024,Nottingham Forest,Aston Villa,0,2,4,10,16,3,6,16,7,2,7,2,0,0,2,1.0,2.0,0.75,1.5,-0.75,-1.9628731343283579,15.931119402985104
2024-03-02,2023-2024,Nottingham Forest,Liverpool,1,0,1,8,22,2,2,11,12,3,12,2,0,0,2,1.0,2.0,0.5,0.5,0.0,-1.7828731343283581,14.148246268656749
2024-03-10,2023-2024,Nottingham Forest,Brighton and Hove Albion,0,0,1,9,10,4,3,14,14,3,6,4,0,0,4,0.0,3.0,1.0,0.75,0.25,-2.412873134328358,11.735373134328384
2024-03-16,2023-2024,Nottingham Forest,Luton Town,0,1,1,16,10,6,4,17,10,7,6,2,0,1,2,0.3333333333333333,2.3333333333333335,1.5,1.0,0.5,-1.1028731343283582,10.632500000000022
2024-03-30,2023-2024,Nottingham Forest,Crystal Palace,1,1,1,12,10,5,3,14,12,4,6,1,0,1,1,0.6666666666666666,1.6666666666666667,1.25,0.75,0.5,-0.8128731343283581,9.819626865671665
2024-04-02,2023-2024,Nottingham Forest,Fulham,1,3,1,16,18,4,3,7,8,3,8,0,0,3,0,1.6666666666666667,0.6666666666666666,1.0,0.75,0.25,1.557126865671642,11.376753731343314
2024-04-07,2023-2024,Nottingham Forest,Tottenham Hotspur,0,1,3,13,17,6,7,12,11,2,12,3,0,0,3,1.3333333333333333,1.3333333333333333,1.5,1.75,-0.25,-1.6728731343283583,9.703880597014958
2024-04-13,2023-2024,Nottingham Forest,Wolverhampton Wanderers,1,2,2,18,11,9,4,15,10,10,1,2,0,1,2,1.3333333333333333,1.3333333333333333,2.25,1.0,1.25,-0.35287313432835815,9.351007462686596
2024-04-21,2023-2024,Nottingham Forest,Everton,0,0,2,8,7,3,4,9,15,4,6,2,0,0,2,0.3333333333333333,2.3333333333333335,0.75,1.0,-0.25,-2.182873134328358,7.168134328358235
2024-04-28,2023-2024,Nottingham Forest,Manchester City,1,0,2,14,11,2,5,8,6,4,5,0,0,0,0,0.3333333333333333,2.3333333333333335,0.5,1.25,-0.75,-2.182873134328358,4.985261194029874
2024-05-04,2023-2024,Nottingham Forest,Sheffield United,0,3,1,15,17,4,5,7,9,3,5,1,0,3,1,1.0,2.0,1.0,1.25,-0.25,0.9171268656716418,5.902388059701522
2024-05-11,2023-2024,Nottingham Forest,Chelsea,1,2,3,20,12,4,5,14,8,5,6,2,0,0,2,1.0,2.0,1.0,1.25,-0.25,-1.8428731343283582,4.059514925373165
2024-05-19,2023-2024,Nottingham Forest,Burnley,0,2,1,12,20,6,3,5,11,3,4,0,0,3,0,2.0,1.0,1.5,0.75,0.75,1.7871268656716417,5.846641791044803
2024-08-17,2024-2025,Nottingham Forest,Bournemouth,1,1,1,14,13,8,4,17,8,2,6,1,0,1,1,1.3333333333333333,1.3333333333333333,2.0,1.0,1.0,-0.35287313432835815,5.4937686567164405
2024-08-24,2024-2025,Nottingham Forest,Southampton,0,1,0,23,5,8,1,14,14,10,4,3,0,3,3,2.3333333333333335,0.3333333333333333,2.0,0.25,1.75,2.0771268656716417,7.570895522388085
2024-08-31,2024-2025,Nottingham Forest,Wolverhampton Wanderers,1,1,1,16,11,5,3,15,18,7,3,3,0,1,3,1.6666666666666667,0.6666666666666666,1.25,0.75,0.5,-0.3628731343283581,7.208022388059732
2024-09-14,2024-2025,Nottingham Forest,Liverpool,0,1,0,5,14,3,5,6,15,2,7,4,0,3,4,2.3333333333333335,0.3333333333333333,0.75,1.25,-0.5,1.4771268656716416,8.685149253731367
2024-09-22,2024-2025,Nottingham Forest,Brighton and Hove Albion,0,2,2,4,14,3,3,11,12,1,9,4,1,1,7,1.6666666666666667,0.6666666666666666,0.75,0.75,0.0,-0.7228731343283582,7.962276119403015
2024-09-28,2024-2025,Nottingham Forest,Fulham,1,0,1,11,14,1,2,11,15,6,5,2,0,0,2,1.3333333333333333,1.3333333333333333,0.25,0.5,-0.25,-1.6128731343283582,6.349402985074661
2024-10-06,2024-2025,Nottingham Forest,Chelsea,0,1,1,16,22,9,8,11,12,3,11,2,1,1,5,0.6666666666666666,1.6666666666666667,2.25,2.0,0.25,-1.112873134328358,5.236529850746308
2024-10-21,2024-2025,Nottingham Forest,Crystal Palace,1,1,0,20,20,6,7,9,12,6,6,2,0,3,2,1.3333333333333333,1.3333333333333333,1.5,1.75,-0.25,1.0871268656716417,6.323656716417943
2024-10-25,2024-2025,Nottingham Forest,Leicester City,0,3,1,20,11,5,1,9,16,7,6,2,0,3,2,2.3333333333333335,0.3333333333333333,1.25,0.25,1.0,1.9571268656716416,8.280783582089583
2024-11-02,2024-2025,Nottingham Forest,West Ham United,1,3,0,19,4,6,2,7,9,11,6,1,0,3,1,3.0,0.0,1.5,0.5,1.0,2.357126865671642,10.637910447761229
2024-11-10,2024-2025,Nottingham Forest,Newcastle United,1,1,3,9,17,3,6,13,6,4,5,1,0,0,1,2.0,1.0,0.75,1.5,-0.75,-1.3328731343283582,9.305037313432877
2024-11-23,2024-2025,Nottingham Forest,Arsenal,0,0,3,7,19,0,7,1,10,1,8,2,0,0,2,1.0,2.0,0.0,1.75,-1.75,-2.202873134328358,7.10216417910452
2024-11-30,2024-2025,Nottingham Forest,Ipswich Town,1,1,0,12,7,5,3,5,16,8,7,1,0,3,1,1.0,2.0,1.25,0.75,0.5,1.097126865671642,8.19929104477616
2024-12-04,2024-2025,Nottingham Forest,Manchester City,0,0,3,12,17,3,7,15,7,2,8,4,0,0,4,1.0,2.0,0.75,1.75,-1.0,-2.142873134328358,6.056417910447806
2024-12-07,2024-2025,Nottingham Forest,Manchester United,0,3,2,11,17,3,7,13,10,3,5,2,0,3,2,2.0,1.0,0.75,1.75,-1.0,1.2471268656716417,7.303544776119452
2024-12-14,2024-2025,Nottingham Forest,Aston Villa,1,2,1,17,8,6,2,12,6,4,3,0,0,3,0,2.0,1.0,1.5,0.5,1.0,1.8471268656716417,9.150671641791092
2024-12-21,2024-2025,Nottingham Forest,Brentford,0,2,0,10,7,6,3,14,9,5,9,4,0,3,4,3.0,0.0,1.5,0.75,0.75,2.1171268656716418,11.267798507462729
2024-12-26,2024-2025,Nottingham Forest,Tottenham Hotspur,1,1,0,10,13,3,4,12,13,2,7,3,0,3,3,3.0,0.0,0.75,1.0,-0.25,1.9371268656716416,13.204925373134373
2024-12-29,2024-2025,Nottingham Forest,Everton,0,2,0,11,13,7,2,10,13,4,5,1,0,3,1,3.0,0.0,1.75,0.5,1.25,2.417126865671642,15.62205223880602
2025-01-06,2024-2025,Nottingham Forest,Wolverhampton Wanderers,0,3,0,11,13,3,6,8,10,3,5,2,0,3,2,3.0,0.0,0.75,1.5,-0.75,1.8771268656716418,17.499179104477662
2025-01-14,2024-2025,Nottingham Forest,Liverpool,1,1,1,6,23,3,7,7,10,0,9,2,0,1,2,2.3333333333333335,0.3333333333333333,0.75,1.75,-1.0,-0.32287313432835807,17.1763059701493
2025-01-19,2024-2025,Nottingham Forest,Southampton,1,3,2,14,10,5,4,4,18,2,8,0,0,3,0,2.3333333333333335,0.3333333333333333,1.25,1.0,0.25,1.8971268656716418,19.073432835820945
2025-01-25,2024-2025,Nottingham Forest,Bournemouth,0,0,5,18,16,4,10,12,9,9,3,3,0,0,3,1.3333333333333333,1.3333333333333333,1.0,2.5,-1.5,-1.972873134328358,17.100559701492585
2025-02-01,2024-2025,Nottingham Forest,Brighton and Hove Albion,1,7,0,14,10,9,5,8,13,4,6,1,0,3,1,2.0,1.0,2.25,1.25,1.0,1.7871268656716417,18.887686567164224
2025-02-15,2024-2025,Nottingham Forest,Fulham,0,1,2,8,24,2,10,8,13,4,8,0,0,0,0,1.0,2.0,0.5,2.5,-2.0,-2.142873134328358,16.74481343283587
2025-02-23,2024-2025,Nottingham Forest,Newcastle United,0,3,4,17,13,5,5,13,11,6,7,4,0,0,4,1.0,2.0,1.25,1.25,0.0,-1.9028731343283578,14.84194029850751
2025-02-26,2024-2025,Nottingham Forest,Arsenal,1,0,0,6,13,2,1,10,17,3,11,1,0,1,1,0.3333333333333333,2.3333333333333335,0.5,0.25,0.25,-1.1028731343283582,13.739067164179147
2025-03-08,2024-2025,Nottingham Forest,Manchester City,1,1,0,9,14,4,3,9,7,3,2,3,0,3,3,1.3333333333333333,1.3333333333333333,1.0,0.75,0.25,1.1471268656716418,14.886194029850785
2025-03-15,2024-2025,Nottingham Forest,Ipswich Town,0,4,2,11,11,6,4,13,4,3,6,1,0,3,1,2.3333333333333335,0.3333333333333333,1.5,1.0,0.5,1.8971268656716418,16.783320895522422
2025-04-01,2024-2025,Nottingham Forest,Manchester United,1,1,0,8,23,2,6,5,12,3,10,1,0,3,1,3.0,0.0,0.5,1.5,-1.0,1.8771268656716418,18.660447761194064
2025-04-05,2024-2025,Nottingham Forest,Aston Villa,0,1,2,19,17,3,8,15,7,4,4,2,0,0,2,2.0,1.0,0.75,2.0,-1.25,-1.5128731343283583,17.147574626865705
2025-04-12,2024-2025,Nottingham Forest,Everton,1,0,1,10,13,5,5,9,13,1,7,0,0,0,0,1.0,2.0,1.25,1.25,0.0,-1.662873134328358,15.48470149253734
2025-04-21,2024-2025,Nottingham Forest,Tottenham Hotspur,0,2,1,4,22,3,6,12,11,1,7,4,0,3,4,1.0,2.0,0.75,1.5,-0.75,0.6171268656716419,16.101828358208977
2025-05-01,2024-2025,Nottingham Forest,Brentford,1,0,2,14,11,5,3,10,12,4,5,3,0,0,3,1.0,2.0,1.25,0.75,0.5,-1.7228731343283579,14.378955223880624
2025-05-05,2024-2025,Nottingham Forest,Crystal Palace,0,1,1,12,20,4,3,15,9,4,7,8,0,1,8,1.3333333333333333,1.3333333333333333,1.0,0.75,0.25,-0.9528731343283581,13.426082089552267
2025-05-11,2024-2025,Nottingham Forest,Leicester City,1,2,2,15,10,4,6,11,11,4,4,3,0,1,3,0.6666666666666666,1.6666666666666667,1.0,1.5,-0.5,-1.172873134328358,12.253208955223911
2025-05-18,2024-2025,Nottingham Forest,West Ham United,0,2,1,10,16,5,5,7,14,7,8,3,0,3,3,1.6666666666666667,0.6666666666666666,1.25,1.25,0.0,1.317126865671642,13.57033582089555
2025-05-25,2024-2025,Nottingham Forest,Chelsea,1,0,1,10,6,2,2,10,11,7,4,2,0,0,2,1.3333333333333333,1.3333333333333333,0.5,0.5,0.0,-1.5528731343283582,12.0174626865672
2025-08-17,2025-2026,Nottingham Forest,Brentford,1,3,1,11,10,5,3,7,15,5,5,1,0,3,1,2.0,1.0,1.25,0.75,0.5,1.6671268656716418,13.684589552238847
2025-08-24,2025-2026,Nottingham Forest,Crystal Palace,0,1,1,9,8,1,4,11,11,3,1,3,0,1,3,1.3333333333333333,1.3333333333333333,0.25,1.0,-0.75,-0.8928731343283581,12.791716417910493
2025-08-31,2025-2026,Nottingham Forest,West Ham United,1,0,3,11,12,3,8,14,6,9,7,0,0,0,0,1.3333333333333333,1.3333333333333333,0.75,2.0,-1.25,-1.732873134328358,11.058843283582135
2025-09-13,2025-2026,Nottingham Forest,Arsenal,0,0,3,5,16,1,5,11,8,4,8,1,0,0,1,0.3333333333333333,2.3333333333333335,0.25,1.25,-1.0,-2.302873134328358,8.755970149253784
2025-09-20,2025-2026,Nottingham Forest,Burnley,0,1,1,17,12,8,5,11,12,5,4,1,0,1,1,0.3333333333333333,2.3333333333333335,2.0,1.25,0.75,-0.9828731343283581,7.773097014925426
2025-09-27,2025-2026,Nottingham Forest,Sunderland,1,0,1,22,11,6,3,11,6,7,4,4,0,0,4,0.3333333333333333,2.3333333333333335,1.5,0.75,0.75,-2.062873134328358,5.71022388059707
2025-10-05,2025-2026,Nottingham Forest,Newcastle United,0,0,2,5,18,4,9,15,16,1,8,4,0,0,4,0.3333333333333333,2.3333333333333335,1.0,2.25,-1.25,-2.542873134328358,3.16735074626871
2025-10-18,2025-2026,Nottingham Forest,Chelsea,1,0,3,12,17,2,6,13,16,5,2,2,0,0,2,0.0,3.0,0.5,1.5,-1.0,-2.592873134328358,1.0
2025-10-26,2025-2026,Nottingham Forest,Bournemouth,0,0,2,8,13,4,5,7,17,4,6,1,0,0,1,0.0,3.0,1.0,1.25,-0.25,-2.352873134328358,1.0
2025-11-01,2025-2026,Nottingham Forest,Manchester United,1,2,2,17,18,3,7,10,7,8,5,1,0,1,1,0.3333333333333333,2.3333333333333335,0.75,1.75,-1.0,-1.402873134328358,1.0
2025-11-09,2025-2026,Nottingham Forest,Leeds United,1,3,1,14,10,6,3,10,11,6,4,2,0,3,2,1.3333333333333333,1.3333333333333333,1.5,0.75,0.75,1.3271268656716417,1.0
2020-09-14,2020-2021,Sheffield United,Wolverhampton Wanderers,1,0,2,9,11,2,4,13,7,12,5,2,0,0,2,0.0,3.0,0.5,1.0,-0.5,-2.472873134328358,97.52712686567165
2020-09-21,2020-2021,Sheffield United,Aston Villa,0,0,1,4,18,1,2,13,12,4,10,1,1,0,4,0.0,3.0,0.25,0.5,-0.25,-2.5328731343283577,94.99425373134328
2020-09-27,2020-2021,Sheffield United,Leeds United,1,0,1,14,17,4,9,18,4,5,7,2,0,0,2,0.0,3.0,1.0,2.25,-1.25,-2.6528731343283583,92.34138059701493
2020-10-04,2020-2021,Sheffield United,Arsenal,0,1,2,6,6,2,5,9,3,4,2,1,0,0,1,0.0,3.0,0.5,1.25,-0.75,-2.472873134328358,89.86850746268657
2020-10-18,2020-2021,Sheffield United,Fulham,1,1,1,10,15,6,6,5,9,2,5,0,0,1,0,0.3333333333333333,2.3333333333333335,1.5,1.5,0.0,-1.1028731343283582,88.7656343283582
2020-10-24,2020-2021,Sheffield United,Liverpool,0,1,2,13,17,2,5,15,7,3,7,3,0,0,3,0.3333333333333333,2.3333333333333335,0.5,1.25,-0.75,-2.3628731343283578,86.40276119402985
2020-10-31,2020-2021,Sheffield United,Manchester City,1,0,1,5,16,1,8,14,6,2,5,0,0,0,0,0.3333333333333333,2.3333333333333335,0.25,2.0,-1.75,-2.4228731343283583,83.9798880597015
2020-11-07,2020-2021,Sheffield United,Chelsea,0,1,4,6,20,3,9,14,5,7,6,2,0,0,2,0.0,3.0,0.75,2.25,-1.5,-2.7128731343283583,81.26701492537313
2020-11-22,2020-2021,Sheffield United,West Ham United,1,0,1,9,15,5,3,7,6,2,6,0,0,0,0,0.0,3.0,1.25,0.75,0.5,-2.1128731343283578,79.15414179104478
2020-11-28,2020-2021,Sheffield United,West Brom,0,0,1,21,17,5,6,9,10,9,14,3,0,0,3,0.0,3.0,1.25,1.5,-0.25,-2.472873134328358,76.68126865671641
2020-12-06,2020-2021,Sheffield United,Leicester City,1,1,2,4,13,1,4,13,6,6,5,1,0,0,1,0.0,3.0,0.25,1.0,-0.75,-2.472873134328358,74.20839552238806
2020-12-13,2020-2021,Sheffield United,Southampton,0,0,3,3,16,0,6,14,8,4,8,1,0,0,1,0.0,3.0,0.0,1.5,-1.5,-2.6528731343283583,71.5555223880597
2020-12-17,2020-2021,Sheffield United,Manchester United,1,2,3,12,14,6,8,17,8,6,3,3,0,0,3,0.0,3.0,1.5,2.0,-0.5,-2.5328731343283577,69.02264925373134
2020-12-20,2020-2021,Sheffield United,Brighton and Hove Albion,0,1,1,5,21,3,5,11,9,2,14,5,1,1,8,0.3333333333333333,2.3333333333333335,0.75,1.25,-0.5,-1.702873134328358,67.31977611940297
2020-12-26,2020-2021,Sheffield United,Everton,1,0,1,10,7,2,3,11,10,6,3,2,0,0,2,0.3333333333333333,2.3333333333333335,0.5,0.75,-0.25,-2.182873134328358,65.13690298507461
2020-12-29,2020-2021,Sheffield United,Burnley,0,0,1,7,5,3,3,17,13,5,3,2,0,0,2,0.3333333333333333,2.3333333333333335,0.75,0.75,0.0,-2.122873134328358,63.01402985074626
2021-01-02,2020-2021,Sheffield United,Crystal Palace,0,0,2,7,9,2,4,18,8,6,3,3,0,0,3,0.0,3.0,0.5,1.0,-0.5,-2.5328731343283577,60.48115671641791
2021-01-12,2020-2021,Sheffield United,Newcastle United,1,1,0,17,7,4,3,13,12,5,2,2,0,3,2,1.0,2.0,1.0,0.75,0.25,0.9771268656716419,61.45828358208955
2021-01-17,2020-2021,Sheffield United,Tottenham Hotspur,1,1,3,15,14,5,5,13,4,5,7,4,0,0,4,1.0,2.0,1.25,1.25,0.0,-1.9028731343283578,59.55541044776119
2021-01-27,2020-2021,Sheffield United,Manchester United,0,2,1,5,16,3,4,12,10,2,7,1,0,3,1,2.0,1.0,0.75,1.0,-0.25,1.4871268656716417,61.04253731343283
2021-01-30,2020-2021,Sheffield United,Manchester City,0,0,1,4,10,1,5,10,7,0,10,3,0,0,3,1.0,2.0,0.25,1.25,-1.0,-2.082873134328358,58.95966417910447
2021-02-02,2020-2021,Sheffield United,West Brom,1,2,1,14,8,6,4,11,9,9,2,2,0,3,2,2.0,1.0,1.5,1.0,0.5,1.6071268656716418,60.56679104477611
2021-02-07,2020-2021,Sheffield United,Chelsea,1,1,2,8,9,3,3,8,8,1,8,1,0,0,1,1.0,2.0,0.75,0.75,0.0,-1.722873134328358,58.84391791044775
2021-02-15,2020-2021,Sheffield United,West Ham United,0,0,3,8,13,5,9,12,11,7,7,2,0,0,2,1.0,2.0,1.25,2.25,-1.0,-2.022873134328358,56.82104477611939
2021-02-20,2020-2021,Sheffield United,Fulham,0,0,1,4,15,2,7,14,11,4,6,2,0,0,2,0.0,3.0,0.5,1.75,-1.25,-2.6528731343283583,54.168171641791034
2021-02-28,2020-2021,Sheffield United,Liverpool,1,0,2,8,16,2,8,9,9,4,3,0,0,0,0,0.0,3.0,0.5,2.0,-1.5,-2.592873134328358,51.575298507462676
2021-03-03,2020-2021,Sheffield United,Aston Villa,1,1,0,9,16,2,4,13,6,2,7,1,1,3,4,1.0,2.0,0.5,1.0,-0.5,0.6771268656716419,52.252425373134315
2021-03-06,2020-2021,Sheffield United,Southampton,1,0,2,8,15,2,5,17,11,7,3,4,0,0,4,1.0,2.0,0.5,1.25,-0.75,-2.082873134328358,50.169552238805956
2021-03-14,2020-2021,Sheffield United,Leicester City,0,0,5,1,19,0,10,9,10,1,9,2,0,0,2,1.0,2.0,0.0,2.5,-2.5,-2.3828731343283582,47.7866791044776
2021-04-03,2020-2021,Sheffield United,Leeds United,0,1,2,9,23,1,8,13,12,7,5,2,0,0,2,0.0,3.0,0.25,2.0,-1.75,-2.772873134328358,45.01380597014924
2021-04-11,2020-2021,Sheffield United,Arsenal,1,0,3,7,14,2,5,9,6,2,4,1,0,0,1,0.0,3.0,0.5,1.25,-0.75,-2.472873134328358,42.54093283582088
2021-04-17,2020-2021,Sheffield United,Wolverhampton Wanderers,0,0,1,8,10,2,5,15,8,3,3,2,0,0,2,0.0,3.0,0.5,1.25,-0.75,-2.5328731343283577,40.00805970149253
2021-04-24,2020-2021,Sheffield United,Brighton and Hove Albion,1,1,0,7,17,3,4,13,7,2,12,3,0,3,3,1.0,2.0,0.75,1.0,-0.25,0.7971268656716417,40.80518656716417
2021-05-02,2020-2021,Sheffield United,Tottenham Hotspur,0,0,4,8,20,1,11,9,8,6,6,1,0,0,1,1.0,2.0,0.25,2.75,-2.5,-2.322873134328358,38.48231343283581
2021-05-08,2020-2021,Sheffield United,Crystal Palace,1,0,2,7,21,0,8,11,8,5,11,1,0,0,1,1.0,2.0,0.0,2.0,-2.0,-2.202873134328358,36.27944029850745
2021-05-16,2020-2021,Sheffield United,Everton,0,1,0,10,16,3,6,12,8,4,11,3,0,3,3,1.0,2.0,0.75,1.5,-0.75,0.6771268656716419,36.95656716417909
2021-05-19,2020-2021,Sheffield United,Newcastle United,0,0,1,11,16,1,5,7,7,2,5,2,0,0,2,1.0,2.0,0.25,1.25,-1.0,-2.022873134328358,34.93369402985073
2021-05-23,2020-2021,Sheffield United,Burnley,1,1,0,12,10,3,3,11,1,8,9,3,0,3,3,2.0,1.0,0.75,0.75,0.0,1.4271268656716418,36.360820895522366
2023-08-12,2023-2024,Sheffield United,Crystal Palace,1,0,1,8,24,1,8,18,11,5,5,3,0,0,3,1.0,2.0,0.25,2.0,-1.75,-2.262873134328358,34.09794776119401
2023-08-18,2023-2024,Sheffield United,Nottingham Forest,0,1,2,7,16,3,4,9,5,7,6,3,0,0,3,1.0,2.0,0.75,1.0,-0.25,-1.9028731343283583,32.19507462686565
2023-08-27,2023-2024,Sheffield United,Manchester City,1,1,2,6,30,2,9,11,2,1,12,3,0,0,3,0.0,3.0,0.5,2.25,-1.75,-2.832873134328358,29.362201492537295
2023-09-02,2023-2024,Sheffield United,Everton,1,2,2,13,16,8,6,11,13,4,6,1,0,1,1,0.3333333333333333,2.3333333333333335,2.0,1.5,0.5,-1.0428731343283582,28.319328358208935
2023-09-16,2023-2024,Sheffield United,Tottenham Hotspur,0,1,2,7,28,5,10,14,13,2,15,5,1,0,8,0.3333333333333333,2.3333333333333335,1.25,2.5,-1.25,-2.782873134328358,25.53645522388058
2023-09-24,2023-2024,Sheffield United,Newcastle United,1,0,8,9,22,1,15,12,8,2,6,3,0,0,3,0.3333333333333333,2.3333333333333335,0.25,3.75,-3.5,-3.0228731343283584,22.513582089552216
2023-09-30,2023-2024,Sheffield United,West Ham United,0,0,2,16,20,2,9,9,6,4,7,1,0,0,1,0.0,3.0,0.5,2.25,-1.75,-2.7128731343283583,19.800708955223854
2023-10-07,2023-2024,Sheffield United,Fulham,0,1,3,5,20,2,6,10,8,4,9,2,0,0,2,0.0,3.0,0.5,1.5,-1.0,-2.592873134328358,17.207835820895497
2023-10-21,2023-2024,Sheffield United,Manchester United,1,1,2,12,14,6,5,12,10,5,4,3,0,0,3,0.0,3.0,1.5,1.25,0.25,-2.352873134328358,14.854962686567134
2023-10-28,2023-2024,Sheffield United,Arsenal,0,0,5,2,13,0,8,13,9,1,6,3,0,0,3,0.0,3.0,0.0,2.0,-2.0,-2.8928731343283576,11.96208955223878
2023-11-04,2023-2024,Sheffield United,Wolverhampton Wanderers,1,2,1,11,10,2,3,13,10,4,4,2,0,3,2,1.0,2.0,0.5,0.75,-0.25,0.8571268656716418,12.819216417910425
2023-11-12,2023-2024,Sheffield United,Brighton and Hove Albion,0,1,1,9,11,1,6,16,13,3,6,2,0,1,2,1.3333333333333333,1.3333333333333333,0.25,1.5,-1.25,-0.952873134328358,11.866343283582069
2023-11-25,2023-2024,Sheffield United,Bournemouth,1,1,3,10,23,2,11,6,8,4,7,4,0,0,4,1.3333333333333333,1.3333333333333333,0.5,2.75,-2.25,-2.212873134328358,9.653470149253707
2023-12-02,2023-2024,Sheffield United,Burnley,0,0,5,6,19,3,7,12,9,1,6,5,1,0,8,0.3333333333333333,2.3333333333333335,0.75,1.75,-1.0,-2.722873134328358,6.930597014925354
2023-12-06,2023-2024,Sheffield United,Liverpool,1,0,2,6,15,1,8,12,8,2,12,2,0,0,2,0.0,3.0,0.25,2.0,-1.75,-2.772873134328358,4.15772388059699
2023-12-09,2023-2024,Sheffield United,Brentford,1,1,0,9,10,4,4,14,13,3,4,5,0,3,5,1.0,2.0,1.0,1.0,0.0,0.737126865671642,4.894850746268631
2023-12-16,2023-2024,Sheffield United,Chelsea,0,0,2,6,15,1,6,14,9,6,7,3,0,0,3,1.0,2.0,0.25,1.5,-1.25,-2.142873134328358,2.7519776119402763
2023-12-22,2023-2024,Sheffield United,Aston Villa,0,1,1,5,12,2,4,16,11,1,9,3,0,1,3,1.3333333333333333,1.3333333333333333,0.5,1.0,-0.5,-0.8328731343283582,1.9191044776119242
2023-12-26,2023-2024,Sheffield United,Luton Town,1,2,3,21,12,6,4,13,13,9,4,5,0,0,5,0.3333333333333333,2.3333333333333335,1.5,1.0,0.5,-2.182873134328358,1.0
2023-12-30,2023-2024,Sheffield United,Manchester City,0,0,2,4,18,2,4,6,5,2,12,1,0,0,1,0.3333333333333333,2.3333333333333335,0.5,1.0,-0.5,-2.182873134328358,1.0
2024-01-21,2023-2024,Sheffield United,West Ham United,1,2,2,21,16,6,5,11,10,4,1,3,1,1,6,0.3333333333333333,2.3333333333333335,1.5,1.25,0.25,-1.402873134328358,1.0
2024-01-30,2023-2024,Sheffield United,Crystal Palace,0,2,3,9,12,5,4,18,8,1,11,4,0,0,4,0.3333333333333333,2.3333333333333335,1.25,1.0,0.25,-2.182873134328358,1.0
2024-02-03,2023-2024,Sheffield United,Aston Villa,1,0,5,10,14,5,10,10,7,3,4,1,0,0,1,0.3333333333333333,2.3333333333333335,1.25,2.5,-1.25,-2.362873134328358,1.0
2024-02-10,2023-2024,Sheffield United,Luton Town,0,3,1,7,20,3,5,12,7,1,13,2,0,3,2,1.0,2.0,0.75,1.25,-0.5,0.797126865671642,1.0
2024-02-18,2023-2024,Sheffield United,Brighton and Hove Albion,1,0,5,6,24,1,10,3,5,5,10,1,1,0,4,1.0,2.0,0.25,2.5,-2.25,-2.4428731343283583,1.0
2024-02-25,2023-2024,Sheffield United,Wolverhampton Wanderers,0,0,1,12,13,4,2,4,8,6,5,1,0,0,1,1.0,2.0,1.0,0.5,0.5,-1.602873134328358,1.0
2024-03-04,2023-2024,Sheffield United,Arsenal,1,0,6,4,22,0,10,11,4,0,7,1,0,0,1,0.0,3.0,0.0,2.5,-2.5,-2.8928731343283576,1.0
2024-03-09,2023-2024,Sheffield United,Bournemouth,0,2,2,13,32,9,12,11,12,3,10,5,0,1,5,0.3333333333333333,2.3333333333333335,2.25,3.0,-0.75,-1.582873134328358,1.0
2024-03-30,2023-2024,Sheffield United,Fulham,1,3,3,8,24,4,9,10,13,2,15,4,0,1,4,0.6666666666666666,1.6666666666666667,1.0,2.25,-1.25,-1.412873134328358,1.0
2024-04-04,2023-2024,Sheffield United,Liverpool,0,1,3,8,29,3,9,9,6,1,13,1,0,0,1,0.6666666666666666,1.6666666666666667,0.75,2.25,-1.5,-2.1928731343283583,1.0
2024-04-07,2023-2024,Sheffield United,Chelsea,1,2,2,11,6,6,3,12,10,7,6,4,0,1,4,0.6666666666666666,1.6666666666666667,1.5,0.75,0.75,-0.9328731343283582,1.0
2024-04-13,2023-2024,Sheffield United,Brentford,0,0,2,8,9,2,5,11,8,6,3,1,0,0,1,0.3333333333333333,2.3333333333333335,0.5,1.25,-0.75,-2.242873134328358,1.0
2024-04-20,2023-2024,Sheffield United,Burnley,1,1,4,18,16,11,9,10,9,11,2,1,0,0,1,0.3333333333333333,2.3333333333333335,2.75,2.25,0.5,-1.942873134328358,1.0
2024-04-24,2023-2024,Sheffield United,Manchester United,0,2,4,10,25,4,13,9,7,4,9,1,0,0,1,0.0,3.0,1.0,3.25,-2.25,-2.832873134328358,1.0
2024-04-27,2023-2024,Sheffield United,Newcastle United,0,1,5,15,20,5,7,10,9,5,4,0,0,0,0,0.0,3.0,1.25,1.75,-0.5,-2.352873134328358,1.0
2024-05-04,2023-2024,Sheffield United,Nottingham Forest,1,1,3,17,15,5,4,9,7,5,3,0,1,0,3,0.0,3.0,1.25,1.0,0.25,-2.352873134328358,1.0
2024-05-11,2023-2024,Sheffield United,Everton,0,0,1,13,15,1,6,11,6,6,3,2,0,0,2,0.0,3.0,0.25,1.5,-1.25,-2.6528731343283583,1.0
2024-05-19,2023-2024,Sheffield United,Tottenham Hotspur,1,0,3,6,18,1,9,11,9,2,6,2,0,0,2,0.0,3.0,0.25,2.25,-2.0,-2.832873134328358,1.0
2020-09-12,2020-2021,Southampton,Crystal Palace,0,0,1,9,5,5,3,11,14,3,7,1,0,0,1,0.0,3.0,1.25,0.75,0.5,-2.172873134328358,97.82712686567164
2020-09-20,2020-2021,Southampton,Tottenham Hotspur,1,2,5,14,9,7,6,16,18,3,2,4,0,0,4,0.0,3.0,1.75,1.5,0.25,-2.412873134328358,95.41425373134328
2020-09-26,2020-2021,Southampton,Burnley,0,1,0,5,10,1,2,10,8,2,8,0,0,3,0,1.0,2.0,0.25,0.5,-0.25,0.9771268656716419,96.39138059701493
2020-10-04,2020-2021,Southampton,West Brom,1,2,0,13,5,7,2,19,10,5,1,2,0,3,2,2.0,1.0,1.75,0.5,1.25,1.7871268656716417,98.17850746268657
2020-10-17,2020-2021,Southampton,Chelsea,0,3,3,13,11,6,5,9,11,2,6,1,0,1,1,2.3333333333333335,0.3333333333333333,1.5,1.25,0.25,0.03712686567164197,98.2156343283582
2020-10-25,2020-2021,Southampton,Everton,1,2,0,12,6,6,2,11,11,4,5,1,0,3,1,2.3333333333333335,0.3333333333333333,1.5,0.5,1.0,2.0171268656716417,100.23276119402985
2020-11-01,2020-2021,Southampton,Aston Villa,0,4,3,9,19,4,10,17,12,1,11,2,0,3,2,2.3333333333333335,0.3333333333333333,1.0,2.5,-1.5,1.3571268656716415,101.5898880597015
2020-11-06,2020-2021,Southampton,Newcastle United,1,2,0,15,4,8,2,12,11,8,3,1,0,3,1,3.0,0.0,2.0,0.5,1.5,2.4771268656716416,104.06701492537313
2020-11-23,2020-2021,Southampton,Wolverhampton Wanderers,0,1,1,7,20,2,9,13,14,4,7,0,0,1,0,2.3333333333333335,0.3333333333333333,0.5,2.25,-1.75,-0.38287313432835807,103.68414179104478
2020-11-29,2020-2021,Southampton,Manchester United,1,2,3,10,15,5,6,12,12,5,9,1,0,0,1,1.3333333333333333,1.3333333333333333,1.25,1.5,-0.25,-1.5528731343283582,102.13126865671641
2020-12-07,2020-2021,Southampton,Brighton and Hove Albion,0,2,1,10,12,3,4,12,12,3,4,3,0,3,3,1.3333333333333333,1.3333333333333333,0.75,1.0,-0.25,1.027126865671642,103.15839552238806
2020-12-13,2020-2021,Southampton,Sheffield United,1,3,0,16,3,6,0,8,14,8,4,0,0,3,0,2.0,1.0,1.5,0.0,1.5,1.9671268656716419,105.12552238805971
2020-12-16,2020-2021,Southampton,Arsenal,0,1,1,13,9,3,4,13,13,7,2,3,0,1,3,2.3333333333333335,0.3333333333333333,0.75,1.0,-0.25,-0.20287313432835802,104.92264925373135
2020-12-19,2020-2021,Southampton,Manchester City,1,0,1,9,11,3,5,9,11,6,6,2,0,0,2,1.3333333333333333,1.3333333333333333,0.75,1.25,-0.5,-1.6728731343283583,103.24977611940298
2020-12-26,2020-2021,Southampton,Fulham,0,0,0,3,10,2,1,12,15,3,6,0,0,1,0,0.6666666666666666,1.6666666666666667,0.5,0.25,0.25,-0.8128731343283581,102.43690298507462
2020-12-29,2020-2021,Southampton,West Ham United,1,0,0,8,8,3,3,16,15,4,3,3,0,1,3,0.6666666666666666,1.6666666666666667,0.75,0.75,0.0,-1.052873134328358,101.38402985074627
2021-01-04,2020-2021,Southampton,Liverpool,1,1,0,7,17,3,1,5,12,1,10,1,0,3,1,1.6666666666666667,0.6666666666666666,0.75,0.25,0.5,1.557126865671642,102.94115671641791
2021-01-16,2020-2021,Southampton,Leicester City,0,0,2,8,16,3,5,11,10,5,2,2,0,0,2,1.3333333333333333,1.3333333333333333,0.75,1.25,-0.5,-1.6728731343283583,101.26828358208955
2021-01-26,2020-2021,Southampton,Arsenal,1,1,3,13,9,5,5,11,6,4,5,1,0,0,1,1.0,2.0,1.25,1.25,0.0,-1.722873134328358,99.5454104477612
2021-01-30,2020-2021,Southampton,Aston Villa,1,0,1,20,8,5,4,12,11,7,1,1,0,0,1,0.0,3.0,1.25,1.0,0.25,-2.232873134328358,97.31253731343284
2021-02-02,2020-2021,Southampton,Manchester United,0,0,9,3,24,1,14,6,11,3,5,3,2,0,9,0.0,3.0,0.25,3.5,-3.25,-3.5528731343283586,93.75966417910448
2021-02-06,2020-2021,Southampton,Newcastle United,0,2,3,14,6,5,4,14,11,7,0,1,0,0,1,0.0,3.0,1.25,1.0,0.25,-2.232873134328358,91.52679104477612
2021-02-14,2020-2021,Southampton,Wolverhampton Wanderers,1,1,2,7,10,3,4,10,9,4,6,2,0,0,2,0.0,3.0,0.75,1.0,-0.25,-2.412873134328358,89.11391791044777
2021-02-20,2020-2021,Southampton,Chelsea,1,1,1,4,9,1,3,10,10,3,6,1,0,1,1,0.3333333333333333,2.3333333333333335,0.25,0.75,-0.5,-1.282873134328358,87.8310447761194
2021-02-23,2020-2021,Southampton,Leeds United,0,0,3,13,11,5,7,13,11,4,2,2,0,0,2,0.3333333333333333,2.3333333333333335,1.25,1.75,-0.5,-2.242873134328358,85.58817164179105
2021-03-01,2020-2021,Southampton,Everton,0,0,1,9,7,1,1,9,13,10,4,2,0,0,2,0.3333333333333333,2.3333333333333335,0.25,0.25,0.0,-2.122873134328358,83.46529850746269
2021-03-06,2020-2021,Southampton,Sheffield United,0,2,0,15,8,5,2,11,17,3,7,3,0,3,3,1.0,2.0,1.25,0.5,0.75,1.037126865671642,84.50242537313433
2021-03-10,2020-2021,Southampton,Manchester City,0,2,5,11,17,6,10,4,6,5,5,0,0,0,0,1.0,2.0,1.5,2.5,-1.0,-1.9028731343283578,82.59955223880598
2021-03-14,2020-2021,Southampton,Brighton and Hove Albion,1,1,2,9,8,4,6,11,10,4,5,0,0,0,0,1.0,2.0,1.0,1.5,-0.5,-1.7828731343283581,80.81667910447761
2021-04-04,2020-2021,Southampton,Burnley,1,3,2,24,7,9,5,11,10,6,7,0,0,3,0,1.0,2.0,2.25,1.25,1.0,1.277126865671642,82.09380597014926
2021-04-12,2020-2021,Southampton,West Brom,0,0,3,14,15,4,6,11,12,10,5,1,0,0,1,1.0,2.0,1.0,1.5,-0.5,-1.8428731343283582,80.2509328358209
2021-04-21,2020-2021,Southampton,Tottenham Hotspur,0,1,2,10,12,5,3,14,10,5,5,1,0,0,1,1.0,2.0,1.25,0.75,0.5,-1.602873134328358,78.64805970149254
2021-04-30,2020-2021,Southampton,Leicester City,1,1,1,5,23,3,9,9,13,0,10,1,1,1,4,0.3333333333333333,2.3333333333333335,0.75,2.25,-1.5,-1.702873134328358,76.94518656716419
2021-05-08,2020-2021,Southampton,Liverpool,0,0,2,12,14,6,6,6,10,4,8,1,0,0,1,0.3333333333333333,2.3333333333333335,1.5,1.5,0.0,-2.062873134328358,74.88231343283583
2021-05-11,2020-2021,Southampton,Crystal Palace,1,3,1,13,11,6,4,20,13,12,8,2,0,3,2,1.3333333333333333,1.3333333333333333,1.5,1.0,0.5,1.267126865671642,76.14944029850747
2021-05-15,2020-2021,Southampton,Fulham,1,3,1,11,10,7,3,9,15,6,5,0,0,3,0,2.0,1.0,1.75,0.75,1.0,1.8471268656716417,77.99656716417911
2021-05-18,2020-2021,Southampton,Leeds United,1,0,2,18,15,3,7,10,12,4,5,0,0,0,0,2.0,1.0,0.75,1.75,-1.0,-1.3328731343283582,76.66369402985075
2021-05-23,2020-2021,Southampton,West Ham United,0,0,3,17,14,5,7,9,5,3,2,3,0,0,3,1.0,2.0,1.25,1.75,-0.5,-1.9628731343283579,74.7008208955224
2021-08-14,2021-2022,Southampton,Everton,0,1,3,6,14,3,6,15,13,8,6,0,0,0,0,0.0,3.0,0.75,1.5,-0.75,-2.412873134328358,72.28794776119403
2021-08-22,2021-2022,Southampton,Manchester United,1,1,1,8,15,3,4,12,10,7,7,2,0,1,2,0.3333333333333333,2.3333333333333335,0.75,1.0,-0.25,-1.282873134328358,71.00507462686568
2021-08-28,2021-2022,Southampton,Newcastle United,0,2,2,22,10,6,5,6,11,4,4,3,0,1,3,0.6666666666666666,1.6666666666666667,1.5,1.25,0.25,-0.992873134328358,70.01220149253732
2021-09-11,2021-2022,Southampton,West Ham United,1,0,0,11,13,3,3,10,12,5,4,3,0,1,3,1.0,1.0,0.75,0.75,0.0,-0.8228731343283581,69.18932835820897
2021-09-18,2021-2022,Southampton,Manchester City,0,0,0,10,18,2,1,12,5,5,8,2,0,1,2,1.0,1.0,0.5,0.25,0.25,-0.7028731343283581,68.4864552238806
2021-09-26,2021-2022,Southampton,Wolverhampton Wanderers,1,0,1,18,5,6,3,12,8,5,5,0,0,0,0,0.6666666666666666,1.6666666666666667,1.5,0.75,0.75,-1.5928731343283582,66.89358208955224
2021-10-02,2021-2022,Southampton,Chelsea,0,1,3,6,20,2,9,13,11,2,7,3,1,0,6,0.3333333333333333,2.3333333333333335,0.5,2.25,-1.75,-2.7828731343283586,64.11070895522388
2021-10-16,2021-2022,Southampton,Leeds United,1,1,0,19,3,5,0,16,14,8,1,2,0,3,2,1.0,2.0,1.25,0.0,1.25,1.2171268656716419,65.32783582089553
2021-10-23,2021-2022,Southampton,Burnley,1,2,2,16,9,4,5,10,11,6,2,1,0,1,1,1.3333333333333333,1.3333333333333333,1.0,1.25,-0.25,-0.6528731343283581,64.67496268656717
2021-10-30,2021-2022,Southampton,Watford,0,1,0,12,10,1,4,6,16,8,5,2,0,3,2,2.3333333333333335,0.3333333333333333,0.25,1.0,-0.75,1.5371268656716417,66.21208955223881
2021-11-05,2021-2022,Southampton,Aston Villa,1,1,0,9,14,3,3,12,12,10,8,2,0,3,2,2.3333333333333335,0.3333333333333333,0.75,0.75,0.0,1.7171268656716416,67.92921641791045
2021-11-20,2021-2022,Southampton,Norwich City,0,1,2,17,8,5,4,9,8,7,5,2,0,0,2,2.0,1.0,1.25,1.0,0.25,-1.152873134328358,66.7763432835821
2021-11-27,2021-2022,Southampton,Liverpool,0,0,4,7,20,3,6,14,7,7,5,1,0,0,1,1.0,2.0,0.75,1.5,-0.75,-1.9028731343283578,64.87347014925373
2021-12-01,2021-2022,Southampton,Leicester City,1,2,2,15,15,7,6,14,11,2,4,1,0,1,1,0.3333333333333333,2.3333333333333335,1.75,1.5,0.25,-1.1028731343283582,63.77059701492538
2021-12-04,2021-2022,Southampton,Brighton and Hove Albion,1,1,1,14,14,4,4,15,12,6,2,4,0,1,4,0.6666666666666666,1.6666666666666667,1.0,1.0,0.0,-1.112873134328358,62.65772388059702
2021-12-11,2021-2022,Southampton,Arsenal,0,0,3,11,15,6,5,9,5,8,9,0,0,0,0,0.6666666666666666,1.6666666666666667,1.5,1.25,0.25,-1.712873134328358,60.94485074626866
2021-12-15,2021-2022,Southampton,Crystal Palace,0,2,2,15,9,4,6,20,16,6,4,4,0,1,4,0.6666666666666666,1.6666666666666667,1.0,1.5,-0.5,-1.232873134328358,59.711977611940306
2021-12-26,2021-2022,Southampton,West Ham United,0,3,2,11,11,6,5,9,10,2,10,3,0,3,3,1.3333333333333333,1.3333333333333333,1.5,1.25,0.25,1.1471268656716418,60.85910447761195
2021-12-28,2021-2022,Southampton,Tottenham Hotspur,1,1,1,9,21,2,11,15,5,3,7,2,1,1,5,1.6666666666666667,0.6666666666666666,0.5,2.75,-2.25,-1.142873134328358,59.716231343283596
2022-01-11,2021-2022,Southampton,Brentford,1,4,1,12,5,6,4,9,8,5,2,0,0,3,0,2.3333333333333335,0.3333333333333333,1.5,1.0,0.5,1.9571268656716418,61.673358208955236
2022-01-15,2021-2022,Southampton,Wolverhampton Wanderers,0,1,3,13,9,10,5,14,13,10,2,3,0,0,3,1.3333333333333333,1.3333333333333333,2.5,1.25,1.25,-1.3128731343283582,60.36048507462688
2022-01-22,2021-2022,Southampton,Manchester City,1,1,1,7,20,3,5,13,5,2,11,3,0,1,3,1.3333333333333333,1.3333333333333333,0.75,1.25,-0.5,-0.8328731343283582,59.52761194029852
2022-02-09,2021-2022,Southampton,Tottenham Hotspur,0,3,2,23,8,10,3,13,7,8,2,3,0,3,3,1.3333333333333333,1.3333333333333333,2.5,0.75,1.75,1.5071268656716421,61.034738805970164
2022-02-12,2021-2022,Southampton,Manchester United,0,1,1,13,12,4,8,13,12,4,1,0,0,1,0,1.6666666666666667,0.6666666666666666,1.0,2.0,-1.0,-0.542873134328358,60.491865671641804
2022-02-19,2021-2022,Southampton,Everton,1,2,0,19,9,11,0,6,9,4,4,0,0,3,0,2.3333333333333335,0.3333333333333333,2.75,0.0,2.75,2.4971268656716417,62.98899253731344
2022-02-25,2021-2022,Southampton,Norwich City,1,2,0,27,8,9,1,12,9,13,6,1,0,3,1,2.3333333333333335,0.3333333333333333,2.25,0.25,2.0,2.2571268656716414,65.24611940298509
2022-03-05,2021-2022,Southampton,Aston Villa,0,0,4,11,14,1,9,8,10,7,4,1,0,0,1,2.0,1.0,0.25,2.25,-2.0,-1.632873134328358,63.61324626865673
2022-03-10,2021-2022,Southampton,Newcastle United,1,1,2,14,8,5,4,6,7,12,5,1,0,0,1,1.0,2.0,1.25,1.0,0.25,-1.662873134328358,61.95037313432837
2022-03-13,2021-2022,Southampton,Watford,1,1,2,13,9,7,5,8,12,11,3,3,0,0,3,0.0,3.0,1.75,1.25,0.5,-2.292873134328358,59.65750000000001
2022-04-02,2021-2022,Southampton,Leeds United,0,1,1,14,12,6,3,7,14,7,4,1,0,1,1,0.3333333333333333,2.3333333333333335,1.5,0.75,0.75,-0.9828731343283581,58.674626865671655
2022-04-09,2021-2022,Southampton,Chelsea,1,0,6,4,24,1,14,11,10,3,3,1,0,0,1,0.3333333333333333,2.3333333333333335,0.25,3.5,-3.25,-2.8428731343283578,55.8317537313433
2022-04-16,2021-2022,Southampton,Arsenal,1,1,0,9,23,3,6,6,6,6,8,2,0,3,2,1.3333333333333333,1.3333333333333333,0.75,1.5,-0.75,0.9671268656716421,56.79888059701494
2022-04-21,2021-2022,Southampton,Burnley,0,0,2,11,16,3,6,7,7,10,10,2,0,0,2,1.0,2.0,0.75,1.5,-0.75,-1.9628731343283579,54.83600746268659
2022-04-24,2021-2022,Southampton,Brighton and Hove Albion,0,2,2,18,8,5,5,7,12,6,6,0,0,1,0,1.3333333333333333,1.3333333333333333,1.25,1.25,0.0,-0.5328731343283581,54.30313432835823
2022-04-30,2021-2022,Southampton,Crystal Palace,1,1,2,8,14,3,5,13,11,6,7,1,0,0,1,0.3333333333333333,2.3333333333333335,0.75,1.25,-0.5,-2.182873134328358,52.12026119402987
2022-05-07,2021-2022,Southampton,Brentford,0,0,3,19,18,4,5,9,12,7,4,1,0,0,1,0.3333333333333333,2.3333333333333335,1.0,1.25,-0.25,-2.122873134328358,49.997388059701514
2022-05-17,2021-2022,Southampton,Liverpool,1,1,2,4,24,2,5,6,6,1,9,2,0,0,2,0.0,3.0,0.5,1.25,-0.75,-2.5328731343283577,47.46451492537316
2022-05-22,2021-2022,Southampton,Leicester City,0,1,4,7,12,2,6,5,10,3,3,1,0,0,1,0.0,3.0,0.5,1.5,-1.0,-2.5328731343283577,44.931641791044804
2022-08-06,2022-2023,Southampton,Tottenham Hotspur,0,1,4,10,18,2,8,6,11,2,10,0,0,0,0,0.0,3.0,0.5,2.0,-1.5,-2.592873134328358,42.33876865671645
2022-08-13,2022-2023,Southampton,Leeds United,1,2,2,14,13,4,5,10,12,2,5,1,0,1,1,0.3333333333333333,2.3333333333333335,1.0,1.25,-0.25,-1.2228731343283583,41.11589552238809
2022-08-20,2022-2023,Southampton,Leicester City,0,2,1,9,6,3,1,15,11,5,2,3,0,3,3,1.3333333333333333,1.3333333333333333,0.75,0.25,0.5,1.207126865671642,42.32302238805973
2022-08-27,2022-2023,Southampton,Manchester United,1,0,1,17,11,5,6,4,14,5,3,0,0,0,0,1.3333333333333333,1.3333333333333333,1.25,1.5,-0.25,-1.492873134328358,40.83014925373137
2022-08-30,2022-2023,Southampton,Chelsea,1,2,1,9,10,7,4,15,10,5,3,2,0,3,2,2.0,1.0,1.75,1.0,0.75,1.6671268656716416,42.49727611940301
2022-09-03,2022-2023,Southampton,Wolverhampton Wanderers,0,0,1,12,7,1,2,14,10,6,5,2,0,0,2,1.0,2.0,0.25,0.5,-0.25,-1.8428731343283582,40.654402985074654
2022-09-16,2022-2023,Southampton,Aston Villa,0,0,1,7,11,1,3,13,13,3,6,1,0,0,1,1.0,2.0,0.25,0.75,-0.5,-1.8428731343283582,38.8115298507463
2022-10-01,2022-2023,Southampton,Everton,1,1,2,22,12,6,5,11,10,7,6,2,0,0,2,0.0,3.0,1.5,1.25,0.25,-2.292873134328358,36.51865671641794
2022-10-08,2022-2023,Southampton,Manchester City,0,0,4,5,21,0,8,8,4,1,9,1,0,0,1,0.0,3.0,0.0,2.0,-2.0,-2.772873134328358,33.74578358208957
2022-10-16,2022-2023,Southampton,West Ham United,1,1,1,10,25,8,4,7,3,4,14,1,0,1,1,0.3333333333333333,2.3333333333333335,2.0,1.0,1.0,-0.922873134328358,32.82291044776122
2022-10-19,2022-2023,Southampton,Bournemouth,0,1,0,9,15,3,3,13,8,3,7,3,0,3,3,1.3333333333333333,1.3333333333333333,0.75,0.75,0.0,1.087126865671642,33.91003731343285
2022-10-23,2022-2023,Southampton,Arsenal,1,1,1,10,12,3,3,11,8,9,4,2,0,1,2,1.6666666666666667,0.6666666666666666,0.75,0.75,0.0,-0.42287313432835805,33.4871641791045
2022-10-29,2022-2023,Southampton,Crystal Palace,0,0,1,14,12,4,3,12,13,4,8,3,0,0,3,1.3333333333333333,1.3333333333333333,1.0,0.75,0.25,-1.5528731343283582,31.93429104477613
2022-11-06,2022-2023,Southampton,Newcastle United,1,1,4,16,7,5,4,7,10,8,2,1,0,0,1,0.3333333333333333,2.3333333333333335,1.25,1.0,0.25,-2.002873134328358,29.931417910447777
2022-11-12,2022-2023,Southampton,Liverpool,0,1,3,9,15,5,7,8,8,0,6,2,0,0,2,0.0,3.0,1.25,1.75,-0.5,-2.472873134328358,27.458544776119425
2022-12-26,2022-2023,Southampton,Brighton and Hove Albion,1,1,3,14,7,4,4,9,10,4,2,1,0,0,1,0.0,3.0,1.0,1.0,0.0,-2.292873134328358,25.165671641791064
2022-12-31,2022-2023,Southampton,Fulham,0,1,2,9,8,3,2,13,8,4,4,1,0,0,1,0.0,3.0,0.75,0.5,0.25,-2.232873134328358,22.932798507462707
2023-01-04,2022-2023,Southampton,Nottingham Forest,1,0,1,8,11,0,1,14,17,6,2,2,0,0,2,0.0,3.0,0.0,0.25,-0.25,-2.412873134328358,20.519925373134342
2023-01-14,2022-2023,Southampton,Everton,0,2,1,13,12,5,4,19,7,4,6,3,0,3,3,1.0,2.0,1.25,1.0,0.25,0.9171268656716418,21.43705223880599
2023-01-21,2022-2023,Southampton,Aston Villa,1,0,1,8,16,5,5,19,9,2,2,1,0,0,1,1.0,2.0,1.25,1.25,0.0,-1.722873134328358,19.714179104477637
2023-02-04,2022-2023,Southampton,Brentford,0,0,3,14,14,6,4,9,10,4,4,2,0,0,2,1.0,2.0,1.5,1.0,0.5,-1.662873134328358,18.051305970149272
2023-02-11,2022-2023,Southampton,Wolverhampton Wanderers,1,1,2,17,11,2,2,12,14,5,2,2,0,0,2,0.0,3.0,0.5,0.5,0.0,-2.352873134328358,15.69843283582091
2023-02-18,2022-2023,Southampton,Chelsea,0,1,0,8,17,5,5,24,16,2,8,6,0,3,6,1.0,2.0,1.25,1.25,0.0,0.6771268656716419,16.37555970149255
2023-02-25,2022-2023,Southampton,Leeds United,0,0,1,8,14,2,4,13,15,2,9,4,0,0,4,1.0,2.0,0.5,1.0,-0.5,-2.022873134328358,14.352686567164184
2023-03-04,2022-2023,Southampton,Leicester City,1,1,0,11,11,5,0,12,11,3,4,4,0,3,4,2.0,1.0,1.25,0.0,1.25,1.6671268656716418,16.019813432835832
2023-03-12,2022-2023,Southampton,Manchester United,0,0,0,17,10,4,4,9,12,8,7,0,0,1,0,1.3333333333333333,1.3333333333333333,1.0,1.0,0.0,-0.5328731343283581,15.486940298507477
2023-03-15,2022-2023,Southampton,Brentford,1,0,2,7,11,1,5,14,10,3,3,1,0,0,1,1.3333333333333333,1.3333333333333333,0.25,1.25,-1.0,-1.732873134328358,13.75406716417912
2023-03-18,2022-2023,Southampton,Tottenham Hotspur,1,3,3,19,17,7,3,13,8,10,3,1,0,1,1,0.6666666666666666,1.6666666666666667,1.75,0.75,1.0,-0.692873134328358,13.061194029850768
2023-04-02,2022-2023,Southampton,West Ham United,0,0,1,9,12,3,2,11,10,3,5,2,0,0,2,0.3333333333333333,2.3333333333333335,0.75,0.5,0.25,-2.062873134328358,10.998320895522411
2023-04-08,2022-2023,Southampton,Manchester City,1,1,4,4,13,1,8,6,10,0,10,0,0,0,0,0.3333333333333333,2.3333333333333335,0.25,2.0,-1.75,-2.4228731343283583,8.575447761194056
2023-04-15,2022-2023,Southampton,Crystal Palace,1,0,2,11,9,4,2,6,13,6,2,3,0,0,3,0.0,3.0,1.0,0.5,0.5,-2.292873134328358,6.282574626865696
2023-04-21,2022-2023,Southampton,Arsenal,0,3,3,8,25,6,6,14,10,2,7,5,0,1,5,0.3333333333333333,2.3333333333333335,1.5,1.5,0.0,-1.402873134328358,4.879701492537336
2023-04-27,2022-2023,Southampton,Bournemouth,1,0,1,11,16,2,2,9,11,6,4,0,0,0,0,0.3333333333333333,2.3333333333333335,0.5,0.5,0.0,-2.002873134328358,2.876828358208982
2023-04-30,2022-2023,Southampton,Newcastle United,0,1,3,4,22,3,5,10,7,2,11,4,0,0,4,0.3333333333333333,2.3333333333333335,0.75,1.25,-0.5,-2.362873134328358,1.0
2023-05-08,2022-2023,Southampton,Nottingham Forest,0,3,4,19,9,5,4,10,16,11,2,0,0,0,0,0.0,3.0,1.25,1.0,0.25,-2.172873134328358,1.0
2023-05-13,2022-2023,Southampton,Fulham,1,0,2,5,9,1,4,17,12,1,8,2,0,0,2,0.0,3.0,0.25,1.0,-0.75,-2.5328731343283577,1.0
2023-05-21,2022-2023,Southampton,Brighton and Hove Albion,0,1,3,5,26,1,8,9,8,3,4,5,0,0,5,0.0,3.0,0.25,2.0,-1.75,-2.9528731343283585,1.0
2023-05-28,2022-2023,Southampton,Liverpool,1,4,4,15,30,10,8,4,10,2,9,0,0,1,0,0.3333333333333333,2.3333333333333335,2.5,2.0,0.5,-0.9828731343283581,1.0
2024-08-17,2024-2025,Southampton,Newcastle United,0,0,1,19,3,4,1,16,15,12,3,4,0,0,4,0.3333333333333333,2.3333333333333335,1.0,0.25,0.75,-2.062873134328358,1.0
2024-08-24,2024-2025,Southampton,Nottingham Forest,1,0,1,5,23,1,8,14,14,4,10,3,0,0,3,0.3333333333333333,2.3333333333333335,0.25,2.0,-1.75,-2.602873134328358,1.0
2024-08-31,2024-2025,Southampton,Brentford,0,1,3,18,20,6,7,7,10,8,2,1,0,0,1,0.0,3.0,1.5,1.75,-0.25,-2.352873134328358,1.0
2024-09-14,2024-2025,Southampton,Manchester United,1,0,3,6,20,4,10,11,14,0,7,1,1,0,4,0.0,3.0,1.0,2.5,-1.5,-2.832873134328358,1.0
2024-09-21,2024-2025,Southampton,Ipswich Town,1,1,1,11,13,3,6,16,16,2,10,4,0,1,4,0.3333333333333333,2.3333333333333335,0.75,1.5,-0.75,-1.5228731343283581,1.0
2024-09-30,2024-2025,Southampton,Bournemouth,0,1,3,9,14,3,6,12,19,4,7,5,0,0,5,0.3333333333333333,2.3333333333333335,0.75,1.5,-0.75,-2.482873134328358,1.0
2024-10-05,2024-2025,Southampton,Arsenal,0,1,3,8,29,2,6,9,10,1,13,3,0,0,3,0.3333333333333333,2.3333333333333335,0.5,1.5,-1.0,-2.4228731343283583,1.0
2024-10-19,2024-2025,Southampton,Leicester City,1,2,3,14,18,7,4,10,10,10,6,5,1,0,8,0.0,3.0,1.75,1.0,0.75,-2.5328731343283577,1.0
2024-10-26,2024-2025,Southampton,Manchester City,0,0,1,5,22,2,8,9,9,1,12,3,0,0,3,0.0,3.0,0.5,2.0,-1.5,-2.772873134328358,1.0
2024-11-02,2024-2025,Southampton,Everton,1,1,0,9,16,2,5,14,18,3,6,4,0,3,4,1.0,2.0,0.5,1.25,-0.75,0.6171268656716419,1.0
2024-11-09,2024-2025,Southampton,Wolverhampton Wanderers,0,0,2,9,8,0,4,12,14,9,1,4,0,0,4,1.0,2.0,0.0,1.0,-1.0,-2.142873134328358,1.0
2024-11-24,2024-2025,Southampton,Liverpool,1,2,3,7,27,5,11,11,9,3,10,3,0,0,3,1.0,2.0,1.25,2.75,-1.5,-2.202873134328358,1.0
2024-11-29,2024-2025,Southampton,Brighton and Hove Albion,0,1,1,10,22,2,5,16,20,6,7,4,0,1,4,0.3333333333333333,2.3333333333333335,0.5,1.25,-0.75,-1.5228731343283581,1.0
2024-12-04,2024-2025,Southampton,Chelsea,1,1,5,6,26,4,13,7,14,5,7,1,1,0,4,0.3333333333333333,2.3333333333333335,1.0,3.25,-2.25,-2.782873134328358,1.0
2024-12-07,2024-2025,Southampton,Aston Villa,0,0,1,4,18,0,5,15,18,1,14,3,0,0,3,0.3333333333333333,2.3333333333333335,0.0,1.25,-1.25,-2.482873134328358,1.0
2024-12-15,2024-2025,Southampton,Tottenham Hotspur,1,0,5,9,18,3,9,8,15,2,5,1,0,0,1,0.0,3.0,0.75,2.25,-1.5,-2.6528731343283583,1.0
2024-12-22,2024-2025,Southampton,Fulham,0,0,0,5,16,1,5,15,8,5,6,3,0,1,3,0.3333333333333333,2.3333333333333335,0.25,1.25,-1.0,-1.5228731343283581,1.0
2024-12-26,2024-2025,Southampton,West Ham United,1,0,1,18,16,5,2,15,8,2,2,1,0,0,1,0.3333333333333333,2.3333333333333335,1.25,0.5,0.75,-1.8828731343283582,1.0
2024-12-29,2024-2025,Southampton,Crystal Palace,0,1,2,7,19,3,10,19,18,7,8,3,0,0,3,0.3333333333333333,2.3333333333333335,0.75,2.5,-1.75,-2.602873134328358,1.0
2025-01-04,2024-2025,Southampton,Brentford,1,0,5,8,20,1,11,10,4,2,2,2,0,0,2,0.0,3.0,0.25,2.75,-2.5,-2.9528731343283585,1.0
2025-01-16,2024-2025,Southampton,Manchester United,0,1,3,13,23,5,9,10,7,4,5,3,0,0,3,0.0,3.0,1.25,2.25,-1.0,-2.6528731343283583,1.0
2025-01-19,2024-2025,Southampton,Nottingham Forest,0,2,3,10,14,4,5,18,4,8,2,4,0,0,4,0.0,3.0,1.0,1.25,-0.25,-2.5328731343283577,1.0
2025-01-25,2024-2025,Southampton,Newcastle United,1,1,3,12,17,5,9,10,5,3,8,1,0,0,1,0.0,3.0,1.25,2.25,-1.0,-2.5328731343283577,1.0
2025-02-01,2024-2025,Southampton,Ipswich Town,0,2,1,9,15,4,6,14,11,2,1,3,0,3,3,1.0,2.0,1.0,1.5,-0.5,0.737126865671642,1.0
2025-02-15,2024-2025,Southampton,Bournemouth,1,1,3,11,14,4,7,13,15,4,6,1,0,0,1,1.0,2.0,1.0,1.75,-0.75,-1.9028731343283578,1.0
2025-02-22,2024-2025,Southampton,Brighton and Hove Albion,1,0,4,6,18,1,12,11,12,5,6,2,0,0,2,1.0,2.0,0.25,3.0,-2.75,-2.4428731343283583,1.0
2025-02-25,2024-2025,Southampton,Chelsea,0,0,4,7,19,2,10,9,6,2,4,2,0,0,2,0.0,3.0,0.5,2.5,-2.0,-2.832873134328358,1.0
2025-03-08,2024-2025,Southampton,Liverpool,0,1,3,6,28,4,7,9,10,4,6,1,0,0,1,0.0,3.0,1.0,1.75,-0.75,-2.472873134328358,1.0
2025-03-15,2024-2025,Southampton,Wolverhampton Wanderers,1,1,2,10,5,3,3,12,13,5,1,0,0,0,0,0.0,3.0,0.75,0.75,0.0,-2.232873134328358,1.0
2025-04-02,2024-2025,Southampton,Crystal Palace,1,1,1,8,9,2,3,14,9,2,2,2,0,1,2,0.3333333333333333,2.3333333333333335,0.5,0.75,-0.25,-1.282873134328358,1.0
2025-04-06,2024-2025,Southampton,Tottenham Hotspur,0,1,3,12,13,4,8,20,16,1,4,1,0,0,1,0.3333333333333333,2.3333333333333335,1.0,2.0,-1.0,-2.302873134328358,1.0
2025-04-12,2024-2025,Southampton,Aston Villa,1,0,3,7,25,2,10,11,4,2,14,3,0,0,3,0.3333333333333333,2.3333333333333335,0.5,2.5,-2.0,-2.662873134328358,1.0
2025-04-19,2024-2025,Southampton,West Ham United,0,1,1,15,12,4,4,13,14,5,2,1,0,1,1,0.3333333333333333,2.3333333333333335,1.0,1.0,0.0,-1.1628731343283583,1.0
2025-04-26,2024-2025,Southampton,Fulham,1,1,2,7,26,3,5,10,12,0,13,1,0,0,1,0.3333333333333333,2.3333333333333335,0.75,1.25,-0.5,-2.182873134328358,1.0
2025-05-03,2024-2025,Southampton,Leicester City,0,0,2,8,14,2,4,13,12,7,7,3,0,0,3,0.3333333333333333,2.3333333333333335,0.5,1.0,-0.5,-2.302873134328358,1.0
2025-05-10,2024-2025,Southampton,Manchester City,1,0,0,2,26,0,5,9,8,1,15,2,0,1,2,0.3333333333333333,2.3333333333333335,0.0,1.25,-1.25,-1.5228731343283581,1.0
2025-05-18,2024-2025,Southampton,Everton,0,0,2,6,13,2,5,10,6,5,4,1,0,0,1,0.3333333333333333,2.3333333333333335,0.5,1.25,-0.75,-2.242873134328358,1.0
2025-05-25,2024-2025,Southampton,Arsenal,1,1,2,7,23,2,8,7,8,5,8,0,0,0,0,0.3333333333333333,2.3333333333333335,0.5,2.0,-1.5,-2.362873134328358,1.0
2025-08-16,2025-2026,Sunderland,West Ham United,1,3,0,10,12,5,4,8,10,5,7,0,0,3,0,3.0,0.0,1.25,1.0,0.25,2.237126865671642,80.23712686567164
2025-08-23,2025-2026,Sunderland,Burnley,0,0,2,9,7,1,2,5,9,3,4,1,0,0,1,1.5,1.5,0.25,0.5,-0.25,-1.497873134328358,78.73925373134328
2025-08-30,2025-2026,Sunderland,Brentford,1,2,1,12,7,3,4,11,12,3,4,3,0,3,3,2.0,1.0,0.75,1.0,-0.25,1.3671268656716415,80.10638059701492
2025-09-13,2025-2026,Sunderland,Crystal Palace,0,0,0,6,14,0,6,8,10,3,5,1,0,1,1,1.3333333333333333,1.3333333333333333,0.0,1.5,-1.5,-0.9528731343283581,79.15350746268656
2025-09-21,2025-2026,Sunderland,Aston Villa,1,1,1,14,12,4,2,14,8,6,5,2,1,1,5,1.6666666666666667,0.6666666666666666,1.0,0.5,0.5,-0.4828731343283581,78.6706343283582
2025-09-27,2025-2026,Sunderland,Nottingham Forest,0,1,0,11,22,3,6,6,11,4,7,2,0,3,2,1.6666666666666667,0.6666666666666666,0.75,1.5,-0.75,1.1971268656716418,79.86776119402985
2025-10-04,2025-2026,Sunderland,Manchester United,0,0,2,8,15,3,6,12,10,3,2,4,0,0,4,1.3333333333333333,1.3333333333333333,0.75,1.5,-0.75,-1.8528731343283578,78.01488805970149
2025-10-18,2025-2026,Sunderland,Wolverhampton Wanderers,1,2,0,8,16,2,3,5,12,3,2,0,0,3,0,2.0,1.0,0.5,0.75,-0.25,1.5471268656716417,79.56201492537313
2025-10-25,2025-2026,Sunderland,Chelsea,0,2,1,10,16,4,7,13,15,1,9,1,0,3,1,2.0,1.0,1.0,1.75,-0.75,1.3671268656716418,80.92914179104477
2025-11-03,2025-2026,Sunderland,Everton,1,1,1,17,8,3,2,10,12,4,1,3,0,1,3,2.3333333333333335,0.3333333333333333,0.75,0.5,0.25,-0.08287313432835805,80.84626865671642
2025-11-08,2025-2026,Sunderland,Arsenal,1,2,2,6,17,2,7,13,13,2,2,2,0,1,2,1.6666666666666667,0.6666666666666666,0.5,1.75,-1.25,-0.722873134328358,80.12339552238807
2020-09-13,2020-2021,Tottenham Hotspur,Everton,1,0,1,9,15,5,4,15,7,5,3,1,0,0,1,0.0,3.0,1.25,1.0,0.25,-2.232873134328358,117.76712686567164
2020-09-20,2020-2021,Tottenham Hotspur,Southampton,0,5,2,9,14,6,7,18,16,2,3,3,0,3,3,1.5,1.5,1.5,1.75,-0.25,1.0821268656716416,118.84925373134328
2020-09-27,2020-2021,Tottenham Hotspur,Newcastle United,1,1,1,23,6,12,1,15,9,10,4,1,0,1,1,1.3333333333333333,1.3333333333333333,3.0,0.25,2.75,0.0671268656716419,118.91638059701492
2020-10-04,2020-2021,Tottenham Hotspur,Manchester United,0,6,1,22,5,8,2,10,14,4,2,1,0,3,1,2.3333333333333335,0.3333333333333333,2.0,0.5,1.5,2.137126865671642,121.05350746268657
2020-10-18,2020-2021,Tottenham Hotspur,West Ham United,1,3,3,11,13,6,4,13,12,3,7,0,0,1,0,1.6666666666666667,0.6666666666666666,1.5,1.0,0.5,-0.18287313432835808,120.87063432835821
2020-10-26,2020-2021,Tottenham Hotspur,Burnley,0,1,0,9,13,3,4,7,9,5,4,0,0,3,0,2.3333333333333335,0.3333333333333333,0.75,1.0,-0.25,1.7771268656716417,122.64776119402985
2020-11-01,2020-2021,Tottenham Hotspur,Brighton and Hove Albion,1,2,1,9,6,3,2,14,13,4,5,2,0,3,2,2.3333333333333335,0.3333333333333333,0.75,0.5,0.25,1.7771268656716417,124.42488805970149
2020-11-08,2020-2021,Tottenham Hotspur,West Brom,0,1,0,19,12,5,2,12,17,6,9,0,0,3,0,3.0,0.0,1.25,0.5,0.75,2.3571268656716415,126.78201492537313
2020-11-21,2020-2021,Tottenham Hotspur,Manchester City,1,2,0,4,22,2,5,13,19,0,10,2,0,3,2,3.0,0.0,0.5,1.25,-0.75,1.8771268656716418,128.6591417910448
2020-11-29,2020-2021,Tottenham Hotspur,Chelsea,0,0,0,5,13,1,3,9,20,3,3,2,0,1,2,2.3333333333333335,0.3333333333333333,0.25,0.75,-0.5,-0.20287313432835802,128.45626865671642
2020-12-06,2020-2021,Tottenham Hotspur,Arsenal,1,2,0,6,11,3,2,16,12,3,9,1,0,3,1,2.3333333333333335,0.3333333333333333,0.75,0.5,0.25,1.8371268656716417,130.29339552238807
2020-12-13,2020-2021,Tottenham Hotspur,Crystal Palace,0,1,1,14,16,6,5,11,15,7,4,1,0,1,1,1.6666666666666667,0.6666666666666666,1.5,1.25,0.25,-0.30287313432835805,129.9905223880597
2020-12-16,2020-2021,Tottenham Hotspur,Liverpool,0,1,2,8,17,2,11,9,8,4,7,2,0,0,2,1.3333333333333333,1.3333333333333333,0.5,2.75,-2.25,-2.092873134328358,127.89764925373134
2020-12-20,2020-2021,Tottenham Hotspur,Leicester City,1,0,2,8,17,3,4,15,14,5,3,2,0,0,2,0.3333333333333333,2.3333333333333335,0.75,1.0,-0.25,-2.182873134328358,125.71477611940298
2020-12-27,2020-2021,Tottenham Hotspur,Wolverhampton Wanderers,0,1,1,6,11,3,6,13,20,2,9,1,0,1,1,0.3333333333333333,2.3333333333333335,0.75,1.5,-0.75,-1.342873134328358,124.37190298507463
2021-01-02,2020-2021,Tottenham Hotspur,Leeds United,1,3,0,20,18,7,5,15,13,3,5,2,1,3,5,1.3333333333333333,1.3333333333333333,1.75,1.25,0.5,1.087126865671642,125.45902985074628
2021-01-13,2020-2021,Tottenham Hotspur,Fulham,1,1,1,15,15,6,4,13,15,6,5,1,0,1,1,1.6666666666666667,0.6666666666666666,1.5,1.0,0.5,-0.24287313432835808,125.21615671641791
2021-01-17,2020-2021,Tottenham Hotspur,Sheffield United,0,3,1,14,15,5,5,4,13,7,5,0,0,3,0,2.3333333333333335,0.3333333333333333,1.25,1.25,0.0,1.8371268656716417,127.05328358208955
2021-01-28,2020-2021,Tottenham Hotspur,Liverpool,1,1,3,3,14,2,7,9,11,1,2,1,0,0,1,1.3333333333333333,1.3333333333333333,0.5,1.75,-1.25,-1.7928731343283582,125.26041044776119
2021-01-31,2020-2021,Tottenham Hotspur,Brighton and Hove Albion,0,0,1,8,16,4,5,11,11,2,9,1,0,0,1,1.0,2.0,1.0,1.25,-0.25,-1.7828731343283581,123.47753731343283
2021-02-04,2020-2021,Tottenham Hotspur,Chelsea,1,0,1,7,18,2,2,20,14,2,7,2,0,0,2,0.0,3.0,0.5,0.5,0.0,-2.352873134328358,121.12466417910449
2021-02-07,2020-2021,Tottenham Hotspur,West Brom,1,2,0,13,4,6,1,16,12,8,0,1,0,3,1,1.0,2.0,1.5,0.25,1.25,1.277126865671642,122.40179104477612
2021-02-13,2020-2021,Tottenham Hotspur,Manchester City,0,0,3,7,15,3,6,13,12,2,4,3,0,0,3,1.0,2.0,0.75,1.5,-0.75,-2.022873134328358,120.37891791044777
2021-02-21,2020-2021,Tottenham Hotspur,West Ham United,0,1,2,20,4,4,4,7,14,7,5,3,0,0,3,1.0,2.0,1.0,1.0,0.0,-1.8428731343283578,118.53604477611941
2021-02-28,2020-2021,Tottenham Hotspur,Burnley,1,4,0,16,10,7,3,6,10,3,4,0,0,3,0,1.0,2.0,1.75,0.75,1.0,1.277126865671642,119.81317164179104
2021-03-04,2020-2021,Tottenham Hotspur,Fulham,0,1,0,9,11,2,3,9,13,1,4,1,0,3,1,2.0,1.0,0.5,0.75,-0.25,1.4871268656716417,121.30029850746268
2021-03-07,2020-2021,Tottenham Hotspur,Crystal Palace,1,4,1,12,5,5,1,8,17,1,5,2,0,3,2,3.0,0.0,1.25,0.25,1.0,2.297126865671642,123.59742537313433
2021-03-14,2020-2021,Tottenham Hotspur,Arsenal,0,1,2,6,13,3,3,14,12,3,6,2,1,0,5,2.0,1.0,0.75,0.75,0.0,-1.3928731343283582,122.20455223880597
2021-03-21,2020-2021,Tottenham Hotspur,Aston Villa,0,2,0,9,8,3,1,13,18,8,5,2,0,3,2,2.0,1.0,0.75,0.25,0.5,1.6071268656716418,123.81167910447762
2021-04-04,2020-2021,Tottenham Hotspur,Newcastle United,0,2,2,11,22,5,6,14,13,3,7,2,0,1,2,1.3333333333333333,1.3333333333333333,1.25,1.5,-0.25,-0.7128731343283581,123.09880597014926
2021-04-11,2020-2021,Tottenham Hotspur,Manchester United,1,1,3,12,12,3,7,11,15,7,5,1,0,0,1,1.3333333333333333,1.3333333333333333,0.75,1.75,-1.0,-1.732873134328358,121.3659328358209
2021-04-16,2020-2021,Tottenham Hotspur,Everton,0,2,2,12,18,3,7,8,8,3,6,1,0,1,1,0.6666666666666666,1.6666666666666667,0.75,1.75,-1.0,-1.172873134328358,120.19305970149254
2021-04-21,2020-2021,Tottenham Hotspur,Southampton,1,2,1,12,10,3,5,10,14,5,5,2,0,3,2,1.3333333333333333,1.3333333333333333,0.75,1.25,-0.5,1.027126865671642,121.22018656716418
2021-05-02,2020-2021,Tottenham Hotspur,Sheffield United,1,4,0,20,8,11,1,8,9,6,6,1,0,3,1,2.3333333333333335,0.3333333333333333,2.75,0.25,2.5,2.377126865671642,123.59731343283582
2021-05-08,2020-2021,Tottenham Hotspur,Leeds United,0,1,3,11,16,3,7,10,12,6,8,2,0,0,2,2.0,1.0,0.75,1.75,-1.0,-1.4528731343283583,122.14444029850746
2021-05-16,2020-2021,Tottenham Hotspur,Wolverhampton Wanderers,1,2,0,24,15,13,3,8,11,10,3,1,0,3,1,2.0,1.0,3.25,0.75,2.5,2.1471268656716416,124.2915671641791
2021-05-19,2020-2021,Tottenham Hotspur,Aston Villa,1,1,2,10,20,4,4,14,13,4,5,1,0,0,1,1.0,2.0,1.0,1.0,0.0,-1.722873134328358,122.56869402985075
2021-05-23,2020-2021,Tottenham Hotspur,Leicester City,0,4,2,11,10,4,6,8,9,7,8,2,0,3,2,2.0,1.0,1.0,1.5,-0.5,1.3671268656716415,123.9358208955224
2021-08-15,2021-2022,Tottenham Hotspur,Manchester City,1,1,0,13,18,3,4,11,8,3,11,2,0,3,2,2.0,1.0,0.75,1.0,-0.25,1.4271268656716416,125.36294776119404
2021-08-22,2021-2022,Tottenham Hotspur,Wolverhampton Wanderers,0,1,0,8,25,6,6,7,9,4,5,4,0,3,4,3.0,0.0,1.5,1.5,0.0,1.9371268656716418,127.30007462686568
2021-08-29,2021-2022,Tottenham Hotspur,Watford,1,1,0,15,9,8,2,8,14,10,3,3,0,3,3,3.0,0.0,2.0,0.5,1.5,2.3571268656716415,129.65720149253733
2021-09-11,2021-2022,Tottenham Hotspur,Crystal Palace,0,0,3,2,18,1,4,15,13,2,8,1,1,0,4,2.0,1.0,0.25,1.0,-0.75,-1.5128731343283583,128.14432835820895
2021-09-19,2021-2022,Tottenham Hotspur,Chelsea,1,0,3,8,20,2,10,4,15,5,11,0,0,0,0,1.0,2.0,0.5,2.5,-2.0,-2.142873134328358,126.0014552238806
2021-09-26,2021-2022,Tottenham Hotspur,Arsenal,0,1,3,10,12,4,7,13,12,4,4,1,0,0,1,0.0,3.0,1.0,1.75,-0.75,-2.472873134328358,123.52858208955224
2021-10-03,2021-2022,Tottenham Hotspur,Aston Villa,1,2,1,17,14,8,3,11,14,5,8,2,0,3,2,1.0,2.0,2.0,0.75,1.25,1.2171268656716419,124.74570895522388
2021-10-17,2021-2022,Tottenham Hotspur,Newcastle United,0,3,2,14,7,4,1,4,13,9,2,1,0,3,1,2.0,1.0,1.0,0.25,0.75,1.7271268656716416,126.47283582089553
2021-10-24,2021-2022,Tottenham Hotspur,West Ham United,0,0,1,7,13,4,4,4,11,4,2,1,0,0,1,2.0,1.0,1.0,1.0,0.0,-1.152873134328358,125.31996268656717
2021-10-30,2021-2022,Tottenham Hotspur,Manchester United,1,0,3,9,10,0,4,12,14,10,2,2,0,0,2,1.0,2.0,0.0,1.0,-1.0,-2.022873134328358,123.2970895522388
2021-11-07,2021-2022,Tottenham Hotspur,Everton,0,0,0,8,12,0,2,17,13,2,4,4,0,1,4,0.3333333333333333,2.3333333333333335,0.0,0.5,-0.5,-1.462873134328358,121.83421641791045
2021-11-21,2021-2022,Tottenham Hotspur,Leeds United,1,2,1,13,18,4,7,11,12,4,8,1,0,3,1,1.3333333333333333,1.3333333333333333,1.0,1.75,-0.75,1.027126865671642,122.86134328358209
2021-12-02,2021-2022,Tottenham Hotspur,Brentford,1,2,0,11,6,6,2,13,11,11,5,0,0,3,0,2.3333333333333335,0.3333333333333333,1.5,0.5,1.0,2.0771268656716417,124.93847014925373
2021-12-05,2021-2022,Tottenham Hotspur,Norwich City,1,3,0,17,10,7,1,11,4,6,4,1,0,3,1,3.0,0.0,1.75,0.25,1.5,2.4771268656716416,127.41559701492537
2021-12-19,2021-2022,Tottenham Hotspur,Liverpool,1,2,2,10,18,5,6,12,11,6,4,4,0,1,4,2.3333333333333335,0.3333333333333333,1.25,1.5,-0.25,-0.262873134328358,127.15272388059701
2021-12-26,2021-2022,Tottenham Hotspur,Crystal Palace,1,3,0,17,4,6,0,16,10,4,2,1,0,3,1,2.3333333333333335,0.3333333333333333,1.5,0.0,1.5,2.137126865671642,129.28985074626866
2021-12-28,2021-2022,Tottenham Hotspur,Southampton,0,1,1,21,9,11,2,5,15,7,3,2,0,1,2,1.6666666666666667,0.6666666666666666,2.75,0.5,2.25,0.1171268656716419,129.4069776119403
2022-01-01,2021-2022,Tottenham Hotspur,Watford,0,1,0,21,6,9,4,9,6,7,3,1,0,3,1,2.3333333333333335,0.3333333333333333,2.25,1.0,1.25,2.0771268656716417,131.48410447761194
2022-01-19,2021-2022,Tottenham Hotspur,Leicester City,0,3,2,27,14,10,4,12,6,8,3,2,0,3,2,2.3333333333333335,0.3333333333333333,2.5,1.0,1.5,2.0771268656716417,133.56123134328357
2022-01-23,2021-2022,Tottenham Hotspur,Chelsea,0,0,2,6,15,3,7,14,17,3,10,1,0,0,1,2.0,1.0,0.75,1.75,-1.0,-1.3928731343283582,132.16835820895523
2022-02-09,2021-2022,Tottenham Hotspur,Southampton,1,2,3,8,23,3,10,7,13,2,8,2,0,0,2,1.0,2.0,0.75,2.5,-1.75,-2.202873134328358,129.96548507462686
2022-02-13,2021-2022,Tottenham Hotspur,Wolverhampton Wanderers,1,0,2,17,11,7,7,13,13,7,3,3,0,0,3,0.0,3.0,1.75,1.75,0.0,-2.412873134328358,127.5526119402985
2022-02-19,2021-2022,Tottenham Hotspur,Manchester City,0,3,2,6,21,5,4,7,5,0,10,3,0,3,3,1.0,2.0,1.25,1.0,0.25,0.9171268656716418,128.46973880597014
2022-02-23,2021-2022,Tottenham Hotspur,Burnley,0,0,1,12,15,2,4,8,8,7,3,0,0,0,0,1.0,2.0,0.5,1.0,-0.5,-1.7828731343283581,126.68686567164178
2022-02-26,2021-2022,Tottenham Hotspur,Leeds United,0,4,0,15,19,11,3,11,16,6,3,2,0,3,2,2.0,1.0,2.75,0.75,2.0,1.9671268656716414,128.65399253731343
2022-03-07,2021-2022,Tottenham Hotspur,Everton,1,5,0,14,6,7,0,15,10,5,2,2,0,3,2,2.0,1.0,1.75,0.0,1.75,1.9071268656716418,130.56111940298507
2022-03-12,2021-2022,Tottenham Hotspur,Manchester United,0,2,3,10,10,3,6,7,8,5,4,1,0,0,1,2.0,1.0,0.75,1.5,-0.75,-1.3328731343283582,129.2282462686567
2022-03-16,2021-2022,Tottenham Hotspur,Brighton and Hove Albion,0,2,0,17,15,7,0,9,11,3,6,2,0,3,2,2.0,1.0,1.75,0.0,1.75,1.9071268656716418,131.13537313432835
2022-03-20,2021-2022,Tottenham Hotspur,West Ham United,1,3,1,17,6,4,1,7,7,5,3,0,0,3,0,2.0,1.0,1.0,0.25,0.75,1.7871268656716417,132.9225
2022-04-03,2021-2022,Tottenham Hotspur,Newcastle United,1,5,1,19,8,6,1,10,7,2,3,2,0,3,2,3.0,0.0,1.5,0.25,1.25,2.3571268656716415,135.27962686567164
2022-04-09,2021-2022,Tottenham Hotspur,Aston Villa,0,4,0,11,9,5,8,14,12,3,9,3,0,3,3,3.0,0.0,1.25,2.0,-0.75,1.817126865671642,137.09675373134328
2022-04-16,2021-2022,Tottenham Hotspur,Brighton and Hove Albion,1,0,1,5,12,0,5,14,10,4,4,3,0,0,3,2.0,1.0,0.0,1.25,-1.25,-1.572873134328358,135.52388059701494
2022-04-23,2021-2022,Tottenham Hotspur,Brentford,0,0,0,9,15,0,2,7,8,8,12,1,0,1,1,1.3333333333333333,1.3333333333333333,0.0,0.5,-0.5,-0.7128731343283582,134.81100746268658
2022-05-01,2021-2022,Tottenham Hotspur,Leicester City,1,3,1,13,6,7,2,13,8,7,3,2,0,3,2,1.3333333333333333,1.3333333333333333,1.75,0.5,1.25,1.4471268656716418,136.2581343283582
2022-05-07,2021-2022,Tottenham Hotspur,Liverpool,0,1,1,8,22,3,3,8,12,5,11,2,0,1,2,1.6666666666666667,0.6666666666666666,0.75,0.75,0.0,-0.42287313432835805,135.83526119402984
2022-05-12,2021-2022,Tottenham Hotspur,Arsenal,1,3,0,16,8,6,4,8,15,2,2,1,0,3,1,2.3333333333333335,0.3333333333333333,1.5,1.0,0.5,1.8971268656716418,137.7323880597015
2022-05-15,2021-2022,Tottenham Hotspur,Burnley,1,1,0,21,8,8,1,12,8,8,2,3,0,3,3,2.3333333333333335,0.3333333333333333,2.0,0.25,1.75,2.0771268656716417,139.80951492537315
2022-05-22,2021-2022,Tottenham Hotspur,Norwich City,0,5,0,19,9,13,0,7,13,2,3,1,0,3,1,3.0,0.0,3.25,0.0,3.25,2.897126865671642,142.70664179104477
2022-08-06,2022-2023,Tottenham Hotspur,Southampton,1,4,1,18,10,8,2,11,6,10,2,3,0,3,3,3.0,0.0,2.0,0.5,1.5,2.3571268656716415,145.06376865671643
2022-08-14,2022-2023,Tottenham Hotspur,Chelsea,0,2,2,10,16,5,3,9,9,5,8,0,0,1,0,2.3333333333333335,0.3333333333333333,1.25,0.75,0.5,0.157126865671642,145.22089552238805
2022-08-20,2022-2023,Tottenham Hotspur,Wolverhampton Wanderers,1,1,0,11,20,4,3,10,8,8,6,2,0,3,2,2.3333333333333335,0.3333333333333333,1.0,0.75,0.25,1.7771268656716417,146.9980223880597
2022-08-28,2022-2023,Tottenham Hotspur,Nottingham Forest,0,2,0,18,17,7,1,13,11,1,6,1,0,3,1,2.3333333333333335,0.3333333333333333,1.75,0.25,1.5,2.137126865671642,149.13514925373136
2022-08-31,2022-2023,Tottenham Hotspur,West Ham United,0,1,1,13,14,4,4,9,10,4,3,5,0,1,5,2.3333333333333335,0.3333333333333333,1.0,1.0,0.0,-0.262873134328358,148.87227611940298
2022-09-03,2022-2023,Tottenham Hotspur,Fulham,1,2,1,23,9,10,3,9,6,10,3,3,0,3,3,2.3333333333333335,0.3333333333333333,2.5,0.75,1.75,2.0771268656716417,150.94940298507464
2022-09-17,2022-2023,Tottenham Hotspur,Leicester City,1,6,2,16,19,11,7,9,9,6,1,1,0,3,1,2.3333333333333335,0.3333333333333333,2.75,1.75,1.0,2.0171268656716417,152.96652985074627
2022-10-01,2022-2023,Tottenham Hotspur,Arsenal,0,1,3,7,22,3,9,10,10,2,5,1,1,0,4,2.0,1.0,0.75,2.25,-1.5,-1.692873134328358,151.27365671641792
2022-10-08,2022-2023,Tottenham Hotspur,Brighton and Hove Albion,0,1,0,8,14,3,4,14,9,2,6,2,0,3,2,2.0,1.0,0.75,1.0,-0.25,1.4271268656716416,152.70078358208954
2022-10-15,2022-2023,Tottenham Hotspur,Everton,1,2,0,21,4,7,0,12,13,7,1,1,0,3,1,2.0,1.0,1.75,0.0,1.75,1.9671268656716419,154.6679104477612
2022-10-19,2022-2023,Tottenham Hotspur,Manchester United,0,0,2,9,28,2,10,7,7,3,8,0,0,0,0,2.0,1.0,0.5,2.5,-2.0,-1.572873134328358,153.09503731343284
2022-10-23,2022-2023,Tottenham Hotspur,Newcastle United,1,1,2,17,13,5,5,12,6,6,7,4,0,0,4,1.0,2.0,1.25,1.25,0.0,-1.9028731343283578,151.19216417910448
2022-10-29,2022-2023,Tottenham Hotspur,Bournemouth,0,3,2,23,6,7,4,5,10,19,2,2,0,3,2,1.0,2.0,1.75,1.0,0.75,1.0971268656716417,152.28929104477612
2022-11-06,2022-2023,Tottenham Hotspur,Liverpool,1,1,2,14,13,5,6,10,8,5,3,0,0,0,0,1.0,2.0,1.25,1.5,-0.25,-1.722873134328358,150.56641791044774
2022-11-12,2022-2023,Tottenham Hotspur,Leeds United,1,4,3,14,12,8,5,8,7,9,2,1,0,3,1,2.0,1.0,2.0,1.25,0.75,1.7271268656716416,152.2935447761194
2022-12-26,2022-2023,Tottenham Hotspur,Brentford,0,2,2,16,9,8,5,10,11,5,6,1,0,1,1,1.3333333333333333,1.3333333333333333,2.0,1.25,0.75,-0.4128731343283581,151.88067164179103
2023-01-01,2022-2023,Tottenham Hotspur,Aston Villa,1,0,2,6,13,2,4,15,10,5,3,4,0,0,4,1.3333333333333333,1.3333333333333333,0.5,1.0,-0.5,-1.7928731343283582,150.08779850746268
2023-01-04,2022-2023,Tottenham Hotspur,Crystal Palace,0,4,0,14,19,6,4,8,11,4,10,2,0,3,2,1.3333333333333333,1.3333333333333333,1.5,1.0,0.5,1.267126865671642,151.35492537313434
2023-01-15,2022-2023,Tottenham Hotspur,Arsenal,1,0,2,17,14,7,5,16,15,4,3,4,0,0,4,1.0,2.0,1.75,1.25,0.5,-1.782873134328358,149.57205223880595
2023-01-19,2022-2023,Tottenham Hotspur,Manchester City,0,2,4,9,16,3,6,14,10,3,8,2,0,0,2,1.0,2.0,0.75,1.5,-0.75,-1.9628731343283579,147.60917910447762
2023-01-23,2022-2023,Tottenham Hotspur,Fulham,0,1,0,10,10,3,5,10,10,8,3,3,0,3,3,1.0,2.0,0.75,1.25,-0.5,0.737126865671642,148.34630597014925
2023-02-05,2022-2023,Tottenham Hotspur,Manchester City,1,1,0,12,15,3,5,19,14,4,6,2,1,3,5,2.0,1.0,0.75,1.25,-0.5,1.1871268656716418,149.5334328358209
2023-02-11,2022-2023,Tottenham Hotspur,Leicester City,0,1,4,11,15,4,7,9,14,5,1,2,0,0,2,2.0,1.0,1.0,1.75,-0.75,-1.3928731343283582,148.14055970149252
2023-02-19,2022-2023,Tottenham Hotspur,West Ham United,1,2,0,16,6,6,1,16,10,4,7,2,0,3,2,2.0,1.0,1.5,0.25,1.25,1.7871268656716417,149.9276865671642
2023-02-26,2022-2023,Tottenham Hotspur,Chelsea,1,2,0,8,10,3,2,10,10,4,4,2,0,3,2,2.0,1.0,0.75,0.5,0.25,1.5471268656716417,151.47481343283582
2023-03-04,2022-2023,Tottenham Hotspur,Wolverhampton Wanderers,0,0,1,21,8,6,5,18,11,8,4,1,0,0,1,2.0,1.0,1.5,1.25,0.25,-1.092873134328358,150.38194029850746
2023-03-11,2022-2023,Tottenham Hotspur,Nottingham Forest,1,3,1,15,9,7,5,13,13,2,10,3,0,3,3,2.0,1.0,1.75,1.25,0.5,1.547126865671642,151.92906716417912
2023-03-18,2022-2023,Tottenham Hotspur,Southampton,0,3,3,17,19,3,7,8,13,3,10,1,0,1,1,1.3333333333333333,1.3333333333333333,0.75,1.75,-1.0,-0.8328731343283582,151.09619402985075
2023-04-03,2022-2023,Tottenham Hotspur,Everton,0,1,1,8,15,2,6,14,10,3,3,3,1,1,6,1.6666666666666667,0.6666666666666666,0.5,1.5,-1.0,-0.902873134328358,150.1933208955224
2023-04-08,2022-2023,Tottenham Hotspur,Brighton and Hove Albion,1,2,1,9,17,3,4,15,15,3,7,3,0,3,3,1.6666666666666667,0.6666666666666666,0.75,1.0,-0.25,1.2571268656716417,151.45044776119403
2023-04-15,2022-2023,Tottenham Hotspur,Bournemouth,1,2,3,24,6,8,6,8,9,8,1,1,0,0,1,1.3333333333333333,1.3333333333333333,2.0,1.5,0.5,-1.372873134328358,150.07757462686567
2023-04-23,2022-2023,Tottenham Hotspur,Newcastle United,0,1,6,11,25,3,8,13,7,3,9,3,0,0,3,1.0,2.0,0.75,2.0,-1.25,-2.142873134328358,147.9347014925373
2023-04-27,2022-2023,Tottenham Hotspur,Manchester United,1,2,2,18,17,7,8,8,7,6,8,1,0,1,1,0.3333333333333333,2.3333333333333335,1.75,2.0,-0.25,-1.2228731343283583,146.71182835820895
2023-04-30,2022-2023,Tottenham Hotspur,Liverpool,0,3,4,10,12,7,4,6,12,2,5,2,0,0,2,0.3333333333333333,2.3333333333333335,1.75,1.0,0.75,-1.9428731343283583,144.7689552238806
2023-05-06,2022-2023,Tottenham Hotspur,Crystal Palace,1,1,0,8,7,3,2,15,14,8,4,3,0,3,3,1.3333333333333333,1.3333333333333333,0.75,0.5,0.25,1.1471268656716418,145.91608208955222
2023-05-13,2022-2023,Tottenham Hotspur,Aston Villa,0,1,2,5,8,2,4,14,9,3,8,3,0,0,3,1.0,2.0,0.5,1.0,-0.5,-1.9628731343283579,143.9532089552239
2023-05-20,2022-2023,Tottenham Hotspur,Brentford,1,1,3,22,11,8,4,11,9,8,2,1,0,0,1,1.0,2.0,2.0,1.0,1.0,-1.482873134328358,142.4703358208955
2023-05-28,2022-2023,Tottenham Hotspur,Leeds United,0,4,1,11,19,7,2,5,7,3,12,0,0,3,0,1.0,2.0,1.75,0.5,1.25,1.337126865671642,143.80746268656716
2023-08-13,2023-2024,Tottenham Hotspur,Brentford,0,2,2,18,11,6,6,13,12,6,3,4,0,1,4,1.3333333333333333,1.3333333333333333,1.5,1.5,0.0,-0.7728731343283581,143.0345895522388
2023-08-19,2023-2024,Tottenham Hotspur,Manchester United,1,2,0,17,22,6,6,9,8,5,6,1,0,3,1,2.3333333333333335,0.3333333333333333,1.5,1.5,0.0,1.7771268656716417,144.81171641791045
2023-08-26,2023-2024,Tottenham Hotspur,Bournemouth,0,2,0,17,11,6,3,11,18,2,6,3,0,3,3,2.3333333333333335,0.3333333333333333,1.5,0.75,0.75,1.8371268656716417,146.6488432835821
2023-09-02,2023-2024,Tottenham Hotspur,Burnley,0,5,2,20,16,10,4,9,15,4,7,3,0,3,3,3.0,0.0,2.5,1.0,1.5,2.3571268656716415,149.00597014925373
2023-09-16,2023-2024,Tottenham Hotspur,Sheffield United,1,2,1,28,7,10,5,13,14,15,2,6,0,3,6,3.0,0.0,2.5,1.25,1.25,2.1171268656716418,151.12309701492535
2023-09-24,2023-2024,Tottenham Hotspur,Arsenal,0,2,2,13,13,5,6,19,12,4,11,4,0,1,4,2.3333333333333335,0.3333333333333333,1.25,1.5,-0.25,-0.262873134328358,150.860223880597
2023-09-30,2023-2024,Tottenham Hotspur,Liverpool,1,2,1,24,12,8,4,11,17,12,5,5,0,3,5,2.3333333333333335,0.3333333333333333,2.0,1.0,1.0,1.7771268656716417,152.63735074626865
2023-10-07,2023-2024,Tottenham Hotspur,Luton Town,0,1,0,15,12,4,2,7,16,6,5,1,1,3,4,2.3333333333333335,0.3333333333333333,1.0,0.5,0.5,1.7171268656716419,154.3544776119403
2023-10-23,2023-2024,Tottenham Hotspur,Fulham,1,2,0,15,10,5,3,10,14,3,5,2,0,3,2,3.0,0.0,1.25,0.75,0.5,2.177126865671642,156.53160447761192
2023-10-27,2023-2024,Tottenham Hotspur,Crystal Palace,0,2,1,10,13,1,3,11,19,2,11,1,0,3,1,3.0,0.0,0.25,0.75,-0.5,1.9971268656716417,158.52873134328357
2023-11-06,2023-2024,Tottenham Hotspur,Chelsea,1,1,4,8,17,5,8,12,21,1,6,1,2,0,7,2.0,1.0,1.25,2.0,-0.75,-1.692873134328358,156.83585820895522
2023-11-11,2023-2024,Tottenham Hotspur,Wolverhampton Wanderers,0,1,2,6,17,2,4,15,19,3,11,3,0,0,3,1.0,2.0,0.5,1.0,-0.5,-1.9628731343283579,154.87298507462685
2023-11-26,2023-2024,Tottenham Hotspur,Aston Villa,1,1,2,18,15,8,5,11,13,9,3,0,0,0,0,0.0,3.0,2.0,1.25,0.75,-2.052873134328358,152.8201119402985
2023-12-03,2023-2024,Tottenham Hotspur,Manchester City,0,3,3,8,18,4,4,14,14,8,10,4,0,1,4,0.3333333333333333,2.3333333333333335,1.0,1.0,0.0,-1.342873134328358,151.47723880597013
2023-12-07,2023-2024,Tottenham Hotspur,West Ham United,1,1,2,23,11,7,5,11,12,8,4,3,0,0,3,0.3333333333333333,2.3333333333333335,1.75,1.25,0.5,-2.062873134328358,149.41436567164178
2023-12-10,2023-2024,Tottenham Hotspur,Newcastle United,1,4,1,23,9,12,3,10,12,3,6,1,0,3,1,1.3333333333333333,1.3333333333333333,3.0,0.75,2.25,1.7471268656716419,151.16149253731342
2023-12-15,2023-2024,Tottenham Hotspur,Nottingham Forest,0,2,0,12,15,6,1,11,16,4,6,4,1,3,7,2.0,1.0,1.5,0.25,1.25,1.4871268656716417,152.64861940298508
2023-12-23,2023-2024,Tottenham Hotspur,Everton,1,2,1,13,18,6,8,6,18,3,8,1,0,3,1,3.0,0.0,1.5,2.0,-0.5,1.9971268656716417,154.6457462686567
2023-12-28,2023-2024,Tottenham Hotspur,Brighton and Hove Albion,0,2,4,19,15,3,9,6,18,6,7,2,0,0,2,2.0,1.0,0.75,2.25,-1.5,-1.5728731343283584,153.07287313432835
2023-12-31,2023-2024,Tottenham Hotspur,Bournemouth,1,3,1,12,24,6,4,9,18,4,13,3,0,3,3,2.0,1.0,1.5,1.0,0.5,1.547126865671642,154.62
2024-01-14,2023-2024,Tottenham Hotspur,Manchester United,0,2,2,16,9,6,2,5,8,13,8,1,0,1,1,1.3333333333333333,1.3333333333333333,1.5,0.5,1.0,-0.35287313432835815,154.26712686567163
2024-01-31,2023-2024,Tottenham Hotspur,Brentford,1,3,2,19,9,5,5,13,15,5,3,2,0,3,2,2.3333333333333335,0.3333333333333333,1.25,1.25,0.0,1.7171268656716416,155.98425373134327
2024-02-03,2023-2024,Tottenham Hotspur,Everton,0,2,2,9,14,6,5,14,8,5,9,0,0,1,0,1.6666666666666667,0.6666666666666666,1.5,1.25,0.25,-0.24287313432835808,155.74138059701494
2024-02-10,2023-2024,Tottenham Hotspur,Brighton and Hove Albion,1,2,1,16,6,6,3,14,13,9,6,2,0,3,2,2.3333333333333335,0.3333333333333333,1.5,0.75,0.75,1.8971268656716416,157.63850746268656
2024-02-17,2023-2024,Tottenham Hotspur,Wolverhampton Wanderers,1,1,2,15,12,4,7,8,13,10,4,0,0,0,0,1.3333333333333333,1.3333333333333333,1.0,1.75,-0.75,-1.612873134328358,156.0256343283582
2024-03-02,2023-2024,Tottenham Hotspur,Crystal Palace,1,3,1,14,4,6,1,7,16,11,1,1,0,3,1,2.0,1.0,1.5,0.25,1.25,1.8471268656716417,157.87276119402986
2024-03-10,2023-2024,Tottenham Hotspur,Aston Villa,0,4,0,9,10,5,1,15,11,4,6,2,0,3,2,2.0,1.0,1.25,0.25,1.0,1.7271268656716416,159.5998880597015
2024-03-16,2023-2024,Tottenham Hotspur,Fulham,0,0,3,14,16,5,7,10,9,5,4,3,0,0,3,2.0,1.0,1.25,1.75,-0.5,-1.3928731343283582,158.20701492537313
2024-03-30,2023-2024,Tottenham Hotspur,Luton Town,1,2,1,17,7,4,3,16,14,3,6,2,0,3,2,2.0,1.0,1.0,0.75,0.25,1.5471268656716417,159.7541417910448
2024-04-02,2023-2024,Tottenham Hotspur,West Ham United,0,1,1,13,11,4,4,9,13,5,9,4,0,1,4,1.3333333333333333,1.3333333333333333,1.0,1.0,0.0,-0.7728731343283581,158.98126865671642
2024-04-07,2023-2024,Tottenham Hotspur,Nottingham Forest,1,3,1,17,13,7,6,11,12,12,2,2,0,3,2,2.3333333333333335,0.3333333333333333,1.75,1.5,0.25,1.7771268656716417,160.75839552238807
2024-04-13,2023-2024,Tottenham Hotspur,Newcastle United,0,0,4,11,18,2,5,12,14,3,16,4,0,0,4,1.3333333333333333,1.3333333333333333,0.5,1.25,-0.75,-1.8528731343283578,158.9055223880597
2024-04-28,2023-2024,Tottenham Hotspur,Arsenal,1,2,3,14,9,2,3,12,16,8,6,2,0,0,2,1.0,2.0,0.5,0.75,-0.25,-1.8428731343283582,157.06264925373134
2024-05-02,2023-2024,Tottenham Hotspur,Chelsea,0,0,2,19,16,3,5,16,12,9,4,1,0,0,1,0.0,3.0,0.75,1.25,-0.5,-2.412873134328358,154.649776119403
2024-05-05,2023-2024,Tottenham Hotspur,Liverpool,0,2,4,11,25,6,13,12,14,3,8,4,0,0,4,0.0,3.0,1.5,3.25,-1.75,-2.8928731343283585,151.75690298507462
2024-05-11,2023-2024,Tottenham Hotspur,Burnley,1,2,1,21,7,9,3,10,14,9,3,3,0,3,3,1.0,2.0,2.25,0.75,1.5,1.2171268656716419,152.97402985074626
2024-05-14,2023-2024,Tottenham Hotspur,Manchester City,1,0,2,10,8,5,5,14,11,7,4,3,0,0,3,1.0,2.0,1.25,1.25,0.0,-1.8428731343283578,151.1311567164179
2024-05-19,2023-2024,Tottenham Hotspur,Sheffield United,0,3,0,18,6,9,1,9,11,6,2,0,0,3,0,2.0,1.0,2.25,0.25,2.0,2.0871268656716415,153.21828358208955
2024-08-19,2024-2025,Tottenham Hotspur,Leicester City,0,1,1,15,7,7,3,12,11,13,2,1,0,1,1,1.3333333333333333,1.3333333333333333,1.75,0.75,1.0,-0.35287313432835815,152.8654104477612
2024-08-24,2024-2025,Tottenham Hotspur,Everton,1,4,0,13,10,7,1,11,15,12,5,0,0,3,0,2.3333333333333335,0.3333333333333333,1.75,0.25,1.5,2.197126865671642,155.06253731343284
2024-09-01,2024-2025,Tottenham Hotspur,Newcastle United,0,1,2,20,9,6,3,13,16,12,7,4,0,0,4,1.3333333333333333,1.3333333333333333,1.5,0.75,0.75,-1.492873134328358,153.56966417910448
2024-09-15,2024-2025,Tottenham Hotspur,Arsenal,1,0,1,15,7,5,4,13,10,7,6,5,0,0,5,1.0,2.0,1.25,1.0,0.25,-1.9028731343283578,151.66679104477612
2024-09-21,2024-2025,Tottenham Hotspur,Brentford,1,3,1,23,6,10,6,11,9,9,4,3,0,3,3,1.0,2.0,2.5,1.5,1.0,1.0971268656716417,152.76391791044776
2024-09-29,2024-2025,Tottenham Hotspur,Manchester United,0,3,0,24,11,10,2,14,16,3,5,3,0,3,3,2.0,1.0,2.5,0.5,2.0,1.9071268656716418,154.6710447761194
2024-10-06,2024-2025,Tottenham Hotspur,Brighton and Hove Albion,0,2,3,13,11,3,4,10,14,7,4,2,0,0,2,2.0,1.0,0.75,1.0,-0.25,-1.2728731343283581,153.39817164179107
2024-10-19,2024-2025,Tottenham Hotspur,West Ham United,1,4,1,22,11,7,4,10,15,13,5,1,0,3,1,2.0,1.0,1.75,1.0,0.75,1.7271268656716416,155.1252985074627
2024-10-27,2024-2025,Tottenham Hotspur,Crystal Palace,0,0,1,11,14,3,6,12,16,8,8,4,0,0,4,1.0,2.0,0.75,1.5,-0.75,-2.082873134328358,153.04242537313434
2024-11-03,2024-2025,Tottenham Hotspur,Aston Villa,1,4,1,16,12,6,1,14,14,6,4,2,0,3,2,2.0,1.0,1.5,0.25,1.25,1.7871268656716417,154.82955223880597
2024-11-10,2024-2025,Tottenham Hotspur,Ipswich Town,1,1,2,17,8,5,3,10,19,12,2,1,0,0,1,1.0,2.0,1.25,0.75,0.5,-1.602873134328358,153.22667910447763
2024-11-23,2024-2025,Tottenham Hotspur,Manchester City,0,4,0,9,23,7,5,9,19,3,9,2,0,3,2,2.0,1.0,1.75,1.25,0.5,1.6071268656716418,154.83380597014926
2024-12-01,2024-2025,Tottenham Hotspur,Fulham,1,1,1,8,14,3,6,4,14,7,11,0,0,1,0,1.3333333333333333,1.3333333333333333,0.75,1.5,-0.75,-0.7128731343283582,154.1209328358209
2024-12-05,2024-2025,Tottenham Hotspur,Bournemouth,0,0,1,12,21,4,8,8,15,9,5,2,0,0,2,1.3333333333333333,1.3333333333333333,1.0,2.0,-1.0,-1.7928731343283582,152.32805970149255
2024-12-08,2024-2025,Tottenham Hotspur,Chelsea,1,3,4,13,17,5,8,17,11,5,10,2,0,0,2,0.3333333333333333,2.3333333333333335,1.25,2.0,-0.75,-2.302873134328358,150.02518656716418
2024-12-15,2024-2025,Tottenham Hotspur,Southampton,0,5,0,18,9,9,3,15,8,5,2,3,0,3,3,1.0,2.0,2.25,0.75,1.5,1.2171268656716419,151.24231343283583
2024-12-22,2024-2025,Tottenham Hotspur,Liverpool,1,3,6,9,24,5,12,7,9,7,5,1,0,0,1,1.0,2.0,1.25,3.0,-1.75,-2.142873134328358,149.09944029850746
2024-12-26,2024-2025,Tottenham Hotspur,Nottingham Forest,0,0,1,13,10,4,3,13,12,7,2,2,1,0,5,1.0,2.0,1.0,0.75,0.25,-1.9028731343283578,147.1965671641791
2024-12-29,2024-2025,Tottenham Hotspur,Wolverhampton Wanderers,1,2,2,13,11,3,3,9,10,5,5,1,0,1,1,0.3333333333333333,2.3333333333333335,0.75,0.75,0.0,-1.1628731343283583,146.03369402985075
2025-01-04,2024-2025,Tottenham Hotspur,Newcastle United,1,1,2,13,14,4,4,11,15,9,10,1,0,0,1,0.3333333333333333,2.3333333333333335,1.0,1.0,0.0,-2.062873134328358,143.9708208955224
2025-01-15,2024-2025,Tottenham Hotspur,Arsenal,0,1,2,10,14,2,4,9,16,4,10,1,0,0,1,0.3333333333333333,2.3333333333333335,0.5,1.0,-0.5,-2.182873134328358,141.78794776119403
2025-01-19,2024-2025,Tottenham Hotspur,Everton,0,2,3,11,12,6,6,14,14,8,3,1,0,0,1,0.0,3.0,1.5,1.5,0.0,-2.292873134328358,139.4950746268657
2025-01-26,2024-2025,Tottenham Hotspur,Leicester City,1,1,2,15,12,6,3,6,16,6,4,1,0,0,1,0.0,3.0,1.5,0.75,0.75,-2.112873134328358,137.38220149253732
2025-02-02,2024-2025,Tottenham Hotspur,Brentford,0,2,0,13,20,2,4,11,4,3,10,1,0,3,1,1.0,2.0,0.5,1.0,-0.5,0.8571268656716418,138.23932835820898
2025-02-16,2024-2025,Tottenham Hotspur,Manchester United,1,1,0,22,16,7,6,13,9,10,5,1,0,3,1,2.0,1.0,1.75,1.5,0.25,1.6071268656716418,139.8464552238806
2025-02-22,2024-2025,Tottenham Hotspur,Ipswich Town,0,4,1,10,17,6,5,14,15,4,4,1,0,3,1,3.0,0.0,1.5,1.25,0.25,2.177126865671642,142.02358208955224
2025-02-26,2024-2025,Tottenham Hotspur,Manchester City,1,0,1,11,12,6,5,12,15,8,3,3,0,0,3,2.0,1.0,1.5,1.25,0.25,-1.212873134328358,140.8107089552239
2025-03-09,2024-2025,Tottenham Hotspur,Bournemouth,1,2,2,12,17,4,8,15,16,3,6,3,0,1,3,1.3333333333333333,1.3333333333333333,1.0,2.0,-1.0,-0.9528731343283581,139.85783582089553
2025-03-16,2024-2025,Tottenham Hotspur,Fulham,0,0,2,12,13,4,4,10,13,5,6,0,0,0,0,0.3333333333333333,2.3333333333333335,1.0,1.0,0.0,-2.002873134328358,137.85496268656718
2025-04-03,2024-2025,Tottenham Hotspur,Chelsea,0,0,1,8,11,2,5,16,7,6,4,5,0,0,5,0.3333333333333333,2.3333333333333335,0.5,1.25,-0.75,-2.482873134328358,135.37208955223883
2025-04-06,2024-2025,Tottenham Hotspur,Southampton,1,3,1,13,12,8,4,16,20,4,1,1,0,3,1,1.0,2.0,2.0,1.0,1.0,1.2171268656716419,136.58921641791045
2025-04-13,2024-2025,Tottenham Hotspur,Wolverhampton Wanderers,0,2,4,11,13,4,5,15,12,4,1,2,0,0,2,1.0,2.0,1.0,1.25,-0.25,-1.8428731343283582,134.7463432835821
2025-04-21,2024-2025,Tottenham Hotspur,Nottingham Forest,1,1,2,22,4,6,3,11,12,7,1,1,0,0,1,1.0,2.0,1.5,0.75,0.75,-1.5428731343283582,133.20347014925375
2025-04-27,2024-2025,Tottenham Hotspur,Liverpool,0,1,5,8,25,3,8,9,16,2,8,1,0,0,1,0.0,3.0,0.75,2.0,-1.25,-2.592873134328358,130.6105970149254
2025-05-04,2024-2025,Tottenham Hotspur,West Ham United,0,1,1,7,11,2,2,15,18,3,1,2,0,1,2,0.3333333333333333,2.3333333333333335,0.5,0.5,0.0,-1.2228731343283579,129.38772388059704
2025-05-11,2024-2025,Tottenham Hotspur,Crystal Palace,1,0,2,8,23,1,10,12,10,4,8,1,0,0,1,0.3333333333333333,2.3333333333333335,0.25,2.5,-2.25,-2.602873134328358,126.78485074626867
2025-05-16,2024-2025,Tottenham Hotspur,Aston Villa,0,0,2,3,18,1,7,12,5,1,9,2,0,0,2,0.3333333333333333,2.3333333333333335,0.25,1.75,-1.5,-2.482873134328358,124.30197761194032
2025-05-25,2024-2025,Tottenham Hotspur,Brighton and Hove Albion,1,1,4,4,23,2,8,13,8,2,11,3,0,0,3,0.0,3.0,0.5,2.0,-1.5,-2.772873134328358,121.52910447761195
2025-08-16,2025-2026,Tottenham Hotspur,Burnley,1,3,0,16,14,6,4,14,8,6,5,0,0,3,0,1.0,2.0,1.5,1.0,0.5,1.157126865671642,122.6862313432836
2025-08-23,2025-2026,Tottenham Hotspur,Manchester City,0,2,0,12,10,5,4,12,7,2,7,4,0,3,4,2.0,1.0,1.25,1.0,0.25,1.4271268656716418,124.11335820895523
2025-08-30,2025-2026,Tottenham Hotspur,Bournemouth,1,0,1,5,20,1,6,17,13,0,8,2,0,0,2,2.0,1.0,0.25,1.5,-1.25,-1.5128731343283583,122.60048507462687
2025-09-13,2025-2026,Tottenham Hotspur,West Ham United,0,3,0,14,7,5,4,7,8,13,2,1,0,3,1,2.0,1.0,1.25,1.0,0.25,1.6071268656716418,124.20761194029852
2025-09-20,2025-2026,Tottenham Hotspur,Brighton and Hove Albion,0,2,2,11,12,3,4,13,10,10,2,2,0,1,2,1.3333333333333333,1.3333333333333333,0.75,1.0,-0.25,-0.7128731343283581,123.49473880597016
2025-09-27,2025-2026,Tottenham Hotspur,Wolverhampton Wanderers,1,1,1,10,9,3,3,9,11,10,9,3,0,1,3,1.6666666666666667,0.6666666666666666,0.75,0.75,0.0,-0.4828731343283581,123.0118656716418
2025-10-04,2025-2026,Tottenham Hotspur,Leeds United,0,2,1,9,16,3,4,12,10,1,4,3,0,3,3,1.6666666666666667,0.6666666666666666,0.75,1.0,-0.25,1.2571268656716417,124.26899253731345
2025-10-19,2025-2026,Tottenham Hotspur,Aston Villa,1,1,2,9,8,3,2,11,7,6,6,2,0,0,2,1.3333333333333333,1.3333333333333333,0.75,0.5,0.25,-1.492873134328358,122.77611940298509
2025-10-26,2025-2026,Tottenham Hotspur,Everton,0,3,0,7,12,4,2,8,9,8,9,0,0,3,0,2.0,1.0,1.0,0.5,0.5,1.7271268656716419,124.50324626865672
2025-11-01,2025-2026,Tottenham Hotspur,Chelsea,1,0,1,3,15,1,9,14,12,6,5,4,0,0,4,1.0,2.0,0.25,2.25,-2.0,-2.382873134328358,122.12037313432837
2025-11-08,2025-2026,Tottenham Hotspur,Manchester United,1,2,2,10,5,4,2,10,8,5,3,5,0,1,5,1.3333333333333333,1.3333333333333333,1.0,0.5,0.5,-0.7128731343283581,121.40750000000001
2021-08-14,2021-2022,Watford,Aston Villa,1,3,2,13,11,7,2,18,13,2,4,3,0,3,3,3.0,0.0,1.75,0.5,1.25,2.297126865671642,102.29712686567164
2021-08-21,2021-2022,Watford,Brighton and Hove Albion,0,0,2,10,13,1,3,6,11,2,7,0,0,0,0,1.5,1.5,0.25,0.75,-0.5,-1.497873134328358,100.79925373134328
2021-08-29,2021-2022,Watford,Tottenham Hotspur,0,0,1,9,15,2,8,14,8,3,10,3,0,0,3,1.0,2.0,0.5,2.0,-1.5,-2.202873134328358,98.59638059701493
2021-09-11,2021-2022,Watford,Wolverhampton Wanderers,1,0,2,6,14,2,5,15,13,6,8,3,0,0,3,0.0,3.0,0.5,1.25,-0.75,-2.5928731343283578,96.00350746268657
2021-09-18,2021-2022,Watford,Norwich City,0,3,1,12,12,8,5,14,10,8,4,1,0,3,1,1.0,2.0,2.0,1.25,0.75,1.1571268656716418,97.16063432835821
2021-09-25,2021-2022,Watford,Newcastle United,1,1,1,15,20,4,6,19,12,5,6,4,0,1,4,1.3333333333333333,1.3333333333333333,1.0,1.5,-0.5,-0.8928731343283581,96.26776119402984
2021-10-02,2021-2022,Watford,Leeds United,0,0,1,5,20,1,4,16,10,3,6,3,0,0,3,1.3333333333333333,1.3333333333333333,0.25,1.0,-0.75,-1.7928731343283577,94.4748880597015
2021-10-16,2021-2022,Watford,Liverpool,1,0,5,6,19,2,8,4,10,1,9,0,0,0,0,0.3333333333333333,2.3333333333333335,0.5,2.0,-1.5,-2.362873134328358,92.11201492537313
2021-10-23,2021-2022,Watford,Everton,0,5,2,20,15,8,4,13,9,5,3,3,0,3,3,1.0,2.0,2.0,1.0,1.0,1.0971268656716417,93.20914179104477
2021-10-30,2021-2022,Watford,Southampton,1,0,1,10,12,4,1,16,6,5,8,2,0,0,2,1.0,2.0,1.0,0.25,0.75,-1.6028731343283582,91.60626865671642
2021-11-07,2021-2022,Watford,Arsenal,0,0,1,7,14,1,6,19,6,2,4,2,1,0,5,1.0,2.0,0.25,1.5,-1.25,-2.262873134328358,89.34339552238806
2021-11-20,2021-2022,Watford,Manchester United,1,4,1,20,9,7,3,7,5,9,3,2,0,3,2,1.0,2.0,1.75,0.75,1.0,1.1571268656716418,90.50052238805971
2021-11-28,2021-2022,Watford,Leicester City,0,2,4,16,18,5,8,19,5,6,8,0,0,0,0,1.0,2.0,1.25,2.0,-0.75,-1.8428731343283578,88.65764925373135
2021-12-01,2021-2022,Watford,Chelsea,1,1,2,13,8,6,4,18,16,6,0,4,0,0,4,1.0,2.0,1.5,1.0,0.5,-1.782873134328358,86.87477611940298
2021-12-04,2021-2022,Watford,Manchester City,1,1,3,11,26,4,13,10,7,5,11,3,0,0,3,0.0,3.0,1.0,3.25,-2.25,-2.9528731343283585,83.92190298507464
2021-12-10,2021-2022,Watford,Brentford,0,1,2,6,14,2,5,18,12,2,8,0,0,0,0,0.0,3.0,0.5,1.25,-0.75,-2.412873134328358,81.50902985074627
2021-12-28,2021-2022,Watford,West Ham United,1,1,4,14,13,5,6,12,12,4,5,0,0,0,0,0.0,3.0,1.25,1.5,-0.25,-2.292873134328358,79.21615671641791
2022-01-01,2021-2022,Watford,Tottenham Hotspur,1,0,1,6,21,4,9,6,9,3,7,0,0,0,0,0.0,3.0,1.0,2.25,-1.25,-2.5328731343283577,76.68328358208956
2022-01-15,2021-2022,Watford,Newcastle United,0,1,1,18,12,5,1,13,13,6,4,2,0,1,2,0.3333333333333333,2.3333333333333335,1.25,0.25,1.0,-0.9828731343283581,75.7004104477612
2022-01-21,2021-2022,Watford,Norwich City,1,0,3,15,7,4,2,16,11,5,1,0,1,0,3,0.3333333333333333,2.3333333333333335,1.0,0.5,0.5,-2.062873134328358,73.63753731343284
2022-02-05,2021-2022,Watford,Burnley,0,0,0,11,13,5,2,9,16,7,4,2,0,1,2,0.6666666666666666,1.6666666666666667,1.25,0.5,0.75,-0.8128731343283581,72.82466417910449
2022-02-08,2021-2022,Watford,West Ham United,0,0,1,6,9,1,3,6,1,6,5,0,0,0,0,0.3333333333333333,2.3333333333333335,0.25,0.75,-0.5,-2.122873134328358,70.70179104477613
2022-02-12,2021-2022,Watford,Brighton and Hove Albion,1,0,2,9,11,1,6,16,9,4,5,3,0,0,3,0.3333333333333333,2.3333333333333335,0.25,1.5,-1.25,-2.482873134328358,68.21891791044777
2022-02-19,2021-2022,Watford,Aston Villa,0,1,0,8,20,4,1,7,12,5,10,2,0,3,2,1.0,2.0,1.0,0.25,0.75,1.0971268656716417,69.31604477611941
2022-02-23,2021-2022,Watford,Crystal Palace,1,1,4,8,7,1,5,12,9,6,4,2,0,0,2,1.0,2.0,0.25,1.25,-1.0,-2.022873134328358,67.29317164179105
2022-02-26,2021-2022,Watford,Manchester United,0,0,0,10,22,2,3,7,2,3,4,0,0,1,0,1.3333333333333333,1.3333333333333333,0.5,0.75,-0.25,-0.5928731343283581,66.70029850746269
2022-03-06,2021-2022,Watford,Arsenal,1,2,3,13,16,7,4,5,11,1,5,1,0,0,1,0.3333333333333333,2.3333333333333335,1.75,1.0,0.75,-1.8828731343283582,64.81742537313434
2022-03-10,2021-2022,Watford,Wolverhampton Wanderers,0,0,4,9,10,0,5,10,11,2,5,2,0,0,2,0.3333333333333333,2.3333333333333335,0.0,1.25,-1.25,-2.4228731343283583,62.39455223880598
2022-03-13,2021-2022,Watford,Southampton,0,2,1,9,13,5,7,12,8,3,11,2,0,3,2,1.0,2.0,1.25,1.75,-0.5,0.797126865671642,63.19167910447762
2022-04-02,2021-2022,Watford,Liverpool,0,0,2,5,20,2,3,8,9,3,9,1,0,0,1,1.0,2.0,0.5,0.75,-0.25,-1.7828731343283581,61.40880597014927
2022-04-09,2021-2022,Watford,Leeds United,1,0,3,8,10,1,5,8,12,3,8,2,0,0,2,1.0,2.0,0.25,1.25,-1.0,-2.022873134328358,59.38593283582091
2022-04-16,2021-2022,Watford,Brentford,1,1,2,17,16,4,5,11,9,6,5,2,0,0,2,0.0,3.0,1.0,1.25,-0.25,-2.412873134328358,56.97305970149255
2022-04-23,2021-2022,Watford,Manchester City,0,1,5,5,21,2,8,7,9,4,11,0,0,0,0,0.0,3.0,0.5,2.0,-1.5,-2.592873134328358,54.380186567164195
2022-04-30,2021-2022,Watford,Burnley,1,1,2,13,17,1,6,13,9,5,6,1,0,0,1,0.0,3.0,0.25,1.5,-1.25,-2.592873134328358,51.78731343283584
2022-05-07,2021-2022,Watford,Crystal Palace,0,0,1,6,15,1,7,18,11,5,8,1,1,0,4,0.0,3.0,0.25,1.75,-1.5,-2.832873134328358,48.95444029850748
2022-05-11,2021-2022,Watford,Everton,1,0,0,6,16,0,5,5,12,1,13,1,0,1,1,0.3333333333333333,2.3333333333333335,0.0,1.25,-1.25,-1.462873134328358,47.49156716417912
2022-05-15,2021-2022,Watford,Leicester City,1,1,5,13,13,5,7,4,6,7,3,0,0,0,0,0.3333333333333333,2.3333333333333335,1.25,1.75,-0.5,-2.122873134328358,45.368694029850765
2022-05-22,2021-2022,Watford,Chelsea,0,1,2,8,19,3,8,9,9,3,3,0,0,0,0,0.3333333333333333,2.3333333333333335,0.75,2.0,-1.25,-2.302873134328358,43.06582089552241
2020-09-13,2020-2021,West Brom,Leicester City,1,0,3,7,13,1,7,12,9,2,5,1,0,0,1,0.0,3.0,0.25,1.75,-1.5,-2.6528731343283583,97.34712686567164
2020-09-19,2020-2021,West Brom,Everton,0,2,5,6,17,4,7,11,9,1,11,0,1,0,3,0.0,3.0,1.0,1.75,-0.75,-2.5928731343283578,94.75425373134328
2020-09-26,2020-2021,West Brom,Chelsea,1,3,3,9,22,3,10,8,16,3,9,1,0,1,1,0.3333333333333333,2.3333333333333335,0.75,2.5,-1.75,-1.5828731343283582,93.17138059701493
2020-10-04,2020-2021,West Brom,Southampton,0,0,2,5,13,2,7,10,19,1,5,1,0,0,1,0.3333333333333333,2.3333333333333335,0.5,1.75,-1.25,-2.362873134328358,90.80850746268656
2020-10-19,2020-2021,West Brom,Burnley,1,0,0,13,9,6,4,15,17,8,2,2,0,1,2,0.6666666666666666,1.6666666666666667,1.5,1.0,0.5,-0.8728731343283581,89.9356343283582
2020-10-26,2020-2021,West Brom,Brighton and Hove Albion,0,1,1,9,5,3,3,7,14,2,6,0,0,1,0,0.6666666666666666,1.6666666666666667,0.75,0.75,0.0,-0.8728731343283581,89.06276119402985
2020-11-02,2020-2021,West Brom,Fulham,0,0,2,10,13,1,6,11,13,2,5,2,0,0,2,0.6666666666666666,1.6666666666666667,0.25,1.5,-1.25,-2.1928731343283583,86.8698880597015
2020-11-08,2020-2021,West Brom,Tottenham Hotspur,1,0,1,12,19,2,5,17,12,9,6,1,0,0,1,0.3333333333333333,2.3333333333333335,0.5,1.25,-0.75,-2.242873134328358,84.62701492537313
2020-11-21,2020-2021,West Brom,Manchester United,0,0,1,7,17,2,7,17,12,2,8,1,0,0,1,0.0,3.0,0.5,1.75,-1.25,-2.592873134328358,82.03414179104477
2020-11-28,2020-2021,West Brom,Sheffield United,1,1,0,17,21,6,5,10,9,14,9,2,0,3,2,1.0,2.0,1.5,1.25,0.25,0.9771268656716419,83.01126865671642
2020-12-06,2020-2021,West Brom,Crystal Palace,1,1,5,9,18,4,6,10,16,4,6,2,1,0,5,1.0,2.0,1.0,1.5,-0.5,-2.082873134328358,80.92839552238806
2020-12-12,2020-2021,West Brom,Newcastle United,0,1,2,13,12,3,7,12,9,3,4,3,0,0,3,1.0,2.0,0.75,1.75,-1.0,-2.082873134328358,78.84552238805969
2020-12-15,2020-2021,West Brom,Manchester City,0,1,1,5,26,1,7,8,5,2,13,3,0,1,3,0.3333333333333333,2.3333333333333335,0.25,1.75,-1.5,-1.6428731343283582,77.20264925373134
2020-12-20,2020-2021,West Brom,Aston Villa,1,0,3,1,19,1,10,14,8,1,7,1,1,0,4,0.3333333333333333,2.3333333333333335,0.25,2.5,-2.25,-2.782873134328358,74.41977611940298
2020-12-27,2020-2021,West Brom,Liverpool,0,1,1,5,17,3,2,5,8,3,8,1,0,1,1,0.6666666666666666,1.6666666666666667,0.75,0.5,0.25,-0.8728731343283581,73.54690298507462
2020-12-29,2020-2021,West Brom,Leeds United,1,0,5,4,14,1,6,7,10,3,10,0,0,0,0,0.3333333333333333,2.3333333333333335,0.25,1.5,-1.25,-2.302873134328358,71.24402985074627
2021-01-02,2020-2021,West Brom,Arsenal,1,0,4,7,21,3,12,7,4,3,5,1,0,0,1,0.3333333333333333,2.3333333333333335,0.75,3.0,-2.25,-2.602873134328358,68.64115671641791
2021-01-16,2020-2021,West Brom,Wolverhampton Wanderers,0,3,2,12,23,5,6,14,10,0,11,1,0,3,1,1.0,2.0,1.25,1.5,-0.25,0.9171268656716418,69.55828358208954
2021-01-19,2020-2021,West Brom,West Ham United,0,1,2,6,14,2,6,10,10,1,3,1,0,0,1,1.0,2.0,0.5,1.5,-1.0,-1.9628731343283579,67.5954104477612
2021-01-26,2020-2021,West Brom,Manchester City,1,0,5,4,18,1,7,8,8,3,8,2,0,0,2,1.0,2.0,0.25,1.75,-1.5,-2.142873134328358,65.45253731343283
2021-01-30,2020-2021,West Brom,Fulham,1,2,2,5,12,3,7,9,10,2,3,1,0,1,1,0.3333333333333333,2.3333333333333335,0.75,1.75,-1.0,-1.402873134328358,64.04966417910447
2021-02-02,2020-2021,West Brom,Sheffield United,0,1,2,8,14,4,6,9,11,2,9,1,0,0,1,0.3333333333333333,2.3333333333333335,1.0,1.5,-0.5,-2.182873134328358,61.86679104477611
2021-02-07,2020-2021,West Brom,Tottenham Hotspur,0,0,2,4,13,1,6,12,16,0,8,2,0,0,2,0.3333333333333333,2.3333333333333335,0.25,1.5,-1.25,-2.4228731343283583,59.44391791044775
2021-02-14,2020-2021,West Brom,Manchester United,1,1,1,7,10,3,7,13,10,4,5,5,0,1,5,0.3333333333333333,2.3333333333333335,0.75,1.75,-1.0,-1.642873134328358,57.8010447761194
2021-02-20,2020-2021,West Brom,Burnley,0,0,0,10,6,3,1,10,16,5,5,0,1,1,3,0.6666666666666666,1.6666666666666667,0.75,0.25,0.5,-0.9328731343283582,56.86817164179104
2021-02-27,2020-2021,West Brom,Brighton and Hove Albion,1,1,0,6,15,2,6,11,12,7,4,0,0,3,0,1.6666666666666667,0.6666666666666666,0.5,1.5,-1.0,1.257126865671642,58.12529850746268
2021-03-04,2020-2021,West Brom,Everton,1,0,1,11,11,3,3,9,7,3,3,3,0,0,3,1.3333333333333333,1.3333333333333333,0.75,0.75,0.0,-1.612873134328358,56.51242537313432
2021-03-07,2020-2021,West Brom,Newcastle United,1,0,0,13,9,3,5,11,10,9,7,0,0,1,0,1.3333333333333333,1.3333333333333333,0.75,1.25,-0.5,-0.6528731343283581,55.85955223880596
2021-03-13,2020-2021,West Brom,Crystal Palace,0,0,1,12,6,1,4,15,16,2,3,1,0,0,1,0.3333333333333333,2.3333333333333335,0.25,1.0,-0.75,-2.242873134328358,53.616679104477605
2021-04-03,2020-2021,West Brom,Chelsea,0,5,2,14,18,7,8,6,11,3,10,1,0,3,1,1.3333333333333333,1.3333333333333333,1.75,2.0,-0.25,1.1471268656716418,54.76380597014925
2021-04-12,2020-2021,West Brom,Southampton,1,3,0,15,14,6,4,12,11,5,10,0,0,3,0,2.0,1.0,1.5,1.0,0.5,1.7271268656716419,56.49093283582089
2021-04-22,2020-2021,West Brom,Leicester City,0,0,3,4,17,1,7,12,13,3,7,2,0,0,2,2.0,1.0,0.25,1.75,-1.5,-1.5728731343283584,54.91805970149253
2021-04-25,2020-2021,West Brom,Aston Villa,0,2,2,10,24,4,11,9,14,4,11,2,0,1,2,1.3333333333333333,1.3333333333333333,1.0,2.75,-1.75,-1.0728731343283582,53.84518656716417
2021-05-03,2020-2021,West Brom,Wolverhampton Wanderers,1,1,1,10,20,4,10,17,11,5,6,2,0,1,2,0.6666666666666666,1.6666666666666667,1.0,2.5,-1.5,-1.352873134328358,52.492313432835815
2021-05-09,2020-2021,West Brom,Arsenal,0,1,3,12,15,1,7,9,7,6,6,2,0,0,2,0.6666666666666666,1.6666666666666667,0.25,1.75,-1.5,-2.2528731343283583,50.23944029850745
2021-05-16,2020-2021,West Brom,Liverpool,1,1,2,10,26,3,6,7,14,9,13,0,0,0,0,0.3333333333333333,2.3333333333333335,0.75,1.5,-0.75,-2.182873134328358,48.05656716417909
2021-05-19,2020-2021,West Brom,West Ham United,1,1,3,14,21,4,9,8,11,6,8,2,0,0,2,0.0,3.0,1.0,2.25,-1.25,-2.6528731343283583,45.40369402985073
2021-05-23,2020-2021,West Brom,Leeds United,0,1,3,14,17,5,9,12,12,3,8,1,0,0,1,0.0,3.0,1.25,2.25,-1.0,-2.5328731343283577,42.87082089552238
2020-09-12,2020-2021,West Ham United,Newcastle United,1,0,2,15,15,3,2,13,7,8,7,2,0,0,2,0.0,3.0,0.75,0.5,0.25,-2.292873134328358,102.70712686567164
2020-09-19,2020-2021,West Ham United,Arsenal,0,1,2,14,7,3,3,13,11,5,7,1,0,0,1,0.0,3.0,0.75,0.75,0.0,-2.292873134328358,100.41425373134328
2020-09-27,2020-2021,West Ham United,Wolverhampton Wanderers,1,4,0,15,11,7,2,7,11,1,3,0,0,3,0,1.0,2.0,1.75,0.5,1.25,1.337126865671642,101.75138059701493
2020-10-04,2020-2021,West Ham United,Leicester City,0,3,0,14,4,6,0,8,11,4,6,2,0,3,2,2.0,1.0,1.5,0.0,1.5,1.8471268656716417,103.59850746268657
2020-10-18,2020-2021,West Ham United,Tottenham Hotspur,0,3,3,13,11,4,6,12,13,7,3,5,0,1,5,2.3333333333333335,0.3333333333333333,1.0,1.5,-0.5,-0.38287313432835807,103.2156343283582
2020-10-24,2020-2021,West Ham United,Manchester City,1,1,1,6,14,2,7,14,6,2,10,2,0,1,2,1.6666666666666667,0.6666666666666666,0.5,1.75,-1.25,-0.722873134328358,102.49276119402985
2020-10-31,2020-2021,West Ham United,Liverpool,0,1,2,4,9,3,5,14,13,2,1,1,0,0,1,0.6666666666666666,1.6666666666666667,0.75,1.25,-0.5,-1.9528731343283583,100.5398880597015
2020-11-07,2020-2021,West Ham United,Fulham,1,1,0,16,13,7,3,10,9,9,5,2,0,3,2,1.3333333333333333,1.3333333333333333,1.75,0.75,1.0,1.3871268656716418,101.92701492537313
2020-11-22,2020-2021,West Ham United,Sheffield United,0,1,0,15,9,3,5,6,7,6,2,0,0,3,0,2.0,1.0,0.75,1.25,-0.5,1.4871268656716417,103.41414179104478
2020-11-30,2020-2021,West Ham United,Aston Villa,1,2,1,6,16,2,6,20,7,3,7,1,0,3,1,3.0,0.0,0.5,1.5,-1.0,1.8771268656716418,105.29126865671643
2020-12-05,2020-2021,West Ham United,Manchester United,1,1,3,19,15,6,6,9,10,5,4,0,0,0,0,2.0,1.0,1.5,1.5,0.0,-1.092873134328358,104.19839552238805
2020-12-11,2020-2021,West Ham United,Leeds United,0,2,1,19,13,8,7,10,12,6,5,2,0,3,2,2.0,1.0,2.0,1.75,0.25,1.5471268656716417,105.7455223880597
2020-12-16,2020-2021,West Ham United,Crystal Palace,1,1,1,9,8,2,2,8,12,5,3,0,0,1,0,1.3333333333333333,1.3333333333333333,0.5,0.5,0.0,-0.5328731343283581,105.21264925373134
2020-12-21,2020-2021,West Ham United,Chelsea,0,0,3,6,11,0,7,6,11,4,5,0,0,0,0,1.3333333333333333,1.3333333333333333,0.0,1.75,-1.75,-1.852873134328358,103.35977611940298
2020-12-27,2020-2021,West Ham United,Brighton and Hove Albion,1,2,2,11,13,4,4,6,8,5,4,0,0,1,0,0.6666666666666666,1.6666666666666667,1.0,1.0,0.0,-0.8728731343283581,102.48690298507464
2020-12-29,2020-2021,West Ham United,Southampton,0,0,0,8,8,3,3,15,16,3,4,1,0,1,1,0.6666666666666666,1.6666666666666667,0.75,0.75,0.0,-0.9328731343283582,101.55402985074628
2021-01-01,2020-2021,West Ham United,Everton,0,1,0,11,10,5,2,7,9,4,5,0,0,3,0,1.6666666666666667,0.6666666666666666,1.25,0.5,0.75,1.6771268656716418,103.23115671641791
2021-01-16,2020-2021,West Ham United,Burnley,1,1,0,15,10,4,2,12,9,7,4,2,0,3,2,2.3333333333333335,0.3333333333333333,1.0,0.5,0.5,1.8371268656716417,105.06828358208955
2021-01-19,2020-2021,West Ham United,West Brom,1,2,1,14,6,6,2,10,10,3,1,0,0,3,0,3.0,0.0,1.5,0.5,1.0,2.417126865671642,107.4854104477612
2021-01-26,2020-2021,West Ham United,Crystal Palace,0,3,2,17,6,7,3,8,9,4,3,0,0,3,0,3.0,0.0,1.75,0.75,1.0,2.417126865671642,109.90253731343284
2021-01-31,2020-2021,West Ham United,Liverpool,1,1,3,8,14,2,5,7,8,6,5,2,0,0,2,2.0,1.0,0.5,1.25,-0.75,-1.3928731343283582,108.50966417910448
2021-02-03,2020-2021,West Ham United,Aston Villa,0,3,1,20,9,10,2,15,11,3,7,1,0,3,1,2.0,1.0,2.5,0.5,2.0,2.0271268656716415,110.53679104477612
2021-02-06,2020-2021,West Ham United,Fulham,0,0,0,8,20,1,2,10,11,3,7,2,1,1,5,1.3333333333333333,1.3333333333333333,0.25,0.5,-0.25,-0.8928731343283581,109.64391791044777
2021-02-15,2020-2021,West Ham United,Sheffield United,1,3,0,13,8,9,5,11,12,7,7,0,0,3,0,2.3333333333333335,0.3333333333333333,2.25,1.25,1.0,2.0771268656716417,111.7210447761194
2021-02-21,2020-2021,West Ham United,Tottenham Hotspur,1,2,1,4,20,4,4,14,7,5,7,4,0,3,4,2.3333333333333335,0.3333333333333333,1.0,1.0,0.0,1.5971268656716417,113.31817164179105
2021-02-27,2020-2021,West Ham United,Manchester City,0,1,2,9,10,3,3,11,8,2,4,1,0,0,1,2.0,1.0,0.75,0.75,0.0,-1.152873134328358,112.1652985074627
2021-03-08,2020-2021,West Ham United,Leeds United,1,2,0,16,17,5,2,9,9,6,6,1,0,3,1,2.0,1.0,1.25,0.5,0.75,1.7271268656716416,113.89242537313433
2021-03-14,2020-2021,West Ham United,Manchester United,0,0,1,7,15,0,4,2,12,3,6,0,0,0,0,1.0,2.0,0.0,1.0,-1.0,-1.9028731343283578,111.98955223880597
2021-03-21,2020-2021,West Ham United,Arsenal,1,3,3,15,16,5,7,18,8,3,5,3,0,1,3,1.3333333333333333,1.3333333333333333,1.25,1.75,-0.5,-0.8328731343283582,111.15667910447762
2021-04-05,2020-2021,West Ham United,Wolverhampton Wanderers,0,3,2,9,20,6,5,9,9,2,4,4,0,3,4,1.3333333333333333,1.3333333333333333,1.5,1.25,0.25,1.087126865671642,112.24380597014925
2021-04-11,2020-2021,West Ham United,Leicester City,1,3,2,4,15,4,5,7,13,1,9,3,0,3,3,2.3333333333333335,0.3333333333333333,1.0,1.25,-0.25,1.5971268656716415,113.8409328358209
2021-04-17,2020-2021,West Ham United,Newcastle United,0,2,3,16,16,6,8,7,9,8,3,0,1,0,3,2.0,1.0,1.5,2.0,-0.5,-1.3928731343283582,112.44805970149254
2021-04-24,2020-2021,West Ham United,Chelsea,1,0,1,9,17,2,6,9,11,4,2,0,1,0,3,1.0,2.0,0.5,1.5,-1.0,-2.082873134328358,110.36518656716419
2021-05-03,2020-2021,West Ham United,Burnley,0,2,1,22,8,4,3,8,4,4,5,1,0,3,1,1.0,2.0,1.0,0.75,0.25,1.037126865671642,111.40231343283583
2021-05-09,2020-2021,West Ham United,Everton,1,0,1,11,9,0,3,8,10,5,6,2,0,0,2,1.0,2.0,0.0,0.75,-0.75,-1.9628731343283579,109.43944029850746
2021-05-15,2020-2021,West Ham United,Brighton and Hove Albion,0,1,1,15,10,3,2,5,7,3,3,1,0,1,1,1.3333333333333333,1.3333333333333333,0.75,0.5,0.25,-0.5328731343283581,108.90656716417911
2021-05-19,2020-2021,West Ham United,West Brom,0,3,1,21,14,9,4,11,8,8,6,2,0,3,2,1.3333333333333333,1.3333333333333333,2.25,1.0,1.25,1.4471268656716418,110.35369402985074
2021-05-23,2020-2021,West Ham United,Southampton,1,3,0,14,17,7,5,5,9,2,3,0,0,3,0,2.3333333333333335,0.3333333333333333,1.75,1.25,0.5,1.9571268656716418,112.3108208955224
2021-08-15,2021-2022,West Ham United,Newcastle United,0,4,2,8,17,9,3,3,4,6,7,0,0,3,0,3.0,0.0,2.25,0.75,1.5,2.5371268656716417,114.84794776119404
2021-08-23,2021-2022,West Ham United,Leicester City,1,4,1,13,5,7,1,8,8,10,0,0,0,3,0,3.0,0.0,1.75,0.25,1.5,2.5371268656716417,117.38507462686567
2021-08-28,2021-2022,West Ham United,Crystal Palace,1,2,2,14,9,4,2,10,7,5,3,1,0,1,1,2.3333333333333335,0.3333333333333333,1.0,0.5,0.5,0.09712686567164197,117.48220149253731
2021-09-11,2021-2022,West Ham United,Southampton,0,0,0,13,11,3,3,12,10,4,5,1,1,1,4,1.6666666666666667,0.6666666666666666,0.75,0.75,0.0,-0.542873134328358,116.93932835820895
2021-09-19,2021-2022,West Ham United,Manchester United,1,1,2,13,17,4,10,5,8,2,11,0,0,0,0,0.6666666666666666,1.6666666666666667,1.0,2.5,-1.5,-2.1328731343283582,114.8064552238806
2021-09-25,2021-2022,West Ham United,Leeds United,0,2,1,20,15,7,5,6,10,7,5,2,0,3,2,1.3333333333333333,1.3333333333333333,1.75,1.25,0.5,1.267126865671642,116.07358208955225
2021-10-03,2021-2022,West Ham United,Brentford,1,1,2,18,13,5,6,16,13,11,6,2,0,0,2,1.0,2.0,1.25,1.5,-0.25,-1.8428731343283582,114.23070895522389
2021-10-17,2021-2022,West Ham United,Everton,0,1,0,16,15,4,2,3,3,9,7,2,0,3,2,2.0,1.0,1.0,0.5,0.5,1.6071268656716418,115.83783582089552
2021-10-24,2021-2022,West Ham United,Tottenham Hotspur,1,1,0,13,7,4,4,11,4,2,4,2,0,3,2,2.0,1.0,1.0,1.0,0.0,1.4871268656716417,117.32496268656716
2021-10-31,2021-2022,West Ham United,Aston Villa,0,4,1,21,9,9,3,13,7,6,3,2,0,3,2,3.0,0.0,2.25,0.75,1.5,2.4171268656716416,119.74208955223881
2021-11-07,2021-2022,West Ham United,Liverpool,1,3,2,7,16,3,5,11,6,3,2,1,0,3,1,3.0,0.0,0.75,1.25,-0.5,1.9971268656716417,121.73921641791046
2021-11-20,2021-2022,West Ham United,Wolverhampton Wanderers,0,0,1,8,15,3,5,9,6,3,7,1,0,0,1,2.0,1.0,0.75,1.25,-0.5,-1.2728731343283581,120.46634328358209
2021-11-28,2021-2022,West Ham United,Manchester City,0,1,2,5,19,3,9,6,7,4,8,0,0,0,0,1.0,2.0,0.75,2.25,-1.5,-2.022873134328358,118.44347014925373
2021-12-01,2021-2022,West Ham United,Brighton and Hove Albion,1,1,1,14,9,6,3,10,8,9,5,1,0,1,1,0.3333333333333333,2.3333333333333335,1.5,0.75,0.75,-0.9828731343283581,117.46059701492537
2021-12-04,2021-2022,West Ham United,Chelsea,1,3,2,11,19,5,7,10,10,1,9,1,0,3,1,1.3333333333333333,1.3333333333333333,1.25,1.75,-0.5,1.0871268656716417,118.54772388059702
2021-12-12,2021-2022,West Ham United,Burnley,0,0,0,16,9,3,1,11,13,4,6,1,0,1,1,1.6666666666666667,0.6666666666666666,0.75,0.25,0.5,-0.24287313432835808,118.30485074626866
2021-12-15,2021-2022,West Ham United,Arsenal,0,0,2,7,21,1,8,9,8,2,5,0,1,0,3,1.3333333333333333,1.3333333333333333,0.25,2.0,-1.75,-2.032873134328358,116.2719776119403
2021-12-26,2021-2022,West Ham United,Southampton,1,2,3,11,11,5,6,10,9,10,2,2,0,0,2,0.3333333333333333,2.3333333333333335,1.25,1.5,-0.25,-2.182873134328358,114.08910447761194
2021-12-28,2021-2022,West Ham United,Watford,0,4,1,13,14,6,5,12,12,5,4,1,0,3,1,1.0,2.0,1.5,1.25,0.25,1.037126865671642,115.12623134328358
2022-01-01,2021-2022,West Ham United,Crystal Palace,0,3,2,10,22,5,6,16,6,1,9,2,0,3,2,2.0,1.0,1.25,1.5,-0.25,1.4271268656716416,116.55335820895522
2022-01-12,2021-2022,West Ham United,Norwich City,1,2,0,13,7,5,3,9,8,11,2,0,0,3,0,3.0,0.0,1.25,0.75,0.5,2.297126865671642,118.85048507462686
2022-01-16,2021-2022,West Ham United,Leeds United,1,2,3,15,18,5,5,6,9,4,3,3,0,0,3,2.0,1.0,1.25,1.25,0.0,-1.2728731343283581,117.57761194029851
2022-01-22,2021-2022,West Ham United,Manchester United,0,0,1,6,18,1,3,8,9,3,3,1,0,0,1,1.0,2.0,0.25,0.75,-0.5,-1.8428731343283582,115.73473880597015
2022-02-08,2021-2022,West Ham United,Watford,1,1,0,9,6,3,1,1,6,5,6,1,0,3,1,1.0,2.0,0.75,0.25,0.5,1.097126865671642,116.8318656716418
2022-02-13,2021-2022,West Ham United,Leicester City,0,2,2,8,13,3,2,9,10,4,5,2,0,1,2,1.3333333333333333,1.3333333333333333,0.75,0.5,0.25,-0.5928731343283581,116.23899253731344
2022-02-19,2021-2022,West Ham United,Newcastle United,1,1,1,11,14,3,3,3,7,3,7,3,0,1,3,1.6666666666666667,0.6666666666666666,0.75,0.75,0.0,-0.4828731343283581,115.75611940298508
2022-02-27,2021-2022,West Ham United,Wolverhampton Wanderers,1,1,0,13,14,4,1,8,2,3,5,1,0,3,1,1.6666666666666667,0.6666666666666666,1.0,0.25,0.75,1.6171268656716418,117.37324626865671
2022-03-05,2021-2022,West Ham United,Liverpool,0,0,1,13,22,5,5,7,7,6,4,1,0,0,1,1.3333333333333333,1.3333333333333333,1.25,1.25,0.0,-1.492873134328358,115.88037313432837
2022-03-13,2021-2022,West Ham United,Aston Villa,1,2,1,11,13,4,7,9,3,5,7,1,0,3,1,2.0,1.0,1.0,1.75,-0.75,1.3671268656716418,117.2475
2022-03-20,2021-2022,West Ham United,Tottenham Hotspur,0,1,3,6,17,1,4,7,7,3,5,1,0,0,1,1.0,2.0,0.25,1.0,-0.75,-1.9028731343283578,115.34462686567164
2022-04-03,2021-2022,West Ham United,Everton,1,2,1,11,13,5,2,9,12,2,4,1,0,3,1,2.0,1.0,1.25,0.5,0.75,1.7271268656716416,117.07175373134328
2022-04-10,2021-2022,West Ham United,Brentford,0,0,2,5,15,1,7,6,2,6,4,1,0,0,1,1.0,2.0,0.25,1.75,-1.5,-2.082873134328358,114.98888059701493
2022-04-17,2021-2022,West Ham United,Burnley,1,1,1,21,9,8,1,9,10,13,4,2,0,1,2,1.3333333333333333,1.3333333333333333,2.0,0.25,1.75,-0.2328731343283581,114.75600746268657
2022-04-24,2021-2022,West Ham United,Chelsea,0,0,1,6,26,2,5,9,11,1,3,0,1,0,3,0.3333333333333333,2.3333333333333335,0.5,1.25,-0.75,-2.3628731343283578,112.39313432835822
2022-05-01,2021-2022,West Ham United,Arsenal,1,1,2,8,13,3,7,8,9,3,7,2,0,0,2,0.3333333333333333,2.3333333333333335,0.75,1.75,-1.0,-2.362873134328358,110.03026119402986
2022-05-08,2021-2022,West Ham United,Norwich City,0,4,0,13,8,5,2,7,7,5,9,1,0,3,1,1.0,2.0,1.25,0.5,0.75,1.1571268656716418,111.18738805970149
2022-05-15,2021-2022,West Ham United,Manchester City,1,2,2,6,31,2,8,9,5,4,9,3,0,1,3,1.3333333333333333,1.3333333333333333,0.5,2.0,-1.5,-1.0728731343283582,110.11451492537314
2022-05-22,2021-2022,West Ham United,Brighton and Hove Albion,0,1,3,7,18,2,7,9,9,6,5,1,0,0,1,1.3333333333333333,1.3333333333333333,0.5,1.75,-1.25,-1.7928731343283582,108.32164179104478
2022-08-07,2022-2023,West Ham United,Manchester City,1,0,2,6,14,1,2,8,4,1,4,0,0,0,0,0.3333333333333333,2.3333333333333335,0.25,0.5,-0.25,-2.062873134328358,106.25876865671643
2022-08-14,2022-2023,West Ham United,Nottingham Forest,0,0,1,19,13,5,6,11,10,7,6,1,0,0,1,0.0,3.0,1.25,1.5,-0.25,-2.352873134328358,103.90589552238806
2022-08-21,2022-2023,West Ham United,Brighton and Hove Albion,1,0,2,13,11,3,2,10,7,5,4,2,0,0,2,0.0,3.0,0.75,0.5,0.25,-2.292873134328358,101.6130223880597
2022-08-28,2022-2023,West Ham United,Aston Villa,0,1,0,7,9,2,3,10,10,2,3,0,0,3,0,1.0,2.0,0.5,0.75,-0.25,0.9771268656716419,102.59014925373134
2022-08-31,2022-2023,West Ham United,Tottenham Hotspur,1,1,1,14,13,4,4,10,9,3,4,2,0,1,2,1.3333333333333333,1.3333333333333333,1.0,1.0,0.0,-0.6528731343283581,101.937276119403
2022-09-03,2022-2023,West Ham United,Chelsea,0,1,2,6,8,3,3,11,6,3,10,2,0,0,2,1.3333333333333333,1.3333333333333333,0.75,0.75,0.0,-1.5528731343283582,100.38440298507463
2022-09-18,2022-2023,West Ham United,Everton,0,0,1,14,7,4,2,11,8,14,5,1,0,0,1,0.3333333333333333,2.3333333333333335,1.0,0.5,0.5,-1.942873134328358,98.44152985074628
2022-10-01,2022-2023,West Ham United,Wolverhampton Wanderers,1,2,0,18,15,5,4,8,6,1,6,2,0,3,2,1.0,2.0,1.25,1.0,0.25,0.9771268656716419,99.41865671641791
2022-10-09,2022-2023,West Ham United,Fulham,1,3,1,17,8,8,2,9,7,4,2,1,0,3,1,2.0,1.0,2.0,0.5,1.5,1.9071268656716418,101.32578358208956
2022-10-16,2022-2023,West Ham United,Southampton,0,1,1,25,10,4,8,3,7,14,4,1,0,1,1,2.3333333333333335,0.3333333333333333,1.0,2.0,-1.0,-0.262873134328358,101.0629104477612
2022-10-19,2022-2023,West Ham United,Liverpool,0,0,1,8,22,3,7,8,9,3,8,0,0,0,0,1.3333333333333333,1.3333333333333333,0.75,1.75,-1.0,-1.672873134328358,99.39003731343284
2022-10-24,2022-2023,West Ham United,Bournemouth,1,2,0,20,5,4,3,9,11,5,0,0,0,3,0,1.3333333333333333,1.3333333333333333,1.0,0.75,0.25,1.327126865671642,100.71716417910449
2022-10-30,2022-2023,West Ham United,Manchester United,0,0,1,13,16,5,3,10,12,10,5,3,0,0,3,1.0,2.0,1.25,0.75,0.5,-1.7228731343283579,98.99429104477612
2022-11-06,2022-2023,West Ham United,Crystal Palace,1,1,2,5,15,2,6,10,7,2,5,1,0,0,1,1.0,2.0,0.5,1.5,-1.0,-1.9628731343283579,97.03141791044777
2022-11-12,2022-2023,West Ham United,Leicester City,1,0,2,18,9,6,6,9,8,7,2,3,0,0,3,0.0,3.0,1.5,1.5,0.0,-2.412873134328358,94.6185447761194
2022-12-26,2022-2023,West Ham United,Arsenal,0,1,3,8,16,4,5,17,13,5,7,2,0,0,2,0.0,3.0,1.0,1.25,-0.25,-2.412873134328358,92.20567164179106
2022-12-30,2022-2023,West Ham United,Brentford,1,0,2,20,9,5,6,9,5,8,1,1,0,0,1,0.0,3.0,1.25,1.5,-0.25,-2.352873134328358,89.8527985074627
2023-01-04,2022-2023,West Ham United,Leeds United,0,2,2,15,14,2,6,18,11,1,8,1,0,1,1,0.3333333333333333,2.3333333333333335,0.5,1.5,-1.0,-1.402873134328358,88.44992537313433
2023-01-14,2022-2023,West Ham United,Wolverhampton Wanderers,0,0,1,16,17,4,4,7,10,3,4,2,0,0,2,0.3333333333333333,2.3333333333333335,1.0,1.0,0.0,-2.122873134328358,86.32705223880598
2023-01-21,2022-2023,West Ham United,Everton,1,2,0,11,5,4,2,9,6,4,9,1,0,3,1,1.3333333333333333,1.3333333333333333,1.0,0.5,0.5,1.327126865671642,87.65417910447762
2023-02-04,2022-2023,West Ham United,Newcastle United,0,1,1,10,8,1,2,13,11,2,4,1,0,1,1,1.3333333333333333,1.3333333333333333,0.25,0.5,-0.25,-0.6528731343283581,87.00130597014926
2023-02-11,2022-2023,West Ham United,Chelsea,1,1,1,10,12,2,4,9,11,5,6,1,0,1,1,1.6666666666666667,0.6666666666666666,0.5,1.0,-0.5,-0.482873134328358,86.5184328358209
2023-02-19,2022-2023,West Ham United,Tottenham Hotspur,0,0,2,6,16,1,6,10,16,7,4,1,0,0,1,0.6666666666666666,1.6666666666666667,0.25,1.5,-1.25,-2.1328731343283582,84.38555970149254
2023-02-25,2022-2023,West Ham United,Nottingham Forest,1,4,0,18,8,5,3,8,5,12,3,0,0,3,0,1.3333333333333333,1.3333333333333333,1.25,0.75,0.5,1.387126865671642,85.77268656716419
2023-03-04,2022-2023,West Ham United,Brighton and Hove Albion,0,0,4,3,20,2,9,8,6,3,7,3,0,0,3,1.0,2.0,0.5,2.25,-1.75,-2.262873134328358,83.50981343283583
2023-03-12,2022-2023,West Ham United,Aston Villa,1,1,1,17,12,6,4,8,6,13,2,1,0,1,1,1.3333333333333333,1.3333333333333333,1.5,1.0,0.5,-0.4728731343283581,83.03694029850746
2023-04-02,2022-2023,West Ham United,Southampton,1,1,0,12,9,2,3,10,11,5,3,0,0,3,0,1.3333333333333333,1.3333333333333333,0.5,0.75,-0.25,1.2071268656716418,84.24406716417911
2023-04-05,2022-2023,West Ham United,Newcastle United,1,1,5,7,15,2,8,11,12,7,6,2,0,0,2,1.3333333333333333,1.3333333333333333,0.5,2.0,-1.5,-1.912873134328358,82.33119402985075
2023-04-08,2022-2023,West Ham United,Fulham,0,1,0,9,16,5,3,12,10,4,11,1,0,3,1,2.0,1.0,1.25,0.75,0.5,1.6671268656716418,83.9983208955224
2023-04-16,2022-2023,West Ham United,Arsenal,1,2,2,16,11,3,5,11,8,7,2,1,0,1,1,1.3333333333333333,1.3333333333333333,0.75,1.25,-0.5,-0.7128731343283582,83.28544776119404
2023-04-23,2022-2023,West Ham United,Bournemouth,0,4,0,18,17,10,5,8,7,5,8,2,0,3,2,2.3333333333333335,0.3333333333333333,2.5,1.25,1.25,2.0171268656716417,85.30257462686568
2023-04-26,2022-2023,West Ham United,Liverpool,1,1,2,7,20,2,4,6,8,3,6,0,0,0,0,1.3333333333333333,1.3333333333333333,0.5,1.0,-0.5,-1.5528731343283582,83.74970149253733
2023-04-29,2022-2023,West Ham United,Crystal Palace,0,3,4,8,16,4,6,17,9,5,8,2,0,0,2,1.0,2.0,1.0,1.5,-0.5,-1.9028731343283583,81.84682835820897
2023-05-03,2022-2023,West Ham United,Manchester City,0,0,3,6,16,2,7,8,8,3,6,1,0,0,1,0.0,3.0,0.5,1.75,-1.25,-2.592873134328358,79.25395522388061
2023-05-07,2022-2023,West Ham United,Manchester United,1,1,0,15,19,4,4,4,9,5,6,0,0,3,0,1.0,2.0,1.0,1.0,0.0,1.037126865671642,80.29108208955225
2023-05-14,2022-2023,West Ham United,Brentford,0,0,2,4,24,4,10,5,5,5,7,0,0,0,0,1.0,2.0,1.0,2.5,-1.5,-2.022873134328358,78.26820895522388
2023-05-21,2022-2023,West Ham United,Leeds United,1,3,1,19,12,9,3,6,11,9,5,1,0,3,1,2.0,1.0,2.25,0.75,1.5,1.9071268656716418,80.17533582089553
2023-05-28,2022-2023,West Ham United,Leicester City,0,1,2,16,13,3,4,10,8,5,3,1,0,0,1,1.0,2.0,0.75,1.0,-0.25,-1.7828731343283581,78.39246268656717
2023-08-12,2023-2024,West Ham United,Bournemouth,0,1,1,16,14,3,5,14,9,4,10,4,0,1,4,1.3333333333333333,1.3333333333333333,0.75,1.25,-0.5,-0.8928731343283581,77.49958955223882
2023-08-20,2023-2024,West Ham United,Chelsea,1,3,1,12,17,6,4,12,9,3,9,2,1,3,5,1.3333333333333333,1.3333333333333333,1.5,1.0,0.5,1.087126865671642,78.58671641791045
2023-08-26,2023-2024,West Ham United,Brighton and Hove Albion,0,3,1,12,25,3,10,9,10,4,17,3,0,3,3,2.3333333333333335,0.3333333333333333,0.75,2.5,-1.75,1.2371268656716417,79.8238432835821
2023-09-01,2023-2024,West Ham United,Luton Town,0,2,1,9,16,3,1,13,8,6,9,1,0,3,1,3.0,0.0,0.75,0.25,0.5,2.237126865671642,82.06097014925373
2023-09-16,2023-2024,West Ham United,Manchester City,1,1,3,6,29,3,15,7,11,4,11,3,0,0,3,2.0,1.0,0.75,3.75,-3.0,-1.992873134328358,80.06809701492537
2023-09-24,2023-2024,West Ham United,Liverpool,0,1,3,11,22,4,7,13,12,4,7,2,0,0,2,1.0,2.0,1.0,1.75,-0.75,-1.9628731343283579,78.10522388059702
2023-09-30,2023-2024,West Ham United,Sheffield United,1,2,0,20,16,9,2,6,9,7,4,1,0,3,1,1.0,2.0,2.25,0.5,1.75,1.397126865671642,79.50235074626866
2023-10-08,2023-2024,West Ham United,Newcastle United,1,2,2,5,10,3,3,11,18,4,2,3,0,1,3,1.3333333333333333,1.3333333333333333,0.75,0.75,0.0,-0.7128731343283582,78.7894776119403
2023-10-22,2023-2024,West Ham United,Aston Villa,0,1,4,14,15,4,7,15,9,7,8,1,0,0,1,1.3333333333333333,1.3333333333333333,1.0,1.75,-0.75,-1.672873134328358,77.11660447761194
2023-10-29,2023-2024,West Ham United,Everton,1,0,1,12,10,2,4,7,11,4,3,4,0,0,4,0.3333333333333333,2.3333333333333335,0.5,1.0,-0.5,-2.362873134328358,74.75373134328359
2023-11-04,2023-2024,West Ham United,Brentford,0,2,3,12,16,2,4,14,12,3,4,4,0,0,4,0.0,3.0,0.5,1.0,-0.5,-2.592873134328358,72.16085820895523
2023-11-12,2023-2024,West Ham United,Nottingham Forest,1,3,2,16,10,6,5,9,12,9,4,2,0,3,2,1.0,2.0,1.5,1.25,0.25,0.9771268656716419,73.13798507462687
2023-11-25,2023-2024,West Ham United,Burnley,0,2,1,11,11,3,5,7,11,5,4,3,0,3,3,2.0,1.0,0.75,1.25,-0.5,1.3071268656716417,74.44511194029852
2023-12-03,2023-2024,West Ham United,Crystal Palace,1,1,1,9,9,3,2,17,7,2,3,2,0,1,2,2.3333333333333335,0.3333333333333333,0.75,0.5,0.25,-0.022873134328358028,74.42223880597015
2023-12-07,2023-2024,West Ham United,Tottenham Hotspur,0,2,1,11,23,5,7,12,11,4,8,3,0,3,3,2.3333333333333335,0.3333333333333333,1.25,1.75,-0.5,1.5371268656716417,75.95936567164179
2023-12-10,2023-2024,West Ham United,Fulham,0,0,5,9,14,5,8,10,5,6,3,1,0,0,1,1.3333333333333333,1.3333333333333333,1.25,2.0,-0.75,-1.672873134328358,74.28649253731344
2023-12-17,2023-2024,West Ham United,Wolverhampton Wanderers,1,3,0,13,14,4,3,12,15,6,6,3,0,3,3,2.0,1.0,1.0,0.75,0.25,1.4871268656716417,75.77361940298508
2023-12-23,2023-2024,West Ham United,Manchester United,1,2,0,12,11,5,3,13,15,4,4,2,0,3,2,2.0,1.0,1.25,0.75,0.5,1.6071268656716418,77.38074626865672
2023-12-28,2023-2024,West Ham United,Arsenal,0,2,0,6,30,3,8,8,8,3,10,0,0,3,0,3.0,0.0,0.75,2.0,-1.25,1.8771268656716418,79.25787313432836
2024-01-02,2023-2024,West Ham United,Brighton and Hove Albion,1,0,0,6,22,2,8,4,6,2,0,1,0,1,1,2.3333333333333335,0.3333333333333333,0.5,2.0,-1.5,-0.38287313432835807,78.875
2024-01-21,2023-2024,West Ham United,Sheffield United,0,2,2,16,21,5,6,10,11,1,4,1,1,1,4,1.6666666666666667,0.6666666666666666,1.25,1.5,-0.25,-0.6028731343283581,78.27212686567165
2024-02-01,2023-2024,West Ham United,Bournemouth,1,1,1,9,9,3,4,13,11,1,5,1,0,1,1,1.0,1.0,0.75,1.0,-0.25,-0.762873134328358,77.50925373134328
2024-02-04,2023-2024,West Ham United,Manchester United,0,0,3,22,12,3,5,5,10,8,5,1,0,0,1,0.6666666666666666,1.6666666666666667,0.75,1.25,-0.5,-1.9528731343283583,75.55638059701494
2024-02-11,2023-2024,West Ham United,Arsenal,1,0,6,5,25,1,12,17,11,2,6,4,0,0,4,0.3333333333333333,2.3333333333333335,0.25,3.0,-2.75,-2.9028731343283583,72.65350746268658
2024-02-17,2023-2024,West Ham United,Nottingham Forest,0,0,2,10,19,3,8,15,13,3,5,4,1,0,7,0.0,3.0,0.75,2.0,-1.25,-2.9528731343283585,69.7006343283582
2024-02-26,2023-2024,West Ham United,Brentford,1,4,2,17,14,6,8,5,9,1,7,1,0,3,1,1.0,2.0,1.5,2.0,-0.5,0.8571268656716418,70.55776119402985
2024-03-02,2023-2024,West Ham United,Everton,0,3,1,12,22,5,11,6,9,5,4,2,0,3,2,2.0,1.0,1.25,2.75,-1.5,1.1271268656716418,71.68488805970149
2024-03-10,2023-2024,West Ham United,Burnley,1,2,2,22,11,4,4,11,18,4,4,2,0,1,2,2.3333333333333335,0.3333333333333333,1.0,1.0,0.0,-0.08287313432835802,71.60201492537314
2024-03-17,2023-2024,West Ham United,Aston Villa,1,1,1,13,13,5,5,13,12,7,11,3,0,1,3,1.6666666666666667,0.6666666666666666,1.25,1.25,0.0,-0.4828731343283581,71.11914179104477
2024-03-30,2023-2024,West Ham United,Newcastle United,0,3,4,10,24,4,9,8,9,4,3,1,0,0,1,0.6666666666666666,1.6666666666666667,1.0,2.25,-1.25,-2.1328731343283582,68.98626865671642
2024-04-02,2023-2024,West Ham United,Tottenham Hotspur,1,1,1,11,13,4,4,13,9,9,5,1,0,1,1,0.6666666666666666,1.6666666666666667,1.0,1.0,0.0,-0.9328731343283582,68.05339552238806
2024-04-06,2023-2024,West Ham United,Wolverhampton Wanderers,0,2,1,11,14,4,7,7,15,4,4,2,0,3,2,1.3333333333333333,1.3333333333333333,1.0,1.75,-0.75,0.9671268656716421,69.0205223880597
2024-04-14,2023-2024,West Ham United,Fulham,1,0,2,15,18,4,10,6,13,8,3,1,0,0,1,1.3333333333333333,1.3333333333333333,1.0,2.5,-1.5,-1.852873134328358,67.16764925373135
2024-04-21,2023-2024,West Ham United,Crystal Palace,0,2,5,4,18,1,7,9,9,0,4,2,0,0,2,1.0,2.0,0.25,1.75,-1.5,-2.142873134328358,65.02477611940299
2024-04-27,2023-2024,West Ham United,Liverpool,1,2,2,11,28,8,8,8,10,5,8,0,0,1,0,0.3333333333333333,2.3333333333333335,2.0,2.0,0.0,-1.1028731343283582,63.92190298507463
2024-05-05,2023-2024,West Ham United,Chelsea,0,0,5,13,25,2,14,10,12,6,8,3,0,0,3,0.3333333333333333,2.3333333333333335,0.5,3.5,-3.0,-2.9028731343283583,61.01902985074627
2024-05-11,2023-2024,West Ham United,Luton Town,1,3,1,24,4,8,1,9,15,7,6,1,0,3,1,1.3333333333333333,1.3333333333333333,2.0,0.25,1.75,1.627126865671642,62.64615671641791
2024-05-19,2023-2024,West Ham United,Manchester City,0,1,3,3,28,2,12,12,3,2,11,1,0,0,1,1.0,2.0,0.5,3.0,-2.5,-2.322873134328358,60.32328358208955
2024-08-17,2024-2025,West Ham United,Aston Villa,1,1,2,14,15,3,3,18,11,5,3,1,0,0,1,1.0,2.0,0.75,0.75,0.0,-1.722873134328358,58.60041044776119
2024-08-24,2024-2025,West Ham United,Crystal Palace,0,2,0,18,14,3,2,17,9,3,3,1,0,3,1,1.0,2.0,0.75,0.5,0.25,1.037126865671642,59.63753731343284
2024-08-31,2024-2025,West Ham United,Manchester City,1,1,3,10,23,2,8,10,3,3,11,3,0,0,3,1.0,2.0,0.5,2.0,-1.5,-2.202873134328358,57.43466417910448
2024-09-14,2024-2025,West Ham United,Fulham,0,1,1,11,21,3,5,18,15,2,3,3,0,1,3,1.3333333333333333,1.3333333333333333,0.75,1.25,-0.5,-0.8328731343283582,56.60179104477612
2024-09-21,2024-2025,West Ham United,Chelsea,1,0,3,15,12,7,5,17,9,6,5,5,0,0,5,0.3333333333333333,2.3333333333333335,1.75,1.25,0.5,-2.182873134328358,54.41891791044776
2024-09-28,2024-2025,West Ham United,Brentford,0,1,1,19,8,3,3,11,2,7,7,3,0,1,3,0.6666666666666666,1.6666666666666667,0.75,0.75,0.0,-1.052873134328358,53.3660447761194
2024-10-05,2024-2025,West Ham United,Ipswich Town,1,4,1,23,9,13,2,12,6,5,5,0,0,3,0,1.3333333333333333,1.3333333333333333,3.25,0.5,2.75,1.9271268656716418,55.29317164179104
2024-10-19,2024-2025,West Ham United,Tottenham Hotspur,0,1,4,11,22,4,7,15,10,5,13,3,1,0,6,1.3333333333333333,1.3333333333333333,1.0,1.75,-0.75,-1.9728731343283579,53.32029850746268
2024-10-27,2024-2025,West Ham United,Manchester United,1,2,1,12,18,3,5,6,7,6,5,5,0,3,5,2.0,1.0,0.75,1.25,-0.5,1.1871268656716418,54.507425373134325
2024-11-02,2024-2025,West Ham United,Nottingham Forest,0,0,3,4,19,2,6,9,7,6,11,2,1,0,5,1.0,2.0,0.5,1.5,-1.0,-2.202873134328358,52.30455223880597
2024-11-09,2024-2025,West Ham United,Everton,1,0,0,11,18,6,4,10,9,7,6,1,0,1,1,1.3333333333333333,1.3333333333333333,1.5,1.0,0.5,-0.4728731343283581,51.83167910447761
2024-11-25,2024-2025,West Ham United,Newcastle United,0,2,0,15,18,6,2,8,11,3,8,0,0,3,0,1.3333333333333333,1.3333333333333333,1.5,0.5,1.0,1.507126865671642,53.33880597014925
2024-11-30,2024-2025,West Ham United,Arsenal,1,2,5,12,16,5,7,10,13,2,10,4,0,0,4,1.3333333333333333,1.3333333333333333,1.25,1.75,-0.5,-1.7928731343283582,51.54593283582089
2024-12-03,2024-2025,West Ham United,Leicester City,0,1,3,31,8,10,6,7,9,9,3,2,0,0,2,1.0,2.0,2.5,1.5,1.0,-1.5428731343283582,50.00305970149253
2024-12-09,2024-2025,West Ham United,Wolverhampton Wanderers,1,2,1,19,19,4,5,12,17,11,0,5,0,3,5,1.0,2.0,1.0,1.25,-0.25,0.6771268656716419,50.68018656716417
2024-12-16,2024-2025,West Ham United,Bournemouth,0,1,1,16,29,3,9,11,6,6,12,2,0,1,2,1.3333333333333333,1.3333333333333333,0.75,2.25,-1.5,-1.0128731343283581,49.66731343283581
2024-12-21,2024-2025,West Ham United,Brighton and Hove Albion,1,1,1,11,12,4,6,14,20,8,4,2,0,1,2,1.6666666666666667,0.6666666666666666,1.0,1.5,-0.5,-0.542873134328358,49.12444029850745
2024-12-26,2024-2025,West Ham United,Southampton,0,1,0,16,18,2,5,8,15,2,2,2,0,3,2,1.6666666666666667,0.6666666666666666,0.5,1.25,-0.75,1.1971268656716418,50.32156716417909
2024-12-29,2024-2025,West Ham United,Liverpool,1,0,5,7,22,0,13,7,10,3,6,0,0,0,0,1.3333333333333333,1.3333333333333333,0.0,3.25,-3.25,-2.212873134328358,48.10869402985074
2025-01-04,2024-2025,West Ham United,Manchester City,0,1,4,17,10,4,7,13,8,1,7,1,0,0,1,1.0,2.0,1.0,1.75,-0.75,-1.9028731343283578,46.20582089552238
2025-01-14,2024-2025,West Ham United,Fulham,1,3,2,4,21,3,5,9,18,0,3,3,0,3,3,1.0,2.0,0.75,1.25,-0.5,0.737126865671642,46.94294776119402
2025-01-18,2024-2025,West Ham United,Crystal Palace,1,0,2,7,12,0,7,13,10,2,4,1,1,0,4,1.0,2.0,0.0,1.75,-1.75,-2.322873134328358,44.62007462686566
2025-01-26,2024-2025,West Ham United,Aston Villa,0,1,1,14,14,4,4,16,13,3,4,3,0,1,3,1.3333333333333333,1.3333333333333333,1.0,1.0,0.0,-0.7128731343283582,43.907201492537304
2025-02-03,2024-2025,West Ham United,Chelsea,0,1,2,14,22,5,3,10,11,3,4,1,0,0,1,0.3333333333333333,2.3333333333333335,1.25,0.75,0.5,-1.942873134328358,41.964328358208945
2025-02-15,2024-2025,West Ham United,Brentford,1,0,1,13,14,3,5,10,13,9,2,1,0,0,1,0.3333333333333333,2.3333333333333335,0.75,1.25,-0.5,-2.182873134328358,39.781455223880585
2025-02-22,2024-2025,West Ham United,Arsenal,0,1,0,5,20,2,2,15,16,0,2,3,0,3,3,1.0,2.0,0.5,0.5,0.0,0.8571268656716418,40.63858208955223
2025-02-27,2024-2025,West Ham United,Leicester City,1,2,0,8,10,2,2,12,6,3,3,0,0,3,0,2.0,1.0,0.5,0.5,0.0,1.6071268656716418,42.24570895522387
2025-03-10,2024-2025,West Ham United,Newcastle United,1,0,1,9,9,2,3,7,15,3,4,0,0,0,0,2.0,1.0,0.5,0.75,-0.25,-1.152873134328358,41.09283582089551
2025-03-15,2024-2025,West Ham United,Everton,0,1,1,10,13,5,5,8,12,5,6,2,0,1,2,1.3333333333333333,1.3333333333333333,1.25,1.25,0.0,-0.6528731343283581,40.439962686567156
2025-04-01,2024-2025,West Ham United,Wolverhampton Wanderers,0,0,1,10,9,1,2,12,16,2,1,2,0,0,2,0.3333333333333333,2.3333333333333335,0.25,0.5,-0.25,-2.182873134328358,38.257089552238796
2025-04-05,2024-2025,West Ham United,Bournemouth,1,2,2,9,11,3,4,13,13,4,7,2,0,1,2,0.6666666666666666,1.6666666666666667,0.75,1.0,-0.25,-1.052873134328358,37.204216417910445
2025-04-13,2024-2025,West Ham United,Liverpool,0,1,2,11,15,4,6,8,15,3,10,2,0,0,2,0.3333333333333333,2.3333333333333335,1.0,1.5,-0.5,-2.242873134328358,34.96134328358208
2025-04-19,2024-2025,West Ham United,Southampton,1,1,1,12,15,4,4,14,13,2,5,2,0,1,2,0.6666666666666666,1.6666666666666667,1.0,1.0,0.0,-0.992873134328358,33.96847014925372
2025-04-26,2024-2025,West Ham United,Brighton and Hove Albion,0,2,3,12,16,4,9,9,7,1,8,1,0,0,1,0.3333333333333333,2.3333333333333335,1.0,2.25,-1.25,-2.362873134328358,31.605597014925365
2025-05-04,2024-2025,West Ham United,Tottenham Hotspur,1,1,1,11,7,2,2,18,15,1,3,2,0,1,2,0.6666666666666666,1.6666666666666667,0.5,0.5,0.0,-0.992873134328358,30.612723880597002
2025-05-11,2024-2025,West Ham United,Manchester United,0,2,0,9,20,4,5,13,3,5,8,1,0,3,1,1.3333333333333333,1.3333333333333333,1.0,1.25,-0.25,1.1471268656716418,31.75985074626864
2025-05-18,2024-2025,West Ham United,Nottingham Forest,1,1,2,16,10,5,5,14,7,8,7,6,0,0,6,1.3333333333333333,1.3333333333333333,1.25,1.25,0.0,-1.7928731343283582,29.96697761194028
2025-05-25,2024-2025,West Ham United,Ipswich Town,0,3,1,10,14,6,4,9,10,0,4,1,0,3,1,2.0,1.0,1.5,1.0,0.5,1.6671268656716418,31.634104477611928
2025-08-16,2025-2026,West Ham United,Sunderland,0,0,3,12,10,4,5,10,8,7,5,1,0,0,1,1.0,2.0,1.0,1.25,-0.25,-1.7828731343283581,29.851231343283573
2025-08-22,2025-2026,West Ham United,Chelsea,1,1,5,12,12,4,7,7,10,7,5,0,0,0,0,1.0,2.0,1.0,1.75,-0.75,-1.8428731343283578,28.008358208955215
2025-08-31,2025-2026,West Ham United,Nottingham Forest,0,3,0,12,11,8,3,6,14,7,9,0,0,3,0,1.0,2.0,2.0,0.75,1.25,1.337126865671642,29.34548507462685
2025-09-13,2025-2026,West Ham United,Tottenham Hotspur,1,0,3,7,14,4,5,8,7,2,13,0,1,0,3,1.0,2.0,1.0,1.25,-0.25,-1.9028731343283583,27.44261194029849
2025-09-20,2025-2026,West Ham United,Crystal Palace,1,1,2,8,18,3,3,15,5,8,8,3,0,0,3,1.0,2.0,0.75,0.75,0.0,-1.8428731343283578,25.599738805970134
2025-09-29,2025-2026,West Ham United,Everton,0,1,1,14,12,3,6,16,7,5,3,4,0,1,4,0.3333333333333333,2.3333333333333335,0.75,1.5,-0.75,-1.5228731343283581,24.07686567164177
2025-10-04,2025-2026,West Ham United,Arsenal,0,0,2,4,21,0,5,14,14,3,8,2,0,0,2,0.3333333333333333,2.3333333333333335,0.0,1.25,-1.25,-2.4228731343283583,21.653992537313414
2025-10-20,2025-2026,West Ham United,Brentford,1,0,2,7,22,1,7,10,10,6,10,1,0,0,1,0.3333333333333333,2.3333333333333335,0.25,1.75,-1.5,-2.4228731343283583,19.23111940298506
2025-10-24,2025-2026,West Ham United,Leeds United,0,1,2,9,13,3,5,11,12,4,3,3,0,0,3,0.0,3.0,0.75,1.25,-0.5,-2.5328731343283577,16.698246268656703
2025-11-02,2025-2026,West Ham United,Newcastle United,1,3,1,15,12,9,4,5,10,7,6,1,0,3,1,1.0,2.0,2.25,1.0,1.25,1.277126865671642,17.97537313432835
2025-11-08,2025-2026,West Ham United,Burnley,1,3,2,15,16,6,7,15,13,7,4,2,0,3,2,2.0,1.0,1.5,1.75,-0.25,1.4271268656716416,19.40249999999999
2020-09-14,2020-2021,Wolverhampton Wanderers,Sheffield United,0,2,0,11,9,4,2,7,13,5,12,1,0,3,1,3.0,0.0,1.0,0.5,0.5,2.237126865671642,115.23712686567164
2020-09-21,2020-2021,Wolverhampton Wanderers,Manchester City,1,1,3,10,14,1,9,6,8,4,6,0,0,0,0,1.5,1.5,0.25,2.25,-2.0,-1.8578731343283579,113.37925373134328
2020-09-27,2020-2021,Wolverhampton Wanderers,West Ham United,0,0,4,11,15,2,7,11,7,3,1,1,0,0,1,1.0,2.0,0.5,1.75,-1.25,-2.022873134328358,111.35638059701492
2020-10-04,2020-2021,Wolverhampton Wanderers,Fulham,1,1,0,14,10,5,2,15,8,6,2,1,0,3,1,1.0,2.0,1.25,0.5,0.75,1.1571268656716418,112.51350746268656
2020-10-19,2020-2021,Wolverhampton Wanderers,Leeds United,0,1,0,7,13,3,2,12,13,3,8,1,0,3,1,2.0,1.0,0.75,0.5,0.25,1.6071268656716418,114.12063432835821
2020-10-25,2020-2021,Wolverhampton Wanderers,Newcastle United,1,1,1,16,5,3,2,10,10,2,3,0,0,1,0,2.3333333333333335,0.3333333333333333,0.75,0.5,0.25,0.09712686567164197,114.21776119402985
2020-10-30,2020-2021,Wolverhampton Wanderers,Crystal Palace,1,2,0,15,11,5,2,13,4,7,6,0,0,3,0,2.3333333333333335,0.3333333333333333,1.25,0.5,0.75,2.0171268656716417,116.23488805970149
2020-11-08,2020-2021,Wolverhampton Wanderers,Leicester City,0,0,1,7,10,2,3,8,12,3,6,3,0,0,3,1.3333333333333333,1.3333333333333333,0.5,0.75,-0.25,-1.6728731343283583,114.56201492537313
2020-11-23,2020-2021,Wolverhampton Wanderers,Southampton,1,1,1,20,7,9,2,14,13,7,4,2,0,1,2,1.3333333333333333,1.3333333333333333,2.25,0.5,1.75,-0.2328731343283581,114.32914179104478
2020-11-29,2020-2021,Wolverhampton Wanderers,Arsenal,0,2,1,11,13,5,2,13,13,4,8,4,0,3,4,1.3333333333333333,1.3333333333333333,1.25,0.5,0.75,1.2071268656716418,115.53626865671642
2020-12-06,2020-2021,Wolverhampton Wanderers,Liverpool,0,0,4,9,11,3,6,14,8,6,4,1,0,0,1,1.3333333333333333,1.3333333333333333,0.75,1.5,-0.75,-1.672873134328358,113.86339552238806
2020-12-12,2020-2021,Wolverhampton Wanderers,Aston Villa,1,0,1,16,13,7,2,23,15,5,8,2,0,0,2,1.0,2.0,1.75,0.5,1.25,-1.482873134328358,112.3805223880597
2020-12-15,2020-2021,Wolverhampton Wanderers,Chelsea,1,2,1,12,13,4,3,12,12,5,6,2,0,3,2,1.0,2.0,1.0,0.75,0.25,0.9771268656716419,113.35764925373134
2020-12-21,2020-2021,Wolverhampton Wanderers,Burnley,0,1,2,15,10,3,4,15,11,7,1,1,0,0,1,1.0,2.0,0.75,1.0,-0.25,-1.7828731343283581,111.57477611940298
2020-12-27,2020-2021,Wolverhampton Wanderers,Tottenham Hotspur,1,1,1,11,6,6,3,20,13,9,2,4,0,1,4,1.3333333333333333,1.3333333333333333,1.5,0.75,0.75,-0.5928731343283581,110.98190298507463
2020-12-29,2020-2021,Wolverhampton Wanderers,Manchester United,0,0,1,9,11,5,3,7,11,2,2,1,0,0,1,0.3333333333333333,2.3333333333333335,1.25,0.75,0.5,-1.942873134328358,109.03902985074627
2021-01-02,2020-2021,Wolverhampton Wanderers,Brighton and Hove Albion,0,3,3,11,13,4,4,8,13,8,5,1,0,1,1,0.6666666666666666,1.6666666666666667,1.0,1.0,0.0,-0.9328731343283582,108.10615671641791
2021-01-12,2020-2021,Wolverhampton Wanderers,Everton,1,1,2,12,5,3,3,6,11,6,5,2,0,0,2,0.3333333333333333,2.3333333333333335,0.75,0.75,0.0,-2.122873134328358,105.98328358208956
2021-01-16,2020-2021,Wolverhampton Wanderers,West Brom,1,2,3,23,12,6,5,10,14,11,0,2,0,0,2,0.3333333333333333,2.3333333333333335,1.5,1.25,0.25,-2.062873134328358,103.9204104477612
2021-01-27,2020-2021,Wolverhampton Wanderers,Chelsea,0,0,0,4,14,0,5,7,14,1,13,1,0,1,1,0.3333333333333333,2.3333333333333335,0.0,1.25,-1.25,-1.462873134328358,102.45753731343284
2021-01-30,2020-2021,Wolverhampton Wanderers,Crystal Palace,0,0,1,6,11,4,2,10,7,6,1,2,0,0,2,0.3333333333333333,2.3333333333333335,1.0,0.5,0.5,-2.002873134328358,100.45466417910448
2021-02-02,2020-2021,Wolverhampton Wanderers,Arsenal,1,2,1,11,9,7,3,11,8,9,6,3,0,3,3,1.3333333333333333,1.3333333333333333,1.75,0.75,1.0,1.3271268656716417,101.78179104477613
2021-02-07,2020-2021,Wolverhampton Wanderers,Leicester City,1,0,0,13,13,1,3,11,15,8,2,1,0,1,1,1.3333333333333333,1.3333333333333333,0.25,0.75,-0.5,-0.7128731343283582,101.06891791044777
2021-02-14,2020-2021,Wolverhampton Wanderers,Southampton,0,2,1,10,7,4,3,9,10,6,4,2,0,3,2,2.3333333333333335,0.3333333333333333,1.0,0.75,0.25,1.7771268656716417,102.8460447761194
2021-02-19,2020-2021,Wolverhampton Wanderers,Leeds United,1,1,0,15,18,5,7,13,8,7,9,1,0,3,1,2.3333333333333335,0.3333333333333333,1.25,1.75,-0.5,1.6571268656716416,104.50317164179104
2021-02-27,2020-2021,Wolverhampton Wanderers,Newcastle United,0,1,1,14,19,4,7,13,11,5,3,0,0,1,0,2.3333333333333335,0.3333333333333333,1.0,1.75,-0.75,-0.14287313432835805,104.36029850746269
2021-03-02,2020-2021,Wolverhampton Wanderers,Manchester City,0,1,4,6,22,1,10,5,9,2,10,1,0,0,1,1.3333333333333333,1.3333333333333333,0.25,2.5,-2.25,-2.032873134328358,102.32742537313433
2021-03-06,2020-2021,Wolverhampton Wanderers,Aston Villa,0,0,0,10,9,2,1,13,13,3,5,0,0,1,0,0.6666666666666666,1.6666666666666667,0.5,0.25,0.25,-0.8128731343283581,101.51455223880598
2021-03-15,2020-2021,Wolverhampton Wanderers,Liverpool,1,0,1,10,12,5,4,17,10,3,2,2,0,0,2,0.3333333333333333,2.3333333333333335,1.25,1.0,0.25,-2.062873134328358,99.45167910447762
2021-04-05,2020-2021,Wolverhampton Wanderers,West Ham United,1,2,3,20,9,5,6,9,9,4,2,1,0,0,1,0.3333333333333333,2.3333333333333335,1.25,1.5,-0.25,-2.122873134328358,97.32880597014926
2021-04-09,2020-2021,Wolverhampton Wanderers,Fulham,0,1,0,7,14,3,3,8,11,4,3,0,0,3,0,1.0,2.0,0.75,0.75,0.0,1.037126865671642,98.3659328358209
2021-04-17,2020-2021,Wolverhampton Wanderers,Sheffield United,1,1,0,10,8,5,2,8,15,3,3,1,0,3,1,2.0,1.0,1.25,0.5,0.75,1.7271268656716416,100.09305970149254
2021-04-25,2020-2021,Wolverhampton Wanderers,Burnley,1,0,4,12,14,2,7,8,9,8,5,1,0,0,1,2.0,1.0,0.5,1.75,-1.25,-1.4528731343283583,98.64018656716418
2021-05-03,2020-2021,Wolverhampton Wanderers,West Brom,0,1,1,20,10,10,4,11,17,6,5,0,0,1,0,1.3333333333333333,1.3333333333333333,2.5,1.0,1.5,-0.1728731343283581,98.46731343283582
2021-05-09,2020-2021,Wolverhampton Wanderers,Brighton and Hove Albion,1,2,1,16,5,6,3,12,7,10,5,2,0,3,2,1.3333333333333333,1.3333333333333333,1.5,0.75,0.75,1.3271268656716417,99.79444029850747
2021-05-16,2020-2021,Wolverhampton Wanderers,Tottenham Hotspur,0,0,2,15,24,3,13,11,8,3,10,0,0,0,0,1.3333333333333333,1.3333333333333333,0.75,3.25,-2.5,-2.032873134328358,97.7615671641791
2021-05-19,2020-2021,Wolverhampton Wanderers,Everton,0,0,1,9,14,3,4,11,11,12,7,2,0,0,2,1.0,2.0,0.75,1.0,-0.25,-1.8428731343283582,95.91869402985074
2021-05-23,2020-2021,Wolverhampton Wanderers,Manchester United,1,1,2,14,9,4,4,14,3,6,2,4,0,0,4,0.0,3.0,1.0,1.0,0.0,-2.472873134328358,93.44582089552239
2021-08-14,2021-2022,Wolverhampton Wanderers,Leicester City,0,0,1,17,9,3,5,10,6,4,5,2,0,0,2,0.0,3.0,0.75,1.25,-0.5,-2.472873134328358,90.97294776119404
2021-08-22,2021-2022,Wolverhampton Wanderers,Tottenham Hotspur,1,0,1,25,8,6,6,9,7,5,4,1,0,0,1,0.0,3.0,1.5,1.5,0.0,-2.292873134328358,88.68007462686568
2021-08-29,2021-2022,Wolverhampton Wanderers,Manchester United,1,0,1,15,10,6,3,7,9,5,7,3,0,0,3,0.0,3.0,1.5,0.75,0.75,-2.232873134328358,86.44720149253732
2021-09-11,2021-2022,Wolverhampton Wanderers,Watford,0,2,0,14,6,5,2,13,15,8,6,3,0,3,3,1.0,2.0,1.25,0.5,0.75,1.037126865671642,87.48432835820896
2021-09-18,2021-2022,Wolverhampton Wanderers,Brentford,1,0,2,11,9,0,3,10,7,4,2,4,0,0,4,1.0,2.0,0.0,0.75,-0.75,-2.082873134328358,85.40145522388059
2021-09-26,2021-2022,Wolverhampton Wanderers,Southampton,0,1,0,5,18,3,6,8,12,5,5,0,0,3,0,2.0,1.0,0.75,1.5,-0.75,1.4271268656716418,86.82858208955224
2021-10-02,2021-2022,Wolverhampton Wanderers,Newcastle United,1,2,1,7,8,3,2,15,5,0,4,0,0,3,0,2.0,1.0,0.75,0.5,0.25,1.6671268656716418,88.49570895522388
2021-10-16,2021-2022,Wolverhampton Wanderers,Aston Villa,0,3,2,9,14,4,5,17,8,7,6,3,0,3,3,3.0,0.0,1.0,1.25,-0.25,1.9371268656716416,90.43283582089552
2021-10-23,2021-2022,Wolverhampton Wanderers,Leeds United,0,1,1,8,18,4,4,14,15,3,6,3,0,1,3,2.3333333333333335,0.3333333333333333,1.0,1.0,0.0,-0.14287313432835805,90.28996268656716
2021-11-01,2021-2022,Wolverhampton Wanderers,Everton,1,2,1,10,14,4,5,10,8,4,3,1,0,3,1,2.3333333333333335,0.3333333333333333,1.0,1.25,-0.25,1.7171268656716416,92.0070895522388
2021-11-06,2021-2022,Wolverhampton Wanderers,Crystal Palace,0,0,2,4,13,2,6,13,14,6,4,1,0,0,1,1.3333333333333333,1.3333333333333333,0.5,1.5,-1.0,-1.732873134328358,90.27421641791045
2021-11-20,2021-2022,Wolverhampton Wanderers,West Ham United,1,1,0,15,8,5,3,6,9,7,3,1,0,3,1,2.0,1.0,1.25,0.75,0.5,1.6671268656716418,91.94134328358209
2021-11-27,2021-2022,Wolverhampton Wanderers,Norwich City,0,0,0,5,14,2,4,10,11,3,4,2,0,1,2,1.3333333333333333,1.3333333333333333,0.5,1.0,-0.5,-0.7728731343283581,91.16847014925372
2021-12-01,2021-2022,Wolverhampton Wanderers,Burnley,1,0,0,16,6,2,1,5,7,5,5,2,0,1,2,1.6666666666666667,0.6666666666666666,0.5,0.25,0.25,-0.3628731343283581,90.80559701492537
2021-12-04,2021-2022,Wolverhampton Wanderers,Liverpool,1,0,1,3,17,1,5,4,7,2,8,2,0,0,2,0.6666666666666666,1.6666666666666667,0.25,1.25,-1.0,-2.1328731343283582,88.672723880597
2021-12-11,2021-2022,Wolverhampton Wanderers,Manchester City,0,0,1,2,24,1,10,5,12,1,14,2,1,0,5,0.3333333333333333,2.3333333333333335,0.25,2.5,-2.25,-2.842873134328358,85.82985074626865
2021-12-15,2021-2022,Wolverhampton Wanderers,Brighton and Hove Albion,0,1,0,8,12,5,2,14,11,4,7,0,0,3,0,1.0,2.0,1.25,0.5,0.75,1.2171268656716419,87.04697761194029
2021-12-19,2021-2022,Wolverhampton Wanderers,Chelsea,1,0,0,4,8,1,1,9,7,4,9,0,0,1,0,1.3333333333333333,1.3333333333333333,0.25,0.25,0.0,-0.5328731343283581,86.51410447761194
2022-01-03,2021-2022,Wolverhampton Wanderers,Manchester United,0,1,0,19,9,6,2,8,9,8,3,1,0,3,1,2.3333333333333335,0.3333333333333333,1.5,0.5,1.0,2.0171268656716417,88.53123134328358
2022-01-15,2021-2022,Wolverhampton Wanderers,Southampton,1,3,1,9,13,5,10,13,14,2,10,2,0,3,2,2.3333333333333335,0.3333333333333333,1.25,2.5,-1.25,1.4171268656716416,89.94835820895523
2022-01-22,2021-2022,Wolverhampton Wanderers,Brentford,0,2,1,7,11,2,1,7,6,3,6,3,0,3,3,3.0,0.0,0.5,0.25,0.25,2.0571268656716417,92.00548507462686
2022-02-10,2021-2022,Wolverhampton Wanderers,Arsenal,1,0,1,15,12,4,2,12,13,7,4,2,0,0,2,2.0,1.0,1.0,0.5,0.5,-1.092873134328358,90.9126119402985
2022-02-13,2021-2022,Wolverhampton Wanderers,Tottenham Hotspur,0,2,0,11,17,7,7,13,13,3,7,1,0,3,1,2.0,1.0,1.75,1.75,0.0,1.5471268656716417,92.45973880597015
2022-02-20,2021-2022,Wolverhampton Wanderers,Leicester City,1,2,1,11,17,3,7,12,9,7,10,4,0,3,4,2.0,1.0,0.75,1.75,-1.0,1.127126865671642,93.58686567164179
2022-02-24,2021-2022,Wolverhampton Wanderers,Arsenal,0,1,2,6,26,2,5,9,8,4,5,1,0,0,1,2.0,1.0,0.5,1.25,-0.75,-1.3328731343283582,92.25399253731342
2022-02-27,2021-2022,Wolverhampton Wanderers,West Ham United,0,0,1,14,13,1,4,2,8,5,3,0,0,0,0,1.0,2.0,0.25,1.0,-0.75,-1.8428731343283578,90.41111940298507
2022-03-05,2021-2022,Wolverhampton Wanderers,Crystal Palace,1,0,2,12,12,5,8,13,8,7,7,0,0,0,0,0.0,3.0,1.25,2.0,-0.75,-2.412873134328358,87.99824626865671
2022-03-10,2021-2022,Wolverhampton Wanderers,Watford,1,4,0,10,9,5,0,11,10,5,2,2,0,3,2,1.0,2.0,1.25,0.0,1.25,1.2171268656716419,89.21537313432836
2022-03-13,2021-2022,Wolverhampton Wanderers,Everton,0,1,0,14,8,3,2,11,13,2,5,1,0,3,1,2.0,1.0,0.75,0.5,0.25,1.6071268656716418,90.82249999999999
2022-03-18,2021-2022,Wolverhampton Wanderers,Leeds United,1,2,3,14,15,8,6,13,14,2,5,1,1,0,4,2.0,1.0,2.0,1.5,0.5,-1.2128731343283583,89.60962686567164
2022-04-02,2021-2022,Wolverhampton Wanderers,Aston Villa,1,2,1,11,15,5,5,15,8,4,9,4,0,3,4,2.0,1.0,1.25,1.25,0.0,1.3671268656716418,90.97675373134328
2022-04-08,2021-2022,Wolverhampton Wanderers,Newcastle United,0,0,1,5,12,2,4,13,6,2,1,1,0,0,1,1.0,2.0,0.5,1.0,-0.5,-1.8428731343283582,89.13388059701492
2022-04-24,2021-2022,Wolverhampton Wanderers,Burnley,0,0,1,10,14,4,5,7,8,6,3,1,0,0,1,1.0,2.0,1.0,1.25,-0.25,-1.7828731343283581,87.35100746268657
2022-04-30,2021-2022,Wolverhampton Wanderers,Brighton and Hove Albion,1,0,3,11,17,1,9,6,4,7,3,2,0,0,2,0.0,3.0,0.25,2.25,-2.0,-2.832873134328358,84.5181343283582
2022-05-07,2021-2022,Wolverhampton Wanderers,Chelsea,0,2,2,14,19,4,6,11,7,3,9,3,0,1,3,0.3333333333333333,2.3333333333333335,1.0,1.5,-0.5,-1.402873134328358,83.11526119402984
2022-05-11,2021-2022,Wolverhampton Wanderers,Manchester City,1,1,5,7,16,3,5,2,10,6,2,0,0,0,0,0.3333333333333333,2.3333333333333335,0.75,1.25,-0.5,-2.122873134328358,80.99238805970148
2022-05-15,2021-2022,Wolverhampton Wanderers,Norwich City,1,1,1,17,11,4,2,5,10,5,3,0,0,1,0,0.6666666666666666,1.6666666666666667,1.0,0.5,0.5,-0.752873134328358,80.23951492537313
2022-05-22,2021-2022,Wolverhampton Wanderers,Liverpool,0,1,3,7,29,5,8,3,6,3,5,0,0,0,0,0.3333333333333333,2.3333333333333335,1.25,2.0,-0.75,-2.182873134328358,78.05664179104477
2022-08-06,2022-2023,Wolverhampton Wanderers,Leeds United,0,1,2,15,12,6,4,9,13,4,6,0,0,0,0,0.3333333333333333,2.3333333333333335,1.5,1.0,0.5,-1.882873134328358,76.17376865671642
2022-08-13,2022-2023,Wolverhampton Wanderers,Fulham,1,0,0,7,9,1,3,7,14,5,3,3,0,1,3,0.3333333333333333,2.3333333333333335,0.25,0.75,-0.5,-1.402873134328358,74.77089552238806
2022-08-20,2022-2023,Wolverhampton Wanderers,Tottenham Hotspur,0,0,1,20,11,3,4,8,10,6,8,2,0,0,2,0.3333333333333333,2.3333333333333335,0.75,1.0,-0.25,-2.182873134328358,72.5880223880597
2022-08-28,2022-2023,Wolverhampton Wanderers,Newcastle United,1,1,1,10,21,4,6,10,11,4,13,2,0,1,2,0.6666666666666666,1.6666666666666667,1.0,1.5,-0.5,-1.112873134328358,71.47514925373133
2022-08-31,2022-2023,Wolverhampton Wanderers,Bournemouth,0,0,0,17,5,4,2,12,12,5,2,1,0,1,1,0.6666666666666666,1.6666666666666667,1.0,0.5,0.5,-0.8128731343283581,70.66227611940297
2022-09-03,2022-2023,Wolverhampton Wanderers,Southampton,1,1,0,7,12,2,1,10,14,5,6,4,0,3,4,1.6666666666666667,0.6666666666666666,0.5,0.25,0.25,1.317126865671642,71.97940298507461
2022-09-17,2022-2023,Wolverhampton Wanderers,Manchester City,1,0,3,6,16,1,7,7,9,5,7,2,1,0,5,1.3333333333333333,1.3333333333333333,0.25,1.75,-1.5,-2.092873134328358,69.88652985074626
2022-10-01,2022-2023,Wolverhampton Wanderers,West Ham United,0,0,2,15,18,4,5,6,8,6,1,2,0,0,2,1.0,2.0,1.0,1.25,-0.25,-1.8428731343283582,68.0436567164179
2022-10-08,2022-2023,Wolverhampton Wanderers,Chelsea,0,0,3,8,20,2,7,8,8,2,4,0,0,0,0,0.0,3.0,0.5,1.75,-1.25,-2.5328731343283577,65.51078358208954
2022-10-15,2022-2023,Wolverhampton Wanderers,Nottingham Forest,1,1,0,9,10,2,2,17,13,4,5,2,0,3,2,1.0,2.0,0.5,0.5,0.0,0.9171268656716418,66.42791044776118
2022-10-18,2022-2023,Wolverhampton Wanderers,Crystal Palace,0,1,2,10,14,4,4,18,14,3,4,1,0,0,1,1.0,2.0,1.0,1.0,0.0,-1.722873134328358,64.70503731343283
2022-10-23,2022-2023,Wolverhampton Wanderers,Leicester City,1,0,4,21,5,5,4,10,13,9,2,2,0,0,2,1.0,2.0,1.25,1.0,0.25,-1.722873134328358,62.982164179104466
2022-10-29,2022-2023,Wolverhampton Wanderers,Brentford,0,1,1,14,12,4,3,17,10,6,3,3,1,1,6,0.3333333333333333,2.3333333333333335,1.0,0.75,0.25,-1.402873134328358,61.579291044776106
2022-11-05,2022-2023,Wolverhampton Wanderers,Brighton and Hove Albion,1,2,3,8,19,5,8,15,11,4,9,2,1,0,5,0.3333333333333333,2.3333333333333335,1.25,2.0,-0.75,-2.482873134328358,59.09641791044775
2022-11-12,2022-2023,Wolverhampton Wanderers,Arsenal,1,0,2,11,14,2,4,5,6,6,4,3,0,0,3,0.3333333333333333,2.3333333333333335,0.5,1.0,-0.5,-2.302873134328358,56.79354477611939
2022-12-26,2022-2023,Wolverhampton Wanderers,Everton,0,2,1,7,12,4,6,22,9,2,2,6,0,3,6,1.0,2.0,1.0,1.5,-0.5,0.5571268656716418,57.35067164179103
2022-12-31,2022-2023,Wolverhampton Wanderers,Manchester United,1,0,1,10,16,3,6,11,11,7,5,1,0,0,1,1.0,2.0,0.75,1.5,-0.75,-1.9028731343283578,55.44779850746267
2023-01-04,2022-2023,Wolverhampton Wanderers,Aston Villa,0,1,1,10,13,3,4,12,6,8,7,3,0,1,3,1.3333333333333333,1.3333333333333333,0.75,1.0,-0.25,-0.7728731343283581,54.674925373134315
2023-01-14,2022-2023,Wolverhampton Wanderers,West Ham United,1,1,0,17,16,4,4,10,7,4,3,0,0,3,0,1.3333333333333333,1.3333333333333333,1.0,1.0,0.0,1.267126865671642,55.94205223880596
2023-01-22,2022-2023,Wolverhampton Wanderers,Manchester City,0,0,3,10,13,1,7,10,10,7,5,2,0,0,2,1.3333333333333333,1.3333333333333333,0.25,1.75,-1.5,-1.912873134328358,54.0291791044776
2023-02-04,2022-2023,Wolverhampton Wanderers,Liverpool,1,3,0,12,22,6,4,9,7,2,7,1,0,3,1,2.0,1.0,1.5,1.0,0.5,1.6671268656716418,55.69630597014924
2023-02-11,2022-2023,Wolverhampton Wanderers,Southampton,0,2,1,11,17,2,2,14,12,2,5,2,1,3,5,2.0,1.0,0.5,0.5,0.0,1.3071268656716417,57.00343283582088
2023-02-18,2022-2023,Wolverhampton Wanderers,Bournemouth,1,0,1,15,5,4,1,12,10,12,2,3,0,0,3,2.0,1.0,1.0,0.25,0.75,-1.092873134328358,55.910559701492524
2023-02-24,2022-2023,Wolverhampton Wanderers,Fulham,0,1,1,8,10,2,5,17,12,3,4,0,0,1,0,1.3333333333333333,1.3333333333333333,0.5,1.25,-0.75,-0.7128731343283582,55.19768656716417
2023-03-01,2022-2023,Wolverhampton Wanderers,Liverpool,0,0,2,4,15,1,6,14,13,2,5,3,0,0,3,0.3333333333333333,2.3333333333333335,0.25,1.5,-1.25,-2.482873134328358,52.71481343283581
2023-03-04,2022-2023,Wolverhampton Wanderers,Tottenham Hotspur,1,1,0,8,21,5,6,11,18,4,8,1,0,3,1,1.3333333333333333,1.3333333333333333,1.25,1.5,-0.25,1.1471268656716418,53.861940298507456
2023-03-12,2022-2023,Wolverhampton Wanderers,Newcastle United,0,1,2,7,19,4,8,10,11,3,10,2,0,0,2,1.0,2.0,1.0,2.0,-1.0,-2.022873134328358,51.8390671641791
2023-03-18,2022-2023,Wolverhampton Wanderers,Leeds United,1,2,4,23,11,8,4,15,9,5,4,3,1,0,6,1.0,2.0,2.0,1.0,1.0,-1.7828731343283581,50.056194029850744
2023-04-01,2022-2023,Wolverhampton Wanderers,Nottingham Forest,0,1,1,8,17,1,7,13,14,3,4,5,0,1,5,0.3333333333333333,2.3333333333333335,0.25,1.75,-1.5,-1.7628731343283581,48.293320895522385
2023-04-08,2022-2023,Wolverhampton Wanderers,Chelsea,1,1,0,9,13,4,1,14,10,8,8,2,0,3,2,1.3333333333333333,1.3333333333333333,1.0,0.25,0.75,1.3271268656716417,49.62044776119403
2023-04-15,2022-2023,Wolverhampton Wanderers,Brentford,1,2,0,11,10,9,3,12,8,5,2,1,0,3,1,2.3333333333333335,0.3333333333333333,2.25,0.75,1.5,2.137126865671642,51.75757462686567
2023-04-22,2022-2023,Wolverhampton Wanderers,Leicester City,0,1,2,16,15,3,8,16,17,7,1,3,0,0,3,2.0,1.0,0.75,2.0,-1.25,-1.572873134328358,50.18470149253731
2023-04-25,2022-2023,Wolverhampton Wanderers,Crystal Palace,1,2,0,9,14,3,4,13,14,6,11,5,0,3,5,2.0,1.0,0.75,1.0,-0.25,1.2471268656716417,51.431828358208946
2023-04-29,2022-2023,Wolverhampton Wanderers,Brighton and Hove Albion,0,0,6,10,22,2,8,11,14,5,2,1,0,0,1,1.0,2.0,0.5,2.0,-1.5,-2.082873134328358,49.34895522388059
2023-05-06,2022-2023,Wolverhampton Wanderers,Aston Villa,1,1,0,6,16,2,3,20,9,5,6,3,0,3,3,2.0,1.0,0.5,0.75,-0.25,1.3671268656716415,50.71608208955223
2023-05-13,2022-2023,Wolverhampton Wanderers,Manchester United,0,0,2,5,27,0,9,9,9,7,11,2,0,0,2,1.0,2.0,0.0,2.25,-2.25,-2.322873134328358,48.39320895522387
2023-05-20,2022-2023,Wolverhampton Wanderers,Everton,1,1,1,13,19,5,4,18,10,1,7,5,0,1,5,1.3333333333333333,1.3333333333333333,1.25,1.0,0.25,-0.7728731343283581,47.620335820895505
2023-05-28,2022-2023,Wolverhampton Wanderers,Arsenal,0,0,5,6,14,0,8,11,8,4,8,0,0,0,0,0.3333333333333333,2.3333333333333335,0.0,2.0,-2.0,-2.482873134328358,45.13746268656715
2023-08-14,2023-2024,Wolverhampton Wanderers,Manchester United,0,0,1,23,15,6,3,10,14,7,8,3,0,0,3,0.3333333333333333,2.3333333333333335,1.5,0.75,0.75,-2.002873134328358,43.13458955223879
2023-08-19,2023-2024,Wolverhampton Wanderers,Brighton and Hove Albion,1,1,4,16,16,5,8,14,11,5,3,3,1,0,6,0.0,3.0,1.25,2.0,-0.75,-2.772873134328358,40.36171641791043
2023-08-26,2023-2024,Wolverhampton Wanderers,Everton,0,1,0,11,15,2,7,14,10,0,7,4,0,3,4,1.0,2.0,0.5,1.75,-1.25,0.49712686567164194,40.858843283582075
2023-09-03,2023-2024,Wolverhampton Wanderers,Crystal Palace,0,2,3,12,16,4,11,12,12,2,4,3,0,0,3,1.0,2.0,1.0,2.75,-1.75,-2.262873134328358,38.595970149253716
2023-09-16,2023-2024,Wolverhampton Wanderers,Liverpool,1,1,3,11,16,2,6,10,4,4,4,1,0,0,1,1.0,2.0,0.5,1.5,-1.0,-1.9628731343283579,36.633097014925355
2023-09-23,2023-2024,Wolverhampton Wanderers,Luton Town,0,1,1,3,20,3,4,17,12,1,10,2,1,1,5,0.3333333333333333,2.3333333333333335,0.75,1.0,-0.25,-1.462873134328358,35.17022388059699
2023-09-30,2023-2024,Wolverhampton Wanderers,Manchester City,1,2,1,3,23,1,8,18,12,0,6,5,0,3,5,1.3333333333333333,1.3333333333333333,0.25,2.0,-1.75,0.5471268656716418,35.717350746268636
2023-10-08,2023-2024,Wolverhampton Wanderers,Aston Villa,1,1,1,8,18,3,4,19,9,2,10,2,1,1,5,1.6666666666666667,0.6666666666666666,0.75,1.0,-0.25,-0.6628731343283581,35.05447761194027
2023-10-21,2023-2024,Wolverhampton Wanderers,Bournemouth,0,2,1,20,7,7,4,10,15,12,3,6,0,3,6,2.3333333333333335,0.3333333333333333,1.75,1.0,0.75,1.6571268656716416,36.711604477611914
2023-10-28,2023-2024,Wolverhampton Wanderers,Newcastle United,1,2,2,11,13,6,5,13,15,8,7,1,0,1,1,1.6666666666666667,0.6666666666666666,1.5,1.25,0.25,-0.30287313432835805,36.40873134328356
2023-11-04,2023-2024,Wolverhampton Wanderers,Sheffield United,0,1,2,10,11,3,2,10,13,4,4,3,0,0,3,1.3333333333333333,1.3333333333333333,0.75,0.5,0.25,-1.5528731343283582,34.8558582089552
2023-11-11,2023-2024,Wolverhampton Wanderers,Tottenham Hotspur,1,2,1,17,6,4,2,19,15,11,3,4,0,3,4,1.3333333333333333,1.3333333333333333,1.0,0.5,0.5,1.147126865671642,36.002985074626835
2023-11-27,2023-2024,Wolverhampton Wanderers,Fulham,0,2,3,10,12,6,6,13,13,2,6,2,0,0,2,1.0,2.0,1.5,1.5,0.0,-1.7828731343283581,34.22011194029848
2023-12-02,2023-2024,Wolverhampton Wanderers,Arsenal,0,1,2,6,19,3,6,10,10,0,4,2,0,0,2,1.0,2.0,0.75,1.5,-0.75,-1.9628731343283579,32.25723880597012
2023-12-05,2023-2024,Wolverhampton Wanderers,Burnley,1,1,0,7,12,4,3,11,15,6,8,2,0,3,2,1.0,2.0,1.0,0.75,0.25,0.9771268656716419,33.234365671641754
2023-12-09,2023-2024,Wolverhampton Wanderers,Nottingham Forest,1,1,1,10,8,4,2,9,11,4,3,0,0,1,0,1.3333333333333333,1.3333333333333333,1.0,0.5,0.5,-0.41287313432835815,32.82149253731339
2023-12-17,2023-2024,Wolverhampton Wanderers,West Ham United,0,0,3,14,13,3,4,15,12,6,6,1,0,0,1,1.3333333333333333,1.3333333333333333,0.75,1.0,-0.25,-1.5528731343283582,31.268619402985024
2023-12-24,2023-2024,Wolverhampton Wanderers,Chelsea,1,2,1,14,16,6,5,11,9,10,6,3,0,3,3,1.3333333333333333,1.3333333333333333,1.5,1.25,0.25,1.1471268656716418,32.41574626865666
2023-12-27,2023-2024,Wolverhampton Wanderers,Brentford,0,4,1,11,14,5,4,14,5,2,8,1,0,3,1,2.0,1.0,1.25,1.0,0.25,1.6071268656716418,34.02287313432831
2023-12-30,2023-2024,Wolverhampton Wanderers,Everton,1,3,0,12,10,6,0,9,14,5,2,2,0,3,2,3.0,0.0,1.5,0.0,1.5,2.4171268656716416,36.439999999999955
2024-01-22,2023-2024,Wolverhampton Wanderers,Brighton and Hove Albion,0,0,0,8,11,3,4,13,10,2,8,4,0,1,4,2.3333333333333335,0.3333333333333333,0.75,1.0,-0.25,-0.262873134328358,36.177126865671596
2024-02-01,2023-2024,Wolverhampton Wanderers,Manchester United,1,3,4,16,21,7,8,10,10,4,5,2,0,0,2,1.3333333333333333,1.3333333333333333,1.75,2.0,-0.25,-1.6128731343283582,34.56425373134324
2024-02-04,2023-2024,Wolverhampton Wanderers,Chelsea,0,4,2,14,15,7,6,11,15,1,10,2,0,3,2,1.3333333333333333,1.3333333333333333,1.75,1.5,0.25,1.2071268656716418,35.77138059701488
2024-02-10,2023-2024,Wolverhampton Wanderers,Brentford,1,0,2,17,9,5,6,11,9,7,4,2,0,0,2,1.0,2.0,1.25,1.5,-0.25,-1.8428731343283582,33.928507462686525
2024-02-17,2023-2024,Wolverhampton Wanderers,Tottenham Hotspur,0,2,1,12,15,7,4,13,8,4,10,1,0,3,1,2.0,1.0,1.75,1.0,0.75,1.7271268656716416,35.65563432835816
2024-02-25,2023-2024,Wolverhampton Wanderers,Sheffield United,1,1,0,13,12,2,4,8,4,5,6,2,0,3,2,2.0,1.0,0.5,1.0,-0.5,1.3671268656716415,37.0227611940298
2024-03-02,2023-2024,Wolverhampton Wanderers,Newcastle United,0,0,3,12,14,3,7,11,8,5,3,1,0,0,1,2.0,1.0,0.75,1.75,-1.0,-1.3928731343283582,35.62988805970144
2024-03-09,2023-2024,Wolverhampton Wanderers,Fulham,1,2,1,8,23,3,6,7,11,3,4,2,0,3,2,2.0,1.0,0.75,1.5,-0.75,1.3071268656716417,36.93701492537309
2024-03-30,2023-2024,Wolverhampton Wanderers,Aston Villa,0,0,2,13,11,3,5,19,11,4,5,4,0,0,4,1.0,2.0,0.75,1.25,-0.5,-2.022873134328358,34.91414179104473
2024-04-02,2023-2024,Wolverhampton Wanderers,Burnley,0,1,1,8,13,2,6,12,10,4,7,2,0,1,2,1.3333333333333333,1.3333333333333333,0.5,1.5,-1.0,-0.8928731343283581,34.02126865671637
2024-04-06,2023-2024,Wolverhampton Wanderers,West Ham United,1,1,2,14,11,7,4,15,7,4,4,5,0,0,5,0.3333333333333333,2.3333333333333335,1.75,1.0,0.75,-2.122873134328358,31.898395522388014
2024-04-13,2023-2024,Wolverhampton Wanderers,Nottingham Forest,0,2,2,11,18,4,9,10,15,1,10,3,0,1,3,0.6666666666666666,1.6666666666666667,1.0,2.25,-1.25,-1.352873134328358,30.545522388059652
2024-04-20,2023-2024,Wolverhampton Wanderers,Arsenal,1,0,2,5,24,3,9,14,9,1,2,3,0,0,3,0.3333333333333333,2.3333333333333335,0.75,2.25,-1.5,-2.5428731343283584,28.002649253731292
2024-04-24,2023-2024,Wolverhampton Wanderers,Bournemouth,1,0,1,15,21,4,6,10,17,8,12,4,0,0,4,0.3333333333333333,2.3333333333333335,1.0,1.5,-0.5,-2.362873134328358,25.63977611940294
2024-04-27,2023-2024,Wolverhampton Wanderers,Luton Town,1,2,1,13,9,5,6,14,14,4,4,3,0,3,3,1.0,2.0,1.25,1.5,-0.25,0.7971268656716417,26.436902985074582
2024-05-04,2023-2024,Wolverhampton Wanderers,Manchester City,0,1,5,2,20,1,12,17,4,0,6,4,0,0,4,1.0,2.0,0.25,3.0,-2.75,-2.5628731343283584,23.874029850746226
2024-05-11,2023-2024,Wolverhampton Wanderers,Crystal Palace,1,1,3,13,13,7,3,13,12,8,3,3,0,0,3,1.0,2.0,1.75,0.75,1.0,-1.6028731343283582,22.271156716417863
2024-05-19,2023-2024,Wolverhampton Wanderers,Liverpool,0,0,2,4,36,3,14,11,14,2,10,1,1,0,4,0.0,3.0,0.75,3.5,-2.75,-3.132873134328358,19.1382835820895
2024-08-17,2024-2025,Wolverhampton Wanderers,Arsenal,0,0,2,9,18,3,6,14,17,2,8,2,0,0,2,0.0,3.0,0.75,1.5,-0.75,-2.5328731343283577,16.605410447761145
2024-08-25,2024-2025,Wolverhampton Wanderers,Chelsea,1,2,6,12,14,4,8,13,13,5,5,2,0,0,2,0.0,3.0,1.0,2.0,-1.0,-2.592873134328358,14.012537313432787
2024-08-31,2024-2025,Wolverhampton Wanderers,Nottingham Forest,0,1,1,11,16,3,5,18,15,3,7,4,0,1,4,0.3333333333333333,2.3333333333333335,0.75,1.25,-0.5,-1.462873134328358,12.549664179104425
2024-09-15,2024-2025,Wolverhampton Wanderers,Newcastle United,1,1,2,12,14,5,6,17,6,4,7,3,0,0,3,0.3333333333333333,2.3333333333333335,1.25,1.5,-0.25,-2.242873134328358,10.306791044776062
2024-09-21,2024-2025,Wolverhampton Wanderers,Aston Villa,0,1,3,10,9,4,4,16,11,5,6,6,0,0,6,0.3333333333333333,2.3333333333333335,1.0,1.0,0.0,-2.362873134328358,7.943917910447709
2024-09-28,2024-2025,Wolverhampton Wanderers,Liverpool,1,1,2,8,10,3,6,16,8,2,10,2,0,0,2,0.0,3.0,0.75,1.5,-0.75,-2.5328731343283577,5.411044776119354
2024-10-05,2024-2025,Wolverhampton Wanderers,Brentford,0,3,5,17,19,6,12,10,9,3,10,3,0,0,3,0.0,3.0,1.5,3.0,-1.5,-2.772873134328358,2.63817164179099
2024-10-20,2024-2025,Wolverhampton Wanderers,Manchester City,1,1,2,3,22,2,7,8,5,1,18,4,0,0,4,0.0,3.0,0.5,1.75,-1.25,-2.772873134328358,1.0
2024-10-26,2024-2025,Wolverhampton Wanderers,Brighton and Hove Albion,0,2,2,14,19,7,6,10,12,6,9,3,0,1,3,0.3333333333333333,2.3333333333333335,1.75,1.5,0.25,-1.2228731343283579,1.0
2024-11-02,2024-2025,Wolverhampton Wanderers,Crystal Palace,1,2,2,11,19,6,7,7,9,3,6,1,0,1,1,0.6666666666666666,1.6666666666666667,1.5,1.75,-0.25,-0.9928731343283582,1.0
2024-11-09,2024-2025,Wolverhampton Wanderers,Southampton,1,2,0,8,9,4,0,14,12,1,9,1,0,3,1,1.6666666666666667,0.6666666666666666,1.0,0.0,1.0,1.6771268656716418,1.0
2024-11-23,2024-2025,Wolverhampton Wanderers,Fulham,0,4,1,10,10,5,3,14,14,2,7,0,0,3,0,2.3333333333333335,0.3333333333333333,1.25,0.75,0.5,1.9571268656716418,1.2838059701491886
2024-11-30,2024-2025,Wolverhampton Wanderers,Bournemouth,1,2,4,10,12,3,8,13,11,3,4,4,0,0,4,2.0,1.0,0.75,2.0,-1.25,-1.632873134328358,1.0
2024-12-04,2024-2025,Wolverhampton Wanderers,Everton,0,0,4,6,13,2,4,8,10,4,3,0,0,0,0,1.0,2.0,0.5,1.0,-0.5,-1.7828731343283581,1.0
2024-12-09,2024-2025,Wolverhampton Wanderers,West Ham United,0,1,2,19,19,5,4,17,12,0,11,4,0,0,4,0.0,3.0,1.25,1.0,0.25,-2.412873134328358,1.0
2024-12-14,2024-2025,Wolverhampton Wanderers,Ipswich Town,1,1,2,16,10,6,5,13,9,7,3,0,1,0,3,0.0,3.0,1.5,1.25,0.25,-2.352873134328358,1.0
2024-12-22,2024-2025,Wolverhampton Wanderers,Leicester City,0,3,0,8,9,4,5,16,15,1,6,0,0,3,0,1.0,2.0,1.0,1.25,-0.25,0.9771268656716419,1.0
2024-12-26,2024-2025,Wolverhampton Wanderers,Manchester United,1,2,0,7,11,4,4,12,12,4,4,2,0,3,2,2.0,1.0,1.0,1.0,0.0,1.4871268656716417,1.0
2024-12-29,2024-2025,Wolverhampton Wanderers,Tottenham Hotspur,0,2,2,11,13,3,3,10,9,5,5,2,0,1,2,2.3333333333333335,0.3333333333333333,0.75,0.75,0.0,-0.08287313432835802,1.0
2025-01-06,2024-2025,Wolverhampton Wanderers,Nottingham Forest,1,0,3,13,11,6,3,10,8,5,3,1,0,0,1,1.3333333333333333,1.3333333333333333,1.5,0.75,0.75,-1.3128731343283582,1.0
2025-01-15,2024-2025,Wolverhampton Wanderers,Newcastle United,0,0,3,13,17,7,5,13,10,2,4,2,0,0,2,0.3333333333333333,2.3333333333333335,1.75,1.25,0.5,-2.002873134328358,1.0
2025-01-20,2024-2025,Wolverhampton Wanderers,Chelsea,0,1,3,9,19,4,7,14,8,6,3,2,0,0,2,0.0,3.0,1.0,1.75,-0.75,-2.5328731343283577,1.0
2025-01-25,2024-2025,Wolverhampton Wanderers,Arsenal,1,0,1,9,9,4,3,20,10,1,5,0,1,0,3,0.0,3.0,1.0,0.75,0.25,-2.352873134328358,1.0
2025-02-01,2024-2025,Wolverhampton Wanderers,Aston Villa,1,2,0,8,10,5,3,20,13,5,8,2,0,3,2,1.0,2.0,1.25,0.75,0.5,1.037126865671642,1.0
2025-02-16,2024-2025,Wolverhampton Wanderers,Liverpool,0,1,2,16,10,4,3,13,15,3,4,2,0,0,2,1.0,2.0,1.0,0.75,0.25,-1.722873134328358,1.0
2025-02-22,2024-2025,Wolverhampton Wanderers,Bournemouth,0,1,0,13,8,5,3,9,17,7,6,3,0,3,3,2.0,1.0,1.25,0.75,0.5,1.547126865671642,1.0
2025-02-25,2024-2025,Wolverhampton Wanderers,Fulham,1,1,2,18,11,5,5,8,15,7,5,1,0,0,1,1.0,2.0,1.25,1.25,0.0,-1.722873134328358,1.0
2025-03-08,2024-2025,Wolverhampton Wanderers,Everton,1,1,1,11,12,3,4,11,16,5,5,2,0,1,2,1.3333333333333333,1.3333333333333333,0.75,1.0,-0.25,-0.7128731343283581,1.0
2025-03-15,2024-2025,Wolverhampton Wanderers,Southampton,0,2,1,5,10,3,3,13,12,1,5,0,0,3,0,1.3333333333333333,1.3333333333333333,0.75,0.75,0.0,1.267126865671642,1.0
2025-04-01,2024-2025,Wolverhampton Wanderers,West Ham United,1,1,0,9,10,2,1,16,12,1,2,4,0,3,4,2.3333333333333335,0.3333333333333333,0.5,0.25,0.25,1.6571268656716418,1.0
2025-04-05,2024-2025,Wolverhampton Wanderers,Ipswich Town,0,2,1,22,6,7,2,16,12,8,4,2,0,3,2,3.0,0.0,1.75,0.5,1.25,2.3571268656716415,1.0
2025-04-13,2024-2025,Wolverhampton Wanderers,Tottenham Hotspur,1,4,2,13,11,5,4,12,15,1,4,1,0,3,1,3.0,0.0,1.25,1.0,0.25,2.177126865671642,1.0
2025-04-20,2024-2025,Wolverhampton Wanderers,Manchester United,0,1,0,4,12,2,2,18,11,2,9,3,0,3,3,3.0,0.0,0.5,0.5,0.0,1.9971268656716419,1.0
2025-04-26,2024-2025,Wolverhampton Wanderers,Leicester City,1,3,0,20,8,6,2,7,17,4,2,1,0,3,1,3.0,0.0,1.5,0.5,1.0,2.357126865671642,1.0
2025-05-02,2024-2025,Wolverhampton Wanderers,Manchester City,0,0,1,6,9,1,2,11,7,5,4,0,0,0,0,2.0,1.0,0.25,0.5,-0.25,-1.152873134328358,1.0
2025-05-10,2024-2025,Wolverhampton Wanderers,Brighton and Hove Albion,1,0,2,10,7,3,2,8,12,7,4,1,0,0,1,1.0,2.0,0.75,0.5,0.25,-1.662873134328358,1.0
2025-05-20,2024-2025,Wolverhampton Wanderers,Crystal Palace,0,2,4,12,14,3,10,8,14,10,0,2,0,0,2,0.0,3.0,0.75,2.5,-1.75,-2.772873134328358,1.0
2025-05-25,2024-2025,Wolverhampton Wanderers,Brentford,1,1,1,18,13,6,7,7,9,8,3,2,0,1,2,0.3333333333333333,2.3333333333333335,1.5,1.75,-0.25,-1.282873134328358,1.0
2025-08-16,2025-2026,Wolverhampton Wanderers,Manchester City,1,0,4,9,15,3,4,13,7,4,6,1,0,0,1,0.3333333333333333,2.3333333333333335,0.75,1.0,-0.25,-2.122873134328358,1.0
2025-08-23,2025-2026,Wolverhampton Wanderers,Bournemouth,0,0,1,6,14,1,4,16,13,3,8,4,1,0,7,0.3333333333333333,2.3333333333333335,0.25,1.0,-0.75,-2.602873134328358,1.0
2025-08-30,2025-2026,Wolverhampton Wanderers,Everton,1,2,3,12,10,4,4,15,10,2,2,0,0,0,0,0.0,3.0,1.0,1.0,0.0,-2.232873134328358,1.0
2025-09-13,2025-2026,Wolverhampton Wanderers,Newcastle United,0,0,1,8,16,3,4,17,10,4,10,4,0,0,4,0.0,3.0,0.75,1.0,-0.25,-2.5328731343283577,1.0
2025-09-20,2025-2026,Wolverhampton Wanderers,Leeds United,1,1,3,16,6,6,4,11,9,4,0,1,0,0,1,0.0,3.0,1.5,1.0,0.5,-2.172873134328358,1.0
2025-09-27,2025-2026,Wolverhampton Wanderers,Tottenham Hotspur,0,1,1,9,10,3,3,11,9,9,10,2,0,1,2,0.3333333333333333,2.3333333333333335,0.75,0.75,0.0,-1.2228731343283579,1.0
2025-10-05,2025-2026,Wolverhampton Wanderers,Brighton and Hove Albion,1,1,1,6,17,3,6,13,9,2,8,2,0,1,2,0.6666666666666666,1.6666666666666667,0.75,1.5,-0.75,-1.172873134328358,1.0
2025-10-18,2025-2026,Wolverhampton Wanderers,Sunderland,0,0,2,16,8,3,2,12,5,2,3,0,0,0,0,0.6666666666666666,1.6666666666666667,0.75,0.5,0.25,-1.712873134328358,1.0
2025-10-26,2025-2026,Wolverhampton Wanderers,Burnley,1,2,3,15,11,7,7,12,7,5,3,1,0,0,1,0.3333333333333333,2.3333333333333335,1.75,1.75,0.0,-2.062873134328358,1.0
2025-11-01,2025-2026,Wolverhampton Wanderers,Fulham,0,0,3,5,19,2,6,14,13,1,10,3,1,0,6,0.0,3.0,0.5,1.5,-1.0,-2.832873134328358,1.0
2025-11-08,2025-2026,Wolverhampton Wanderers,Chelsea,0,0,3,3,20,0,8,14,12,1,10,2,0,0,2,0.0,3.0,0.0,2.0,-2.0,-2.832873134328358,1.0
