date,season,team,opponent,is_home,goals_for,goals_against,shots_for,shots_against,shots_on_target_for,shots_on_target_against,fouls_for,fouls_against,corners_for,corners_against,yellow,red,pts,card_points,form3,opp_avg_pts,xg_for,xg_against,xGD
2020-09-12,2020-2021,Arsenal,Fulham,0,3,0,13,5,6,2,12,12,3,2,2,0,3,2,3.0,0.0,1.5,0.5,1.0
2020-09-19,2020-2021,Arsenal,West Ham United,1,2,1,7,14,3,3,11,13,7,5,0,0,3,0,3.0,0.0,0.75,0.75,0.0
2020-09-28,2020-2021,Arsenal,Liverpool,0,1,3,4,21,3,8,7,11,3,7,2,0,0,2,2.0,1.0,0.75,2.0,-1.25
2020-10-04,2020-2021,Arsenal,Sheffield United,1,2,1,6,6,5,2,3,9,2,4,0,0,3,0,2.0,1.0,1.25,0.5,0.75
2020-10-17,2020-2021,Arsenal,Manchester City,0,0,1,11,13,3,5,10,15,6,6,1,0,0,1,1.0,2.0,0.75,1.25,-0.5
2020-10-25,2020-2021,Arsenal,Leicester City,1,0,1,12,6,4,2,13,9,9,3,3,0,0,3,1.0,2.0,1.0,0.5,0.5
2020-11-01,2020-2021,Arsenal,Manchester United,0,1,0,7,8,2,2,12,12,3,6,3,0,3,3,1.0,2.0,0.5,0.5,0.0
2020-11-08,2020-2021,Arsenal,Aston Villa,1,0,3,13,15,2,6,11,13,3,8,0,0,0,0,1.0,2.0,0.5,1.5,-1.0
2020-11-22,2020-2021,Arsenal,Leeds United,0,0,0,9,25,2,4,8,9,3,5,0,1,1,3,1.3333333333333333,1.3333333333333333,0.5,1.0,-0.5
2020-11-29,2020-2021,Arsenal,Wolverhampton Wanderers,1,1,2,13,11,2,5,13,13,8,4,3,0,0,3,0.3333333333333333,2.3333333333333335,0.5,1.25,-0.75
2020-12-06,2020-2021,Arsenal,Tottenham Hotspur,0,0,2,11,6,2,3,12,16,9,3,2,0,0,2,0.3333333333333333,2.3333333333333335,0.5,0.75,-0.25
2020-12-13,2020-2021,Arsenal,Burnley,1,0,1,18,10,6,2,5,11,13,4,2,1,0,5,0.0,3.0,1.5,0.5,1.0
2020-12-16,2020-2021,Arsenal,Southampton,1,1,1,9,13,4,3,13,13,2,7,1,1,1,4,0.3333333333333333,2.3333333333333335,1.0,0.75,0.25
2020-12-19,2020-2021,Arsenal,Everton,0,1,2,13,9,2,2,9,9,3,4,3,0,0,3,0.3333333333333333,2.3333333333333335,0.5,0.5,0.0
2020-12-26,2020-2021,Arsenal,Chelsea,1,3,1,15,19,7,3,13,10,7,9,2,0,3,2,1.3333333333333333,1.3333333333333333,1.75,0.75,1.0
2020-12-29,2020-2021,Arsenal,Brighton and Hove Albion,0,1,0,11,13,3,2,4,11,4,5,0,0,3,0,2.0,1.0,0.75,0.5,0.25
2021-01-02,2020-2021,Arsenal,West Brom,0,4,0,21,7,12,3,4,7,5,3,2,0,3,2,3.0,0.0,3.0,0.75,2.25
2021-01-14,2020-2021,Arsenal,Crystal Palace,1,0,0,11,12,4,2,10,11,7,3,1,0,1,1,2.3333333333333335,0.3333333333333333,1.0,0.5,0.5
2021-01-18,2020-2021,Arsenal,Newcastle United,1,3,0,20,4,6,1,9,8,7,2,0,0,3,0,2.3333333333333335,0.3333333333333333,1.5,0.25,1.25
2021-01-26,2020-2021,Arsenal,Southampton,0,3,1,9,13,5,5,6,11,5,4,2,0,3,2,2.3333333333333335,0.3333333333333333,1.25,1.25,0.0
2021-01-30,2020-2021,Arsenal,Manchester United,1,0,0,17,14,3,3,9,16,4,7,1,0,1,1,2.3333333333333335,0.3333333333333333,0.75,0.75,0.0
2021-02-02,2020-2021,Arsenal,Wolverhampton Wanderers,0,1,2,9,11,3,7,8,11,6,9,2,2,0,8,1.3333333333333333,1.3333333333333333,0.75,1.75,-1.0
2021-02-06,2020-2021,Arsenal,Aston Villa,0,0,1,14,12,3,8,12,12,7,3,2,0,0,2,0.3333333333333333,2.3333333333333335,0.75,2.0,-1.25
2021-02-14,2020-2021,Arsenal,Leeds United,1,4,2,13,9,5,5,8,17,4,5,0,0,3,0,1.0,2.0,1.25,1.25,0.0
2021-02-21,2020-2021,Arsenal,Manchester City,1,0,1,7,15,1,3,11,9,1,3,2,0,0,2,1.0,2.0,0.25,0.75,-0.5
2021-02-28,2020-2021,Arsenal,Leicester City,0,3,1,12,8,4,3,3,15,7,2,1,0,3,1,2.0,1.0,1.0,0.75,0.25
2021-03-06,2020-2021,Arsenal,Burnley,0,1,1,15,9,3,5,12,5,4,2,1,0,1,1,1.3333333333333333,1.3333333333333333,0.75,1.25,-0.5
2021-03-14,2020-2021,Arsenal,Tottenham Hotspur,1,2,1,13,6,3,3,12,14,6,3,1,0,3,1,2.3333333333333335,0.3333333333333333,0.75,0.75,0.0
2021-03-21,2020-2021,Arsenal,West Ham United,0,3,3,16,15,7,5,8,18,5,3,1,0,1,1,1.6666666666666667,0.6666666666666666,1.75,1.25,0.5
2021-04-03,2020-2021,Arsenal,Liverpool,1,0,3,3,16,2,7,10,10,1,2,1,0,0,1,1.3333333333333333,1.3333333333333333,0.5,1.75,-1.25
2021-04-11,2020-2021,Arsenal,Sheffield United,0,3,0,14,7,5,2,6,9,4,2,1,0,3,1,1.3333333333333333,1.3333333333333333,1.25,0.5,0.75
2021-04-18,2020-2021,Arsenal,Fulham,1,1,1,18,3,5,1,9,11,11,1,0,0,1,0,1.3333333333333333,1.3333333333333333,1.25,0.25,1.0
2021-04-23,2020-2021,Arsenal,Everton,1,0,1,14,8,3,1,13,10,7,3,1,0,0,1,1.3333333333333333,1.3333333333333333,0.75,0.25,0.5
2021-05-02,2020-2021,Arsenal,Newcastle United,0,2,0,19,5,5,1,9,10,7,3,1,0,3,1,1.3333333333333333,1.3333333333333333,1.25,0.25,1.0
2021-05-09,2020-2021,Arsenal,West Brom,1,3,1,15,12,7,1,7,9,6,6,1,0,3,1,2.0,1.0,1.75,0.25,1.5
2021-05-12,2020-2021,Arsenal,Chelsea,0,1,0,5,19,2,5,6,7,1,9,1,0,3,1,3.0,0.0,0.5,1.25,-0.75
2021-05-19,2020-2021,Arsenal,Crystal Palace,0,3,1,6,12,3,6,7,7,7,6,1,0,3,1,3.0,0.0,0.75,1.5,-0.75
2021-05-23,2020-2021,Arsenal,Brighton and Hove Albion,1,2,0,16,5,5,1,10,8,11,3,0,0,3,0,3.0,0.0,1.25,0.25,1.0
2021-08-13,2021-2022,Arsenal,Brentford,0,0,2,22,8,4,3,8,12,5,2,0,0,0,0,2.0,1.0,1.0,0.75,0.25
2021-08-22,2021-2022,Arsenal,Chelsea,1,0,2,6,22,3,5,10,4,9,8,3,0,0,3,1.0,2.0,0.75,1.25,-0.5
2021-08-28,2021-2022,Arsenal,Manchester City,0,0,5,1,25,0,10,7,5,0,14,2,1,0,5,0.0,3.0,0.0,2.5,-2.5
2021-09-11,2021-2022,Arsenal,Norwich City,1,1,0,30,10,7,1,9,11,8,4,1,0,3,1,1.0,2.0,1.75,0.25,1.5
2021-09-18,2021-2022,Arsenal,Burnley,0,1,0,13,18,3,3,8,9,3,8,1,0,3,1,2.0,1.0,0.75,0.75,0.0
2021-09-26,2021-2022,Arsenal,Tottenham Hotspur,1,3,1,12,10,7,4,12,13,4,4,2,0,3,2,3.0,0.0,1.75,1.0,0.75
2021-10-02,2021-2022,Arsenal,Brighton and Hove Albion,0,0,0,8,21,2,2,5,8,5,8,1,0,1,1,2.3333333333333335,0.3333333333333333,0.5,0.5,0.0
2021-10-18,2021-2022,Arsenal,Crystal Palace,1,2,2,17,9,6,6,7,4,6,4,1,0,1,1,1.6666666666666667,0.6666666666666666,1.5,1.5,0.0
2021-10-22,2021-2022,Arsenal,Aston Villa,1,3,1,22,10,9,4,17,10,7,4,2,0,3,2,1.6666666666666667,0.6666666666666666,2.25,1.0,1.25
2021-10-30,2021-2022,Arsenal,Leicester City,0,2,0,9,16,5,8,11,8,6,7,0,0,3,0,2.3333333333333335,0.3333333333333333,1.25,2.0,-0.75
2021-11-07,2021-2022,Arsenal,Watford,1,1,0,14,7,6,1,6,19,4,2,4,0,3,4,3.0,0.0,1.5,0.25,1.25
2021-11-20,2021-2022,Arsenal,Liverpool,0,0,4,5,19,3,9,12,15,1,6,0,0,0,0,2.0,1.0,0.75,2.25,-1.5
2021-11-27,2021-2022,Arsenal,Newcastle United,1,2,0,24,9,6,5,6,12,4,4,1,0,3,1,2.0,1.0,1.5,1.25,0.25
2021-12-02,2021-2022,Arsenal,Manchester United,0,2,3,17,14,8,10,10,9,8,3,0,0,0,0,1.0,2.0,2.0,2.5,-0.5
2021-12-06,2021-2022,Arsenal,Everton,0,1,2,10,11,3,5,12,8,3,3,2,0,0,2,1.0,2.0,0.75,1.25,-0.5
2021-12-11,2021-2022,Arsenal,Southampton,1,3,0,15,11,5,6,5,9,9,8,2,0,3,2,1.0,2.0,1.25,1.5,-0.25
2021-12-15,2021-2022,Arsenal,West Ham United,1,2,0,21,7,8,1,8,9,5,2,2,0,3,2,2.0,1.0,2.0,0.25,1.75
2021-12-18,2021-2022,Arsenal,Leeds United,0,4,1,21,9,12,2,7,11,4,1,1,0,3,1,3.0,0.0,3.0,0.5,2.5
2021-12-26,2021-2022,Arsenal,Norwich City,0,5,0,16,4,6,2,7,13,5,3,2,0,3,2,3.0,0.0,1.5,0.5,1.0
2022-01-01,2021-2022,Arsenal,Manchester City,1,1,2,7,15,2,2,13,5,5,5,3,1,0,6,2.0,1.0,0.5,0.5,0.0
2022-01-23,2021-2022,Arsenal,Burnley,1,0,0,20,10,5,1,9,13,12,4,0,0,1,0,1.3333333333333333,1.3333333333333333,1.25,0.25,1.0
2022-02-10,2021-2022,Arsenal,Wolverhampton Wanderers,0,1,0,12,15,2,4,13,12,4,7,3,1,3,6,1.3333333333333333,1.3333333333333333,0.5,1.0,-0.5
2022-02-19,2021-2022,Arsenal,Brentford,1,2,1,24,6,8,2,10,5,14,0,1,0,3,1,2.3333333333333335,0.3333333333333333,2.0,0.5,1.5
2022-02-24,2021-2022,Arsenal,Wolverhampton Wanderers,1,2,1,26,6,5,2,8,9,5,4,1,0,3,1,3.0,0.0,1.25,0.5,0.75
2022-03-06,2021-2022,Arsenal,Watford,0,3,2,16,13,4,7,11,5,5,1,2,0,3,2,3.0,0.0,1.0,1.75,-0.75
2022-03-13,2021-2022,Arsenal,Leicester City,1,2,0,21,6,8,3,8,10,2,6,0,0,3,0,3.0,0.0,2.0,0.75,1.25
2022-03-16,2021-2022,Arsenal,Liverpool,1,0,2,9,9,2,3,9,9,1,6,0,0,0,0,2.0,1.0,0.5,0.75,-0.25
2022-03-19,2021-2022,Arsenal,Aston Villa,0,1,0,10,8,3,1,14,13,5,6,3,0,3,3,2.0,1.0,0.75,0.25,0.5
2022-04-04,2021-2022,Arsenal,Crystal Palace,0,0,3,12,6,3,5,15,11,2,0,2,0,0,2,1.0,2.0,0.75,1.25,-0.5
2022-04-09,2021-2022,Arsenal,Brighton and Hove Albion,1,1,2,20,8,4,3,12,19,11,2,3,0,0,3,1.0,2.0,1.0,0.75,0.25
2022-04-16,2021-2022,Arsenal,Southampton,0,0,1,23,9,6,3,6,6,8,6,1,0,0,1,0.0,3.0,1.5,0.75,0.75
2022-04-20,2021-2022,Arsenal,Chelsea,0,4,2,14,11,4,2,6,7,1,6,1,0,3,1,1.0,2.0,1.0,0.5,0.5
2022-04-23,2021-2022,Arsenal,Manchester United,1,3,1,14,14,7,5,9,12,1,7,3,0,3,3,2.0,1.0,1.75,1.25,0.5
2022-05-01,2021-2022,Arsenal,West Ham United,0,2,1,13,8,7,3,9,8,7,3,2,0,3,2,3.0,0.0,1.75,0.75,1.0
2022-05-08,2021-2022,Arsenal,Leeds United,1,2,1,19,3,9,2,13,15,8,2,2,0,3,2,3.0,0.0,2.25,0.5,1.75
2022-05-12,2021-2022,Arsenal,Tottenham Hotspur,0,0,3,8,16,4,6,15,8,2,2,3,1,0,6,2.0,1.0,1.0,1.5,-0.5
2022-05-16,2021-2022,Arsenal,Newcastle United,0,0,2,11,16,2,4,8,11,8,12,3,0,0,3,1.0,2.0,0.5,1.0,-0.5
2022-05-22,2021-2022,Arsenal,Everton,1,5,1,26,6,9,2,8,9,12,2,0,0,3,0,1.0,2.0,2.25,0.5,1.75
2022-08-05,2022-2023,Arsenal,Crystal Palace,0,2,0,10,10,2,2,11,16,5,3,2,0,3,2,2.0,1.0,0.5,0.5,0.0
2022-08-13,2022-2023,Arsenal,Leicester City,1,4,2,19,6,7,2,15,9,6,2,1,0,3,1,3.0,0.0,1.75,0.5,1.25
2022-08-20,2022-2023,Arsenal,Bournemouth,0,3,0,14,6,6,1,10,12,4,3,1,0,3,1,3.0,0.0,1.5,0.25,1.25
2022-08-27,2022-2023,Arsenal,Fulham,1,2,1,22,11,8,3,6,12,9,2,2,0,3,2,3.0,0.0,2.0,0.75,1.25
2022-08-31,2022-2023,Arsenal,Aston Villa,1,2,1,22,4,9,3,10,14,10,3,2,0,3,2,3.0,0.0,2.25,0.75,1.5
2022-09-04,2022-2023,Arsenal,Manchester United,0,1,3,16,10,3,6,9,13,5,2,3,0,0,3,2.0,1.0,0.75,1.5,-0.75
2022-09-18,2022-2023,Arsenal,Brentford,0,3,0,13,5,7,2,10,10,3,3,2,0,3,2,2.0,1.0,1.75,0.5,1.25
2022-10-01,2022-2023,Arsenal,Tottenham Hotspur,1,3,1,22,7,9,3,10,10,5,2,2,0,3,2,2.0,1.0,2.25,0.75,1.5
2022-10-09,2022-2023,Arsenal,Liverpool,1,3,2,11,8,7,3,11,11,4,3,1,0,3,1,3.0,0.0,1.75,0.75,1.0
2022-10-16,2022-2023,Arsenal,Leeds United,0,1,0,9,16,4,4,11,10,3,6,2,0,3,2,3.0,0.0,1.0,1.0,0.0
2022-10-23,2022-2023,Arsenal,Southampton,0,1,1,12,10,3,3,8,11,4,9,1,0,1,1,2.3333333333333335,0.3333333333333333,0.75,0.75,0.0
2022-10-30,2022-2023,Arsenal,Nottingham Forest,1,5,0,24,5,10,2,9,8,9,4,0,0,3,0,2.3333333333333335,0.3333333333333333,2.5,0.5,2.0
2022-11-06,2022-2023,Arsenal,Chelsea,0,1,0,14,5,2,1,13,20,6,4,2,0,3,2,2.3333333333333335,0.3333333333333333,0.5,0.25,0.25
2022-11-12,2022-2023,Arsenal,Wolverhampton Wanderers,0,2,0,14,11,4,2,6,5,4,6,2,0,3,2,3.0,0.0,1.0,0.5,0.5
2022-12-26,2022-2023,Arsenal,West Ham United,1,3,1,16,8,5,4,13,17,7,5,0,0,3,0,3.0,0.0,1.25,1.0,0.25
2022-12-31,2022-2023,Arsenal,Brighton and Hove Albion,0,4,2,14,9,7,5,11,7,4,7,3,0,3,3,3.0,0.0,1.75,1.25,0.5
2023-01-03,2022-2023,Arsenal,Newcastle United,1,0,0,17,8,4,1,10,16,5,5,4,0,1,4,2.3333333333333335,0.3333333333333333,1.0,0.25,0.75
2023-01-15,2022-2023,Arsenal,Tottenham Hotspur,0,2,0,14,17,5,7,15,16,3,4,2,0,3,2,2.3333333333333335,0.3333333333333333,1.25,1.75,-0.5
2023-01-22,2022-2023,Arsenal,Manchester United,1,3,2,25,6,5,4,8,9,12,4,1,0,3,1,2.3333333333333335,0.3333333333333333,1.25,1.0,0.25
2023-02-04,2022-2023,Arsenal,Everton,0,0,1,15,12,3,4,8,13,5,7,1,0,0,1,2.0,1.0,0.75,1.0,-0.25
2023-02-11,2022-2023,Arsenal,Brentford,1,1,1,23,9,7,2,9,9,7,4,0,0,1,0,1.3333333333333333,1.3333333333333333,1.75,0.5,1.25
2023-02-15,2022-2023,Arsenal,Manchester City,1,1,3,10,9,1,6,11,15,1,3,2,0,0,2,0.3333333333333333,2.3333333333333335,0.25,1.5,-1.25
2023-02-18,2022-2023,Arsenal,Aston Villa,0,4,2,20,7,5,5,4,13,9,2,1,0,3,1,1.3333333333333333,1.3333333333333333,1.25,1.25,0.0
2023-02-25,2022-2023,Arsenal,Leicester City,0,1,0,10,1,2,0,9,14,8,0,1,0,3,1,2.0,1.0,0.5,0.0,0.5
2023-03-01,2022-2023,Arsenal,Everton,1,4,0,15,8,5,5,5,12,5,1,0,0,3,0,3.0,0.0,1.25,1.25,0.0
2023-03-04,2022-2023,Arsenal,Bournemouth,1,3,2,31,4,9,4,6,8,17,1,0,0,3,0,3.0,0.0,2.25,1.0,1.25
2023-03-12,2022-2023,Arsenal,Fulham,0,3,0,15,12,7,2,9,10,8,4,1,0,3,1,3.0,0.0,1.75,0.5,1.25
2023-03-19,2022-2023,Arsenal,Crystal Palace,1,4,1,15,8,5,4,8,10,5,4,0,0,3,0,3.0,0.0,1.25,1.0,0.25
2023-04-01,2022-2023,Arsenal,Leeds United,1,4,1,13,7,6,5,11,13,4,3,0,0,3,0,3.0,0.0,1.5,1.25,0.25
2023-04-09,2022-2023,Arsenal,Liverpool,0,2,2,9,21,5,6,11,11,4,5,4,0,1,4,2.3333333333333335,0.3333333333333333,1.25,1.5,-0.25
2023-04-16,2022-2023,Arsenal,West Ham United,0,2,2,11,16,5,3,8,11,2,7,2,0,1,2,1.6666666666666667,0.6666666666666666,1.25,0.75,0.5
2023-04-21,2022-2023,Arsenal,Southampton,1,3,3,25,8,6,6,10,14,7,2,1,0,1,1,1.0,1.0,1.5,1.5,0.0
2023-04-26,2022-2023,Arsenal,Manchester City,0,1,4,8,14,2,9,13,13,3,1,1,0,0,1,0.6666666666666666,1.6666666666666667,0.5,2.25,-1.75
2023-05-02,2022-2023,Arsenal,Chelsea,1,3,1,16,7,10,4,10,10,7,2,0,0,3,0,1.3333333333333333,1.3333333333333333,2.5,1.0,1.5
2023-05-07,2022-2023,Arsenal,Newcastle United,0,2,0,10,12,6,5,12,16,4,9,1,0,3,1,2.0,1.0,1.5,1.25,0.25
2023-05-14,2022-2023,Arsenal,Brighton and Hove Albion,1,0,3,14,12,2,6,13,17,5,2,1,0,0,1,2.0,1.0,0.5,1.5,-1.0
2023-05-20,2022-2023,Arsenal,Nottingham Forest,0,0,1,11,6,3,2,12,11,6,3,2,0,0,2,1.0,2.0,0.75,0.5,0.25
2023-05-28,2022-2023,Arsenal,Wolverhampton Wanderers,1,5,0,14,6,8,0,8,11,8,4,0,0,3,0,1.0,2.0,2.0,0.0,2.0
2023-08-12,2023-2024,Arsenal,Nottingham Forest,1,2,1,15,6,7,2,12,12,8,3,2,0,3,2,2.0,1.0,1.75,0.5,1.25
2023-08-21,2023-2024,Arsenal,Crystal Palace,0,1,0,14,14,3,2,10,14,8,1,1,1,3,4,3.0,0.0,0.75,0.5,0.25
2023-08-26,2023-2024,Arsenal,Fulham,1,2,2,19,8,11,3,6,5,8,3,0,0,1,0,2.3333333333333335,0.3333333333333333,2.75,0.75,2.0
2023-09-03,2023-2024,Arsenal,Manchester United,1,3,1,17,10,5,2,8,7,12,3,2,0,3,2,2.3333333333333335,0.3333333333333333,1.25,0.5,0.75
2023-09-17,2023-2024,Arsenal,Everton,0,1,0,13,8,4,1,10,12,11,1,1,0,3,1,2.3333333333333335,0.3333333333333333,1.0,0.25,0.75
2023-09-24,2023-2024,Arsenal,Tottenham Hotspur,1,2,2,13,13,6,5,12,19,11,4,3,0,1,3,2.3333333333333335,0.3333333333333333,1.5,1.25,0.25
2023-09-30,2023-2024,Arsenal,Bournemouth,0,4,0,15,8,8,1,10,11,6,6,1,0,3,1,2.3333333333333335,0.3333333333333333,2.0,0.25,1.75
2023-10-08,2023-2024,Arsenal,Manchester City,1,1,0,12,4,2,1,8,7,5,4,2,0,3,2,2.3333333333333335,0.3333333333333333,0.5,0.25,0.25
2023-10-21,2023-2024,Arsenal,Chelsea,0,2,2,13,11,3,5,14,7,7,2,3,0,1,3,2.3333333333333335,0.3333333333333333,0.75,1.25,-0.5
2023-10-28,2023-2024,Arsenal,Sheffield United,1,5,0,13,2,8,0,9,13,6,1,0,0,3,0,2.3333333333333335,0.3333333333333333,2.0,0.0,2.0
2023-11-04,2023-2024,Arsenal,Newcastle United,0,0,1,14,9,1,2,9,14,11,0,1,0,0,1,1.3333333333333333,1.3333333333333333,0.25,0.5,-0.25
2023-11-11,2023-2024,Arsenal,Burnley,1,3,1,16,8,6,5,8,9,3,3,0,1,3,3,2.0,1.0,1.5,1.25,0.25
2023-11-25,2023-2024,Arsenal,Brentford,0,1,0,15,9,4,3,7,9,8,1,1,0,3,1,2.0,1.0,1.0,0.75,0.25
2023-12-02,2023-2024,Arsenal,Wolverhampton Wanderers,1,2,1,19,6,6,3,10,10,4,0,1,0,3,1,3.0,0.0,1.5,0.75,0.75
2023-12-05,2023-2024,Arsenal,Luton Town,0,4,3,23,6,9,4,7,14,8,3,1,0,3,1,3.0,0.0,2.25,1.0,1.25
2023-12-09,2023-2024,Arsenal,Aston Villa,0,0,1,12,10,5,3,11,16,3,3,2,0,0,2,2.0,1.0,1.25,0.75,0.5
2023-12-17,2023-2024,Arsenal,Brighton and Hove Albion,1,2,0,26,6,9,1,11,9,10,1,1,0,3,1,2.0,1.0,2.25,0.25,2.0
2023-12-23,2023-2024,Arsenal,Liverpool,0,1,1,13,13,2,3,14,13,5,4,5,0,1,5,1.3333333333333333,1.3333333333333333,0.5,0.75,-0.25
2023-12-28,2023-2024,Arsenal,West Ham United,1,0,2,30,6,8,3,8,8,10,3,2,0,0,2,1.3333333333333333,1.3333333333333333,2.0,0.75,1.25
2023-12-31,2023-2024,Arsenal,Fulham,0,1,2,13,15,3,4,10,11,4,5,1,0,0,1,0.3333333333333333,2.3333333333333335,0.75,1.0,-0.25
2024-01-20,2023-2024,Arsenal,Crystal Palace,1,5,0,21,12,6,5,8,12,6,7,0,0,3,0,1.0,2.0,1.5,1.25,0.25
2024-01-30,2023-2024,Arsenal,Nottingham Forest,0,2,1,19,9,3,3,7,6,11,2,1,0,3,1,2.0,1.0,0.75,0.75,0.0
2024-02-04,2023-2024,Arsenal,Liverpool,1,3,1,15,10,7,1,11,11,2,4,6,0,3,6,3.0,0.0,1.75,0.25,1.5
2024-02-11,2023-2024,Arsenal,West Ham United,0,6,0,25,5,12,1,11,17,6,2,0,0,3,0,3.0,0.0,3.0,0.25,2.75
2024-02-17,2023-2024,Arsenal,Burnley,0,5,0,16,8,7,0,8,11,6,4,1,0,3,1,3.0,0.0,1.75,0.0,1.75
2024-02-24,2023-2024,Arsenal,Newcastle United,1,4,1,18,3,8,2,15,6,9,0,1,0,3,1,3.0,0.0,2.0,0.5,1.5
2024-03-04,2023-2024,Arsenal,Sheffield United,0,6,0,22,4,10,0,4,11,7,0,0,0,3,0,3.0,0.0,2.5,0.0,2.5
2024-03-09,2023-2024,Arsenal,Brentford,1,2,1,17,9,6,4,9,10,10,4,2,0,3,2,3.0,0.0,1.5,1.0,0.5
2024-03-31,2023-2024,Arsenal,Manchester City,0,0,0,6,12,2,1,20,9,4,7,2,0,1,2,2.3333333333333335,0.3333333333333333,0.5,0.25,0.25
2024-04-03,2023-2024,Arsenal,Luton Town,1,2,0,13,5,4,1,12,8,3,1,1,0,3,1,2.3333333333333335,0.3333333333333333,1.0,0.25,0.75
2024-04-06,2023-2024,Arsenal,Brighton and Hove Albion,0,3,0,20,10,7,2,13,14,7,8,2,0,3,2,2.3333333333333335,0.3333333333333333,1.75,0.5,1.25
2024-04-14,2023-2024,Arsenal,Aston Villa,1,0,2,18,11,4,2,12,7,4,6,3,0,0,3,2.0,1.0,1.0,0.5,0.5
2024-04-20,2023-2024,Arsenal,Wolverhampton Wanderers,0,2,0,24,5,9,3,9,14,2,1,2,0,3,2,2.0,1.0,2.25,0.75,1.5
2024-04-23,2023-2024,Arsenal,Chelsea,1,5,0,27,7,10,1,12,11,4,2,2,0,3,2,2.0,1.0,2.5,0.25,2.25
2024-04-28,2023-2024,Arsenal,Tottenham Hotspur,0,3,2,9,14,3,2,16,12,6,8,1,0,3,1,3.0,0.0,0.75,0.5,0.25
2024-05-04,2023-2024,Arsenal,Bournemouth,1,3,0,25,7,9,2,16,12,6,1,2,0,3,2,3.0,0.0,2.25,0.5,1.75
2024-05-12,2023-2024,Arsenal,Manchester United,0,1,0,11,14,5,2,6,5,7,4,2,0,3,2,3.0,0.0,1.25,0.5,0.75
2024-05-19,2023-2024,Arsenal,Everton,1,2,1,26,5,5,2,8,11,8,1,4,0,3,4,3.0,0.0,1.25,0.5,0.75
2024-08-17,2024-2025,Arsenal,Wolverhampton Wanderers,1,2,0,18,9,6,3,17,14,8,2,2,0,3,2,3.0,0.0,1.5,0.75,0.75
2024-08-24,2024-2025,Arsenal,Aston Villa,0,2,0,9,11,4,3,15,8,1,4,3,0,3,3,3.0,0.0,1.0,0.75,0.25
2024-08-31,2024-2025,Arsenal,Brighton and Hove Albion,1,1,1,11,22,7,4,12,7,3,7,3,1,1,6,2.3333333333333335,0.3333333333333333,1.75,1.0,0.75
2024-09-15,2024-2025,Arsenal,Tottenham Hotspur,0,1,0,7,15,4,5,10,13,6,7,3,0,3,3,2.3333333333333335,0.3333333333333333,1.0,1.25,-0.25
2024-09-22,2024-2025,Arsenal,Manchester City,0,2,2,5,33,3,11,10,7,2,8,4,1,1,7,1.6666666666666667,0.6666666666666666,0.75,2.75,-2.0
2024-09-28,2024-2025,Arsenal,Leicester City,1,4,2,36,5,16,3,11,6,17,0,2,0,3,2,2.3333333333333335,0.3333333333333333,4.0,0.75,3.25
2024-10-05,2024-2025,Arsenal,Southampton,1,3,1,29,8,6,2,10,9,13,1,0,0,3,0,2.3333333333333335,0.3333333333333333,1.5,0.5,1.0
2024-10-19,2024-2025,Arsenal,Bournemouth,0,0,2,6,13,1,4,11,12,4,7,1,1,0,4,2.0,1.0,0.25,1.0,-0.75
2024-10-27,2024-2025,Arsenal,Liverpool,1,2,2,9,9,3,4,14,14,1,3,2,0,1,2,1.3333333333333333,1.3333333333333333,0.75,1.0,-0.25
2024-11-02,2024-2025,Arsenal,Newcastle United,0,0,1,10,9,1,4,18,16,6,4,4,0,0,4,0.3333333333333333,2.3333333333333335,0.25,1.0,-0.75
2024-11-10,2024-2025,Arsenal,Chelsea,0,1,1,13,17,3,3,12,12,3,4,2,0,1,2,0.6666666666666666,1.6666666666666667,0.75,0.75,0.0
2024-11-23,2024-2025,Arsenal,Nottingham Forest,1,3,0,19,7,7,0,10,1,8,1,3,0,3,3,1.3333333333333333,1.3333333333333333,1.75,0.0,1.75
2024-11-30,2024-2025,Arsenal,West Ham United,0,5,2,16,12,7,5,13,10,10,2,1,0,3,1,2.3333333333333335,0.3333333333333333,1.75,1.25,0.5
2024-12-04,2024-2025,Arsenal,Manchester United,1,2,0,14,5,6,2,12,8,13,0,1,0,3,1,3.0,0.0,1.5,0.5,1.0
2024-12-08,2024-2025,Arsenal,Fulham,0,1,1,12,2,4,2,9,10,6,0,2,0,1,2,2.3333333333333335,0.3333333333333333,1.0,0.5,0.5
2024-12-14,2024-2025,Arsenal,Everton,1,0,0,13,2,5,0,6,9,8,2,0,0,1,0,1.6666666666666667,0.6666666666666666,1.25,0.0,1.25
2024-12-21,2024-2025,Arsenal,Crystal Palace,0,5,1,14,15,6,6,8,9,3,3,2,0,3,2,1.6666666666666667,0.6666666666666666,1.5,1.5,0.0
2024-12-27,2024-2025,Arsenal,Ipswich Town,1,1,0,13,3,5,0,7,12,5,1,1,0,3,1,2.3333333333333335,0.3333333333333333,1.25,0.0,1.25
2025-01-01,2024-2025,Arsenal,Brentford,0,3,1,14,5,5,2,8,6,3,4,2,0,3,2,3.0,0.0,1.25,0.5,0.75
2025-01-04,2024-2025,Arsenal,Brighton and Hove Albion,0,1,1,9,11,3,4,14,17,5,2,3,0,1,3,2.3333333333333335,0.3333333333333333,0.75,1.0,-0.25
2025-01-15,2024-2025,Arsenal,Tottenham Hotspur,1,2,1,14,10,4,2,16,9,10,4,3,0,3,3,2.3333333333333335,0.3333333333333333,1.0,0.5,0.5
2025-01-18,2024-2025,Arsenal,Aston Villa,1,2,2,18,8,6,4,10,18,10,1,2,0,1,2,1.6666666666666667,0.6666666666666666,1.5,1.0,0.5
2025-01-25,2024-2025,Arsenal,Wolverhampton Wanderers,0,1,0,9,9,3,4,10,20,5,1,1,1,3,4,2.3333333333333335,0.3333333333333333,0.75,1.0,-0.25
2025-02-02,2024-2025,Arsenal,Manchester City,1,5,1,12,7,7,4,6,7,5,2,2,0,3,2,2.3333333333333335,0.3333333333333333,1.75,1.0,0.75
2025-02-15,2024-2025,Arsenal,Leicester City,0,2,0,11,6,5,2,10,9,7,3,1,0,3,1,3.0,0.0,1.25,0.5,0.75
2025-02-22,2024-2025,Arsenal,West Ham United,1,0,1,20,5,2,2,16,15,2,0,1,1,0,4,2.0,1.0,0.5,0.5,0.0
2025-02-26,2024-2025,Arsenal,Nottingham Forest,0,0,0,13,6,1,2,17,10,11,3,1,0,1,1,1.3333333333333333,1.3333333333333333,0.25,0.5,-0.25
2025-03-09,2024-2025,Arsenal,Manchester United,0,1,1,17,10,6,6,11,8,9,2,1,0,1,1,0.6666666666666666,1.6666666666666667,1.5,1.5,0.0
2025-03-16,2024-2025,Arsenal,Chelsea,1,1,0,12,8,4,2,10,13,5,4,3,0,3,3,1.6666666666666667,0.6666666666666666,1.0,0.5,0.5
2025-04-01,2024-2025,Arsenal,Fulham,1,2,1,17,9,4,3,2,10,5,4,1,0,3,1,2.3333333333333335,0.3333333333333333,1.0,0.75,0.25
2025-04-05,2024-2025,Arsenal,Everton,0,1,1,14,5,5,2,13,17,8,3,1,0,1,1,2.3333333333333335,0.3333333333333333,1.25,0.5,0.75
2025-04-12,2024-2025,Arsenal,Brentford,1,1,1,14,3,3,2,7,9,13,5,1,0,1,1,1.6666666666666667,0.6666666666666666,0.75,0.5,0.25
2025-04-20,2024-2025,Arsenal,Ipswich Town,0,4,0,24,4,7,0,7,10,12,0,0,0,3,0,1.6666666666666667,0.6666666666666666,1.75,0.0,1.75
2025-04-23,2024-2025,Arsenal,Crystal Palace,1,2,2,12,15,6,4,4,6,3,6,1,0,1,1,1.6666666666666667,0.6666666666666666,1.5,1.0,0.5
2025-05-03,2024-2025,Arsenal,Bournemouth,1,1,2,13,9,4,2,7,16,2,3,0,0,0,0,1.3333333333333333,1.3333333333333333,1.0,0.5,0.5
2025-05-11,2024-2025,Arsenal,Liverpool,0,2,2,15,14,7,5,10,13,1,3,1,1,1,4,0.6666666666666666,1.6666666666666667,1.75,1.25,0.5
2025-05-18,2024-2025,Arsenal,Newcastle United,1,1,0,12,14,4,5,9,9,10,7,3,0,3,3,1.3333333333333333,1.3333333333333333,1.0,1.25,-0.25
2025-05-25,2024-2025,Arsenal,Southampton,0,2,1,23,7,8,2,8,7,8,5,0,0,3,0,2.3333333333333335,0.3333333333333333,2.0,0.5,1.5
2025-08-17,2025-2026,Arsenal,Manchester United,0,1,0,9,22,3,7,19,10,4,3,4,0,3,4,3.0,0.0,0.75,1.75,-1.0
2025-08-23,2025-2026,Arsenal,Leeds United,1,5,0,18,3,5,1,8,11,2,2,0,0,3,0,3.0,0.0,1.25,0.25,1.0
2025-08-31,2025-2026,Arsenal,Liverpool,0,0,1,11,9,1,3,10,7,8,3,2,0,0,2,2.0,1.0,0.25,0.75,-0.5
2025-09-13,2025-2026,Arsenal,Nottingham Forest,1,3,0,16,5,5,1,8,11,8,4,1,0,3,1,2.0,1.0,1.25,0.25,1.0
2025-09-21,2025-2026,Arsenal,Manchester City,1,1,1,12,5,3,3,11,10,11,2,1,0,1,1,1.3333333333333333,1.3333333333333333,0.75,0.75,0.0
2025-09-28,2025-2026,Arsenal,Newcastle United,0,2,1,20,8,7,3,9,8,12,7,1,0,3,1,2.3333333333333335,0.3333333333333333,1.75,0.75,1.0
2025-10-04,2025-2026,Arsenal,West Ham United,1,2,0,21,4,5,0,14,14,8,3,0,0,3,0,2.3333333333333335,0.3333333333333333,1.25,0.0,1.25
2025-10-18,2025-2026,Arsenal,Fulham,0,1,0,16,9,5,0,4,11,10,6,0,0,3,0,3.0,0.0,1.25,0.0,1.25
2025-10-26,2025-2026,Arsenal,Crystal Palace,1,1,0,10,7,3,1,6,11,4,3,0,0,3,0,3.0,0.0,0.75,0.25,0.5
2025-11-01,2025-2026,Arsenal,Burnley,0,2,0,12,3,8,0,13,10,6,1,1,0,3,1,3.0,0.0,2.0,0.0,2.0
2025-11-08,2025-2026,Arsenal,Sunderland,0,2,2,17,6,7,2,13,13,2,2,1,0,1,1,2.3333333333333335,0.3333333333333333,1.75,0.5,1.25
2020-09-21,2020-2021,Aston Villa,Sheffield United,1,1,0,18,4,2,1,12,13,10,4,3,0,3,3,3.0,0.0,0.5,0.25,0.25
2020-09-28,2020-2021,Aston Villa,Fulham,0,3,0,12,16,5,3,14,18,3,5,3,0,3,3,3.0,0.0,1.25,0.75,0.5
2020-10-04,2020-2021,Aston Villa,Liverpool,1,7,2,18,14,11,8,7,10,2,7,2,0,3,2,3.0,0.0,2.75,2.0,0.75
2020-10-18,2020-2021,Aston Villa,Leicester City,0,1,0,10,11,4,5,18,18,7,2,3,0,3,3,3.0,0.0,1.0,1.25,-0.25
2020-10-23,2020-2021,Aston Villa,Leeds United,1,0,3,12,27,4,9,14,17,6,5,2,0,0,2,2.0,1.0,1.0,2.25,-1.25
2020-11-01,2020-2021,Aston Villa,Southampton,1,3,4,19,9,10,4,12,17,11,1,1,0,0,1,1.0,2.0,2.5,1.0,1.5
2020-11-08,2020-2021,Aston Villa,Arsenal,0,3,0,15,13,6,2,13,11,8,3,0,0,3,0,1.0,2.0,1.5,0.5,1.0
2020-11-21,2020-2021,Aston Villa,Brighton and Hove Albion,1,1,2,15,7,4,3,5,18,12,3,2,0,0,2,1.0,2.0,1.0,0.75,0.25
2020-11-30,2020-2021,Aston Villa,West Ham United,0,1,2,16,6,6,2,7,20,7,3,1,0,0,1,1.0,2.0,1.5,0.5,1.0
2020-12-12,2020-2021,Aston Villa,Wolverhampton Wanderers,0,1,0,13,16,2,7,15,23,8,5,5,0,3,5,1.0,2.0,0.5,1.75,-1.25
2020-12-17,2020-2021,Aston Villa,Burnley,1,0,0,27,6,7,4,17,19,11,1,1,0,1,1,1.3333333333333333,1.3333333333333333,1.75,1.0,0.75
2020-12-20,2020-2021,Aston Villa,West Brom,0,3,0,19,1,10,1,8,14,7,1,2,0,3,2,2.3333333333333335,0.3333333333333333,2.5,0.25,2.25
2020-12-26,2020-2021,Aston Villa,Crystal Palace,1,3,0,21,13,10,6,18,16,4,4,1,1,3,4,2.3333333333333335,0.3333333333333333,2.5,1.5,1.0
2020-12-28,2020-2021,Aston Villa,Chelsea,0,1,1,10,16,2,5,3,16,4,11,1,0,1,1,2.3333333333333335,0.3333333333333333,0.5,1.25,-0.75
2021-01-01,2020-2021,Aston Villa,Manchester United,0,1,2,5,19,5,9,10,22,10,5,0,0,0,0,1.3333333333333333,1.3333333333333333,1.25,2.25,-1.0
2021-01-20,2020-2021,Aston Villa,Manchester City,0,0,2,11,28,4,9,9,10,2,16,2,0,0,2,0.3333333333333333,2.3333333333333335,1.0,2.25,-1.25
2021-01-23,2020-2021,Aston Villa,Newcastle United,1,2,0,14,7,5,1,9,18,5,4,0,0,3,0,1.0,2.0,1.25,0.25,1.0
2021-01-27,2020-2021,Aston Villa,Burnley,0,2,3,18,10,10,5,7,16,4,2,0,0,0,0,1.0,2.0,2.5,1.25,1.25
2021-01-30,2020-2021,Aston Villa,Southampton,0,1,0,8,20,4,5,11,12,1,7,0,0,3,0,2.0,1.0,1.0,1.25,-0.25
2021-02-03,2020-2021,Aston Villa,West Ham United,1,1,3,9,20,2,10,11,15,7,3,1,0,0,1,1.0,2.0,0.5,2.5,-2.0
2021-02-06,2020-2021,Aston Villa,Arsenal,1,1,0,12,14,8,3,12,12,3,7,3,0,3,3,2.0,1.0,2.0,0.75,1.25
2021-02-13,2020-2021,Aston Villa,Brighton and Hove Albion,0,0,0,4,26,1,9,12,16,2,9,3,0,1,3,1.3333333333333333,1.3333333333333333,0.25,2.25,-2.0
2021-02-21,2020-2021,Aston Villa,Leicester City,1,1,2,11,16,2,7,11,12,7,8,2,0,0,2,1.3333333333333333,1.3333333333333333,0.5,1.75,-1.25
2021-02-27,2020-2021,Aston Villa,Leeds United,0,1,0,9,13,4,3,14,14,5,7,2,0,3,2,1.3333333333333333,1.3333333333333333,1.0,0.75,0.25
2021-03-03,2020-2021,Aston Villa,Sheffield United,0,0,1,16,9,4,2,6,13,7,2,0,0,0,0,1.0,2.0,1.0,0.5,0.5
2021-03-06,2020-2021,Aston Villa,Wolverhampton Wanderers,1,0,0,9,10,1,2,13,13,5,3,1,0,1,1,1.3333333333333333,1.3333333333333333,0.25,0.5,-0.25
2021-03-12,2020-2021,Aston Villa,Newcastle United,0,1,1,15,12,6,3,10,10,2,2,3,0,1,3,0.6666666666666666,1.6666666666666667,1.5,0.75,0.75
2021-03-21,2020-2021,Aston Villa,Tottenham Hotspur,1,0,2,8,9,1,3,18,13,5,8,3,0,0,3,0.6666666666666666,1.6666666666666667,0.25,0.75,-0.5
2021-04-04,2020-2021,Aston Villa,Fulham,1,3,1,14,15,4,7,14,20,4,4,1,0,3,1,1.3333333333333333,1.3333333333333333,1.0,1.75,-0.75
2021-04-10,2020-2021,Aston Villa,Liverpool,0,1,2,9,23,5,10,11,16,0,7,4,0,0,4,1.0,2.0,1.25,2.5,-1.25
2021-04-21,2020-2021,Aston Villa,Manchester City,1,1,2,8,13,3,3,12,7,1,11,0,1,0,3,1.0,2.0,0.75,0.75,0.0
2021-04-25,2020-2021,Aston Villa,West Brom,1,2,2,24,10,11,4,14,9,11,4,0,0,1,0,0.3333333333333333,2.3333333333333335,2.75,1.0,1.75
2021-05-01,2020-2021,Aston Villa,Everton,0,2,1,13,16,5,3,13,10,6,3,2,0,3,2,1.3333333333333333,1.3333333333333333,1.25,0.75,0.5
2021-05-09,2020-2021,Aston Villa,Manchester United,1,1,3,11,18,5,7,13,18,5,6,1,1,0,4,1.3333333333333333,1.3333333333333333,1.25,1.75,-0.5
2021-05-13,2020-2021,Aston Villa,Everton,1,0,0,13,15,2,5,9,12,9,1,2,0,1,2,1.3333333333333333,1.3333333333333333,0.5,1.25,-0.75
2021-05-16,2020-2021,Aston Villa,Crystal Palace,0,2,3,19,23,5,8,13,23,7,7,2,0,0,2,0.3333333333333333,2.3333333333333335,1.25,2.0,-0.75
2021-05-19,2020-2021,Aston Villa,Tottenham Hotspur,0,2,1,20,10,4,4,13,14,5,4,1,0,3,1,1.3333333333333333,1.3333333333333333,1.0,1.0,0.0
2021-05-23,2020-2021,Aston Villa,Chelsea,1,2,1,6,23,3,7,11,12,2,9,3,0,3,3,2.0,1.0,0.75,1.75,-1.0
2021-08-14,2021-2022,Aston Villa,Watford,0,2,3,11,13,2,7,13,18,4,2,1,0,0,1,2.0,1.0,0.5,1.75,-1.25
2021-08-21,2021-2022,Aston Villa,Newcastle United,1,2,0,10,9,2,1,8,18,3,4,3,0,3,3,2.0,1.0,0.5,0.25,0.25
2021-08-28,2021-2022,Aston Villa,Brentford,1,1,1,7,9,5,2,15,14,3,2,3,0,1,3,1.3333333333333333,1.3333333333333333,1.25,0.5,0.75
2021-09-11,2021-2022,Aston Villa,Chelsea,0,0,3,18,12,6,4,11,11,11,4,4,0,0,4,1.3333333333333333,1.3333333333333333,1.5,1.0,0.5
2021-09-18,2021-2022,Aston Villa,Everton,1,3,0,15,11,3,1,7,10,5,4,1,0,3,1,1.3333333333333333,1.3333333333333333,0.75,0.25,0.5
2021-09-25,2021-2022,Aston Villa,Manchester United,0,1,0,7,28,3,4,13,9,5,5,2,0,3,2,2.0,1.0,0.75,1.0,-0.25
2021-10-03,2021-2022,Aston Villa,Tottenham Hotspur,0,1,2,14,17,3,8,14,11,8,5,1,0,0,1,2.0,1.0,0.75,2.0,-1.25
2021-10-16,2021-2022,Aston Villa,Wolverhampton Wanderers,1,2,3,14,9,5,4,8,17,6,7,2,0,0,2,1.0,2.0,1.25,1.0,0.25
2021-10-22,2021-2022,Aston Villa,Arsenal,0,1,3,10,22,4,9,10,17,4,7,5,0,0,5,0.0,3.0,1.0,2.25,-1.25
2021-10-31,2021-2022,Aston Villa,West Ham United,1,1,4,9,21,3,9,7,13,3,6,1,1,0,4,0.0,3.0,0.75,2.25,-1.5
2021-11-05,2021-2022,Aston Villa,Southampton,0,0,1,14,9,3,3,12,12,8,10,2,0,0,2,0.0,3.0,0.75,0.75,0.0
2021-11-20,2021-2022,Aston Villa,Brighton and Hove Albion,1,2,0,9,6,5,2,7,13,5,7,3,0,3,3,1.0,2.0,1.25,0.5,0.75
2021-11-27,2021-2022,Aston Villa,Crystal Palace,0,2,1,10,8,3,3,10,12,3,7,3,0,3,3,2.0,1.0,0.75,0.75,0.0
2021-12-01,2021-2022,Aston Villa,Manchester City,1,1,2,9,17,3,7,8,12,4,11,0,0,0,0,2.0,1.0,0.75,1.75,-1.0
2021-12-05,2021-2022,Aston Villa,Leicester City,1,2,1,13,12,4,5,8,25,3,6,1,0,3,1,2.0,1.0,1.0,1.25,-0.25
2021-12-11,2021-2022,Aston Villa,Liverpool,0,0,1,4,20,0,5,6,13,3,11,2,0,0,2,1.0,2.0,0.0,1.25,-1.25
2021-12-14,2021-2022,Aston Villa,Norwich City,0,2,0,17,7,6,3,9,12,10,7,1,0,3,1,2.0,1.0,1.5,0.75,0.75
2021-12-26,2021-2022,Aston Villa,Chelsea,1,1,3,8,10,1,4,8,11,2,5,3,0,0,3,1.0,2.0,0.25,1.0,-0.75
2022-01-02,2021-2022,Aston Villa,Brentford,0,1,2,16,10,5,4,11,17,7,3,2,0,0,2,1.0,2.0,1.25,1.0,0.25
2022-01-15,2021-2022,Aston Villa,Manchester United,1,2,2,13,13,9,6,8,13,3,6,1,0,1,1,0.3333333333333333,2.3333333333333335,2.25,1.5,0.75
2022-01-22,2021-2022,Aston Villa,Everton,0,1,0,8,15,3,1,16,14,2,9,3,0,3,3,1.3333333333333333,1.3333333333333333,0.75,0.25,0.5
2022-02-09,2021-2022,Aston Villa,Leeds United,1,3,3,12,16,4,8,11,9,6,11,1,1,1,4,1.6666666666666667,0.6666666666666666,1.0,2.0,-1.0
2022-02-13,2021-2022,Aston Villa,Newcastle United,0,0,1,11,10,1,2,15,22,6,3,4,0,0,4,1.3333333333333333,1.3333333333333333,0.25,0.5,-0.25
2022-02-19,2021-2022,Aston Villa,Watford,1,0,1,20,8,1,4,12,7,10,5,1,0,0,1,0.3333333333333333,2.3333333333333335,0.25,1.0,-0.75
2022-02-26,2021-2022,Aston Villa,Brighton and Hove Albion,0,2,0,9,12,4,1,11,17,2,7,5,0,3,5,1.0,2.0,1.0,0.25,0.75
2022-03-05,2021-2022,Aston Villa,Southampton,1,4,0,14,11,9,1,10,8,4,7,1,0,3,1,2.0,1.0,2.25,0.25,2.0
2022-03-10,2021-2022,Aston Villa,Leeds United,0,3,0,15,4,9,1,11,17,5,3,3,0,3,3,3.0,0.0,2.25,0.25,2.0
2022-03-13,2021-2022,Aston Villa,West Ham United,0,1,2,13,11,7,4,3,9,7,5,0,0,0,0,2.0,1.0,1.75,1.0,0.75
2022-03-19,2021-2022,Aston Villa,Arsenal,1,0,1,8,10,1,3,13,14,6,5,3,0,0,3,1.0,2.0,0.25,0.75,-0.5
2022-04-02,2021-2022,Aston Villa,Wolverhampton Wanderers,0,1,2,15,11,5,5,8,15,9,4,3,0,0,3,0.0,3.0,1.25,1.25,0.0
2022-04-09,2021-2022,Aston Villa,Tottenham Hotspur,1,0,4,9,11,8,5,12,14,9,3,2,0,0,2,0.0,3.0,2.0,1.25,0.75
2022-04-23,2021-2022,Aston Villa,Leicester City,0,0,0,11,5,3,2,16,15,6,7,2,0,1,2,0.3333333333333333,2.3333333333333335,0.75,0.5,0.25
2022-04-30,2021-2022,Aston Villa,Norwich City,1,2,0,21,9,6,3,16,8,2,3,4,0,3,4,1.3333333333333333,1.3333333333333333,1.5,0.75,0.75
2022-05-07,2021-2022,Aston Villa,Burnley,0,3,1,12,14,7,6,11,13,5,4,2,0,3,2,2.3333333333333335,0.3333333333333333,1.75,1.5,0.25
2022-05-10,2021-2022,Aston Villa,Liverpool,1,1,2,9,17,4,6,10,12,2,3,0,0,0,0,2.0,1.0,1.0,1.5,-0.5
2022-05-15,2021-2022,Aston Villa,Crystal Palace,1,1,1,13,16,4,4,11,15,1,5,1,0,1,1,1.3333333333333333,1.3333333333333333,1.0,1.0,0.0
2022-05-19,2021-2022,Aston Villa,Burnley,1,1,1,22,10,9,5,11,20,13,6,0,0,1,0,0.6666666666666666,1.6666666666666667,2.25,1.25,1.0
2022-05-22,2021-2022,Aston Villa,Manchester City,0,2,3,4,24,2,5,11,5,1,13,1,0,0,1,0.6666666666666666,1.6666666666666667,0.5,1.25,-0.75
2022-08-06,2022-2023,Aston Villa,Bournemouth,0,0,2,15,7,2,3,16,18,5,5,3,0,0,3,0.3333333333333333,2.3333333333333335,0.5,0.75,-0.25
2022-08-13,2022-2023,Aston Villa,Everton,1,2,1,12,15,4,4,9,7,5,8,4,0,3,4,1.0,2.0,1.0,1.0,0.0
2022-08-20,2022-2023,Aston Villa,Crystal Palace,0,1,3,13,17,5,9,14,16,2,4,1,0,0,1,1.0,2.0,1.25,2.25,-1.0
2022-08-28,2022-2023,Aston Villa,West Ham United,1,0,1,9,7,3,2,10,10,3,2,2,0,0,2,1.0,2.0,0.75,0.5,0.25
2022-08-31,2022-2023,Aston Villa,Arsenal,0,1,2,4,22,3,9,14,10,3,10,3,0,0,3,0.0,3.0,0.75,2.25,-1.5
2022-09-03,2022-2023,Aston Villa,Manchester City,1,1,1,3,13,1,4,7,6,1,4,2,0,1,2,0.3333333333333333,2.3333333333333335,0.25,1.0,-0.75
2022-09-16,2022-2023,Aston Villa,Southampton,1,1,0,11,7,3,1,13,13,6,3,3,0,3,3,1.3333333333333333,1.3333333333333333,0.75,0.25,0.5
2022-10-02,2022-2023,Aston Villa,Leeds United,0,0,0,19,9,7,1,12,23,9,2,2,0,1,2,1.6666666666666667,0.6666666666666666,1.75,0.25,1.5
2022-10-10,2022-2023,Aston Villa,Nottingham Forest,0,1,1,12,6,2,3,19,13,4,1,3,0,1,3,1.6666666666666667,0.6666666666666666,0.5,0.75,-0.25
2022-10-16,2022-2023,Aston Villa,Chelsea,1,0,2,18,8,7,4,12,11,7,1,0,0,0,0,0.6666666666666666,1.6666666666666667,1.75,1.0,0.75
2022-10-20,2022-2023,Aston Villa,Fulham,0,0,3,12,18,6,8,11,11,7,9,2,1,0,5,0.3333333333333333,2.3333333333333335,1.5,2.0,-0.5
2022-10-23,2022-2023,Aston Villa,Brentford,1,4,0,19,12,11,3,14,11,7,6,1,0,3,1,1.0,2.0,2.75,0.75,2.0
2022-10-29,2022-2023,Aston Villa,Newcastle United,0,0,4,3,20,0,7,11,11,0,3,1,0,0,1,1.0,2.0,0.0,1.75,-1.75
2022-11-06,2022-2023,Aston Villa,Manchester United,1,3,1,6,8,4,3,6,12,3,5,3,0,3,3,2.0,1.0,1.0,0.75,0.25
2022-11-13,2022-2023,Aston Villa,Brighton and Hove Albion,0,2,1,8,7,2,2,11,14,4,11,7,0,3,7,2.0,1.0,0.5,0.5,0.0
2022-12-26,2022-2023,Aston Villa,Liverpool,1,1,3,12,16,6,9,7,12,0,6,0,0,0,0,2.0,1.0,1.5,2.25,-0.75
2023-01-01,2022-2023,Aston Villa,Tottenham Hotspur,0,2,0,13,6,4,2,10,15,3,5,3,0,3,3,2.0,1.0,1.0,0.5,0.5
2023-01-04,2022-2023,Aston Villa,Wolverhampton Wanderers,1,1,1,13,10,4,3,6,12,7,8,1,0,1,1,1.3333333333333333,1.3333333333333333,1.0,0.75,0.25
2023-01-13,2022-2023,Aston Villa,Leeds United,1,2,1,11,16,5,4,12,8,0,11,2,0,3,2,2.3333333333333335,0.3333333333333333,1.25,1.0,0.25
2023-01-21,2022-2023,Aston Villa,Southampton,0,1,0,16,8,5,5,9,19,2,2,2,0,3,2,2.3333333333333335,0.3333333333333333,1.25,1.25,0.0
2023-02-04,2022-2023,Aston Villa,Leicester City,1,2,4,19,9,4,5,10,10,11,3,0,0,0,0,2.0,1.0,1.0,1.25,-0.25
2023-02-12,2022-2023,Aston Villa,Manchester City,0,1,3,6,17,2,9,14,13,4,8,2,0,0,2,1.0,2.0,0.5,2.25,-1.75
2023-02-18,2022-2023,Aston Villa,Arsenal,1,2,4,7,20,5,5,13,4,2,9,2,0,0,2,0.0,3.0,1.25,1.25,0.0
2023-02-25,2022-2023,Aston Villa,Everton,0,2,0,9,15,5,5,12,12,1,5,1,0,3,1,1.0,2.0,1.25,1.25,0.0
2023-03-04,2022-2023,Aston Villa,Crystal Palace,1,1,0,8,3,1,0,14,17,2,4,2,0,3,2,2.0,1.0,0.25,0.0,0.25
2023-03-12,2022-2023,Aston Villa,West Ham United,0,1,1,12,17,4,6,6,8,2,13,0,0,1,0,2.3333333333333335,0.3333333333333333,1.0,1.5,-0.5
2023-03-18,2022-2023,Aston Villa,Bournemouth,1,3,0,20,10,9,3,8,13,9,6,1,0,3,1,2.3333333333333335,0.3333333333333333,2.25,0.75,1.5
2023-04-01,2022-2023,Aston Villa,Chelsea,0,2,0,5,27,2,8,16,14,2,13,3,0,3,3,2.3333333333333335,0.3333333333333333,0.5,2.0,-1.5
2023-04-04,2022-2023,Aston Villa,Leicester City,0,2,1,15,9,5,4,14,10,8,4,0,0,3,0,3.0,0.0,1.25,1.0,0.25
2023-04-08,2022-2023,Aston Villa,Nottingham Forest,1,2,0,8,6,3,2,7,17,1,8,3,0,3,3,3.0,0.0,0.75,0.5,0.25
2023-04-15,2022-2023,Aston Villa,Newcastle United,1,3,0,16,8,6,2,13,15,7,2,1,0,3,1,3.0,0.0,1.5,0.5,1.0
2023-04-22,2022-2023,Aston Villa,Brentford,0,1,1,14,6,2,5,8,12,4,8,2,0,1,2,2.3333333333333335,0.3333333333333333,0.5,1.25,-0.75
2023-04-25,2022-2023,Aston Villa,Fulham,1,1,0,14,1,3,0,6,18,8,2,3,0,3,3,2.3333333333333335,0.3333333333333333,0.75,0.0,0.75
2023-04-30,2022-2023,Aston Villa,Manchester United,0,0,1,7,14,1,6,7,16,4,1,0,0,0,0,1.3333333333333333,1.3333333333333333,0.25,1.5,-1.25
2023-05-06,2022-2023,Aston Villa,Wolverhampton Wanderers,0,0,1,16,6,3,2,9,20,6,5,3,0,0,3,1.0,2.0,0.75,0.5,0.25
2023-05-13,2022-2023,Aston Villa,Tottenham Hotspur,1,2,1,8,5,4,2,9,14,8,3,3,0,3,3,1.0,2.0,1.0,0.5,0.5
2023-05-20,2022-2023,Aston Villa,Liverpool,0,1,1,6,10,3,5,13,16,4,9,5,0,1,5,1.3333333333333333,1.3333333333333333,0.75,1.25,-0.5
2023-05-28,2022-2023,Aston Villa,Brighton and Hove Albion,1,2,1,12,8,5,4,15,16,4,3,4,0,3,4,2.3333333333333335,0.3333333333333333,1.25,1.0,0.25
2023-08-12,2023-2024,Aston Villa,Newcastle United,0,1,5,16,17,6,13,17,12,5,6,4,0,0,4,1.3333333333333333,1.3333333333333333,1.5,3.25,-1.75
2023-08-20,2023-2024,Aston Villa,Everton,1,4,0,13,9,7,2,8,12,7,6,3,0,3,3,2.0,1.0,1.75,0.5,1.25
2023-08-27,2023-2024,Aston Villa,Burnley,0,3,1,16,9,6,2,11,12,6,4,0,0,3,0,2.0,1.0,1.5,0.5,1.0
2023-09-03,2023-2024,Aston Villa,Liverpool,0,0,3,9,17,3,4,7,12,3,7,1,0,0,1,2.0,1.0,0.75,1.0,-0.25
2023-09-16,2023-2024,Aston Villa,Crystal Palace,1,3,1,16,6,5,3,13,9,4,2,5,0,3,5,2.0,1.0,1.25,0.75,0.5
2023-09-24,2023-2024,Aston Villa,Chelsea,0,1,0,15,10,7,4,11,9,11,5,3,0,3,3,2.0,1.0,1.75,1.0,0.75
2023-09-30,2023-2024,Aston Villa,Brighton and Hove Albion,1,6,1,19,11,9,3,19,21,1,3,4,0,3,4,3.0,0.0,2.25,0.75,1.5
2023-10-08,2023-2024,Aston Villa,Wolverhampton Wanderers,0,1,1,18,8,4,3,9,19,10,2,2,0,1,2,2.3333333333333335,0.3333333333333333,1.0,0.75,0.25
2023-10-22,2023-2024,Aston Villa,West Ham United,1,4,1,15,14,7,4,9,15,8,7,0,0,3,0,2.3333333333333335,0.3333333333333333,1.75,1.0,0.75
2023-10-29,2023-2024,Aston Villa,Luton Town,1,3,1,17,7,6,1,11,10,6,4,3,0,3,3,2.3333333333333335,0.3333333333333333,1.5,0.25,1.25
2023-11-05,2023-2024,Aston Villa,Nottingham Forest,0,0,2,13,5,3,3,9,6,10,0,1,0,0,1,2.0,1.0,0.75,0.75,0.0
2023-11-12,2023-2024,Aston Villa,Fulham,1,3,1,12,9,6,5,4,17,2,2,2,0,3,2,2.0,1.0,1.5,1.25,0.25
2023-11-26,2023-2024,Aston Villa,Tottenham Hotspur,0,2,1,15,18,5,8,13,11,3,9,4,0,3,4,2.0,1.0,1.25,2.0,-0.75
2023-12-03,2023-2024,Aston Villa,Bournemouth,0,2,2,11,15,3,7,12,16,7,7,3,0,1,3,2.3333333333333335,0.3333333333333333,0.75,1.75,-1.0
2023-12-06,2023-2024,Aston Villa,Manchester City,1,1,0,22,2,7,2,13,13,6,0,2,0,3,2,2.3333333333333335,0.3333333333333333,1.75,0.5,1.25
2023-12-09,2023-2024,Aston Villa,Arsenal,1,1,0,10,12,3,5,16,11,3,3,4,0,3,4,2.3333333333333335,0.3333333333333333,0.75,1.25,-0.5
2023-12-17,2023-2024,Aston Villa,Brentford,0,2,1,15,4,5,3,6,19,12,7,4,1,3,7,3.0,0.0,1.25,0.75,0.5
2023-12-22,2023-2024,Aston Villa,Sheffield United,1,1,1,12,5,4,2,11,16,9,1,3,0,1,3,2.3333333333333335,0.3333333333333333,1.0,0.5,0.5
2023-12-26,2023-2024,Aston Villa,Manchester United,0,2,3,10,13,4,7,10,10,6,3,3,0,0,3,1.3333333333333333,1.3333333333333333,1.0,1.75,-0.75
2023-12-30,2023-2024,Aston Villa,Burnley,1,3,2,19,9,7,5,9,14,6,2,4,0,3,4,1.3333333333333333,1.3333333333333333,1.75,1.25,0.5
2024-01-14,2023-2024,Aston Villa,Everton,0,0,0,16,10,5,2,14,13,5,4,4,0,1,4,1.3333333333333333,1.3333333333333333,1.25,0.5,0.75
2024-01-30,2023-2024,Aston Villa,Newcastle United,1,1,3,12,14,6,5,14,12,8,7,4,0,0,4,1.3333333333333333,1.3333333333333333,1.5,1.25,0.25
2024-02-03,2023-2024,Aston Villa,Sheffield United,0,5,0,14,10,10,5,7,10,4,3,0,0,3,0,1.3333333333333333,1.3333333333333333,2.5,1.25,1.25
2024-02-11,2023-2024,Aston Villa,Manchester United,1,1,2,23,17,10,5,9,7,10,8,3,0,0,3,1.0,2.0,2.5,1.25,1.25
2024-02-17,2023-2024,Aston Villa,Fulham,0,2,1,12,15,3,4,6,11,4,4,2,0,3,2,2.0,1.0,0.75,1.0,-0.25
2024-02-24,2023-2024,Aston Villa,Nottingham Forest,1,4,2,16,10,6,3,7,16,7,2,1,0,3,1,2.0,1.0,1.5,0.75,0.75
2024-03-02,2023-2024,Aston Villa,Luton Town,0,3,2,12,13,8,5,19,8,6,8,4,0,3,4,3.0,0.0,2.0,1.25,0.75
2024-03-10,2023-2024,Aston Villa,Tottenham Hotspur,1,0,4,10,9,1,5,11,15,6,4,0,1,0,3,2.0,1.0,0.25,1.25,-1.0
2024-03-17,2023-2024,Aston Villa,West Ham United,0,1,1,13,13,5,5,12,13,11,7,3,0,1,3,1.3333333333333333,1.3333333333333333,1.25,1.25,0.0
2024-03-30,2023-2024,Aston Villa,Wolverhampton Wanderers,1,2,0,11,13,5,3,11,19,5,4,3,0,3,3,1.3333333333333333,1.3333333333333333,1.25,0.75,0.5
2024-04-03,2023-2024,Aston Villa,Manchester City,0,1,4,8,25,3,11,13,6,3,2,2,0,0,2,1.3333333333333333,1.3333333333333333,0.75,2.75,-2.0
2024-04-06,2023-2024,Aston Villa,Brentford,1,3,3,11,8,3,3,15,11,11,3,2,0,1,2,1.3333333333333333,1.3333333333333333,0.75,0.75,0.0
2024-04-14,2023-2024,Aston Villa,Arsenal,0,2,0,11,18,2,4,7,12,6,4,1,0,3,1,1.3333333333333333,1.3333333333333333,0.5,1.0,-0.5
2024-04-21,2023-2024,Aston Villa,Bournemouth,1,3,1,14,14,4,6,8,14,8,4,1,0,3,1,2.3333333333333335,0.3333333333333333,1.0,1.5,-0.5
2024-04-27,2023-2024,Aston Villa,Chelsea,1,2,2,9,21,4,5,13,14,2,4,3,0,1,3,2.3333333333333335,0.3333333333333333,1.0,1.25,-0.25
2024-05-05,2023-2024,Aston Villa,Brighton and Hove Albion,0,0,1,2,15,1,8,10,13,3,7,1,0,0,1,1.3333333333333333,1.3333333333333333,0.25,2.0,-1.75
2024-05-13,2023-2024,Aston Villa,Liverpool,1,3,3,19,14,5,7,11,15,5,4,1,0,1,1,0.6666666666666666,1.6666666666666667,1.25,1.75,-0.5
2024-05-19,2023-2024,Aston Villa,Crystal Palace,0,0,5,8,15,2,9,8,10,4,2,4,0,0,4,0.3333333333333333,2.3333333333333335,0.5,2.25,-1.75
2024-08-17,2024-2025,Aston Villa,West Ham United,0,2,1,15,14,3,3,11,18,3,5,2,0,3,2,1.3333333333333333,1.3333333333333333,0.75,0.75,0.0
2024-08-24,2024-2025,Aston Villa,Arsenal,1,0,2,11,9,3,4,8,15,4,1,1,0,0,1,1.0,2.0,0.75,1.0,-0.25
2024-08-31,2024-2025,Aston Villa,Leicester City,0,2,1,10,9,5,3,21,13,4,1,5,0,3,5,2.0,1.0,1.25,0.75,0.5
2024-09-14,2024-2025,Aston Villa,Everton,1,3,2,17,6,8,2,10,12,6,2,1,0,3,1,2.0,1.0,2.0,0.5,1.5
2024-09-21,2024-2025,Aston Villa,Wolverhampton Wanderers,1,3,1,9,10,4,4,11,16,6,5,3,0,3,3,3.0,0.0,1.0,1.0,0.0
2024-09-29,2024-2025,Aston Villa,Ipswich Town,0,2,2,7,15,3,5,14,10,0,10,1,0,1,1,2.3333333333333335,0.3333333333333333,0.75,1.25,-0.5
2024-10-06,2024-2025,Aston Villa,Manchester United,1,0,0,11,10,1,4,12,11,6,3,1,0,1,1,1.6666666666666667,0.6666666666666666,0.25,1.0,-0.75
2024-10-19,2024-2025,Aston Villa,Fulham,0,3,1,14,10,5,4,11,8,11,6,3,1,3,6,1.6666666666666667,0.6666666666666666,1.25,1.0,0.25
2024-10-26,2024-2025,Aston Villa,Bournemouth,1,1,1,18,11,8,3,12,14,9,7,7,0,1,7,1.6666666666666667,0.6666666666666666,2.0,0.75,1.25
2024-11-03,2024-2025,Aston Villa,Tottenham Hotspur,0,1,4,12,16,1,6,14,14,4,6,0,0,0,0,1.3333333333333333,1.3333333333333333,0.25,1.5,-1.25
2024-11-09,2024-2025,Aston Villa,Liverpool,0,0,2,12,14,2,5,15,11,9,2,3,0,0,3,0.3333333333333333,2.3333333333333335,0.5,1.25,-0.75
2024-11-23,2024-2025,Aston Villa,Crystal Palace,1,2,2,17,13,5,6,10,11,10,1,3,0,1,3,0.3333333333333333,2.3333333333333335,1.25,1.5,-0.25
2024-12-01,2024-2025,Aston Villa,Chelsea,0,0,3,10,17,4,8,6,21,4,3,2,0,0,2,0.3333333333333333,2.3333333333333335,1.0,2.0,-1.0
2024-12-04,2024-2025,Aston Villa,Brentford,1,3,1,20,9,10,1,11,15,10,5,2,0,3,2,1.3333333333333333,1.3333333333333333,2.5,0.25,2.25
2024-12-07,2024-2025,Aston Villa,Southampton,1,1,0,18,4,5,0,18,15,14,1,1,0,3,1,2.0,1.0,1.25,0.0,1.25
2024-12-14,2024-2025,Aston Villa,Nottingham Forest,0,1,2,8,17,2,6,6,12,3,4,1,0,0,1,2.0,1.0,0.5,1.5,-1.0
2024-12-21,2024-2025,Aston Villa,Manchester City,1,2,1,11,12,6,6,14,7,5,4,3,0,3,3,2.0,1.0,1.5,1.5,0.0
2024-12-26,2024-2025,Aston Villa,Newcastle United,0,0,3,4,22,1,8,10,15,6,9,1,1,0,4,1.0,2.0,0.25,2.0,-1.75
2024-12-30,2024-2025,Aston Villa,Brighton and Hove Albion,1,2,2,20,13,4,4,9,14,12,3,2,0,1,2,1.3333333333333333,1.3333333333333333,1.0,1.0,0.0
2025-01-04,2024-2025,Aston Villa,Leicester City,1,2,1,13,4,5,2,10,11,7,2,0,0,3,0,1.3333333333333333,1.3333333333333333,1.25,0.5,0.75
2025-01-15,2024-2025,Aston Villa,Everton,0,1,0,11,10,3,3,10,17,5,8,1,0,3,1,2.3333333333333335,0.3333333333333333,0.75,0.75,0.0
2025-01-18,2024-2025,Aston Villa,Arsenal,0,2,2,8,18,4,6,18,10,1,10,3,0,1,3,2.3333333333333335,0.3333333333333333,1.0,1.5,-0.5
2025-01-26,2024-2025,Aston Villa,West Ham United,1,1,1,14,14,4,4,13,16,4,3,2,0,1,2,1.6666666666666667,0.6666666666666666,1.0,1.0,0.0
2025-02-01,2024-2025,Aston Villa,Wolverhampton Wanderers,0,0,2,10,8,3,5,13,20,8,5,3,0,0,3,0.6666666666666666,1.6666666666666667,0.75,1.25,-0.5
2025-02-15,2024-2025,Aston Villa,Ipswich Town,1,1,1,25,4,6,3,7,11,16,1,0,0,1,0,0.6666666666666666,1.6666666666666667,1.5,0.75,0.75
2025-02-19,2024-2025,Aston Villa,Liverpool,1,2,2,9,17,4,3,8,6,6,8,1,0,1,1,0.6666666666666666,1.6666666666666667,1.0,0.75,0.25
2025-02-22,2024-2025,Aston Villa,Chelsea,1,2,1,12,15,6,7,15,16,2,3,1,0,3,1,1.6666666666666667,0.6666666666666666,1.5,1.75,-0.25
2025-02-25,2024-2025,Aston Villa,Crystal Palace,0,1,4,6,19,2,6,10,19,8,3,1,0,0,1,1.3333333333333333,1.3333333333333333,0.5,1.5,-1.0
2025-03-08,2024-2025,Aston Villa,Brentford,0,1,0,12,13,4,3,5,10,5,6,2,0,3,2,2.0,1.0,1.0,0.75,0.25
2025-04-02,2024-2025,Aston Villa,Brighton and Hove Albion,0,3,0,8,11,5,4,11,16,0,4,3,0,3,3,2.0,1.0,1.25,1.0,0.25
2025-04-05,2024-2025,Aston Villa,Nottingham Forest,1,2,1,17,19,8,3,7,15,4,4,2,0,3,2,3.0,0.0,2.0,0.75,1.25
2025-04-12,2024-2025,Aston Villa,Southampton,0,3,0,25,7,10,2,4,11,14,2,1,0,3,1,3.0,0.0,2.5,0.5,2.0
2025-04-19,2024-2025,Aston Villa,Newcastle United,1,4,1,23,10,9,3,9,12,7,7,1,0,3,1,3.0,0.0,2.25,0.75,1.5
2025-04-22,2024-2025,Aston Villa,Manchester City,0,1,2,7,14,3,6,10,9,2,10,3,0,0,3,2.0,1.0,0.75,1.5,-0.75
2025-05-03,2024-2025,Aston Villa,Fulham,1,1,0,10,11,3,3,6,17,5,3,0,0,3,0,2.0,1.0,0.75,0.75,0.0
2025-05-10,2024-2025,Aston Villa,Bournemouth,0,1,0,6,10,3,4,12,19,0,10,3,1,3,6,2.0,1.0,0.75,1.0,-0.25
2025-05-16,2024-2025,Aston Villa,Tottenham Hotspur,1,2,0,18,3,7,1,5,12,9,1,1,0,3,1,3.0,0.0,1.75,0.25,1.5
2025-05-25,2024-2025,Aston Villa,Manchester United,0,0,2,6,25,1,10,10,10,3,4,2,1,0,5,2.0,1.0,0.25,2.5,-2.25
2025-08-16,2025-2026,Aston Villa,Newcastle United,1,0,0,3,16,3,3,13,11,3,6,1,1,1,4,1.3333333333333333,1.3333333333333333,0.75,0.75,0.0
2025-08-23,2025-2026,Aston Villa,Brentford,0,0,1,17,9,2,2,9,11,9,2,2,0,0,2,0.3333333333333333,2.3333333333333335,0.5,0.5,0.0
2025-08-31,2025-2026,Aston Villa,Crystal Palace,1,0,3,13,6,4,4,7,14,10,1,2,0,0,2,0.3333333333333333,2.3333333333333335,1.0,1.0,0.0
2025-09-13,2025-2026,Aston Villa,Everton,0,0,0,7,20,1,2,15,17,3,10,3,0,1,3,0.3333333333333333,2.3333333333333335,0.25,0.5,-0.25
2025-09-21,2025-2026,Aston Villa,Sunderland,0,1,1,12,14,2,4,8,14,5,6,1,0,1,1,0.6666666666666666,1.6666666666666667,0.5,1.0,-0.5
2025-09-28,2025-2026,Aston Villa,Fulham,1,3,1,9,11,4,4,10,13,2,8,1,0,3,1,1.6666666666666667,0.6666666666666666,1.0,1.0,0.0
2025-10-05,2025-2026,Aston Villa,Burnley,1,2,1,15,5,7,2,9,15,6,4,3,0,3,3,2.3333333333333335,0.3333333333333333,1.75,0.5,1.25
2025-10-19,2025-2026,Aston Villa,Tottenham Hotspur,0,2,1,8,9,2,3,7,11,6,6,0,0,3,0,3.0,0.0,0.5,0.75,-0.25
2025-10-26,2025-2026,Aston Villa,Manchester City,1,1,0,9,18,3,4,8,16,5,6,1,0,3,1,3.0,0.0,0.75,1.0,-0.25
2025-11-01,2025-2026,Aston Villa,Liverpool,0,0,2,10,16,3,4,11,13,4,1,3,0,0,3,2.0,1.0,0.75,1.0,-0.25
2025-11-09,2025-2026,Aston Villa,Bournemouth,1,4,0,16,13,8,4,8,20,6,9,2,0,3,2,2.0,1.0,2.0,1.0,1.0
2022-08-06,2022-2023,Bournemouth,Aston Villa,1,2,0,7,15,3,2,18,16,5,5,3,0,3,3,3.0,0.0,0.75,0.5,0.25
2022-08-13,2022-2023,Bournemouth,Manchester City,0,0,4,3,19,1,7,9,9,1,11,3,0,0,3,1.5,1.5,0.25,1.75,-1.5
2022-08-20,2022-2023,Bournemouth,Arsenal,1,0,3,6,14,1,6,12,10,3,4,2,0,0,2,1.0,2.0,0.25,1.5,-1.25
2022-08-27,2022-2023,Bournemouth,Liverpool,0,0,9,5,19,2,12,5,6,1,8,1,0,0,1,0.0,3.0,0.5,3.0,-2.5
2022-08-31,2022-2023,Bournemouth,Wolverhampton Wanderers,1,0,0,5,17,2,4,12,12,2,5,2,0,1,2,0.3333333333333333,2.3333333333333335,0.5,1.0,-0.5
2022-09-03,2022-2023,Bournemouth,Nottingham Forest,0,3,2,8,11,3,3,10,13,6,4,1,0,3,1,1.3333333333333333,1.3333333333333333,0.75,0.75,0.0
2022-09-17,2022-2023,Bournemouth,Newcastle United,0,1,1,10,20,3,7,11,10,1,8,2,0,1,2,1.6666666666666667,0.6666666666666666,0.75,1.75,-1.0
2022-10-01,2022-2023,Bournemouth,Brentford,1,0,0,7,13,1,4,11,10,7,8,1,0,1,1,1.6666666666666667,0.6666666666666666,0.25,1.0,-0.75
2022-10-08,2022-2023,Bournemouth,Leicester City,1,2,1,10,9,4,5,8,16,7,2,1,0,3,1,1.6666666666666667,0.6666666666666666,1.0,1.25,-0.25
2022-10-15,2022-2023,Bournemouth,Fulham,0,2,2,10,19,6,4,11,9,6,5,0,0,1,0,1.6666666666666667,0.6666666666666666,1.5,1.0,0.5
2022-10-19,2022-2023,Bournemouth,Southampton,1,0,1,15,9,3,3,8,13,7,3,1,0,0,1,1.3333333333333333,1.3333333333333333,0.75,0.75,0.0
2022-10-24,2022-2023,Bournemouth,West Ham United,0,0,2,5,20,3,4,11,9,0,5,2,0,0,2,0.3333333333333333,2.3333333333333335,0.75,1.0,-0.25
2022-10-29,2022-2023,Bournemouth,Tottenham Hotspur,1,2,3,6,23,4,7,10,5,2,19,1,0,0,1,0.0,3.0,1.0,1.75,-0.75
2022-11-05,2022-2023,Bournemouth,Leeds United,0,3,4,9,18,6,4,10,16,3,13,2,0,0,2,0.0,3.0,1.5,1.0,0.5
2022-11-12,2022-2023,Bournemouth,Everton,1,3,0,16,15,9,3,12,8,3,5,2,0,3,2,1.0,2.0,2.25,0.75,1.5
2022-12-27,2022-2023,Bournemouth,Chelsea,0,0,2,9,15,4,5,10,8,8,6,0,0,0,0,1.0,2.0,1.0,1.25,-0.25
2022-12-31,2022-2023,Bournemouth,Crystal Palace,1,0,2,6,15,2,6,17,11,2,7,4,0,0,4,1.0,2.0,0.5,1.5,-1.0
2023-01-03,2022-2023,Bournemouth,Manchester United,0,0,3,7,18,4,6,7,13,5,6,3,0,0,3,0.0,3.0,1.0,1.5,-0.5
2023-01-14,2022-2023,Bournemouth,Brentford,0,0,2,7,12,2,4,9,5,3,5,1,0,0,1,0.0,3.0,0.5,1.0,-0.5
2023-01-21,2022-2023,Bournemouth,Nottingham Forest,1,1,1,16,20,4,5,10,7,4,6,1,0,1,1,0.3333333333333333,2.3333333333333335,1.0,1.25,-0.25
2023-02-04,2022-2023,Bournemouth,Brighton and Hove Albion,0,0,1,12,20,2,6,7,14,3,7,1,0,0,1,0.3333333333333333,2.3333333333333335,0.5,1.5,-1.0
2023-02-11,2022-2023,Bournemouth,Newcastle United,1,1,1,11,15,5,7,8,10,4,6,2,0,1,2,0.6666666666666666,1.6666666666666667,1.25,1.75,-0.5
2023-02-18,2022-2023,Bournemouth,Wolverhampton Wanderers,0,1,0,5,15,1,4,10,12,2,12,3,0,3,3,1.3333333333333333,1.3333333333333333,0.25,1.0,-0.75
2023-02-25,2022-2023,Bournemouth,Manchester City,1,1,4,13,20,2,5,10,9,4,6,2,0,0,2,1.3333333333333333,1.3333333333333333,0.5,1.25,-0.75
2023-03-04,2022-2023,Bournemouth,Arsenal,0,2,3,4,31,4,9,8,6,1,17,2,0,0,2,1.0,2.0,1.0,2.25,-1.25
2023-03-11,2022-2023,Bournemouth,Liverpool,1,1,0,5,15,2,6,7,9,3,8,2,0,3,2,1.0,2.0,0.5,1.5,-1.0
2023-03-18,2022-2023,Bournemouth,Aston Villa,0,0,3,10,20,3,9,13,8,6,9,4,0,0,4,1.0,2.0,0.75,2.25,-1.5
2023-04-01,2022-2023,Bournemouth,Fulham,1,2,1,12,10,7,2,15,13,4,3,1,0,3,1,2.0,1.0,1.75,0.5,1.25
2023-04-04,2022-2023,Bournemouth,Brighton and Hove Albion,1,0,2,14,16,3,6,11,5,5,5,1,0,0,1,1.0,2.0,0.75,1.5,-0.75
2023-04-08,2022-2023,Bournemouth,Leicester City,0,1,0,19,14,7,4,13,10,6,6,3,0,3,3,2.0,1.0,1.75,1.0,0.75
2023-04-15,2022-2023,Bournemouth,Tottenham Hotspur,0,3,2,6,24,6,8,9,8,1,8,2,0,3,2,2.0,1.0,1.5,2.0,-0.5
2023-04-23,2022-2023,Bournemouth,West Ham United,1,0,4,17,18,5,10,7,8,8,5,1,0,0,1,2.0,1.0,1.25,2.5,-1.25
2023-04-27,2022-2023,Bournemouth,Southampton,0,1,0,16,11,2,2,11,9,4,6,3,0,3,3,2.0,1.0,0.5,0.5,0.0
2023-04-30,2022-2023,Bournemouth,Leeds United,1,4,1,12,15,7,6,12,14,2,6,1,0,3,1,2.0,1.0,1.75,1.5,0.25
2023-05-06,2022-2023,Bournemouth,Chelsea,1,1,3,10,11,4,5,9,11,7,7,1,0,0,1,2.0,1.0,1.0,1.25,-0.25
2023-05-13,2022-2023,Bournemouth,Crystal Palace,0,0,2,5,17,0,5,12,5,2,11,2,0,0,2,1.0,2.0,0.0,1.25,-1.25
2023-05-20,2022-2023,Bournemouth,Manchester United,1,0,1,10,20,4,5,6,7,3,6,1,0,0,1,0.0,3.0,1.0,1.25,-0.25
2023-05-28,2022-2023,Bournemouth,Everton,0,0,1,7,13,2,6,12,11,3,9,3,0,0,3,0.0,3.0,0.5,1.5,-1.0
2023-08-12,2023-2024,Bournemouth,West Ham United,1,1,1,14,16,5,3,9,14,10,4,1,0,1,1,0.3333333333333333,2.3333333333333335,1.25,0.75,0.5
2023-08-19,2023-2024,Bournemouth,Liverpool,0,1,3,13,26,5,10,13,11,2,10,3,0,0,3,0.3333333333333333,2.3333333333333335,1.25,2.5,-1.25
2023-08-26,2023-2024,Bournemouth,Tottenham Hotspur,1,0,2,11,17,3,6,18,11,6,2,1,0,0,1,0.3333333333333333,2.3333333333333335,0.75,1.5,-0.75
2023-09-02,2023-2024,Bournemouth,Brentford,0,2,2,12,21,5,7,13,6,2,5,2,0,1,2,0.3333333333333333,2.3333333333333335,1.25,1.75,-0.5
2023-09-17,2023-2024,Bournemouth,Chelsea,1,0,0,13,14,4,6,15,20,1,7,1,0,1,1,0.6666666666666666,1.6666666666666667,1.0,1.5,-0.5
2023-09-24,2023-2024,Bournemouth,Brighton and Hove Albion,0,1,3,12,13,4,4,17,12,4,4,3,0,0,3,0.6666666666666666,1.6666666666666667,1.0,1.0,0.0
2023-09-30,2023-2024,Bournemouth,Arsenal,1,0,4,8,15,1,8,11,10,6,6,0,0,0,0,0.3333333333333333,2.3333333333333335,0.25,2.0,-1.75
2023-10-07,2023-2024,Bournemouth,Everton,0,0,3,11,25,4,8,15,14,7,8,2,0,0,2,0.0,3.0,1.0,2.0,-1.0
2023-10-21,2023-2024,Bournemouth,Wolverhampton Wanderers,1,1,2,7,20,4,7,15,10,3,12,2,1,0,5,0.0,3.0,1.0,1.75,-0.75
2023-10-28,2023-2024,Bournemouth,Burnley,1,2,1,13,6,6,3,9,12,10,5,2,0,3,2,1.0,2.0,1.5,0.75,0.75
2023-11-04,2023-2024,Bournemouth,Manchester City,0,1,6,5,21,1,8,9,8,1,12,1,0,0,1,1.0,2.0,0.25,2.0,-1.75
2023-11-11,2023-2024,Bournemouth,Newcastle United,1,2,0,19,8,10,5,10,4,6,5,2,0,3,2,2.0,1.0,2.5,1.25,1.25
2023-11-25,2023-2024,Bournemouth,Sheffield United,0,3,1,23,10,11,2,8,6,7,4,1,0,3,1,2.0,1.0,2.75,0.5,2.25
2023-12-03,2023-2024,Bournemouth,Aston Villa,1,2,2,15,11,7,3,16,12,7,7,5,0,1,5,2.3333333333333335,0.3333333333333333,1.75,0.75,1.0
2023-12-06,2023-2024,Bournemouth,Crystal Palace,0,2,0,11,16,4,3,17,10,9,3,3,0,3,3,2.3333333333333335,0.3333333333333333,1.0,0.75,0.25
2023-12-09,2023-2024,Bournemouth,Manchester United,0,3,0,10,20,4,3,10,7,4,10,1,0,3,1,2.3333333333333335,0.3333333333333333,1.0,0.75,0.25
2023-12-23,2023-2024,Bournemouth,Nottingham Forest,0,3,2,18,11,7,5,10,10,6,6,3,0,3,3,3.0,0.0,1.75,1.25,0.5
2023-12-26,2023-2024,Bournemouth,Fulham,1,3,0,16,8,4,3,10,10,6,5,0,0,3,0,3.0,0.0,1.0,0.75,0.25
2023-12-31,2023-2024,Bournemouth,Tottenham Hotspur,0,1,3,24,12,4,6,18,9,13,4,3,0,0,3,2.0,1.0,1.0,1.5,-0.5
2024-01-21,2023-2024,Bournemouth,Liverpool,1,0,4,11,14,1,7,9,12,8,5,1,0,0,1,1.0,2.0,0.25,1.75,-1.5
2024-02-01,2023-2024,Bournemouth,West Ham United,0,1,1,9,9,4,3,11,13,5,1,3,0,1,3,0.3333333333333333,2.3333333333333335,1.0,0.75,0.25
2024-02-04,2023-2024,Bournemouth,Nottingham Forest,1,1,1,9,8,2,6,19,12,11,6,3,1,1,6,0.6666666666666666,1.6666666666666667,0.5,1.5,-1.0
2024-02-10,2023-2024,Bournemouth,Fulham,0,1,3,25,7,4,6,11,11,14,1,2,0,0,2,0.6666666666666666,1.6666666666666667,1.0,1.5,-0.5
2024-02-17,2023-2024,Bournemouth,Newcastle United,0,2,2,12,17,7,5,22,9,2,4,3,0,1,3,0.6666666666666666,1.6666666666666667,1.75,1.25,0.5
2024-02-24,2023-2024,Bournemouth,Manchester City,1,0,1,13,15,4,6,14,6,3,8,2,0,0,2,0.3333333333333333,2.3333333333333335,1.0,1.5,-0.5
2024-03-03,2023-2024,Bournemouth,Burnley,0,2,0,10,20,3,6,13,8,2,7,4,0,3,4,1.3333333333333333,1.3333333333333333,0.75,1.5,-0.75
2024-03-09,2023-2024,Bournemouth,Sheffield United,1,2,2,32,13,12,9,12,11,10,3,3,0,1,3,1.3333333333333333,1.3333333333333333,3.0,2.25,0.75
2024-03-13,2023-2024,Bournemouth,Luton Town,1,4,3,24,8,10,4,16,11,11,3,1,0,3,1,2.3333333333333335,0.3333333333333333,2.5,1.0,1.5
2024-03-30,2023-2024,Bournemouth,Everton,1,2,1,11,7,4,3,14,11,9,8,1,0,3,1,2.3333333333333335,0.3333333333333333,1.0,0.75,0.25
2024-04-02,2023-2024,Bournemouth,Crystal Palace,1,1,0,11,3,6,2,13,14,9,2,3,0,3,3,3.0,0.0,1.5,0.5,1.0
2024-04-06,2023-2024,Bournemouth,Luton Town,0,1,2,8,19,1,9,14,7,2,7,0,0,0,0,2.0,1.0,0.25,2.25,-2.0
2024-04-13,2023-2024,Bournemouth,Manchester United,1,2,2,20,8,5,2,13,14,7,2,4,0,1,4,1.3333333333333333,1.3333333333333333,1.25,0.5,0.75
2024-04-21,2023-2024,Bournemouth,Aston Villa,0,1,3,14,14,6,4,14,8,4,8,3,0,0,3,0.3333333333333333,2.3333333333333335,1.5,1.0,0.5
2024-04-24,2023-2024,Bournemouth,Wolverhampton Wanderers,0,1,0,21,15,6,4,17,10,12,8,1,1,3,4,1.3333333333333333,1.3333333333333333,1.5,1.0,0.5
2024-04-28,2023-2024,Bournemouth,Brighton and Hove Albion,1,3,0,15,13,6,1,14,10,8,2,2,0,3,2,2.0,1.0,1.5,0.25,1.25
2024-05-04,2023-2024,Bournemouth,Arsenal,0,0,3,7,25,2,9,12,16,1,6,3,0,0,3,2.0,1.0,0.5,2.25,-1.75
2024-05-11,2023-2024,Bournemouth,Brentford,1,1,2,13,11,4,5,16,12,3,8,2,0,0,2,1.0,2.0,1.0,1.25,-0.25
2024-05-19,2023-2024,Bournemouth,Chelsea,0,1,2,22,16,5,6,9,5,5,6,3,0,0,3,0.0,3.0,1.25,1.5,-0.25
2024-08-17,2024-2025,Bournemouth,Nottingham Forest,0,1,1,13,14,4,8,8,17,6,2,3,0,1,3,0.3333333333333333,2.3333333333333335,1.0,2.0,-1.0
2024-08-25,2024-2025,Bournemouth,Newcastle United,1,1,1,16,14,4,5,19,8,8,9,2,0,1,2,0.6666666666666666,1.6666666666666667,1.0,1.25,-0.25
2024-08-31,2024-2025,Bournemouth,Everton,0,3,2,17,18,7,8,1,6,4,8,1,0,3,1,1.6666666666666667,0.6666666666666666,1.75,2.0,-0.25
2024-09-14,2024-2025,Bournemouth,Chelsea,1,0,1,19,10,7,3,16,9,6,3,6,0,0,6,1.3333333333333333,1.3333333333333333,1.75,0.75,1.0
2024-09-21,2024-2025,Bournemouth,Liverpool,0,0,3,19,19,6,13,12,10,9,3,4,0,0,4,1.0,2.0,1.5,3.25,-1.75
2024-09-30,2024-2025,Bournemouth,Southampton,1,3,1,14,9,6,3,19,12,7,4,2,0,3,2,1.0,2.0,1.5,0.75,0.75
2024-10-05,2024-2025,Bournemouth,Leicester City,0,0,1,17,6,2,2,14,12,9,0,1,0,0,1,1.0,2.0,0.5,0.5,0.0
2024-10-19,2024-2025,Bournemouth,Arsenal,1,2,0,13,6,4,1,12,11,7,4,1,0,3,1,2.0,1.0,1.0,0.25,0.75
2024-10-26,2024-2025,Bournemouth,Aston Villa,0,1,1,11,18,3,8,14,12,7,9,6,0,1,6,1.3333333333333333,1.3333333333333333,0.75,2.0,-1.25
2024-11-02,2024-2025,Bournemouth,Manchester City,1,2,1,12,18,6,4,11,6,3,10,2,0,3,2,2.3333333333333335,0.3333333333333333,1.5,1.0,0.5
2024-11-09,2024-2025,Bournemouth,Brentford,0,2,3,15,12,3,6,16,8,4,6,4,0,0,4,1.3333333333333333,1.3333333333333333,0.75,1.5,-0.75
2024-11-23,2024-2025,Bournemouth,Brighton and Hove Albion,1,1,2,19,6,5,4,13,10,7,0,2,0,0,2,1.0,2.0,1.25,1.0,0.25
2024-11-30,2024-2025,Bournemouth,Wolverhampton Wanderers,0,4,2,12,10,8,3,11,13,4,3,1,0,3,1,1.0,2.0,2.0,0.75,1.25
2024-12-05,2024-2025,Bournemouth,Tottenham Hotspur,1,1,0,21,12,8,4,15,8,5,9,2,0,3,2,2.0,1.0,2.0,1.0,1.0
2024-12-08,2024-2025,Bournemouth,Ipswich Town,0,2,1,22,18,6,5,13,9,13,6,1,0,3,1,3.0,0.0,1.5,1.25,0.25
2024-12-16,2024-2025,Bournemouth,West Ham United,1,1,1,29,16,9,3,6,11,12,6,0,0,1,0,2.3333333333333335,0.3333333333333333,2.25,0.75,1.5
2024-12-22,2024-2025,Bournemouth,Manchester United,0,3,0,10,23,5,7,11,11,1,13,3,0,3,3,2.3333333333333335,0.3333333333333333,1.25,1.75,-0.5
2024-12-26,2024-2025,Bournemouth,Crystal Palace,1,0,0,18,10,4,4,13,12,5,2,2,0,1,2,1.6666666666666667,0.6666666666666666,1.0,1.0,0.0
2024-12-29,2024-2025,Bournemouth,Fulham,0,2,2,16,11,9,6,16,7,7,1,3,0,1,3,1.6666666666666667,0.6666666666666666,2.25,1.5,0.75
2025-01-04,2024-2025,Bournemouth,Everton,1,1,0,19,9,8,0,15,14,9,3,2,0,3,2,1.6666666666666667,0.6666666666666666,2.0,0.0,2.0
2025-01-14,2024-2025,Bournemouth,Chelsea,0,2,2,7,26,3,10,16,15,3,9,3,0,1,3,1.6666666666666667,0.6666666666666666,0.75,2.5,-1.75
2025-01-18,2024-2025,Bournemouth,Newcastle United,0,4,1,19,13,10,5,18,7,6,7,6,0,3,6,2.3333333333333335,0.3333333333333333,2.5,1.25,1.25
2025-01-25,2024-2025,Bournemouth,Nottingham Forest,1,5,0,16,18,10,4,9,12,3,9,2,0,3,2,2.3333333333333335,0.3333333333333333,2.5,1.0,1.5
2025-02-01,2024-2025,Bournemouth,Liverpool,1,0,2,14,19,3,7,15,9,3,3,2,0,0,2,2.0,1.0,0.75,1.75,-1.0
2025-02-15,2024-2025,Bournemouth,Southampton,0,3,1,14,11,7,4,15,13,6,4,3,0,3,3,2.0,1.0,1.75,1.0,0.75
2025-02-22,2024-2025,Bournemouth,Wolverhampton Wanderers,1,0,1,8,13,3,5,17,9,6,7,3,1,0,6,1.0,2.0,0.75,1.25,-0.5
2025-02-25,2024-2025,Bournemouth,Brighton and Hove Albion,0,1,2,19,11,5,4,14,12,9,1,1,0,0,1,1.0,2.0,1.25,1.0,0.25
2025-03-09,2024-2025,Bournemouth,Tottenham Hotspur,0,2,2,17,12,8,4,16,15,6,3,3,0,1,3,0.3333333333333333,2.3333333333333335,2.0,1.0,1.0
2025-03-15,2024-2025,Bournemouth,Brentford,1,1,2,17,10,5,4,13,7,4,3,3,0,0,3,0.3333333333333333,2.3333333333333335,1.25,1.0,0.25
2025-04-02,2024-2025,Bournemouth,Ipswich Town,1,1,2,24,10,7,2,14,15,8,3,1,0,0,1,0.3333333333333333,2.3333333333333335,1.75,0.5,1.25
2025-04-05,2024-2025,Bournemouth,West Ham United,0,2,2,11,9,4,3,13,13,7,4,2,0,1,2,0.3333333333333333,2.3333333333333335,1.0,0.75,0.25
2025-04-14,2024-2025,Bournemouth,Fulham,1,1,0,12,12,3,7,11,10,6,9,3,0,3,3,1.3333333333333333,1.3333333333333333,0.75,1.75,-1.0
2025-04-19,2024-2025,Bournemouth,Crystal Palace,0,0,0,15,5,4,0,10,13,4,5,4,0,1,4,1.6666666666666667,0.6666666666666666,1.0,0.0,1.0
2025-04-27,2024-2025,Bournemouth,Manchester United,1,1,1,8,25,1,6,11,12,5,10,4,1,1,7,1.6666666666666667,0.6666666666666666,0.25,1.5,-1.25
2025-05-03,2024-2025,Bournemouth,Arsenal,0,2,1,9,13,2,4,16,7,3,2,2,0,3,2,1.6666666666666667,0.6666666666666666,0.5,1.0,-0.5
2025-05-10,2024-2025,Bournemouth,Aston Villa,1,0,1,10,6,4,3,19,12,10,0,4,0,0,4,1.3333333333333333,1.3333333333333333,1.0,0.75,0.25
2025-05-20,2024-2025,Bournemouth,Manchester City,0,1,3,8,12,2,5,13,7,1,3,3,1,0,6,1.0,2.0,0.5,1.25,-0.75
2025-05-25,2024-2025,Bournemouth,Leicester City,1,2,0,20,3,7,0,19,16,6,1,0,0,3,0,1.0,2.0,1.75,0.0,1.75
2025-08-15,2025-2026,Bournemouth,Liverpool,0,2,4,10,19,3,10,10,7,7,6,2,0,0,2,1.0,2.0,0.75,2.5,-1.75
2025-08-23,2025-2026,Bournemouth,Wolverhampton Wanderers,1,1,0,14,6,4,1,13,16,8,3,2,0,3,2,2.0,1.0,1.0,0.25,0.75
2025-08-30,2025-2026,Bournemouth,Tottenham Hotspur,0,1,0,20,5,6,1,13,17,8,0,4,0,3,4,2.0,1.0,1.5,0.25,1.25
2025-09-13,2025-2026,Bournemouth,Brighton and Hove Albion,1,2,1,13,6,5,2,16,10,4,4,4,0,3,4,3.0,0.0,1.25,0.5,0.75
2025-09-21,2025-2026,Bournemouth,Newcastle United,1,0,0,11,4,2,1,7,10,5,2,2,0,1,2,2.3333333333333335,0.3333333333333333,0.5,0.25,0.25
2025-09-27,2025-2026,Bournemouth,Leeds United,0,2,2,12,19,5,8,13,12,4,7,2,0,1,2,1.6666666666666667,0.6666666666666666,1.25,2.0,-0.75
2025-10-03,2025-2026,Bournemouth,Fulham,1,3,1,11,12,6,4,8,10,4,3,0,0,3,0,1.6666666666666667,0.6666666666666666,1.5,1.0,0.5
2025-10-18,2025-2026,Bournemouth,Crystal Palace,0,3,3,8,20,5,7,16,8,5,6,4,0,1,4,1.6666666666666667,0.6666666666666666,1.25,1.75,-0.5
2025-10-26,2025-2026,Bournemouth,Nottingham Forest,1,2,0,13,8,5,4,17,7,6,4,3,0,3,3,2.3333333333333335,0.3333333333333333,1.25,1.0,0.25
2025-11-02,2025-2026,Bournemouth,Manchester City,0,1,3,8,15,5,8,11,8,4,10,2,0,0,2,1.3333333333333333,1.3333333333333333,1.25,2.0,-0.75
2025-11-09,2025-2026,Bournemouth,Aston Villa,0,0,4,13,16,4,8,20,8,9,6,2,0,0,2,1.0,2.0,1.0,2.0,-1.0
2021-08-13,2021-2022,Brentford,Arsenal,1,2,0,8,22,3,4,12,8,2,5,0,0,3,0,3.0,0.0,0.75,1.0,-0.25
2021-08-21,2021-2022,Brentford,Crystal Palace,0,0,0,14,7,3,2,9,12,5,3,1,0,1,1,2.0,0.5,0.75,0.5,0.25
2021-08-28,2021-2022,Brentford,Aston Villa,0,1,1,9,7,2,5,14,15,2,3,3,0,1,3,1.6666666666666667,0.6666666666666666,0.5,1.25,-0.75
2021-09-11,2021-2022,Brentford,Brighton and Hove Albion,1,0,1,7,4,1,2,9,12,1,6,3,0,0,3,0.6666666666666666,1.6666666666666667,0.25,0.5,-0.25
2021-09-18,2021-2022,Brentford,Wolverhampton Wanderers,0,2,0,9,11,3,0,7,10,2,4,2,1,3,5,1.3333333333333333,1.3333333333333333,0.75,0.0,0.75
2021-09-25,2021-2022,Brentford,Liverpool,1,3,3,12,16,4,6,8,7,2,11,1,0,1,1,1.3333333333333333,1.3333333333333333,1.0,1.5,-0.5
2021-10-03,2021-2022,Brentford,West Ham United,0,2,1,13,18,6,5,13,16,6,11,3,0,3,3,2.3333333333333335,0.3333333333333333,1.5,1.25,0.25
2021-10-16,2021-2022,Brentford,Chelsea,1,0,1,17,5,7,1,13,8,5,5,1,0,0,1,1.3333333333333333,1.3333333333333333,1.75,0.25,1.5
2021-10-24,2021-2022,Brentford,Leicester City,1,1,2,15,10,5,6,13,7,9,2,1,0,0,1,1.0,2.0,1.25,1.5,-0.25
2021-10-30,2021-2022,Brentford,Burnley,0,1,3,12,15,5,6,10,7,2,4,1,0,0,1,0.0,3.0,1.25,1.5,-0.25
2021-11-06,2021-2022,Brentford,Norwich City,1,1,2,19,9,7,5,12,13,6,2,2,0,0,2,0.0,3.0,1.75,1.25,0.5
2021-11-20,2021-2022,Brentford,Newcastle United,0,3,3,10,23,4,9,11,13,2,8,2,0,1,2,0.3333333333333333,2.3333333333333335,1.0,2.25,-1.25
2021-11-28,2021-2022,Brentford,Everton,1,1,0,6,14,4,5,8,11,3,3,4,0,3,4,1.3333333333333333,1.3333333333333333,1.0,1.25,-0.25
2021-12-02,2021-2022,Brentford,Tottenham Hotspur,0,0,2,6,11,2,6,11,13,5,11,0,0,0,0,1.3333333333333333,1.3333333333333333,0.5,1.5,-1.0
2021-12-05,2021-2022,Brentford,Leeds United,0,2,2,9,13,3,6,9,11,1,5,3,0,1,3,1.3333333333333333,1.3333333333333333,0.75,1.5,-0.75
2021-12-10,2021-2022,Brentford,Watford,1,2,1,14,6,5,2,12,18,8,2,4,0,3,4,1.3333333333333333,1.3333333333333333,1.25,0.5,0.75
2021-12-26,2021-2022,Brentford,Brighton and Hove Albion,0,0,2,16,15,6,5,10,8,9,6,3,0,0,3,1.3333333333333333,1.3333333333333333,1.5,1.25,0.25
2021-12-29,2021-2022,Brentford,Manchester City,1,0,1,6,12,2,3,12,10,3,5,0,0,0,0,1.0,2.0,0.5,0.75,-0.25
2022-01-02,2021-2022,Brentford,Aston Villa,1,2,1,10,16,4,5,17,11,3,7,2,0,3,2,1.0,2.0,1.0,1.25,-0.25
2022-01-11,2021-2022,Brentford,Southampton,0,1,4,5,12,4,6,8,9,2,5,1,0,0,1,1.0,2.0,1.0,1.5,-0.5
2022-01-16,2021-2022,Brentford,Liverpool,0,0,3,6,27,1,13,6,6,0,9,1,0,0,1,1.0,2.0,0.25,3.25,-3.0
2022-01-19,2021-2022,Brentford,Manchester United,1,1,3,18,13,8,5,7,9,6,9,0,0,0,0,0.0,3.0,2.0,1.25,0.75
2022-01-22,2021-2022,Brentford,Wolverhampton Wanderers,1,1,2,11,7,1,2,6,7,6,3,2,0,0,2,0.0,3.0,0.25,0.5,-0.25
2022-02-09,2021-2022,Brentford,Manchester City,0,0,2,6,15,2,7,13,7,3,9,0,0,0,0,0.0,3.0,0.5,1.75,-1.25
2022-02-12,2021-2022,Brentford,Crystal Palace,1,0,0,9,6,2,3,10,10,3,9,1,0,1,1,0.3333333333333333,2.3333333333333335,0.5,0.75,-0.25
2022-02-19,2021-2022,Brentford,Arsenal,0,1,2,6,24,2,8,5,10,0,14,1,0,0,1,0.3333333333333333,2.3333333333333335,0.5,2.0,-1.5
2022-02-26,2021-2022,Brentford,Newcastle United,1,0,2,6,26,1,11,9,7,6,6,3,1,0,6,0.3333333333333333,2.3333333333333335,0.25,2.75,-2.5
2022-03-05,2021-2022,Brentford,Norwich City,0,3,1,10,15,6,7,18,13,5,5,5,0,3,5,1.0,2.0,1.5,1.75,-0.25
2022-03-12,2021-2022,Brentford,Burnley,1,2,0,13,7,4,1,6,10,2,9,1,0,3,1,2.0,1.0,1.0,0.25,0.75
2022-03-20,2021-2022,Brentford,Leicester City,0,1,2,15,12,6,4,10,10,5,2,2,0,0,2,2.0,1.0,1.5,1.0,0.5
2022-04-02,2021-2022,Brentford,Chelsea,0,4,1,17,21,6,8,7,11,7,12,0,0,3,0,2.0,1.0,1.5,2.0,-0.5
2022-04-10,2021-2022,Brentford,West Ham United,1,2,0,15,5,7,1,2,6,4,6,0,0,3,0,2.0,1.0,1.75,0.25,1.5
2022-04-16,2021-2022,Brentford,Watford,0,2,1,16,17,5,4,9,11,5,6,1,0,3,1,3.0,0.0,1.25,1.0,0.25
2022-04-23,2021-2022,Brentford,Tottenham Hotspur,1,0,0,15,9,2,0,8,7,12,8,2,0,1,2,2.3333333333333335,0.3333333333333333,0.5,0.0,0.5
2022-05-02,2021-2022,Brentford,Manchester United,0,0,3,12,9,4,5,6,4,8,3,0,0,0,0,1.3333333333333333,1.3333333333333333,1.0,1.25,-0.25
2022-05-07,2021-2022,Brentford,Southampton,1,3,0,18,19,5,4,12,9,4,7,0,0,3,0,1.3333333333333333,1.3333333333333333,1.25,1.0,0.25
2022-05-15,2021-2022,Brentford,Everton,0,3,2,18,10,7,5,8,8,2,5,3,0,3,3,2.0,1.0,1.75,1.25,0.5
2022-05-22,2021-2022,Brentford,Leeds United,1,1,2,14,14,5,6,11,13,3,2,2,1,0,5,2.0,1.0,1.25,1.5,-0.25
2022-08-07,2022-2023,Brentford,Leicester City,0,2,2,8,14,3,5,5,6,6,5,0,0,1,0,1.3333333333333333,1.3333333333333333,0.75,1.25,-0.5
2022-08-13,2022-2023,Brentford,Manchester United,1,4,0,13,15,7,4,6,15,8,2,0,0,3,0,1.3333333333333333,1.3333333333333333,1.75,1.0,0.75
2022-08-20,2022-2023,Brentford,Fulham,0,2,3,13,18,5,9,7,13,3,6,2,0,0,2,1.3333333333333333,1.3333333333333333,1.25,2.25,-1.0
2022-08-27,2022-2023,Brentford,Everton,1,1,1,19,14,5,7,8,8,8,5,2,0,1,2,1.3333333333333333,1.3333333333333333,1.25,1.75,-0.5
2022-08-30,2022-2023,Brentford,Crystal Palace,0,1,1,9,13,3,4,8,11,6,4,2,0,1,2,0.6666666666666666,1.6666666666666667,0.75,1.0,-0.25
2022-09-03,2022-2023,Brentford,Leeds United,1,5,2,14,17,8,6,8,9,2,6,2,0,3,2,1.6666666666666667,0.6666666666666666,2.0,1.5,0.5
2022-09-18,2022-2023,Brentford,Arsenal,1,0,3,5,13,2,7,10,10,3,3,0,0,0,0,1.3333333333333333,1.3333333333333333,0.5,1.75,-1.25
2022-10-01,2022-2023,Brentford,Bournemouth,0,0,0,13,7,4,1,10,11,8,7,2,0,1,2,1.3333333333333333,1.3333333333333333,1.0,0.25,0.75
2022-10-08,2022-2023,Brentford,Newcastle United,0,1,5,6,16,3,6,9,14,5,9,1,0,0,1,0.3333333333333333,2.3333333333333335,0.75,1.5,-0.75
2022-10-14,2022-2023,Brentford,Brighton and Hove Albion,1,2,0,7,21,3,7,12,15,2,11,3,0,3,3,1.3333333333333333,1.3333333333333333,0.75,1.75,-1.0
2022-10-19,2022-2023,Brentford,Chelsea,1,0,0,8,14,5,5,7,7,6,2,0,0,1,0,1.3333333333333333,1.3333333333333333,1.25,1.25,0.0
2022-10-23,2022-2023,Brentford,Aston Villa,0,0,4,12,19,3,11,11,14,6,7,0,0,0,0,1.3333333333333333,1.3333333333333333,0.75,2.75,-2.0
2022-10-29,2022-2023,Brentford,Wolverhampton Wanderers,1,1,1,12,14,3,4,10,17,3,6,3,0,1,3,0.6666666666666666,1.6666666666666667,0.75,1.0,-0.25
2022-11-05,2022-2023,Brentford,Nottingham Forest,0,2,2,6,15,2,7,11,10,3,3,2,0,1,2,0.6666666666666666,1.6666666666666667,0.5,1.75,-1.25
2022-11-12,2022-2023,Brentford,Manchester City,0,2,1,10,29,8,6,7,9,2,10,2,0,3,2,1.6666666666666667,0.6666666666666666,2.0,1.5,0.5
2022-12-26,2022-2023,Brentford,Tottenham Hotspur,1,2,2,9,16,5,8,11,10,6,5,3,0,1,3,1.6666666666666667,0.6666666666666666,1.25,2.0,-0.75
2022-12-30,2022-2023,Brentford,West Ham United,0,2,0,9,20,6,5,5,9,1,8,0,0,3,0,2.3333333333333335,0.3333333333333333,1.5,1.25,0.25
2023-01-02,2022-2023,Brentford,Liverpool,1,3,1,10,16,7,6,5,8,4,9,1,0,3,1,2.3333333333333335,0.3333333333333333,1.75,1.5,0.25
2023-01-14,2022-2023,Brentford,Bournemouth,1,2,0,12,7,4,2,5,9,5,3,1,0,3,1,3.0,0.0,1.0,0.5,0.5
2023-01-22,2022-2023,Brentford,Leeds United,0,0,0,6,9,0,5,18,10,3,2,2,0,1,2,2.3333333333333335,0.3333333333333333,0.0,1.25,-1.25
2023-02-04,2022-2023,Brentford,Southampton,1,3,0,14,14,4,6,10,9,4,4,1,0,3,1,2.3333333333333335,0.3333333333333333,1.0,1.5,-0.5
2023-02-11,2022-2023,Brentford,Arsenal,0,1,1,9,23,2,7,9,9,4,7,2,0,1,2,1.6666666666666667,0.6666666666666666,0.5,1.75,-1.25
2023-02-18,2022-2023,Brentford,Crystal Palace,1,1,1,12,10,5,4,10,8,2,6,2,0,1,2,1.6666666666666667,0.6666666666666666,1.25,1.0,0.25
2023-03-06,2022-2023,Brentford,Fulham,1,3,2,14,9,6,5,12,17,2,3,0,0,3,0,1.6666666666666667,0.6666666666666666,1.5,1.25,0.25
2023-03-11,2022-2023,Brentford,Everton,0,0,1,12,13,4,6,12,11,8,5,1,0,0,1,1.3333333333333333,1.3333333333333333,1.0,1.5,-0.5
2023-03-15,2022-2023,Brentford,Southampton,0,2,0,11,7,5,1,10,14,3,3,2,0,3,2,2.0,1.0,1.25,0.25,1.0
2023-03-18,2022-2023,Brentford,Leicester City,1,1,1,11,14,2,1,10,11,8,4,1,1,1,4,1.3333333333333333,1.3333333333333333,0.5,0.25,0.25
2023-04-01,2022-2023,Brentford,Brighton and Hove Albion,0,3,3,7,33,5,15,10,16,0,14,1,0,1,1,1.6666666666666667,0.6666666666666666,1.25,3.75,-2.5
2023-04-05,2022-2023,Brentford,Manchester United,0,0,1,6,18,1,3,13,8,3,12,2,0,0,2,0.6666666666666666,1.6666666666666667,0.25,0.75,-0.5
2023-04-08,2022-2023,Brentford,Newcastle United,1,1,2,12,10,6,4,10,15,6,5,0,0,0,0,0.3333333333333333,2.3333333333333335,1.5,1.0,0.5
2023-04-15,2022-2023,Brentford,Wolverhampton Wanderers,0,0,2,10,11,3,9,8,12,2,5,1,0,0,1,0.0,3.0,0.75,2.25,-1.5
2023-04-22,2022-2023,Brentford,Aston Villa,1,1,1,6,14,5,2,12,8,8,4,3,0,1,3,0.3333333333333333,2.3333333333333335,1.25,0.5,0.75
2023-04-26,2022-2023,Brentford,Chelsea,0,2,0,7,15,1,4,13,5,2,5,2,0,3,2,1.3333333333333333,1.3333333333333333,0.25,1.0,-0.75
2023-04-29,2022-2023,Brentford,Nottingham Forest,1,2,1,14,5,8,3,6,13,6,0,1,0,3,1,2.3333333333333335,0.3333333333333333,2.0,0.75,1.25
2023-05-06,2022-2023,Brentford,Liverpool,0,0,1,5,15,1,5,10,19,3,7,2,0,0,2,2.0,1.0,0.25,1.25,-1.0
2023-05-14,2022-2023,Brentford,West Ham United,1,2,0,24,4,10,4,5,5,7,5,1,0,3,1,2.0,1.0,2.5,1.0,1.5
2023-05-20,2022-2023,Brentford,Tottenham Hotspur,0,3,1,11,22,4,8,9,11,2,8,1,0,3,1,2.0,1.0,1.0,2.0,-1.0
2023-05-28,2022-2023,Brentford,Manchester City,1,1,0,11,17,4,3,12,8,3,4,4,0,3,4,3.0,0.0,1.0,0.75,0.25
2023-08-13,2023-2024,Brentford,Tottenham Hotspur,1,2,2,11,18,6,6,12,13,3,6,1,0,1,1,2.3333333333333335,0.3333333333333333,1.5,1.5,0.0
2023-08-19,2023-2024,Brentford,Fulham,0,3,0,17,10,8,2,12,13,5,5,2,0,3,2,2.3333333333333335,0.3333333333333333,2.0,0.5,1.5
2023-08-26,2023-2024,Brentford,Crystal Palace,1,1,1,12,15,1,5,9,15,8,6,0,0,1,0,1.6666666666666667,0.6666666666666666,0.25,1.25,-1.0
2023-09-02,2023-2024,Brentford,Bournemouth,1,2,2,21,12,7,5,6,13,5,2,1,0,1,1,1.6666666666666667,0.6666666666666666,1.75,1.25,0.5
2023-09-16,2023-2024,Brentford,Newcastle United,0,0,1,11,9,2,2,12,8,3,8,5,0,0,5,0.6666666666666666,1.6666666666666667,0.5,0.5,0.0
2023-09-23,2023-2024,Brentford,Everton,1,1,3,12,18,2,6,9,12,1,4,2,0,0,2,0.3333333333333333,2.3333333333333335,0.5,1.5,-1.0
2023-10-01,2023-2024,Brentford,Nottingham Forest,0,1,1,18,6,5,1,10,6,11,1,2,0,1,2,0.3333333333333333,2.3333333333333335,1.25,0.25,1.0
2023-10-07,2023-2024,Brentford,Manchester United,0,1,2,11,21,3,8,17,10,5,7,5,0,0,5,0.3333333333333333,2.3333333333333335,0.75,2.0,-1.25
2023-10-21,2023-2024,Brentford,Burnley,1,3,0,23,6,10,1,14,12,5,5,5,0,3,5,1.3333333333333333,1.3333333333333333,2.5,0.25,2.25
2023-10-28,2023-2024,Brentford,Chelsea,0,2,0,7,17,5,2,7,12,1,10,4,0,3,4,2.0,1.0,1.25,0.5,0.75
2023-11-04,2023-2024,Brentford,West Ham United,1,3,2,16,12,4,2,12,14,4,3,1,0,3,1,3.0,0.0,1.0,0.5,0.5
2023-11-12,2023-2024,Brentford,Liverpool,0,0,3,16,17,3,10,12,16,8,6,2,0,0,2,2.0,1.0,0.75,2.5,-1.75
2023-11-25,2023-2024,Brentford,Arsenal,1,0,1,9,15,3,4,9,7,1,8,1,0,0,1,1.0,2.0,0.75,1.0,-0.25
2023-12-02,2023-2024,Brentford,Luton Town,1,3,1,27,7,6,1,10,8,7,5,1,0,3,1,1.0,2.0,1.5,0.25,1.25
2023-12-06,2023-2024,Brentford,Brighton and Hove Albion,0,1,2,8,18,2,7,8,10,3,7,1,0,0,1,1.0,2.0,0.5,1.75,-1.25
2023-12-09,2023-2024,Brentford,Sheffield United,0,0,1,10,9,4,4,13,14,4,3,1,0,0,1,1.0,2.0,1.0,1.0,0.0
2023-12-17,2023-2024,Brentford,Aston Villa,1,1,2,4,15,3,5,19,6,7,12,6,1,0,9,0.0,3.0,0.75,1.25,-0.5
2023-12-27,2023-2024,Brentford,Wolverhampton Wanderers,1,1,4,14,11,4,5,5,14,8,2,1,0,0,1,0.0,3.0,1.0,1.25,-0.25
2023-12-30,2023-2024,Brentford,Crystal Palace,0,1,3,9,13,4,6,10,14,4,7,1,0,0,1,0.0,3.0,1.0,1.5,-0.5
2024-01-20,2023-2024,Brentford,Nottingham Forest,1,3,2,11,12,5,3,10,14,6,4,1,0,3,1,1.0,2.0,1.25,0.75,0.5
2024-01-31,2023-2024,Brentford,Tottenham Hotspur,0,2,3,9,19,5,5,15,13,3,5,3,0,0,3,1.0,2.0,1.25,1.25,0.0
2024-02-05,2023-2024,Brentford,Manchester City,1,1,3,9,25,3,15,2,4,8,13,1,0,0,1,1.0,2.0,0.75,3.75,-3.0
2024-02-10,2023-2024,Brentford,Wolverhampton Wanderers,0,2,0,9,17,6,5,9,11,4,7,3,0,3,3,1.0,2.0,1.5,1.25,0.25
2024-02-17,2023-2024,Brentford,Liverpool,1,1,4,15,15,6,8,4,18,1,6,2,0,0,2,1.0,2.0,1.5,2.0,-0.5
2024-02-20,2023-2024,Brentford,Manchester City,0,0,1,6,25,2,11,6,12,1,10,4,0,0,4,1.0,2.0,0.5,2.75,-2.25
2024-02-26,2023-2024,Brentford,West Ham United,0,2,4,14,17,8,6,9,5,7,1,2,0,0,2,0.0,3.0,2.0,1.5,0.5
2024-03-02,2023-2024,Brentford,Chelsea,1,2,2,14,17,5,6,10,9,0,6,3,0,1,3,0.3333333333333333,2.3333333333333335,1.25,1.5,-0.25
2024-03-09,2023-2024,Brentford,Arsenal,0,1,2,9,17,4,6,10,9,4,10,4,0,0,4,0.3333333333333333,2.3333333333333335,1.0,1.5,-0.5
2024-03-16,2023-2024,Brentford,Burnley,0,1,2,9,17,5,6,17,14,4,5,4,1,0,7,0.3333333333333333,2.3333333333333335,1.25,1.5,-0.25
2024-03-30,2023-2024,Brentford,Manchester United,1,1,1,31,11,5,5,7,14,14,4,2,0,1,2,0.3333333333333333,2.3333333333333335,1.25,1.25,0.0
2024-04-03,2023-2024,Brentford,Brighton and Hove Albion,1,0,0,5,24,2,6,9,12,1,5,1,0,1,1,0.6666666666666666,1.6666666666666667,0.5,1.5,-1.0
2024-04-06,2023-2024,Brentford,Aston Villa,0,3,3,8,11,3,3,11,15,3,11,2,0,1,2,1.0,1.0,0.75,0.75,0.0
2024-04-13,2023-2024,Brentford,Sheffield United,1,2,0,9,8,5,2,8,11,3,6,3,0,3,3,1.6666666666666667,0.6666666666666666,1.25,0.5,0.75
2024-04-20,2023-2024,Brentford,Luton Town,0,5,1,21,6,9,3,9,13,9,4,2,0,3,2,2.3333333333333335,0.3333333333333333,2.25,0.75,1.5
2024-04-27,2023-2024,Brentford,Everton,0,0,1,10,18,4,1,12,10,6,6,2,0,0,2,2.0,1.0,1.0,0.25,0.75
2024-05-04,2023-2024,Brentford,Fulham,1,0,0,7,15,3,3,3,6,7,6,1,0,1,1,1.3333333333333333,1.3333333333333333,0.75,0.75,0.0
2024-05-11,2023-2024,Brentford,Bournemouth,0,2,1,11,13,5,4,12,16,8,3,2,0,3,2,1.3333333333333333,1.3333333333333333,1.25,1.0,0.25
2024-05-19,2023-2024,Brentford,Newcastle United,1,2,4,10,12,5,7,15,11,3,0,4,0,0,4,1.3333333333333333,1.3333333333333333,1.25,1.75,-0.5
2024-08-18,2024-2025,Brentford,Crystal Palace,1,2,1,9,14,5,6,6,15,4,7,1,0,3,1,2.0,1.0,1.25,1.5,-0.25
2024-08-25,2024-2025,Brentford,Liverpool,0,0,2,8,19,2,8,7,10,4,9,3,0,0,3,1.0,2.0,0.5,2.0,-1.5
2024-08-31,2024-2025,Brentford,Southampton,1,3,1,20,18,7,6,10,7,2,8,2,0,3,2,2.0,1.0,1.75,1.5,0.25
2024-09-14,2024-2025,Brentford,Manchester City,0,1,2,8,18,5,7,3,9,3,12,1,0,0,1,1.0,2.0,1.25,1.75,-0.5
2024-09-21,2024-2025,Brentford,Tottenham Hotspur,0,1,3,6,23,6,10,9,11,4,9,1,0,0,1,1.0,2.0,1.5,2.5,-1.0
2024-09-28,2024-2025,Brentford,West Ham United,1,1,1,8,19,3,3,2,11,7,7,2,0,1,2,0.3333333333333333,2.3333333333333335,0.75,0.75,0.0
2024-10-05,2024-2025,Brentford,Wolverhampton Wanderers,1,5,3,19,17,12,6,9,10,10,3,2,0,3,2,1.3333333333333333,1.3333333333333333,3.0,1.5,1.5
2024-10-19,2024-2025,Brentford,Manchester United,0,1,2,8,23,2,11,5,14,2,9,2,0,0,2,1.3333333333333333,1.3333333333333333,0.5,2.75,-2.25
2024-10-26,2024-2025,Brentford,Ipswich Town,1,4,3,20,11,9,5,7,10,5,5,0,0,3,0,2.0,1.0,2.25,1.25,1.0
2024-11-04,2024-2025,Brentford,Fulham,0,1,2,5,26,2,12,10,3,3,11,1,0,0,1,1.0,2.0,0.5,3.0,-2.5
2024-11-09,2024-2025,Brentford,Bournemouth,1,3,2,12,15,6,3,8,16,6,4,2,0,3,2,2.0,1.0,1.5,0.75,0.75
2024-11-23,2024-2025,Brentford,Everton,0,0,0,9,27,2,5,10,8,4,10,0,1,1,3,1.3333333333333333,1.3333333333333333,0.5,1.25,-0.75
2024-11-30,2024-2025,Brentford,Leicester City,1,4,1,13,7,6,3,9,10,5,4,1,0,3,1,2.3333333333333335,0.3333333333333333,1.5,0.75,0.75
2024-12-04,2024-2025,Brentford,Aston Villa,0,1,3,9,20,1,10,15,11,5,10,2,0,0,2,1.3333333333333333,1.3333333333333333,0.25,2.5,-2.25
2024-12-07,2024-2025,Brentford,Newcastle United,1,4,2,11,16,8,3,10,7,3,4,3,0,3,3,2.0,1.0,2.0,0.75,1.25
2024-12-15,2024-2025,Brentford,Chelsea,0,1,2,9,26,4,8,7,11,5,8,2,0,0,2,1.0,2.0,1.0,2.0,-1.0
2024-12-21,2024-2025,Brentford,Nottingham Forest,1,0,2,7,10,3,6,9,14,9,5,3,0,0,3,1.0,2.0,0.75,1.5,-0.75
2024-12-27,2024-2025,Brentford,Brighton and Hove Albion,0,0,0,8,24,3,7,12,6,3,5,2,0,1,2,0.3333333333333333,2.3333333333333335,0.75,1.75,-1.0
2025-01-01,2024-2025,Brentford,Arsenal,1,1,3,5,14,2,5,6,8,4,3,1,0,0,1,0.3333333333333333,2.3333333333333335,0.5,1.25,-0.75
2025-01-04,2024-2025,Brentford,Southampton,0,5,0,20,8,11,1,4,10,2,2,0,0,3,0,1.3333333333333333,1.3333333333333333,2.75,0.25,2.5
2025-01-14,2024-2025,Brentford,Manchester City,1,2,2,18,21,6,8,4,4,4,5,0,0,1,0,1.3333333333333333,1.3333333333333333,1.5,2.0,-0.5
2025-01-18,2024-2025,Brentford,Liverpool,1,0,2,11,37,6,8,6,14,2,15,2,0,0,2,1.3333333333333333,1.3333333333333333,1.5,2.0,-0.5
2025-01-26,2024-2025,Brentford,Crystal Palace,0,2,1,13,16,6,5,11,8,7,4,2,0,3,2,1.3333333333333333,1.3333333333333333,1.5,1.25,0.25
2025-02-02,2024-2025,Brentford,Tottenham Hotspur,1,0,2,20,13,4,2,4,11,10,3,0,0,0,0,1.0,2.0,1.0,0.5,0.5
2025-02-15,2024-2025,Brentford,West Ham United,0,1,0,14,13,5,3,13,10,2,9,1,0,3,1,2.0,1.0,1.25,0.75,0.5
2025-02-21,2024-2025,Brentford,Leicester City,0,4,0,14,8,6,3,10,10,6,5,0,0,3,0,2.0,1.0,1.5,0.75,0.75
2025-02-26,2024-2025,Brentford,Everton,1,1,1,12,14,3,4,3,6,2,5,2,0,1,2,2.3333333333333335,0.3333333333333333,0.75,1.0,-0.25
2025-03-08,2024-2025,Brentford,Aston Villa,1,0,1,13,12,3,4,10,5,6,5,2,0,0,2,1.3333333333333333,1.3333333333333333,0.75,1.0,-0.25
2025-03-15,2024-2025,Brentford,Bournemouth,0,2,1,10,17,4,5,7,13,3,4,0,0,3,0,1.3333333333333333,1.3333333333333333,1.0,1.25,-0.25
2025-04-02,2024-2025,Brentford,Newcastle United,0,1,2,12,21,3,4,12,12,5,4,1,0,0,1,1.0,2.0,0.75,1.0,-0.25
2025-04-06,2024-2025,Brentford,Chelsea,1,0,0,9,21,2,5,12,12,3,6,1,0,1,1,1.3333333333333333,1.3333333333333333,0.5,1.25,-0.75
2025-04-12,2024-2025,Brentford,Arsenal,0,1,1,3,14,2,3,9,7,5,13,3,0,1,3,0.6666666666666666,1.6666666666666667,0.5,0.75,-0.25
2025-04-19,2024-2025,Brentford,Brighton and Hove Albion,1,4,2,16,12,8,3,7,11,4,8,3,0,3,3,1.6666666666666667,0.6666666666666666,2.0,0.75,1.25
2025-05-01,2024-2025,Brentford,Nottingham Forest,0,2,0,11,14,3,5,12,10,5,4,5,0,3,5,2.3333333333333335,0.3333333333333333,0.75,1.25,-0.5
2025-05-04,2024-2025,Brentford,Manchester United,1,4,3,12,14,6,5,8,10,7,4,0,0,3,0,3.0,0.0,1.5,1.25,0.25
2025-05-10,2024-2025,Brentford,Ipswich Town,0,1,0,15,11,5,4,12,6,6,5,4,0,3,4,3.0,0.0,1.25,1.0,0.25
2025-05-18,2024-2025,Brentford,Fulham,1,2,3,11,16,6,7,12,8,5,3,4,0,0,4,2.0,1.0,1.5,1.75,-0.25
2025-05-25,2024-2025,Brentford,Wolverhampton Wanderers,0,1,1,13,18,7,6,9,7,3,8,1,0,1,1,1.3333333333333333,1.3333333333333333,1.75,1.5,0.25
2025-08-17,2025-2026,Brentford,Nottingham Forest,0,1,3,10,11,3,5,15,7,5,5,2,0,0,2,0.3333333333333333,2.3333333333333335,0.75,1.25,-0.5
2025-08-23,2025-2026,Brentford,Aston Villa,1,1,0,9,17,2,2,11,9,2,9,1,0,3,1,1.3333333333333333,1.3333333333333333,0.5,0.5,0.0
2025-08-30,2025-2026,Brentford,Sunderland,0,1,2,7,12,4,3,12,11,4,3,2,0,0,2,1.0,2.0,1.0,0.75,0.25
2025-09-13,2025-2026,Brentford,Chelsea,1,2,2,7,16,4,6,13,9,5,6,3,0,1,3,1.3333333333333333,1.3333333333333333,1.0,1.5,-0.5
2025-09-20,2025-2026,Brentford,Fulham,0,1,3,8,14,3,3,13,11,10,2,1,0,0,1,0.3333333333333333,2.3333333333333335,0.75,0.75,0.0
2025-09-27,2025-2026,Brentford,Manchester United,1,3,1,10,14,8,6,14,10,4,2,2,0,3,2,1.3333333333333333,1.3333333333333333,2.0,1.5,0.5
2025-10-05,2025-2026,Brentford,Manchester City,1,0,1,6,10,1,4,10,6,3,2,3,0,0,3,1.0,2.0,0.25,1.0,-0.75
2025-10-20,2025-2026,Brentford,West Ham United,0,2,0,22,7,7,1,10,10,10,6,1,0,3,1,2.0,1.0,1.75,0.25,1.5
2025-10-25,2025-2026,Brentford,Liverpool,1,3,2,17,18,8,5,7,10,5,4,3,0,3,3,2.0,1.0,2.0,1.25,0.75
2025-11-01,2025-2026,Brentford,Crystal Palace,0,0,2,6,9,2,2,11,7,5,6,3,0,0,3,2.0,1.0,0.5,0.5,0.0
2025-11-09,2025-2026,Brentford,Newcastle United,1,3,1,15,5,7,1,10,13,6,2,2,0,3,2,2.0,1.0,1.75,0.25,1.5
2020-09-14,2020-2021,Brighton and Hove Albion,Chelsea,1,1,3,13,10,3,5,8,13,4,3,1,0,0,1,0.0,3.0,0.75,1.25,-0.5
2020-09-20,2020-2021,Brighton and Hove Albion,Newcastle United,0,3,0,13,6,6,0,15,16,1,7,0,1,3,3,1.5,1.5,1.5,0.0,1.5
2020-09-26,2020-2021,Brighton and Hove Albion,Manchester United,1,2,3,18,7,5,3,18,16,7,1,4,0,0,4,1.0,2.0,1.25,0.75,0.5
2020-10-03,2020-2021,Brighton and Hove Albion,Everton,0,2,4,11,11,3,6,14,13,10,3,1,0,0,1,1.0,2.0,0.75,1.5,-0.75
2020-10-18,2020-2021,Brighton and Hove Albion,Crystal Palace,0,1,1,20,1,3,1,12,13,5,2,2,1,1,5,0.3333333333333333,2.3333333333333335,0.75,0.25,0.5
2020-10-26,2020-2021,Brighton and Hove Albion,West Brom,1,1,1,5,9,3,3,14,7,6,2,2,0,1,2,0.6666666666666666,1.6666666666666667,0.75,0.75,0.0
2020-11-01,2020-2021,Brighton and Hove Albion,Tottenham Hotspur,0,1,2,6,9,2,3,13,14,5,4,1,0,0,1,0.6666666666666666,1.6666666666666667,0.5,0.75,-0.25
2020-11-06,2020-2021,Brighton and Hove Albion,Burnley,1,0,0,19,4,3,1,11,5,5,3,1,0,1,1,0.6666666666666666,1.6666666666666667,0.75,0.25,0.5
2020-11-21,2020-2021,Brighton and Hove Albion,Aston Villa,0,2,1,7,15,3,4,18,5,3,12,1,1,3,4,1.3333333333333333,1.3333333333333333,0.75,1.0,-0.25
2020-11-28,2020-2021,Brighton and Hove Albion,Liverpool,1,1,1,11,6,3,2,9,13,4,3,2,0,1,2,1.6666666666666667,0.6666666666666666,0.75,0.5,0.25
2020-12-07,2020-2021,Brighton and Hove Albion,Southampton,1,1,2,12,10,4,3,12,12,4,3,3,0,0,3,1.3333333333333333,1.3333333333333333,1.0,0.75,0.25
2020-12-13,2020-2021,Brighton and Hove Albion,Leicester City,0,0,3,12,15,4,6,11,9,5,9,1,0,0,1,0.3333333333333333,2.3333333333333335,1.0,1.5,-0.5
2020-12-16,2020-2021,Brighton and Hove Albion,Fulham,0,0,0,9,9,4,4,11,15,8,1,0,0,1,0,0.3333333333333333,2.3333333333333335,1.0,1.0,0.0
2020-12-20,2020-2021,Brighton and Hove Albion,Sheffield United,1,1,1,21,5,5,3,9,11,14,2,1,0,1,1,0.6666666666666666,1.6666666666666667,1.25,0.75,0.5
2020-12-27,2020-2021,Brighton and Hove Albion,West Ham United,0,2,2,13,11,4,4,8,6,4,5,0,0,1,0,1.0,1.0,1.0,1.0,0.0
2020-12-29,2020-2021,Brighton and Hove Albion,Arsenal,1,0,1,13,11,2,3,11,4,5,4,2,0,0,2,0.6666666666666666,1.6666666666666667,0.5,0.75,-0.25
2021-01-02,2020-2021,Brighton and Hove Albion,Wolverhampton Wanderers,1,3,3,13,11,4,4,13,8,5,8,2,0,1,2,0.6666666666666666,1.6666666666666667,1.0,1.0,0.0
2021-01-13,2020-2021,Brighton and Hove Albion,Manchester City,0,0,1,5,16,1,6,12,4,4,8,2,0,0,2,0.3333333333333333,2.3333333333333335,0.25,1.5,-1.25
2021-01-16,2020-2021,Brighton and Hove Albion,Leeds United,0,1,0,7,7,2,2,9,8,2,5,1,0,3,1,1.3333333333333333,1.3333333333333333,0.5,0.5,0.0
2021-01-27,2020-2021,Brighton and Hove Albion,Fulham,1,0,0,16,10,5,3,10,14,10,0,2,0,1,2,1.3333333333333333,1.3333333333333333,1.25,0.75,0.5
2021-01-31,2020-2021,Brighton and Hove Albion,Tottenham Hotspur,1,1,0,16,8,5,4,11,11,9,2,2,0,3,2,2.3333333333333335,0.3333333333333333,1.25,1.0,0.25
2021-02-03,2020-2021,Brighton and Hove Albion,Liverpool,0,1,0,13,11,4,1,6,12,3,6,0,0,3,0,2.3333333333333335,0.3333333333333333,1.0,0.25,0.75
2021-02-06,2020-2021,Brighton and Hove Albion,Burnley,0,1,1,10,20,2,7,10,8,7,8,0,0,1,0,2.3333333333333335,0.3333333333333333,0.5,1.75,-1.25
2021-02-13,2020-2021,Brighton and Hove Albion,Aston Villa,1,0,0,26,4,9,1,16,12,9,2,2,0,1,2,1.6666666666666667,0.6666666666666666,2.25,0.25,2.0
2021-02-22,2020-2021,Brighton and Hove Albion,Crystal Palace,1,1,2,25,3,5,2,11,6,13,0,2,0,0,2,0.6666666666666666,1.6666666666666667,1.25,0.5,0.75
2021-02-27,2020-2021,Brighton and Hove Albion,West Brom,0,0,1,15,6,6,2,12,11,4,7,0,0,0,0,0.3333333333333333,2.3333333333333335,1.5,0.5,1.0
2021-03-06,2020-2021,Brighton and Hove Albion,Leicester City,1,1,2,7,8,2,4,14,8,6,6,0,0,0,0,0.0,3.0,0.5,1.0,-0.5
2021-03-14,2020-2021,Brighton and Hove Albion,Southampton,0,2,1,8,9,6,4,10,11,5,4,0,0,3,0,1.0,2.0,1.5,1.0,0.5
2021-03-20,2020-2021,Brighton and Hove Albion,Newcastle United,1,3,0,11,3,6,1,12,5,3,1,0,0,3,0,2.0,1.0,1.5,0.25,1.25
2021-04-04,2020-2021,Brighton and Hove Albion,Manchester United,0,1,2,5,15,3,7,7,14,6,5,2,0,0,2,2.0,1.0,0.75,1.75,-1.0
2021-04-12,2020-2021,Brighton and Hove Albion,Everton,1,0,0,23,8,3,1,12,7,10,3,1,0,1,1,1.3333333333333333,1.3333333333333333,0.75,0.25,0.5
2021-04-20,2020-2021,Brighton and Hove Albion,Chelsea,0,0,0,11,7,2,4,9,8,3,0,0,1,1,3,0.6666666666666666,1.6666666666666667,0.5,1.0,-0.5
2021-04-24,2020-2021,Brighton and Hove Albion,Sheffield United,0,0,1,17,7,4,3,7,13,12,2,0,0,0,0,0.6666666666666666,1.6666666666666667,1.0,0.75,0.25
2021-05-01,2020-2021,Brighton and Hove Albion,Leeds United,1,2,0,17,11,5,2,17,6,2,9,1,0,3,1,1.3333333333333333,1.3333333333333333,1.25,0.5,0.75
2021-05-09,2020-2021,Brighton and Hove Albion,Wolverhampton Wanderers,0,1,2,5,16,3,6,7,12,5,10,2,2,0,8,1.0,2.0,0.75,1.5,-0.75
2021-05-15,2020-2021,Brighton and Hove Albion,West Ham United,1,1,1,10,15,2,3,7,5,3,3,1,0,1,1,1.3333333333333333,1.3333333333333333,0.5,0.75,-0.25
2021-05-18,2020-2021,Brighton and Hove Albion,Manchester City,1,3,2,19,8,6,4,13,11,5,3,3,0,3,3,1.3333333333333333,1.3333333333333333,1.5,1.0,0.5
2021-05-23,2020-2021,Brighton and Hove Albion,Arsenal,0,0,2,5,16,1,5,8,10,3,11,0,0,0,0,1.3333333333333333,1.3333333333333333,0.25,1.25,-1.0
2021-08-14,2021-2022,Brighton and Hove Albion,Burnley,0,2,1,14,14,8,3,7,10,6,7,1,0,3,1,2.0,1.0,2.0,0.75,1.25
2021-08-21,2021-2022,Brighton and Hove Albion,Watford,1,2,0,13,10,3,1,11,6,7,2,4,0,3,4,2.0,1.0,0.75,0.25,0.5
2021-08-28,2021-2022,Brighton and Hove Albion,Everton,1,0,2,14,14,3,5,7,9,4,5,1,0,0,1,2.0,1.0,0.75,1.25,-0.5
2021-09-11,2021-2022,Brighton and Hove Albion,Brentford,0,1,0,4,7,2,1,12,9,6,1,2,0,3,2,2.0,1.0,0.5,0.25,0.25
2021-09-19,2021-2022,Brighton and Hove Albion,Leicester City,1,2,1,12,14,5,3,8,10,4,9,2,0,3,2,2.0,1.0,1.25,0.75,0.5
2021-09-27,2021-2022,Brighton and Hove Albion,Crystal Palace,0,1,1,8,8,4,3,10,12,5,6,3,0,1,3,2.3333333333333335,0.3333333333333333,1.0,0.75,0.25
2021-10-02,2021-2022,Brighton and Hove Albion,Arsenal,1,0,0,21,8,2,2,8,5,8,5,2,0,1,2,1.6666666666666667,0.6666666666666666,0.5,0.5,0.0
2021-10-16,2021-2022,Brighton and Hove Albion,Norwich City,0,0,0,11,15,3,3,14,5,4,8,5,0,1,5,1.0,1.0,0.75,0.75,0.0
2021-10-23,2021-2022,Brighton and Hove Albion,Manchester City,1,1,4,10,23,5,14,10,6,7,6,2,0,0,2,0.6666666666666666,1.6666666666666667,1.25,3.5,-2.25
2021-10-30,2021-2022,Brighton and Hove Albion,Liverpool,0,2,2,9,14,6,3,5,8,3,5,2,0,1,2,0.6666666666666666,1.6666666666666667,1.5,0.75,0.75
2021-11-06,2021-2022,Brighton and Hove Albion,Newcastle United,1,1,1,14,6,5,1,16,10,2,5,3,1,1,6,0.6666666666666666,1.6666666666666667,1.25,0.25,1.0
2021-11-20,2021-2022,Brighton and Hove Albion,Aston Villa,0,0,2,6,9,2,5,13,7,7,5,3,0,0,3,0.6666666666666666,1.6666666666666667,0.5,1.25,-0.75
2021-11-27,2021-2022,Brighton and Hove Albion,Leeds United,1,0,0,20,11,4,4,12,14,6,1,1,0,1,1,0.6666666666666666,1.6666666666666667,1.0,1.0,0.0
2021-12-01,2021-2022,Brighton and Hove Albion,West Ham United,0,1,1,9,14,3,6,8,10,5,9,1,0,1,1,0.6666666666666666,1.6666666666666667,0.75,1.5,-0.75
2021-12-04,2021-2022,Brighton and Hove Albion,Southampton,0,1,1,14,14,4,4,12,15,2,6,2,0,1,2,1.0,1.0,1.0,1.0,0.0
2021-12-15,2021-2022,Brighton and Hove Albion,Wolverhampton Wanderers,1,0,1,12,8,2,5,11,14,7,4,2,0,0,2,0.6666666666666666,1.6666666666666667,0.5,1.25,-0.75
2021-12-26,2021-2022,Brighton and Hove Albion,Brentford,1,2,0,15,16,5,6,8,10,6,9,1,0,3,1,1.3333333333333333,1.3333333333333333,1.25,1.5,-0.25
2021-12-29,2021-2022,Brighton and Hove Albion,Chelsea,0,1,1,18,11,6,5,7,14,8,10,1,0,1,1,1.3333333333333333,1.3333333333333333,1.5,1.25,0.25
2022-01-02,2021-2022,Brighton and Hove Albion,Everton,0,3,2,12,17,5,6,12,5,5,8,1,0,3,1,2.3333333333333335,0.3333333333333333,1.25,1.5,-0.25
2022-01-14,2021-2022,Brighton and Hove Albion,Crystal Palace,1,1,1,19,3,4,1,11,7,9,0,0,0,1,0,1.6666666666666667,0.6666666666666666,1.0,0.25,0.75
2022-01-18,2021-2022,Brighton and Hove Albion,Chelsea,1,1,1,10,15,2,3,8,5,5,7,1,0,1,1,1.6666666666666667,0.6666666666666666,0.5,0.75,-0.25
2022-01-23,2021-2022,Brighton and Hove Albion,Leicester City,0,1,1,14,15,5,5,8,6,5,4,1,0,1,1,1.0,1.0,1.25,1.25,0.0
2022-02-12,2021-2022,Brighton and Hove Albion,Watford,0,2,0,11,9,6,1,9,16,5,4,2,0,3,2,1.6666666666666667,0.6666666666666666,1.5,0.25,1.25
2022-02-15,2021-2022,Brighton and Hove Albion,Manchester United,0,0,2,10,19,3,7,10,8,2,10,1,1,0,4,1.3333333333333333,1.3333333333333333,0.75,1.75,-1.0
2022-02-19,2021-2022,Brighton and Hove Albion,Burnley,1,0,3,11,10,1,4,12,12,4,4,1,0,0,1,1.0,2.0,0.25,1.0,-0.75
2022-02-26,2021-2022,Brighton and Hove Albion,Aston Villa,1,0,2,12,9,1,4,17,11,7,2,4,0,0,4,0.0,3.0,0.25,1.0,-0.75
2022-03-05,2021-2022,Brighton and Hove Albion,Newcastle United,0,1,2,15,10,4,4,10,8,7,4,1,0,0,1,0.0,3.0,1.0,1.0,0.0
2022-03-12,2021-2022,Brighton and Hove Albion,Liverpool,1,0,2,8,18,3,9,12,15,7,6,3,0,0,3,0.0,3.0,0.75,2.25,-1.5
2022-03-16,2021-2022,Brighton and Hove Albion,Tottenham Hotspur,1,0,2,15,17,0,7,11,9,6,3,2,0,0,2,0.0,3.0,0.0,1.75,-1.75
2022-04-02,2021-2022,Brighton and Hove Albion,Norwich City,1,0,0,31,6,4,0,12,11,11,2,1,0,1,1,0.3333333333333333,2.3333333333333335,1.0,0.0,1.0
2022-04-09,2021-2022,Brighton and Hove Albion,Arsenal,0,2,1,8,20,3,4,19,12,2,11,4,0,3,4,1.3333333333333333,1.3333333333333333,0.75,1.0,-0.25
2022-04-16,2021-2022,Brighton and Hove Albion,Tottenham Hotspur,0,1,0,12,5,5,0,10,14,4,4,3,0,3,3,2.3333333333333335,0.3333333333333333,1.25,0.0,1.25
2022-04-20,2021-2022,Brighton and Hove Albion,Manchester City,0,0,3,2,17,1,5,7,12,4,7,3,0,0,3,2.0,1.0,0.25,1.25,-1.0
2022-04-24,2021-2022,Brighton and Hove Albion,Southampton,1,2,2,8,18,5,5,12,7,6,6,1,0,1,1,1.3333333333333333,1.3333333333333333,1.25,1.25,0.0
2022-04-30,2021-2022,Brighton and Hove Albion,Wolverhampton Wanderers,0,3,0,17,11,9,1,4,6,3,7,1,0,3,1,1.3333333333333333,1.3333333333333333,2.25,0.25,2.0
2022-05-07,2021-2022,Brighton and Hove Albion,Manchester United,1,4,0,17,15,6,5,13,9,7,6,0,0,3,0,2.3333333333333335,0.3333333333333333,1.5,1.25,0.25
2022-05-15,2021-2022,Brighton and Hove Albion,Leeds United,0,1,1,16,19,6,5,8,16,1,8,2,0,1,2,2.3333333333333335,0.3333333333333333,1.5,1.25,0.25
2022-05-22,2021-2022,Brighton and Hove Albion,West Ham United,1,3,1,18,7,7,2,9,9,5,6,1,0,3,1,2.3333333333333335,0.3333333333333333,1.75,0.5,1.25
2022-08-07,2022-2023,Brighton and Hove Albion,Manchester United,0,2,1,15,17,4,5,12,7,2,6,1,0,3,1,2.3333333333333335,0.3333333333333333,1.0,1.25,-0.25
2022-08-13,2022-2023,Brighton and Hove Albion,Newcastle United,1,0,0,13,4,7,1,8,6,7,3,2,0,1,2,2.3333333333333335,0.3333333333333333,1.75,0.25,1.5
2022-08-21,2022-2023,Brighton and Hove Albion,West Ham United,0,2,0,11,13,2,3,7,10,4,5,0,0,3,0,2.3333333333333335,0.3333333333333333,0.5,0.75,-0.25
2022-08-27,2022-2023,Brighton and Hove Albion,Leeds United,1,1,0,13,10,4,2,10,14,5,3,2,0,3,2,2.3333333333333335,0.3333333333333333,1.0,0.5,0.5
2022-08-30,2022-2023,Brighton and Hove Albion,Fulham,0,1,2,7,10,4,3,11,9,3,3,1,0,0,1,2.0,1.0,1.0,0.75,0.25
2022-09-04,2022-2023,Brighton and Hove Albion,Leicester City,1,5,2,23,6,11,4,6,8,10,1,1,0,3,1,2.0,1.0,2.75,1.0,1.75
2022-10-01,2022-2023,Brighton and Hove Albion,Liverpool,0,3,3,6,15,6,7,13,9,2,9,1,0,1,1,1.3333333333333333,1.3333333333333333,1.5,1.75,-0.25
2022-10-08,2022-2023,Brighton and Hove Albion,Tottenham Hotspur,1,0,1,14,8,4,3,9,14,6,2,1,0,0,1,1.3333333333333333,1.3333333333333333,1.0,0.75,0.25
2022-10-14,2022-2023,Brighton and Hove Albion,Brentford,0,0,2,21,7,7,3,15,12,11,2,1,0,0,1,0.3333333333333333,2.3333333333333335,1.75,0.75,1.0
2022-10-18,2022-2023,Brighton and Hove Albion,Nottingham Forest,1,0,0,19,3,7,0,10,14,9,1,3,0,1,3,0.3333333333333333,2.3333333333333335,1.75,0.0,1.75
2022-10-22,2022-2023,Brighton and Hove Albion,Manchester City,0,1,3,8,10,2,4,12,11,3,7,3,0,0,3,0.3333333333333333,2.3333333333333335,0.5,1.0,-0.5
2022-10-29,2022-2023,Brighton and Hove Albion,Chelsea,1,4,1,19,15,9,7,16,6,8,7,1,0,3,1,1.3333333333333333,1.3333333333333333,2.25,1.75,0.5
2022-11-05,2022-2023,Brighton and Hove Albion,Wolverhampton Wanderers,0,3,2,19,8,8,5,11,15,9,4,0,0,3,0,2.0,1.0,2.0,1.25,0.75
2022-11-13,2022-2023,Brighton and Hove Albion,Aston Villa,1,1,2,7,8,2,2,14,11,11,4,2,0,0,2,2.0,1.0,0.5,0.5,0.0
2022-12-26,2022-2023,Brighton and Hove Albion,Southampton,0,3,1,7,14,4,4,10,9,2,4,2,0,3,2,2.0,1.0,1.0,1.0,0.0
2022-12-31,2022-2023,Brighton and Hove Albion,Arsenal,1,2,4,9,14,5,7,7,11,7,4,3,0,0,3,1.0,2.0,1.25,1.75,-0.5
2023-01-03,2022-2023,Brighton and Hove Albion,Everton,0,4,1,19,10,8,4,10,8,2,5,1,0,3,1,2.0,1.0,2.0,1.0,1.0
2023-01-14,2022-2023,Brighton and Hove Albion,Liverpool,1,3,0,16,6,9,2,8,15,7,1,1,0,3,1,2.0,1.0,2.25,0.5,1.75
2023-01-21,2022-2023,Brighton and Hove Albion,Leicester City,0,2,2,13,9,4,2,9,9,6,5,1,0,1,1,2.3333333333333335,0.3333333333333333,1.0,0.5,0.5
2023-02-04,2022-2023,Brighton and Hove Albion,Bournemouth,1,1,0,20,12,6,2,14,7,7,3,3,0,3,3,2.3333333333333335,0.3333333333333333,1.5,0.5,1.0
2023-02-11,2022-2023,Brighton and Hove Albion,Crystal Palace,0,1,1,17,6,7,1,11,10,6,1,1,0,1,1,1.6666666666666667,0.6666666666666666,1.75,0.25,1.5
2023-02-18,2022-2023,Brighton and Hove Albion,Fulham,1,0,1,21,5,7,2,12,14,10,2,0,0,0,0,1.3333333333333333,1.3333333333333333,1.75,0.5,1.25
2023-03-04,2022-2023,Brighton and Hove Albion,West Ham United,1,4,0,20,3,9,2,6,8,7,3,0,0,3,0,1.3333333333333333,1.3333333333333333,2.25,0.5,1.75
2023-03-11,2022-2023,Brighton and Hove Albion,Leeds United,0,2,2,14,12,2,4,9,12,7,4,1,0,1,1,1.3333333333333333,1.3333333333333333,0.5,1.0,-0.5
2023-03-15,2022-2023,Brighton and Hove Albion,Crystal Palace,1,1,0,11,11,5,3,13,20,1,4,1,0,3,1,2.3333333333333335,0.3333333333333333,1.25,0.75,0.5
2023-04-01,2022-2023,Brighton and Hove Albion,Brentford,1,3,3,33,7,15,5,16,10,14,0,2,0,1,2,1.6666666666666667,0.6666666666666666,3.75,1.25,2.5
2023-04-04,2022-2023,Brighton and Hove Albion,Bournemouth,0,2,0,16,14,6,3,5,11,5,5,1,0,3,1,2.3333333333333335,0.3333333333333333,1.5,0.75,0.75
2023-04-08,2022-2023,Brighton and Hove Albion,Tottenham Hotspur,0,1,2,17,9,4,3,15,15,7,3,1,0,0,1,1.3333333333333333,1.3333333333333333,1.0,0.75,0.25
2023-04-15,2022-2023,Brighton and Hove Albion,Chelsea,0,2,1,26,8,10,2,11,11,8,2,2,0,3,2,2.0,1.0,2.5,0.5,2.0
2023-04-26,2022-2023,Brighton and Hove Albion,Nottingham Forest,0,1,3,17,12,7,5,8,7,7,2,0,0,0,0,1.0,2.0,1.75,1.25,0.5
2023-04-29,2022-2023,Brighton and Hove Albion,Wolverhampton Wanderers,1,6,0,22,10,8,2,14,11,2,5,1,0,3,1,2.0,1.0,2.0,0.5,1.5
2023-05-04,2022-2023,Brighton and Hove Albion,Manchester United,1,1,0,22,16,6,5,10,14,8,6,4,0,3,4,2.0,1.0,1.5,1.25,0.25
2023-05-08,2022-2023,Brighton and Hove Albion,Everton,1,1,5,23,10,5,5,11,13,15,1,1,0,0,1,2.0,1.0,1.25,1.25,0.0
2023-05-14,2022-2023,Brighton and Hove Albion,Arsenal,0,3,0,12,14,6,2,17,13,2,5,2,0,3,2,2.0,1.0,1.5,0.5,1.0
2023-05-18,2022-2023,Brighton and Hove Albion,Newcastle United,0,1,4,8,22,2,9,16,17,1,6,4,0,0,4,1.0,2.0,0.5,2.25,-1.75
2023-05-21,2022-2023,Brighton and Hove Albion,Southampton,1,3,1,26,5,8,1,8,9,4,3,2,0,3,2,2.0,1.0,2.0,0.25,1.75
2023-05-24,2022-2023,Brighton and Hove Albion,Manchester City,1,1,1,20,13,7,4,16,11,5,1,2,0,1,2,1.3333333333333333,1.3333333333333333,1.75,1.0,0.75
2023-05-28,2022-2023,Brighton and Hove Albion,Aston Villa,0,1,2,8,12,4,5,16,15,3,4,4,0,0,4,1.3333333333333333,1.3333333333333333,1.0,1.25,-0.25
2023-08-12,2023-2024,Brighton and Hove Albion,Luton Town,1,4,1,27,9,12,3,11,12,6,7,2,0,3,2,1.3333333333333333,1.3333333333333333,3.0,0.75,2.25
2023-08-19,2023-2024,Brighton and Hove Albion,Wolverhampton Wanderers,0,4,1,16,16,8,5,11,14,3,5,6,0,3,6,2.0,1.0,2.0,1.25,0.75
2023-08-26,2023-2024,Brighton and Hove Albion,West Ham United,1,1,3,25,12,10,3,10,9,17,4,1,0,0,1,2.0,1.0,2.5,0.75,1.75
2023-09-02,2023-2024,Brighton and Hove Albion,Newcastle United,1,3,1,15,9,6,2,14,17,5,3,4,0,3,4,2.0,1.0,1.5,0.5,1.0
2023-09-16,2023-2024,Brighton and Hove Albion,Manchester United,0,3,1,10,14,8,4,9,8,1,8,2,0,3,2,2.0,1.0,2.0,1.0,1.0
2023-09-24,2023-2024,Brighton and Hove Albion,Bournemouth,1,3,1,13,12,4,4,12,17,4,4,3,0,3,3,3.0,0.0,1.0,1.0,0.0
2023-09-30,2023-2024,Brighton and Hove Albion,Aston Villa,0,1,6,11,19,3,9,21,19,3,1,4,0,0,4,2.0,1.0,0.75,2.25,-1.5
2023-10-08,2023-2024,Brighton and Hove Albion,Liverpool,1,2,2,14,14,3,4,12,20,8,1,1,0,1,1,1.3333333333333333,1.3333333333333333,0.75,1.0,-0.25
2023-10-21,2023-2024,Brighton and Hove Albion,Manchester City,0,1,2,5,10,3,6,11,9,2,2,2,0,0,2,0.3333333333333333,2.3333333333333335,0.75,1.5,-0.75
2023-10-29,2023-2024,Brighton and Hove Albion,Fulham,1,1,1,18,10,7,5,12,8,7,3,0,0,1,0,0.6666666666666666,1.6666666666666667,1.75,1.25,0.5
2023-11-04,2023-2024,Brighton and Hove Albion,Everton,0,1,1,7,10,2,4,5,15,3,3,2,0,1,2,0.6666666666666666,1.6666666666666667,0.5,1.0,-0.5
2023-11-12,2023-2024,Brighton and Hove Albion,Sheffield United,1,1,1,11,9,6,1,13,16,6,3,3,1,1,6,1.0,1.0,1.5,0.25,1.25
2023-11-25,2023-2024,Brighton and Hove Albion,Nottingham Forest,0,3,2,11,18,5,5,7,12,4,6,4,1,3,7,1.6666666666666667,0.6666666666666666,1.25,1.25,0.0
2023-12-03,2023-2024,Brighton and Hove Albion,Chelsea,0,2,3,18,8,9,5,12,16,8,5,5,0,0,5,1.3333333333333333,1.3333333333333333,2.25,1.25,1.0
2023-12-06,2023-2024,Brighton and Hove Albion,Brentford,1,2,1,18,8,7,2,10,8,7,3,3,0,3,3,2.0,1.0,1.75,0.5,1.25
2023-12-09,2023-2024,Brighton and Hove Albion,Burnley,1,1,1,29,6,11,3,5,8,9,1,0,0,1,0,1.3333333333333333,1.3333333333333333,2.75,0.75,2.0
2023-12-17,2023-2024,Brighton and Hove Albion,Arsenal,0,0,2,6,26,1,9,9,11,1,10,3,0,0,3,1.3333333333333333,1.3333333333333333,0.25,2.25,-2.0
2023-12-21,2023-2024,Brighton and Hove Albion,Crystal Palace,0,1,1,18,11,6,3,11,12,1,3,2,0,1,2,0.6666666666666666,1.6666666666666667,1.5,0.75,0.75
2023-12-28,2023-2024,Brighton and Hove Albion,Tottenham Hotspur,1,4,2,15,19,9,3,18,6,7,6,3,0,3,3,1.3333333333333333,1.3333333333333333,2.25,0.75,1.5
2024-01-02,2023-2024,Brighton and Hove Albion,West Ham United,0,0,0,22,6,8,2,6,4,0,2,0,0,1,0,1.6666666666666667,0.6666666666666666,2.0,0.5,1.5
2024-01-22,2023-2024,Brighton and Hove Albion,Wolverhampton Wanderers,1,0,0,11,8,4,3,10,13,8,2,1,0,1,1,1.6666666666666667,0.6666666666666666,1.0,0.75,0.25
2024-01-30,2023-2024,Brighton and Hove Albion,Luton Town,0,0,4,9,18,2,8,14,13,4,7,2,0,0,2,0.6666666666666666,1.6666666666666667,0.5,2.0,-1.5
2024-02-03,2023-2024,Brighton and Hove Albion,Crystal Palace,1,4,1,13,7,6,5,8,14,3,2,1,0,3,1,1.3333333333333333,1.3333333333333333,1.5,1.25,0.25
2024-02-10,2023-2024,Brighton and Hove Albion,Tottenham Hotspur,0,1,2,6,16,3,6,13,14,6,9,3,0,0,3,1.0,2.0,0.75,1.5,-0.75
2024-02-18,2023-2024,Brighton and Hove Albion,Sheffield United,0,5,0,24,6,10,1,5,3,10,5,4,0,3,4,2.0,1.0,2.5,0.25,2.25
2024-02-24,2023-2024,Brighton and Hove Albion,Everton,1,1,1,23,6,7,3,9,14,11,3,2,1,1,5,1.3333333333333333,1.3333333333333333,1.75,0.75,1.0
2024-03-02,2023-2024,Brighton and Hove Albion,Fulham,0,0,3,15,12,5,5,10,16,6,2,2,0,0,2,1.3333333333333333,1.3333333333333333,1.25,1.25,0.0
2024-03-10,2023-2024,Brighton and Hove Albion,Nottingham Forest,1,1,0,10,9,3,4,14,14,6,3,4,0,3,4,1.3333333333333333,1.3333333333333333,0.75,1.0,-0.25
2024-03-31,2023-2024,Brighton and Hove Albion,Liverpool,0,1,2,9,30,3,8,6,20,4,8,3,0,0,3,1.0,2.0,0.75,2.0,-1.25
2024-04-03,2023-2024,Brighton and Hove Albion,Brentford,0,0,0,24,5,6,2,12,9,5,1,1,0,1,1,1.3333333333333333,1.3333333333333333,1.5,0.5,1.0
2024-04-06,2023-2024,Brighton and Hove Albion,Arsenal,1,0,3,10,20,2,7,14,13,8,7,1,0,0,1,0.3333333333333333,2.3333333333333335,0.5,1.75,-1.25
2024-04-13,2023-2024,Brighton and Hove Albion,Burnley,0,1,1,20,11,8,3,8,18,5,4,2,0,1,2,0.6666666666666666,1.6666666666666667,2.0,0.75,1.25
2024-04-25,2023-2024,Brighton and Hove Albion,Manchester City,1,0,4,7,14,3,6,10,3,4,4,2,0,0,2,0.3333333333333333,2.3333333333333335,0.75,1.5,-0.75
2024-04-28,2023-2024,Brighton and Hove Albion,Bournemouth,0,0,3,13,15,1,6,10,14,2,8,2,0,0,2,0.3333333333333333,2.3333333333333335,0.25,1.5,-1.25
2024-05-05,2023-2024,Brighton and Hove Albion,Aston Villa,1,1,0,15,2,8,1,13,10,7,3,2,0,3,2,1.0,2.0,2.0,0.25,1.75
2024-05-11,2023-2024,Brighton and Hove Albion,Newcastle United,0,1,1,15,18,4,7,16,9,4,8,4,0,1,4,1.3333333333333333,1.3333333333333333,1.0,1.75,-0.75
2024-05-15,2023-2024,Brighton and Hove Albion,Chelsea,1,1,2,12,13,2,6,13,14,4,6,2,0,0,2,1.3333333333333333,1.3333333333333333,0.5,1.5,-1.0
2024-05-19,2023-2024,Brighton and Hove Albion,Manchester United,1,0,2,17,11,3,4,10,9,7,5,1,0,0,1,0.3333333333333333,2.3333333333333335,0.75,1.0,-0.25
2024-08-17,2024-2025,Brighton and Hove Albion,Everton,0,3,0,10,9,5,1,8,8,5,1,1,0,3,1,1.0,2.0,1.25,0.25,1.0
2024-08-24,2024-2025,Brighton and Hove Albion,Manchester United,1,2,1,14,11,5,4,9,13,4,4,1,0,3,1,2.0,1.0,1.25,1.0,0.25
2024-08-31,2024-2025,Brighton and Hove Albion,Arsenal,0,1,1,22,11,4,7,7,12,7,3,2,0,1,2,2.3333333333333335,0.3333333333333333,1.0,1.75,-0.75
2024-09-14,2024-2025,Brighton and Hove Albion,Ipswich Town,1,0,0,21,6,6,1,14,16,9,2,4,0,1,4,1.6666666666666667,0.6666666666666666,1.5,0.25,1.25
2024-09-22,2024-2025,Brighton and Hove Albion,Nottingham Forest,1,2,2,14,4,3,3,12,11,9,1,3,0,1,3,1.0,1.0,0.75,0.75,0.0
2024-09-28,2024-2025,Brighton and Hove Albion,Chelsea,0,2,4,15,15,5,7,8,11,2,8,2,0,0,2,0.6666666666666666,1.6666666666666667,1.25,1.75,-0.5
2024-10-06,2024-2025,Brighton and Hove Albion,Tottenham Hotspur,1,3,2,11,13,4,3,14,10,4,7,2,0,3,2,1.3333333333333333,1.3333333333333333,1.0,0.75,0.25
2024-10-19,2024-2025,Brighton and Hove Albion,Newcastle United,0,1,0,10,21,5,6,9,11,4,9,2,0,3,2,2.0,1.0,1.25,1.5,-0.25
2024-10-26,2024-2025,Brighton and Hove Albion,Wolverhampton Wanderers,1,2,2,19,14,6,7,12,10,9,6,3,0,1,3,2.3333333333333335,0.3333333333333333,1.5,1.75,-0.25
2024-11-02,2024-2025,Brighton and Hove Albion,Liverpool,0,1,2,13,16,5,8,18,10,7,10,1,0,0,1,1.3333333333333333,1.3333333333333333,1.25,2.0,-0.75
2024-11-09,2024-2025,Brighton and Hove Albion,Manchester City,1,2,1,10,15,4,6,12,10,0,4,3,0,3,3,1.3333333333333333,1.3333333333333333,1.0,1.5,-0.5
2024-11-23,2024-2025,Brighton and Hove Albion,Bournemouth,0,2,1,6,19,4,5,10,13,0,7,2,1,3,5,2.0,1.0,1.0,1.25,-0.25
2024-11-29,2024-2025,Brighton and Hove Albion,Southampton,1,1,1,22,10,5,2,20,16,7,6,2,0,1,2,2.3333333333333335,0.3333333333333333,1.25,0.5,0.75
2024-12-05,2024-2025,Brighton and Hove Albion,Fulham,0,1,3,13,6,3,2,8,7,6,5,2,0,0,2,1.3333333333333333,1.3333333333333333,0.75,0.5,0.25
2024-12-08,2024-2025,Brighton and Hove Albion,Leicester City,0,2,2,16,10,7,3,10,9,5,5,2,0,1,2,0.6666666666666666,1.6666666666666667,1.75,0.75,1.0
2024-12-15,2024-2025,Brighton and Hove Albion,Crystal Palace,1,1,3,17,13,5,5,11,15,8,5,1,0,0,1,0.3333333333333333,2.3333333333333335,1.25,1.25,0.0
2024-12-21,2024-2025,Brighton and Hove Albion,West Ham United,0,1,1,12,11,6,4,20,14,4,8,2,0,1,2,0.6666666666666666,1.6666666666666667,1.5,1.0,0.5
2024-12-27,2024-2025,Brighton and Hove Albion,Brentford,1,0,0,24,8,7,3,6,12,5,3,0,0,1,0,0.6666666666666666,1.6666666666666667,1.75,0.75,1.0
2024-12-30,2024-2025,Brighton and Hove Albion,Aston Villa,0,2,2,13,20,4,4,14,9,3,12,3,0,1,3,1.0,1.0,1.0,1.0,0.0
2025-01-04,2024-2025,Brighton and Hove Albion,Arsenal,1,1,1,11,9,4,3,17,14,2,5,2,0,1,2,1.0,1.0,1.0,0.75,0.25
2025-01-16,2024-2025,Brighton and Hove Albion,Ipswich Town,0,2,0,11,5,5,3,14,13,9,1,2,0,3,2,1.6666666666666667,0.6666666666666666,1.25,0.75,0.5
2025-01-19,2024-2025,Brighton and Hove Albion,Manchester United,0,3,1,6,10,3,1,12,13,2,4,3,0,3,3,2.3333333333333335,0.3333333333333333,0.75,0.25,0.5
2025-01-25,2024-2025,Brighton and Hove Albion,Everton,1,0,1,16,3,1,1,8,11,9,1,3,0,0,3,2.0,1.0,0.25,0.25,0.0
2025-02-01,2024-2025,Brighton and Hove Albion,Nottingham Forest,0,0,7,10,14,5,9,13,8,6,4,3,0,0,3,1.0,2.0,1.25,2.25,-1.0
2025-02-14,2024-2025,Brighton and Hove Albion,Chelsea,1,3,0,13,8,5,0,12,15,2,9,1,0,3,1,1.0,2.0,1.25,0.0,1.25
2025-02-22,2024-2025,Brighton and Hove Albion,Southampton,0,4,0,18,6,12,1,12,11,6,5,0,0,3,0,2.0,1.0,3.0,0.25,2.75
2025-02-25,2024-2025,Brighton and Hove Albion,Bournemouth,1,2,1,11,19,4,5,12,14,1,9,2,0,3,2,3.0,0.0,1.0,1.25,-0.25
2025-03-08,2024-2025,Brighton and Hove Albion,Fulham,1,2,1,9,6,4,1,6,12,3,7,0,0,3,0,3.0,0.0,1.0,0.25,0.75
2025-03-15,2024-2025,Brighton and Hove Albion,Manchester City,0,2,2,15,11,3,3,10,10,5,4,5,0,1,5,2.3333333333333335,0.3333333333333333,0.75,0.75,0.0
2025-04-02,2024-2025,Brighton and Hove Albion,Aston Villa,1,0,3,11,8,4,5,16,11,4,0,1,0,0,1,1.3333333333333333,1.3333333333333333,1.0,1.25,-0.25
2025-04-05,2024-2025,Brighton and Hove Albion,Crystal Palace,0,1,2,11,8,5,3,13,12,4,2,1,1,0,4,0.3333333333333333,2.3333333333333335,1.25,0.75,0.5
2025-04-12,2024-2025,Brighton and Hove Albion,Leicester City,1,2,2,21,15,7,6,9,11,3,6,2,0,1,2,0.3333333333333333,2.3333333333333335,1.75,1.5,0.25
2025-04-19,2024-2025,Brighton and Hove Albion,Brentford,0,2,4,12,16,3,8,11,7,8,4,3,1,0,6,0.3333333333333333,2.3333333333333335,0.75,2.0,-1.25
2025-04-26,2024-2025,Brighton and Hove Albion,West Ham United,1,3,2,16,12,9,4,7,9,8,1,1,0,3,1,1.3333333333333333,1.3333333333333333,2.25,1.0,1.25
2025-05-04,2024-2025,Brighton and Hove Albion,Newcastle United,1,1,1,5,13,2,5,15,10,1,4,2,0,1,2,1.3333333333333333,1.3333333333333333,0.5,1.25,-0.75
2025-05-10,2024-2025,Brighton and Hove Albion,Wolverhampton Wanderers,0,2,0,7,10,2,3,12,8,4,7,1,0,3,1,2.3333333333333335,0.3333333333333333,0.5,0.75,-0.25
2025-05-19,2024-2025,Brighton and Hove Albion,Liverpool,1,3,2,25,18,12,5,9,8,3,3,1,0,3,1,2.3333333333333335,0.3333333333333333,3.0,1.25,1.75
2025-05-25,2024-2025,Brighton and Hove Albion,Tottenham Hotspur,0,4,1,23,4,8,2,8,13,11,2,1,0,3,1,3.0,0.0,2.0,0.5,1.5
2025-08-16,2025-2026,Brighton and Hove Albion,Fulham,1,1,1,10,7,4,2,16,15,4,3,3,0,1,3,2.3333333333333335,0.3333333333333333,1.0,0.5,0.5
2025-08-24,2025-2026,Brighton and Hove Albion,Everton,0,0,2,13,11,4,3,15,7,2,2,3,0,0,3,1.3333333333333333,1.3333333333333333,1.0,0.75,0.25
2025-08-31,2025-2026,Brighton and Hove Albion,Manchester City,1,2,1,12,12,7,3,16,14,3,2,2,0,3,2,1.3333333333333333,1.3333333333333333,1.75,0.75,1.0
2025-09-13,2025-2026,Brighton and Hove Albion,Bournemouth,0,1,2,6,13,2,5,10,16,4,4,4,0,0,4,1.0,2.0,0.5,1.25,-0.75
2025-09-20,2025-2026,Brighton and Hove Albion,Tottenham Hotspur,1,2,2,12,11,4,3,10,13,2,10,1,0,1,1,1.3333333333333333,1.3333333333333333,1.0,0.75,0.25
2025-09-27,2025-2026,Brighton and Hove Albion,Chelsea,0,3,1,12,13,3,3,16,9,7,5,5,0,3,5,1.3333333333333333,1.3333333333333333,0.75,0.75,0.0
2025-10-05,2025-2026,Brighton and Hove Albion,Wolverhampton Wanderers,0,1,1,17,6,6,3,9,13,8,2,4,0,1,4,1.6666666666666667,0.6666666666666666,1.5,0.75,0.75
2025-10-18,2025-2026,Brighton and Hove Albion,Newcastle United,1,2,1,13,16,5,3,9,9,8,4,0,0,3,0,2.3333333333333335,0.3333333333333333,1.25,0.75,0.5
2025-10-25,2025-2026,Brighton and Hove Albion,Manchester United,0,2,4,17,13,5,9,13,4,6,1,2,0,0,2,1.3333333333333333,1.3333333333333333,1.25,2.25,-1.0
2025-11-01,2025-2026,Brighton and Hove Albion,Leeds United,1,3,0,14,5,7,2,10,7,4,7,0,0,3,0,2.0,1.0,1.75,0.5,1.25
2025-11-09,2025-2026,Brighton and Hove Albion,Crystal Palace,0,0,0,7,10,3,2,12,10,8,4,4,0,1,4,1.3333333333333333,1.3333333333333333,0.75,0.5,0.25
2020-09-20,2020-2021,Burnley,Leicester City,0,2,4,16,14,5,6,13,11,4,15,2,0,0,2,0.0,3.0,1.25,1.5,-0.25
2020-09-26,2020-2021,Burnley,Southampton,1,0,1,10,5,2,1,8,10,8,2,1,0,0,1,0.0,3.0,0.5,0.25,0.25
2020-10-03,2020-2021,Burnley,Newcastle United,0,1,3,7,10,3,5,17,13,4,3,3,0,0,3,0.0,3.0,0.75,1.25,-0.5
2020-10-19,2020-2021,Burnley,West Brom,0,0,0,9,13,4,6,17,15,2,8,2,0,1,2,0.3333333333333333,2.3333333333333335,1.0,1.5,-0.5
2020-10-26,2020-2021,Burnley,Tottenham Hotspur,1,0,1,13,9,4,3,9,7,4,5,2,0,0,2,0.3333333333333333,2.3333333333333335,1.0,0.75,0.25
2020-10-31,2020-2021,Burnley,Chelsea,1,0,3,5,14,0,9,10,15,3,4,1,0,0,1,0.3333333333333333,2.3333333333333335,0.0,2.25,-2.25
2020-11-06,2020-2021,Burnley,Brighton and Hove Albion,0,0,0,4,19,1,3,5,11,3,5,0,0,1,0,0.3333333333333333,2.3333333333333335,0.25,0.75,-0.5
2020-11-23,2020-2021,Burnley,Crystal Palace,1,1,0,10,15,4,5,13,9,4,7,2,0,3,2,1.3333333333333333,1.3333333333333333,1.0,1.25,-0.25
2020-11-28,2020-2021,Burnley,Manchester City,0,0,5,9,19,1,6,4,12,4,6,0,0,0,0,1.3333333333333333,1.3333333333333333,0.25,1.5,-1.25
2020-12-05,2020-2021,Burnley,Everton,1,1,1,8,13,3,6,6,9,8,4,0,0,1,0,1.3333333333333333,1.3333333333333333,0.75,1.5,-0.75
2020-12-13,2020-2021,Burnley,Arsenal,0,1,0,10,18,2,6,11,5,4,13,1,0,3,1,1.3333333333333333,1.3333333333333333,0.5,1.5,-1.0
2020-12-17,2020-2021,Burnley,Aston Villa,0,0,0,6,27,4,7,19,17,1,11,1,0,1,1,1.6666666666666667,0.6666666666666666,1.0,1.75,-0.75
2020-12-21,2020-2021,Burnley,Wolverhampton Wanderers,1,2,1,10,15,4,3,11,15,1,7,2,0,3,2,2.3333333333333335,0.3333333333333333,1.0,0.75,0.25
2020-12-27,2020-2021,Burnley,Leeds United,0,0,1,14,11,6,4,14,8,12,4,3,0,0,3,1.3333333333333333,1.3333333333333333,1.5,1.0,0.5
2020-12-29,2020-2021,Burnley,Sheffield United,1,1,0,5,7,3,3,13,17,3,5,1,0,3,1,2.0,1.0,0.75,0.75,0.0
2021-01-12,2020-2021,Burnley,Manchester United,1,0,1,11,13,0,7,15,13,3,4,1,0,0,1,1.0,2.0,0.0,1.75,-1.75
2021-01-16,2020-2021,Burnley,West Ham United,0,0,1,10,15,2,4,9,12,4,7,1,0,0,1,1.0,2.0,0.5,1.0,-0.5
2021-01-21,2020-2021,Burnley,Liverpool,0,1,0,6,27,4,6,8,11,0,12,1,0,3,1,1.0,2.0,1.0,1.5,-0.5
2021-01-27,2020-2021,Burnley,Aston Villa,1,3,2,10,18,5,10,16,7,2,4,1,0,3,1,2.0,1.0,1.25,2.5,-1.25
2021-01-31,2020-2021,Burnley,Chelsea,0,0,2,1,19,0,8,9,7,2,4,1,0,0,1,2.0,1.0,0.0,2.0,-2.0
2021-02-03,2020-2021,Burnley,Manchester City,1,0,2,2,17,0,6,8,5,1,3,2,0,0,2,1.0,2.0,0.0,1.5,-1.5
2021-02-06,2020-2021,Burnley,Brighton and Hove Albion,1,1,1,20,10,7,2,8,10,8,7,2,0,1,2,0.3333333333333333,2.3333333333333335,1.75,0.5,1.25
2021-02-13,2020-2021,Burnley,Crystal Palace,0,3,0,16,13,4,3,14,15,4,7,0,0,3,0,1.3333333333333333,1.3333333333333333,1.0,0.75,0.25
2021-02-17,2020-2021,Burnley,Fulham,1,1,1,8,8,3,3,7,13,5,5,1,0,1,1,1.6666666666666667,0.6666666666666666,0.75,0.75,0.0
2021-02-20,2020-2021,Burnley,West Brom,1,0,0,6,10,1,3,16,10,5,5,3,0,1,3,1.6666666666666667,0.6666666666666666,0.25,0.75,-0.5
2021-02-28,2020-2021,Burnley,Tottenham Hotspur,0,0,4,10,16,3,7,10,6,4,3,0,0,0,0,0.6666666666666666,1.6666666666666667,0.75,1.75,-1.0
2021-03-03,2020-2021,Burnley,Leicester City,1,1,1,12,15,7,4,6,12,5,8,0,0,1,0,0.6666666666666666,1.6666666666666667,1.75,1.0,0.75
2021-03-06,2020-2021,Burnley,Arsenal,1,1,1,9,15,5,3,5,12,2,4,1,0,1,1,0.6666666666666666,1.6666666666666667,1.25,0.75,0.5
2021-03-13,2020-2021,Burnley,Everton,0,2,1,14,14,5,4,6,9,4,7,4,0,3,4,1.6666666666666667,0.6666666666666666,1.25,1.0,0.25
2021-04-04,2020-2021,Burnley,Southampton,0,2,3,7,24,5,9,10,11,7,6,0,0,0,0,1.3333333333333333,1.3333333333333333,1.25,2.25,-1.0
2021-04-11,2020-2021,Burnley,Newcastle United,1,1,2,24,10,4,5,11,12,13,3,1,0,0,1,1.0,2.0,1.0,1.25,-0.25
2021-04-18,2020-2021,Burnley,Manchester United,0,1,3,10,17,3,9,12,9,3,8,2,0,0,2,0.0,3.0,0.75,2.25,-1.5
2021-04-25,2020-2021,Burnley,Wolverhampton Wanderers,0,4,0,14,12,7,2,9,8,5,8,2,0,3,2,1.0,2.0,1.75,0.5,1.25
2021-05-03,2020-2021,Burnley,West Ham United,1,1,2,8,22,3,4,4,8,5,4,2,0,0,2,1.0,2.0,0.75,1.0,-0.25
2021-05-10,2020-2021,Burnley,Fulham,0,2,0,14,21,5,3,10,11,4,8,0,0,3,0,2.0,1.0,1.25,0.75,0.5
2021-05-15,2020-2021,Burnley,Leeds United,1,0,4,16,16,4,6,10,10,6,8,1,0,0,1,1.0,2.0,1.0,1.5,-0.5
2021-05-19,2020-2021,Burnley,Liverpool,1,0,3,10,20,4,3,10,7,6,7,0,0,0,0,1.0,2.0,1.0,0.75,0.25
2021-05-23,2020-2021,Burnley,Sheffield United,0,0,1,10,12,3,3,1,11,9,8,1,0,0,1,0.0,3.0,0.75,0.75,0.0
2021-08-14,2021-2022,Burnley,Brighton and Hove Albion,1,1,2,14,14,3,8,10,7,7,6,2,0,0,2,0.0,3.0,0.75,2.0,-1.25
2021-08-21,2021-2022,Burnley,Liverpool,0,0,2,9,27,3,9,12,6,4,8,0,0,0,0,0.0,3.0,0.75,2.25,-1.5
2021-08-29,2021-2022,Burnley,Leeds United,1,1,1,12,12,3,2,13,9,5,5,4,0,1,4,0.3333333333333333,2.3333333333333335,0.75,0.5,0.25
2021-09-13,2021-2022,Burnley,Everton,0,1,3,11,14,6,6,6,3,6,4,1,0,0,1,0.3333333333333333,2.3333333333333335,1.5,1.5,0.0
2021-09-18,2021-2022,Burnley,Arsenal,1,0,1,18,13,3,3,9,8,8,3,2,0,0,2,0.3333333333333333,2.3333333333333335,0.75,0.75,0.0
2021-09-25,2021-2022,Burnley,Leicester City,0,2,2,9,22,3,5,8,10,4,8,4,0,1,4,0.3333333333333333,2.3333333333333335,0.75,1.25,-0.5
2021-10-02,2021-2022,Burnley,Norwich City,1,0,0,14,10,4,2,13,3,9,5,5,0,1,5,0.6666666666666666,1.6666666666666667,1.0,0.5,0.5
2021-10-16,2021-2022,Burnley,Manchester City,0,0,2,7,15,2,6,5,11,2,6,0,0,0,0,0.6666666666666666,1.6666666666666667,0.5,1.5,-1.0
2021-10-23,2021-2022,Burnley,Southampton,0,2,2,9,16,5,4,11,10,2,6,3,0,1,3,0.6666666666666666,1.6666666666666667,1.25,1.0,0.25
2021-10-30,2021-2022,Burnley,Brentford,1,3,1,15,12,6,5,7,10,4,2,1,0,3,1,1.3333333333333333,1.3333333333333333,1.5,1.25,0.25
2021-11-06,2021-2022,Burnley,Chelsea,0,1,1,5,25,2,4,9,6,2,14,4,0,1,4,1.6666666666666667,0.6666666666666666,0.5,1.0,-0.5
2021-11-20,2021-2022,Burnley,Crystal Palace,1,3,3,15,18,9,8,14,15,3,6,2,0,1,2,1.6666666666666667,0.6666666666666666,2.25,2.0,0.25
2021-12-01,2021-2022,Burnley,Wolverhampton Wanderers,0,0,0,6,16,1,2,7,5,5,5,3,0,1,3,1.0,1.0,0.25,0.5,-0.25
2021-12-04,2021-2022,Burnley,Newcastle United,0,0,1,10,19,1,4,9,11,3,10,1,0,0,1,0.6666666666666666,1.6666666666666667,0.25,1.0,-0.75
2021-12-12,2021-2022,Burnley,West Ham United,1,0,0,9,16,1,3,13,11,6,4,2,0,1,2,0.6666666666666666,1.6666666666666667,0.25,0.75,-0.5
2021-12-30,2021-2022,Burnley,Manchester United,0,1,3,10,18,3,6,10,5,5,7,0,0,0,0,0.3333333333333333,2.3333333333333335,0.75,1.5,-0.75
2022-01-02,2021-2022,Burnley,Leeds United,0,1,3,8,22,2,7,7,11,3,9,1,0,0,1,0.3333333333333333,2.3333333333333335,0.5,1.75,-1.25
2022-01-23,2021-2022,Burnley,Arsenal,0,0,0,10,20,1,5,13,9,4,12,2,0,1,2,0.3333333333333333,2.3333333333333335,0.25,1.25,-1.0
2022-02-05,2021-2022,Burnley,Watford,1,0,0,13,11,2,5,16,9,4,7,1,0,1,1,0.6666666666666666,1.6666666666666667,0.5,1.25,-0.75
2022-02-08,2021-2022,Burnley,Manchester United,1,1,1,9,22,3,5,11,10,2,10,2,0,1,2,1.0,1.0,0.75,1.25,-0.5
2022-02-13,2021-2022,Burnley,Liverpool,1,0,1,8,12,5,4,7,6,5,8,0,0,0,0,0.6666666666666666,1.6666666666666667,1.25,1.0,0.25
2022-02-19,2021-2022,Burnley,Brighton and Hove Albion,0,3,0,10,11,4,1,12,12,4,4,4,0,3,4,1.3333333333333333,1.3333333333333333,1.0,0.25,0.75
2022-02-23,2021-2022,Burnley,Tottenham Hotspur,1,1,0,15,12,4,2,8,8,3,7,0,0,3,0,2.0,1.0,1.0,0.5,0.5
2022-02-26,2021-2022,Burnley,Crystal Palace,0,1,1,5,11,1,4,17,5,4,5,2,0,1,2,2.3333333333333335,0.3333333333333333,0.25,1.0,-0.75
2022-03-01,2021-2022,Burnley,Leicester City,1,0,2,9,22,2,6,10,13,6,8,1,0,0,1,1.3333333333333333,1.3333333333333333,0.5,1.5,-1.0
2022-03-05,2021-2022,Burnley,Chelsea,1,0,4,6,11,1,5,12,7,5,2,2,0,0,2,0.3333333333333333,2.3333333333333335,0.25,1.25,-1.0
2022-03-12,2021-2022,Burnley,Brentford,0,0,2,7,13,1,4,10,6,9,2,1,1,0,4,0.0,3.0,0.25,1.0,-0.75
2022-04-02,2021-2022,Burnley,Manchester City,1,0,2,3,18,1,6,11,6,1,8,1,0,0,1,0.0,3.0,0.25,1.5,-1.25
2022-04-06,2021-2022,Burnley,Everton,1,3,2,13,16,4,4,11,16,9,6,2,0,3,2,1.0,2.0,1.0,1.0,0.0
2022-04-10,2021-2022,Burnley,Norwich City,0,0,2,18,17,4,6,10,12,7,6,1,0,0,1,1.0,2.0,1.0,1.5,-0.5
2022-04-17,2021-2022,Burnley,West Ham United,0,1,1,9,21,1,8,10,9,4,13,2,0,1,2,1.3333333333333333,1.3333333333333333,0.25,2.0,-1.75
2022-04-21,2021-2022,Burnley,Southampton,1,2,0,16,11,6,3,7,7,10,10,2,0,3,2,1.3333333333333333,1.3333333333333333,1.5,0.75,0.75
2022-04-24,2021-2022,Burnley,Wolverhampton Wanderers,1,1,0,14,10,5,4,8,7,3,6,3,0,3,3,2.3333333333333335,0.3333333333333333,1.25,1.0,0.25
2022-04-30,2021-2022,Burnley,Watford,0,2,1,17,13,6,1,9,13,6,5,2,0,3,2,3.0,0.0,1.5,0.25,1.25
2022-05-07,2021-2022,Burnley,Aston Villa,1,1,3,14,12,6,7,13,11,4,5,1,0,0,1,2.0,1.0,1.5,1.75,-0.25
2022-05-15,2021-2022,Burnley,Tottenham Hotspur,0,0,1,8,21,1,8,8,12,2,8,2,0,0,2,1.0,2.0,0.25,2.0,-1.75
2022-05-19,2021-2022,Burnley,Aston Villa,0,1,1,10,22,5,9,20,11,6,13,1,1,1,4,0.3333333333333333,2.3333333333333335,1.25,2.25,-1.0
2022-05-22,2021-2022,Burnley,Newcastle United,1,1,2,12,8,5,6,8,9,8,2,1,0,0,1,0.3333333333333333,2.3333333333333335,1.25,1.5,-0.25
2023-08-11,2023-2024,Burnley,Manchester City,1,0,3,6,17,1,8,11,8,6,5,0,1,0,3,0.3333333333333333,2.3333333333333335,0.25,2.0,-1.75
2023-08-27,2023-2024,Burnley,Aston Villa,1,1,3,9,16,2,6,12,11,4,6,2,0,0,2,0.0,3.0,0.5,1.5,-1.0
2023-09-02,2023-2024,Burnley,Tottenham Hotspur,1,2,5,16,20,4,10,15,9,7,4,4,0,0,4,0.0,3.0,1.0,2.5,-1.5
2023-09-18,2023-2024,Burnley,Nottingham Forest,0,1,1,10,14,3,4,10,16,4,5,3,1,1,6,0.3333333333333333,2.3333333333333335,0.75,1.0,-0.25
2023-09-23,2023-2024,Burnley,Manchester United,1,0,1,12,11,4,4,6,12,9,5,1,0,0,1,0.3333333333333333,2.3333333333333335,1.0,1.0,0.0
2023-09-30,2023-2024,Burnley,Newcastle United,0,0,2,8,20,2,8,15,7,3,5,3,0,0,3,0.3333333333333333,2.3333333333333335,0.5,2.0,-1.5
2023-10-03,2023-2024,Burnley,Luton Town,0,2,1,14,18,4,3,6,14,6,7,2,0,3,2,1.0,2.0,1.0,0.75,0.25
2023-10-07,2023-2024,Burnley,Chelsea,1,1,4,10,9,3,5,11,8,7,3,2,0,0,2,1.0,2.0,0.75,1.25,-0.5
2023-10-21,2023-2024,Burnley,Brentford,0,0,3,6,23,1,10,12,14,5,5,2,1,0,5,1.0,2.0,0.25,2.5,-2.25
2023-10-28,2023-2024,Burnley,Bournemouth,0,1,2,6,13,3,6,12,9,5,10,3,0,0,3,0.0,3.0,0.75,1.5,-0.75
2023-11-04,2023-2024,Burnley,Crystal Palace,1,0,2,17,4,5,3,9,12,12,1,0,0,0,0,0.0,3.0,1.25,0.75,0.5
2023-11-11,2023-2024,Burnley,Arsenal,0,1,3,8,16,5,6,9,8,3,3,1,0,0,1,0.0,3.0,1.25,1.5,-0.25
2023-11-25,2023-2024,Burnley,West Ham United,1,1,2,11,11,5,3,11,7,4,5,1,0,0,1,0.0,3.0,1.25,0.75,0.5
2023-12-02,2023-2024,Burnley,Sheffield United,1,5,0,19,6,7,3,9,12,6,1,2,0,3,2,1.0,2.0,1.75,0.75,1.0
2023-12-05,2023-2024,Burnley,Wolverhampton Wanderers,0,0,1,12,7,3,4,15,11,8,6,4,0,0,4,1.0,2.0,0.75,1.0,-0.25
2023-12-09,2023-2024,Burnley,Brighton and Hove Albion,0,1,1,6,29,3,11,8,5,1,9,4,0,1,4,1.3333333333333333,1.3333333333333333,0.75,2.75,-2.0
2023-12-16,2023-2024,Burnley,Everton,1,0,2,14,9,2,6,9,8,8,6,0,0,0,0,0.3333333333333333,2.3333333333333335,0.5,1.5,-1.0
2023-12-23,2023-2024,Burnley,Fulham,0,2,0,7,19,2,5,17,5,6,8,1,0,3,1,1.3333333333333333,1.3333333333333333,0.5,1.25,-0.75
2023-12-26,2023-2024,Burnley,Liverpool,1,0,2,9,19,0,10,7,10,4,4,2,0,0,2,1.0,2.0,0.0,2.5,-2.5
2023-12-30,2023-2024,Burnley,Aston Villa,0,2,3,9,19,5,7,14,9,2,6,1,1,0,4,1.0,2.0,1.25,1.75,-0.5
2024-01-12,2023-2024,Burnley,Luton Town,1,1,1,13,14,7,5,7,12,2,8,1,0,1,1,0.3333333333333333,2.3333333333333335,1.75,1.25,0.5
2024-01-31,2023-2024,Burnley,Manchester City,0,1,3,8,14,3,4,13,3,3,7,2,0,0,2,0.3333333333333333,2.3333333333333335,0.75,1.0,-0.25
2024-02-03,2023-2024,Burnley,Fulham,1,2,2,12,15,4,7,11,7,2,13,2,0,1,2,0.6666666666666666,1.6666666666666667,1.0,1.75,-0.75
2024-02-10,2023-2024,Burnley,Liverpool,0,1,3,9,25,4,10,13,11,3,9,2,0,0,2,0.3333333333333333,2.3333333333333335,1.0,2.5,-1.5
2024-02-17,2023-2024,Burnley,Arsenal,1,0,5,8,16,0,7,11,8,4,6,2,0,0,2,0.3333333333333333,2.3333333333333335,0.0,1.75,-1.75
2024-02-24,2023-2024,Burnley,Crystal Palace,0,0,3,2,15,0,6,13,8,3,12,1,1,0,4,0.0,3.0,0.0,1.5,-1.5
2024-03-03,2023-2024,Burnley,Bournemouth,1,0,2,20,10,6,3,8,13,7,2,2,0,0,2,0.0,3.0,1.5,0.75,0.75
2024-03-10,2023-2024,Burnley,West Ham United,0,2,2,11,22,4,4,18,11,4,4,4,0,1,4,0.3333333333333333,2.3333333333333335,1.0,1.0,0.0
2024-03-16,2023-2024,Burnley,Brentford,1,2,1,17,9,6,5,14,17,5,4,2,0,3,2,1.3333333333333333,1.3333333333333333,1.5,1.25,0.25
2024-03-30,2023-2024,Burnley,Chelsea,0,2,2,18,33,7,13,7,12,4,12,2,1,1,5,1.6666666666666667,0.6666666666666666,1.75,3.25,-1.5
2024-04-02,2023-2024,Burnley,Wolverhampton Wanderers,1,1,1,13,8,6,2,10,12,7,4,0,0,1,0,1.6666666666666667,0.6666666666666666,1.5,0.5,1.0
2024-04-06,2023-2024,Burnley,Everton,0,0,1,6,12,1,3,13,11,5,3,1,1,0,4,0.6666666666666666,1.6666666666666667,0.25,0.75,-0.5
2024-04-13,2023-2024,Burnley,Brighton and Hove Albion,1,1,1,11,20,3,8,18,8,4,5,1,0,1,1,0.6666666666666666,1.6666666666666667,0.75,2.0,-1.25
2024-04-20,2023-2024,Burnley,Sheffield United,0,4,1,16,18,9,11,9,10,2,11,0,0,3,0,1.3333333333333333,1.3333333333333333,2.25,2.75,-0.5
2024-04-27,2023-2024,Burnley,Manchester United,0,1,1,16,27,7,10,11,7,5,6,3,0,1,3,1.6666666666666667,0.6666666666666666,1.75,2.5,-0.75
2024-05-04,2023-2024,Burnley,Newcastle United,1,1,4,17,23,5,11,8,8,4,11,2,0,0,2,1.3333333333333333,1.3333333333333333,1.25,2.75,-1.5
2024-05-11,2023-2024,Burnley,Tottenham Hotspur,0,1,2,7,21,3,9,14,10,3,9,5,0,0,5,0.3333333333333333,2.3333333333333335,0.75,2.25,-1.5
2024-05-19,2023-2024,Burnley,Nottingham Forest,1,1,2,20,12,3,6,11,5,4,3,1,0,0,1,0.0,3.0,0.75,1.5,-0.75
2025-08-16,2025-2026,Burnley,Tottenham Hotspur,0,0,3,14,16,4,6,8,14,5,6,0,0,0,0,0.0,3.0,1.0,1.5,-0.5
2025-08-23,2025-2026,Burnley,Sunderland,1,2,0,7,9,2,1,9,5,4,3,0,0,3,0,1.0,2.0,0.5,0.25,0.25
2025-08-30,2025-2026,Burnley,Manchester United,0,2,3,6,26,3,6,9,9,1,7,5,0,0,5,1.0,2.0,0.75,1.5,-0.75
2025-09-14,2025-2026,Burnley,Liverpool,1,0,1,3,27,0,4,9,9,1,13,0,0,0,0,1.0,2.0,0.0,1.0,-1.0
2025-09-20,2025-2026,Burnley,Nottingham Forest,1,1,1,12,17,5,8,12,11,4,5,1,0,1,1,0.3333333333333333,2.3333333333333335,1.25,2.0,-0.75
2025-09-27,2025-2026,Burnley,Manchester City,0,1,5,9,21,2,8,7,5,2,10,3,0,0,3,0.3333333333333333,2.3333333333333335,0.5,2.0,-1.5
2025-10-05,2025-2026,Burnley,Aston Villa,0,1,2,5,15,2,7,15,9,4,6,1,0,0,1,0.3333333333333333,2.3333333333333335,0.5,1.75,-1.25
2025-10-18,2025-2026,Burnley,Leeds United,1,2,0,4,19,3,4,10,7,1,5,2,0,3,2,1.0,2.0,0.75,1.0,-0.25
2025-10-26,2025-2026,Burnley,Wolverhampton Wanderers,0,3,2,11,15,7,7,7,12,3,5,0,0,3,0,2.0,1.0,1.75,1.75,0.0
2025-11-01,2025-2026,Burnley,Arsenal,1,0,2,3,12,0,8,10,13,1,6,2,0,0,2,2.0,1.0,0.0,2.0,-2.0
2025-11-08,2025-2026,Burnley,West Ham United,0,2,3,16,15,7,6,13,15,4,7,2,0,0,2,1.0,2.0,1.75,1.5,0.25
2020-09-14,2020-2021,Chelsea,Brighton and Hove Albion,0,3,1,10,13,5,3,13,8,3,4,0,0,3,0,3.0,0.0,1.25,0.75,0.5
2020-09-20,2020-2021,Chelsea,Liverpool,1,0,2,5,18,3,6,10,6,1,11,0,1,0,3,1.5,1.5,0.75,1.5,-0.75
2020-09-26,2020-2021,Chelsea,West Brom,0,3,3,22,9,10,3,16,8,9,3,3,0,1,3,1.3333333333333333,1.3333333333333333,2.5,0.75,1.75
2020-10-03,2020-2021,Chelsea,Crystal Palace,1,4,0,17,4,6,0,17,13,8,5,2,0,3,2,1.3333333333333333,1.3333333333333333,1.5,0.0,1.5
2020-10-17,2020-2021,Chelsea,Southampton,1,3,3,11,13,5,6,11,9,6,2,1,0,1,1,1.6666666666666667,0.6666666666666666,1.25,1.5,-0.25
2020-10-24,2020-2021,Chelsea,Manchester United,0,0,0,6,14,1,4,6,8,6,9,1,0,1,1,1.6666666666666667,0.6666666666666666,0.25,1.0,-0.75
2020-10-31,2020-2021,Chelsea,Burnley,0,3,0,14,5,9,0,15,10,4,3,0,0,3,0,1.6666666666666667,0.6666666666666666,2.25,0.0,2.25
2020-11-07,2020-2021,Chelsea,Sheffield United,1,4,1,20,6,9,3,5,14,6,7,0,0,3,0,2.3333333333333335,0.3333333333333333,2.25,0.75,1.5
2020-11-21,2020-2021,Chelsea,Newcastle United,0,2,0,14,8,3,1,12,11,4,7,0,0,3,0,3.0,0.0,0.75,0.25,0.5
2020-11-29,2020-2021,Chelsea,Tottenham Hotspur,1,0,0,13,5,3,1,20,9,3,3,4,0,1,4,2.3333333333333335,0.3333333333333333,0.75,0.25,0.5
2020-12-05,2020-2021,Chelsea,Leeds United,1,3,1,23,8,11,3,12,9,8,4,0,0,3,0,2.3333333333333335,0.3333333333333333,2.75,0.75,2.0
2020-12-12,2020-2021,Chelsea,Everton,0,0,1,10,9,3,4,11,10,6,6,3,0,0,3,1.3333333333333333,1.3333333333333333,0.75,1.0,-0.25
2020-12-15,2020-2021,Chelsea,Wolverhampton Wanderers,0,1,2,13,12,3,4,12,12,6,5,2,0,0,2,1.0,2.0,0.75,1.0,-0.25
2020-12-21,2020-2021,Chelsea,West Ham United,1,3,0,11,6,7,0,11,6,5,4,0,0,3,0,1.0,2.0,1.75,0.0,1.75
2020-12-26,2020-2021,Chelsea,Arsenal,0,1,3,19,15,3,7,10,13,9,7,1,0,0,1,1.0,2.0,0.75,1.75,-1.0
2020-12-28,2020-2021,Chelsea,Aston Villa,1,1,1,16,10,5,2,16,3,11,4,3,0,1,3,1.3333333333333333,1.3333333333333333,1.25,0.5,0.75
2021-01-03,2020-2021,Chelsea,Manchester City,1,1,3,9,18,2,6,11,10,5,3,3,0,0,3,0.3333333333333333,2.3333333333333335,0.5,1.5,-1.0
2021-01-16,2020-2021,Chelsea,Fulham,0,1,0,21,10,6,3,10,11,12,1,3,0,3,3,1.3333333333333333,1.3333333333333333,1.5,0.75,0.75
2021-01-19,2020-2021,Chelsea,Leicester City,0,0,2,9,8,5,6,16,7,3,6,3,0,0,3,1.0,2.0,1.25,1.5,-0.25
2021-01-27,2020-2021,Chelsea,Wolverhampton Wanderers,1,0,0,14,4,5,0,14,7,13,1,1,0,1,1,1.3333333333333333,1.3333333333333333,1.25,0.0,1.25
2021-01-31,2020-2021,Chelsea,Burnley,1,2,0,19,1,8,0,7,9,4,2,0,0,3,0,1.3333333333333333,1.3333333333333333,2.0,0.0,2.0
2021-02-04,2020-2021,Chelsea,Tottenham Hotspur,0,1,0,18,7,2,2,14,20,7,2,3,0,3,3,2.3333333333333335,0.3333333333333333,0.5,0.5,0.0
2021-02-07,2020-2021,Chelsea,Sheffield United,0,2,1,9,8,3,3,8,8,8,1,0,0,3,0,3.0,0.0,0.75,0.75,0.0
2021-02-15,2020-2021,Chelsea,Newcastle United,1,2,0,18,10,5,4,9,13,10,5,0,0,3,0,3.0,0.0,1.25,1.0,0.25
2021-02-20,2020-2021,Chelsea,Southampton,0,1,1,9,4,3,1,10,10,6,3,1,0,1,1,2.3333333333333335,0.3333333333333333,0.75,0.25,0.5
2021-02-28,2020-2021,Chelsea,Manchester United,1,0,0,18,11,6,4,11,12,3,4,1,0,1,1,1.6666666666666667,0.6666666666666666,1.5,1.0,0.5
2021-03-04,2020-2021,Chelsea,Liverpool,0,1,0,11,7,5,1,8,9,2,5,0,0,3,0,1.6666666666666667,0.6666666666666666,1.25,0.25,1.0
2021-03-08,2020-2021,Chelsea,Everton,1,2,0,19,7,9,1,11,12,7,3,0,0,3,0,2.3333333333333335,0.3333333333333333,2.25,0.25,2.0
2021-03-13,2020-2021,Chelsea,Leeds United,0,0,0,15,7,8,4,6,16,5,8,0,0,1,0,2.3333333333333335,0.3333333333333333,2.0,1.0,1.0
2021-04-03,2020-2021,Chelsea,West Brom,1,2,5,18,14,8,7,11,6,10,3,1,1,0,4,1.3333333333333333,1.3333333333333333,2.0,1.75,0.25
2021-04-10,2020-2021,Chelsea,Crystal Palace,0,4,1,23,1,10,1,12,7,8,0,0,0,3,0,1.3333333333333333,1.3333333333333333,2.5,0.25,2.25
2021-04-20,2020-2021,Chelsea,Brighton and Hove Albion,1,0,0,7,11,4,2,8,9,0,3,2,0,1,2,1.3333333333333333,1.3333333333333333,1.0,0.5,0.5
2021-04-24,2020-2021,Chelsea,West Ham United,0,1,0,17,9,6,2,11,9,2,4,4,0,3,4,2.3333333333333335,0.3333333333333333,1.5,0.5,1.0
2021-05-01,2020-2021,Chelsea,Fulham,1,2,0,9,10,5,3,15,8,1,8,1,0,3,1,2.3333333333333335,0.3333333333333333,1.25,0.75,0.5
2021-05-08,2020-2021,Chelsea,Manchester City,0,2,1,12,16,5,4,10,12,2,6,0,0,3,0,3.0,0.0,1.25,1.0,0.25
2021-05-12,2020-2021,Chelsea,Arsenal,1,0,1,19,5,5,2,7,6,9,1,0,0,0,0,2.0,1.0,1.25,0.5,0.75
2021-05-18,2020-2021,Chelsea,Leicester City,1,2,1,17,7,6,3,15,16,6,5,2,0,3,2,2.0,1.0,1.5,0.75,0.75
2021-05-23,2020-2021,Chelsea,Aston Villa,0,1,2,23,6,7,3,12,11,9,2,3,1,0,6,1.0,2.0,1.75,0.75,1.0
2021-08-14,2021-2022,Chelsea,Crystal Palace,1,3,0,13,4,6,1,15,11,5,2,0,0,3,0,2.0,1.0,1.5,0.25,1.25
2021-08-22,2021-2022,Chelsea,Arsenal,0,2,0,22,6,5,3,4,10,8,9,0,0,3,0,2.0,1.0,1.25,0.75,0.5
2021-08-28,2021-2022,Chelsea,Liverpool,0,1,1,6,24,3,7,4,13,3,12,2,1,1,5,2.3333333333333335,0.3333333333333333,0.75,1.75,-1.0
2021-09-11,2021-2022,Chelsea,Aston Villa,1,3,0,12,18,4,6,11,11,4,11,1,0,3,1,2.3333333333333335,0.3333333333333333,1.0,1.5,-0.5
2021-09-19,2021-2022,Chelsea,Tottenham Hotspur,0,3,0,20,8,10,2,15,4,11,5,1,0,3,1,2.3333333333333335,0.3333333333333333,2.5,0.5,2.0
2021-09-25,2021-2022,Chelsea,Manchester City,1,0,1,5,15,0,4,12,10,4,13,3,0,0,3,2.0,1.0,0.0,1.0,-1.0
2021-10-02,2021-2022,Chelsea,Southampton,1,3,1,20,6,9,2,11,13,7,2,1,0,3,1,2.0,1.0,2.25,0.5,1.75
2021-10-16,2021-2022,Chelsea,Brentford,0,1,0,5,17,1,7,8,13,5,5,1,0,3,1,2.0,1.0,0.25,1.75,-1.5
2021-10-23,2021-2022,Chelsea,Norwich City,1,7,0,23,3,13,1,14,16,5,0,0,0,3,0,3.0,0.0,3.25,0.25,3.0
2021-10-30,2021-2022,Chelsea,Newcastle United,0,3,0,19,6,6,1,12,14,2,0,2,0,3,2,3.0,0.0,1.5,0.25,1.25
2021-11-06,2021-2022,Chelsea,Burnley,1,1,1,25,5,4,2,6,9,14,2,1,0,1,1,2.3333333333333335,0.3333333333333333,1.0,0.5,0.5
2021-11-20,2021-2022,Chelsea,Leicester City,0,3,0,16,4,7,3,8,15,5,3,1,0,3,1,2.3333333333333335,0.3333333333333333,1.75,0.75,1.0
2021-11-28,2021-2022,Chelsea,Manchester United,1,1,1,24,3,6,2,13,14,15,2,2,0,1,2,1.6666666666666667,0.6666666666666666,1.5,0.5,1.0
2021-12-01,2021-2022,Chelsea,Watford,0,2,1,8,13,4,6,16,18,0,6,3,0,3,3,2.3333333333333335,0.3333333333333333,1.0,1.5,-0.5
2021-12-04,2021-2022,Chelsea,West Ham United,0,2,3,19,11,7,5,10,10,9,1,3,0,0,3,1.3333333333333333,1.3333333333333333,1.75,1.25,0.5
2021-12-11,2021-2022,Chelsea,Leeds United,1,3,2,16,12,6,5,9,15,5,2,2,0,3,2,2.0,1.0,1.5,1.25,0.25
2021-12-16,2021-2022,Chelsea,Everton,1,1,1,23,5,10,3,11,11,7,1,2,0,1,2,1.3333333333333333,1.3333333333333333,2.5,0.75,1.75
2021-12-19,2021-2022,Chelsea,Wolverhampton Wanderers,0,0,0,8,4,1,1,7,9,9,4,2,0,1,2,1.6666666666666667,0.6666666666666666,0.25,0.25,0.0
2021-12-26,2021-2022,Chelsea,Aston Villa,0,3,1,10,8,4,1,11,8,5,2,1,0,3,1,1.6666666666666667,0.6666666666666666,1.0,0.25,0.75
2021-12-29,2021-2022,Chelsea,Brighton and Hove Albion,1,1,1,11,18,5,6,14,7,10,8,4,0,1,4,1.6666666666666667,0.6666666666666666,1.25,1.5,-0.25
2022-01-02,2021-2022,Chelsea,Liverpool,1,2,2,15,10,6,6,5,13,6,7,1,0,1,1,1.6666666666666667,0.6666666666666666,1.5,1.5,0.0
2022-01-15,2021-2022,Chelsea,Manchester City,0,0,1,4,11,1,6,6,11,1,9,2,0,0,2,0.6666666666666666,1.6666666666666667,0.25,1.5,-1.25
2022-01-18,2021-2022,Chelsea,Brighton and Hove Albion,0,1,1,15,10,3,2,5,8,7,5,2,0,1,2,0.6666666666666666,1.6666666666666667,0.75,0.5,0.25
2022-01-23,2021-2022,Chelsea,Tottenham Hotspur,1,2,0,15,6,7,3,17,14,10,3,2,0,3,2,1.3333333333333333,1.3333333333333333,1.75,0.75,1.0
2022-02-19,2021-2022,Chelsea,Crystal Palace,0,1,0,9,7,3,0,20,4,4,4,3,0,3,3,2.3333333333333335,0.3333333333333333,0.75,0.0,0.75
2022-03-05,2021-2022,Chelsea,Burnley,0,4,0,11,6,5,1,7,12,2,5,0,0,3,0,3.0,0.0,1.25,0.25,1.0
2022-03-10,2021-2022,Chelsea,Norwich City,0,3,1,15,9,7,3,15,8,8,3,2,0,3,2,3.0,0.0,1.75,0.75,1.0
2022-03-13,2021-2022,Chelsea,Newcastle United,1,1,0,8,7,3,2,17,16,7,2,4,0,3,4,3.0,0.0,0.75,0.5,0.25
2022-04-02,2021-2022,Chelsea,Brentford,1,1,4,21,17,8,6,11,7,12,7,0,0,0,0,2.0,1.0,2.0,1.5,0.5
2022-04-09,2021-2022,Chelsea,Southampton,0,6,0,24,4,14,1,10,11,3,3,0,0,3,0,2.0,1.0,3.5,0.25,3.25
2022-04-20,2021-2022,Chelsea,Arsenal,1,2,4,11,14,2,4,7,6,6,1,3,0,0,3,1.0,2.0,0.5,1.0,-0.5
2022-04-24,2021-2022,Chelsea,West Ham United,1,1,0,26,6,5,2,11,9,3,1,1,0,3,1,2.0,1.0,1.25,0.5,0.75
2022-04-28,2021-2022,Chelsea,Manchester United,0,1,1,21,6,6,3,12,9,9,2,1,0,1,1,1.3333333333333333,1.3333333333333333,1.5,0.75,0.75
2022-05-01,2021-2022,Chelsea,Everton,0,0,1,17,9,5,4,12,9,8,3,5,0,0,5,1.3333333333333333,1.3333333333333333,1.25,1.0,0.25
2022-05-07,2021-2022,Chelsea,Wolverhampton Wanderers,1,2,2,19,14,6,4,7,11,9,3,1,0,1,1,0.6666666666666666,1.6666666666666667,1.5,1.0,0.5
2022-05-11,2021-2022,Chelsea,Leeds United,0,3,0,17,5,4,0,14,10,5,1,0,0,3,0,1.3333333333333333,1.3333333333333333,1.0,0.0,1.0
2022-05-19,2021-2022,Chelsea,Leicester City,1,1,1,20,2,7,1,13,7,6,0,4,0,1,4,1.6666666666666667,0.6666666666666666,1.75,0.25,1.5
2022-05-22,2021-2022,Chelsea,Watford,1,2,1,19,8,8,3,9,9,3,3,0,0,3,0,2.3333333333333335,0.3333333333333333,2.0,0.75,1.25
2022-08-06,2022-2023,Chelsea,Everton,0,1,0,15,8,6,4,11,14,16,4,2,0,3,2,2.3333333333333335,0.3333333333333333,1.5,1.0,0.5
2022-08-14,2022-2023,Chelsea,Tottenham Hotspur,1,2,2,16,10,3,5,9,9,8,5,3,0,1,3,2.3333333333333335,0.3333333333333333,0.75,1.25,-0.5
2022-08-21,2022-2023,Chelsea,Leeds United,0,0,3,14,12,3,6,15,16,6,4,1,1,0,4,1.3333333333333333,1.3333333333333333,0.75,1.5,-0.75
2022-08-27,2022-2023,Chelsea,Leicester City,1,2,1,7,17,3,5,10,7,3,11,1,1,3,4,1.3333333333333333,1.3333333333333333,0.75,1.25,-0.5
2022-08-30,2022-2023,Chelsea,Southampton,0,1,2,10,9,4,7,10,15,3,5,1,0,0,1,1.0,2.0,1.0,1.75,-0.75
2022-09-03,2022-2023,Chelsea,West Ham United,1,2,1,8,6,3,3,6,11,10,3,4,0,3,4,2.0,1.0,0.75,0.75,0.0
2022-10-01,2022-2023,Chelsea,Crystal Palace,0,2,1,13,7,3,3,13,11,2,5,3,0,3,3,2.0,1.0,0.75,0.75,0.0
2022-10-08,2022-2023,Chelsea,Wolverhampton Wanderers,1,3,0,20,8,7,2,8,8,4,2,2,0,3,2,3.0,0.0,1.75,0.5,1.25
2022-10-16,2022-2023,Chelsea,Aston Villa,0,2,0,8,18,4,7,11,12,1,7,3,0,3,3,3.0,0.0,1.0,1.75,-0.75
2022-10-19,2022-2023,Chelsea,Brentford,0,0,0,14,8,5,5,7,7,2,6,0,0,1,0,2.3333333333333335,0.3333333333333333,1.25,1.25,0.0
2022-10-22,2022-2023,Chelsea,Manchester United,1,1,1,6,13,2,6,8,10,6,4,1,0,1,1,1.6666666666666667,0.6666666666666666,0.5,1.5,-1.0
2022-10-29,2022-2023,Chelsea,Brighton and Hove Albion,0,1,4,15,19,7,9,6,16,7,8,2,0,0,2,0.6666666666666666,1.6666666666666667,1.75,2.25,-0.5
2022-11-06,2022-2023,Chelsea,Arsenal,1,0,1,5,14,1,2,20,13,4,6,5,0,0,5,0.3333333333333333,2.3333333333333335,0.25,0.5,-0.25
2022-11-12,2022-2023,Chelsea,Newcastle United,0,0,1,5,10,2,3,11,14,3,5,2,0,0,2,0.0,3.0,0.5,0.75,-0.25
2022-12-27,2022-2023,Chelsea,Bournemouth,1,2,0,15,9,5,4,8,10,6,8,0,0,3,0,1.0,2.0,1.25,1.0,0.25
2023-01-01,2022-2023,Chelsea,Nottingham Forest,0,1,1,7,12,2,5,14,16,2,1,2,0,1,2,1.3333333333333333,1.3333333333333333,0.5,1.25,-0.75
2023-01-05,2022-2023,Chelsea,Manchester City,1,0,1,8,12,2,3,9,9,3,2,2,0,0,2,1.3333333333333333,1.3333333333333333,0.5,0.75,-0.25
2023-01-12,2022-2023,Chelsea,Fulham,0,1,2,20,8,10,3,16,12,7,5,3,1,0,6,0.3333333333333333,2.3333333333333335,2.5,0.75,1.75
2023-01-15,2022-2023,Chelsea,Crystal Palace,1,1,0,15,10,5,5,10,17,11,7,2,0,3,2,1.0,2.0,1.25,1.25,0.0
2023-01-21,2022-2023,Chelsea,Liverpool,0,0,0,11,15,2,3,9,16,5,5,1,0,1,1,1.3333333333333333,1.3333333333333333,0.5,0.75,-0.25
2023-02-03,2022-2023,Chelsea,Fulham,1,0,0,12,10,3,4,16,12,6,2,1,0,1,1,1.6666666666666667,0.6666666666666666,0.75,1.0,-0.25
2023-02-11,2022-2023,Chelsea,West Ham United,0,1,1,12,10,4,2,11,9,6,5,1,0,1,1,1.0,1.0,1.0,0.5,0.5
2023-02-18,2022-2023,Chelsea,Southampton,1,0,1,17,8,5,5,16,24,8,2,3,0,0,3,0.6666666666666666,1.6666666666666667,1.25,1.25,0.0
2023-02-26,2022-2023,Chelsea,Tottenham Hotspur,0,0,2,10,8,2,3,10,10,4,4,3,0,0,3,0.3333333333333333,2.3333333333333335,0.5,0.75,-0.25
2023-03-04,2022-2023,Chelsea,Leeds United,1,1,0,13,11,3,2,10,7,5,7,2,0,3,2,1.0,2.0,0.75,0.5,0.25
2023-03-11,2022-2023,Chelsea,Leicester City,0,3,1,12,17,6,7,11,10,5,2,2,0,3,2,2.0,1.0,1.5,1.75,-0.25
2023-03-18,2022-2023,Chelsea,Everton,1,2,2,20,12,7,3,8,12,8,2,2,0,1,2,2.3333333333333335,0.3333333333333333,1.75,0.75,1.0
2023-04-01,2022-2023,Chelsea,Aston Villa,1,0,2,27,5,8,2,14,16,13,2,3,0,0,3,1.3333333333333333,1.3333333333333333,2.0,0.5,1.5
2023-04-04,2022-2023,Chelsea,Liverpool,1,0,0,12,7,3,4,6,17,3,5,1,0,1,1,0.6666666666666666,1.6666666666666667,0.75,1.0,-0.25
2023-04-08,2022-2023,Chelsea,Wolverhampton Wanderers,0,0,1,13,9,1,4,10,14,8,8,5,0,0,5,0.3333333333333333,2.3333333333333335,0.25,1.0,-0.75
2023-04-15,2022-2023,Chelsea,Brighton and Hove Albion,1,1,2,8,26,2,10,11,11,2,8,2,0,0,2,0.3333333333333333,2.3333333333333335,0.5,2.5,-2.0
2023-04-26,2022-2023,Chelsea,Brentford,1,0,2,15,7,4,1,5,13,5,2,1,0,0,1,0.0,3.0,1.0,0.25,0.75
2023-05-02,2022-2023,Chelsea,Arsenal,0,1,3,7,16,4,10,10,10,2,7,2,0,0,2,0.0,3.0,1.0,2.5,-1.5
2023-05-06,2022-2023,Chelsea,Bournemouth,0,3,1,11,10,5,4,11,9,7,7,3,0,3,3,1.0,2.0,1.25,1.0,0.25
2023-05-13,2022-2023,Chelsea,Nottingham Forest,1,2,2,14,11,6,2,13,15,2,5,3,0,1,3,1.3333333333333333,1.3333333333333333,1.5,0.5,1.0
2023-05-21,2022-2023,Chelsea,Manchester City,0,0,1,13,15,6,2,9,12,2,5,2,0,0,2,1.3333333333333333,1.3333333333333333,1.5,0.5,1.0
2023-05-25,2022-2023,Chelsea,Manchester United,0,1,4,14,18,5,9,6,12,4,3,1,0,0,1,0.3333333333333333,2.3333333333333335,1.25,2.25,-1.0
2023-05-28,2022-2023,Chelsea,Newcastle United,1,1,1,22,13,5,4,9,11,10,3,0,0,1,0,0.3333333333333333,2.3333333333333335,1.25,1.0,0.25
2023-08-13,2023-2024,Chelsea,Liverpool,1,1,1,10,13,4,1,5,12,4,4,3,0,1,3,0.6666666666666666,1.6666666666666667,1.0,0.25,0.75
2023-08-20,2023-2024,Chelsea,West Ham United,0,1,3,17,12,4,6,9,12,9,3,3,0,0,3,0.6666666666666666,1.6666666666666667,1.0,1.5,-0.5
2023-08-25,2023-2024,Chelsea,Luton Town,1,3,0,19,11,8,1,15,12,6,4,2,0,3,2,1.3333333333333333,1.3333333333333333,2.0,0.25,1.75
2023-09-02,2023-2024,Chelsea,Nottingham Forest,1,0,1,21,7,2,3,10,9,8,0,3,0,0,3,1.0,2.0,0.5,0.75,-0.25
2023-09-17,2023-2024,Chelsea,Bournemouth,0,0,0,14,13,6,4,20,15,7,1,5,0,1,5,1.3333333333333333,1.3333333333333333,1.5,1.0,0.5
2023-09-24,2023-2024,Chelsea,Aston Villa,1,0,1,10,15,4,7,9,11,5,11,2,0,0,2,0.3333333333333333,2.3333333333333335,1.0,1.75,-0.75
2023-10-02,2023-2024,Chelsea,Fulham,0,2,0,11,10,4,3,12,15,1,8,4,0,3,4,1.3333333333333333,1.3333333333333333,1.0,0.75,0.25
2023-10-07,2023-2024,Chelsea,Burnley,0,4,1,9,10,5,3,8,11,3,7,4,0,3,4,2.0,1.0,1.25,0.75,0.5
2023-10-21,2023-2024,Chelsea,Arsenal,1,2,2,11,13,5,3,7,14,2,7,3,0,1,3,2.3333333333333335,0.3333333333333333,1.25,0.75,0.5
2023-10-28,2023-2024,Chelsea,Brentford,1,0,2,17,7,2,5,12,7,10,1,1,0,0,1,1.3333333333333333,1.3333333333333333,0.5,1.25,-0.75
2023-11-06,2023-2024,Chelsea,Tottenham Hotspur,0,4,1,17,8,8,5,21,12,6,1,5,0,3,5,1.3333333333333333,1.3333333333333333,2.0,1.25,0.75
2023-11-12,2023-2024,Chelsea,Manchester City,1,4,4,17,15,9,10,12,15,3,3,5,0,1,5,1.3333333333333333,1.3333333333333333,2.25,2.5,-0.25
2023-11-25,2023-2024,Chelsea,Newcastle United,0,1,4,7,14,4,5,19,13,2,4,4,1,0,7,1.3333333333333333,1.3333333333333333,1.0,1.25,-0.25
2023-12-03,2023-2024,Chelsea,Brighton and Hove Albion,1,3,2,8,18,5,9,16,12,5,8,3,1,3,6,1.3333333333333333,1.3333333333333333,1.25,2.25,-1.0
2023-12-06,2023-2024,Chelsea,Manchester United,0,1,2,13,28,3,9,12,12,4,12,0,0,0,0,1.0,2.0,0.75,2.25,-1.5
2023-12-10,2023-2024,Chelsea,Everton,0,0,2,16,9,4,5,12,12,8,4,2,0,0,2,1.0,2.0,1.0,1.25,-0.25
2023-12-16,2023-2024,Chelsea,Sheffield United,1,2,0,15,6,6,1,9,14,7,6,1,0,3,1,1.0,2.0,1.5,0.25,1.25
2023-12-24,2023-2024,Chelsea,Wolverhampton Wanderers,0,1,2,16,14,5,6,9,11,6,10,5,0,0,5,1.0,2.0,1.25,1.5,-0.25
2023-12-27,2023-2024,Chelsea,Crystal Palace,1,2,1,9,13,4,5,13,16,4,3,3,0,3,3,2.0,1.0,1.0,1.25,-0.25
2023-12-30,2023-2024,Chelsea,Luton Town,0,3,2,12,15,8,6,21,14,2,7,2,0,3,2,2.0,1.0,2.0,1.5,0.5
2024-01-13,2023-2024,Chelsea,Fulham,1,1,0,17,14,3,4,13,9,6,4,5,0,3,5,3.0,0.0,0.75,1.0,-0.25
2024-01-31,2023-2024,Chelsea,Liverpool,0,1,4,4,28,3,13,16,15,1,8,4,0,0,4,2.0,1.0,0.75,3.25,-2.5
2024-02-04,2023-2024,Chelsea,Wolverhampton Wanderers,1,2,4,15,14,6,7,15,11,10,1,3,0,0,3,1.0,2.0,1.5,1.75,-0.25
2024-02-12,2023-2024,Chelsea,Crystal Palace,0,3,1,14,13,5,4,7,14,7,1,2,0,3,2,1.0,2.0,1.25,1.0,0.25
2024-02-17,2023-2024,Chelsea,Manchester City,0,1,1,9,31,6,5,12,7,1,12,3,0,1,3,1.3333333333333333,1.3333333333333333,1.5,1.25,0.25
2024-03-02,2023-2024,Chelsea,Brentford,0,2,2,17,14,6,5,9,10,6,0,1,0,1,1,1.6666666666666667,0.6666666666666666,1.5,1.25,0.25
2024-03-11,2023-2024,Chelsea,Newcastle United,1,3,2,12,11,8,3,12,7,0,4,3,0,3,3,1.6666666666666667,0.6666666666666666,2.0,0.75,1.25
2024-03-30,2023-2024,Chelsea,Burnley,1,2,2,33,18,13,7,12,7,12,4,2,0,1,2,1.6666666666666667,0.6666666666666666,3.25,1.75,1.5
2024-04-04,2023-2024,Chelsea,Manchester United,1,4,3,28,19,10,5,7,15,12,3,3,0,3,3,2.3333333333333335,0.3333333333333333,2.5,1.25,1.25
2024-04-07,2023-2024,Chelsea,Sheffield United,0,2,2,6,11,3,6,10,12,6,7,2,0,1,2,1.6666666666666667,0.6666666666666666,0.75,1.5,-0.75
2024-04-15,2023-2024,Chelsea,Everton,1,6,0,14,10,10,2,5,21,4,8,1,0,3,1,2.3333333333333335,0.3333333333333333,2.5,0.5,2.0
2024-04-23,2023-2024,Chelsea,Arsenal,0,0,5,7,27,1,10,11,12,2,4,2,0,0,2,1.3333333333333333,1.3333333333333333,0.25,2.5,-2.25
2024-04-27,2023-2024,Chelsea,Aston Villa,0,2,2,21,9,5,4,14,13,4,2,5,0,1,5,1.3333333333333333,1.3333333333333333,1.25,1.0,0.25
2024-05-02,2023-2024,Chelsea,Tottenham Hotspur,1,2,0,16,19,5,3,12,16,4,9,0,0,3,0,1.3333333333333333,1.3333333333333333,1.25,0.75,0.5
2024-05-05,2023-2024,Chelsea,West Ham United,1,5,0,25,13,14,2,12,10,8,6,1,0,3,1,2.3333333333333335,0.3333333333333333,3.5,0.5,3.0
2024-05-11,2023-2024,Chelsea,Nottingham Forest,0,3,2,12,20,5,4,8,14,6,5,3,0,3,3,3.0,0.0,1.25,1.0,0.25
2024-05-15,2023-2024,Chelsea,Brighton and Hove Albion,0,2,1,13,12,6,2,14,13,6,4,2,1,3,5,3.0,0.0,1.5,0.5,1.0
2024-05-19,2023-2024,Chelsea,Bournemouth,1,2,1,16,22,6,5,5,9,6,5,2,0,3,2,3.0,0.0,1.5,1.25,0.25
2024-08-18,2024-2025,Chelsea,Manchester City,1,0,2,10,11,3,5,12,9,4,3,1,0,0,1,2.0,1.0,0.75,1.25,-0.5
2024-08-25,2024-2025,Chelsea,Wolverhampton Wanderers,0,6,2,14,12,8,4,13,13,5,5,3,0,3,3,2.0,1.0,2.0,1.0,1.0
2024-09-01,2024-2025,Chelsea,Crystal Palace,1,1,1,13,9,7,3,9,13,4,5,4,0,1,4,1.3333333333333333,1.3333333333333333,1.75,0.75,1.0
2024-09-14,2024-2025,Chelsea,Bournemouth,0,1,0,10,19,3,7,9,16,3,6,8,0,3,8,2.3333333333333335,0.3333333333333333,0.75,1.75,-1.0
2024-09-21,2024-2025,Chelsea,West Ham United,0,3,0,12,15,5,7,9,17,5,6,2,0,3,2,2.3333333333333335,0.3333333333333333,1.25,1.75,-0.5
2024-09-28,2024-2025,Chelsea,Brighton and Hove Albion,1,4,2,15,15,7,5,11,8,8,2,3,0,3,3,3.0,0.0,1.75,1.25,0.5
2024-10-06,2024-2025,Chelsea,Nottingham Forest,1,1,1,22,16,8,9,12,11,11,3,6,0,1,6,2.3333333333333335,0.3333333333333333,2.0,2.25,-0.25
2024-10-20,2024-2025,Chelsea,Liverpool,0,1,2,12,9,2,5,13,12,6,1,3,0,0,3,1.3333333333333333,1.3333333333333333,0.5,1.25,-0.75
2024-10-27,2024-2025,Chelsea,Newcastle United,1,2,1,17,11,7,3,13,16,7,4,6,0,3,6,1.3333333333333333,1.3333333333333333,1.75,0.75,1.0
2024-11-03,2024-2025,Chelsea,Manchester United,0,1,1,12,11,3,4,14,19,8,4,2,0,1,2,1.3333333333333333,1.3333333333333333,0.75,1.0,-0.25
2024-11-10,2024-2025,Chelsea,Arsenal,1,1,1,17,13,3,3,12,12,4,3,4,0,1,4,1.6666666666666667,0.6666666666666666,0.75,0.75,0.0
2024-11-23,2024-2025,Chelsea,Leicester City,0,2,1,16,4,7,1,12,15,9,2,3,0,3,3,1.6666666666666667,0.6666666666666666,1.75,0.25,1.5
2024-12-01,2024-2025,Chelsea,Aston Villa,1,3,0,17,10,8,4,21,6,3,4,2,0,3,2,2.3333333333333335,0.3333333333333333,2.0,1.0,1.0
2024-12-04,2024-2025,Chelsea,Southampton,0,5,1,26,6,13,4,14,7,7,5,0,0,3,0,3.0,0.0,3.25,1.0,2.25
2024-12-08,2024-2025,Chelsea,Tottenham Hotspur,0,4,3,17,13,8,5,11,17,10,5,2,0,3,2,3.0,0.0,2.0,1.25,0.75
2024-12-15,2024-2025,Chelsea,Brentford,1,2,1,26,9,8,4,11,7,8,5,0,1,3,3,3.0,0.0,2.0,1.0,1.0
2024-12-22,2024-2025,Chelsea,Everton,0,0,0,12,5,5,4,12,20,5,2,1,0,1,1,2.3333333333333335,0.3333333333333333,1.25,1.0,0.25
2024-12-26,2024-2025,Chelsea,Fulham,1,1,2,12,14,8,7,13,13,3,1,1,0,0,1,1.3333333333333333,1.3333333333333333,2.0,1.75,0.25
2024-12-30,2024-2025,Chelsea,Ipswich Town,0,0,2,20,9,5,6,5,9,7,4,4,0,0,4,0.3333333333333333,2.3333333333333335,1.25,1.5,-0.25
2025-01-04,2024-2025,Chelsea,Crystal Palace,0,1,1,15,13,1,6,12,9,6,6,2,0,1,2,0.3333333333333333,2.3333333333333335,0.25,1.5,-1.25
2025-01-14,2024-2025,Chelsea,Bournemouth,1,2,2,26,7,10,3,15,16,9,3,2,0,1,2,0.6666666666666666,1.6666666666666667,2.5,0.75,1.75
2025-01-20,2024-2025,Chelsea,Wolverhampton Wanderers,1,3,1,19,9,7,4,8,14,3,6,4,0,3,4,1.6666666666666667,0.6666666666666666,1.75,1.0,0.75
2025-01-25,2024-2025,Chelsea,Manchester City,0,1,3,10,15,4,6,8,6,4,2,2,0,0,2,1.3333333333333333,1.3333333333333333,1.0,1.5,-0.5
2025-02-03,2024-2025,Chelsea,West Ham United,1,2,1,22,14,3,5,11,10,4,3,3,0,3,3,2.0,1.0,0.75,1.25,-0.5
2025-02-14,2024-2025,Chelsea,Brighton and Hove Albion,0,0,3,8,13,0,5,15,12,9,2,2,0,0,2,1.0,2.0,0.0,1.25,-1.25
2025-02-22,2024-2025,Chelsea,Aston Villa,0,1,2,15,12,7,6,16,15,3,2,3,0,0,3,1.0,2.0,1.75,1.5,0.25
2025-02-25,2024-2025,Chelsea,Southampton,1,4,0,19,7,10,2,6,9,4,2,1,0,3,1,1.0,2.0,2.5,0.5,2.0
2025-03-09,2024-2025,Chelsea,Leicester City,1,1,0,20,3,7,3,12,13,12,2,1,0,3,1,2.0,1.0,1.75,0.75,1.0
2025-03-16,2024-2025,Chelsea,Arsenal,0,0,1,8,12,2,4,13,10,4,5,3,0,0,3,2.0,1.0,0.5,1.0,-0.5
2025-04-03,2024-2025,Chelsea,Tottenham Hotspur,1,1,0,11,8,5,2,7,16,4,6,5,0,3,5,2.0,1.0,1.25,0.5,0.75
2025-04-06,2024-2025,Chelsea,Brentford,0,0,0,21,9,5,2,12,12,6,3,3,0,1,3,1.3333333333333333,1.3333333333333333,1.25,0.5,0.75
2025-04-13,2024-2025,Chelsea,Ipswich Town,1,2,2,34,13,9,4,11,7,15,4,2,0,1,2,1.6666666666666667,0.6666666666666666,2.25,1.0,1.25
2025-04-20,2024-2025,Chelsea,Fulham,0,2,1,13,6,8,1,9,13,4,6,3,0,3,3,1.6666666666666667,0.6666666666666666,2.0,0.25,1.75
2025-04-26,2024-2025,Chelsea,Everton,1,1,0,10,6,7,3,11,11,10,2,0,0,3,0,2.3333333333333335,0.3333333333333333,1.75,0.75,1.0
2025-05-04,2024-2025,Chelsea,Liverpool,1,3,1,17,11,7,2,10,11,3,6,2,0,3,2,3.0,0.0,1.75,0.5,1.25
2025-05-11,2024-2025,Chelsea,Newcastle United,0,0,2,10,15,3,6,13,9,8,2,2,1,0,5,2.0,1.0,0.75,1.5,-0.75
2025-05-16,2024-2025,Chelsea,Manchester United,1,1,0,11,4,3,1,10,14,7,2,1,0,3,1,2.0,1.0,0.75,0.25,0.5
2025-05-25,2024-2025,Chelsea,Nottingham Forest,0,1,0,6,10,2,2,11,10,4,7,2,0,3,2,2.0,1.0,0.5,0.5,0.0
2025-08-17,2025-2026,Chelsea,Crystal Palace,1,0,0,19,12,3,4,10,12,11,2,2,0,1,2,2.3333333333333335,0.3333333333333333,0.75,1.0,-0.25
2025-08-22,2025-2026,Chelsea,West Ham United,0,5,1,12,12,7,4,10,7,5,7,1,0,3,1,2.3333333333333335,0.3333333333333333,1.75,1.0,0.75
2025-08-30,2025-2026,Chelsea,Fulham,1,2,0,13,11,6,3,11,17,6,4,2,0,3,2,2.3333333333333335,0.3333333333333333,1.5,0.75,0.75
2025-09-13,2025-2026,Chelsea,Brentford,0,2,2,16,7,6,4,9,13,6,5,2,0,1,2,2.3333333333333335,0.3333333333333333,1.5,1.0,0.5
2025-09-20,2025-2026,Chelsea,Manchester United,0,1,2,5,11,1,4,14,13,5,5,5,1,0,8,1.3333333333333333,1.3333333333333333,0.25,1.0,-0.75
2025-09-27,2025-2026,Chelsea,Brighton and Hove Albion,1,1,3,13,12,3,3,9,16,5,7,3,1,0,6,0.3333333333333333,2.3333333333333335,0.75,0.75,0.0
2025-10-04,2025-2026,Chelsea,Liverpool,1,2,1,12,12,6,2,9,8,7,2,0,0,3,0,1.0,2.0,1.5,0.5,1.0
2025-10-18,2025-2026,Chelsea,Nottingham Forest,0,3,0,17,12,6,2,16,13,2,5,2,1,3,5,2.0,1.0,1.5,0.5,1.0
2025-10-25,2025-2026,Chelsea,Sunderland,1,1,2,16,10,7,4,15,13,9,1,1,0,0,1,2.0,1.0,1.75,1.0,0.75
2025-11-01,2025-2026,Chelsea,Tottenham Hotspur,0,1,0,15,3,9,1,12,14,5,6,2,0,3,2,2.0,1.0,2.25,0.25,2.0
2025-11-08,2025-2026,Chelsea,Wolverhampton Wanderers,1,3,0,20,3,8,0,12,14,10,1,1,0,3,1,2.0,1.0,2.0,0.0,2.0
2020-09-12,2020-2021,Crystal Palace,Southampton,1,1,0,5,9,3,5,14,11,7,3,2,0,3,2,3.0,0.0,0.75,1.25,-0.5
2020-09-19,2020-2021,Crystal Palace,Manchester United,0,3,1,14,13,5,4,10,13,3,9,1,0,3,1,3.0,0.0,1.25,1.0,0.25
2020-09-26,2020-2021,Crystal Palace,Everton,1,1,2,8,10,1,5,16,15,7,6,3,0,0,3,2.0,1.0,0.25,1.25,-1.0
2020-10-03,2020-2021,Crystal Palace,Chelsea,0,0,4,4,17,0,6,13,17,5,8,0,0,0,0,1.0,2.0,0.0,1.5,-1.5
2020-10-18,2020-2021,Crystal Palace,Brighton and Hove Albion,1,1,1,1,20,1,3,13,12,2,5,3,0,1,3,0.3333333333333333,2.3333333333333335,0.25,0.75,-0.5
2020-10-24,2020-2021,Crystal Palace,Fulham,0,2,1,14,16,10,3,11,11,4,4,1,0,3,1,1.3333333333333333,1.3333333333333333,2.5,0.75,1.75
2020-10-30,2020-2021,Crystal Palace,Wolverhampton Wanderers,0,0,2,11,15,2,5,4,13,6,7,2,1,0,5,1.3333333333333333,1.3333333333333333,0.5,1.25,-0.75
2020-11-07,2020-2021,Crystal Palace,Leeds United,1,4,1,10,9,6,3,9,1,3,6,0,0,3,0,2.0,1.0,1.5,0.75,0.75
2020-11-23,2020-2021,Crystal Palace,Burnley,0,0,1,15,10,5,4,9,13,7,4,0,0,0,0,1.0,2.0,1.25,1.0,0.25
2020-11-27,2020-2021,Crystal Palace,Newcastle United,1,0,2,12,14,3,7,9,10,7,3,2,0,0,2,1.0,2.0,0.75,1.75,-1.0
2020-12-06,2020-2021,Crystal Palace,West Brom,0,5,1,18,9,6,4,16,10,6,4,2,0,3,2,1.0,2.0,1.5,1.0,0.5
2020-12-13,2020-2021,Crystal Palace,Tottenham Hotspur,1,1,1,16,14,5,6,15,11,4,7,1,0,1,1,1.3333333333333333,1.3333333333333333,1.25,1.5,-0.25
2020-12-16,2020-2021,Crystal Palace,West Ham United,0,1,1,8,9,2,2,12,8,3,5,1,1,1,4,1.6666666666666667,0.6666666666666666,0.5,0.5,0.0
2020-12-19,2020-2021,Crystal Palace,Liverpool,1,0,7,5,14,3,8,5,11,5,4,1,0,0,1,0.6666666666666666,1.6666666666666667,0.75,2.0,-1.25
2020-12-26,2020-2021,Crystal Palace,Aston Villa,0,0,3,13,21,6,10,16,18,4,4,4,0,0,4,0.3333333333333333,2.3333333333333335,1.5,2.5,-1.0
2020-12-28,2020-2021,Crystal Palace,Leicester City,1,1,1,4,17,1,3,10,7,2,5,0,0,1,0,0.3333333333333333,2.3333333333333335,0.25,0.75,-0.5
2021-01-02,2020-2021,Crystal Palace,Sheffield United,1,2,0,9,7,4,2,8,18,3,6,1,0,3,1,1.3333333333333333,1.3333333333333333,1.0,0.5,0.5
2021-01-14,2020-2021,Crystal Palace,Arsenal,0,0,0,12,11,2,4,11,10,3,7,1,0,1,1,1.6666666666666667,0.6666666666666666,0.5,1.0,-0.5
2021-01-17,2020-2021,Crystal Palace,Manchester City,0,0,4,2,13,0,6,8,9,1,11,0,0,0,0,1.3333333333333333,1.3333333333333333,0.0,1.5,-1.5
2021-01-26,2020-2021,Crystal Palace,West Ham United,1,2,3,6,17,3,7,9,8,3,4,0,0,0,0,0.3333333333333333,2.3333333333333335,0.75,1.75,-1.0
2021-01-30,2020-2021,Crystal Palace,Wolverhampton Wanderers,1,1,0,11,6,2,4,7,10,1,6,1,0,3,1,1.0,2.0,0.5,1.0,-0.5
2021-02-02,2020-2021,Crystal Palace,Newcastle United,0,2,1,6,21,3,5,11,14,1,9,3,0,3,3,2.0,1.0,0.75,1.25,-0.5
2021-02-08,2020-2021,Crystal Palace,Leeds United,0,0,2,8,17,3,7,8,7,3,5,2,0,0,2,2.0,1.0,0.75,1.75,-1.0
2021-02-13,2020-2021,Crystal Palace,Burnley,1,0,3,13,16,3,4,15,14,7,4,0,0,0,0,1.0,2.0,0.75,1.0,-0.25
2021-02-22,2020-2021,Crystal Palace,Brighton and Hove Albion,0,2,1,3,25,2,5,6,11,0,13,0,0,3,0,1.0,2.0,0.5,1.25,-0.75
2021-02-28,2020-2021,Crystal Palace,Fulham,1,0,0,3,16,0,4,10,14,1,3,1,0,1,1,1.3333333333333333,1.3333333333333333,0.0,1.0,-1.0
2021-03-03,2020-2021,Crystal Palace,Manchester United,1,0,0,8,11,2,1,4,13,4,6,1,0,1,1,1.6666666666666667,0.6666666666666666,0.5,0.25,0.25
2021-03-07,2020-2021,Crystal Palace,Tottenham Hotspur,0,1,4,5,12,1,5,17,8,5,1,3,0,0,3,0.6666666666666666,1.6666666666666667,0.25,1.25,-1.0
2021-03-13,2020-2021,Crystal Palace,West Brom,1,1,0,6,12,4,1,16,15,3,2,3,0,3,3,1.3333333333333333,1.3333333333333333,1.0,0.25,0.75
2021-04-05,2020-2021,Crystal Palace,Everton,0,1,1,13,15,6,7,10,10,4,3,0,0,1,0,1.3333333333333333,1.3333333333333333,1.5,1.75,-0.25
2021-04-10,2020-2021,Crystal Palace,Chelsea,1,1,4,1,23,1,10,7,12,0,8,1,0,0,1,1.3333333333333333,1.3333333333333333,0.25,2.5,-2.25
2021-04-26,2020-2021,Crystal Palace,Leicester City,0,1,2,4,13,2,5,12,13,2,7,1,0,0,1,0.3333333333333333,2.3333333333333335,0.5,1.25,-0.75
2021-05-01,2020-2021,Crystal Palace,Manchester City,1,0,2,9,20,4,3,9,10,2,6,2,0,0,2,0.0,3.0,1.0,0.75,0.25
2021-05-08,2020-2021,Crystal Palace,Sheffield United,0,2,0,21,7,8,0,8,11,11,5,1,0,3,1,1.0,2.0,2.0,0.0,2.0
2021-05-11,2020-2021,Crystal Palace,Southampton,0,1,3,11,13,4,6,13,20,8,12,3,0,0,3,1.0,2.0,1.0,1.5,-0.5
2021-05-16,2020-2021,Crystal Palace,Aston Villa,1,3,2,23,19,8,5,23,13,7,7,3,0,3,3,2.0,1.0,2.0,1.25,0.75
2021-05-19,2020-2021,Crystal Palace,Arsenal,1,1,3,12,6,6,3,7,7,6,7,2,0,0,2,1.0,2.0,1.5,0.75,0.75
2021-05-23,2020-2021,Crystal Palace,Liverpool,0,0,2,5,19,4,5,8,10,1,14,2,0,0,2,1.0,2.0,1.0,1.25,-0.25
2021-08-14,2021-2022,Crystal Palace,Chelsea,0,0,3,4,13,1,6,11,15,2,5,0,0,0,0,0.0,3.0,0.25,1.5,-1.25
2021-08-21,2021-2022,Crystal Palace,Brentford,1,0,0,7,14,2,3,12,9,3,5,3,0,1,3,0.3333333333333333,2.3333333333333335,0.5,0.75,-0.25
2021-08-28,2021-2022,Crystal Palace,West Ham United,0,2,2,9,14,2,4,7,10,3,5,0,0,1,0,0.6666666666666666,1.6666666666666667,0.5,1.0,-0.5
2021-09-11,2021-2022,Crystal Palace,Tottenham Hotspur,1,3,0,18,2,4,1,13,15,8,2,2,0,3,2,1.6666666666666667,0.6666666666666666,1.0,0.25,0.75
2021-09-18,2021-2022,Crystal Palace,Liverpool,0,0,3,13,25,2,10,11,17,5,10,1,0,0,1,1.3333333333333333,1.3333333333333333,0.5,2.5,-2.0
2021-09-27,2021-2022,Crystal Palace,Brighton and Hove Albion,1,1,1,8,8,3,4,12,10,6,5,2,0,1,2,1.3333333333333333,1.3333333333333333,0.75,1.0,-0.25
2021-10-03,2021-2022,Crystal Palace,Leicester City,1,2,2,18,9,4,5,15,11,1,3,2,0,1,2,0.6666666666666666,1.6666666666666667,1.0,1.25,-0.25
2021-10-18,2021-2022,Crystal Palace,Arsenal,0,2,2,9,17,6,6,4,7,4,6,1,0,1,1,1.0,1.0,1.5,1.5,0.0
2021-10-23,2021-2022,Crystal Palace,Newcastle United,1,1,1,15,6,3,2,13,9,3,7,3,0,1,3,1.0,1.0,0.75,0.5,0.25
2021-10-30,2021-2022,Crystal Palace,Manchester City,0,2,0,8,14,3,3,11,11,1,7,3,0,3,3,1.6666666666666667,0.6666666666666666,0.75,0.75,0.0
2021-11-06,2021-2022,Crystal Palace,Wolverhampton Wanderers,1,2,0,13,4,6,2,14,13,4,6,2,0,3,2,2.3333333333333335,0.3333333333333333,1.5,0.5,1.0
2021-11-20,2021-2022,Crystal Palace,Burnley,0,3,3,18,15,8,9,15,14,6,3,3,0,1,3,2.3333333333333335,0.3333333333333333,2.0,2.25,-0.25
2021-11-27,2021-2022,Crystal Palace,Aston Villa,1,1,2,8,10,3,3,12,10,7,3,3,0,0,3,1.3333333333333333,1.3333333333333333,0.75,0.75,0.0
2021-11-30,2021-2022,Crystal Palace,Leeds United,0,0,1,9,15,1,3,15,15,4,7,3,0,0,3,0.3333333333333333,2.3333333333333335,0.25,0.75,-0.5
2021-12-05,2021-2022,Crystal Palace,Manchester United,0,0,1,8,16,2,3,9,16,6,9,2,0,0,2,0.0,3.0,0.5,0.75,-0.25
2021-12-12,2021-2022,Crystal Palace,Everton,1,3,1,17,12,6,6,15,14,8,2,0,0,3,0,1.0,2.0,1.5,1.5,0.0
2021-12-15,2021-2022,Crystal Palace,Southampton,1,2,2,9,15,6,4,16,20,4,6,2,0,1,2,1.3333333333333333,1.3333333333333333,1.5,1.0,0.5
2021-12-26,2021-2022,Crystal Palace,Tottenham Hotspur,0,0,3,4,17,0,6,10,16,2,4,1,1,0,4,1.3333333333333333,1.3333333333333333,0.0,1.5,-1.5
2021-12-28,2021-2022,Crystal Palace,Norwich City,1,3,0,19,12,6,3,9,13,8,8,1,0,3,1,1.3333333333333333,1.3333333333333333,1.5,0.75,0.75
2022-01-01,2021-2022,Crystal Palace,West Ham United,1,2,3,22,10,6,5,6,16,9,1,0,0,0,0,1.0,2.0,1.5,1.25,0.25
2022-01-14,2021-2022,Crystal Palace,Brighton and Hove Albion,0,1,1,3,19,1,4,7,11,0,9,2,0,1,2,1.3333333333333333,1.3333333333333333,0.25,1.0,-0.75
2022-01-23,2021-2022,Crystal Palace,Liverpool,1,1,3,8,15,5,7,12,10,2,5,4,0,0,4,0.3333333333333333,2.3333333333333335,1.25,1.75,-0.5
2022-02-09,2021-2022,Crystal Palace,Norwich City,0,1,1,13,5,5,1,15,11,6,4,2,0,1,2,0.6666666666666666,1.6666666666666667,1.25,0.25,1.0
2022-02-12,2021-2022,Crystal Palace,Brentford,0,0,0,6,9,3,2,10,10,9,3,0,0,1,0,0.6666666666666666,1.6666666666666667,0.75,0.5,0.25
2022-02-19,2021-2022,Crystal Palace,Chelsea,1,0,1,7,9,0,3,4,20,4,4,1,0,0,1,0.6666666666666666,1.6666666666666667,0.0,0.75,-0.75
2022-02-23,2021-2022,Crystal Palace,Watford,0,4,1,7,8,5,1,9,12,4,6,1,0,3,1,1.3333333333333333,1.3333333333333333,1.25,0.25,1.0
2022-02-26,2021-2022,Crystal Palace,Burnley,1,1,1,11,5,4,1,5,17,5,4,0,0,1,0,1.3333333333333333,1.3333333333333333,1.0,0.25,0.75
2022-03-05,2021-2022,Crystal Palace,Wolverhampton Wanderers,0,2,0,12,12,8,5,8,13,7,7,3,0,3,3,2.3333333333333335,0.3333333333333333,2.0,1.25,0.75
2022-03-14,2021-2022,Crystal Palace,Manchester City,1,0,0,7,18,1,4,6,11,2,6,3,0,1,3,1.6666666666666667,0.6666666666666666,0.25,1.0,-0.75
2022-04-04,2021-2022,Crystal Palace,Arsenal,1,3,0,6,12,5,3,11,15,0,2,0,0,3,0,2.3333333333333335,0.3333333333333333,1.25,0.75,0.5
2022-04-10,2021-2022,Crystal Palace,Leicester City,0,1,2,11,12,3,3,12,11,4,3,1,0,0,1,1.3333333333333333,1.3333333333333333,0.75,0.75,0.0
2022-04-20,2021-2022,Crystal Palace,Newcastle United,0,0,1,10,13,2,4,12,12,5,2,1,0,0,1,1.0,2.0,0.5,1.0,-0.5
2022-04-25,2021-2022,Crystal Palace,Leeds United,1,0,0,17,9,7,2,12,13,6,3,2,0,1,2,0.3333333333333333,2.3333333333333335,1.75,0.5,1.25
2022-04-30,2021-2022,Crystal Palace,Southampton,0,2,1,14,8,5,3,11,13,7,6,3,0,3,3,1.3333333333333333,1.3333333333333333,1.25,0.75,0.5
2022-05-07,2021-2022,Crystal Palace,Watford,1,1,0,15,6,7,1,11,18,8,5,2,0,3,2,2.3333333333333335,0.3333333333333333,1.75,0.25,1.5
2022-05-15,2021-2022,Crystal Palace,Aston Villa,0,1,1,16,13,4,4,15,11,5,1,3,0,1,3,2.3333333333333335,0.3333333333333333,1.0,1.0,0.0
2022-05-19,2021-2022,Crystal Palace,Everton,0,2,3,7,12,5,6,13,9,5,4,3,0,0,3,1.3333333333333333,1.3333333333333333,1.25,1.5,-0.25
2022-05-22,2021-2022,Crystal Palace,Manchester United,1,1,0,6,10,3,4,12,22,3,6,2,0,3,2,1.3333333333333333,1.3333333333333333,0.75,1.0,-0.25
2022-08-05,2022-2023,Crystal Palace,Arsenal,1,0,2,10,10,2,2,16,11,3,5,1,0,0,1,1.0,2.0,0.5,0.5,0.0
2022-08-15,2022-2023,Crystal Palace,Liverpool,0,1,1,7,24,3,4,8,7,2,4,4,0,1,4,1.3333333333333333,1.3333333333333333,0.75,1.0,-0.25
2022-08-20,2022-2023,Crystal Palace,Aston Villa,1,3,1,17,13,9,5,16,14,4,2,2,0,3,2,1.3333333333333333,1.3333333333333333,2.25,1.25,1.0
2022-08-27,2022-2023,Crystal Palace,Manchester City,0,2,4,2,18,2,5,8,14,1,6,2,0,0,2,1.3333333333333333,1.3333333333333333,0.5,1.25,-0.75
2022-08-30,2022-2023,Crystal Palace,Brentford,1,1,1,13,9,4,3,11,8,4,6,1,0,1,1,1.3333333333333333,1.3333333333333333,1.0,0.75,0.25
2022-09-03,2022-2023,Crystal Palace,Newcastle United,0,0,0,19,23,9,6,12,19,5,13,1,0,1,1,0.6666666666666666,1.6666666666666667,2.25,1.5,0.75
2022-10-01,2022-2023,Crystal Palace,Chelsea,1,1,2,7,13,3,3,11,13,5,2,1,0,0,1,0.6666666666666666,1.6666666666666667,0.75,0.75,0.0
2022-10-09,2022-2023,Crystal Palace,Leeds United,1,2,1,13,10,5,4,13,23,5,3,3,0,3,3,1.3333333333333333,1.3333333333333333,1.25,1.0,0.25
2022-10-15,2022-2023,Crystal Palace,Leicester City,0,0,0,8,14,1,5,13,18,2,9,2,0,1,2,1.3333333333333333,1.3333333333333333,0.25,1.25,-1.0
2022-10-18,2022-2023,Crystal Palace,Wolverhampton Wanderers,1,2,1,14,10,4,4,14,18,4,3,3,0,3,3,2.3333333333333335,0.3333333333333333,1.0,1.0,0.0
2022-10-22,2022-2023,Crystal Palace,Everton,0,0,3,9,9,2,6,14,16,4,3,4,0,0,4,1.3333333333333333,1.3333333333333333,0.5,1.5,-1.0
2022-10-29,2022-2023,Crystal Palace,Southampton,1,1,0,12,14,3,4,13,12,8,4,3,0,3,3,2.0,1.0,0.75,1.0,-0.25
2022-11-06,2022-2023,Crystal Palace,West Ham United,0,2,1,15,5,6,2,7,10,5,2,1,0,3,1,2.0,1.0,1.5,0.5,1.0
2022-11-12,2022-2023,Crystal Palace,Nottingham Forest,0,0,1,8,9,0,2,13,11,5,1,4,0,0,4,2.0,1.0,0.0,0.5,-0.5
2022-12-26,2022-2023,Crystal Palace,Fulham,1,0,3,4,23,0,11,12,15,1,8,0,2,0,6,1.0,2.0,0.0,2.75,-2.75
2022-12-31,2022-2023,Crystal Palace,Bournemouth,0,2,0,15,6,6,2,11,17,7,2,1,0,3,1,1.0,2.0,1.5,0.5,1.0
2023-01-04,2022-2023,Crystal Palace,Tottenham Hotspur,1,0,4,19,14,4,6,11,8,10,4,1,0,0,1,1.0,2.0,1.0,1.5,-0.5
2023-01-15,2022-2023,Crystal Palace,Chelsea,0,0,1,10,15,5,5,17,10,7,11,5,0,0,5,1.0,2.0,1.25,1.25,0.0
2023-01-18,2022-2023,Crystal Palace,Manchester United,1,1,1,10,15,5,4,9,10,3,3,1,0,1,1,0.3333333333333333,2.3333333333333335,1.25,1.0,0.25
2023-01-21,2022-2023,Crystal Palace,Newcastle United,1,0,0,6,16,1,7,13,7,3,15,4,0,1,4,0.6666666666666666,1.6666666666666667,0.25,1.75,-1.5
2023-02-04,2022-2023,Crystal Palace,Manchester United,0,1,2,10,14,3,5,9,9,5,5,2,0,0,2,0.6666666666666666,1.6666666666666667,0.75,1.25,-0.5
2023-02-11,2022-2023,Crystal Palace,Brighton and Hove Albion,1,1,1,6,17,1,7,10,11,1,6,4,0,1,4,0.6666666666666666,1.6666666666666667,0.25,1.75,-1.5
2023-02-18,2022-2023,Crystal Palace,Brentford,0,1,1,10,12,4,5,8,10,6,2,2,0,1,2,0.6666666666666666,1.6666666666666667,1.0,1.25,-0.25
2023-02-25,2022-2023,Crystal Palace,Liverpool,1,0,0,6,12,0,4,11,14,5,3,2,0,1,2,1.0,1.0,0.0,1.0,-1.0
2023-03-04,2022-2023,Crystal Palace,Aston Villa,0,0,1,3,8,0,1,17,14,4,2,3,1,0,6,0.6666666666666666,1.6666666666666667,0.0,0.25,-0.25
2023-03-11,2022-2023,Crystal Palace,Manchester City,1,0,1,4,14,0,4,11,17,2,6,2,0,0,2,0.3333333333333333,2.3333333333333335,0.0,1.0,-1.0
2023-03-15,2022-2023,Crystal Palace,Brighton and Hove Albion,0,0,1,11,11,3,5,20,13,4,1,2,0,0,2,0.0,3.0,0.75,1.25,-0.5
2023-03-19,2022-2023,Crystal Palace,Arsenal,0,1,4,8,15,4,5,10,8,4,5,1,0,0,1,0.0,3.0,1.0,1.25,-0.25
2023-04-01,2022-2023,Crystal Palace,Leicester City,1,2,1,31,3,9,2,12,16,10,1,3,0,3,3,1.0,2.0,2.25,0.5,1.75
2023-04-09,2022-2023,Crystal Palace,Leeds United,0,5,1,16,11,8,7,8,11,4,2,1,0,3,1,2.0,1.0,2.0,1.75,0.25
2023-04-15,2022-2023,Crystal Palace,Southampton,0,2,0,9,11,2,4,13,6,2,6,1,0,3,1,3.0,0.0,0.5,1.0,-0.5
2023-04-22,2022-2023,Crystal Palace,Everton,1,0,0,12,10,2,5,12,14,8,1,1,0,1,1,2.3333333333333335,0.3333333333333333,0.5,1.25,-0.75
2023-04-25,2022-2023,Crystal Palace,Wolverhampton Wanderers,0,0,2,14,9,4,3,14,13,11,6,4,0,0,4,1.3333333333333333,1.3333333333333333,1.0,0.75,0.25
2023-04-29,2022-2023,Crystal Palace,West Ham United,1,4,3,16,8,6,4,9,17,8,5,1,0,3,1,1.3333333333333333,1.3333333333333333,1.5,1.0,0.5
2023-05-06,2022-2023,Crystal Palace,Tottenham Hotspur,0,0,1,7,8,2,3,14,15,4,8,5,0,0,5,1.0,2.0,0.5,0.75,-0.25
2023-05-13,2022-2023,Crystal Palace,Bournemouth,1,2,0,17,5,5,0,5,12,11,2,0,0,3,0,2.0,1.0,1.25,0.0,1.25
2023-05-20,2022-2023,Crystal Palace,Fulham,0,2,2,11,11,5,4,12,13,4,7,0,0,1,0,1.3333333333333333,1.3333333333333333,1.25,1.0,0.25
2023-05-28,2022-2023,Crystal Palace,Nottingham Forest,1,1,1,16,7,4,4,9,13,5,4,0,0,1,0,1.6666666666666667,0.6666666666666666,1.0,1.0,0.0
2023-08-12,2023-2024,Crystal Palace,Sheffield United,0,1,0,24,8,8,1,11,18,5,5,0,0,3,0,1.6666666666666667,0.6666666666666666,2.0,0.25,1.75
2023-08-21,2023-2024,Crystal Palace,Arsenal,1,0,1,14,14,2,3,14,10,1,8,2,0,0,2,1.3333333333333333,1.3333333333333333,0.5,0.75,-0.25
2023-08-26,2023-2024,Crystal Palace,Brentford,0,1,1,15,12,5,1,15,9,6,8,0,0,1,0,1.3333333333333333,1.3333333333333333,1.25,0.25,1.0
2023-09-03,2023-2024,Crystal Palace,Wolverhampton Wanderers,1,3,2,16,12,11,4,12,12,4,2,1,0,3,1,1.3333333333333333,1.3333333333333333,2.75,1.0,1.75
2023-09-16,2023-2024,Crystal Palace,Aston Villa,0,1,3,6,16,3,5,9,13,2,4,3,0,0,3,1.3333333333333333,1.3333333333333333,0.75,1.25,-0.5
2023-09-23,2023-2024,Crystal Palace,Fulham,1,0,0,7,10,3,5,10,15,3,2,3,0,1,3,1.3333333333333333,1.3333333333333333,0.75,1.25,-0.5
2023-09-30,2023-2024,Crystal Palace,Manchester United,0,1,0,8,19,2,4,8,10,4,10,2,0,3,2,1.3333333333333333,1.3333333333333333,0.5,1.0,-0.5
2023-10-07,2023-2024,Crystal Palace,Nottingham Forest,1,0,0,8,16,2,5,7,12,3,7,0,0,1,0,1.6666666666666667,0.6666666666666666,0.5,1.25,-0.75
2023-10-21,2023-2024,Crystal Palace,Newcastle United,0,0,4,17,10,3,7,12,7,8,6,3,0,0,3,1.3333333333333333,1.3333333333333333,0.75,1.75,-1.0
2023-10-27,2023-2024,Crystal Palace,Tottenham Hotspur,1,1,2,13,10,3,1,19,11,11,2,2,0,0,2,0.3333333333333333,2.3333333333333335,0.75,0.25,0.5
2023-11-04,2023-2024,Crystal Palace,Burnley,0,2,0,4,17,3,5,12,9,1,12,5,0,3,5,1.0,2.0,0.75,1.25,-0.5
2023-11-11,2023-2024,Crystal Palace,Everton,1,2,3,13,8,4,4,9,18,9,2,1,0,0,1,1.0,2.0,1.0,1.0,0.0
2023-11-25,2023-2024,Crystal Palace,Luton Town,0,1,2,16,8,8,3,12,15,5,4,1,0,0,1,1.0,2.0,2.0,0.75,1.25
2023-12-03,2023-2024,Crystal Palace,West Ham United,0,1,1,9,9,2,3,7,17,3,2,0,0,1,0,0.3333333333333333,2.3333333333333335,0.5,0.75,-0.25
2023-12-06,2023-2024,Crystal Palace,Bournemouth,1,0,2,16,11,3,4,10,17,3,9,1,0,0,1,0.3333333333333333,2.3333333333333335,0.75,1.0,-0.25
2023-12-09,2023-2024,Crystal Palace,Liverpool,1,1,2,8,14,4,2,17,17,6,5,5,1,0,8,0.3333333333333333,2.3333333333333335,1.0,0.5,0.5
2023-12-16,2023-2024,Crystal Palace,Manchester City,0,2,2,5,19,2,9,9,12,1,6,1,0,1,1,0.3333333333333333,2.3333333333333335,0.5,2.25,-1.75
2023-12-21,2023-2024,Crystal Palace,Brighton and Hove Albion,1,1,1,11,18,3,6,12,11,3,1,5,0,1,5,0.6666666666666666,1.6666666666666667,0.75,1.5,-0.75
2023-12-27,2023-2024,Crystal Palace,Chelsea,0,1,2,13,9,5,4,16,13,3,4,2,0,0,2,0.6666666666666666,1.6666666666666667,1.25,1.0,0.25
2023-12-30,2023-2024,Crystal Palace,Brentford,1,3,1,13,9,6,4,14,10,7,4,0,0,3,0,1.3333333333333333,1.3333333333333333,1.5,1.0,0.5
2024-01-20,2023-2024,Crystal Palace,Arsenal,0,0,5,12,21,5,6,12,8,7,6,0,0,0,0,1.0,2.0,1.25,1.5,-0.25
2024-01-30,2023-2024,Crystal Palace,Sheffield United,1,3,2,12,9,4,5,8,18,11,1,1,0,3,1,2.0,1.0,1.0,1.25,-0.25
2024-02-03,2023-2024,Crystal Palace,Brighton and Hove Albion,0,1,4,7,13,5,6,14,8,2,3,3,0,0,3,1.0,2.0,1.25,1.5,-0.25
2024-02-12,2023-2024,Crystal Palace,Chelsea,1,1,3,13,14,4,5,14,7,1,7,2,0,0,2,1.0,2.0,1.0,1.25,-0.25
2024-02-19,2023-2024,Crystal Palace,Everton,0,1,1,10,19,4,4,12,8,6,3,2,0,1,2,0.3333333333333333,2.3333333333333335,1.0,1.0,0.0
2024-02-24,2023-2024,Crystal Palace,Burnley,1,3,0,15,2,6,0,8,13,12,3,3,0,3,3,1.3333333333333333,1.3333333333333333,1.5,0.0,1.5
2024-03-02,2023-2024,Crystal Palace,Tottenham Hotspur,0,1,3,4,14,1,6,16,7,1,11,2,0,0,2,1.3333333333333333,1.3333333333333333,0.25,1.5,-1.25
2024-03-09,2023-2024,Crystal Palace,Luton Town,1,1,1,21,8,4,2,20,11,8,6,2,0,1,2,1.3333333333333333,1.3333333333333333,1.0,0.5,0.5
2024-03-30,2023-2024,Crystal Palace,Nottingham Forest,0,1,1,10,12,3,5,12,14,6,4,1,0,1,1,0.6666666666666666,1.6666666666666667,0.75,1.25,-0.5
2024-04-02,2023-2024,Crystal Palace,Bournemouth,0,0,1,3,11,2,6,14,13,2,9,2,0,0,2,0.6666666666666666,1.6666666666666667,0.5,1.5,-1.0
2024-04-06,2023-2024,Crystal Palace,Manchester City,1,2,4,7,18,4,8,13,3,2,9,1,0,0,1,0.3333333333333333,2.3333333333333335,1.0,2.0,-1.0
2024-04-14,2023-2024,Crystal Palace,Liverpool,0,1,0,8,21,5,6,10,10,1,11,1,0,3,1,1.0,2.0,1.25,1.5,-0.25
2024-04-21,2023-2024,Crystal Palace,West Ham United,1,5,2,18,4,7,1,9,9,4,0,3,0,3,3,2.0,1.0,1.75,0.25,1.5
2024-04-24,2023-2024,Crystal Palace,Newcastle United,1,2,0,20,7,7,2,10,15,7,2,3,0,3,3,3.0,0.0,1.75,0.5,1.25
2024-04-27,2023-2024,Crystal Palace,Fulham,0,1,1,14,9,4,2,15,11,9,5,2,0,1,2,2.3333333333333335,0.3333333333333333,1.0,0.5,0.5
2024-05-06,2023-2024,Crystal Palace,Manchester United,1,4,0,18,7,10,2,12,8,6,3,1,0,3,1,2.3333333333333335,0.3333333333333333,2.5,0.5,2.0
2024-05-11,2023-2024,Crystal Palace,Wolverhampton Wanderers,0,3,1,13,13,3,7,12,13,3,8,2,1,3,5,2.3333333333333335,0.3333333333333333,0.75,1.75,-1.0
2024-05-19,2023-2024,Crystal Palace,Aston Villa,1,5,0,15,8,9,2,10,8,2,4,1,0,3,1,3.0,0.0,2.25,0.5,1.75
2024-08-18,2024-2025,Crystal Palace,Brentford,0,1,2,14,9,6,5,15,6,7,4,5,0,0,5,2.0,1.0,1.5,1.25,0.25
2024-08-24,2024-2025,Crystal Palace,West Ham United,1,0,2,14,18,2,3,9,17,3,3,1,0,0,1,1.0,2.0,0.5,0.75,-0.25
2024-09-01,2024-2025,Crystal Palace,Chelsea,0,1,1,9,13,3,7,13,9,5,4,2,0,1,2,0.3333333333333333,2.3333333333333335,0.75,1.75,-1.0
2024-09-14,2024-2025,Crystal Palace,Leicester City,1,2,2,20,9,4,4,11,15,5,2,0,0,1,0,0.6666666666666666,1.6666666666666667,1.0,1.0,0.0
2024-09-21,2024-2025,Crystal Palace,Manchester United,1,0,0,9,15,4,6,7,12,4,11,3,0,1,3,1.0,1.0,1.0,1.5,-0.5
2024-09-28,2024-2025,Crystal Palace,Everton,0,1,2,17,8,5,2,11,13,8,5,1,0,0,1,0.6666666666666666,1.6666666666666667,1.25,0.5,0.75
2024-10-05,2024-2025,Crystal Palace,Liverpool,1,0,1,9,16,5,4,7,15,3,8,4,0,0,4,0.3333333333333333,2.3333333333333335,1.25,1.0,0.25
2024-10-21,2024-2025,Crystal Palace,Nottingham Forest,0,0,1,20,20,7,6,12,9,6,6,3,0,0,3,0.0,3.0,1.75,1.5,0.25
2024-10-27,2024-2025,Crystal Palace,Tottenham Hotspur,1,1,0,14,11,6,3,16,12,8,8,4,0,3,4,1.0,2.0,1.5,0.75,0.75
2024-11-02,2024-2025,Crystal Palace,Wolverhampton Wanderers,0,2,2,19,11,7,6,9,7,6,3,2,0,1,2,1.3333333333333333,1.3333333333333333,1.75,1.5,0.25
2024-11-09,2024-2025,Crystal Palace,Fulham,1,0,2,13,17,5,7,10,11,1,8,1,1,0,4,1.3333333333333333,1.3333333333333333,1.25,1.75,-0.5
2024-11-23,2024-2025,Crystal Palace,Aston Villa,0,2,2,13,17,6,5,11,10,1,10,2,0,1,2,0.6666666666666666,1.6666666666666667,1.5,1.25,0.25
2024-11-30,2024-2025,Crystal Palace,Newcastle United,1,1,1,16,1,4,0,12,11,8,9,3,0,1,3,0.6666666666666666,1.6666666666666667,1.0,0.0,1.0
2024-12-03,2024-2025,Crystal Palace,Ipswich Town,0,1,0,13,9,3,2,13,14,7,4,4,0,3,4,1.6666666666666667,0.6666666666666666,0.75,0.5,0.25
2024-12-07,2024-2025,Crystal Palace,Manchester City,1,2,2,12,12,3,4,4,10,6,8,1,0,1,1,1.6666666666666667,0.6666666666666666,0.75,1.0,-0.25
2024-12-15,2024-2025,Crystal Palace,Brighton and Hove Albion,0,3,1,13,17,5,5,15,11,5,8,4,0,3,4,2.3333333333333335,0.3333333333333333,1.25,1.25,0.0
2024-12-21,2024-2025,Crystal Palace,Arsenal,1,1,5,15,14,6,6,9,8,3,3,2,0,0,2,1.3333333333333333,1.3333333333333333,1.5,1.5,0.0
2024-12-26,2024-2025,Crystal Palace,Bournemouth,0,0,0,10,18,4,4,12,13,2,5,2,0,1,2,1.3333333333333333,1.3333333333333333,1.0,1.0,0.0
2024-12-29,2024-2025,Crystal Palace,Southampton,1,2,1,19,7,10,3,18,19,8,7,2,0,3,2,1.3333333333333333,1.3333333333333333,2.5,0.75,1.75
2025-01-04,2024-2025,Crystal Palace,Chelsea,1,1,1,13,15,6,1,9,12,6,6,0,0,1,0,1.6666666666666667,0.6666666666666666,1.5,0.25,1.25
2025-01-15,2024-2025,Crystal Palace,Leicester City,0,2,0,9,21,4,4,6,7,3,4,0,0,3,0,2.3333333333333335,0.3333333333333333,1.0,1.0,0.0
2025-01-18,2024-2025,Crystal Palace,West Ham United,0,2,0,12,7,7,0,10,13,4,2,0,0,3,0,2.3333333333333335,0.3333333333333333,1.75,0.0,1.75
2025-01-26,2024-2025,Crystal Palace,Brentford,1,1,2,16,13,5,6,8,11,4,7,2,0,0,2,2.0,1.0,1.25,1.5,-0.25
2025-02-02,2024-2025,Crystal Palace,Manchester United,0,2,0,11,17,3,2,13,12,0,11,1,0,3,1,2.0,1.0,0.75,0.5,0.25
2025-02-15,2024-2025,Crystal Palace,Everton,1,1,2,17,11,6,6,9,12,6,2,0,0,0,0,1.0,2.0,1.5,1.5,0.0
2025-02-22,2024-2025,Crystal Palace,Fulham,0,2,0,10,10,5,0,7,10,7,7,3,0,3,3,2.0,1.0,1.25,0.0,1.25
2025-02-25,2024-2025,Crystal Palace,Aston Villa,1,4,1,19,6,6,2,19,10,3,8,3,0,3,3,2.0,1.0,1.5,0.5,1.0
2025-03-08,2024-2025,Crystal Palace,Ipswich Town,1,1,0,19,15,4,8,8,7,5,4,4,0,3,4,3.0,0.0,1.0,2.0,-1.0
2025-04-02,2024-2025,Crystal Palace,Southampton,0,1,1,9,8,3,2,9,14,2,2,1,0,1,1,2.3333333333333335,0.3333333333333333,0.75,0.5,0.25
2025-04-05,2024-2025,Crystal Palace,Brighton and Hove Albion,1,2,1,8,11,3,5,12,13,2,4,0,2,3,6,2.3333333333333335,0.3333333333333333,0.75,1.25,-0.5
2025-04-12,2024-2025,Crystal Palace,Manchester City,0,2,5,8,21,3,9,16,10,4,1,3,0,0,3,1.3333333333333333,1.3333333333333333,0.75,2.25,-1.5
2025-04-16,2024-2025,Crystal Palace,Newcastle United,0,0,5,11,14,4,7,15,9,4,5,3,0,0,3,1.0,2.0,1.0,1.75,-0.75
2025-04-19,2024-2025,Crystal Palace,Bournemouth,1,0,0,5,15,0,4,13,10,5,4,3,1,1,6,0.3333333333333333,2.3333333333333335,0.0,1.0,-1.0
2025-04-23,2024-2025,Crystal Palace,Arsenal,0,2,2,15,12,4,6,6,4,6,3,1,0,1,1,0.6666666666666666,1.6666666666666667,1.0,1.5,-0.5
2025-05-05,2024-2025,Crystal Palace,Nottingham Forest,1,1,1,20,12,3,4,9,15,7,4,3,0,1,3,1.0,1.0,0.75,1.0,-0.25
2025-05-11,2024-2025,Crystal Palace,Tottenham Hotspur,0,2,0,23,8,10,1,10,12,8,4,1,0,3,1,1.6666666666666667,0.6666666666666666,2.5,0.25,2.25
2025-05-20,2024-2025,Crystal Palace,Wolverhampton Wanderers,1,4,2,14,12,10,3,14,8,0,10,1,0,3,1,2.3333333333333335,0.3333333333333333,2.5,0.75,1.75
2025-05-25,2024-2025,Crystal Palace,Liverpool,0,1,1,8,14,5,3,10,7,0,11,0,0,1,0,2.3333333333333335,0.3333333333333333,1.25,0.75,0.5
2025-08-17,2025-2026,Crystal Palace,Chelsea,0,0,0,12,19,4,3,12,10,2,11,3,0,1,3,1.6666666666666667,0.6666666666666666,1.0,0.75,0.25
2025-08-24,2025-2026,Crystal Palace,Nottingham Forest,1,1,1,8,9,4,1,11,11,1,3,3,0,1,3,1.0,1.0,1.0,0.25,0.75
2025-08-31,2025-2026,Crystal Palace,Aston Villa,0,3,0,6,13,4,4,14,7,1,10,3,0,3,3,1.6666666666666667,0.6666666666666666,1.0,1.0,0.0
2025-09-13,2025-2026,Crystal Palace,Sunderland,1,0,0,14,6,6,0,10,8,5,3,1,0,1,1,1.6666666666666667,0.6666666666666666,1.5,0.0,1.5
2025-09-20,2025-2026,Crystal Palace,West Ham United,0,2,1,18,8,3,3,5,15,8,8,3,0,3,3,2.3333333333333335,0.3333333333333333,0.75,0.75,0.0
2025-09-27,2025-2026,Crystal Palace,Liverpool,1,2,1,16,20,7,4,10,8,2,6,1,0,3,1,2.3333333333333335,0.3333333333333333,1.75,1.0,0.75
2025-10-05,2025-2026,Crystal Palace,Everton,0,1,2,15,14,8,7,16,13,4,2,3,0,0,3,2.0,1.0,2.0,1.75,0.25
2025-10-18,2025-2026,Crystal Palace,Bournemouth,1,3,3,20,8,7,5,8,16,6,5,1,0,1,1,1.3333333333333333,1.3333333333333333,1.75,1.25,0.5
2025-10-26,2025-2026,Crystal Palace,Arsenal,0,0,1,7,10,1,3,11,6,3,4,0,0,0,0,0.3333333333333333,2.3333333333333335,0.25,0.75,-0.5
2025-11-01,2025-2026,Crystal Palace,Brentford,1,2,0,9,6,2,2,7,11,6,5,0,0,3,0,1.3333333333333333,1.3333333333333333,0.5,0.5,0.0
2025-11-09,2025-2026,Crystal Palace,Brighton and Hove Albion,1,0,0,10,7,2,3,10,12,4,8,1,0,1,1,1.3333333333333333,1.3333333333333333,0.5,0.75,-0.25
2020-09-13,2020-2021,Everton,Tottenham Hotspur,0,1,0,15,9,4,5,7,15,3,5,0,0,3,0,3.0,0.0,1.0,1.25,-0.25
2020-09-19,2020-2021,Everton,West Brom,1,5,2,17,6,7,4,9,11,11,1,1,0,3,1,3.0,0.0,1.75,1.0,0.75
2020-09-26,2020-2021,Everton,Crystal Palace,0,2,1,10,8,5,1,15,16,6,7,1,0,3,1,3.0,0.0,1.25,0.25,1.0
2020-10-03,2020-2021,Everton,Brighton and Hove Albion,1,4,2,11,11,6,3,13,14,3,10,0,0,3,0,3.0,0.0,1.5,0.75,0.75
2020-10-17,2020-2021,Everton,Liverpool,1,2,2,11,22,5,8,15,9,2,5,3,1,1,6,2.3333333333333335,0.3333333333333333,1.25,2.0,-0.75
2020-10-25,2020-2021,Everton,Southampton,0,0,2,6,12,2,6,11,11,5,4,2,1,0,5,1.3333333333333333,1.3333333333333333,0.5,1.5,-1.0
2020-11-01,2020-2021,Everton,Newcastle United,0,1,2,15,11,4,4,10,9,4,5,4,0,0,4,0.3333333333333333,2.3333333333333335,1.0,1.0,0.0
2020-11-07,2020-2021,Everton,Manchester United,1,1,3,7,13,1,5,12,19,5,2,4,0,0,4,0.0,3.0,0.25,1.25,-1.0
2020-11-22,2020-2021,Everton,Fulham,0,3,2,9,14,7,6,10,14,5,2,0,0,3,0,1.0,2.0,1.75,1.5,0.25
2020-11-28,2020-2021,Everton,Leeds United,1,0,1,15,23,8,7,8,14,4,2,1,0,0,1,1.0,2.0,2.0,1.75,0.25
2020-12-05,2020-2021,Everton,Burnley,0,1,1,13,8,6,3,9,6,4,8,0,0,1,0,1.3333333333333333,1.3333333333333333,1.5,0.75,0.75
2020-12-12,2020-2021,Everton,Chelsea,1,1,0,9,10,4,3,10,11,6,6,2,0,3,2,1.3333333333333333,1.3333333333333333,1.0,0.75,0.25
2020-12-16,2020-2021,Everton,Leicester City,0,2,0,11,14,6,2,9,12,6,4,3,0,3,3,2.3333333333333335,0.3333333333333333,1.5,0.5,1.0
2020-12-19,2020-2021,Everton,Arsenal,1,2,1,9,13,2,2,9,9,4,3,1,0,3,1,3.0,0.0,0.5,0.5,0.0
2020-12-26,2020-2021,Everton,Sheffield United,0,1,0,7,10,3,2,10,11,3,6,4,0,3,4,3.0,0.0,0.75,0.5,0.25
2021-01-01,2020-2021,Everton,West Ham United,1,0,1,10,11,2,5,9,7,5,4,2,0,0,2,2.0,1.0,0.5,1.25,-0.75
2021-01-12,2020-2021,Everton,Wolverhampton Wanderers,0,2,1,5,12,3,3,11,6,5,6,2,0,3,2,2.0,1.0,0.75,0.75,0.0
2021-01-27,2020-2021,Everton,Leicester City,1,1,1,8,19,2,6,12,10,5,11,1,0,1,1,1.3333333333333333,1.3333333333333333,0.5,1.5,-1.0
2021-01-30,2020-2021,Everton,Newcastle United,1,0,2,11,13,3,3,13,6,7,12,3,0,0,3,1.3333333333333333,1.3333333333333333,0.75,0.75,0.0
2021-02-03,2020-2021,Everton,Leeds United,0,2,1,10,16,6,7,12,12,1,7,3,0,3,3,1.3333333333333333,1.3333333333333333,1.5,1.75,-0.25
2021-02-06,2020-2021,Everton,Manchester United,0,3,3,6,14,3,5,10,14,1,5,1,0,1,1,1.3333333333333333,1.3333333333333333,0.75,1.25,-0.5
2021-02-14,2020-2021,Everton,Fulham,1,0,2,7,12,2,3,7,16,5,4,1,0,0,1,1.3333333333333333,1.3333333333333333,0.5,0.75,-0.25
2021-02-17,2020-2021,Everton,Manchester City,1,1,3,3,16,2,7,8,8,0,10,2,0,0,2,0.3333333333333333,2.3333333333333335,0.5,1.75,-1.25
2021-02-20,2020-2021,Everton,Liverpool,0,2,0,9,15,6,6,10,10,2,7,1,0,3,1,1.0,2.0,1.5,1.5,0.0
2021-03-01,2020-2021,Everton,Southampton,1,1,0,7,9,1,1,13,9,4,10,0,0,3,0,2.0,1.0,0.25,0.25,0.0
2021-03-04,2020-2021,Everton,West Brom,0,1,0,11,11,3,3,7,9,3,3,1,0,3,1,3.0,0.0,0.75,0.75,0.0
2021-03-08,2020-2021,Everton,Chelsea,0,0,2,7,19,1,9,12,11,3,7,3,0,0,3,2.0,1.0,0.25,2.25,-2.0
2021-03-13,2020-2021,Everton,Burnley,1,1,2,14,14,4,5,9,6,7,4,0,0,0,0,1.0,2.0,1.0,1.25,-0.25
2021-04-05,2020-2021,Everton,Crystal Palace,1,1,1,15,13,7,6,10,10,3,4,2,0,1,2,0.3333333333333333,2.3333333333333335,1.75,1.5,0.25
2021-04-12,2020-2021,Everton,Brighton and Hove Albion,0,0,0,8,23,1,3,7,12,3,10,2,0,1,2,0.6666666666666666,1.6666666666666667,0.25,0.75,-0.5
2021-04-16,2020-2021,Everton,Tottenham Hotspur,1,2,2,18,12,7,3,8,8,6,3,1,0,1,1,1.0,1.0,1.75,0.75,1.0
2021-04-23,2020-2021,Everton,Arsenal,0,1,0,8,14,1,3,10,13,3,7,3,0,3,3,1.6666666666666667,0.6666666666666666,0.25,0.75,-0.5
2021-05-01,2020-2021,Everton,Aston Villa,1,1,2,16,13,3,5,10,13,3,6,0,0,0,0,1.3333333333333333,1.3333333333333333,0.75,1.25,-0.5
2021-05-09,2020-2021,Everton,West Ham United,0,1,0,9,11,3,0,10,8,6,5,1,0,3,1,2.0,1.0,0.75,0.0,0.75
2021-05-13,2020-2021,Everton,Aston Villa,0,0,0,15,13,5,2,12,9,1,9,0,0,1,0,1.3333333333333333,1.3333333333333333,1.25,0.5,0.75
2021-05-16,2020-2021,Everton,Sheffield United,1,0,1,16,10,6,3,8,12,11,4,1,0,0,1,1.3333333333333333,1.3333333333333333,1.5,0.75,0.75
2021-05-19,2020-2021,Everton,Wolverhampton Wanderers,1,1,0,14,9,4,3,11,11,7,12,0,0,3,0,1.3333333333333333,1.3333333333333333,1.0,0.75,0.25
2021-05-23,2020-2021,Everton,Manchester City,0,0,5,8,21,3,11,10,8,5,7,2,0,0,2,1.0,2.0,0.75,2.75,-2.0
2021-08-14,2021-2022,Everton,Southampton,1,3,1,14,6,6,3,13,15,6,8,2,0,3,2,2.0,1.0,1.5,0.75,0.75
2021-08-21,2021-2022,Everton,Leeds United,0,2,2,17,17,8,4,13,6,5,8,4,0,1,4,1.3333333333333333,1.3333333333333333,2.0,1.0,1.0
2021-08-28,2021-2022,Everton,Brighton and Hove Albion,0,2,0,14,14,5,3,9,7,5,4,2,0,3,2,2.3333333333333335,0.3333333333333333,1.25,0.75,0.5
2021-09-13,2021-2022,Everton,Burnley,1,3,1,14,11,6,6,3,6,4,6,1,0,3,1,2.3333333333333335,0.3333333333333333,1.5,1.5,0.0
2021-09-18,2021-2022,Everton,Aston Villa,0,0,3,11,15,1,3,10,7,4,5,1,0,0,1,2.0,1.0,0.25,0.75,-0.5
2021-09-25,2021-2022,Everton,Norwich City,1,2,0,11,10,4,2,12,9,6,4,2,0,3,2,2.0,1.0,1.0,0.5,0.5
2021-10-02,2021-2022,Everton,Manchester United,0,1,1,12,13,2,6,9,10,1,10,1,0,1,1,1.3333333333333333,1.3333333333333333,0.5,1.5,-1.0
2021-10-17,2021-2022,Everton,West Ham United,1,0,1,15,16,2,4,3,3,7,9,0,0,0,0,1.3333333333333333,1.3333333333333333,0.5,1.0,-0.5
2021-10-23,2021-2022,Everton,Watford,1,2,5,15,20,4,8,9,13,3,5,4,0,0,4,0.3333333333333333,2.3333333333333335,1.0,2.0,-1.0
2021-11-01,2021-2022,Everton,Wolverhampton Wanderers,0,1,2,14,10,5,4,8,10,3,4,1,0,0,1,0.0,3.0,1.25,1.0,0.25
2021-11-07,2021-2022,Everton,Tottenham Hotspur,1,0,0,12,8,2,0,13,17,4,2,2,1,1,5,0.3333333333333333,2.3333333333333335,0.5,0.0,0.5
2021-11-21,2021-2022,Everton,Manchester City,0,0,3,4,17,1,7,7,5,1,7,1,0,0,1,0.3333333333333333,2.3333333333333335,0.25,1.75,-1.5
2021-11-28,2021-2022,Everton,Brentford,0,0,1,14,6,5,4,11,8,3,3,3,0,0,3,0.3333333333333333,2.3333333333333335,1.25,1.0,0.25
2021-12-01,2021-2022,Everton,Liverpool,1,1,4,8,16,2,7,8,16,3,11,4,0,0,4,0.0,3.0,0.5,1.75,-1.25
2021-12-06,2021-2022,Everton,Arsenal,1,2,1,11,10,5,3,8,12,3,3,2,0,3,2,1.0,2.0,1.25,0.75,0.5
2021-12-12,2021-2022,Everton,Crystal Palace,0,1,3,12,17,6,6,14,15,2,8,2,0,0,2,1.0,2.0,1.5,1.5,0.0
2021-12-16,2021-2022,Everton,Chelsea,0,1,1,5,23,3,10,11,11,1,7,3,0,1,3,1.3333333333333333,1.3333333333333333,0.75,2.5,-1.75
2022-01-02,2021-2022,Everton,Brighton and Hove Albion,1,2,3,17,12,6,5,5,12,8,5,1,0,0,1,0.3333333333333333,2.3333333333333335,1.5,1.25,0.25
2022-01-15,2021-2022,Everton,Norwich City,0,1,2,12,14,5,3,14,12,8,8,1,0,0,1,0.3333333333333333,2.3333333333333335,1.25,0.75,0.5
2022-01-22,2021-2022,Everton,Aston Villa,1,0,1,15,8,1,3,14,16,9,2,5,0,0,5,0.0,3.0,0.25,0.75,-0.5
2022-02-08,2021-2022,Everton,Newcastle United,0,1,3,11,20,3,9,13,13,2,6,3,0,0,3,0.0,3.0,0.75,2.25,-1.5
2022-02-12,2021-2022,Everton,Leeds United,1,3,0,21,7,10,0,8,9,5,3,1,0,3,1,1.0,2.0,2.5,0.0,2.5
2022-02-19,2021-2022,Everton,Southampton,0,0,2,9,19,0,11,9,6,4,4,2,0,0,2,1.0,2.0,0.0,2.75,-2.75
2022-02-26,2021-2022,Everton,Manchester City,1,0,1,6,13,2,8,7,14,3,4,3,0,0,3,1.0,2.0,0.5,2.0,-1.5
2022-03-07,2021-2022,Everton,Tottenham Hotspur,0,0,5,6,14,0,7,10,15,2,5,0,0,0,0,0.0,3.0,0.0,1.75,-1.75
2022-03-13,2021-2022,Everton,Wolverhampton Wanderers,1,0,1,8,14,2,3,13,11,5,2,2,1,0,5,0.0,3.0,0.5,0.75,-0.25
2022-03-17,2021-2022,Everton,Newcastle United,1,1,0,9,17,3,6,13,11,5,7,2,1,3,5,1.0,2.0,0.75,1.5,-0.75
2022-04-03,2021-2022,Everton,West Ham United,0,1,2,13,11,2,5,12,9,4,2,1,1,0,4,1.0,2.0,0.5,1.25,-0.75
2022-04-06,2021-2022,Everton,Burnley,0,2,3,16,13,4,4,16,11,6,9,2,0,0,2,1.0,2.0,1.0,1.0,0.0
2022-04-09,2021-2022,Everton,Manchester United,1,1,0,7,12,3,4,4,10,5,7,2,0,3,2,1.0,2.0,0.75,1.0,-0.25
2022-04-20,2021-2022,Everton,Leicester City,1,1,1,13,11,3,3,8,17,5,4,3,0,1,3,1.3333333333333333,1.3333333333333333,0.75,0.75,0.0
2022-04-24,2021-2022,Everton,Liverpool,0,0,2,9,18,1,4,8,8,1,13,5,0,0,5,1.3333333333333333,1.3333333333333333,0.25,1.0,-0.75
2022-05-01,2021-2022,Everton,Chelsea,1,1,0,9,17,4,5,9,12,3,8,3,0,3,3,1.3333333333333333,1.3333333333333333,1.0,1.25,-0.25
2022-05-08,2021-2022,Everton,Leicester City,0,2,1,10,16,4,9,6,11,1,6,0,0,3,0,2.0,1.0,1.0,2.25,-1.25
2022-05-11,2021-2022,Everton,Watford,0,0,0,16,6,5,0,12,5,13,1,2,0,1,2,2.3333333333333335,0.3333333333333333,1.25,0.0,1.25
2022-05-15,2021-2022,Everton,Brentford,1,2,3,10,18,5,7,8,8,5,2,0,2,0,6,1.3333333333333333,1.3333333333333333,1.25,1.75,-0.5
2022-05-19,2021-2022,Everton,Crystal Palace,1,3,2,12,7,6,5,9,13,4,5,2,0,3,2,1.3333333333333333,1.3333333333333333,1.5,1.25,0.25
2022-05-22,2021-2022,Everton,Arsenal,0,1,5,6,26,2,9,9,8,2,12,1,0,0,1,1.0,2.0,0.5,2.25,-1.75
2022-08-06,2022-2023,Everton,Chelsea,1,0,1,8,15,4,6,14,11,4,16,3,0,0,3,1.0,2.0,1.0,1.5,-0.5
2022-08-13,2022-2023,Everton,Aston Villa,0,1,2,15,12,4,4,7,9,8,5,1,0,0,1,0.0,3.0,1.0,1.0,0.0
2022-08-20,2022-2023,Everton,Nottingham Forest,1,1,1,19,14,8,5,6,9,6,2,3,0,1,3,0.3333333333333333,2.3333333333333335,2.0,1.25,0.75
2022-08-27,2022-2023,Everton,Brentford,0,1,1,14,19,7,5,8,8,5,8,2,0,1,2,0.6666666666666666,1.6666666666666667,1.75,1.25,0.5
2022-08-30,2022-2023,Everton,Leeds United,0,1,1,7,14,2,5,9,10,2,10,3,0,1,3,1.0,1.0,0.5,1.25,-0.75
2022-09-03,2022-2023,Everton,Liverpool,1,0,0,14,23,3,8,7,11,7,9,2,0,1,2,1.0,1.0,0.75,2.0,-1.25
2022-09-18,2022-2023,Everton,West Ham United,1,1,0,7,14,2,4,8,11,5,14,3,0,3,3,1.6666666666666667,0.6666666666666666,0.5,1.0,-0.5
2022-10-01,2022-2023,Everton,Southampton,0,2,1,12,22,5,6,10,11,6,7,2,0,3,2,2.3333333333333335,0.3333333333333333,1.25,1.5,-0.25
2022-10-09,2022-2023,Everton,Manchester United,1,1,2,11,12,2,4,7,13,5,4,2,0,0,2,2.0,1.0,0.5,1.0,-0.5
2022-10-15,2022-2023,Everton,Tottenham Hotspur,0,0,2,4,21,0,7,13,12,1,7,4,0,0,4,1.0,2.0,0.0,1.75,-1.75
2022-10-19,2022-2023,Everton,Newcastle United,0,0,1,1,16,0,4,12,9,2,8,4,0,0,4,0.0,3.0,0.0,1.0,-1.0
2022-10-22,2022-2023,Everton,Crystal Palace,1,3,0,9,9,6,2,16,14,3,4,3,0,3,3,1.0,2.0,1.5,0.5,1.0
2022-10-29,2022-2023,Everton,Fulham,0,0,0,9,24,4,6,8,10,4,13,1,0,1,1,1.3333333333333333,1.3333333333333333,1.0,1.5,-0.5
2022-11-05,2022-2023,Everton,Leicester City,1,0,2,12,22,2,8,9,5,8,3,0,0,0,0,1.3333333333333333,1.3333333333333333,0.5,2.0,-1.5
2022-11-12,2022-2023,Everton,Bournemouth,0,0,3,15,16,3,9,8,12,5,3,0,0,0,0,0.3333333333333333,2.3333333333333335,0.75,2.25,-1.5
2022-12-26,2022-2023,Everton,Wolverhampton Wanderers,1,1,2,12,7,6,4,9,22,2,2,1,0,0,1,0.0,3.0,1.5,1.0,0.5
2022-12-31,2022-2023,Everton,Manchester City,0,1,1,2,16,1,3,14,13,1,7,4,0,1,4,0.3333333333333333,2.3333333333333335,0.25,0.75,-0.5
2023-01-03,2022-2023,Everton,Brighton and Hove Albion,1,1,4,10,19,4,8,8,10,5,2,3,0,0,3,0.3333333333333333,2.3333333333333335,1.0,2.0,-1.0
2023-01-14,2022-2023,Everton,Southampton,1,1,2,12,13,4,5,7,19,6,4,0,0,0,0,0.3333333333333333,2.3333333333333335,1.0,1.25,-0.25
2023-01-21,2022-2023,Everton,West Ham United,0,0,2,5,11,2,4,6,9,9,4,1,0,0,1,0.0,3.0,0.5,1.0,-0.5
2023-02-04,2022-2023,Everton,Arsenal,1,1,0,12,15,4,3,13,8,7,5,4,0,3,4,1.0,2.0,1.0,0.75,0.25
2023-02-13,2022-2023,Everton,Liverpool,0,0,2,6,15,1,6,16,8,3,3,3,0,0,3,1.0,2.0,0.25,1.5,-1.25
2023-02-18,2022-2023,Everton,Leeds United,1,1,0,15,8,6,0,8,6,6,4,2,0,3,2,2.0,1.0,1.5,0.0,1.5
2023-02-25,2022-2023,Everton,Aston Villa,1,0,2,15,9,5,5,12,12,5,1,2,0,0,2,1.0,2.0,1.25,1.25,0.0
2023-03-01,2022-2023,Everton,Arsenal,0,0,4,8,15,5,5,12,5,1,5,2,0,0,2,1.0,2.0,1.25,1.25,0.0
2023-03-05,2022-2023,Everton,Nottingham Forest,0,2,2,10,10,3,4,17,11,3,3,5,0,1,5,0.3333333333333333,2.3333333333333335,0.75,1.0,-0.25
2023-03-11,2022-2023,Everton,Brentford,1,1,0,13,12,6,4,11,12,5,8,2,0,3,2,1.3333333333333333,1.3333333333333333,1.5,1.0,0.5
2023-03-18,2022-2023,Everton,Chelsea,0,2,2,12,20,3,7,12,8,2,8,2,0,1,2,1.6666666666666667,0.6666666666666666,0.75,1.75,-1.0
2023-04-03,2022-2023,Everton,Tottenham Hotspur,1,1,1,15,8,6,2,10,14,3,3,0,1,1,3,1.6666666666666667,0.6666666666666666,1.5,0.5,1.0
2023-04-08,2022-2023,Everton,Manchester United,0,0,2,15,29,1,11,9,10,4,10,0,0,0,0,0.6666666666666666,1.6666666666666667,0.25,2.75,-2.5
2023-04-15,2022-2023,Everton,Fulham,1,1,3,15,21,7,7,10,6,4,8,3,0,0,3,0.3333333333333333,2.3333333333333335,1.75,1.75,0.0
2023-04-22,2022-2023,Everton,Crystal Palace,0,0,0,10,12,5,2,14,12,1,8,1,1,1,4,0.3333333333333333,2.3333333333333335,1.25,0.5,0.75
2023-04-27,2022-2023,Everton,Newcastle United,1,1,4,13,15,5,8,8,6,3,14,2,0,0,2,0.3333333333333333,2.3333333333333335,1.25,2.0,-0.75
2023-05-01,2022-2023,Everton,Leicester City,0,2,2,23,15,8,6,12,10,9,2,1,0,1,1,0.6666666666666666,1.6666666666666667,2.0,1.5,0.5
2023-05-08,2022-2023,Everton,Brighton and Hove Albion,0,5,1,10,23,5,5,13,11,1,15,5,0,3,5,1.3333333333333333,1.3333333333333333,1.25,1.25,0.0
2023-05-14,2022-2023,Everton,Manchester City,1,0,3,7,9,3,4,12,4,8,6,1,0,0,1,1.3333333333333333,1.3333333333333333,0.75,1.0,-0.25
2023-05-20,2022-2023,Everton,Wolverhampton Wanderers,0,1,1,19,13,4,5,10,18,7,1,1,0,1,1,1.3333333333333333,1.3333333333333333,1.0,1.25,-0.25
2023-05-28,2022-2023,Everton,Bournemouth,1,1,0,13,7,6,2,11,12,9,3,1,0,3,1,1.3333333333333333,1.3333333333333333,1.5,0.5,1.0
2023-08-12,2023-2024,Everton,Fulham,1,0,1,19,9,9,2,12,6,10,4,0,0,0,0,1.3333333333333333,1.3333333333333333,2.25,0.5,1.75
2023-08-20,2023-2024,Everton,Aston Villa,0,0,4,9,13,2,7,12,8,6,7,4,0,0,4,1.0,2.0,0.5,1.75,-1.25
2023-08-26,2023-2024,Everton,Wolverhampton Wanderers,1,0,1,15,11,7,2,10,14,7,0,3,0,0,3,0.0,3.0,1.75,0.5,1.25
2023-09-02,2023-2024,Everton,Sheffield United,0,2,2,16,13,6,8,13,11,6,4,2,0,1,2,0.3333333333333333,2.3333333333333335,1.5,2.0,-0.5
2023-09-17,2023-2024,Everton,Arsenal,1,0,1,8,13,1,4,12,10,1,11,1,0,0,1,0.3333333333333333,2.3333333333333335,0.25,1.0,-0.75
2023-09-23,2023-2024,Everton,Brentford,0,3,1,18,12,6,2,12,9,4,1,2,0,3,2,1.3333333333333333,1.3333333333333333,1.5,0.5,1.0
2023-09-30,2023-2024,Everton,Luton Town,1,1,2,23,9,5,2,8,10,3,6,0,0,0,0,1.0,2.0,1.25,0.5,0.75
2023-10-07,2023-2024,Everton,Bournemouth,1,3,0,25,11,8,4,14,15,8,7,1,0,3,1,2.0,1.0,2.0,1.0,1.0
2023-10-21,2023-2024,Everton,Liverpool,0,0,2,6,26,1,6,9,9,4,12,1,1,0,4,1.0,2.0,0.25,1.5,-1.25
2023-10-29,2023-2024,Everton,West Ham United,0,1,0,10,12,4,2,11,7,3,4,1,0,3,1,2.0,1.0,1.0,0.5,0.5
2023-11-04,2023-2024,Everton,Brighton and Hove Albion,1,1,1,10,7,4,2,15,5,3,3,4,0,1,4,1.3333333333333333,1.3333333333333333,1.0,0.5,0.5
2023-11-11,2023-2024,Everton,Crystal Palace,0,3,2,8,13,4,4,18,9,2,9,4,0,3,4,2.3333333333333335,0.3333333333333333,1.0,1.0,0.0
2023-11-26,2023-2024,Everton,Manchester United,1,0,3,24,9,6,4,10,8,6,5,3,0,0,3,1.3333333333333333,1.3333333333333333,1.5,1.0,0.5
2023-12-02,2023-2024,Everton,Nottingham Forest,0,1,0,12,13,3,2,14,15,3,4,0,0,3,0,2.0,1.0,0.75,0.5,0.25
2023-12-07,2023-2024,Everton,Newcastle United,1,3,0,21,13,6,3,18,8,5,2,3,0,3,3,2.0,1.0,1.5,0.75,0.75
2023-12-10,2023-2024,Everton,Chelsea,1,2,0,9,16,5,4,12,12,4,8,2,0,3,2,3.0,0.0,1.25,1.0,0.25
2023-12-16,2023-2024,Everton,Burnley,0,2,0,9,14,6,2,8,9,6,8,1,0,3,1,3.0,0.0,1.5,0.5,1.0
2023-12-23,2023-2024,Everton,Tottenham Hotspur,0,1,2,18,13,8,6,18,6,8,3,4,0,0,4,2.0,1.0,2.0,1.5,0.5
2023-12-27,2023-2024,Everton,Manchester City,1,1,3,7,23,2,9,13,5,8,4,4,0,0,4,1.0,2.0,0.5,2.25,-1.75
2023-12-30,2023-2024,Everton,Wolverhampton Wanderers,0,0,3,10,12,0,6,14,9,2,5,3,0,0,3,0.0,3.0,0.0,1.5,-1.5
2024-01-14,2023-2024,Everton,Aston Villa,1,0,0,10,16,2,5,13,14,4,5,1,0,1,1,0.3333333333333333,2.3333333333333335,0.5,1.25,-0.75
2024-01-30,2023-2024,Everton,Fulham,0,0,0,21,25,4,6,13,6,6,15,2,0,1,2,0.6666666666666666,1.6666666666666667,1.0,1.5,-0.5
2024-02-03,2023-2024,Everton,Tottenham Hotspur,1,2,2,14,9,5,6,8,14,9,5,3,0,1,3,1.0,1.0,1.25,1.5,-0.25
2024-02-10,2023-2024,Everton,Manchester City,0,0,2,5,19,1,3,11,6,0,9,2,0,0,2,0.6666666666666666,1.6666666666666667,0.25,0.75,-0.5
2024-02-19,2023-2024,Everton,Crystal Palace,1,1,1,19,10,4,4,8,12,3,6,0,0,1,0,0.6666666666666666,1.6666666666666667,1.0,1.0,0.0
2024-02-24,2023-2024,Everton,Brighton and Hove Albion,0,1,1,6,23,3,7,14,9,3,11,3,0,1,3,0.6666666666666666,1.6666666666666667,0.75,1.75,-1.0
2024-03-02,2023-2024,Everton,West Ham United,1,1,3,22,12,11,5,9,6,4,5,1,0,0,1,0.6666666666666666,1.6666666666666667,2.75,1.25,1.5
2024-03-09,2023-2024,Everton,Manchester United,0,0,2,23,15,6,8,11,13,8,5,2,0,0,2,0.3333333333333333,2.3333333333333335,1.5,2.0,-0.5
2024-03-30,2023-2024,Everton,Bournemouth,0,1,2,7,11,3,4,11,14,8,9,2,0,0,2,0.0,3.0,0.75,1.0,-0.25
2024-04-02,2023-2024,Everton,Newcastle United,0,1,1,10,18,3,6,14,9,3,7,3,0,1,3,0.3333333333333333,2.3333333333333335,0.75,1.5,-0.75
2024-04-06,2023-2024,Everton,Burnley,1,1,0,12,6,3,1,11,13,3,5,2,0,3,2,1.3333333333333333,1.3333333333333333,0.75,0.25,0.5
2024-04-15,2023-2024,Everton,Chelsea,0,0,6,10,14,2,10,21,5,8,4,4,0,0,4,1.3333333333333333,1.3333333333333333,0.5,2.5,-2.0
2024-04-21,2023-2024,Everton,Nottingham Forest,1,2,0,7,8,4,3,15,9,6,4,3,0,3,3,2.0,1.0,1.0,0.75,0.25
2024-04-24,2023-2024,Everton,Liverpool,1,2,0,16,23,6,7,6,13,4,13,0,0,3,0,2.0,1.0,1.5,1.75,-0.25
2024-04-27,2023-2024,Everton,Brentford,1,1,0,18,10,1,4,10,12,6,6,1,0,3,1,3.0,0.0,0.25,1.0,-0.75
2024-05-03,2023-2024,Everton,Luton Town,0,1,1,10,18,3,5,12,14,7,8,3,0,1,3,2.3333333333333335,0.3333333333333333,0.75,1.25,-0.5
2024-05-11,2023-2024,Everton,Sheffield United,1,1,0,15,13,6,1,6,11,3,6,1,0,3,1,2.3333333333333335,0.3333333333333333,1.5,0.25,1.25
2024-05-19,2023-2024,Everton,Arsenal,0,1,2,5,26,2,5,11,8,1,8,3,0,0,3,1.3333333333333333,1.3333333333333333,0.5,1.25,-0.75
2024-08-17,2024-2025,Everton,Brighton and Hove Albion,1,0,3,9,10,1,5,8,8,1,5,1,1,0,4,1.0,2.0,0.25,1.25,-1.0
2024-08-24,2024-2025,Everton,Tottenham Hotspur,0,0,4,10,13,1,7,15,11,5,12,0,0,0,0,0.0,3.0,0.25,1.75,-1.5
2024-08-31,2024-2025,Everton,Bournemouth,1,2,3,18,17,8,7,6,1,8,4,2,0,0,2,0.0,3.0,2.0,1.75,0.25
2024-09-14,2024-2025,Everton,Aston Villa,0,2,3,6,17,2,8,12,10,2,6,4,0,0,4,0.0,3.0,0.5,2.0,-1.5
2024-09-21,2024-2025,Everton,Leicester City,0,1,1,16,12,5,2,12,11,1,6,2,0,1,2,0.3333333333333333,2.3333333333333335,1.25,0.5,0.75
2024-09-28,2024-2025,Everton,Crystal Palace,1,2,1,8,17,2,5,13,11,5,8,2,0,3,2,1.3333333333333333,1.3333333333333333,0.5,1.25,-0.75
2024-10-05,2024-2025,Everton,Newcastle United,1,0,0,8,14,2,3,12,8,0,10,1,0,1,1,1.6666666666666667,0.6666666666666666,0.5,0.75,-0.25
2024-10-19,2024-2025,Everton,Ipswich Town,0,2,0,11,13,8,2,10,12,8,5,1,0,3,1,2.3333333333333335,0.3333333333333333,2.0,0.5,1.5
2024-10-26,2024-2025,Everton,Fulham,1,1,1,10,14,5,3,8,8,4,2,1,0,1,1,1.6666666666666667,0.6666666666666666,1.25,0.75,0.5
2024-11-02,2024-2025,Everton,Southampton,0,0,1,16,9,5,2,18,14,6,3,2,0,0,2,1.3333333333333333,1.3333333333333333,1.25,0.5,0.75
2024-11-09,2024-2025,Everton,West Ham United,0,0,0,18,11,4,6,9,10,6,7,2,0,1,2,0.6666666666666666,1.6666666666666667,1.0,1.5,-0.5
2024-11-23,2024-2025,Everton,Brentford,1,0,0,27,9,5,2,8,10,10,4,0,0,1,0,0.6666666666666666,1.6666666666666667,1.25,0.5,0.75
2024-12-01,2024-2025,Everton,Manchester United,0,0,4,8,11,2,5,12,12,2,2,3,0,0,3,0.6666666666666666,1.6666666666666667,0.5,1.25,-0.75
2024-12-04,2024-2025,Everton,Wolverhampton Wanderers,1,4,0,13,6,4,2,10,8,3,4,2,0,3,2,1.3333333333333333,1.3333333333333333,1.0,0.5,0.5
2024-12-14,2024-2025,Everton,Arsenal,0,0,0,2,13,0,5,9,6,2,8,3,0,1,3,1.3333333333333333,1.3333333333333333,0.0,1.25,-1.25
2024-12-22,2024-2025,Everton,Chelsea,1,0,0,5,12,4,5,20,12,2,5,4,0,1,4,1.6666666666666667,0.6666666666666666,1.0,1.25,-0.25
2024-12-26,2024-2025,Everton,Manchester City,0,1,1,8,24,3,5,10,5,5,8,4,0,1,4,1.0,1.0,0.75,1.25,-0.5
2024-12-29,2024-2025,Everton,Nottingham Forest,1,0,2,13,11,2,7,13,10,5,4,4,0,0,4,0.6666666666666666,1.6666666666666667,0.5,1.75,-1.25
2025-01-04,2024-2025,Everton,Bournemouth,0,0,1,9,19,0,8,14,15,3,9,2,0,0,2,0.3333333333333333,2.3333333333333335,0.0,2.0,-2.0
2025-01-15,2024-2025,Everton,Aston Villa,1,0,1,10,11,3,3,17,10,8,5,2,0,0,2,0.0,3.0,0.75,0.75,0.0
2025-01-19,2024-2025,Everton,Tottenham Hotspur,1,3,2,12,11,6,6,14,14,3,8,2,0,3,2,1.0,2.0,1.5,1.5,0.0
2025-01-25,2024-2025,Everton,Brighton and Hove Albion,0,1,0,3,16,1,1,11,8,1,9,4,0,3,4,2.0,1.0,0.25,0.25,0.0
2025-02-01,2024-2025,Everton,Leicester City,1,4,0,13,9,7,1,7,13,5,6,0,0,3,0,3.0,0.0,1.75,0.25,1.5
2025-02-12,2024-2025,Everton,Liverpool,1,2,2,10,6,3,4,9,20,2,3,2,1,1,5,2.3333333333333335,0.3333333333333333,0.75,1.0,-0.25
2025-02-15,2024-2025,Everton,Crystal Palace,0,2,1,11,17,6,6,12,9,2,6,1,0,3,1,2.3333333333333335,0.3333333333333333,1.5,1.5,0.0
2025-02-22,2024-2025,Everton,Manchester United,1,2,2,9,9,8,3,12,9,7,9,4,0,1,4,1.6666666666666667,0.6666666666666666,2.0,0.75,1.25
2025-02-26,2024-2025,Everton,Brentford,0,1,1,14,12,4,3,6,3,5,2,1,0,1,1,1.6666666666666667,0.6666666666666666,1.0,0.75,0.25
2025-03-08,2024-2025,Everton,Wolverhampton Wanderers,0,1,1,12,11,4,3,16,11,5,5,2,0,1,2,1.0,1.0,1.0,0.75,0.25
2025-03-15,2024-2025,Everton,West Ham United,1,1,1,13,10,5,5,12,8,6,5,1,0,1,1,1.0,1.0,1.25,1.25,0.0
2025-04-02,2024-2025,Everton,Liverpool,0,0,1,5,17,0,3,11,7,5,11,2,0,0,2,0.6666666666666666,1.6666666666666667,0.0,0.75,-0.75
2025-04-05,2024-2025,Everton,Arsenal,1,1,1,5,14,2,5,17,13,3,8,3,0,1,3,0.6666666666666666,1.6666666666666667,0.5,1.25,-0.75
2025-04-12,2024-2025,Everton,Nottingham Forest,0,1,0,13,10,5,5,13,9,7,1,3,0,3,3,1.3333333333333333,1.3333333333333333,1.25,1.25,0.0
2025-04-19,2024-2025,Everton,Manchester City,1,0,2,8,12,3,7,7,6,2,5,4,0,0,4,1.3333333333333333,1.3333333333333333,0.75,1.75,-1.0
2025-04-26,2024-2025,Everton,Chelsea,0,0,1,6,10,3,7,11,11,2,10,0,0,0,0,1.0,2.0,0.75,1.75,-1.0
2025-05-03,2024-2025,Everton,Ipswich Town,1,2,2,8,12,3,5,12,15,3,3,4,0,1,4,0.3333333333333333,2.3333333333333335,0.75,1.25,-0.5
2025-05-10,2024-2025,Everton,Fulham,0,3,1,11,18,7,6,9,15,5,5,0,0,3,0,1.3333333333333333,1.3333333333333333,1.75,1.5,0.25
2025-05-18,2024-2025,Everton,Southampton,1,2,0,13,6,5,2,6,10,4,5,1,0,3,1,2.3333333333333335,0.3333333333333333,1.25,0.5,0.75
2025-05-25,2024-2025,Everton,Newcastle United,0,1,0,14,17,6,6,9,12,3,12,4,0,3,4,3.0,0.0,1.5,1.5,0.0
2025-08-18,2025-2026,Everton,Leeds United,0,0,1,7,21,1,3,8,6,2,7,2,0,0,2,2.0,1.0,0.25,0.75,-0.5
2025-08-24,2025-2026,Everton,Brighton and Hove Albion,1,2,0,11,13,3,4,7,15,2,2,4,0,3,4,2.0,1.0,0.75,1.0,-0.25
2025-08-30,2025-2026,Everton,Wolverhampton Wanderers,0,3,2,10,12,4,4,10,15,2,2,1,0,3,1,2.0,1.0,1.0,1.0,0.0
2025-09-13,2025-2026,Everton,Aston Villa,1,0,0,20,7,2,1,17,15,10,3,3,0,1,3,2.3333333333333335,0.3333333333333333,0.5,0.25,0.25
2025-09-20,2025-2026,Everton,Liverpool,0,1,2,9,11,2,3,10,11,4,5,3,0,0,3,1.3333333333333333,1.3333333333333333,0.5,0.75,-0.25
2025-09-29,2025-2026,Everton,West Ham United,1,1,1,12,14,6,3,7,16,3,5,3,0,1,3,0.6666666666666666,1.6666666666666667,1.5,0.75,0.75
2025-10-05,2025-2026,Everton,Crystal Palace,1,2,1,14,15,7,8,13,16,2,4,2,0,3,2,1.3333333333333333,1.3333333333333333,1.75,2.0,-0.25
2025-10-18,2025-2026,Everton,Manchester City,0,0,2,5,19,1,7,14,8,3,11,2,0,0,2,1.3333333333333333,1.3333333333333333,0.25,1.75,-1.5
2025-10-26,2025-2026,Everton,Tottenham Hotspur,1,0,3,12,7,2,4,9,8,9,8,2,0,0,2,1.0,2.0,0.5,1.0,-0.5
2025-11-03,2025-2026,Everton,Sunderland,0,1,1,8,17,2,3,12,10,1,4,2,0,1,2,0.3333333333333333,2.3333333333333335,0.5,0.75,-0.25
2025-11-08,2025-2026,Everton,Fulham,1,2,0,14,8,5,4,11,14,7,5,2,0,3,2,1.3333333333333333,1.3333333333333333,1.25,1.0,0.25
2020-09-12,2020-2021,Fulham,Arsenal,1,0,3,5,13,2,6,12,12,2,3,2,0,0,2,0.0,3.0,0.5,1.5,-1.0
2020-09-19,2020-2021,Fulham,Leeds United,0,3,4,14,10,6,7,18,13,3,5,2,0,0,2,0.0,3.0,1.5,1.75,-0.25
2020-09-28,2020-2021,Fulham,Aston Villa,1,0,3,16,12,3,5,18,14,5,3,6,0,0,6,0.0,3.0,0.75,1.25,-0.5
2020-10-04,2020-2021,Fulham,Wolverhampton Wanderers,0,0,1,10,14,2,5,8,15,2,6,1,0,0,1,0.0,3.0,0.5,1.25,-0.75
2020-10-18,2020-2021,Fulham,Sheffield United,0,1,1,15,10,6,6,9,5,5,2,2,0,1,2,0.3333333333333333,2.3333333333333335,1.5,1.5,0.0
2020-10-24,2020-2021,Fulham,Crystal Palace,1,1,2,16,14,3,10,11,11,4,4,0,1,0,3,0.3333333333333333,2.3333333333333335,0.75,2.5,-1.75
2020-11-02,2020-2021,Fulham,West Brom,1,2,0,13,10,6,1,13,11,5,2,3,0,3,3,1.3333333333333333,1.3333333333333333,1.5,0.25,1.25
2020-11-07,2020-2021,Fulham,West Ham United,0,0,1,13,16,3,7,9,10,5,9,2,0,0,2,1.0,2.0,0.75,1.75,-1.0
2020-11-22,2020-2021,Fulham,Everton,1,2,3,14,9,6,7,14,10,2,5,2,0,0,2,1.0,2.0,1.5,1.75,-0.25
2020-11-30,2020-2021,Fulham,Leicester City,0,2,1,10,16,5,3,21,9,5,6,2,0,3,2,1.0,2.0,1.25,0.75,0.5
2020-12-05,2020-2021,Fulham,Manchester City,0,0,2,6,16,1,6,6,7,3,9,0,0,0,0,1.0,2.0,0.25,1.5,-1.25
2020-12-13,2020-2021,Fulham,Liverpool,1,1,1,10,12,5,6,9,5,6,8,3,0,1,3,1.3333333333333333,1.3333333333333333,1.25,1.5,-0.25
2020-12-16,2020-2021,Fulham,Brighton and Hove Albion,1,0,0,9,9,4,4,15,11,1,8,1,0,1,1,0.6666666666666666,1.6666666666666667,1.0,1.0,0.0
2020-12-19,2020-2021,Fulham,Newcastle United,0,1,1,11,12,4,5,17,7,9,2,2,1,1,5,1.0,1.0,1.0,1.25,-0.25
2020-12-26,2020-2021,Fulham,Southampton,1,0,0,10,3,1,2,15,12,6,3,2,0,1,2,1.0,1.0,0.25,0.5,-0.25
2021-01-13,2020-2021,Fulham,Tottenham Hotspur,0,1,1,15,15,4,6,15,13,5,6,2,0,1,2,1.0,1.0,1.0,1.5,-0.5
2021-01-16,2020-2021,Fulham,Chelsea,1,0,1,10,21,3,6,11,10,1,12,2,1,0,5,0.6666666666666666,1.6666666666666667,0.75,1.5,-0.75
2021-01-20,2020-2021,Fulham,Manchester United,1,1,2,12,15,5,5,6,10,2,8,3,0,0,3,0.3333333333333333,2.3333333333333335,1.25,1.25,0.0
2021-01-27,2020-2021,Fulham,Brighton and Hove Albion,0,0,0,10,16,3,5,14,10,0,10,1,0,1,1,0.3333333333333333,2.3333333333333335,0.75,1.25,-0.5
2021-01-30,2020-2021,Fulham,West Brom,0,2,2,12,5,7,3,10,9,3,2,0,0,1,0,0.6666666666666666,1.6666666666666667,1.75,0.75,1.0
2021-02-03,2020-2021,Fulham,Leicester City,1,0,2,8,9,1,5,17,10,5,2,3,0,0,3,0.6666666666666666,1.6666666666666667,0.25,1.25,-1.0
2021-02-06,2020-2021,Fulham,West Ham United,1,0,0,20,8,2,1,11,10,7,3,1,0,1,1,0.6666666666666666,1.6666666666666667,0.5,0.25,0.25
2021-02-14,2020-2021,Fulham,Everton,0,2,0,12,7,3,2,16,7,4,5,1,0,3,1,1.3333333333333333,1.3333333333333333,0.75,0.5,0.25
2021-02-17,2020-2021,Fulham,Burnley,0,1,1,8,8,3,3,13,7,5,5,1,0,1,1,1.6666666666666667,0.6666666666666666,0.75,0.75,0.0
2021-02-20,2020-2021,Fulham,Sheffield United,1,1,0,15,4,7,2,11,14,6,4,1,0,3,1,2.3333333333333335,0.3333333333333333,1.75,0.5,1.25
2021-02-28,2020-2021,Fulham,Crystal Palace,0,0,0,16,3,4,0,14,10,3,1,1,0,1,1,1.6666666666666667,0.6666666666666666,1.0,0.0,1.0
2021-03-04,2020-2021,Fulham,Tottenham Hotspur,1,0,1,11,9,3,2,13,9,4,1,2,0,0,2,1.3333333333333333,1.3333333333333333,0.75,0.5,0.25
2021-03-07,2020-2021,Fulham,Liverpool,0,1,0,10,16,3,3,8,10,4,9,3,0,3,3,1.3333333333333333,1.3333333333333333,0.75,0.75,0.0
2021-03-13,2020-2021,Fulham,Manchester City,1,0,3,3,8,0,7,14,13,4,2,0,0,0,0,1.0,2.0,0.0,1.75,-1.75
2021-03-19,2020-2021,Fulham,Leeds United,1,1,2,13,13,6,4,13,12,13,7,2,0,0,2,1.0,2.0,1.5,1.0,0.5
2021-04-04,2020-2021,Fulham,Aston Villa,0,1,3,15,14,7,4,20,14,4,4,2,0,0,2,0.0,3.0,1.75,1.0,0.75
2021-04-09,2020-2021,Fulham,Wolverhampton Wanderers,1,0,1,14,7,3,3,11,8,3,4,0,0,0,0,0.0,3.0,0.75,0.75,0.0
2021-04-18,2020-2021,Fulham,Arsenal,0,1,1,3,18,1,5,11,9,1,11,3,0,1,3,0.3333333333333333,2.3333333333333335,0.25,1.25,-1.0
2021-05-01,2020-2021,Fulham,Chelsea,0,0,2,10,9,3,5,8,15,8,1,1,0,0,1,0.3333333333333333,2.3333333333333335,0.75,1.25,-0.5
2021-05-10,2020-2021,Fulham,Burnley,1,0,2,21,14,3,5,11,10,8,4,2,0,0,2,0.3333333333333333,2.3333333333333335,0.75,1.25,-0.5
2021-05-15,2020-2021,Fulham,Southampton,0,1,3,10,11,3,7,15,9,5,6,1,0,0,1,0.0,3.0,0.75,1.75,-1.0
2021-05-18,2020-2021,Fulham,Manchester United,0,1,1,8,13,5,6,15,10,1,6,3,0,1,3,0.3333333333333333,2.3333333333333335,1.25,1.5,-0.25
2021-05-23,2020-2021,Fulham,Newcastle United,1,0,2,14,10,0,4,12,6,5,4,1,0,0,1,0.3333333333333333,2.3333333333333335,0.0,1.0,-1.0
2022-08-06,2022-2023,Fulham,Liverpool,1,2,2,9,11,3,4,7,9,4,4,2,0,1,2,0.6666666666666666,1.6666666666666667,0.75,1.0,-0.25
2022-08-13,2022-2023,Fulham,Wolverhampton Wanderers,0,0,0,9,7,3,1,14,7,3,5,3,0,1,3,0.6666666666666666,1.6666666666666667,0.75,0.25,0.5
2022-08-20,2022-2023,Fulham,Brentford,1,3,2,18,13,9,5,13,7,6,3,3,0,3,3,1.6666666666666667,0.6666666666666666,2.25,1.25,1.0
2022-08-27,2022-2023,Fulham,Arsenal,0,1,2,11,22,3,8,12,6,2,9,3,0,0,3,1.3333333333333333,1.3333333333333333,0.75,2.0,-1.25
2022-08-30,2022-2023,Fulham,Brighton and Hove Albion,1,2,1,10,7,3,4,9,11,3,3,2,0,3,2,2.0,1.0,0.75,1.0,-0.25
2022-09-03,2022-2023,Fulham,Tottenham Hotspur,0,1,2,9,23,3,10,6,9,3,10,4,0,0,4,1.0,2.0,0.75,2.5,-1.75
2022-09-16,2022-2023,Fulham,Nottingham Forest,0,3,2,15,11,7,3,10,11,10,2,4,0,3,4,2.0,1.0,1.75,0.75,1.0
2022-10-01,2022-2023,Fulham,Newcastle United,1,1,4,3,19,1,10,9,10,1,8,2,1,0,5,1.0,2.0,0.25,2.5,-2.25
2022-10-09,2022-2023,Fulham,West Ham United,0,1,3,8,17,2,8,7,9,2,4,3,0,0,3,1.0,2.0,0.5,2.0,-1.5
2022-10-15,2022-2023,Fulham,Bournemouth,1,2,2,19,10,4,6,9,11,5,6,2,0,1,2,0.3333333333333333,2.3333333333333335,1.0,1.5,-0.5
2022-10-20,2022-2023,Fulham,Aston Villa,1,3,0,18,12,8,6,11,11,9,7,0,0,3,0,1.3333333333333333,1.3333333333333333,2.0,1.5,0.5
2022-10-23,2022-2023,Fulham,Leeds United,0,3,2,11,14,5,5,8,12,6,3,1,0,3,1,2.3333333333333335,0.3333333333333333,1.25,1.25,0.0
2022-10-29,2022-2023,Fulham,Everton,1,0,0,24,9,6,4,10,8,13,4,2,0,1,2,2.3333333333333335,0.3333333333333333,1.5,1.0,0.5
2022-11-05,2022-2023,Fulham,Manchester City,0,1,2,4,16,2,5,11,6,0,9,4,0,0,4,1.3333333333333333,1.3333333333333333,0.5,1.25,-0.75
2022-11-13,2022-2023,Fulham,Manchester United,1,1,2,14,14,7,9,9,10,10,3,1,0,0,1,0.3333333333333333,2.3333333333333335,1.75,2.25,-0.5
2022-12-26,2022-2023,Fulham,Crystal Palace,0,3,0,23,4,11,0,15,12,8,1,0,0,3,0,1.0,2.0,2.75,0.0,2.75
2022-12-31,2022-2023,Fulham,Southampton,1,2,1,8,9,2,3,8,13,4,4,0,0,3,0,2.0,1.0,0.5,0.75,-0.25
2023-01-03,2022-2023,Fulham,Leicester City,0,1,0,11,15,2,6,11,12,3,6,6,0,3,6,3.0,0.0,0.5,1.5,-1.0
2023-01-12,2022-2023,Fulham,Chelsea,1,2,1,8,20,3,10,12,16,5,7,4,0,3,4,3.0,0.0,0.75,2.5,-1.75
2023-01-15,2022-2023,Fulham,Newcastle United,0,0,1,5,20,0,5,14,6,5,10,3,0,0,3,2.0,1.0,0.0,1.25,-1.25
2023-01-23,2022-2023,Fulham,Tottenham Hotspur,1,0,1,10,10,5,3,10,10,3,8,1,0,0,1,1.0,2.0,1.25,0.75,0.5
2023-02-03,2022-2023,Fulham,Chelsea,0,0,0,10,12,4,3,12,16,2,6,4,0,1,4,0.3333333333333333,2.3333333333333335,1.0,0.75,0.25
2023-02-11,2022-2023,Fulham,Nottingham Forest,1,2,0,16,10,3,1,9,11,5,4,0,0,3,0,1.3333333333333333,1.3333333333333333,0.75,0.25,0.5
2023-02-18,2022-2023,Fulham,Brighton and Hove Albion,0,1,0,5,21,2,7,14,12,2,10,5,0,3,5,2.3333333333333335,0.3333333333333333,0.5,1.75,-1.25
2023-02-24,2022-2023,Fulham,Wolverhampton Wanderers,1,1,1,10,8,5,2,12,17,4,3,2,0,1,2,2.3333333333333335,0.3333333333333333,1.25,0.5,0.75
2023-03-06,2022-2023,Fulham,Brentford,0,2,3,9,14,5,6,17,12,3,2,3,0,0,3,1.3333333333333333,1.3333333333333333,1.25,1.5,-0.25
2023-03-12,2022-2023,Fulham,Arsenal,1,0,3,12,15,2,7,10,9,4,8,0,0,0,0,0.3333333333333333,2.3333333333333335,0.5,1.75,-1.25
2023-04-01,2022-2023,Fulham,Bournemouth,0,1,2,10,12,2,7,13,15,3,4,4,0,0,4,0.0,3.0,0.5,1.75,-1.25
2023-04-08,2022-2023,Fulham,West Ham United,1,0,1,16,9,3,5,10,12,11,4,1,0,0,1,0.0,3.0,0.75,1.25,-0.5
2023-04-15,2022-2023,Fulham,Everton,0,3,1,21,15,7,7,6,10,8,4,2,0,3,2,1.0,2.0,1.75,1.75,0.0
2023-04-22,2022-2023,Fulham,Leeds United,1,2,1,12,10,5,2,10,15,8,6,1,0,3,1,2.0,1.0,1.25,0.5,0.75
2023-04-25,2022-2023,Fulham,Aston Villa,0,0,1,1,14,0,3,18,6,2,8,2,0,0,2,2.0,1.0,0.0,0.75,-0.75
2023-04-30,2022-2023,Fulham,Manchester City,1,1,2,4,12,1,9,9,10,2,5,1,0,0,1,1.0,2.0,0.25,2.25,-2.0
2023-05-03,2022-2023,Fulham,Liverpool,0,0,1,9,15,3,3,8,10,5,7,0,0,0,0,0.0,3.0,0.75,0.75,0.0
2023-05-08,2022-2023,Fulham,Leicester City,1,5,3,17,18,7,9,13,15,2,7,0,0,3,0,1.0,2.0,1.75,2.25,-0.5
2023-05-13,2022-2023,Fulham,Southampton,0,2,0,9,5,4,1,12,17,8,1,0,0,3,0,2.0,1.0,1.0,0.25,0.75
2023-05-20,2022-2023,Fulham,Crystal Palace,1,2,2,11,11,4,5,13,12,7,4,3,0,1,3,2.3333333333333335,0.3333333333333333,1.0,1.25,-0.25
2023-05-28,2022-2023,Fulham,Manchester United,0,1,2,10,21,3,8,10,14,4,5,2,0,0,2,1.3333333333333333,1.3333333333333333,0.75,2.0,-1.25
2023-08-12,2023-2024,Fulham,Everton,0,1,0,9,19,2,9,6,12,4,10,2,0,3,2,1.3333333333333333,1.3333333333333333,0.5,2.25,-1.75
2023-08-19,2023-2024,Fulham,Brentford,1,0,3,10,17,2,8,13,12,5,5,2,1,0,5,1.0,2.0,0.5,2.0,-1.5
2023-08-26,2023-2024,Fulham,Arsenal,0,2,2,8,19,3,11,5,6,3,8,3,1,1,6,1.3333333333333333,1.3333333333333333,0.75,2.75,-2.0
2023-09-02,2023-2024,Fulham,Manchester City,0,1,5,6,7,4,5,12,12,5,4,4,0,0,4,0.3333333333333333,2.3333333333333335,1.0,1.25,-0.25
2023-09-16,2023-2024,Fulham,Luton Town,1,1,0,13,7,2,2,6,14,6,2,2,0,3,2,1.3333333333333333,1.3333333333333333,0.5,0.5,0.0
2023-09-23,2023-2024,Fulham,Crystal Palace,0,0,0,10,7,5,3,15,10,2,3,2,0,1,2,1.3333333333333333,1.3333333333333333,1.25,0.75,0.5
2023-10-02,2023-2024,Fulham,Chelsea,1,0,2,10,11,3,4,15,12,8,1,1,0,0,1,1.3333333333333333,1.3333333333333333,0.75,1.0,-0.25
2023-10-07,2023-2024,Fulham,Sheffield United,1,3,1,20,5,6,2,8,10,9,4,1,0,3,1,1.3333333333333333,1.3333333333333333,1.5,0.5,1.0
2023-10-23,2023-2024,Fulham,Tottenham Hotspur,0,0,2,10,15,3,5,14,10,5,3,0,0,0,0,1.0,2.0,0.75,1.25,-0.5
2023-10-29,2023-2024,Fulham,Brighton and Hove Albion,0,1,1,10,18,5,7,8,12,3,7,3,0,1,3,1.3333333333333333,1.3333333333333333,1.25,1.75,-0.5
2023-11-04,2023-2024,Fulham,Manchester United,1,0,1,18,12,3,5,9,15,9,4,5,0,0,5,0.3333333333333333,2.3333333333333335,0.75,1.25,-0.5
2023-11-12,2023-2024,Fulham,Aston Villa,0,1,3,9,12,5,6,17,4,2,2,5,0,0,5,0.3333333333333333,2.3333333333333335,1.25,1.5,-0.25
2023-11-27,2023-2024,Fulham,Wolverhampton Wanderers,1,3,2,12,10,6,6,13,13,6,2,2,0,3,2,1.0,2.0,1.5,1.5,0.0
2023-12-03,2023-2024,Fulham,Liverpool,0,3,4,9,26,5,12,7,6,4,3,0,0,0,0,1.0,2.0,1.25,3.0,-1.75
2023-12-06,2023-2024,Fulham,Nottingham Forest,1,5,0,14,4,6,1,7,10,6,1,0,0,3,0,2.0,1.0,1.5,0.25,1.25
2023-12-10,2023-2024,Fulham,West Ham United,1,5,0,14,9,8,5,5,10,3,6,2,0,3,2,2.0,1.0,2.0,1.25,0.75
2023-12-16,2023-2024,Fulham,Newcastle United,0,0,3,6,27,4,10,12,7,1,5,2,1,0,5,2.0,1.0,1.0,2.5,-1.5
2023-12-23,2023-2024,Fulham,Burnley,1,0,2,19,7,5,2,5,17,8,6,2,0,0,2,1.0,2.0,1.25,0.5,0.75
2023-12-26,2023-2024,Fulham,Bournemouth,0,0,3,8,16,3,4,10,10,5,6,2,0,0,2,0.0,3.0,0.75,1.0,-0.25
2023-12-31,2023-2024,Fulham,Arsenal,1,2,1,15,13,4,3,11,10,5,4,4,0,3,4,1.0,2.0,1.0,0.75,0.25
2024-01-13,2023-2024,Fulham,Chelsea,0,0,1,14,17,4,3,9,13,4,6,1,0,0,1,1.0,2.0,1.0,0.75,0.25
2024-01-30,2023-2024,Fulham,Everton,1,0,0,25,21,6,4,6,13,15,6,1,0,1,1,1.3333333333333333,1.3333333333333333,1.5,1.0,0.5
2024-02-03,2023-2024,Fulham,Burnley,0,2,2,15,12,7,4,7,11,13,2,2,0,1,2,0.6666666666666666,1.6666666666666667,1.75,1.0,0.75
2024-02-10,2023-2024,Fulham,Bournemouth,1,3,1,7,25,6,4,11,11,1,14,1,0,3,1,1.6666666666666667,0.6666666666666666,1.5,1.0,0.5
2024-02-17,2023-2024,Fulham,Aston Villa,1,1,2,15,12,4,3,11,6,4,4,5,0,0,5,1.3333333333333333,1.3333333333333333,1.0,0.75,0.25
2024-02-24,2023-2024,Fulham,Manchester United,0,2,1,17,21,5,9,11,6,9,10,5,0,3,5,2.0,1.0,1.25,2.25,-1.0
2024-03-02,2023-2024,Fulham,Brighton and Hove Albion,1,3,0,12,15,5,5,16,10,2,6,1,0,3,1,2.0,1.0,1.25,1.25,0.0
2024-03-09,2023-2024,Fulham,Wolverhampton Wanderers,0,1,2,23,8,6,3,11,7,4,3,2,0,0,2,2.0,1.0,1.5,0.75,0.75
2024-03-16,2023-2024,Fulham,Tottenham Hotspur,1,3,0,16,14,7,5,9,10,4,5,2,0,3,2,2.0,1.0,1.75,1.25,0.5
2024-03-30,2023-2024,Fulham,Sheffield United,0,3,3,24,8,9,4,13,10,15,2,1,0,1,1,1.3333333333333333,1.3333333333333333,2.25,1.0,1.25
2024-04-02,2023-2024,Fulham,Nottingham Forest,0,1,3,18,16,3,4,8,7,8,3,0,0,0,0,1.3333333333333333,1.3333333333333333,0.75,1.0,-0.25
2024-04-06,2023-2024,Fulham,Newcastle United,1,0,1,14,12,4,5,10,13,14,3,1,0,0,1,0.3333333333333333,2.3333333333333335,1.0,1.25,-0.25
2024-04-14,2023-2024,Fulham,West Ham United,0,2,0,18,15,10,4,13,6,3,8,2,0,3,2,1.0,2.0,2.5,1.0,1.5
2024-04-21,2023-2024,Fulham,Liverpool,1,1,3,12,14,5,7,5,11,1,4,3,0,0,3,1.0,2.0,1.25,1.75,-0.5
2024-04-27,2023-2024,Fulham,Crystal Palace,1,1,1,9,14,2,4,11,15,5,9,0,0,1,0,1.3333333333333333,1.3333333333333333,0.5,1.0,-0.5
2024-05-04,2023-2024,Fulham,Brentford,0,0,0,15,7,3,3,6,3,6,7,1,0,1,1,0.6666666666666666,1.6666666666666667,0.75,0.75,0.0
2024-05-11,2023-2024,Fulham,Manchester City,1,0,4,1,16,1,9,9,6,1,7,1,1,0,4,0.6666666666666666,1.6666666666666667,0.25,2.25,-2.0
2024-05-19,2023-2024,Fulham,Luton Town,0,4,2,15,15,7,6,20,15,4,4,4,0,3,4,1.3333333333333333,1.3333333333333333,1.75,1.5,0.25
2024-08-16,2024-2025,Fulham,Manchester United,0,0,1,10,14,2,5,10,12,8,7,3,0,0,3,1.0,2.0,0.5,1.25,-0.75
2024-08-24,2024-2025,Fulham,Leicester City,1,2,1,18,10,6,4,14,13,7,5,2,0,3,2,2.0,1.0,1.5,1.0,0.5
2024-08-31,2024-2025,Fulham,Ipswich Town,0,1,1,9,11,4,4,15,15,6,8,3,0,1,3,1.3333333333333333,1.3333333333333333,1.0,1.0,0.0
2024-09-14,2024-2025,Fulham,West Ham United,1,1,1,21,11,5,3,15,18,3,2,2,0,1,2,1.6666666666666667,0.6666666666666666,1.25,0.75,0.5
2024-09-21,2024-2025,Fulham,Newcastle United,1,3,1,22,15,11,4,16,8,6,0,6,0,3,6,1.6666666666666667,0.6666666666666666,2.75,1.0,1.75
2024-09-28,2024-2025,Fulham,Nottingham Forest,0,1,0,14,11,2,1,15,11,5,6,4,0,3,4,2.3333333333333335,0.3333333333333333,0.5,0.25,0.25
2024-10-05,2024-2025,Fulham,Manchester City,0,2,3,11,20,4,7,10,4,3,8,1,0,0,1,2.0,1.0,1.0,1.75,-0.75
2024-10-19,2024-2025,Fulham,Aston Villa,1,1,3,10,14,4,5,8,11,6,11,3,1,0,6,1.0,2.0,1.0,1.25,-0.25
2024-10-26,2024-2025,Fulham,Everton,0,1,1,14,10,3,5,8,8,2,4,0,0,1,0,0.3333333333333333,2.3333333333333335,0.75,1.25,-0.5
2024-11-04,2024-2025,Fulham,Brentford,1,2,1,26,5,12,2,3,10,11,3,2,0,3,2,1.3333333333333333,1.3333333333333333,3.0,0.5,2.5
2024-11-09,2024-2025,Fulham,Crystal Palace,0,2,0,17,13,7,5,11,10,8,1,1,0,3,1,2.3333333333333335,0.3333333333333333,1.75,1.25,0.5
2024-11-23,2024-2025,Fulham,Wolverhampton Wanderers,1,1,4,10,10,3,5,14,14,7,2,3,0,0,3,2.0,1.0,0.75,1.25,-0.5
2024-12-01,2024-2025,Fulham,Tottenham Hotspur,0,1,1,14,8,6,3,14,4,11,7,1,1,1,4,1.3333333333333333,1.3333333333333333,1.5,0.75,0.75
2024-12-05,2024-2025,Fulham,Brighton and Hove Albion,1,3,1,6,13,2,3,7,8,5,6,2,0,3,2,1.3333333333333333,1.3333333333333333,0.5,0.75,-0.25
2024-12-08,2024-2025,Fulham,Arsenal,1,1,1,2,12,2,4,10,9,0,6,4,0,1,4,1.6666666666666667,0.6666666666666666,0.5,1.0,-0.5
2024-12-14,2024-2025,Fulham,Liverpool,0,2,2,12,16,3,4,7,10,4,5,4,0,1,4,1.6666666666666667,0.6666666666666666,0.75,1.0,-0.25
2024-12-22,2024-2025,Fulham,Southampton,1,0,0,16,5,5,1,8,15,6,5,1,0,1,1,1.0,1.0,1.25,0.25,1.0
2024-12-26,2024-2025,Fulham,Chelsea,0,2,1,14,12,7,8,13,13,1,3,3,0,3,3,1.6666666666666667,0.6666666666666666,1.75,2.0,-0.25
2024-12-29,2024-2025,Fulham,Bournemouth,1,2,2,11,16,6,9,7,16,1,7,1,0,1,1,1.6666666666666667,0.6666666666666666,1.5,2.25,-0.75
2025-01-05,2024-2025,Fulham,Ipswich Town,1,2,2,15,7,4,3,10,14,9,2,1,0,1,1,1.6666666666666667,0.6666666666666666,1.0,0.75,0.25
2025-01-14,2024-2025,Fulham,West Ham United,0,2,3,21,4,5,3,18,9,3,0,3,0,0,3,0.6666666666666666,1.6666666666666667,1.25,0.75,0.5
2025-01-18,2024-2025,Fulham,Leicester City,0,2,0,17,8,2,4,8,8,2,5,1,0,3,1,1.3333333333333333,1.3333333333333333,0.5,1.0,-0.5
2025-01-26,2024-2025,Fulham,Manchester United,1,0,1,9,4,3,1,7,9,3,0,0,0,0,0,1.0,2.0,0.75,0.25,0.5
2025-02-01,2024-2025,Fulham,Newcastle United,0,2,1,15,11,4,4,15,10,7,4,4,0,3,4,2.0,1.0,1.0,1.0,0.0
2025-02-15,2024-2025,Fulham,Nottingham Forest,1,2,1,24,8,10,2,13,8,8,4,0,0,3,0,2.0,1.0,2.5,0.5,2.0
2025-02-22,2024-2025,Fulham,Crystal Palace,1,0,2,10,10,0,5,10,7,7,7,1,0,0,1,2.0,1.0,0.0,1.25,-1.25
2025-02-25,2024-2025,Fulham,Wolverhampton Wanderers,0,2,1,11,18,5,5,15,8,5,7,3,0,3,3,2.0,1.0,1.25,1.25,0.0
2025-03-08,2024-2025,Fulham,Brighton and Hove Albion,0,1,2,6,9,1,4,12,6,7,3,2,0,0,2,1.0,2.0,0.25,1.0,-0.75
2025-03-16,2024-2025,Fulham,Tottenham Hotspur,1,2,0,13,12,4,4,13,10,6,5,0,0,3,0,2.0,1.0,1.0,1.0,0.0
2025-04-01,2024-2025,Fulham,Arsenal,0,1,2,9,17,3,4,10,2,4,5,2,0,0,2,1.0,2.0,0.75,1.0,-0.25
2025-04-06,2024-2025,Fulham,Liverpool,1,3,2,12,14,6,6,10,9,4,4,3,0,3,3,2.0,1.0,1.5,1.5,0.0
2025-04-14,2024-2025,Fulham,Bournemouth,0,0,1,12,12,7,3,10,11,9,6,2,0,0,2,1.0,2.0,1.75,0.75,1.0
2025-04-20,2024-2025,Fulham,Chelsea,1,1,2,6,13,1,8,13,9,6,4,1,0,0,1,1.0,2.0,0.25,2.0,-1.75
2025-04-26,2024-2025,Fulham,Southampton,0,2,1,26,7,5,3,12,10,13,0,1,0,3,1,1.0,2.0,1.25,0.75,0.5
2025-05-03,2024-2025,Fulham,Aston Villa,0,0,1,11,10,3,3,17,6,3,5,5,0,0,5,1.0,2.0,0.75,0.75,0.0
2025-05-10,2024-2025,Fulham,Everton,1,1,3,18,11,6,7,15,9,5,5,1,0,0,1,1.0,2.0,1.5,1.75,-0.25
2025-05-18,2024-2025,Fulham,Brentford,0,3,2,16,11,7,6,8,12,3,5,4,0,3,4,1.0,2.0,1.75,1.5,0.25
2025-05-25,2024-2025,Fulham,Manchester City,1,0,2,13,20,3,5,11,5,1,6,0,0,0,0,1.0,2.0,0.75,1.25,-0.5
2025-08-16,2025-2026,Fulham,Brighton and Hove Albion,0,1,1,7,10,2,4,15,16,3,4,3,0,1,3,1.3333333333333333,1.3333333333333333,0.5,1.0,-0.5
2025-08-24,2025-2026,Fulham,Manchester United,1,1,1,13,10,4,3,12,10,9,6,1,0,1,1,0.6666666666666666,1.6666666666666667,1.0,0.75,0.25
2025-08-30,2025-2026,Fulham,Chelsea,0,0,2,11,13,3,6,17,11,4,6,2,0,0,2,0.6666666666666666,1.6666666666666667,0.75,1.5,-0.75
2025-09-13,2025-2026,Fulham,Leeds United,1,1,0,5,10,3,3,20,15,3,3,1,0,3,1,1.3333333333333333,1.3333333333333333,0.75,0.75,0.0
2025-09-20,2025-2026,Fulham,Brentford,1,3,1,14,8,3,3,11,13,2,10,4,0,3,4,2.0,1.0,0.75,0.75,0.0
2025-09-28,2025-2026,Fulham,Aston Villa,0,1,3,11,9,4,4,13,10,8,2,4,0,0,4,2.0,1.0,1.0,1.0,0.0
2025-10-03,2025-2026,Fulham,Bournemouth,0,1,3,12,11,4,6,10,8,3,4,1,0,0,1,1.0,2.0,1.0,1.5,-0.5
2025-10-18,2025-2026,Fulham,Arsenal,1,0,1,9,16,0,5,11,4,6,10,0,0,0,0,0.0,3.0,0.0,1.25,-1.25
2025-10-25,2025-2026,Fulham,Newcastle United,0,1,2,12,18,5,7,18,11,3,4,2,0,0,2,0.0,3.0,1.25,1.75,-0.5
2025-11-01,2025-2026,Fulham,Wolverhampton Wanderers,1,3,0,19,5,6,2,13,14,10,1,1,0,3,1,1.0,2.0,1.5,0.5,1.0
2025-11-08,2025-2026,Fulham,Everton,0,0,2,8,14,4,5,14,11,5,7,2,0,0,2,1.0,2.0,1.0,1.25,-0.25
2024-08-17,2024-2025,Ipswich Town,Liverpool,1,0,2,7,18,2,5,9,18,2,10,3,0,0,3,0.0,3.0,0.5,1.25,-0.75
2024-08-24,2024-2025,Ipswich Town,Manchester City,0,1,4,1,14,1,5,15,4,1,10,3,0,0,3,0.0,3.0,0.25,1.25,-1.0
2024-08-31,2024-2025,Ipswich Town,Fulham,1,1,1,11,9,4,4,15,15,8,6,2,0,1,2,0.3333333333333333,2.3333333333333335,1.0,1.0,0.0
2024-09-14,2024-2025,Ipswich Town,Brighton and Hove Albion,0,0,0,6,21,1,6,16,14,2,9,3,0,1,3,0.6666666666666666,1.6666666666666667,0.25,1.5,-1.25
2024-09-21,2024-2025,Ipswich Town,Southampton,0,1,1,13,11,6,3,16,16,10,2,4,0,1,4,1.0,1.0,1.5,0.75,0.75
2024-09-29,2024-2025,Ipswich Town,Aston Villa,1,2,2,15,7,5,3,10,14,10,0,4,0,1,4,1.0,1.0,1.25,0.75,0.5
2024-10-05,2024-2025,Ipswich Town,West Ham United,0,1,4,9,23,2,13,6,12,5,5,1,0,0,1,0.6666666666666666,1.6666666666666667,0.5,3.25,-2.75
2024-10-19,2024-2025,Ipswich Town,Everton,1,0,2,13,11,2,8,12,10,5,8,1,0,0,1,0.3333333333333333,2.3333333333333335,0.5,2.0,-1.5
2024-10-26,2024-2025,Ipswich Town,Brentford,0,3,4,11,20,5,9,10,7,5,5,1,1,0,4,0.0,3.0,1.25,2.25,-1.0
2024-11-02,2024-2025,Ipswich Town,Leicester City,1,1,1,14,20,2,6,11,10,4,6,4,1,1,7,0.3333333333333333,2.3333333333333335,0.5,1.5,-1.0
2024-11-10,2024-2025,Ipswich Town,Tottenham Hotspur,0,2,1,8,17,3,5,19,10,2,12,5,0,3,5,1.3333333333333333,1.3333333333333333,0.75,1.25,-0.5
2024-11-24,2024-2025,Ipswich Town,Manchester United,1,1,1,11,11,6,4,11,10,4,3,0,0,1,0,1.6666666666666667,0.6666666666666666,1.5,1.0,0.5
2024-11-30,2024-2025,Ipswich Town,Nottingham Forest,0,0,1,7,12,3,5,16,5,7,8,3,0,0,3,1.3333333333333333,1.3333333333333333,0.75,1.25,-0.5
2024-12-03,2024-2025,Ipswich Town,Crystal Palace,1,0,1,9,13,2,3,14,13,4,7,2,0,0,2,0.3333333333333333,2.3333333333333335,0.5,0.75,-0.25
2024-12-08,2024-2025,Ipswich Town,Bournemouth,1,1,2,18,22,5,6,9,13,6,13,2,0,0,2,0.0,3.0,1.25,1.5,-0.25
2024-12-14,2024-2025,Ipswich Town,Wolverhampton Wanderers,0,2,1,10,16,5,6,9,13,3,7,2,0,3,2,1.0,2.0,1.25,1.5,-0.25
2024-12-21,2024-2025,Ipswich Town,Newcastle United,1,0,4,10,15,2,7,9,7,2,1,2,0,0,2,1.0,2.0,0.5,1.75,-1.25
2024-12-27,2024-2025,Ipswich Town,Arsenal,0,0,1,3,13,0,5,12,7,1,5,1,0,0,1,1.0,2.0,0.0,1.25,-1.25
2024-12-30,2024-2025,Ipswich Town,Chelsea,1,2,0,9,20,6,5,9,5,4,7,4,0,3,4,1.0,2.0,1.5,1.25,0.25
2025-01-05,2024-2025,Ipswich Town,Fulham,0,2,2,7,15,3,4,14,10,2,9,5,0,1,5,1.3333333333333333,1.3333333333333333,0.75,1.0,-0.25
2025-01-16,2024-2025,Ipswich Town,Brighton and Hove Albion,1,0,2,5,11,3,5,13,14,1,9,2,0,0,2,1.3333333333333333,1.3333333333333333,0.75,1.25,-0.5
2025-01-19,2024-2025,Ipswich Town,Manchester City,1,0,6,8,17,4,9,4,7,4,7,0,0,0,0,0.3333333333333333,2.3333333333333335,1.0,2.25,-1.25
2025-01-25,2024-2025,Ipswich Town,Liverpool,0,1,4,3,16,3,6,11,10,4,3,2,0,0,2,0.0,3.0,0.75,1.5,-0.75
2025-02-01,2024-2025,Ipswich Town,Southampton,1,1,2,15,9,6,4,11,14,1,2,0,0,0,0,0.0,3.0,1.5,1.0,0.5
2025-02-15,2024-2025,Ipswich Town,Aston Villa,0,1,1,4,25,3,6,11,7,1,16,3,1,1,6,0.3333333333333333,2.3333333333333335,0.75,1.5,-0.75
2025-02-22,2024-2025,Ipswich Town,Tottenham Hotspur,1,1,4,17,10,5,6,15,14,4,4,2,0,0,2,0.3333333333333333,2.3333333333333335,1.25,1.5,-0.25
2025-02-26,2024-2025,Ipswich Town,Manchester United,0,2,3,12,10,3,6,16,9,6,5,4,0,0,4,0.3333333333333333,2.3333333333333335,0.75,1.5,-0.75
2025-03-08,2024-2025,Ipswich Town,Crystal Palace,0,0,1,15,19,8,4,7,8,4,5,3,0,0,3,0.0,3.0,2.0,1.0,1.0
2025-03-15,2024-2025,Ipswich Town,Nottingham Forest,1,2,4,11,11,4,6,4,13,6,3,1,0,0,1,0.0,3.0,1.0,1.5,-0.5
2025-04-02,2024-2025,Ipswich Town,Bournemouth,0,2,1,10,24,2,7,15,14,3,8,2,0,3,2,1.0,2.0,0.5,1.75,-1.25
2025-04-05,2024-2025,Ipswich Town,Wolverhampton Wanderers,1,1,2,6,22,2,7,12,16,4,8,2,0,0,2,1.0,2.0,0.5,1.75,-1.25
2025-04-13,2024-2025,Ipswich Town,Chelsea,0,2,2,13,34,4,9,7,11,4,15,2,0,1,2,1.3333333333333333,1.3333333333333333,1.0,2.25,-1.25
2025-04-20,2024-2025,Ipswich Town,Arsenal,1,0,4,4,24,0,7,10,7,0,12,0,1,0,3,0.3333333333333333,2.3333333333333335,0.0,1.75,-1.75
2025-04-26,2024-2025,Ipswich Town,Newcastle United,0,0,3,4,25,0,5,9,9,2,11,2,1,0,5,0.3333333333333333,2.3333333333333335,0.0,1.25,-1.25
2025-05-03,2024-2025,Ipswich Town,Everton,0,2,2,12,8,5,3,15,12,3,3,4,0,1,4,0.3333333333333333,2.3333333333333335,1.25,0.75,0.5
2025-05-10,2024-2025,Ipswich Town,Brentford,1,0,1,11,15,4,5,6,12,5,6,2,0,0,2,0.3333333333333333,2.3333333333333335,1.0,1.25,-0.25
2025-05-18,2024-2025,Ipswich Town,Leicester City,0,0,2,20,9,2,3,12,15,2,2,0,0,0,0,0.3333333333333333,2.3333333333333335,0.5,0.75,-0.25
2025-05-25,2024-2025,Ipswich Town,West Ham United,1,1,3,14,10,4,6,10,9,4,0,1,0,0,1,0.0,3.0,1.0,1.5,-0.5
2020-09-12,2020-2021,Leeds United,Liverpool,0,3,4,6,22,3,6,6,9,0,9,0,0,0,0,0.0,3.0,0.75,1.5,-0.75
2020-09-19,2020-2021,Leeds United,Fulham,1,4,3,10,14,7,6,13,18,5,3,1,0,3,1,1.5,1.5,1.75,1.5,0.25
2020-09-27,2020-2021,Leeds United,Sheffield United,0,1,0,17,14,9,4,4,18,7,5,1,0,3,1,2.0,1.0,2.25,1.0,1.25
2020-10-03,2020-2021,Leeds United,Manchester City,1,1,1,12,23,7,2,11,12,7,10,2,0,1,2,2.3333333333333335,0.3333333333333333,1.75,0.5,1.25
2020-10-19,2020-2021,Leeds United,Wolverhampton Wanderers,1,0,1,13,7,2,3,13,12,8,3,2,0,0,2,1.3333333333333333,1.3333333333333333,0.5,0.75,-0.25
2020-10-23,2020-2021,Leeds United,Aston Villa,0,3,0,27,12,9,4,17,14,5,6,2,0,3,2,1.3333333333333333,1.3333333333333333,2.25,1.0,1.25
2020-11-02,2020-2021,Leeds United,Leicester City,1,1,4,11,10,4,8,9,5,10,3,1,0,0,1,1.0,2.0,1.0,2.0,-1.0
2020-11-07,2020-2021,Leeds United,Crystal Palace,0,1,4,9,10,3,6,1,9,6,3,2,0,0,2,1.0,2.0,0.75,1.5,-0.75
2020-11-22,2020-2021,Leeds United,Arsenal,1,0,0,25,9,4,2,9,8,5,3,3,0,1,3,0.3333333333333333,2.3333333333333335,1.0,0.5,0.5
2020-11-28,2020-2021,Leeds United,Everton,0,1,0,23,15,7,8,14,8,2,4,2,0,3,2,1.3333333333333333,1.3333333333333333,1.75,2.0,-0.25
2020-12-05,2020-2021,Leeds United,Chelsea,0,1,3,8,23,3,11,9,12,4,8,2,0,0,2,1.3333333333333333,1.3333333333333333,0.75,2.75,-2.0
2020-12-11,2020-2021,Leeds United,West Ham United,1,1,2,13,19,7,8,12,10,5,6,1,0,0,1,1.0,2.0,1.75,2.0,-0.25
2020-12-16,2020-2021,Leeds United,Newcastle United,1,5,2,25,10,10,4,10,13,7,4,3,0,3,3,1.0,2.0,2.5,1.0,1.5
2020-12-20,2020-2021,Leeds United,Manchester United,0,2,6,17,26,3,14,6,6,13,11,0,0,0,0,1.0,2.0,0.75,3.5,-2.75
2020-12-27,2020-2021,Leeds United,Burnley,1,1,0,11,14,4,6,8,14,4,12,0,0,3,0,2.0,1.0,1.0,1.5,-0.5
2020-12-29,2020-2021,Leeds United,West Brom,0,5,0,14,4,6,1,10,7,10,3,1,0,3,1,2.0,1.0,1.5,0.25,1.25
2021-01-02,2020-2021,Leeds United,Tottenham Hotspur,0,0,3,18,20,5,7,13,15,5,3,1,0,0,1,2.0,1.0,1.25,1.75,-0.5
2021-01-16,2020-2021,Leeds United,Brighton and Hove Albion,1,0,1,7,7,2,2,8,9,5,2,1,0,0,1,1.0,2.0,0.5,0.5,0.0
2021-01-26,2020-2021,Leeds United,Newcastle United,0,2,1,9,22,2,5,15,10,5,9,3,0,3,3,1.0,2.0,0.5,1.25,-0.75
2021-01-31,2020-2021,Leeds United,Leicester City,0,3,1,8,18,7,8,16,17,4,6,3,0,3,3,2.0,1.0,1.75,2.0,-0.25
2021-02-03,2020-2021,Leeds United,Everton,1,1,2,16,10,7,6,12,12,7,1,2,0,0,2,2.0,1.0,1.75,1.5,0.25
2021-02-08,2020-2021,Leeds United,Crystal Palace,1,2,0,17,8,7,3,7,8,5,3,0,0,3,0,2.0,1.0,1.75,0.75,1.0
2021-02-14,2020-2021,Leeds United,Arsenal,0,2,4,9,13,5,5,17,8,5,4,2,0,0,2,1.0,2.0,1.25,1.25,0.0
2021-02-19,2020-2021,Leeds United,Wolverhampton Wanderers,0,0,1,18,15,7,5,8,13,9,7,0,0,0,0,1.0,2.0,1.75,1.25,0.5
2021-02-23,2020-2021,Leeds United,Southampton,1,3,0,11,13,7,5,11,13,2,4,1,0,3,1,1.0,2.0,1.75,1.25,0.5
2021-02-27,2020-2021,Leeds United,Aston Villa,1,0,1,13,9,3,4,14,14,7,5,3,0,0,3,1.0,2.0,0.75,1.0,-0.25
2021-03-08,2020-2021,Leeds United,West Ham United,0,0,2,17,16,2,5,9,9,6,6,1,0,0,1,1.0,2.0,0.5,1.25,-0.75
2021-03-13,2020-2021,Leeds United,Chelsea,1,0,0,7,15,4,8,16,6,8,5,3,0,1,3,0.3333333333333333,2.3333333333333335,1.0,2.0,-1.0
2021-03-19,2020-2021,Leeds United,Fulham,0,2,1,13,13,4,6,12,13,7,13,2,0,3,2,1.3333333333333333,1.3333333333333333,1.0,1.5,-0.5
2021-04-03,2020-2021,Leeds United,Sheffield United,1,2,1,23,9,8,1,12,13,5,7,1,0,3,1,2.3333333333333335,0.3333333333333333,2.0,0.25,1.75
2021-04-10,2020-2021,Leeds United,Manchester City,0,2,1,2,29,2,7,15,12,3,9,1,1,3,4,3.0,0.0,0.5,1.75,-1.25
2021-04-19,2020-2021,Leeds United,Liverpool,1,1,1,12,17,5,7,17,15,10,8,2,0,1,2,2.3333333333333335,0.3333333333333333,1.25,1.75,-0.5
2021-04-25,2020-2021,Leeds United,Manchester United,1,0,0,6,16,3,4,21,11,2,6,4,0,1,4,1.6666666666666667,0.6666666666666666,0.75,1.0,-0.25
2021-05-01,2020-2021,Leeds United,Brighton and Hove Albion,0,0,2,11,17,2,5,6,17,9,2,1,0,0,1,0.6666666666666666,1.6666666666666667,0.5,1.25,-0.75
2021-05-08,2020-2021,Leeds United,Tottenham Hotspur,1,3,1,16,11,7,3,12,10,8,6,1,0,3,1,1.3333333333333333,1.3333333333333333,1.75,0.75,1.0
2021-05-15,2020-2021,Leeds United,Burnley,0,4,0,16,16,6,4,10,10,8,6,1,0,3,1,2.0,1.0,1.5,1.0,0.5
2021-05-18,2020-2021,Leeds United,Southampton,0,2,0,15,18,7,3,12,10,5,4,3,0,3,3,3.0,0.0,1.75,0.75,1.0
2021-05-23,2020-2021,Leeds United,West Brom,1,3,1,17,14,9,5,12,12,8,3,2,0,3,2,3.0,0.0,2.25,1.25,1.0
2021-08-14,2021-2022,Leeds United,Manchester United,0,1,5,10,16,3,8,9,11,4,5,2,0,0,2,2.0,1.0,0.75,2.0,-1.25
2021-08-21,2021-2022,Leeds United,Everton,1,2,2,17,17,4,8,6,13,8,5,2,0,1,2,1.3333333333333333,1.3333333333333333,1.0,2.0,-1.0
2021-08-29,2021-2022,Leeds United,Burnley,0,1,1,12,12,2,3,9,13,5,5,3,0,1,3,0.6666666666666666,1.6666666666666667,0.5,0.75,-0.25
2021-09-12,2021-2022,Leeds United,Liverpool,1,0,3,9,30,4,9,9,8,2,11,2,1,0,5,0.6666666666666666,1.6666666666666667,1.0,2.25,-1.25
2021-09-17,2021-2022,Leeds United,Newcastle United,0,1,1,22,17,9,7,11,9,5,4,2,0,1,2,0.6666666666666666,1.6666666666666667,2.25,1.75,0.5
2021-09-25,2021-2022,Leeds United,West Ham United,1,1,2,15,20,5,7,10,6,5,7,3,0,0,3,0.3333333333333333,2.3333333333333335,1.25,1.75,-0.5
2021-10-02,2021-2022,Leeds United,Watford,1,1,0,20,5,4,1,10,16,6,3,0,0,3,0,1.3333333333333333,1.3333333333333333,1.0,0.25,0.75
2021-10-16,2021-2022,Leeds United,Southampton,0,0,1,3,19,0,5,14,16,1,8,3,0,0,3,1.0,2.0,0.0,1.25,-1.25
2021-10-23,2021-2022,Leeds United,Wolverhampton Wanderers,1,1,1,18,8,4,4,15,14,6,3,2,0,1,2,1.3333333333333333,1.3333333333333333,1.0,1.0,0.0
2021-10-31,2021-2022,Leeds United,Norwich City,0,2,1,13,14,6,3,23,14,0,5,4,0,3,4,1.3333333333333333,1.3333333333333333,1.5,0.75,0.75
2021-11-07,2021-2022,Leeds United,Leicester City,1,1,1,18,9,5,3,12,5,10,5,1,0,1,1,1.6666666666666667,0.6666666666666666,1.25,0.75,0.5
2021-11-21,2021-2022,Leeds United,Tottenham Hotspur,0,1,2,18,13,7,4,12,11,8,4,4,0,0,4,1.3333333333333333,1.3333333333333333,1.75,1.0,0.75
2021-11-27,2021-2022,Leeds United,Brighton and Hove Albion,0,0,0,11,20,4,4,14,12,1,6,3,0,1,3,0.6666666666666666,1.6666666666666667,1.0,1.0,0.0
2021-11-30,2021-2022,Leeds United,Crystal Palace,1,1,0,15,9,3,1,15,15,7,4,5,0,3,5,1.3333333333333333,1.3333333333333333,0.75,0.25,0.5
2021-12-05,2021-2022,Leeds United,Brentford,1,2,2,13,9,6,3,11,9,5,1,5,0,1,5,1.6666666666666667,0.6666666666666666,1.5,0.75,0.75
2021-12-11,2021-2022,Leeds United,Chelsea,0,2,3,12,16,5,6,15,9,2,5,5,0,0,5,1.3333333333333333,1.3333333333333333,1.25,1.5,-0.25
2021-12-14,2021-2022,Leeds United,Manchester City,0,0,7,6,31,3,15,9,5,2,6,1,0,0,1,0.3333333333333333,2.3333333333333335,0.75,3.75,-3.0
2021-12-18,2021-2022,Leeds United,Arsenal,1,1,4,9,21,2,12,11,7,1,4,3,0,0,3,0.0,3.0,0.5,3.0,-2.5
2022-01-02,2021-2022,Leeds United,Burnley,1,3,1,22,8,7,2,11,7,9,3,2,0,3,2,1.0,2.0,1.75,0.5,1.25
2022-01-16,2021-2022,Leeds United,West Ham United,0,3,2,18,15,5,5,9,6,3,4,2,0,3,2,2.0,1.0,1.25,1.25,0.0
2022-01-22,2021-2022,Leeds United,Newcastle United,1,0,1,13,15,4,3,9,9,6,7,4,0,0,4,2.0,1.0,1.0,0.75,0.25
2022-02-09,2021-2022,Leeds United,Aston Villa,0,3,3,16,12,8,4,9,11,11,6,3,0,1,3,1.3333333333333333,1.3333333333333333,2.0,1.0,1.0
2022-02-12,2021-2022,Leeds United,Everton,0,0,3,7,21,0,10,9,8,3,5,1,0,0,1,0.3333333333333333,2.3333333333333335,0.0,2.5,-2.5
2022-02-20,2021-2022,Leeds United,Manchester United,1,2,4,16,15,6,9,13,19,3,3,6,0,0,6,0.3333333333333333,2.3333333333333335,1.5,2.25,-0.75
2022-02-23,2021-2022,Leeds United,Liverpool,0,0,6,3,23,2,15,11,5,0,4,3,0,0,3,0.0,3.0,0.5,3.75,-3.25
2022-02-26,2021-2022,Leeds United,Tottenham Hotspur,1,0,4,19,15,3,11,16,11,3,6,4,0,0,4,0.0,3.0,0.75,2.75,-2.0
2022-03-05,2021-2022,Leeds United,Leicester City,0,0,1,19,7,4,4,12,9,10,5,2,0,0,2,0.0,3.0,1.0,1.0,0.0
2022-03-10,2021-2022,Leeds United,Aston Villa,1,0,3,4,15,1,9,17,11,3,5,5,0,0,5,0.0,3.0,0.25,2.25,-2.0
2022-03-13,2021-2022,Leeds United,Norwich City,1,2,1,13,12,7,4,18,8,6,2,3,0,3,3,1.0,2.0,1.75,1.0,0.75
2022-03-18,2021-2022,Leeds United,Wolverhampton Wanderers,0,3,2,15,14,6,8,14,13,5,2,4,0,3,4,2.0,1.0,1.5,2.0,-0.5
2022-04-02,2021-2022,Leeds United,Southampton,1,1,1,12,14,3,6,14,7,4,7,1,0,1,1,2.3333333333333335,0.3333333333333333,0.75,1.5,-0.75
2022-04-09,2021-2022,Leeds United,Watford,0,3,0,10,8,5,1,12,8,8,3,0,0,3,0,2.3333333333333335,0.3333333333333333,1.25,0.25,1.0
2022-04-25,2021-2022,Leeds United,Crystal Palace,0,0,0,9,17,2,7,13,12,3,6,2,0,1,2,1.6666666666666667,0.6666666666666666,0.5,1.75,-1.25
2022-04-30,2021-2022,Leeds United,Manchester City,1,0,4,7,19,2,6,13,3,3,6,1,0,0,1,1.3333333333333333,1.3333333333333333,0.5,1.5,-1.0
2022-05-08,2021-2022,Leeds United,Arsenal,0,1,2,3,19,2,9,15,13,2,8,2,1,0,5,0.3333333333333333,2.3333333333333335,0.5,2.25,-1.75
2022-05-11,2021-2022,Leeds United,Chelsea,1,0,3,5,17,0,4,10,14,1,5,1,1,0,4,0.0,3.0,0.0,1.0,-1.0
2022-05-15,2021-2022,Leeds United,Brighton and Hove Albion,1,1,1,19,16,5,6,16,8,8,1,3,0,1,3,0.3333333333333333,2.3333333333333335,1.25,1.5,-0.25
2022-05-22,2021-2022,Leeds United,Brentford,0,2,1,14,14,6,5,13,11,2,3,1,0,3,1,1.3333333333333333,1.3333333333333333,1.5,1.25,0.25
2022-08-06,2022-2023,Leeds United,Wolverhampton Wanderers,1,2,1,12,15,4,6,13,9,6,4,2,0,3,2,2.3333333333333335,0.3333333333333333,1.0,1.5,-0.5
2022-08-13,2022-2023,Leeds United,Southampton,0,2,2,13,14,5,4,12,10,5,2,3,0,1,3,2.3333333333333335,0.3333333333333333,1.25,1.0,0.25
2022-08-21,2022-2023,Leeds United,Chelsea,1,3,0,12,14,6,3,16,15,4,6,0,0,3,0,2.3333333333333335,0.3333333333333333,1.5,0.75,0.75
2022-08-27,2022-2023,Leeds United,Brighton and Hove Albion,0,0,1,10,13,2,4,14,10,3,5,3,0,0,3,1.3333333333333333,1.3333333333333333,0.5,1.0,-0.5
2022-08-30,2022-2023,Leeds United,Everton,1,1,1,14,7,5,2,10,9,10,2,3,0,1,3,1.3333333333333333,1.3333333333333333,1.25,0.5,0.75
2022-09-03,2022-2023,Leeds United,Brentford,0,2,5,17,14,6,8,9,8,6,2,2,0,0,2,0.3333333333333333,2.3333333333333335,1.5,2.0,-0.5
2022-10-02,2022-2023,Leeds United,Aston Villa,1,0,0,9,19,1,7,23,12,2,9,3,1,1,6,0.6666666666666666,1.6666666666666667,0.25,1.75,-1.5
2022-10-09,2022-2023,Leeds United,Crystal Palace,0,1,2,10,13,4,5,23,13,3,5,3,0,0,3,0.3333333333333333,2.3333333333333335,1.0,1.25,-0.25
2022-10-16,2022-2023,Leeds United,Arsenal,1,0,1,16,9,4,4,10,11,6,3,0,0,0,0,0.3333333333333333,2.3333333333333335,1.0,1.0,0.0
2022-10-20,2022-2023,Leeds United,Leicester City,0,0,2,14,5,2,1,11,15,9,2,1,0,0,1,0.0,3.0,0.5,0.25,0.25
2022-10-23,2022-2023,Leeds United,Fulham,1,2,3,14,11,5,5,12,8,3,6,1,0,0,1,0.0,3.0,1.25,1.25,0.0
2022-10-29,2022-2023,Leeds United,Liverpool,0,2,1,14,22,6,10,3,9,5,14,1,0,3,1,1.0,2.0,1.5,2.5,-1.0
2022-11-05,2022-2023,Leeds United,Bournemouth,1,4,3,18,9,4,6,16,10,13,3,2,0,3,2,2.0,1.0,1.0,1.5,-0.5
2022-11-12,2022-2023,Leeds United,Tottenham Hotspur,0,3,4,12,14,5,8,7,8,2,9,1,1,0,4,2.0,1.0,1.25,2.0,-0.75
2022-12-28,2022-2023,Leeds United,Manchester City,1,1,3,9,26,1,9,11,14,3,5,3,0,0,3,1.0,2.0,0.25,2.25,-2.0
2022-12-31,2022-2023,Leeds United,Newcastle United,0,0,0,8,16,1,5,19,13,3,9,5,0,1,5,0.3333333333333333,2.3333333333333335,0.25,1.25,-1.0
2023-01-04,2022-2023,Leeds United,West Ham United,1,2,2,14,15,6,2,11,18,8,1,3,0,1,3,0.6666666666666666,1.6666666666666667,1.5,0.5,1.0
2023-01-13,2022-2023,Leeds United,Aston Villa,0,1,2,16,11,4,5,8,12,11,0,2,0,0,2,0.6666666666666666,1.6666666666666667,1.0,1.25,-0.25
2023-01-22,2022-2023,Leeds United,Brentford,1,0,0,9,6,5,0,10,18,2,3,2,0,1,2,0.6666666666666666,1.6666666666666667,1.25,0.0,1.25
2023-02-05,2022-2023,Leeds United,Nottingham Forest,0,0,1,10,6,4,2,14,15,2,0,2,0,0,2,0.3333333333333333,2.3333333333333335,1.0,0.5,0.5
2023-02-08,2022-2023,Leeds United,Manchester United,0,2,2,8,24,2,7,11,7,5,6,3,0,1,3,0.6666666666666666,1.6666666666666667,0.5,1.75,-1.25
2023-02-12,2022-2023,Leeds United,Manchester United,1,0,2,16,11,6,5,10,13,7,3,2,0,0,2,0.3333333333333333,2.3333333333333335,1.5,1.25,0.25
2023-02-18,2022-2023,Leeds United,Everton,0,0,1,8,15,0,6,6,8,4,6,3,0,0,3,0.3333333333333333,2.3333333333333335,0.0,1.5,-1.5
2023-02-25,2022-2023,Leeds United,Southampton,1,1,0,14,8,4,2,15,13,9,2,2,0,3,2,1.0,2.0,1.0,0.5,0.5
2023-03-04,2022-2023,Leeds United,Chelsea,0,0,1,11,13,2,3,7,10,7,5,0,0,0,0,1.0,2.0,0.5,0.75,-0.25
2023-03-11,2022-2023,Leeds United,Brighton and Hove Albion,1,2,2,12,14,4,2,12,9,4,7,1,0,1,1,1.3333333333333333,1.3333333333333333,1.0,0.5,0.5
2023-03-18,2022-2023,Leeds United,Wolverhampton Wanderers,0,4,2,11,23,4,8,9,15,4,5,5,0,3,5,1.3333333333333333,1.3333333333333333,1.0,2.0,-1.0
2023-04-01,2022-2023,Leeds United,Arsenal,0,1,4,7,13,5,6,13,11,3,4,2,0,0,2,1.3333333333333333,1.3333333333333333,1.25,1.5,-0.25
2023-04-04,2022-2023,Leeds United,Nottingham Forest,1,2,1,21,13,6,1,11,13,11,4,1,0,3,1,2.0,1.0,1.5,0.25,1.25
2023-04-09,2022-2023,Leeds United,Crystal Palace,1,1,5,11,16,7,8,11,8,2,4,3,0,0,3,1.0,2.0,1.75,2.0,-0.25
2023-04-17,2022-2023,Leeds United,Liverpool,1,1,6,13,13,3,7,6,12,4,2,0,0,0,0,1.0,2.0,0.75,1.75,-1.0
2023-04-22,2022-2023,Leeds United,Fulham,0,1,2,10,12,2,5,15,10,6,8,4,0,0,4,0.0,3.0,0.5,1.25,-0.75
2023-04-25,2022-2023,Leeds United,Leicester City,1,1,1,13,15,3,3,14,15,3,6,4,0,1,4,0.3333333333333333,2.3333333333333335,0.75,0.75,0.0
2023-04-30,2022-2023,Leeds United,Bournemouth,0,1,4,15,12,6,7,14,12,6,2,0,0,0,0,0.3333333333333333,2.3333333333333335,1.5,1.75,-0.25
2023-05-06,2022-2023,Leeds United,Manchester City,0,1,2,4,18,2,6,16,3,1,10,3,0,0,3,0.3333333333333333,2.3333333333333335,0.5,1.5,-1.0
2023-05-13,2022-2023,Leeds United,Newcastle United,1,2,2,9,18,4,5,16,14,2,6,3,1,1,6,0.3333333333333333,2.3333333333333335,1.0,1.25,-0.25
2023-05-21,2022-2023,Leeds United,West Ham United,0,1,3,12,19,3,9,11,6,5,9,3,0,0,3,0.3333333333333333,2.3333333333333335,0.75,2.25,-1.5
2023-05-28,2022-2023,Leeds United,Tottenham Hotspur,1,1,4,19,11,2,7,7,5,12,3,3,0,0,3,0.3333333333333333,2.3333333333333335,0.5,1.75,-1.25
2025-08-18,2025-2026,Leeds United,Everton,1,1,0,21,7,3,1,6,8,7,2,0,0,3,0,1.0,2.0,0.75,0.25,0.5
2025-08-23,2025-2026,Leeds United,Arsenal,0,0,5,3,18,1,5,11,8,2,2,2,0,0,2,1.0,2.0,0.25,1.25,-1.0
2025-08-30,2025-2026,Leeds United,Newcastle United,1,0,0,10,8,1,2,10,15,5,5,1,0,1,1,1.3333333333333333,1.3333333333333333,0.25,0.5,-0.25
2025-09-13,2025-2026,Leeds United,Fulham,0,0,1,10,5,3,3,15,20,3,3,2,0,0,2,0.3333333333333333,2.3333333333333335,0.75,0.75,0.0
2025-09-20,2025-2026,Leeds United,Wolverhampton Wanderers,0,3,1,6,16,4,6,9,11,0,4,1,0,3,1,1.3333333333333333,1.3333333333333333,1.0,1.5,-0.5
2025-09-27,2025-2026,Leeds United,Bournemouth,1,2,2,19,12,8,5,12,13,7,4,2,0,1,2,1.3333333333333333,1.3333333333333333,2.0,1.25,0.75
2025-10-04,2025-2026,Leeds United,Tottenham Hotspur,1,1,2,16,9,4,3,10,12,4,1,2,0,0,2,1.3333333333333333,1.3333333333333333,1.0,0.75,0.25
2025-10-18,2025-2026,Leeds United,Burnley,0,0,2,19,4,4,3,7,10,5,1,1,0,0,1,0.3333333333333333,2.3333333333333335,1.0,0.75,0.25
2025-10-24,2025-2026,Leeds United,West Ham United,1,2,1,13,9,5,3,12,11,3,4,3,0,3,3,1.0,2.0,1.25,0.75,0.5
2025-11-01,2025-2026,Leeds United,Brighton and Hove Albion,0,0,3,5,14,2,7,7,10,7,4,1,0,0,1,1.0,2.0,0.5,1.75,-1.25
2025-11-09,2025-2026,Leeds United,Nottingham Forest,0,1,3,10,14,3,6,11,10,4,6,1,0,0,1,1.0,2.0,0.75,1.5,-0.75
2020-09-13,2020-2021,Leicester City,West Brom,0,3,0,13,7,7,1,9,12,5,2,1,0,3,1,3.0,0.0,1.75,0.25,1.5
2020-09-20,2020-2021,Leicester City,Burnley,1,4,2,14,16,6,5,11,13,15,4,1,0,3,1,3.0,0.0,1.5,1.25,0.25
2020-09-27,2020-2021,Leicester City,Manchester City,0,5,2,7,16,7,5,8,13,4,3,3,0,3,3,3.0,0.0,1.75,1.25,0.5
2020-10-04,2020-2021,Leicester City,West Ham United,1,0,3,4,14,0,6,11,8,6,4,2,0,0,2,2.0,1.0,0.0,1.5,-1.5
2020-10-18,2020-2021,Leicester City,Aston Villa,1,0,1,11,10,5,4,18,18,2,7,4,0,0,4,1.0,2.0,1.25,1.0,0.25
2020-10-25,2020-2021,Leicester City,Arsenal,0,1,0,6,12,2,4,9,13,3,9,5,0,3,5,1.0,2.0,0.5,1.0,-0.5
2020-11-02,2020-2021,Leicester City,Leeds United,0,4,1,10,11,8,4,5,9,3,10,1,0,3,1,2.0,1.0,2.0,1.0,1.0
2020-11-08,2020-2021,Leicester City,Wolverhampton Wanderers,1,1,0,10,7,3,2,12,8,6,3,2,0,3,2,3.0,0.0,0.75,0.5,0.25
2020-11-22,2020-2021,Leicester City,Liverpool,0,0,3,11,24,4,13,6,15,3,10,2,0,0,2,2.0,1.0,1.0,3.25,-2.25
2020-11-30,2020-2021,Leicester City,Fulham,1,1,2,16,10,3,5,9,21,6,5,0,0,0,0,1.0,2.0,0.75,1.25,-0.5
2020-12-06,2020-2021,Leicester City,Sheffield United,0,2,1,13,4,4,1,6,13,5,6,3,0,3,3,1.0,2.0,1.0,0.25,0.75
2020-12-13,2020-2021,Leicester City,Brighton and Hove Albion,1,3,0,15,12,6,4,9,11,9,5,2,0,3,2,2.0,1.0,1.5,1.0,0.5
2020-12-16,2020-2021,Leicester City,Everton,1,0,2,14,11,2,6,12,9,4,6,2,0,0,2,2.0,1.0,0.5,1.5,-1.0
2020-12-20,2020-2021,Leicester City,Tottenham Hotspur,0,2,0,17,8,4,3,14,15,3,5,2,0,3,2,2.0,1.0,1.0,0.75,0.25
2020-12-26,2020-2021,Leicester City,Manchester United,1,2,2,10,9,2,4,10,17,5,0,2,0,1,2,1.3333333333333333,1.3333333333333333,0.5,1.0,-0.5
2020-12-28,2020-2021,Leicester City,Crystal Palace,0,1,1,17,4,3,1,7,10,5,2,1,0,1,1,1.6666666666666667,0.6666666666666666,0.75,0.25,0.5
2021-01-03,2020-2021,Leicester City,Newcastle United,0,2,1,9,8,3,2,11,10,6,3,2,0,3,2,1.6666666666666667,0.6666666666666666,0.75,0.5,0.25
2021-01-16,2020-2021,Leicester City,Southampton,1,2,0,16,8,5,3,10,11,2,5,2,0,3,2,2.3333333333333335,0.3333333333333333,1.25,0.75,0.5
2021-01-19,2020-2021,Leicester City,Chelsea,1,2,0,8,9,6,5,7,16,6,3,1,0,3,1,3.0,0.0,1.5,1.25,0.25
2021-01-27,2020-2021,Leicester City,Everton,0,1,1,19,8,6,2,10,12,11,5,1,0,1,1,2.3333333333333335,0.3333333333333333,1.5,0.5,1.0
2021-01-31,2020-2021,Leicester City,Leeds United,1,1,3,18,8,8,7,17,16,6,4,0,0,0,0,1.3333333333333333,1.3333333333333333,2.0,1.75,0.25
2021-02-03,2020-2021,Leicester City,Fulham,0,2,0,9,8,5,1,10,17,2,5,1,0,3,1,1.3333333333333333,1.3333333333333333,1.25,0.25,1.0
2021-02-07,2020-2021,Leicester City,Wolverhampton Wanderers,0,0,0,13,13,3,1,15,11,2,8,3,0,1,3,1.3333333333333333,1.3333333333333333,0.75,0.25,0.5
2021-02-13,2020-2021,Leicester City,Liverpool,1,3,1,11,15,6,4,9,6,2,12,1,0,3,1,2.3333333333333335,0.3333333333333333,1.5,1.0,0.5
2021-02-21,2020-2021,Leicester City,Aston Villa,0,2,1,16,11,7,2,12,11,8,7,1,0,3,1,2.3333333333333335,0.3333333333333333,1.75,0.5,1.25
2021-02-28,2020-2021,Leicester City,Arsenal,1,1,3,8,12,3,4,15,3,2,7,2,0,0,2,2.0,1.0,0.75,1.0,-0.25
2021-03-03,2020-2021,Leicester City,Burnley,0,1,1,15,12,4,7,12,6,8,5,2,0,1,2,1.3333333333333333,1.3333333333333333,1.0,1.75,-0.75
2021-03-06,2020-2021,Leicester City,Brighton and Hove Albion,0,2,1,8,7,4,2,8,14,6,6,1,0,3,1,1.3333333333333333,1.3333333333333333,1.0,0.5,0.5
2021-03-14,2020-2021,Leicester City,Sheffield United,1,5,0,19,1,10,0,10,9,9,1,0,0,3,0,2.3333333333333335,0.3333333333333333,2.5,0.0,2.5
2021-04-03,2020-2021,Leicester City,Manchester City,1,0,2,5,11,2,4,13,12,1,1,2,0,0,2,2.0,1.0,0.5,1.0,-0.5
2021-04-11,2020-2021,Leicester City,West Ham United,0,2,3,15,4,5,4,13,7,9,1,3,0,0,3,1.0,2.0,1.25,1.0,0.25
2021-04-22,2020-2021,Leicester City,West Brom,1,3,0,17,4,7,1,13,12,7,3,0,0,3,0,1.0,2.0,1.75,0.25,1.5
2021-04-26,2020-2021,Leicester City,Crystal Palace,1,2,1,13,4,5,2,13,12,7,2,0,0,3,0,2.0,1.0,1.25,0.5,0.75
2021-04-30,2020-2021,Leicester City,Southampton,0,1,1,23,5,9,3,13,9,10,0,0,0,1,0,2.3333333333333335,0.3333333333333333,2.25,0.75,1.5
2021-05-07,2020-2021,Leicester City,Newcastle United,1,2,4,25,14,9,6,12,9,9,6,1,0,0,1,1.3333333333333333,1.3333333333333333,2.25,1.5,0.75
2021-05-11,2020-2021,Leicester City,Manchester United,0,2,1,12,4,3,1,12,9,4,3,0,0,3,0,1.3333333333333333,1.3333333333333333,0.75,0.25,0.5
2021-05-18,2020-2021,Leicester City,Chelsea,0,1,2,7,17,3,6,16,15,5,6,4,0,0,4,1.0,2.0,0.75,1.5,-0.75
2021-05-23,2020-2021,Leicester City,Tottenham Hotspur,1,2,4,10,11,6,4,9,8,8,7,0,0,0,0,1.0,2.0,1.5,1.0,0.5
2021-08-14,2021-2022,Leicester City,Wolverhampton Wanderers,1,1,0,9,17,5,3,6,10,5,4,1,0,3,1,1.0,2.0,1.25,0.75,0.5
2021-08-23,2021-2022,Leicester City,West Ham United,0,1,4,5,13,1,7,8,8,0,10,1,1,0,4,1.0,2.0,0.25,1.75,-1.5
2021-08-28,2021-2022,Leicester City,Norwich City,0,2,1,9,14,3,4,9,8,9,9,1,0,3,1,2.0,1.0,0.75,1.0,-0.25
2021-09-11,2021-2022,Leicester City,Manchester City,1,0,1,6,25,1,8,4,11,5,8,1,0,0,1,1.0,2.0,0.25,2.0,-1.75
2021-09-19,2021-2022,Leicester City,Brighton and Hove Albion,0,1,2,14,12,3,5,10,8,9,4,1,0,0,1,1.0,2.0,0.75,1.25,-0.5
2021-09-25,2021-2022,Leicester City,Burnley,1,2,2,22,9,5,3,10,8,8,4,2,0,1,2,0.3333333333333333,2.3333333333333335,1.25,0.75,0.5
2021-10-03,2021-2022,Leicester City,Crystal Palace,0,2,2,9,18,5,4,11,15,3,1,3,0,1,3,0.6666666666666666,1.6666666666666667,1.25,1.0,0.25
2021-10-16,2021-2022,Leicester City,Manchester United,1,4,2,22,18,11,6,5,17,4,3,0,0,3,0,1.6666666666666667,0.6666666666666666,2.75,1.5,1.25
2021-10-24,2021-2022,Leicester City,Brentford,0,2,1,10,15,6,5,7,13,2,9,1,0,3,1,2.3333333333333335,0.3333333333333333,1.5,1.25,0.25
2021-10-30,2021-2022,Leicester City,Arsenal,1,0,2,16,9,8,5,8,11,7,6,2,0,0,2,2.0,1.0,2.0,1.25,0.75
2021-11-07,2021-2022,Leicester City,Leeds United,0,1,1,9,18,3,5,5,12,5,10,1,0,1,1,1.3333333333333333,1.3333333333333333,0.75,1.25,-0.5
2021-11-20,2021-2022,Leicester City,Chelsea,1,0,3,4,16,3,7,15,8,3,5,3,0,0,3,0.3333333333333333,2.3333333333333335,0.75,1.75,-1.0
2021-11-28,2021-2022,Leicester City,Watford,1,4,2,18,16,8,5,5,19,8,6,0,0,3,0,1.3333333333333333,1.3333333333333333,2.0,1.25,0.75
2021-12-01,2021-2022,Leicester City,Southampton,0,2,2,15,15,6,7,11,14,4,2,3,0,1,3,1.3333333333333333,1.3333333333333333,1.5,1.75,-0.25
2021-12-05,2021-2022,Leicester City,Aston Villa,0,1,2,12,13,5,4,25,8,6,3,1,0,0,1,1.3333333333333333,1.3333333333333333,1.25,1.0,0.25
2021-12-12,2021-2022,Leicester City,Newcastle United,1,4,0,8,12,5,3,9,16,4,6,2,0,3,2,1.3333333333333333,1.3333333333333333,1.25,0.75,0.5
2021-12-26,2021-2022,Leicester City,Manchester City,0,3,6,14,17,8,9,9,11,4,14,2,0,0,2,1.0,2.0,2.0,2.25,-0.25
2021-12-28,2021-2022,Leicester City,Liverpool,1,1,0,6,21,1,4,8,11,1,12,0,0,3,0,2.0,1.0,0.25,1.0,-0.75
2022-01-19,2021-2022,Leicester City,Tottenham Hotspur,1,2,3,14,27,4,10,6,12,3,8,1,0,0,1,1.0,2.0,1.0,2.5,-1.5
2022-01-23,2021-2022,Leicester City,Brighton and Hove Albion,1,1,1,15,14,5,5,6,8,4,5,0,0,1,0,1.3333333333333333,1.3333333333333333,1.25,1.25,0.0
2022-02-10,2021-2022,Leicester City,Liverpool,0,0,2,5,22,1,11,7,11,6,7,0,0,0,0,0.3333333333333333,2.3333333333333335,0.25,2.75,-2.5
2022-02-13,2021-2022,Leicester City,West Ham United,1,2,2,13,8,2,3,10,9,5,4,1,0,1,1,0.6666666666666666,1.6666666666666667,0.5,0.75,-0.25
2022-02-20,2021-2022,Leicester City,Wolverhampton Wanderers,0,1,2,17,11,7,3,9,12,10,7,4,0,0,4,0.3333333333333333,2.3333333333333335,1.75,0.75,1.0
2022-03-01,2021-2022,Leicester City,Burnley,0,2,0,22,9,6,2,13,10,8,6,1,0,3,1,1.3333333333333333,1.3333333333333333,1.5,0.5,1.0
2022-03-05,2021-2022,Leicester City,Leeds United,1,1,0,7,19,4,4,9,12,5,10,1,0,3,1,2.0,1.0,1.0,1.0,0.0
2022-03-13,2021-2022,Leicester City,Arsenal,0,0,2,6,21,3,8,10,8,6,2,3,0,0,3,2.0,1.0,0.75,2.0,-1.25
2022-03-20,2021-2022,Leicester City,Brentford,1,2,1,12,15,4,6,10,10,2,5,1,0,3,1,2.0,1.0,1.0,1.5,-0.5
2022-04-02,2021-2022,Leicester City,Manchester United,0,1,1,11,11,3,5,6,13,5,6,2,0,1,2,1.3333333333333333,1.3333333333333333,0.75,1.25,-0.5
2022-04-10,2021-2022,Leicester City,Crystal Palace,1,2,1,12,11,3,3,11,12,3,4,1,0,3,1,2.3333333333333335,0.3333333333333333,0.75,0.75,0.0
2022-04-17,2021-2022,Leicester City,Newcastle United,0,1,2,8,16,2,7,10,10,5,3,2,0,0,2,1.3333333333333333,1.3333333333333333,0.5,1.75,-1.25
2022-04-20,2021-2022,Leicester City,Everton,0,1,1,11,13,3,3,17,8,4,5,1,0,1,1,1.3333333333333333,1.3333333333333333,0.75,0.75,0.0
2022-04-23,2021-2022,Leicester City,Aston Villa,1,0,0,5,11,2,3,15,16,7,6,3,0,1,3,0.6666666666666666,1.6666666666666667,0.5,0.75,-0.25
2022-05-01,2021-2022,Leicester City,Tottenham Hotspur,0,1,3,6,13,2,7,8,13,3,7,3,0,0,3,0.6666666666666666,1.6666666666666667,0.5,1.75,-1.25
2022-05-08,2021-2022,Leicester City,Everton,1,1,2,16,10,9,4,11,6,6,1,3,0,0,3,0.3333333333333333,2.3333333333333335,2.25,1.0,1.25
2022-05-11,2021-2022,Leicester City,Norwich City,1,3,0,20,9,8,5,10,5,10,2,0,0,3,0,1.0,2.0,2.0,1.25,0.75
2022-05-15,2021-2022,Leicester City,Watford,0,5,1,13,13,7,5,6,4,3,7,1,0,3,1,2.0,1.0,1.75,1.25,0.5
2022-05-19,2021-2022,Leicester City,Chelsea,0,1,1,2,20,1,7,7,13,0,6,1,0,1,1,2.3333333333333335,0.3333333333333333,0.25,1.75,-1.5
2022-05-22,2021-2022,Leicester City,Southampton,1,4,1,12,7,6,2,10,5,3,3,0,0,3,0,2.3333333333333335,0.3333333333333333,1.5,0.5,1.0
2022-08-07,2022-2023,Leicester City,Brentford,1,2,2,14,8,5,3,6,5,5,6,0,0,1,0,1.6666666666666667,0.6666666666666666,1.25,0.75,0.5
2022-08-13,2022-2023,Leicester City,Arsenal,0,2,4,6,19,2,7,9,15,2,6,1,0,0,1,1.3333333333333333,1.3333333333333333,0.5,1.75,-1.25
2022-08-20,2022-2023,Leicester City,Southampton,1,1,2,6,9,1,3,11,15,2,5,2,0,0,2,0.3333333333333333,2.3333333333333335,0.25,0.75,-0.5
2022-08-27,2022-2023,Leicester City,Chelsea,0,1,2,17,7,5,3,7,10,11,3,2,0,0,2,0.0,3.0,1.25,0.75,0.5
2022-09-01,2022-2023,Leicester City,Manchester United,1,0,1,10,9,2,2,7,15,1,3,1,0,0,1,0.0,3.0,0.5,0.5,0.0
2022-09-04,2022-2023,Leicester City,Brighton and Hove Albion,0,2,5,6,23,4,11,8,6,1,10,1,0,0,1,0.0,3.0,1.0,2.75,-1.75
2022-09-17,2022-2023,Leicester City,Tottenham Hotspur,0,2,6,19,16,7,11,9,9,1,6,2,0,0,2,0.0,3.0,1.75,2.75,-1.0
2022-10-03,2022-2023,Leicester City,Nottingham Forest,1,4,0,17,10,7,3,13,12,6,6,2,0,3,2,1.0,2.0,1.75,0.75,1.0
2022-10-08,2022-2023,Leicester City,Bournemouth,0,1,2,9,10,5,4,16,8,2,7,2,0,0,2,1.0,2.0,1.25,1.0,0.25
2022-10-15,2022-2023,Leicester City,Crystal Palace,1,0,0,14,8,5,1,18,13,9,2,2,0,1,2,1.3333333333333333,1.3333333333333333,1.25,0.25,1.0
2022-10-20,2022-2023,Leicester City,Leeds United,1,2,0,5,14,1,2,15,11,2,9,2,0,3,2,1.3333333333333333,1.3333333333333333,0.25,0.5,-0.25
2022-10-23,2022-2023,Leicester City,Wolverhampton Wanderers,0,4,0,5,21,4,5,13,10,2,9,1,0,3,1,2.3333333333333335,0.3333333333333333,1.0,1.25,-0.25
2022-10-29,2022-2023,Leicester City,Manchester City,1,0,1,10,15,5,5,5,10,3,10,0,0,0,0,2.0,1.0,1.25,1.25,0.0
2022-11-05,2022-2023,Leicester City,Everton,0,2,0,22,12,8,2,5,9,3,8,0,0,3,0,2.0,1.0,2.0,0.5,1.5
2022-11-12,2022-2023,Leicester City,West Ham United,0,2,0,9,18,6,6,8,9,2,7,1,0,3,1,2.0,1.0,1.5,1.5,0.0
2022-12-26,2022-2023,Leicester City,Newcastle United,1,0,3,8,12,2,5,9,6,5,5,0,0,0,0,2.0,1.0,0.5,1.25,-0.75
2022-12-30,2022-2023,Leicester City,Liverpool,0,1,2,7,21,2,5,15,8,5,4,1,0,0,1,1.0,2.0,0.5,1.25,-0.75
2023-01-03,2022-2023,Leicester City,Fulham,1,0,1,15,11,6,2,12,11,6,3,2,0,0,2,0.0,3.0,1.5,0.5,1.0
2023-01-14,2022-2023,Leicester City,Nottingham Forest,0,0,2,6,15,1,5,12,11,5,3,2,0,0,2,0.0,3.0,0.25,1.25,-1.0
2023-01-21,2022-2023,Leicester City,Brighton and Hove Albion,1,2,2,9,13,2,4,9,9,5,6,0,0,1,0,0.3333333333333333,2.3333333333333335,0.5,1.0,-0.5
2023-02-04,2022-2023,Leicester City,Aston Villa,0,4,2,9,19,5,4,10,10,3,11,2,0,3,2,1.3333333333333333,1.3333333333333333,1.25,1.0,0.25
2023-02-11,2022-2023,Leicester City,Tottenham Hotspur,1,4,1,15,11,7,4,14,9,1,5,5,0,3,5,2.3333333333333335,0.3333333333333333,1.75,1.0,0.75
2023-02-19,2022-2023,Leicester City,Manchester United,0,0,3,19,26,3,8,9,9,6,6,2,0,0,2,2.0,1.0,0.75,2.0,-1.25
2023-02-25,2022-2023,Leicester City,Arsenal,1,0,1,1,10,0,2,14,9,0,8,0,0,0,0,1.0,2.0,0.0,0.5,-0.5
2023-03-04,2022-2023,Leicester City,Southampton,0,0,1,11,11,0,5,11,12,4,3,2,0,0,2,0.0,3.0,0.0,1.25,-1.25
2023-03-11,2022-2023,Leicester City,Chelsea,1,1,3,17,12,7,6,10,11,2,5,1,1,0,4,0.0,3.0,1.75,1.5,0.25
2023-03-18,2022-2023,Leicester City,Brentford,0,1,1,14,11,1,2,11,10,4,8,2,0,1,2,0.3333333333333333,2.3333333333333335,0.25,0.5,-0.25
2023-04-01,2022-2023,Leicester City,Crystal Palace,0,1,2,3,31,2,9,16,12,1,10,4,0,0,4,0.3333333333333333,2.3333333333333335,0.5,2.25,-1.75
2023-04-04,2022-2023,Leicester City,Aston Villa,1,1,2,9,15,4,5,10,14,4,8,2,1,0,5,0.3333333333333333,2.3333333333333335,1.0,1.25,-0.25
2023-04-08,2022-2023,Leicester City,Bournemouth,1,0,1,14,19,4,7,10,13,6,6,0,0,0,0,0.0,3.0,1.0,1.75,-0.75
2023-04-15,2022-2023,Leicester City,Manchester City,0,1,3,10,12,4,4,8,8,2,6,1,0,0,1,0.0,3.0,1.0,1.0,0.0
2023-04-22,2022-2023,Leicester City,Wolverhampton Wanderers,1,2,1,15,16,8,3,17,16,1,7,1,0,3,1,1.0,2.0,2.0,0.75,1.25
2023-04-25,2022-2023,Leicester City,Leeds United,0,1,1,15,13,3,3,15,14,6,3,2,0,1,2,1.3333333333333333,1.3333333333333333,0.75,0.75,0.0
2023-05-01,2022-2023,Leicester City,Everton,1,2,2,15,23,6,8,10,12,2,9,4,0,1,4,1.6666666666666667,0.6666666666666666,1.5,2.0,-0.5
2023-05-08,2022-2023,Leicester City,Fulham,0,3,5,18,17,9,7,15,13,7,2,3,0,0,3,0.6666666666666666,1.6666666666666667,2.25,1.75,0.5
2023-05-15,2022-2023,Leicester City,Liverpool,1,0,3,4,16,4,5,11,17,4,4,2,0,0,2,0.3333333333333333,2.3333333333333335,1.0,1.25,-0.25
2023-05-22,2022-2023,Leicester City,Newcastle United,0,0,0,1,23,1,4,5,9,1,12,0,0,1,0,0.3333333333333333,2.3333333333333335,0.25,1.0,-0.75
2023-05-28,2022-2023,Leicester City,West Ham United,1,2,1,13,16,4,3,8,10,3,5,1,0,3,1,1.3333333333333333,1.3333333333333333,1.0,0.75,0.25
2024-08-19,2024-2025,Leicester City,Tottenham Hotspur,1,1,1,7,15,3,7,11,12,2,13,1,0,1,1,1.6666666666666667,0.6666666666666666,0.75,1.75,-1.0
2024-08-24,2024-2025,Leicester City,Fulham,0,1,2,10,18,4,6,13,14,5,7,2,0,0,2,1.3333333333333333,1.3333333333333333,1.0,1.5,-0.5
2024-08-31,2024-2025,Leicester City,Aston Villa,1,1,2,9,10,3,5,13,21,1,4,4,0,0,4,0.3333333333333333,2.3333333333333335,0.75,1.25,-0.5
2024-09-14,2024-2025,Leicester City,Crystal Palace,0,2,2,9,20,4,4,15,11,2,5,3,0,1,3,0.3333333333333333,2.3333333333333335,1.0,1.0,0.0
2024-09-21,2024-2025,Leicester City,Everton,1,1,1,12,16,2,5,11,12,6,1,1,0,1,1,0.6666666666666666,1.6666666666666667,0.5,1.25,-0.75
2024-09-28,2024-2025,Leicester City,Arsenal,0,2,4,5,36,3,16,6,11,0,17,4,0,0,4,0.6666666666666666,1.6666666666666667,0.75,4.0,-3.25
2024-10-05,2024-2025,Leicester City,Bournemouth,1,1,0,6,17,2,2,12,14,0,9,4,0,3,4,1.3333333333333333,1.3333333333333333,0.5,0.5,0.0
2024-10-19,2024-2025,Leicester City,Southampton,0,3,2,18,14,4,7,10,10,6,10,3,0,3,3,2.0,1.0,1.0,1.75,-0.75
2024-10-25,2024-2025,Leicester City,Nottingham Forest,1,1,3,11,20,1,5,16,9,6,7,5,0,0,5,2.0,1.0,0.25,1.25,-1.0
2024-11-02,2024-2025,Leicester City,Ipswich Town,0,1,1,20,14,6,2,10,11,6,4,2,0,1,2,1.3333333333333333,1.3333333333333333,1.5,0.5,1.0
2024-11-10,2024-2025,Leicester City,Manchester United,0,0,3,6,13,5,3,5,9,5,1,1,0,0,1,0.3333333333333333,2.3333333333333335,1.25,0.75,0.5
2024-11-23,2024-2025,Leicester City,Chelsea,1,1,2,4,16,1,7,15,12,2,9,4,0,0,4,0.3333333333333333,2.3333333333333335,0.25,1.75,-1.5
2024-11-30,2024-2025,Leicester City,Brentford,0,1,4,7,13,3,6,10,9,4,5,1,0,0,1,0.0,3.0,0.75,1.5,-0.75
2024-12-03,2024-2025,Leicester City,West Ham United,1,3,1,8,31,6,10,9,7,3,9,2,0,3,2,1.0,2.0,1.5,2.5,-1.0
2024-12-08,2024-2025,Leicester City,Brighton and Hove Albion,1,2,2,10,16,3,7,9,10,5,5,1,0,1,1,1.3333333333333333,1.3333333333333333,0.75,1.75,-1.0
2024-12-14,2024-2025,Leicester City,Newcastle United,0,0,4,4,27,1,11,16,7,2,5,3,0,0,3,1.3333333333333333,1.3333333333333333,0.25,2.75,-2.5
2024-12-22,2024-2025,Leicester City,Wolverhampton Wanderers,1,0,3,9,8,5,4,15,16,6,1,2,0,0,2,0.3333333333333333,2.3333333333333335,1.25,1.0,0.25
2024-12-26,2024-2025,Leicester City,Liverpool,0,1,3,4,19,1,7,5,17,1,14,2,0,0,2,0.0,3.0,0.25,1.75,-1.5
2024-12-29,2024-2025,Leicester City,Manchester City,1,0,2,11,14,4,5,11,6,4,4,2,0,0,2,0.0,3.0,1.0,1.25,-0.25
2025-01-04,2024-2025,Leicester City,Aston Villa,0,1,2,4,13,2,5,11,10,2,7,1,0,0,1,0.0,3.0,0.5,1.25,-0.75
2025-01-15,2024-2025,Leicester City,Crystal Palace,1,0,2,21,9,4,4,7,6,4,3,0,0,0,0,0.0,3.0,1.0,1.0,0.0
2025-01-18,2024-2025,Leicester City,Fulham,1,0,2,8,17,4,2,8,8,5,2,3,0,0,3,0.0,3.0,1.0,0.5,0.5
2025-01-26,2024-2025,Leicester City,Tottenham Hotspur,0,2,1,12,15,3,6,16,6,4,6,5,0,3,5,1.0,2.0,0.75,1.5,-0.75
2025-02-01,2024-2025,Leicester City,Everton,0,0,4,9,13,1,7,13,7,6,5,0,0,0,0,1.0,2.0,0.25,1.75,-1.5
2025-02-15,2024-2025,Leicester City,Arsenal,1,0,2,6,11,2,5,9,10,3,7,2,0,0,2,1.0,2.0,0.5,1.25,-0.75
2025-02-21,2024-2025,Leicester City,Brentford,1,0,4,8,14,3,6,10,10,5,6,4,0,0,4,0.0,3.0,0.75,1.5,-0.75
2025-02-27,2024-2025,Leicester City,West Ham United,0,0,2,10,8,2,2,6,12,3,3,0,0,0,0,0.0,3.0,0.5,0.5,0.0
2025-03-09,2024-2025,Leicester City,Chelsea,0,0,1,3,20,3,7,13,12,2,12,0,0,0,0,0.0,3.0,0.75,1.75,-1.0
2025-03-16,2024-2025,Leicester City,Manchester United,1,0,3,11,18,3,5,6,6,6,4,2,0,0,2,0.0,3.0,0.75,1.25,-0.5
2025-04-02,2024-2025,Leicester City,Manchester City,0,0,2,2,18,0,5,8,11,0,5,4,0,0,4,0.0,3.0,0.0,1.25,-1.25
2025-04-07,2024-2025,Leicester City,Newcastle United,1,0,3,7,16,2,5,8,9,12,2,2,0,0,2,0.0,3.0,0.5,1.25,-0.75
2025-04-12,2024-2025,Leicester City,Brighton and Hove Albion,0,2,2,15,21,6,7,11,9,6,3,5,0,1,5,0.3333333333333333,2.3333333333333335,1.5,1.75,-0.25
2025-04-20,2024-2025,Leicester City,Liverpool,1,0,1,5,28,0,10,11,7,1,13,1,0,0,1,0.3333333333333333,2.3333333333333335,0.0,2.5,-2.5
2025-04-26,2024-2025,Leicester City,Wolverhampton Wanderers,0,0,3,8,20,2,6,17,7,2,4,4,0,0,4,0.3333333333333333,2.3333333333333335,0.5,1.5,-1.0
2025-05-03,2024-2025,Leicester City,Southampton,1,2,0,14,8,4,2,12,13,7,7,1,0,3,1,1.0,2.0,1.0,0.5,0.5
2025-05-11,2024-2025,Leicester City,Nottingham Forest,0,2,2,10,15,6,4,11,11,4,4,3,0,1,3,1.3333333333333333,1.3333333333333333,1.5,1.0,0.5
2025-05-18,2024-2025,Leicester City,Ipswich Town,1,2,0,9,20,3,2,15,12,2,2,1,0,3,1,2.3333333333333335,0.3333333333333333,0.75,0.5,0.25
2025-05-25,2024-2025,Leicester City,Bournemouth,0,0,2,3,20,0,7,16,19,1,6,2,0,0,2,1.3333333333333333,1.3333333333333333,0.0,1.75,-1.75
2020-09-12,2020-2021,Liverpool,Leeds United,1,4,3,22,6,6,3,9,6,9,0,1,0,3,1,3.0,0.0,1.5,0.75,0.75
2020-09-20,2020-2021,Liverpool,Chelsea,0,2,0,18,5,6,3,6,10,11,1,0,0,3,0,3.0,0.0,1.5,0.75,0.75
2020-09-28,2020-2021,Liverpool,Arsenal,1,3,1,21,4,8,3,11,7,7,3,2,0,3,2,3.0,0.0,2.0,0.75,1.25
2020-10-04,2020-2021,Liverpool,Aston Villa,0,2,7,14,18,8,11,10,7,7,2,1,0,0,1,2.0,1.0,2.0,2.75,-0.75
2020-10-17,2020-2021,Liverpool,Everton,0,2,2,22,11,8,5,9,15,5,2,2,0,1,2,1.3333333333333333,1.3333333333333333,2.0,1.25,0.75
2020-10-24,2020-2021,Liverpool,Sheffield United,1,2,1,17,13,5,2,7,15,7,3,0,0,3,0,1.3333333333333333,1.3333333333333333,1.25,0.5,0.75
2020-10-31,2020-2021,Liverpool,West Ham United,1,2,1,9,4,5,3,13,14,1,2,0,0,3,0,2.3333333333333335,0.3333333333333333,1.25,0.75,0.5
2020-11-08,2020-2021,Liverpool,Manchester City,0,1,1,10,7,3,2,11,19,2,1,1,0,1,1,2.3333333333333335,0.3333333333333333,0.75,0.5,0.25
2020-11-22,2020-2021,Liverpool,Leicester City,1,3,0,24,11,13,4,15,6,10,3,0,0,3,0,2.3333333333333335,0.3333333333333333,3.25,1.0,2.25
2020-11-28,2020-2021,Liverpool,Brighton and Hove Albion,0,1,1,6,11,2,3,13,9,3,4,1,0,1,1,1.6666666666666667,0.6666666666666666,0.5,0.75,-0.25
2020-12-06,2020-2021,Liverpool,Wolverhampton Wanderers,1,4,0,11,9,6,3,8,14,4,6,1,0,3,1,2.3333333333333335,0.3333333333333333,1.5,0.75,0.75
2020-12-13,2020-2021,Liverpool,Fulham,0,1,1,12,10,6,5,5,9,8,6,1,0,1,1,1.6666666666666667,0.6666666666666666,1.5,1.25,0.25
2020-12-16,2020-2021,Liverpool,Tottenham Hotspur,1,2,1,17,8,11,2,8,9,7,4,0,0,3,0,2.3333333333333335,0.3333333333333333,2.75,0.5,2.25
2020-12-19,2020-2021,Liverpool,Crystal Palace,0,7,0,14,5,8,3,11,5,4,5,0,0,3,0,2.3333333333333335,0.3333333333333333,2.0,0.75,1.25
2020-12-27,2020-2021,Liverpool,West Brom,1,1,1,17,5,2,3,8,5,8,3,0,0,1,0,2.3333333333333335,0.3333333333333333,0.5,0.75,-0.25
2020-12-30,2020-2021,Liverpool,Newcastle United,0,0,0,11,8,4,2,13,9,12,5,3,0,1,3,1.6666666666666667,0.6666666666666666,1.0,0.5,0.5
2021-01-04,2020-2021,Liverpool,Southampton,0,0,1,17,7,1,3,12,5,10,1,3,0,0,3,0.6666666666666666,1.6666666666666667,0.25,0.75,-0.5
2021-01-17,2020-2021,Liverpool,Manchester United,1,0,0,17,8,3,4,15,6,7,3,2,0,1,2,0.6666666666666666,1.6666666666666667,0.75,1.0,-0.25
2021-01-21,2020-2021,Liverpool,Burnley,1,0,1,27,6,6,4,11,8,12,0,2,0,0,2,0.3333333333333333,2.3333333333333335,1.5,1.0,0.5
2021-01-28,2020-2021,Liverpool,Tottenham Hotspur,0,3,1,14,3,7,2,11,9,2,1,2,0,3,2,1.3333333333333333,1.3333333333333333,1.75,0.5,1.25
2021-01-31,2020-2021,Liverpool,West Ham United,0,3,1,14,8,5,2,8,7,5,6,0,0,3,0,2.0,1.0,1.25,0.5,0.75
2021-02-03,2020-2021,Liverpool,Brighton and Hove Albion,1,0,1,11,13,1,4,12,6,6,3,1,0,0,1,2.0,1.0,0.25,1.0,-0.75
2021-02-07,2020-2021,Liverpool,Manchester City,1,1,4,8,8,3,5,13,8,6,1,2,0,0,2,1.0,2.0,0.75,1.25,-0.5
2021-02-13,2020-2021,Liverpool,Leicester City,0,1,3,15,11,4,6,6,9,12,2,2,0,0,2,0.0,3.0,1.0,1.5,-0.5
2021-02-20,2020-2021,Liverpool,Everton,1,0,2,15,9,6,6,10,10,7,2,2,0,0,2,0.0,3.0,1.5,1.5,0.0
2021-02-28,2020-2021,Liverpool,Sheffield United,0,2,0,16,8,8,2,9,9,3,4,0,0,3,0,1.0,2.0,2.0,0.5,1.5
2021-03-04,2020-2021,Liverpool,Chelsea,1,0,1,7,11,1,5,9,8,5,2,0,0,0,0,1.0,2.0,0.25,1.25,-1.0
2021-03-07,2020-2021,Liverpool,Fulham,1,0,1,16,10,3,3,10,8,9,4,2,0,0,2,1.0,2.0,0.75,0.75,0.0
2021-03-15,2020-2021,Liverpool,Wolverhampton Wanderers,0,1,0,12,10,4,5,10,17,2,3,1,0,3,1,1.0,2.0,1.0,1.25,-0.25
2021-04-03,2020-2021,Liverpool,Arsenal,0,3,0,16,3,7,2,10,10,2,1,1,0,3,1,2.0,1.0,1.75,0.5,1.25
2021-04-10,2020-2021,Liverpool,Aston Villa,1,2,1,23,9,10,5,16,11,7,0,2,0,3,2,3.0,0.0,2.5,1.25,1.25
2021-04-19,2020-2021,Liverpool,Leeds United,0,1,1,17,12,7,5,15,17,8,10,1,0,1,1,2.3333333333333335,0.3333333333333333,1.75,1.25,0.5
2021-04-24,2020-2021,Liverpool,Newcastle United,1,1,1,22,7,9,4,9,7,6,3,2,0,1,2,1.6666666666666667,0.6666666666666666,2.25,1.0,1.25
2021-05-08,2020-2021,Liverpool,Southampton,1,2,0,14,12,6,6,10,6,8,4,0,0,3,0,1.6666666666666667,0.6666666666666666,1.5,1.5,0.0
2021-05-13,2020-2021,Liverpool,Manchester United,0,4,2,17,18,8,3,12,10,4,6,0,0,3,0,2.3333333333333335,0.3333333333333333,2.0,0.75,1.25
2021-05-16,2020-2021,Liverpool,West Brom,0,2,1,26,10,6,3,14,7,13,9,0,0,3,0,3.0,0.0,1.5,0.75,0.75
2021-05-19,2020-2021,Liverpool,Burnley,0,3,0,20,10,3,4,7,10,7,6,0,0,3,0,3.0,0.0,0.75,1.0,-0.25
2021-05-23,2020-2021,Liverpool,Crystal Palace,1,2,0,19,5,5,4,10,8,14,1,2,0,3,2,3.0,0.0,1.25,1.0,0.25
2021-08-14,2021-2022,Liverpool,Norwich City,0,3,0,19,14,8,3,14,4,11,3,1,0,3,1,3.0,0.0,2.0,0.75,1.25
2021-08-21,2021-2022,Liverpool,Burnley,1,2,0,27,9,9,3,6,12,8,4,0,0,3,0,3.0,0.0,2.25,0.75,1.5
2021-08-28,2021-2022,Liverpool,Chelsea,1,1,1,24,6,7,3,13,4,12,3,0,0,1,0,2.3333333333333335,0.3333333333333333,1.75,0.75,1.0
2021-09-12,2021-2022,Liverpool,Leeds United,0,3,0,30,9,9,4,8,9,11,2,1,0,3,1,2.3333333333333335,0.3333333333333333,2.25,1.0,1.25
2021-09-18,2021-2022,Liverpool,Crystal Palace,1,3,0,25,13,10,2,17,11,10,5,3,0,3,3,2.3333333333333335,0.3333333333333333,2.5,0.5,2.0
2021-09-25,2021-2022,Liverpool,Brentford,0,3,3,16,12,6,4,7,8,11,2,1,0,1,1,2.3333333333333335,0.3333333333333333,1.5,1.0,0.5
2021-10-03,2021-2022,Liverpool,Manchester City,1,2,2,6,12,4,3,10,12,3,4,3,0,1,3,1.6666666666666667,0.6666666666666666,1.0,0.75,0.25
2021-10-16,2021-2022,Liverpool,Watford,0,5,0,19,6,8,2,10,4,9,1,0,0,3,0,1.6666666666666667,0.6666666666666666,2.0,0.5,1.5
2021-10-24,2021-2022,Liverpool,Manchester United,0,5,0,19,12,8,4,8,10,3,6,0,0,3,0,2.3333333333333335,0.3333333333333333,2.0,1.0,1.0
2021-10-30,2021-2022,Liverpool,Brighton and Hove Albion,1,2,2,14,9,3,6,8,5,5,3,2,0,1,2,2.3333333333333335,0.3333333333333333,0.75,1.5,-0.75
2021-11-07,2021-2022,Liverpool,West Ham United,0,2,3,16,7,5,3,6,11,2,3,1,0,0,1,1.3333333333333333,1.3333333333333333,1.25,0.75,0.5
2021-11-20,2021-2022,Liverpool,Arsenal,1,4,0,19,5,9,3,15,12,6,1,2,0,3,2,1.3333333333333333,1.3333333333333333,2.25,0.75,1.5
2021-11-27,2021-2022,Liverpool,Southampton,1,4,0,20,7,6,3,7,14,5,7,0,0,3,0,2.0,1.0,1.5,0.75,0.75
2021-12-01,2021-2022,Liverpool,Everton,0,4,1,16,8,7,2,16,8,11,3,3,0,3,3,3.0,0.0,1.75,0.5,1.25
2021-12-04,2021-2022,Liverpool,Wolverhampton Wanderers,0,1,0,17,3,5,1,7,4,8,2,2,0,3,2,3.0,0.0,1.25,0.25,1.0
2021-12-11,2021-2022,Liverpool,Aston Villa,1,1,0,20,4,5,0,13,6,11,3,1,0,3,1,3.0,0.0,1.25,0.0,1.25
2021-12-16,2021-2022,Liverpool,Newcastle United,1,3,1,23,4,8,2,9,4,11,0,1,0,3,1,3.0,0.0,2.0,0.5,1.5
2021-12-19,2021-2022,Liverpool,Tottenham Hotspur,0,2,2,18,10,6,5,11,12,4,6,4,1,1,7,2.3333333333333335,0.3333333333333333,1.5,1.25,0.25
2021-12-28,2021-2022,Liverpool,Leicester City,0,0,1,21,6,4,1,11,8,12,1,1,0,0,1,1.3333333333333333,1.3333333333333333,1.0,0.25,0.75
2022-01-02,2021-2022,Liverpool,Chelsea,0,2,2,10,15,6,6,13,5,7,6,2,0,1,2,0.6666666666666666,1.6666666666666667,1.5,1.5,0.0
2022-01-16,2021-2022,Liverpool,Brentford,1,3,0,27,6,13,1,6,6,9,0,0,0,3,0,1.3333333333333333,1.3333333333333333,3.25,0.25,3.0
2022-01-23,2021-2022,Liverpool,Crystal Palace,0,3,1,15,8,7,5,10,12,5,2,1,0,3,1,2.3333333333333335,0.3333333333333333,1.75,1.25,0.5
2022-02-10,2021-2022,Liverpool,Leicester City,1,2,0,22,5,11,1,11,7,7,6,1,0,3,1,3.0,0.0,2.75,0.25,2.5
2022-02-13,2021-2022,Liverpool,Burnley,0,1,0,12,8,4,5,6,7,8,5,1,0,3,1,3.0,0.0,1.0,1.25,-0.25
2022-02-19,2021-2022,Liverpool,Norwich City,1,3,1,29,6,8,1,7,8,9,4,0,0,3,0,3.0,0.0,2.0,0.25,1.75
2022-02-23,2021-2022,Liverpool,Leeds United,1,6,0,23,3,15,2,5,11,4,0,0,0,3,0,3.0,0.0,3.75,0.5,3.25
2022-03-05,2021-2022,Liverpool,West Ham United,1,1,0,22,13,5,5,7,7,4,6,2,0,3,2,3.0,0.0,1.25,1.25,0.0
2022-03-12,2021-2022,Liverpool,Brighton and Hove Albion,0,2,0,18,8,9,3,15,12,6,7,1,0,3,1,3.0,0.0,2.25,0.75,1.5
2022-03-16,2021-2022,Liverpool,Arsenal,0,2,0,9,9,3,2,9,9,6,1,1,0,3,1,3.0,0.0,0.75,0.5,0.25
2022-04-02,2021-2022,Liverpool,Watford,1,2,0,20,5,3,2,9,8,9,3,1,0,3,1,3.0,0.0,0.75,0.5,0.25
2022-04-10,2021-2022,Liverpool,Manchester City,0,2,2,6,11,4,5,11,9,1,4,4,0,1,4,2.3333333333333335,0.3333333333333333,1.0,1.25,-0.25
2022-04-19,2021-2022,Liverpool,Manchester United,1,4,0,14,2,5,1,3,6,10,2,1,0,3,1,2.3333333333333335,0.3333333333333333,1.25,0.25,1.0
2022-04-24,2021-2022,Liverpool,Everton,1,2,0,18,9,4,1,8,8,13,1,2,0,3,2,2.3333333333333335,0.3333333333333333,1.0,0.25,0.75
2022-04-30,2021-2022,Liverpool,Newcastle United,0,1,0,24,4,10,2,11,11,6,0,3,0,3,3,3.0,0.0,2.5,0.5,2.0
2022-05-07,2021-2022,Liverpool,Tottenham Hotspur,1,1,1,22,8,3,3,12,8,11,5,3,0,1,3,2.3333333333333335,0.3333333333333333,0.75,0.75,0.0
2022-05-10,2021-2022,Liverpool,Aston Villa,0,2,1,17,9,6,4,12,10,3,2,0,0,3,0,2.3333333333333335,0.3333333333333333,1.5,1.0,0.5
2022-05-17,2021-2022,Liverpool,Southampton,0,2,1,24,4,5,2,6,6,9,1,0,0,3,0,2.3333333333333335,0.3333333333333333,1.25,0.5,0.75
2022-05-22,2021-2022,Liverpool,Wolverhampton Wanderers,1,3,1,29,7,8,5,6,3,5,3,1,0,3,1,3.0,0.0,2.0,1.25,0.75
2022-08-06,2022-2023,Liverpool,Fulham,0,2,2,11,9,4,3,9,7,4,4,0,0,1,0,2.3333333333333335,0.3333333333333333,1.0,0.75,0.25
2022-08-15,2022-2023,Liverpool,Crystal Palace,1,1,1,24,7,4,3,7,8,4,2,2,1,1,5,1.6666666666666667,0.6666666666666666,1.0,0.75,0.25
2022-08-22,2022-2023,Liverpool,Manchester United,0,1,2,17,12,5,4,7,11,8,6,1,0,0,1,0.6666666666666666,1.6666666666666667,1.25,1.0,0.25
2022-08-27,2022-2023,Liverpool,Bournemouth,1,9,0,19,5,12,2,6,5,8,1,0,0,3,0,1.3333333333333333,1.3333333333333333,3.0,0.5,2.5
2022-08-31,2022-2023,Liverpool,Newcastle United,1,2,1,23,5,6,2,9,10,13,0,0,0,3,0,2.0,1.0,1.5,0.5,1.0
2022-09-03,2022-2023,Liverpool,Everton,0,0,0,23,14,8,3,11,7,9,7,2,0,1,2,2.3333333333333335,0.3333333333333333,2.0,0.75,1.25
2022-10-01,2022-2023,Liverpool,Brighton and Hove Albion,1,3,3,15,6,7,6,9,13,9,2,1,0,1,1,1.6666666666666667,0.6666666666666666,1.75,1.5,0.25
2022-10-09,2022-2023,Liverpool,Arsenal,0,2,3,8,11,3,7,11,11,3,4,2,0,0,2,0.6666666666666666,1.6666666666666667,0.75,1.75,-1.0
2022-10-16,2022-2023,Liverpool,Manchester City,1,1,0,13,16,2,6,10,7,5,6,3,0,3,3,1.3333333333333333,1.3333333333333333,0.5,1.5,-1.0
2022-10-19,2022-2023,Liverpool,West Ham United,1,1,0,22,8,7,3,9,8,8,3,0,0,3,0,2.0,1.0,1.75,0.75,1.0
2022-10-22,2022-2023,Liverpool,Nottingham Forest,0,0,1,15,10,7,7,8,14,11,2,1,0,0,1,2.0,1.0,1.75,1.75,0.0
2022-10-29,2022-2023,Liverpool,Leeds United,1,1,2,22,14,10,6,9,3,14,5,0,0,0,0,1.0,2.0,2.5,1.5,1.0
2022-11-06,2022-2023,Liverpool,Tottenham Hotspur,0,2,1,13,14,6,5,8,10,3,5,0,0,3,0,1.0,2.0,1.5,1.25,0.25
2022-11-12,2022-2023,Liverpool,Southampton,1,3,1,15,9,7,5,8,8,6,0,0,0,3,0,2.0,1.0,1.75,1.25,0.5
2022-12-26,2022-2023,Liverpool,Aston Villa,0,3,1,16,12,9,6,12,7,6,0,0,0,3,0,3.0,0.0,2.25,1.5,0.75
2022-12-30,2022-2023,Liverpool,Leicester City,1,2,1,21,7,5,2,8,15,4,5,0,0,3,0,3.0,0.0,1.25,0.5,0.75
2023-01-02,2022-2023,Liverpool,Brentford,0,1,3,16,10,6,7,8,5,9,4,3,0,0,3,2.0,1.0,1.5,1.75,-0.25
2023-01-14,2022-2023,Liverpool,Brighton and Hove Albion,0,0,3,6,16,2,9,15,8,1,7,3,0,0,3,1.0,2.0,0.5,2.25,-1.75
2023-01-21,2022-2023,Liverpool,Chelsea,1,0,0,15,11,3,2,16,9,5,5,3,0,1,3,0.3333333333333333,2.3333333333333335,0.75,0.5,0.25
2023-02-04,2022-2023,Liverpool,Wolverhampton Wanderers,0,0,3,22,12,4,6,7,9,7,2,1,0,0,1,0.3333333333333333,2.3333333333333335,1.0,1.5,-0.5
2023-02-13,2022-2023,Liverpool,Everton,1,2,0,15,6,6,1,8,16,3,3,1,0,3,1,1.3333333333333333,1.3333333333333333,1.5,0.25,1.25
2023-02-18,2022-2023,Liverpool,Newcastle United,0,2,0,13,14,7,4,8,3,7,6,1,0,3,1,2.0,1.0,1.75,1.0,0.75
2023-02-25,2022-2023,Liverpool,Crystal Palace,0,0,0,12,6,4,0,14,11,3,5,5,0,1,5,2.3333333333333335,0.3333333333333333,1.0,0.0,1.0
2023-03-01,2022-2023,Liverpool,Wolverhampton Wanderers,1,2,0,15,4,6,1,13,14,5,2,2,0,3,2,2.3333333333333335,0.3333333333333333,1.5,0.25,1.25
2023-03-05,2022-2023,Liverpool,Manchester United,1,7,0,18,8,8,4,13,14,4,3,2,0,3,2,2.3333333333333335,0.3333333333333333,2.0,1.0,1.0
2023-03-11,2022-2023,Liverpool,Bournemouth,0,0,1,15,5,6,2,9,7,8,3,1,0,0,1,2.0,1.0,1.5,0.5,1.0
2023-04-01,2022-2023,Liverpool,Manchester City,0,1,4,4,17,1,8,12,9,1,7,1,0,0,1,1.0,2.0,0.25,2.0,-1.75
2023-04-04,2022-2023,Liverpool,Chelsea,0,0,0,7,12,4,3,17,6,5,3,4,0,1,4,0.3333333333333333,2.3333333333333335,1.0,0.75,0.25
2023-04-09,2022-2023,Liverpool,Arsenal,1,2,2,21,9,6,5,11,11,5,4,4,0,1,4,0.6666666666666666,1.6666666666666667,1.5,1.25,0.25
2023-04-17,2022-2023,Liverpool,Leeds United,0,6,1,13,13,7,3,12,6,2,4,1,0,3,1,1.6666666666666667,0.6666666666666666,1.75,0.75,1.0
2023-04-22,2022-2023,Liverpool,Nottingham Forest,1,3,2,18,11,6,5,9,12,9,3,0,0,3,0,2.3333333333333335,0.3333333333333333,1.5,1.25,0.25
2023-04-26,2022-2023,Liverpool,West Ham United,0,2,1,20,7,4,2,8,6,6,3,0,0,3,0,3.0,0.0,1.0,0.5,0.5
2023-04-30,2022-2023,Liverpool,Tottenham Hotspur,1,4,3,12,10,4,7,12,6,5,2,3,0,3,3,3.0,0.0,1.0,1.75,-0.75
2023-05-03,2022-2023,Liverpool,Fulham,1,1,0,15,9,3,3,10,8,7,5,0,0,3,0,3.0,0.0,0.75,0.75,0.0
2023-05-06,2022-2023,Liverpool,Brentford,1,1,0,15,5,5,1,19,10,7,3,4,0,3,4,3.0,0.0,1.25,0.25,1.0
2023-05-15,2022-2023,Liverpool,Leicester City,0,3,0,16,4,5,4,17,11,4,4,1,0,3,1,3.0,0.0,1.25,1.0,0.25
2023-05-20,2022-2023,Liverpool,Aston Villa,1,1,1,10,6,5,3,16,13,9,4,3,0,1,3,2.3333333333333335,0.3333333333333333,1.25,0.75,0.5
2023-05-28,2022-2023,Liverpool,Southampton,0,4,4,30,15,8,10,10,4,9,2,2,0,1,2,1.6666666666666667,0.6666666666666666,2.0,2.5,-0.5
2023-08-13,2023-2024,Liverpool,Chelsea,0,1,1,13,10,1,4,12,5,4,4,3,0,1,3,1.0,1.0,0.25,1.0,-0.75
2023-08-19,2023-2024,Liverpool,Bournemouth,1,3,1,26,13,10,5,11,13,10,2,1,1,3,4,1.6666666666666667,0.6666666666666666,2.5,1.25,1.25
2023-08-27,2023-2024,Liverpool,Newcastle United,0,2,1,9,23,4,8,10,16,9,5,2,1,3,5,2.3333333333333335,0.3333333333333333,1.0,2.0,-1.0
2023-09-03,2023-2024,Liverpool,Aston Villa,1,3,0,17,9,4,3,12,7,7,3,0,0,3,0,3.0,0.0,1.0,0.75,0.25
2023-09-16,2023-2024,Liverpool,Wolverhampton Wanderers,0,3,1,16,11,6,2,4,10,4,4,3,0,3,3,3.0,0.0,1.5,0.5,1.0
2023-09-24,2023-2024,Liverpool,West Ham United,1,3,1,22,11,7,4,12,13,7,4,0,0,3,0,3.0,0.0,1.75,1.0,0.75
2023-09-30,2023-2024,Liverpool,Tottenham Hotspur,0,1,2,12,24,4,8,17,11,5,12,4,2,0,10,2.0,1.0,1.0,2.0,-1.0
2023-10-08,2023-2024,Liverpool,Brighton and Hove Albion,0,2,2,14,14,4,3,20,12,1,8,2,0,1,2,1.3333333333333333,1.3333333333333333,1.0,0.75,0.25
2023-10-21,2023-2024,Liverpool,Everton,1,2,0,26,6,6,1,9,9,12,4,1,0,3,1,1.3333333333333333,1.3333333333333333,1.5,0.25,1.25
2023-10-29,2023-2024,Liverpool,Nottingham Forest,1,3,0,21,9,8,1,9,13,8,3,2,0,3,2,2.3333333333333335,0.3333333333333333,2.0,0.25,1.75
2023-11-05,2023-2024,Liverpool,Luton Town,0,1,1,24,8,6,5,13,7,7,4,1,0,1,1,2.3333333333333335,0.3333333333333333,1.5,1.25,0.25
2023-11-12,2023-2024,Liverpool,Brentford,1,3,0,17,16,10,3,16,12,6,8,1,0,3,1,2.3333333333333335,0.3333333333333333,2.5,0.75,1.75
2023-11-25,2023-2024,Liverpool,Manchester City,0,1,1,8,16,3,5,11,9,6,9,3,0,1,3,1.6666666666666667,0.6666666666666666,0.75,1.25,-0.5
2023-12-03,2023-2024,Liverpool,Fulham,1,4,3,26,9,12,5,6,7,3,4,0,0,3,0,2.3333333333333335,0.3333333333333333,3.0,1.25,1.75
2023-12-06,2023-2024,Liverpool,Sheffield United,0,2,0,15,6,8,1,8,12,12,2,3,0,3,3,2.3333333333333335,0.3333333333333333,2.0,0.25,1.75
2023-12-09,2023-2024,Liverpool,Crystal Palace,0,2,1,14,8,2,4,17,17,5,6,2,0,3,2,3.0,0.0,0.5,1.0,-0.5
2023-12-17,2023-2024,Liverpool,Manchester United,1,0,0,34,6,8,1,13,8,12,0,2,0,1,2,2.3333333333333335,0.3333333333333333,2.0,0.25,1.75
2023-12-23,2023-2024,Liverpool,Arsenal,1,1,1,13,13,3,2,13,14,4,5,2,0,1,2,1.6666666666666667,0.6666666666666666,0.75,0.5,0.25
2023-12-26,2023-2024,Liverpool,Burnley,0,2,0,19,9,10,0,10,7,4,4,1,0,3,1,1.6666666666666667,0.6666666666666666,2.5,0.0,2.5
2024-01-01,2023-2024,Liverpool,Newcastle United,1,4,2,34,5,15,3,16,15,7,3,3,0,3,3,2.3333333333333335,0.3333333333333333,3.75,0.75,3.0
2024-01-21,2023-2024,Liverpool,Bournemouth,0,4,0,14,11,7,1,12,9,5,8,2,0,3,2,3.0,0.0,1.75,0.25,1.5
2024-01-31,2023-2024,Liverpool,Chelsea,1,4,1,28,4,13,3,15,16,8,1,2,0,3,2,3.0,0.0,3.25,0.75,2.5
2024-02-04,2023-2024,Liverpool,Arsenal,0,1,3,10,15,1,7,11,11,4,2,2,1,0,5,2.0,1.0,0.25,1.75,-1.5
2024-02-10,2023-2024,Liverpool,Burnley,1,3,1,25,9,10,4,11,13,9,3,3,0,3,3,2.0,1.0,2.5,1.0,1.5
2024-02-17,2023-2024,Liverpool,Brentford,0,4,1,15,15,8,6,18,4,6,1,1,0,3,1,2.0,1.0,2.0,1.5,0.5
2024-02-21,2023-2024,Liverpool,Luton Town,1,4,1,29,12,13,3,15,14,13,4,1,0,3,1,3.0,0.0,3.25,0.75,2.5
2024-03-02,2023-2024,Liverpool,Nottingham Forest,0,1,0,22,8,2,2,12,11,12,3,2,0,3,2,3.0,0.0,0.5,0.5,0.0
2024-03-10,2023-2024,Liverpool,Manchester City,1,1,1,19,10,6,6,6,10,7,4,0,0,1,0,2.3333333333333335,0.3333333333333333,1.5,1.5,0.0
2024-03-31,2023-2024,Liverpool,Brighton and Hove Albion,1,2,1,30,9,8,3,20,6,8,4,5,0,3,5,2.3333333333333335,0.3333333333333333,2.0,0.75,1.25
2024-04-04,2023-2024,Liverpool,Sheffield United,1,3,1,29,8,9,3,6,9,13,1,0,0,3,0,2.3333333333333335,0.3333333333333333,2.25,0.75,1.5
2024-04-07,2023-2024,Liverpool,Manchester United,0,2,2,28,9,7,5,10,9,11,6,2,0,1,2,2.3333333333333335,0.3333333333333333,1.75,1.25,0.5
2024-04-14,2023-2024,Liverpool,Crystal Palace,1,0,1,21,8,6,5,10,10,11,1,1,0,0,1,1.3333333333333333,1.3333333333333333,1.5,1.25,0.25
2024-04-21,2023-2024,Liverpool,Fulham,0,3,1,14,12,7,5,11,5,4,1,0,0,3,0,1.3333333333333333,1.3333333333333333,1.75,1.25,0.5
2024-04-24,2023-2024,Liverpool,Everton,0,0,2,23,16,7,6,13,6,13,4,3,0,0,3,1.0,2.0,1.75,1.5,0.25
2024-04-27,2023-2024,Liverpool,West Ham United,0,2,2,28,11,8,8,10,8,8,5,2,0,1,2,1.3333333333333333,1.3333333333333333,2.0,2.0,0.0
2024-05-05,2023-2024,Liverpool,Tottenham Hotspur,1,4,2,25,11,13,6,14,12,8,3,1,0,3,1,1.3333333333333333,1.3333333333333333,3.25,1.5,1.75
2024-05-13,2023-2024,Liverpool,Aston Villa,0,3,3,14,19,7,5,15,11,4,5,1,0,1,1,1.6666666666666667,0.6666666666666666,1.75,1.25,0.5
2024-05-19,2023-2024,Liverpool,Wolverhampton Wanderers,1,2,0,36,4,14,3,14,11,10,2,1,0,3,1,2.3333333333333335,0.3333333333333333,3.5,0.75,2.75
2024-08-17,2024-2025,Liverpool,Ipswich Town,0,2,0,18,7,5,2,18,9,10,2,1,0,3,1,2.3333333333333335,0.3333333333333333,1.25,0.5,0.75
2024-08-25,2024-2025,Liverpool,Brentford,1,2,0,19,8,8,2,10,7,9,4,2,0,3,2,3.0,0.0,2.0,0.5,1.5
2024-09-01,2024-2025,Liverpool,Manchester United,0,3,0,11,8,3,3,7,7,2,5,1,0,3,1,3.0,0.0,0.75,0.75,0.0
2024-09-14,2024-2025,Liverpool,Nottingham Forest,1,0,1,14,5,5,3,15,6,7,2,4,0,0,4,2.0,1.0,1.25,0.75,0.5
2024-09-21,2024-2025,Liverpool,Bournemouth,1,3,0,19,19,13,6,10,12,3,9,1,0,3,1,2.0,1.0,3.25,1.5,1.75
2024-09-28,2024-2025,Liverpool,Wolverhampton Wanderers,0,2,1,10,8,6,3,8,16,10,2,3,0,3,3,2.0,1.0,1.5,0.75,0.75
2024-10-05,2024-2025,Liverpool,Crystal Palace,0,1,0,16,9,4,5,15,7,8,3,2,0,3,2,3.0,0.0,1.0,1.25,-0.25
2024-10-20,2024-2025,Liverpool,Chelsea,1,2,1,9,12,5,2,12,13,1,6,4,0,3,4,3.0,0.0,1.25,0.5,0.75
2024-10-27,2024-2025,Liverpool,Arsenal,0,2,2,9,9,4,3,14,14,3,1,2,0,1,2,2.3333333333333335,0.3333333333333333,1.0,0.75,0.25
2024-11-02,2024-2025,Liverpool,Brighton and Hove Albion,1,2,1,16,13,8,5,10,18,10,7,1,0,3,1,2.3333333333333335,0.3333333333333333,2.0,1.25,0.75
2024-11-09,2024-2025,Liverpool,Aston Villa,1,2,0,14,12,5,2,11,15,2,9,0,0,3,0,2.3333333333333335,0.3333333333333333,1.25,0.5,0.75
2024-11-24,2024-2025,Liverpool,Southampton,0,3,2,27,7,11,5,9,11,10,3,4,0,3,4,3.0,0.0,2.75,1.25,1.5
2024-12-01,2024-2025,Liverpool,Manchester City,1,2,0,18,8,7,2,9,8,7,4,1,0,3,1,3.0,0.0,1.75,0.5,1.25
2024-12-04,2024-2025,Liverpool,Newcastle United,0,3,3,16,17,5,6,17,9,6,5,5,0,1,5,2.3333333333333335,0.3333333333333333,1.25,1.5,-0.25
2024-12-14,2024-2025,Liverpool,Fulham,1,2,2,16,12,4,3,10,7,5,4,3,1,1,6,1.6666666666666667,0.6666666666666666,1.0,0.75,0.25
2024-12-22,2024-2025,Liverpool,Tottenham Hotspur,0,6,3,24,9,12,5,9,7,5,7,2,0,3,2,1.6666666666666667,0.6666666666666666,3.0,1.25,1.75
2024-12-26,2024-2025,Liverpool,Leicester City,1,3,1,19,4,7,1,17,5,14,1,3,0,3,3,2.3333333333333335,0.3333333333333333,1.75,0.25,1.5
2024-12-29,2024-2025,Liverpool,West Ham United,0,5,0,22,7,13,0,10,7,6,3,0,0,3,0,3.0,0.0,3.25,0.0,3.25
2025-01-05,2024-2025,Liverpool,Manchester United,1,2,2,19,13,6,4,10,13,6,9,2,0,1,2,2.3333333333333335,0.3333333333333333,1.5,1.0,0.5
2025-01-14,2024-2025,Liverpool,Nottingham Forest,0,1,1,23,6,7,3,10,7,9,0,1,0,1,1,1.6666666666666667,0.6666666666666666,1.75,0.75,1.0
2025-01-18,2024-2025,Liverpool,Brentford,0,2,0,37,11,8,6,14,6,15,2,3,0,3,3,1.6666666666666667,0.6666666666666666,2.0,1.5,0.5
2025-01-25,2024-2025,Liverpool,Ipswich Town,1,4,1,16,3,6,3,10,11,3,4,0,0,3,0,2.3333333333333335,0.3333333333333333,1.5,0.75,0.75
2025-02-01,2024-2025,Liverpool,Bournemouth,0,2,0,19,14,7,3,9,15,3,3,3,0,3,3,3.0,0.0,1.75,0.75,1.0
2025-02-12,2024-2025,Liverpool,Everton,0,2,2,6,10,4,3,20,9,3,2,2,1,1,5,2.3333333333333335,0.3333333333333333,1.0,0.75,0.25
2025-02-16,2024-2025,Liverpool,Wolverhampton Wanderers,1,2,1,10,16,3,4,15,13,4,3,2,0,3,2,2.3333333333333335,0.3333333333333333,0.75,1.0,-0.25
2025-02-19,2024-2025,Liverpool,Aston Villa,0,2,2,17,9,3,4,6,8,8,6,0,0,1,0,1.6666666666666667,0.6666666666666666,0.75,1.0,-0.25
2025-02-23,2024-2025,Liverpool,Manchester City,0,2,0,8,16,4,5,10,3,5,7,0,0,3,0,2.3333333333333335,0.3333333333333333,1.0,1.25,-0.25
2025-02-26,2024-2025,Liverpool,Newcastle United,1,2,0,12,3,3,0,12,11,4,2,0,0,3,0,2.3333333333333335,0.3333333333333333,0.75,0.0,0.75
2025-03-08,2024-2025,Liverpool,Southampton,1,3,1,28,6,7,4,10,9,6,4,2,0,3,2,3.0,0.0,1.75,1.0,0.75
2025-04-02,2024-2025,Liverpool,Everton,1,1,0,17,5,3,0,7,11,11,5,2,0,3,2,3.0,0.0,0.75,0.0,0.75
2025-04-06,2024-2025,Liverpool,Fulham,0,2,3,14,12,6,6,9,10,4,4,0,0,0,0,2.0,1.0,1.5,1.5,0.0
2025-04-13,2024-2025,Liverpool,West Ham United,1,2,1,15,11,6,4,15,8,10,3,0,0,3,0,2.0,1.0,1.5,1.0,0.5
2025-04-20,2024-2025,Liverpool,Leicester City,0,1,0,28,5,10,0,7,11,13,1,2,0,3,2,2.0,1.0,2.5,0.0,2.5
2025-04-27,2024-2025,Liverpool,Tottenham Hotspur,1,5,1,25,8,8,3,16,9,8,2,2,0,3,2,3.0,0.0,2.0,0.75,1.25
2025-05-04,2024-2025,Liverpool,Chelsea,0,1,3,11,17,2,7,11,10,6,3,2,0,0,2,2.0,1.0,0.5,1.75,-1.25
2025-05-11,2024-2025,Liverpool,Arsenal,1,2,2,14,15,5,7,13,10,3,1,1,0,1,1,1.3333333333333333,1.3333333333333333,1.25,1.75,-0.5
2025-05-19,2024-2025,Liverpool,Brighton and Hove Albion,0,2,3,18,25,5,12,8,9,3,3,0,0,0,0,0.3333333333333333,2.3333333333333335,1.25,3.0,-1.75
2025-05-25,2024-2025,Liverpool,Crystal Palace,1,1,1,14,8,3,5,7,10,11,0,1,1,1,4,0.6666666666666666,1.6666666666666667,0.75,1.25,-0.5
2025-08-15,2025-2026,Liverpool,Bournemouth,1,4,2,19,10,10,3,7,10,6,7,1,0,3,1,1.3333333333333333,1.3333333333333333,2.5,0.75,1.75
2025-08-25,2025-2026,Liverpool,Newcastle United,0,3,2,5,10,4,3,15,17,1,7,3,0,3,3,2.3333333333333335,0.3333333333333333,1.0,0.75,0.25
2025-08-31,2025-2026,Liverpool,Arsenal,1,1,0,9,11,3,1,7,10,3,8,2,0,3,2,3.0,0.0,0.75,0.25,0.5
2025-09-14,2025-2026,Liverpool,Burnley,0,1,0,27,3,4,0,9,9,13,1,2,0,3,2,3.0,0.0,1.0,0.0,1.0
2025-09-20,2025-2026,Liverpool,Everton,1,2,1,11,9,3,2,11,10,5,4,2,0,3,2,3.0,0.0,0.75,0.5,0.25
2025-09-27,2025-2026,Liverpool,Crystal Palace,0,1,2,20,16,4,7,8,10,6,2,3,0,0,3,2.0,1.0,1.0,1.75,-0.75
2025-10-04,2025-2026,Liverpool,Chelsea,0,1,2,12,12,2,6,8,9,2,7,2,0,0,2,1.0,2.0,0.5,1.5,-1.0
2025-10-19,2025-2026,Liverpool,Manchester United,1,1,2,19,12,6,4,8,14,9,4,0,0,0,0,0.0,3.0,1.5,1.0,0.5
2025-10-25,2025-2026,Liverpool,Brentford,0,2,3,18,17,5,8,10,7,4,5,2,0,0,2,0.0,3.0,1.25,2.0,-0.75
2025-11-01,2025-2026,Liverpool,Aston Villa,1,2,0,16,10,4,3,13,11,1,4,2,0,3,2,1.0,2.0,1.0,0.75,0.25
2025-11-09,2025-2026,Liverpool,Manchester City,0,0,3,7,14,1,6,15,14,7,7,4,0,0,4,1.0,2.0,0.25,1.5,-1.25
2023-08-12,2023-2024,Luton Town,Brighton and Hove Albion,0,1,4,9,27,3,12,12,11,7,6,2,0,0,2,0.0,3.0,0.75,3.0,-2.25
2023-08-25,2023-2024,Luton Town,Chelsea,0,0,3,11,19,1,8,12,15,4,6,3,0,0,3,0.0,3.0,0.25,2.0,-1.75
2023-09-01,2023-2024,Luton Town,West Ham United,1,1,2,16,9,1,3,8,13,9,6,1,0,0,1,0.0,3.0,0.25,0.75,-0.5
2023-09-16,2023-2024,Luton Town,Fulham,0,0,1,7,13,2,2,14,6,2,6,2,0,0,2,0.0,3.0,0.5,0.5,0.0
2023-09-23,2023-2024,Luton Town,Wolverhampton Wanderers,1,1,1,20,3,4,3,12,17,10,1,0,0,1,0,0.3333333333333333,2.3333333333333335,1.0,0.75,0.25
2023-09-30,2023-2024,Luton Town,Everton,0,2,1,9,23,2,5,10,8,6,3,1,0,3,1,1.3333333333333333,1.3333333333333333,0.5,1.25,-0.75
2023-10-03,2023-2024,Luton Town,Burnley,1,1,2,18,14,3,4,14,6,7,6,4,0,0,4,1.3333333333333333,1.3333333333333333,0.75,1.0,-0.25
2023-10-07,2023-2024,Luton Town,Tottenham Hotspur,1,0,1,12,15,2,4,16,7,5,6,2,0,0,2,1.0,2.0,0.5,1.0,-0.5
2023-10-21,2023-2024,Luton Town,Nottingham Forest,0,2,2,13,19,4,8,11,12,2,4,0,0,1,0,0.3333333333333333,2.3333333333333335,1.0,2.0,-1.0
2023-10-29,2023-2024,Luton Town,Aston Villa,0,1,3,7,17,1,6,10,11,4,6,2,0,0,2,0.3333333333333333,2.3333333333333335,0.25,1.5,-1.25
2023-11-05,2023-2024,Luton Town,Liverpool,1,1,1,8,24,5,6,7,13,4,7,1,0,1,1,0.6666666666666666,1.6666666666666667,1.25,1.5,-0.25
2023-11-11,2023-2024,Luton Town,Manchester United,0,0,1,10,15,4,4,11,9,3,11,2,0,0,2,0.3333333333333333,2.3333333333333335,1.0,1.0,0.0
2023-11-25,2023-2024,Luton Town,Crystal Palace,1,2,1,8,16,3,8,15,12,4,5,6,0,3,6,1.3333333333333333,1.3333333333333333,0.75,2.0,-1.25
2023-12-02,2023-2024,Luton Town,Brentford,0,1,3,7,27,1,6,8,10,5,7,2,0,0,2,1.0,2.0,0.25,1.5,-1.25
2023-12-05,2023-2024,Luton Town,Arsenal,1,3,4,6,23,4,9,14,7,3,8,2,0,0,2,1.0,2.0,1.0,2.25,-1.25
2023-12-10,2023-2024,Luton Town,Manchester City,1,1,2,4,18,2,6,16,6,6,3,2,0,0,2,0.0,3.0,0.5,1.5,-1.0
2023-12-23,2023-2024,Luton Town,Newcastle United,1,1,0,16,15,5,2,11,5,6,7,2,0,3,2,1.0,2.0,1.25,0.5,0.75
2023-12-26,2023-2024,Luton Town,Sheffield United,0,3,2,12,21,4,6,13,13,4,9,0,0,3,0,2.0,1.0,1.0,1.5,-0.5
2023-12-30,2023-2024,Luton Town,Chelsea,1,2,3,15,12,6,8,14,21,7,2,2,0,0,2,2.0,1.0,1.5,2.0,-0.5
2024-01-12,2023-2024,Luton Town,Burnley,0,1,1,14,13,5,7,12,7,8,2,0,0,1,0,1.3333333333333333,1.3333333333333333,1.25,1.75,-0.5
2024-01-30,2023-2024,Luton Town,Brighton and Hove Albion,1,4,0,18,9,8,2,13,14,7,4,2,0,3,2,1.3333333333333333,1.3333333333333333,2.0,0.5,1.5
2024-02-03,2023-2024,Luton Town,Newcastle United,0,4,4,11,19,8,6,16,13,2,8,2,0,1,2,1.6666666666666667,0.6666666666666666,2.0,1.5,0.5
2024-02-10,2023-2024,Luton Town,Sheffield United,1,1,3,20,7,5,3,7,12,13,1,1,0,0,1,1.3333333333333333,1.3333333333333333,1.25,0.75,0.5
2024-02-18,2023-2024,Luton Town,Manchester United,1,1,2,22,21,4,9,7,21,8,6,3,0,0,3,0.3333333333333333,2.3333333333333335,1.0,2.25,-1.25
2024-02-21,2023-2024,Luton Town,Liverpool,0,1,4,12,29,3,13,14,15,4,13,4,0,0,4,0.0,3.0,0.75,3.25,-2.5
2024-03-02,2023-2024,Luton Town,Aston Villa,1,2,3,13,12,5,8,8,19,8,6,1,0,0,1,0.0,3.0,1.25,2.0,-0.75
2024-03-09,2023-2024,Luton Town,Crystal Palace,0,1,1,8,21,2,4,11,20,6,8,3,0,1,3,0.3333333333333333,2.3333333333333335,0.5,1.0,-0.5
2024-03-13,2023-2024,Luton Town,Bournemouth,0,3,4,8,24,4,10,11,16,3,11,2,0,0,2,0.3333333333333333,2.3333333333333335,1.0,2.5,-1.5
2024-03-16,2023-2024,Luton Town,Nottingham Forest,1,1,1,10,16,4,6,10,17,6,7,1,0,1,1,0.6666666666666666,1.6666666666666667,1.0,1.5,-0.5
2024-03-30,2023-2024,Luton Town,Tottenham Hotspur,0,1,2,7,17,3,4,14,16,6,3,4,0,0,4,0.3333333333333333,2.3333333333333335,0.75,1.0,-0.25
2024-04-03,2023-2024,Luton Town,Arsenal,0,0,2,5,13,1,4,8,12,1,3,1,0,0,1,0.3333333333333333,2.3333333333333335,0.25,1.0,-0.75
2024-04-06,2023-2024,Luton Town,Bournemouth,1,2,1,19,8,9,1,7,14,7,2,0,0,3,0,1.0,2.0,2.25,0.25,2.0
2024-04-13,2023-2024,Luton Town,Manchester City,0,1,5,4,33,2,13,6,7,1,12,0,0,0,0,1.0,2.0,0.5,3.25,-2.75
2024-04-20,2023-2024,Luton Town,Brentford,1,1,5,6,21,3,9,13,9,4,9,1,0,0,1,1.0,2.0,0.75,2.25,-1.5
2024-04-27,2023-2024,Luton Town,Wolverhampton Wanderers,0,1,2,9,13,6,5,14,14,4,4,1,0,0,1,0.0,3.0,1.5,1.25,0.25
2024-05-03,2023-2024,Luton Town,Everton,1,1,1,18,10,5,3,14,12,8,7,1,0,1,1,0.3333333333333333,2.3333333333333335,1.25,0.75,0.5
2024-05-11,2023-2024,Luton Town,West Ham United,0,1,3,4,24,1,8,15,9,6,7,3,0,0,3,0.3333333333333333,2.3333333333333335,0.25,2.0,-1.75
2024-05-19,2023-2024,Luton Town,Fulham,1,2,4,15,15,6,7,15,20,4,4,5,0,0,5,0.3333333333333333,2.3333333333333335,1.5,1.75,-0.25
2020-09-21,2020-2021,Manchester City,Wolverhampton Wanderers,0,3,1,14,10,9,1,8,6,6,4,3,0,3,3,3.0,0.0,2.25,0.25,2.0
2020-09-27,2020-2021,Manchester City,Leicester City,1,2,5,16,7,5,7,13,8,3,4,1,0,0,1,1.5,1.5,1.25,1.75,-0.5
2020-10-03,2020-2021,Manchester City,Leeds United,0,1,1,23,12,2,7,12,11,10,7,1,0,1,1,1.3333333333333333,1.3333333333333333,0.5,1.75,-1.25
2020-10-17,2020-2021,Manchester City,Arsenal,1,1,0,13,11,5,3,15,10,6,6,4,0,3,4,1.3333333333333333,1.3333333333333333,1.25,0.75,0.5
2020-10-24,2020-2021,Manchester City,West Ham United,0,1,1,14,6,7,2,6,14,10,2,0,0,1,0,1.6666666666666667,0.6666666666666666,1.75,0.5,1.25
2020-10-31,2020-2021,Manchester City,Sheffield United,0,1,0,16,5,8,1,6,14,5,2,0,0,3,0,2.3333333333333335,0.3333333333333333,2.0,0.25,1.75
2020-11-08,2020-2021,Manchester City,Liverpool,1,1,1,7,10,2,3,19,11,1,2,3,0,1,3,1.6666666666666667,0.6666666666666666,0.5,0.75,-0.25
2020-11-21,2020-2021,Manchester City,Tottenham Hotspur,0,0,2,22,4,5,2,19,13,10,0,2,0,0,2,1.3333333333333333,1.3333333333333333,1.25,0.5,0.75
2020-11-28,2020-2021,Manchester City,Burnley,1,5,0,19,9,6,1,12,4,6,4,0,0,3,0,1.3333333333333333,1.3333333333333333,1.5,0.25,1.25
2020-12-05,2020-2021,Manchester City,Fulham,1,2,0,16,6,6,1,7,6,9,3,0,0,3,0,2.0,1.0,1.5,0.25,1.25
2020-12-12,2020-2021,Manchester City,Manchester United,0,0,0,9,11,2,2,6,13,3,4,1,0,1,1,2.3333333333333335,0.3333333333333333,0.5,0.5,0.0
2020-12-15,2020-2021,Manchester City,West Brom,1,1,1,26,5,7,1,5,8,13,2,2,0,1,2,1.6666666666666667,0.6666666666666666,1.75,0.25,1.5
2020-12-19,2020-2021,Manchester City,Southampton,0,1,0,11,9,5,3,11,9,6,6,2,0,3,2,1.6666666666666667,0.6666666666666666,1.25,0.75,0.5
2020-12-26,2020-2021,Manchester City,Newcastle United,1,2,0,11,7,6,2,5,12,7,3,2,0,3,2,2.3333333333333335,0.3333333333333333,1.5,0.5,1.0
2021-01-03,2020-2021,Manchester City,Chelsea,0,3,1,18,9,6,2,10,11,3,5,1,0,3,1,3.0,0.0,1.5,0.5,1.0
2021-01-13,2020-2021,Manchester City,Brighton and Hove Albion,1,1,0,16,5,6,1,4,12,8,4,0,0,3,0,3.0,0.0,1.5,0.25,1.25
2021-01-17,2020-2021,Manchester City,Crystal Palace,1,4,0,13,2,6,0,9,8,11,1,0,0,3,0,3.0,0.0,1.5,0.0,1.5
2021-01-20,2020-2021,Manchester City,Aston Villa,1,2,0,28,11,9,4,10,9,16,2,0,0,3,0,3.0,0.0,2.25,1.0,1.25
2021-01-26,2020-2021,Manchester City,West Brom,0,5,0,18,4,7,1,8,8,8,3,0,0,3,0,3.0,0.0,1.75,0.25,1.5
2021-01-30,2020-2021,Manchester City,Sheffield United,1,1,0,10,4,5,1,7,10,10,0,0,0,3,0,3.0,0.0,1.25,0.25,1.0
2021-02-03,2020-2021,Manchester City,Burnley,0,2,0,17,2,6,0,5,8,3,1,1,0,3,1,3.0,0.0,1.5,0.0,1.5
2021-02-07,2020-2021,Manchester City,Liverpool,0,4,1,8,8,5,3,8,13,1,6,1,0,3,1,3.0,0.0,1.25,0.75,0.5
2021-02-13,2020-2021,Manchester City,Tottenham Hotspur,1,3,0,15,7,6,3,12,13,4,2,1,0,3,1,3.0,0.0,1.5,0.75,0.75
2021-02-17,2020-2021,Manchester City,Everton,0,3,1,16,3,7,2,8,8,10,0,1,0,3,1,3.0,0.0,1.75,0.5,1.25
2021-02-21,2020-2021,Manchester City,Arsenal,0,1,0,15,7,3,1,9,11,3,1,2,0,3,2,3.0,0.0,0.75,0.25,0.5
2021-02-27,2020-2021,Manchester City,West Ham United,1,2,1,10,9,3,3,8,11,4,2,1,0,3,1,3.0,0.0,0.75,0.75,0.0
2021-03-02,2020-2021,Manchester City,Wolverhampton Wanderers,1,4,1,22,6,10,1,9,5,10,2,0,0,3,0,3.0,0.0,2.5,0.25,2.25
2021-03-07,2020-2021,Manchester City,Manchester United,1,0,2,23,8,6,6,9,12,6,2,0,0,0,0,2.0,1.0,1.5,1.5,0.0
2021-03-10,2020-2021,Manchester City,Southampton,1,5,2,17,11,10,6,6,4,5,5,1,0,3,1,2.0,1.0,2.5,1.5,1.0
2021-03-13,2020-2021,Manchester City,Fulham,0,3,0,8,3,7,0,13,14,2,4,0,0,3,0,2.0,1.0,1.75,0.0,1.75
2021-04-03,2020-2021,Manchester City,Leicester City,0,2,0,11,5,4,2,12,13,1,1,3,0,3,3,3.0,0.0,1.0,0.5,0.5
2021-04-10,2020-2021,Manchester City,Leeds United,1,1,2,29,2,7,2,12,15,9,3,3,0,0,3,2.0,1.0,1.75,0.5,1.25
2021-04-21,2020-2021,Manchester City,Aston Villa,0,2,1,13,8,3,3,7,12,11,1,1,1,3,4,2.0,1.0,0.75,0.75,0.0
2021-05-01,2020-2021,Manchester City,Crystal Palace,0,2,0,20,9,3,4,10,9,6,2,0,0,3,0,2.0,1.0,0.75,1.0,-0.25
2021-05-08,2020-2021,Manchester City,Chelsea,1,1,2,16,12,4,5,12,10,6,2,2,0,0,2,2.0,1.0,1.0,1.25,-0.25
2021-05-14,2020-2021,Manchester City,Newcastle United,0,4,3,15,11,6,5,10,11,5,4,2,0,3,2,2.0,1.0,1.5,1.25,0.25
2021-05-18,2020-2021,Manchester City,Brighton and Hove Albion,0,2,3,8,19,4,6,11,13,3,5,3,1,0,6,1.0,2.0,1.0,1.5,-0.5
2021-05-23,2020-2021,Manchester City,Everton,1,5,0,21,8,11,3,8,10,7,5,2,0,3,2,2.0,1.0,2.75,0.75,2.0
2021-08-15,2021-2022,Manchester City,Tottenham Hotspur,0,0,1,18,13,4,3,8,11,11,3,1,0,0,1,1.0,2.0,1.0,0.75,0.25
2021-08-21,2021-2022,Manchester City,Norwich City,1,5,0,16,1,4,0,13,7,6,1,1,0,3,1,2.0,1.0,1.0,0.0,1.0
2021-08-28,2021-2022,Manchester City,Arsenal,1,5,0,25,1,10,0,5,7,14,0,1,0,3,1,2.0,1.0,2.5,0.0,2.5
2021-09-11,2021-2022,Manchester City,Leicester City,0,1,0,25,6,8,1,11,4,8,5,2,0,3,2,3.0,0.0,2.0,0.25,1.75
2021-09-18,2021-2022,Manchester City,Southampton,1,0,0,18,10,1,2,5,12,8,5,0,0,1,0,2.3333333333333335,0.3333333333333333,0.25,0.5,-0.25
2021-09-25,2021-2022,Manchester City,Chelsea,0,1,0,15,5,4,0,10,12,13,4,2,0,3,2,2.3333333333333335,0.3333333333333333,1.0,0.0,1.0
2021-10-03,2021-2022,Manchester City,Liverpool,0,2,2,12,6,3,4,12,10,4,3,3,0,1,3,1.6666666666666667,0.6666666666666666,0.75,1.0,-0.25
2021-10-16,2021-2022,Manchester City,Burnley,1,2,0,15,7,6,2,11,5,6,2,1,0,3,1,2.3333333333333335,0.3333333333333333,1.5,0.5,1.0
2021-10-23,2021-2022,Manchester City,Brighton and Hove Albion,0,4,1,23,10,14,5,6,10,6,7,3,0,3,3,2.3333333333333335,0.3333333333333333,3.5,1.25,2.25
2021-10-30,2021-2022,Manchester City,Crystal Palace,1,0,2,14,8,3,3,11,11,7,1,2,1,0,5,2.0,1.0,0.75,0.75,0.0
2021-11-06,2021-2022,Manchester City,Manchester United,0,2,0,16,5,5,1,12,9,9,1,2,0,3,2,2.0,1.0,1.25,0.25,1.0
2021-11-21,2021-2022,Manchester City,Everton,1,3,0,17,4,7,1,5,7,7,1,1,0,3,1,2.0,1.0,1.75,0.25,1.5
2021-11-28,2021-2022,Manchester City,West Ham United,1,2,1,19,5,9,3,7,6,8,4,2,0,3,2,3.0,0.0,2.25,0.75,1.5
2021-12-01,2021-2022,Manchester City,Aston Villa,0,2,1,17,9,7,3,12,8,11,4,0,0,3,0,3.0,0.0,1.75,0.75,1.0
2021-12-04,2021-2022,Manchester City,Watford,0,3,1,26,11,13,4,7,10,11,5,0,0,3,0,3.0,0.0,3.25,1.0,2.25
2021-12-11,2021-2022,Manchester City,Wolverhampton Wanderers,1,1,0,24,2,10,1,12,5,14,1,3,0,3,3,3.0,0.0,2.5,0.25,2.25
2021-12-14,2021-2022,Manchester City,Leeds United,1,7,0,31,6,15,3,5,9,6,2,1,0,3,1,3.0,0.0,3.75,0.75,3.0
2021-12-19,2021-2022,Manchester City,Newcastle United,0,4,0,18,5,7,1,6,9,6,3,2,0,3,2,3.0,0.0,1.75,0.25,1.5
2021-12-26,2021-2022,Manchester City,Leicester City,1,6,3,17,14,9,8,11,9,14,4,1,0,3,1,3.0,0.0,2.25,2.0,0.25
2021-12-29,2021-2022,Manchester City,Brentford,0,1,0,12,6,3,2,10,12,5,3,0,0,3,0,3.0,0.0,0.75,0.5,0.25
2022-01-01,2021-2022,Manchester City,Arsenal,0,2,1,15,7,2,2,5,13,5,5,2,0,3,2,3.0,0.0,0.5,0.5,0.0
2022-01-15,2021-2022,Manchester City,Chelsea,1,1,0,11,4,6,1,11,6,9,1,0,0,3,0,3.0,0.0,1.5,0.25,1.25
2022-01-22,2021-2022,Manchester City,Southampton,0,1,1,20,7,5,3,5,13,11,2,0,0,1,0,2.3333333333333335,0.3333333333333333,1.25,0.75,0.5
2022-02-09,2021-2022,Manchester City,Brentford,1,2,0,15,6,7,2,7,13,9,3,0,0,3,0,2.3333333333333335,0.3333333333333333,1.75,0.5,1.25
2022-02-12,2021-2022,Manchester City,Norwich City,0,4,0,22,8,9,3,8,7,12,4,2,0,3,2,2.3333333333333335,0.3333333333333333,2.25,0.75,1.5
2022-02-19,2021-2022,Manchester City,Tottenham Hotspur,1,2,3,21,6,4,5,5,7,10,0,0,0,0,0,2.0,1.0,1.0,1.25,-0.25
2022-02-26,2021-2022,Manchester City,Everton,0,1,0,13,6,8,2,14,7,4,3,2,0,3,2,2.0,1.0,2.0,0.5,1.5
2022-03-06,2021-2022,Manchester City,Manchester United,1,4,1,24,5,10,2,10,14,9,3,0,0,3,0,2.0,1.0,2.5,0.5,2.0
2022-03-14,2021-2022,Manchester City,Crystal Palace,0,0,0,18,7,4,1,11,6,6,2,1,0,1,1,2.3333333333333335,0.3333333333333333,1.0,0.25,0.75
2022-04-02,2021-2022,Manchester City,Burnley,0,2,0,18,3,6,1,6,11,8,1,0,0,3,0,2.3333333333333335,0.3333333333333333,1.5,0.25,1.25
2022-04-10,2021-2022,Manchester City,Liverpool,1,2,2,11,6,5,4,9,11,4,1,1,0,1,1,1.6666666666666667,0.6666666666666666,1.25,1.0,0.25
2022-04-20,2021-2022,Manchester City,Brighton and Hove Albion,1,3,0,17,2,5,1,12,7,7,4,0,0,3,0,2.3333333333333335,0.3333333333333333,1.25,0.25,1.0
2022-04-23,2021-2022,Manchester City,Watford,1,5,1,21,5,8,2,9,7,11,4,1,0,3,1,2.3333333333333335,0.3333333333333333,2.0,0.5,1.5
2022-04-30,2021-2022,Manchester City,Leeds United,0,4,0,19,7,6,2,3,13,6,3,2,0,3,2,3.0,0.0,1.5,0.5,1.0
2022-05-08,2021-2022,Manchester City,Newcastle United,1,5,0,21,7,9,3,6,11,8,2,1,0,3,1,3.0,0.0,2.25,0.75,1.5
2022-05-11,2021-2022,Manchester City,Wolverhampton Wanderers,0,5,1,16,7,5,3,10,2,2,6,1,0,3,1,3.0,0.0,1.25,0.75,0.5
2022-05-15,2021-2022,Manchester City,West Ham United,0,2,2,31,6,8,2,5,9,9,4,1,0,1,1,2.3333333333333335,0.3333333333333333,2.0,0.5,1.5
2022-05-22,2021-2022,Manchester City,Aston Villa,1,3,2,24,4,5,2,5,11,13,1,0,0,3,0,2.3333333333333335,0.3333333333333333,1.25,0.5,0.75
2022-08-07,2022-2023,Manchester City,West Ham United,0,2,0,14,6,2,1,4,8,4,1,1,0,3,1,2.3333333333333335,0.3333333333333333,0.5,0.25,0.25
2022-08-13,2022-2023,Manchester City,Bournemouth,1,4,0,19,3,7,1,9,9,11,1,0,0,3,0,3.0,0.0,1.75,0.25,1.5
2022-08-21,2022-2023,Manchester City,Newcastle United,0,3,3,21,12,10,6,7,14,5,5,2,0,1,2,2.3333333333333335,0.3333333333333333,2.5,1.5,1.0
2022-08-27,2022-2023,Manchester City,Crystal Palace,1,4,2,18,2,5,2,14,8,6,1,1,0,3,1,2.3333333333333335,0.3333333333333333,1.25,0.5,0.75
2022-08-31,2022-2023,Manchester City,Nottingham Forest,1,6,0,17,8,9,1,9,7,10,1,0,0,3,0,2.3333333333333335,0.3333333333333333,2.25,0.25,2.0
2022-09-03,2022-2023,Manchester City,Aston Villa,0,1,1,13,3,4,1,6,7,4,1,0,0,1,0,2.3333333333333335,0.3333333333333333,1.0,0.25,0.75
2022-09-17,2022-2023,Manchester City,Wolverhampton Wanderers,0,3,0,16,6,7,1,9,7,7,5,1,0,3,1,2.3333333333333335,0.3333333333333333,1.75,0.25,1.5
2022-10-02,2022-2023,Manchester City,Manchester United,1,6,3,22,12,10,8,3,9,5,1,0,0,3,0,2.3333333333333335,0.3333333333333333,2.5,2.0,0.5
2022-10-08,2022-2023,Manchester City,Southampton,1,4,0,21,5,8,0,4,8,9,1,0,0,3,0,3.0,0.0,2.0,0.0,2.0
2022-10-16,2022-2023,Manchester City,Liverpool,0,0,1,16,13,6,2,7,10,6,5,1,0,0,1,2.0,1.0,1.5,0.5,1.0
2022-10-22,2022-2023,Manchester City,Brighton and Hove Albion,1,3,1,10,8,4,2,11,12,7,3,1,0,3,1,2.0,1.0,1.0,0.5,0.5
2022-10-29,2022-2023,Manchester City,Leicester City,0,1,0,15,10,5,5,10,5,10,3,0,0,3,0,2.0,1.0,1.25,1.25,0.0
2022-11-05,2022-2023,Manchester City,Fulham,1,2,1,16,4,5,2,6,11,9,0,2,1,3,5,3.0,0.0,1.25,0.5,0.75
2022-11-12,2022-2023,Manchester City,Brentford,1,1,2,29,10,6,8,9,7,10,2,2,0,0,2,2.0,1.0,1.5,2.0,-0.5
2022-12-28,2022-2023,Manchester City,Leeds United,0,3,1,26,9,9,1,14,11,5,3,3,0,3,3,2.0,1.0,2.25,0.25,2.0
2022-12-31,2022-2023,Manchester City,Everton,1,1,1,16,2,3,1,13,14,7,1,3,0,1,3,1.3333333333333333,1.3333333333333333,0.75,0.25,0.5
2023-01-05,2022-2023,Manchester City,Chelsea,0,1,0,12,8,3,2,9,9,2,3,0,0,3,0,2.3333333333333335,0.3333333333333333,0.75,0.5,0.25
2023-01-14,2022-2023,Manchester City,Manchester United,0,1,2,5,8,1,4,5,15,2,1,0,0,0,0,1.3333333333333333,1.3333333333333333,0.25,1.0,-0.75
2023-01-19,2022-2023,Manchester City,Tottenham Hotspur,1,4,2,16,9,6,3,10,14,8,3,1,0,3,1,2.0,1.0,1.5,0.75,0.75
2023-01-22,2022-2023,Manchester City,Wolverhampton Wanderers,1,3,0,13,10,7,1,10,10,5,7,1,0,3,1,2.0,1.0,1.75,0.25,1.5
2023-02-05,2022-2023,Manchester City,Tottenham Hotspur,0,0,1,15,12,5,3,14,19,6,4,3,0,0,3,2.0,1.0,1.25,0.75,0.5
2023-02-12,2022-2023,Manchester City,Aston Villa,1,3,1,17,6,9,2,13,14,8,4,1,0,3,1,2.0,1.0,2.25,0.5,1.75
2023-02-15,2022-2023,Manchester City,Arsenal,0,3,1,9,10,6,1,15,11,3,1,3,0,3,3,2.0,1.0,1.5,0.25,1.25
2023-02-18,2022-2023,Manchester City,Nottingham Forest,0,1,1,26,4,6,1,6,8,10,0,0,0,1,0,2.3333333333333335,0.3333333333333333,1.5,0.25,1.25
2023-02-25,2022-2023,Manchester City,Bournemouth,0,4,1,20,13,5,2,9,10,6,4,2,0,3,2,2.3333333333333335,0.3333333333333333,1.25,0.5,0.75
2023-03-04,2022-2023,Manchester City,Newcastle United,1,2,0,11,5,3,2,8,13,8,4,2,0,3,2,2.3333333333333335,0.3333333333333333,0.75,0.5,0.25
2023-03-11,2022-2023,Manchester City,Crystal Palace,0,1,0,14,4,4,0,17,11,6,2,2,0,3,2,3.0,0.0,1.0,0.0,1.0
2023-04-01,2022-2023,Manchester City,Liverpool,1,4,1,17,4,8,1,9,12,7,1,1,0,3,1,3.0,0.0,2.0,0.25,1.75
2023-04-08,2022-2023,Manchester City,Southampton,0,4,1,13,4,8,1,10,6,10,0,2,0,3,2,3.0,0.0,2.0,0.25,1.75
2023-04-15,2022-2023,Manchester City,Leicester City,1,3,1,12,10,4,4,8,8,6,2,1,0,3,1,3.0,0.0,1.0,1.0,0.0
2023-04-26,2022-2023,Manchester City,Arsenal,1,4,1,14,8,9,2,13,13,1,3,3,0,3,3,3.0,0.0,2.25,0.5,1.75
2023-04-30,2022-2023,Manchester City,Fulham,0,2,1,12,4,9,1,10,9,5,2,3,0,3,3,3.0,0.0,2.25,0.25,2.0
2023-05-03,2022-2023,Manchester City,West Ham United,1,3,0,16,6,7,2,8,8,6,3,0,0,3,0,3.0,0.0,1.75,0.5,1.25
2023-05-06,2022-2023,Manchester City,Leeds United,1,2,1,18,4,6,2,3,16,10,1,0,0,3,0,3.0,0.0,1.5,0.5,1.0
2023-05-14,2022-2023,Manchester City,Everton,0,3,0,9,7,4,3,4,12,6,8,0,0,3,0,3.0,0.0,1.0,0.75,0.25
2023-05-21,2022-2023,Manchester City,Chelsea,1,1,0,15,13,2,6,12,9,5,2,0,0,3,0,3.0,0.0,0.5,1.5,-1.0
2023-05-24,2022-2023,Manchester City,Brighton and Hove Albion,0,1,1,13,20,4,7,11,16,1,5,1,0,1,1,2.3333333333333335,0.3333333333333333,1.0,1.75,-0.75
2023-05-28,2022-2023,Manchester City,Brentford,0,0,1,17,11,3,4,8,12,4,3,0,0,0,0,1.3333333333333333,1.3333333333333333,0.75,1.0,-0.25
2023-08-11,2023-2024,Manchester City,Burnley,0,3,0,17,6,8,1,8,11,5,6,0,0,3,0,1.3333333333333333,1.3333333333333333,2.0,0.25,1.75
2023-08-19,2023-2024,Manchester City,Newcastle United,1,1,0,14,7,4,1,12,11,3,0,1,0,3,1,2.0,1.0,1.0,0.25,0.75
2023-08-27,2023-2024,Manchester City,Sheffield United,0,2,1,30,6,9,2,2,11,12,1,0,0,3,0,3.0,0.0,2.25,0.5,1.75
2023-09-02,2023-2024,Manchester City,Fulham,1,5,1,7,6,5,4,12,12,4,5,2,0,3,2,3.0,0.0,1.25,1.0,0.25
2023-09-16,2023-2024,Manchester City,West Ham United,0,3,1,29,6,15,3,11,7,11,4,2,0,3,2,3.0,0.0,3.75,0.75,3.0
2023-09-23,2023-2024,Manchester City,Nottingham Forest,1,2,0,7,10,4,3,5,17,6,6,3,1,3,6,3.0,0.0,1.0,0.75,0.25
2023-09-30,2023-2024,Manchester City,Wolverhampton Wanderers,0,1,2,23,3,8,1,12,18,6,0,4,0,0,4,2.0,1.0,2.0,0.25,1.75
2023-10-08,2023-2024,Manchester City,Arsenal,0,0,1,4,12,1,2,7,8,4,5,3,0,0,3,1.0,2.0,0.25,0.5,-0.25
2023-10-21,2023-2024,Manchester City,Brighton and Hove Albion,1,2,1,10,5,6,3,9,11,2,2,2,1,3,5,1.0,2.0,1.5,0.75,0.75
2023-10-29,2023-2024,Manchester City,Manchester United,0,3,0,21,7,10,3,4,9,12,7,1,0,3,1,2.0,1.0,2.5,0.75,1.75
2023-11-04,2023-2024,Manchester City,Bournemouth,1,6,1,21,5,8,1,8,9,12,1,0,0,3,0,3.0,0.0,2.0,0.25,1.75
2023-11-12,2023-2024,Manchester City,Chelsea,0,4,4,15,17,10,9,15,12,3,3,3,0,1,3,2.3333333333333335,0.3333333333333333,2.5,2.25,0.25
2023-11-25,2023-2024,Manchester City,Liverpool,1,1,1,16,8,5,3,9,11,9,6,1,0,1,1,1.6666666666666667,0.6666666666666666,1.25,0.75,0.5
2023-12-03,2023-2024,Manchester City,Tottenham Hotspur,1,3,3,18,8,4,4,14,14,10,8,4,0,1,4,1.0,1.0,1.0,1.0,0.0
2023-12-06,2023-2024,Manchester City,Aston Villa,0,0,1,2,22,2,7,13,13,0,6,2,0,0,2,0.6666666666666666,1.6666666666666667,0.5,1.75,-1.25
2023-12-10,2023-2024,Manchester City,Luton Town,0,2,1,18,4,6,2,6,16,3,6,1,0,3,1,1.3333333333333333,1.3333333333333333,1.5,0.5,1.0
2023-12-16,2023-2024,Manchester City,Crystal Palace,1,2,2,19,5,9,2,12,9,6,1,1,0,1,1,1.3333333333333333,1.3333333333333333,2.25,0.5,1.75
2023-12-27,2023-2024,Manchester City,Everton,0,3,1,23,7,9,2,5,13,4,8,2,0,3,2,2.3333333333333335,0.3333333333333333,2.25,0.5,1.75
2023-12-30,2023-2024,Manchester City,Sheffield United,1,2,0,18,4,4,2,5,6,12,2,1,0,3,1,2.3333333333333335,0.3333333333333333,1.0,0.5,0.5
2024-01-13,2023-2024,Manchester City,Newcastle United,0,3,2,27,12,11,5,7,7,13,3,2,0,3,2,3.0,0.0,2.75,1.25,1.5
2024-01-31,2023-2024,Manchester City,Burnley,1,3,1,14,8,4,3,3,13,7,3,2,0,3,2,3.0,0.0,1.0,0.75,0.25
2024-02-05,2023-2024,Manchester City,Brentford,0,3,1,25,9,15,3,4,2,13,8,0,0,3,0,3.0,0.0,3.75,0.75,3.0
2024-02-10,2023-2024,Manchester City,Everton,1,2,0,19,5,3,1,6,11,9,0,0,0,3,0,3.0,0.0,0.75,0.25,0.5
2024-02-17,2023-2024,Manchester City,Chelsea,1,1,1,31,9,5,6,7,12,12,1,1,0,1,1,2.3333333333333335,0.3333333333333333,1.25,1.5,-0.25
2024-02-20,2023-2024,Manchester City,Brentford,1,1,0,25,6,11,2,12,6,10,1,2,0,3,2,2.3333333333333335,0.3333333333333333,2.75,0.5,2.25
2024-02-24,2023-2024,Manchester City,Bournemouth,0,1,0,15,13,6,4,6,14,8,3,2,0,3,2,2.3333333333333335,0.3333333333333333,1.5,1.0,0.5
2024-03-03,2023-2024,Manchester City,Manchester United,1,3,1,27,3,8,1,5,10,15,2,0,0,3,0,3.0,0.0,2.0,0.25,1.75
2024-03-10,2023-2024,Manchester City,Liverpool,0,1,1,10,19,6,6,10,6,4,7,3,0,1,3,2.3333333333333335,0.3333333333333333,1.5,1.5,0.0
2024-03-31,2023-2024,Manchester City,Arsenal,1,0,0,12,6,1,2,9,20,7,4,0,0,1,0,1.6666666666666667,0.6666666666666666,0.25,0.5,-0.25
2024-04-03,2023-2024,Manchester City,Aston Villa,1,4,1,25,8,11,3,6,13,2,3,1,0,3,1,1.6666666666666667,0.6666666666666666,2.75,0.75,2.0
2024-04-06,2023-2024,Manchester City,Crystal Palace,0,4,2,18,7,8,4,3,13,9,2,1,0,3,1,2.3333333333333335,0.3333333333333333,2.0,1.0,1.0
2024-04-13,2023-2024,Manchester City,Luton Town,1,5,1,33,4,13,2,7,6,12,1,1,0,3,1,3.0,0.0,3.25,0.5,2.75
2024-04-25,2023-2024,Manchester City,Brighton and Hove Albion,0,4,0,14,7,6,3,3,10,4,4,0,0,3,0,3.0,0.0,1.5,0.75,0.75
2024-04-28,2023-2024,Manchester City,Nottingham Forest,0,2,0,11,14,5,2,6,8,5,4,0,0,3,0,3.0,0.0,1.25,0.5,0.75
2024-05-04,2023-2024,Manchester City,Wolverhampton Wanderers,1,5,1,20,2,12,1,4,17,6,0,0,0,3,0,3.0,0.0,3.0,0.25,2.75
2024-05-11,2023-2024,Manchester City,Fulham,0,4,0,16,1,9,1,6,9,7,1,0,0,3,0,3.0,0.0,2.25,0.25,2.0
2024-05-14,2023-2024,Manchester City,Tottenham Hotspur,0,2,0,8,10,5,5,11,14,4,7,3,0,3,3,3.0,0.0,1.25,1.25,0.0
2024-05-19,2023-2024,Manchester City,West Ham United,1,3,1,28,3,12,2,3,12,11,2,0,0,3,0,3.0,0.0,3.0,0.5,2.5
2024-08-18,2024-2025,Manchester City,Chelsea,0,2,0,11,10,5,3,9,12,3,4,1,0,3,1,3.0,0.0,1.25,0.75,0.5
2024-08-24,2024-2025,Manchester City,Ipswich Town,1,4,1,14,1,5,1,4,15,10,1,2,0,3,2,3.0,0.0,1.25,0.25,1.0
2024-08-31,2024-2025,Manchester City,West Ham United,0,3,1,23,10,8,2,3,10,11,3,2,0,3,2,3.0,0.0,2.0,0.5,1.5
2024-09-14,2024-2025,Manchester City,Brentford,1,2,1,18,8,7,5,9,3,12,3,3,0,3,3,3.0,0.0,1.75,1.25,0.5
2024-09-22,2024-2025,Manchester City,Arsenal,1,2,2,33,5,11,3,7,10,8,2,3,0,1,3,2.3333333333333335,0.3333333333333333,2.75,0.75,2.0
2024-09-28,2024-2025,Manchester City,Newcastle United,0,1,1,16,11,6,4,10,14,6,5,4,0,1,4,1.6666666666666667,0.6666666666666666,1.5,1.0,0.5
2024-10-05,2024-2025,Manchester City,Fulham,1,3,2,20,11,7,4,4,10,8,3,2,0,3,2,1.6666666666666667,0.6666666666666666,1.75,1.0,0.75
2024-10-20,2024-2025,Manchester City,Wolverhampton Wanderers,0,2,1,22,3,7,2,5,8,18,1,1,0,3,1,2.3333333333333335,0.3333333333333333,1.75,0.5,1.25
2024-10-26,2024-2025,Manchester City,Southampton,1,1,0,22,5,8,2,9,9,12,1,1,0,3,1,3.0,0.0,2.0,0.5,1.5
2024-11-02,2024-2025,Manchester City,Bournemouth,0,1,2,18,12,4,6,6,11,10,3,1,0,0,1,2.0,1.0,1.0,1.5,-0.5
2024-11-09,2024-2025,Manchester City,Brighton and Hove Albion,0,1,2,15,10,6,4,10,12,4,0,3,0,0,3,1.0,2.0,1.5,1.0,0.5
2024-11-23,2024-2025,Manchester City,Tottenham Hotspur,1,0,4,23,9,5,7,19,9,9,3,4,0,0,4,0.0,3.0,1.25,1.75,-0.5
2024-12-01,2024-2025,Manchester City,Liverpool,0,0,2,8,18,2,7,8,9,4,7,3,0,0,3,0.0,3.0,0.5,1.75,-1.25
2024-12-04,2024-2025,Manchester City,Nottingham Forest,1,3,0,17,12,7,3,7,15,8,2,2,0,3,2,1.0,2.0,1.75,0.75,1.0
2024-12-07,2024-2025,Manchester City,Crystal Palace,0,2,2,12,12,4,3,10,4,8,6,0,1,1,3,1.3333333333333333,1.3333333333333333,1.0,0.75,0.25
2024-12-15,2024-2025,Manchester City,Manchester United,1,1,2,10,10,3,3,5,14,8,2,1,0,0,1,1.3333333333333333,1.3333333333333333,0.75,0.75,0.0
2024-12-21,2024-2025,Manchester City,Aston Villa,0,1,2,12,11,6,6,7,14,4,5,3,0,0,3,0.3333333333333333,2.3333333333333335,1.5,1.5,0.0
2024-12-26,2024-2025,Manchester City,Everton,1,1,1,24,8,5,3,5,10,8,5,1,0,1,1,0.3333333333333333,2.3333333333333335,1.25,0.75,0.5
2024-12-29,2024-2025,Manchester City,Leicester City,0,2,0,14,11,5,4,6,11,4,4,1,0,3,1,1.3333333333333333,1.3333333333333333,1.25,1.0,0.25
2025-01-04,2024-2025,Manchester City,West Ham United,1,4,1,10,17,7,4,8,13,7,1,2,0,3,2,2.3333333333333335,0.3333333333333333,1.75,1.0,0.75
2025-01-14,2024-2025,Manchester City,Brentford,0,2,2,21,18,8,6,4,4,5,4,0,0,1,0,2.3333333333333335,0.3333333333333333,2.0,1.5,0.5
2025-01-19,2024-2025,Manchester City,Ipswich Town,0,6,0,17,8,9,4,7,4,7,4,1,0,3,1,2.3333333333333335,0.3333333333333333,2.25,1.0,1.25
2025-01-25,2024-2025,Manchester City,Chelsea,1,3,1,15,10,6,4,6,8,2,4,3,0,3,3,2.3333333333333335,0.3333333333333333,1.5,1.0,0.5
2025-02-02,2024-2025,Manchester City,Arsenal,0,1,5,7,12,4,7,7,6,2,5,0,0,0,0,2.0,1.0,1.0,1.75,-0.75
2025-02-15,2024-2025,Manchester City,Newcastle United,1,4,0,11,3,7,1,5,13,7,4,0,0,3,0,2.0,1.0,1.75,0.25,1.5
2025-02-23,2024-2025,Manchester City,Liverpool,1,0,2,16,8,5,4,3,10,7,5,0,0,0,0,1.0,2.0,1.25,1.0,0.25
2025-02-26,2024-2025,Manchester City,Tottenham Hotspur,0,1,0,12,11,5,6,15,12,3,8,0,0,3,0,2.0,1.0,1.25,1.5,-0.25
2025-03-08,2024-2025,Manchester City,Nottingham Forest,0,0,1,14,9,3,4,7,9,2,3,2,0,0,2,1.0,2.0,0.75,1.0,-0.25
2025-03-15,2024-2025,Manchester City,Brighton and Hove Albion,1,2,2,11,15,3,3,10,10,4,5,2,0,1,2,1.3333333333333333,1.3333333333333333,0.75,0.75,0.0
2025-04-02,2024-2025,Manchester City,Leicester City,1,2,0,18,2,5,0,11,8,5,0,1,0,3,1,1.3333333333333333,1.3333333333333333,1.25,0.0,1.25
2025-04-06,2024-2025,Manchester City,Manchester United,0,0,0,9,13,5,2,9,13,3,5,2,0,1,2,1.6666666666666667,0.6666666666666666,1.25,0.5,0.75
2025-04-12,2024-2025,Manchester City,Crystal Palace,1,5,2,21,8,9,3,10,16,1,4,2,0,3,2,2.3333333333333335,0.3333333333333333,2.25,0.75,1.5
2025-04-19,2024-2025,Manchester City,Everton,0,2,0,12,8,7,3,6,7,5,2,0,0,3,0,2.3333333333333335,0.3333333333333333,1.75,0.75,1.0
2025-04-22,2024-2025,Manchester City,Aston Villa,1,2,1,14,7,6,3,9,10,10,2,3,0,3,3,3.0,0.0,1.5,0.75,0.75
2025-05-02,2024-2025,Manchester City,Wolverhampton Wanderers,1,1,0,9,6,2,1,7,11,4,5,0,0,3,0,3.0,0.0,0.5,0.25,0.25
2025-05-10,2024-2025,Manchester City,Southampton,0,0,0,26,2,5,0,8,9,15,1,0,0,1,0,2.3333333333333335,0.3333333333333333,1.25,0.0,1.25
2025-05-20,2024-2025,Manchester City,Bournemouth,1,3,1,12,8,5,2,7,13,3,1,1,1,3,4,2.3333333333333335,0.3333333333333333,1.25,0.5,0.75
2025-05-25,2024-2025,Manchester City,Fulham,0,2,0,20,13,5,3,5,11,6,1,0,0,3,0,2.3333333333333335,0.3333333333333333,1.25,0.75,0.5
2025-08-16,2025-2026,Manchester City,Wolverhampton Wanderers,0,4,0,15,9,4,3,7,13,6,4,2,0,3,2,3.0,0.0,1.0,0.75,0.25
2025-08-23,2025-2026,Manchester City,Tottenham Hotspur,1,0,2,10,12,4,5,7,12,7,2,1,0,0,1,2.0,1.0,1.0,1.25,-0.25
2025-08-31,2025-2026,Manchester City,Brighton and Hove Albion,0,1,2,12,12,3,7,14,16,2,3,2,0,0,2,1.0,2.0,0.75,1.75,-1.0
2025-09-14,2025-2026,Manchester City,Manchester United,1,3,0,13,12,6,2,8,8,2,4,0,0,3,0,1.0,2.0,1.5,0.5,1.0
2025-09-21,2025-2026,Manchester City,Arsenal,0,1,1,5,12,3,3,10,11,2,11,2,0,1,2,1.3333333333333333,1.3333333333333333,0.75,0.75,0.0
2025-09-27,2025-2026,Manchester City,Burnley,1,5,1,21,9,8,2,5,7,10,2,1,0,3,1,2.3333333333333335,0.3333333333333333,2.0,0.5,1.5
2025-10-05,2025-2026,Manchester City,Brentford,0,1,0,10,6,4,1,6,10,2,3,2,0,3,2,2.3333333333333335,0.3333333333333333,1.0,0.25,0.75
2025-10-18,2025-2026,Manchester City,Everton,1,2,0,19,5,7,1,8,14,11,3,0,0,3,0,3.0,0.0,1.75,0.25,1.5
2025-10-26,2025-2026,Manchester City,Aston Villa,0,0,1,18,9,4,3,16,8,6,5,4,0,0,4,2.0,1.0,1.0,0.75,0.25
2025-11-02,2025-2026,Manchester City,Bournemouth,1,3,1,15,8,8,5,8,11,10,4,2,0,3,2,2.0,1.0,2.0,1.25,0.75
2025-11-09,2025-2026,Manchester City,Liverpool,1,3,0,14,7,6,1,14,15,7,7,2,0,3,2,2.0,1.0,1.5,0.25,1.25
2020-09-19,2020-2021,Manchester United,Crystal Palace,1,1,3,13,14,4,5,13,10,9,3,2,0,0,2,0.0,3.0,1.0,1.25,-0.25
2020-09-26,2020-2021,Manchester United,Brighton and Hove Albion,0,3,2,7,18,3,5,16,18,1,7,2,0,3,2,1.5,1.5,0.75,1.25,-0.5
2020-10-04,2020-2021,Manchester United,Tottenham Hotspur,1,1,6,5,22,2,8,14,10,2,4,2,1,0,5,1.0,2.0,0.5,2.0,-1.5
2020-10-17,2020-2021,Manchester United,Newcastle United,0,4,1,28,7,14,4,12,9,7,0,1,0,3,1,2.0,1.0,3.5,1.0,2.5
2020-10-24,2020-2021,Manchester United,Chelsea,1,0,0,14,6,4,1,8,6,9,6,3,0,1,3,1.3333333333333333,1.3333333333333333,1.0,0.25,0.75
2020-11-01,2020-2021,Manchester United,Arsenal,1,0,1,8,7,2,2,12,12,6,3,3,0,0,3,1.3333333333333333,1.3333333333333333,0.5,0.5,0.0
2020-11-07,2020-2021,Manchester United,Everton,0,3,1,13,7,5,1,19,12,2,5,2,0,3,2,1.3333333333333333,1.3333333333333333,1.25,0.25,1.0
2020-11-21,2020-2021,Manchester United,West Brom,1,1,0,17,7,7,2,12,17,8,2,1,0,3,1,2.0,1.0,1.75,0.5,1.25
2020-11-29,2020-2021,Manchester United,Southampton,0,3,2,15,10,6,5,12,12,9,5,0,0,3,0,3.0,0.0,1.5,1.25,0.25
2020-12-05,2020-2021,Manchester United,West Ham United,0,3,1,15,19,6,6,10,9,4,5,0,0,3,0,3.0,0.0,1.5,1.5,0.0
2020-12-12,2020-2021,Manchester United,Manchester City,1,0,0,11,9,2,2,13,6,4,3,1,0,1,1,2.3333333333333335,0.3333333333333333,0.5,0.5,0.0
2020-12-17,2020-2021,Manchester United,Sheffield United,0,3,2,14,12,8,6,8,17,3,6,2,0,3,2,2.3333333333333335,0.3333333333333333,2.0,1.5,0.5
2020-12-20,2020-2021,Manchester United,Leeds United,1,6,2,26,17,14,3,6,6,11,13,1,0,3,1,2.3333333333333335,0.3333333333333333,3.5,0.75,2.75
2020-12-26,2020-2021,Manchester United,Leicester City,0,2,2,9,10,4,2,17,10,0,5,1,0,1,1,2.3333333333333335,0.3333333333333333,1.0,0.5,0.5
2020-12-29,2020-2021,Manchester United,Wolverhampton Wanderers,1,1,0,11,9,3,5,11,7,2,2,1,0,3,1,2.3333333333333335,0.3333333333333333,0.75,1.25,-0.5
2021-01-01,2020-2021,Manchester United,Aston Villa,1,2,1,19,5,9,5,22,10,5,10,4,0,3,4,2.3333333333333335,0.3333333333333333,2.25,1.25,1.0
2021-01-12,2020-2021,Manchester United,Burnley,0,1,0,13,11,7,0,13,15,4,3,2,0,3,2,3.0,0.0,1.75,0.0,1.75
2021-01-17,2020-2021,Manchester United,Liverpool,0,0,0,8,17,4,3,6,15,3,7,1,0,1,1,2.3333333333333335,0.3333333333333333,1.0,0.75,0.25
2021-01-20,2020-2021,Manchester United,Fulham,0,2,1,15,12,5,5,10,6,8,2,1,0,3,1,2.3333333333333335,0.3333333333333333,1.25,1.25,0.0
2021-01-27,2020-2021,Manchester United,Sheffield United,1,1,2,16,5,4,3,10,12,7,2,1,0,0,1,1.3333333333333333,1.3333333333333333,1.0,0.75,0.25
2021-01-30,2020-2021,Manchester United,Arsenal,0,0,0,14,17,3,3,16,9,7,4,3,0,1,3,1.3333333333333333,1.3333333333333333,0.75,0.75,0.0
2021-02-02,2020-2021,Manchester United,Southampton,1,9,0,24,3,14,1,11,6,5,3,2,0,3,2,1.3333333333333333,1.3333333333333333,3.5,0.25,3.25
2021-02-06,2020-2021,Manchester United,Everton,1,3,3,14,6,5,3,14,10,5,1,2,0,1,2,1.6666666666666667,0.6666666666666666,1.25,0.75,0.5
2021-02-14,2020-2021,Manchester United,West Brom,0,1,1,10,7,7,3,10,13,5,4,0,0,1,0,1.6666666666666667,0.6666666666666666,1.75,0.75,1.0
2021-02-21,2020-2021,Manchester United,Newcastle United,1,3,1,15,10,7,6,9,11,6,4,1,0,3,1,1.6666666666666667,0.6666666666666666,1.75,1.5,0.25
2021-02-28,2020-2021,Manchester United,Chelsea,0,0,0,11,18,4,6,12,11,4,3,2,0,1,2,1.6666666666666667,0.6666666666666666,1.0,1.5,-0.5
2021-03-03,2020-2021,Manchester United,Crystal Palace,0,0,0,11,8,1,2,13,4,6,4,0,0,1,0,1.6666666666666667,0.6666666666666666,0.25,0.5,-0.25
2021-03-07,2020-2021,Manchester United,Manchester City,0,2,0,8,23,6,6,12,9,2,6,3,0,3,3,1.6666666666666667,0.6666666666666666,1.5,1.5,0.0
2021-03-14,2020-2021,Manchester United,West Ham United,1,1,0,15,7,4,0,12,2,6,3,4,0,3,4,2.3333333333333335,0.3333333333333333,1.0,0.0,1.0
2021-04-04,2020-2021,Manchester United,Brighton and Hove Albion,1,2,1,15,5,7,3,14,7,5,6,2,0,3,2,3.0,0.0,1.75,0.75,1.0
2021-04-11,2020-2021,Manchester United,Tottenham Hotspur,0,3,1,12,12,7,3,15,11,5,7,5,0,3,5,3.0,0.0,1.75,0.75,1.0
2021-04-18,2020-2021,Manchester United,Burnley,1,3,1,17,10,9,3,9,12,8,3,1,0,3,1,3.0,0.0,2.25,0.75,1.5
2021-04-25,2020-2021,Manchester United,Leeds United,0,0,0,16,6,4,3,11,21,6,2,1,0,1,1,2.3333333333333335,0.3333333333333333,1.0,0.75,0.25
2021-05-09,2020-2021,Manchester United,Aston Villa,0,3,1,18,11,7,5,18,13,6,5,1,0,3,1,2.3333333333333335,0.3333333333333333,1.75,1.25,0.5
2021-05-11,2020-2021,Manchester United,Leicester City,1,1,2,4,12,1,3,9,12,3,4,0,0,0,0,1.3333333333333333,1.3333333333333333,0.25,0.75,-0.5
2021-05-13,2020-2021,Manchester United,Liverpool,1,2,4,18,17,3,8,10,12,6,4,3,0,0,3,1.0,2.0,0.75,2.0,-1.25
2021-05-18,2020-2021,Manchester United,Fulham,1,1,1,13,8,6,5,10,15,6,1,2,0,1,2,0.3333333333333333,2.3333333333333335,1.5,1.25,0.25
2021-05-23,2020-2021,Manchester United,Wolverhampton Wanderers,0,2,1,9,14,4,4,3,14,2,6,1,0,3,1,1.3333333333333333,1.3333333333333333,1.0,1.0,0.0
2021-08-14,2021-2022,Manchester United,Leeds United,1,5,1,16,10,8,3,11,9,5,4,1,0,3,1,2.3333333333333335,0.3333333333333333,2.0,0.75,1.25
2021-08-22,2021-2022,Manchester United,Southampton,0,1,1,15,8,4,3,10,12,7,7,3,0,1,3,2.3333333333333335,0.3333333333333333,1.0,0.75,0.25
2021-08-29,2021-2022,Manchester United,Wolverhampton Wanderers,0,1,0,10,15,3,6,9,7,7,5,4,0,3,4,2.3333333333333335,0.3333333333333333,0.75,1.5,-0.75
2021-09-11,2021-2022,Manchester United,Newcastle United,1,4,1,21,12,7,3,9,2,7,3,1,0,3,1,2.3333333333333335,0.3333333333333333,1.75,0.75,1.0
2021-09-19,2021-2022,Manchester United,West Ham United,0,2,1,17,13,10,4,8,5,11,2,0,0,3,0,3.0,0.0,2.5,1.0,1.5
2021-09-25,2021-2022,Manchester United,Aston Villa,1,0,1,28,7,4,3,9,13,5,5,2,0,0,2,2.0,1.0,1.0,0.75,0.25
2021-10-02,2021-2022,Manchester United,Everton,1,1,1,13,12,6,2,10,9,10,1,1,0,1,1,1.3333333333333333,1.3333333333333333,1.5,0.5,1.0
2021-10-16,2021-2022,Manchester United,Leicester City,0,2,4,18,22,6,11,17,5,3,4,3,0,0,3,0.3333333333333333,2.3333333333333335,1.5,2.75,-1.25
2021-10-24,2021-2022,Manchester United,Liverpool,1,0,5,12,19,4,8,10,8,6,3,6,1,0,9,0.3333333333333333,2.3333333333333335,1.0,2.0,-1.0
2021-10-30,2021-2022,Manchester United,Tottenham Hotspur,0,3,0,10,9,4,0,14,12,2,10,3,0,3,3,1.0,2.0,1.0,0.0,1.0
2021-11-06,2021-2022,Manchester United,Manchester City,1,0,2,5,16,1,5,9,12,1,9,1,0,0,1,1.0,2.0,0.25,1.25,-1.0
2021-11-20,2021-2022,Manchester United,Watford,0,1,4,9,20,3,7,5,7,3,9,1,1,0,4,1.0,2.0,0.75,1.75,-1.0
2021-11-28,2021-2022,Manchester United,Chelsea,0,1,1,3,24,2,6,14,13,2,15,5,0,1,5,0.3333333333333333,2.3333333333333335,0.5,1.5,-1.0
2021-12-02,2021-2022,Manchester United,Arsenal,1,3,2,14,17,10,8,9,10,3,8,1,0,3,1,1.3333333333333333,1.3333333333333333,2.5,2.0,0.5
2021-12-05,2021-2022,Manchester United,Crystal Palace,1,1,0,16,8,3,2,16,9,9,6,2,0,3,2,2.3333333333333335,0.3333333333333333,0.75,0.5,0.25
2021-12-11,2021-2022,Manchester United,Norwich City,0,1,0,13,11,5,5,17,6,6,8,1,0,3,1,3.0,0.0,1.25,1.25,0.0
2021-12-27,2021-2022,Manchester United,Newcastle United,0,1,1,13,13,4,8,8,11,4,2,3,0,1,3,2.3333333333333335,0.3333333333333333,1.0,2.0,-1.0
2021-12-30,2021-2022,Manchester United,Burnley,1,3,1,18,10,6,3,5,10,7,5,0,0,3,0,2.3333333333333335,0.3333333333333333,1.5,0.75,0.75
2022-01-03,2021-2022,Manchester United,Wolverhampton Wanderers,1,0,1,9,19,2,6,9,8,3,8,3,0,0,3,1.3333333333333333,1.3333333333333333,0.5,1.5,-1.0
2022-01-15,2021-2022,Manchester United,Aston Villa,0,2,2,13,13,6,9,13,8,6,3,2,0,1,2,1.3333333333333333,1.3333333333333333,1.5,2.25,-0.75
2022-01-19,2021-2022,Manchester United,Brentford,0,3,1,13,18,5,8,9,7,9,6,0,0,3,0,1.3333333333333333,1.3333333333333333,1.25,2.0,-0.75
2022-01-22,2021-2022,Manchester United,West Ham United,1,1,0,18,6,3,1,9,8,3,3,1,0,3,1,2.3333333333333335,0.3333333333333333,0.75,0.25,0.5
2022-02-08,2021-2022,Manchester United,Burnley,0,1,1,22,9,5,3,10,11,10,2,1,0,1,1,2.3333333333333335,0.3333333333333333,1.25,0.75,0.5
2022-02-12,2021-2022,Manchester United,Southampton,1,1,1,12,13,8,4,12,13,1,4,4,0,1,4,1.6666666666666667,0.6666666666666666,2.0,1.0,1.0
2022-02-15,2021-2022,Manchester United,Brighton and Hove Albion,1,2,0,19,10,7,3,8,10,10,2,3,0,3,3,1.6666666666666667,0.6666666666666666,1.75,0.75,1.0
2022-02-20,2021-2022,Manchester United,Leeds United,0,4,2,15,16,9,6,19,13,3,3,3,0,3,3,2.3333333333333335,0.3333333333333333,2.25,1.5,0.75
2022-02-26,2021-2022,Manchester United,Watford,1,0,0,22,10,3,2,2,7,4,3,0,0,1,0,2.3333333333333335,0.3333333333333333,0.75,0.5,0.25
2022-03-06,2021-2022,Manchester United,Manchester City,0,1,4,5,24,2,10,14,10,3,9,1,0,0,1,1.3333333333333333,1.3333333333333333,0.5,2.5,-2.0
2022-03-12,2021-2022,Manchester United,Tottenham Hotspur,1,3,2,10,10,6,3,8,7,4,5,2,0,3,2,1.3333333333333333,1.3333333333333333,1.5,0.75,0.75
2022-04-02,2021-2022,Manchester United,Leicester City,1,1,1,11,11,5,3,13,6,6,5,2,0,1,2,1.3333333333333333,1.3333333333333333,1.25,0.75,0.5
2022-04-09,2021-2022,Manchester United,Everton,0,0,1,12,7,4,3,10,4,7,5,2,0,0,2,1.3333333333333333,1.3333333333333333,1.0,0.75,0.25
2022-04-16,2021-2022,Manchester United,Norwich City,1,3,2,20,15,9,4,7,6,6,7,0,0,3,0,1.3333333333333333,1.3333333333333333,2.25,1.0,1.25
2022-04-19,2021-2022,Manchester United,Liverpool,0,0,4,2,14,1,5,6,3,2,10,2,0,0,2,1.0,2.0,0.25,1.25,-1.0
2022-04-23,2021-2022,Manchester United,Arsenal,0,1,3,14,14,5,7,12,9,7,1,4,0,0,4,1.0,2.0,1.25,1.75,-0.5
2022-04-28,2021-2022,Manchester United,Chelsea,1,1,1,6,21,3,6,9,12,2,9,0,0,1,0,0.3333333333333333,2.3333333333333335,0.75,1.5,-0.75
2022-05-02,2021-2022,Manchester United,Brentford,1,3,0,9,12,5,4,4,6,3,8,1,0,3,1,1.3333333333333333,1.3333333333333333,1.25,1.0,0.25
2022-05-07,2021-2022,Manchester United,Brighton and Hove Albion,0,0,4,15,17,5,6,9,13,6,7,2,0,0,2,1.3333333333333333,1.3333333333333333,1.25,1.5,-0.25
2022-05-22,2021-2022,Manchester United,Crystal Palace,0,0,1,10,6,4,3,22,12,6,3,4,0,0,4,1.0,2.0,1.0,0.75,0.25
2022-08-07,2022-2023,Manchester United,Brighton and Hove Albion,1,1,2,17,15,5,4,7,12,6,2,4,0,0,4,0.0,3.0,1.25,1.0,0.25
2022-08-13,2022-2023,Manchester United,Brentford,0,0,4,15,13,4,7,15,6,2,8,4,0,0,4,0.0,3.0,1.0,1.75,-0.75
2022-08-22,2022-2023,Manchester United,Liverpool,1,2,1,12,17,4,5,11,7,6,8,3,0,3,3,1.0,2.0,1.0,1.25,-0.25
2022-08-27,2022-2023,Manchester United,Southampton,0,1,0,11,17,6,5,14,4,3,5,3,0,3,3,2.0,1.0,1.5,1.25,0.25
2022-09-01,2022-2023,Manchester United,Leicester City,0,1,0,9,10,2,2,15,7,3,1,3,0,3,3,3.0,0.0,0.5,0.5,0.0
2022-09-04,2022-2023,Manchester United,Arsenal,1,3,1,10,16,6,3,13,9,2,5,3,0,3,3,3.0,0.0,1.5,0.75,0.75
2022-10-02,2022-2023,Manchester United,Manchester City,0,3,6,12,22,8,10,9,3,1,5,3,0,0,3,2.0,1.0,2.0,2.5,-0.5
2022-10-09,2022-2023,Manchester United,Everton,0,2,1,12,11,4,2,13,7,4,5,1,0,3,1,2.0,1.0,1.0,0.5,0.5
2022-10-16,2022-2023,Manchester United,Newcastle United,1,0,0,15,9,2,2,13,11,4,4,3,0,1,3,1.3333333333333333,1.3333333333333333,0.5,0.5,0.0
2022-10-19,2022-2023,Manchester United,Tottenham Hotspur,1,2,0,28,9,10,2,7,7,8,3,1,0,3,1,2.3333333333333335,0.3333333333333333,2.5,0.5,2.0
2022-10-22,2022-2023,Manchester United,Chelsea,0,1,1,13,6,6,2,10,8,4,6,4,0,1,4,1.6666666666666667,0.6666666666666666,1.5,0.5,1.0
2022-10-30,2022-2023,Manchester United,West Ham United,1,1,0,16,13,3,5,12,10,5,10,1,0,3,1,2.3333333333333335,0.3333333333333333,0.75,1.25,-0.5
2022-11-06,2022-2023,Manchester United,Aston Villa,0,1,3,8,6,3,4,12,6,5,3,3,0,0,3,1.3333333333333333,1.3333333333333333,0.75,1.0,-0.25
2022-11-13,2022-2023,Manchester United,Fulham,0,2,1,14,14,9,7,10,9,3,10,1,0,3,1,2.0,1.0,2.25,1.75,0.5
2022-12-27,2022-2023,Manchester United,Nottingham Forest,1,3,0,17,8,8,3,13,4,9,9,3,0,3,3,2.0,1.0,2.0,0.75,1.25
2022-12-31,2022-2023,Manchester United,Wolverhampton Wanderers,0,1,0,16,10,6,3,11,11,5,7,3,0,3,3,3.0,0.0,1.5,0.75,0.75
2023-01-03,2022-2023,Manchester United,Bournemouth,1,3,0,18,7,6,4,13,7,6,5,0,0,3,0,3.0,0.0,1.5,1.0,0.5
2023-01-14,2022-2023,Manchester United,Manchester City,1,2,1,8,5,4,1,15,5,1,2,3,0,3,3,3.0,0.0,1.0,0.25,0.75
2023-01-18,2022-2023,Manchester United,Crystal Palace,0,1,1,15,10,4,5,10,9,3,3,2,0,1,2,2.3333333333333335,0.3333333333333333,1.0,1.25,-0.25
2023-01-22,2022-2023,Manchester United,Arsenal,0,2,3,6,25,4,5,9,8,4,12,2,0,0,2,1.3333333333333333,1.3333333333333333,1.0,1.25,-0.25
2023-02-04,2022-2023,Manchester United,Crystal Palace,1,2,1,14,10,5,3,9,9,5,5,1,1,3,4,1.3333333333333333,1.3333333333333333,1.25,0.75,0.5
2023-02-08,2022-2023,Manchester United,Leeds United,1,2,2,24,8,7,2,7,11,6,5,1,0,1,1,1.3333333333333333,1.3333333333333333,1.75,0.5,1.25
2023-02-12,2022-2023,Manchester United,Leeds United,0,2,0,11,16,5,6,13,10,3,7,1,0,3,1,2.3333333333333335,0.3333333333333333,1.25,1.5,-0.25
2023-02-19,2022-2023,Manchester United,Leicester City,1,3,0,26,19,8,3,9,9,6,6,0,0,3,0,2.3333333333333335,0.3333333333333333,2.0,0.75,1.25
2023-03-05,2022-2023,Manchester United,Liverpool,0,0,7,8,18,4,8,14,13,3,4,3,0,0,3,2.0,1.0,1.0,2.0,-1.0
2023-03-12,2022-2023,Manchester United,Southampton,1,0,0,10,17,4,4,12,9,7,8,2,0,1,2,1.3333333333333333,1.3333333333333333,1.0,1.0,0.0
2023-04-02,2022-2023,Manchester United,Newcastle United,0,0,2,6,22,1,6,12,8,4,7,0,0,0,0,0.3333333333333333,2.3333333333333335,0.25,1.5,-1.25
2023-04-05,2022-2023,Manchester United,Brentford,1,1,0,18,6,3,1,8,13,12,3,3,0,3,3,1.3333333333333333,1.3333333333333333,0.75,0.25,0.5
2023-04-08,2022-2023,Manchester United,Everton,1,2,0,29,15,11,1,10,9,10,4,0,0,3,0,2.0,1.0,2.75,0.25,2.5
2023-04-16,2022-2023,Manchester United,Nottingham Forest,0,2,0,22,6,8,0,9,9,9,4,2,0,3,2,3.0,0.0,2.0,0.0,2.0
2023-04-27,2022-2023,Manchester United,Tottenham Hotspur,0,2,2,17,18,8,7,7,8,8,6,2,0,1,2,2.3333333333333335,0.3333333333333333,2.0,1.75,0.25
2023-04-30,2022-2023,Manchester United,Aston Villa,1,1,0,14,7,6,1,16,7,1,4,2,0,3,2,2.3333333333333335,0.3333333333333333,1.5,0.25,1.25
2023-05-04,2022-2023,Manchester United,Brighton and Hove Albion,0,0,1,16,22,5,6,14,10,6,8,4,0,0,4,1.3333333333333333,1.3333333333333333,1.25,1.5,-0.25
2023-05-07,2022-2023,Manchester United,West Ham United,0,0,1,19,15,4,4,9,4,6,5,2,0,0,2,1.0,2.0,1.0,1.0,0.0
2023-05-13,2022-2023,Manchester United,Wolverhampton Wanderers,1,2,0,27,5,9,0,9,9,11,7,3,0,3,3,1.0,2.0,2.25,0.0,2.25
2023-05-20,2022-2023,Manchester United,Bournemouth,0,1,0,20,10,5,4,7,6,6,3,0,0,3,0,2.0,1.0,1.25,1.0,0.25
2023-05-25,2022-2023,Manchester United,Chelsea,1,4,1,18,14,9,5,12,6,3,4,1,0,3,1,3.0,0.0,2.25,1.25,1.0
2023-05-28,2022-2023,Manchester United,Fulham,1,2,1,21,10,8,3,14,10,5,4,1,0,3,1,3.0,0.0,2.0,0.75,1.25
2023-08-14,2023-2024,Manchester United,Wolverhampton Wanderers,1,1,0,15,23,3,6,14,10,8,7,2,0,3,2,3.0,0.0,0.75,1.5,-0.75
2023-08-19,2023-2024,Manchester United,Tottenham Hotspur,0,0,2,22,17,6,6,8,9,6,5,3,0,0,3,2.0,1.0,1.5,1.5,0.0
2023-08-26,2023-2024,Manchester United,Nottingham Forest,1,3,2,18,9,9,4,13,11,11,3,4,0,3,4,2.0,1.0,2.25,1.0,1.25
2023-09-03,2023-2024,Manchester United,Arsenal,0,1,3,10,17,2,5,7,8,3,12,3,0,0,3,1.0,2.0,0.5,1.25,-0.75
2023-09-16,2023-2024,Manchester United,Brighton and Hove Albion,1,1,3,14,10,4,8,8,9,8,1,2,0,0,2,1.0,2.0,1.0,2.0,-1.0
2023-09-23,2023-2024,Manchester United,Burnley,0,1,0,11,12,4,4,12,6,5,9,2,0,3,2,1.0,2.0,1.0,1.0,0.0
2023-09-30,2023-2024,Manchester United,Crystal Palace,1,0,1,19,8,4,2,10,8,10,4,3,0,0,3,1.0,2.0,1.0,0.5,0.5
2023-10-07,2023-2024,Manchester United,Brentford,1,2,1,21,11,8,3,10,17,7,5,0,0,3,0,2.0,1.0,2.0,0.75,1.25
2023-10-21,2023-2024,Manchester United,Sheffield United,0,2,1,14,12,5,6,10,12,4,5,1,0,3,1,2.0,1.0,1.25,1.5,-0.25
2023-10-29,2023-2024,Manchester United,Manchester City,1,0,3,7,21,3,10,9,4,7,12,4,0,0,4,2.0,1.0,0.75,2.5,-1.75
2023-11-04,2023-2024,Manchester United,Fulham,0,1,0,12,18,5,3,15,9,4,9,2,0,3,2,2.0,1.0,1.25,0.75,0.5
2023-11-11,2023-2024,Manchester United,Luton Town,1,1,0,15,10,4,4,9,11,11,3,0,0,3,0,2.0,1.0,1.0,1.0,0.0
2023-11-26,2023-2024,Manchester United,Everton,0,3,0,9,24,4,6,8,10,5,6,0,0,3,0,3.0,0.0,1.0,1.5,-0.5
2023-12-02,2023-2024,Manchester United,Newcastle United,0,0,1,8,22,1,4,13,6,3,7,2,0,0,2,2.0,1.0,0.25,1.0,-0.75
2023-12-06,2023-2024,Manchester United,Chelsea,1,2,1,28,13,9,3,12,12,12,4,4,0,3,4,2.0,1.0,2.25,0.75,1.5
2023-12-09,2023-2024,Manchester United,Bournemouth,1,0,3,20,10,3,4,7,10,10,4,3,0,0,3,1.0,2.0,0.75,1.0,-0.25
2023-12-17,2023-2024,Manchester United,Liverpool,0,0,0,6,34,1,8,8,13,0,12,4,1,1,7,1.3333333333333333,1.3333333333333333,0.25,2.0,-1.75
2023-12-23,2023-2024,Manchester United,West Ham United,0,0,2,11,12,3,5,15,13,4,4,3,0,0,3,0.3333333333333333,2.3333333333333335,0.75,1.25,-0.5
2023-12-26,2023-2024,Manchester United,Aston Villa,1,3,2,13,10,7,4,10,10,3,6,1,0,3,1,1.3333333333333333,1.3333333333333333,1.75,1.0,0.75
2023-12-30,2023-2024,Manchester United,Nottingham Forest,0,1,2,10,8,5,2,11,9,5,4,4,0,0,4,1.0,2.0,1.25,0.5,0.75
2024-01-14,2023-2024,Manchester United,Tottenham Hotspur,1,2,2,9,16,2,6,8,5,8,13,2,0,1,2,1.3333333333333333,1.3333333333333333,0.5,1.5,-1.0
2024-02-01,2023-2024,Manchester United,Wolverhampton Wanderers,0,4,3,21,16,8,7,10,10,5,4,5,0,3,5,1.3333333333333333,1.3333333333333333,2.0,1.75,0.25
2024-02-04,2023-2024,Manchester United,West Ham United,1,3,0,12,22,5,3,10,5,5,8,0,0,3,0,2.3333333333333335,0.3333333333333333,1.25,0.75,0.5
2024-02-11,2023-2024,Manchester United,Aston Villa,0,2,1,17,23,5,10,7,9,8,10,2,0,3,2,3.0,0.0,1.25,2.5,-1.25
2024-02-18,2023-2024,Manchester United,Luton Town,0,2,1,21,22,9,4,21,7,6,8,5,0,3,5,3.0,0.0,2.25,1.0,1.25
2024-02-24,2023-2024,Manchester United,Fulham,1,1,2,21,17,9,5,6,11,10,9,2,0,0,2,2.0,1.0,2.25,1.25,1.0
2024-03-03,2023-2024,Manchester United,Manchester City,0,1,3,3,27,1,8,10,5,2,15,1,0,0,1,1.0,2.0,0.25,2.0,-1.75
2024-03-09,2023-2024,Manchester United,Everton,1,2,0,15,23,8,6,13,11,5,8,1,0,3,1,1.0,2.0,2.0,1.5,0.5
2024-03-30,2023-2024,Manchester United,Brentford,0,1,1,11,31,5,5,14,7,4,14,2,0,1,2,1.3333333333333333,1.3333333333333333,1.25,1.25,0.0
2024-04-04,2023-2024,Manchester United,Chelsea,0,3,4,19,28,5,10,15,7,3,12,0,0,0,0,1.3333333333333333,1.3333333333333333,1.25,2.5,-1.25
2024-04-07,2023-2024,Manchester United,Liverpool,1,2,2,9,28,5,7,9,10,6,11,5,0,1,5,0.6666666666666666,1.6666666666666667,1.25,1.75,-0.5
2024-04-13,2023-2024,Manchester United,Bournemouth,0,2,2,8,20,2,5,14,13,2,7,0,0,1,0,0.6666666666666666,1.6666666666666667,0.5,1.25,-0.75
2024-04-24,2023-2024,Manchester United,Sheffield United,1,4,2,25,10,13,4,7,9,9,4,0,0,3,0,1.6666666666666667,0.6666666666666666,3.25,1.0,2.25
2024-04-27,2023-2024,Manchester United,Burnley,1,1,1,27,16,10,7,7,11,6,5,1,0,1,1,1.6666666666666667,0.6666666666666666,2.5,1.75,0.75
2024-05-06,2023-2024,Manchester United,Crystal Palace,0,0,4,7,18,2,10,8,12,3,6,1,0,0,1,1.3333333333333333,1.3333333333333333,0.5,2.5,-2.0
2024-05-12,2023-2024,Manchester United,Arsenal,1,0,1,14,11,2,5,5,6,4,7,0,0,0,0,0.3333333333333333,2.3333333333333335,0.5,1.25,-0.75
2024-05-15,2023-2024,Manchester United,Newcastle United,1,3,2,17,21,8,8,16,7,9,9,3,0,3,3,1.0,2.0,2.0,2.0,0.0
2024-05-19,2023-2024,Manchester United,Brighton and Hove Albion,0,2,0,11,17,4,3,9,10,5,7,3,0,3,3,2.0,1.0,1.0,0.75,0.25
2024-08-16,2024-2025,Manchester United,Fulham,1,1,0,14,10,5,2,12,10,7,8,2,0,3,2,3.0,0.0,1.25,0.5,0.75
2024-08-24,2024-2025,Manchester United,Brighton and Hove Albion,0,1,2,11,14,4,5,13,9,4,4,2,0,0,2,2.0,1.0,1.0,1.25,-0.25
2024-09-01,2024-2025,Manchester United,Liverpool,1,0,3,8,11,3,3,7,7,5,2,4,0,0,4,1.0,2.0,0.75,0.75,0.0
2024-09-14,2024-2025,Manchester United,Southampton,0,3,0,20,6,10,4,14,11,7,0,4,0,3,4,1.0,2.0,2.5,1.0,1.5
2024-09-21,2024-2025,Manchester United,Crystal Palace,0,0,0,15,9,6,4,12,7,11,4,1,0,1,1,1.3333333333333333,1.3333333333333333,1.5,1.0,0.5
2024-09-29,2024-2025,Manchester United,Tottenham Hotspur,1,0,3,11,24,2,10,16,14,5,3,5,1,0,8,1.3333333333333333,1.3333333333333333,0.5,2.5,-2.0
2024-10-06,2024-2025,Manchester United,Aston Villa,0,0,0,10,11,4,1,11,12,3,6,5,0,1,5,0.6666666666666666,1.6666666666666667,1.0,0.25,0.75
2024-10-19,2024-2025,Manchester United,Brentford,1,2,1,23,8,11,2,14,5,9,2,2,0,3,2,1.3333333333333333,1.3333333333333333,2.75,0.5,2.25
2024-10-27,2024-2025,Manchester United,West Ham United,0,1,2,18,12,5,3,7,6,5,6,1,0,0,1,1.3333333333333333,1.3333333333333333,1.25,0.75,0.5
2024-11-03,2024-2025,Manchester United,Chelsea,1,1,1,11,12,4,3,19,14,4,8,6,0,1,6,1.3333333333333333,1.3333333333333333,1.0,0.75,0.25
2024-11-10,2024-2025,Manchester United,Leicester City,1,3,0,13,6,3,5,9,5,1,5,0,0,3,0,1.3333333333333333,1.3333333333333333,0.75,1.25,-0.5
2024-11-24,2024-2025,Manchester United,Ipswich Town,0,1,1,11,11,4,6,10,11,3,4,0,0,1,0,1.6666666666666667,0.6666666666666666,1.0,1.5,-0.5
2024-12-01,2024-2025,Manchester United,Everton,1,4,0,11,8,5,2,12,12,2,2,2,0,3,2,2.3333333333333335,0.3333333333333333,1.25,0.5,0.75
2024-12-04,2024-2025,Manchester United,Arsenal,0,0,2,5,14,2,6,8,12,0,13,3,0,0,3,1.3333333333333333,1.3333333333333333,0.5,1.5,-1.0
2024-12-07,2024-2025,Manchester United,Nottingham Forest,1,2,3,17,11,7,3,10,13,5,3,0,0,0,0,1.0,2.0,1.75,0.75,1.0
2024-12-15,2024-2025,Manchester United,Manchester City,0,2,1,10,10,3,3,14,5,2,8,1,0,3,1,1.0,2.0,0.75,0.75,0.0
2024-12-22,2024-2025,Manchester United,Bournemouth,1,0,3,23,10,7,5,11,11,13,1,1,0,0,1,1.0,2.0,1.75,1.25,0.5
2024-12-26,2024-2025,Manchester United,Wolverhampton Wanderers,0,0,2,11,7,4,4,12,12,4,4,2,1,0,5,1.0,2.0,1.0,1.0,0.0
2024-12-30,2024-2025,Manchester United,Newcastle United,1,0,2,10,12,0,4,13,8,2,3,1,0,0,1,0.0,3.0,0.0,1.0,-1.0
2025-01-05,2024-2025,Manchester United,Liverpool,0,2,2,13,19,4,6,13,10,9,6,4,0,1,4,0.3333333333333333,2.3333333333333335,1.0,1.5,-0.5
2025-01-16,2024-2025,Manchester United,Southampton,1,3,1,23,13,9,5,7,10,5,4,1,0,3,1,1.3333333333333333,1.3333333333333333,2.25,1.25,1.0
2025-01-19,2024-2025,Manchester United,Brighton and Hove Albion,1,1,3,10,6,1,3,13,12,4,2,3,0,0,3,1.3333333333333333,1.3333333333333333,0.25,0.75,-0.5
2025-01-26,2024-2025,Manchester United,Fulham,0,1,0,4,9,1,3,9,7,0,3,1,0,3,1,2.0,1.0,0.25,0.75,-0.5
2025-02-02,2024-2025,Manchester United,Crystal Palace,1,0,2,17,11,2,3,12,13,11,0,3,0,0,3,1.0,2.0,0.5,0.75,-0.25
2025-02-16,2024-2025,Manchester United,Tottenham Hotspur,0,0,1,16,22,6,7,9,13,5,10,2,0,0,2,1.0,2.0,1.5,1.75,-0.25
2025-02-22,2024-2025,Manchester United,Everton,0,2,2,9,9,3,8,9,12,9,7,1,0,1,1,0.3333333333333333,2.3333333333333335,0.75,2.0,-1.25
2025-02-26,2024-2025,Manchester United,Ipswich Town,1,3,2,10,12,6,3,9,16,5,6,4,1,3,7,1.3333333333333333,1.3333333333333333,1.5,0.75,0.75
2025-03-09,2024-2025,Manchester United,Arsenal,1,1,1,10,17,6,6,8,11,2,9,0,0,1,0,1.6666666666666667,0.6666666666666666,1.5,1.5,0.0
2025-03-16,2024-2025,Manchester United,Leicester City,0,3,0,18,11,5,3,6,6,4,6,0,0,3,0,2.3333333333333335,0.3333333333333333,1.25,0.75,0.5
2025-04-01,2024-2025,Manchester United,Nottingham Forest,0,0,1,23,8,6,2,12,5,10,3,3,0,0,3,1.3333333333333333,1.3333333333333333,1.5,0.5,1.0
2025-04-06,2024-2025,Manchester United,Manchester City,1,0,0,13,9,2,5,13,9,5,3,3,0,1,3,1.3333333333333333,1.3333333333333333,0.5,1.25,-0.75
2025-04-13,2024-2025,Manchester United,Newcastle United,0,1,4,9,13,5,6,9,7,2,7,2,0,0,2,0.3333333333333333,2.3333333333333335,1.25,1.5,-0.25
2025-04-20,2024-2025,Manchester United,Wolverhampton Wanderers,1,0,1,12,4,2,2,11,18,9,2,2,0,0,2,0.3333333333333333,2.3333333333333335,0.5,0.5,0.0
2025-04-27,2024-2025,Manchester United,Bournemouth,0,1,1,25,8,6,1,12,11,10,5,2,0,1,2,0.3333333333333333,2.3333333333333335,1.5,0.25,1.25
2025-05-04,2024-2025,Manchester United,Brentford,0,3,4,14,12,5,6,10,8,4,7,2,0,0,2,0.3333333333333333,2.3333333333333335,1.25,1.5,-0.25
2025-05-11,2024-2025,Manchester United,West Ham United,1,0,2,20,9,5,4,3,13,8,5,0,0,0,0,0.3333333333333333,2.3333333333333335,1.25,1.0,0.25
2025-05-16,2024-2025,Manchester United,Chelsea,0,0,1,4,11,1,3,14,10,2,7,6,0,0,6,0.0,3.0,0.25,0.75,-0.5
2025-05-25,2024-2025,Manchester United,Aston Villa,1,2,0,25,6,10,1,10,10,4,3,2,0,3,2,1.0,2.0,2.5,0.25,2.25
2025-08-17,2025-2026,Manchester United,Arsenal,1,0,1,22,9,7,3,10,19,3,4,1,0,0,1,1.0,2.0,1.75,0.75,1.0
2025-08-24,2025-2026,Manchester United,Fulham,0,1,1,10,13,3,4,10,12,6,9,1,0,1,1,1.3333333333333333,1.3333333333333333,0.75,1.0,-0.25
2025-08-30,2025-2026,Manchester United,Burnley,1,3,2,26,6,6,3,9,9,7,1,1,0,3,1,1.3333333333333333,1.3333333333333333,1.5,0.75,0.75
2025-09-14,2025-2026,Manchester United,Manchester City,0,0,3,12,13,2,6,8,8,4,2,0,0,0,0,1.3333333333333333,1.3333333333333333,0.5,1.5,-1.0
2025-09-20,2025-2026,Manchester United,Chelsea,1,2,1,11,5,4,1,13,14,5,5,0,1,3,3,2.0,1.0,1.0,0.25,0.75
2025-09-27,2025-2026,Manchester United,Brentford,0,1,3,14,10,6,8,10,14,2,4,2,0,0,2,1.0,2.0,1.5,2.0,-0.5
2025-10-04,2025-2026,Manchester United,Sunderland,1,2,0,15,8,6,3,10,12,2,3,1,0,3,1,2.0,1.0,1.5,0.75,0.75
2025-10-19,2025-2026,Manchester United,Liverpool,0,2,1,12,19,4,6,14,8,4,9,2,0,3,2,2.0,1.0,1.0,1.5,-0.5
2025-10-25,2025-2026,Manchester United,Brighton and Hove Albion,1,4,2,13,17,9,5,4,13,1,6,2,0,3,2,3.0,0.0,2.25,1.25,1.0
2025-11-01,2025-2026,Manchester United,Nottingham Forest,0,2,2,18,17,7,3,7,10,5,8,1,0,1,1,2.3333333333333335,0.3333333333333333,1.75,0.75,1.0
2025-11-08,2025-2026,Manchester United,Tottenham Hotspur,0,2,2,5,10,2,4,8,10,3,5,1,0,1,1,1.6666666666666667,0.6666666666666666,0.5,1.0,-0.5
2020-09-12,2020-2021,Newcastle United,West Ham United,0,2,0,15,15,2,3,7,13,7,8,2,0,3,2,3.0,0.0,0.5,0.75,-0.25
2020-09-20,2020-2021,Newcastle United,Brighton and Hove Albion,1,0,3,6,13,0,6,16,15,7,1,3,0,0,3,1.5,1.5,0.0,1.5,-1.5
2020-09-27,2020-2021,Newcastle United,Tottenham Hotspur,0,1,1,6,23,1,12,9,15,4,10,4,0,1,4,1.3333333333333333,1.3333333333333333,0.25,3.0,-2.75
2020-10-03,2020-2021,Newcastle United,Burnley,1,3,1,10,7,5,3,13,17,3,4,2,0,3,2,1.3333333333333333,1.3333333333333333,1.25,0.75,0.5
2020-10-17,2020-2021,Newcastle United,Manchester United,1,1,4,7,28,4,14,9,12,0,7,1,0,0,1,1.3333333333333333,1.3333333333333333,1.0,3.5,-2.5
2020-10-25,2020-2021,Newcastle United,Wolverhampton Wanderers,0,1,1,5,16,2,3,10,10,3,2,1,0,1,1,1.3333333333333333,1.3333333333333333,0.5,0.75,-0.25
2020-11-01,2020-2021,Newcastle United,Everton,1,2,1,11,15,4,4,9,10,5,4,2,0,3,2,1.3333333333333333,1.3333333333333333,1.0,1.0,0.0
2020-11-06,2020-2021,Newcastle United,Southampton,0,0,2,4,15,2,8,11,12,3,8,2,0,0,2,1.3333333333333333,1.3333333333333333,0.5,2.0,-1.5
2020-11-21,2020-2021,Newcastle United,Chelsea,1,0,2,8,14,1,3,11,12,7,4,2,0,0,2,1.0,2.0,0.25,0.75,-0.5
2020-11-27,2020-2021,Newcastle United,Crystal Palace,0,2,0,14,12,7,3,10,9,3,7,2,0,3,2,1.0,2.0,1.75,0.75,1.0
2020-12-12,2020-2021,Newcastle United,West Brom,1,2,1,12,13,7,3,9,12,4,3,2,0,3,2,2.0,1.0,1.75,0.75,1.0
2020-12-16,2020-2021,Newcastle United,Leeds United,0,2,5,10,25,4,10,13,10,4,7,1,0,0,1,2.0,1.0,1.0,2.5,-1.5
2020-12-19,2020-2021,Newcastle United,Fulham,1,1,1,12,11,5,4,7,17,2,9,1,0,1,1,1.3333333333333333,1.3333333333333333,1.25,1.0,0.25
2020-12-26,2020-2021,Newcastle United,Manchester City,0,0,2,7,11,2,6,12,5,3,7,2,0,0,2,0.3333333333333333,2.3333333333333335,0.5,1.5,-1.0
2020-12-30,2020-2021,Newcastle United,Liverpool,1,0,0,8,11,2,4,9,13,5,12,2,0,1,2,0.6666666666666666,1.6666666666666667,0.5,1.0,-0.5
2021-01-03,2020-2021,Newcastle United,Leicester City,1,1,2,8,9,2,3,10,11,3,6,0,0,0,0,0.3333333333333333,2.3333333333333335,0.5,0.75,-0.25
2021-01-12,2020-2021,Newcastle United,Sheffield United,0,0,1,7,17,3,4,12,13,2,5,3,1,0,6,0.3333333333333333,2.3333333333333335,0.75,1.0,-0.25
2021-01-18,2020-2021,Newcastle United,Arsenal,0,0,3,4,20,1,6,8,9,2,7,0,0,0,0,0.0,3.0,0.25,1.5,-1.25
2021-01-23,2020-2021,Newcastle United,Aston Villa,0,0,2,7,14,1,5,18,9,4,5,3,0,0,3,0.0,3.0,0.25,1.25,-1.0
2021-01-26,2020-2021,Newcastle United,Leeds United,1,1,2,22,9,5,2,10,15,9,5,1,0,0,1,0.0,3.0,1.25,0.5,0.75
2021-01-30,2020-2021,Newcastle United,Everton,0,2,0,13,11,3,3,6,13,12,7,4,0,3,4,1.0,2.0,0.75,0.75,0.0
2021-02-02,2020-2021,Newcastle United,Crystal Palace,1,1,2,21,6,5,3,14,11,9,1,1,0,0,1,1.0,2.0,1.25,0.75,0.5
2021-02-06,2020-2021,Newcastle United,Southampton,1,3,2,6,14,4,5,11,14,0,7,2,1,3,5,2.0,1.0,1.0,1.25,-0.25
2021-02-15,2020-2021,Newcastle United,Chelsea,0,0,2,10,18,4,5,13,9,5,10,0,0,0,0,1.0,2.0,1.0,1.25,-0.25
2021-02-21,2020-2021,Newcastle United,Manchester United,0,1,3,10,15,6,7,11,9,4,6,2,0,0,2,1.0,2.0,1.5,1.75,-0.25
2021-02-27,2020-2021,Newcastle United,Wolverhampton Wanderers,1,1,1,19,14,7,4,11,13,3,5,2,0,1,2,0.3333333333333333,2.3333333333333335,1.75,1.0,0.75
2021-03-07,2020-2021,Newcastle United,West Brom,0,0,0,9,13,5,3,10,11,7,9,0,0,1,0,0.6666666666666666,1.6666666666666667,1.25,0.75,0.5
2021-03-12,2020-2021,Newcastle United,Aston Villa,1,1,1,12,15,3,6,10,10,2,2,2,0,1,2,1.0,1.0,0.75,1.5,-0.75
2021-03-20,2020-2021,Newcastle United,Brighton and Hove Albion,0,0,3,3,11,1,6,5,12,1,3,1,0,0,1,0.6666666666666666,1.6666666666666667,0.25,1.5,-1.25
2021-04-04,2020-2021,Newcastle United,Tottenham Hotspur,1,2,2,22,11,6,5,13,14,7,3,3,0,1,3,0.6666666666666666,1.6666666666666667,1.5,1.25,0.25
2021-04-11,2020-2021,Newcastle United,Burnley,0,2,1,10,24,5,4,12,11,3,13,0,0,3,0,1.3333333333333333,1.3333333333333333,1.25,1.0,0.25
2021-04-17,2020-2021,Newcastle United,West Ham United,1,3,2,16,16,8,6,9,7,3,8,2,0,3,2,2.3333333333333335,0.3333333333333333,2.0,1.5,0.5
2021-04-24,2020-2021,Newcastle United,Liverpool,0,1,1,7,22,4,9,7,9,3,6,1,0,1,1,2.3333333333333335,0.3333333333333333,1.0,2.25,-1.25
2021-05-02,2020-2021,Newcastle United,Arsenal,1,0,2,5,19,1,5,10,9,3,7,2,1,0,5,1.3333333333333333,1.3333333333333333,0.25,1.25,-1.0
2021-05-07,2020-2021,Newcastle United,Leicester City,0,4,2,14,25,6,9,9,12,6,9,1,0,3,1,1.3333333333333333,1.3333333333333333,1.5,2.25,-0.75
2021-05-14,2020-2021,Newcastle United,Manchester City,1,3,4,11,15,5,6,11,10,4,5,2,0,0,2,1.0,2.0,1.25,1.5,-0.25
2021-05-19,2020-2021,Newcastle United,Sheffield United,1,1,0,16,11,5,1,7,7,5,2,0,0,3,0,2.0,1.0,1.25,0.25,1.0
2021-05-23,2020-2021,Newcastle United,Fulham,0,2,0,10,14,4,0,6,12,4,5,0,0,3,0,2.0,1.0,1.0,0.0,1.0
2021-08-15,2021-2022,Newcastle United,West Ham United,1,2,4,17,8,3,9,4,3,7,6,1,0,0,1,2.0,1.0,0.75,2.25,-1.5
2021-08-21,2021-2022,Newcastle United,Aston Villa,0,0,2,9,10,1,2,18,8,4,3,4,0,0,4,1.0,2.0,0.25,0.5,-0.25
2021-08-28,2021-2022,Newcastle United,Southampton,1,2,2,10,22,5,6,11,6,4,4,3,0,1,3,0.3333333333333333,2.3333333333333335,1.25,1.5,-0.25
2021-09-11,2021-2022,Newcastle United,Manchester United,0,1,4,12,21,3,7,2,9,3,7,0,0,0,0,0.3333333333333333,2.3333333333333335,0.75,1.75,-1.0
2021-09-17,2021-2022,Newcastle United,Leeds United,1,1,1,17,22,7,9,9,11,4,5,2,0,1,2,0.6666666666666666,1.6666666666666667,1.75,2.25,-0.5
2021-09-25,2021-2022,Newcastle United,Watford,0,1,1,20,15,6,4,12,19,6,5,3,0,1,3,0.6666666666666666,1.6666666666666667,1.5,1.0,0.5
2021-10-02,2021-2022,Newcastle United,Wolverhampton Wanderers,0,1,2,8,7,2,3,5,15,4,0,2,0,0,2,0.6666666666666666,1.6666666666666667,0.5,0.75,-0.25
2021-10-17,2021-2022,Newcastle United,Tottenham Hotspur,1,2,3,7,14,1,4,13,4,2,9,4,1,0,7,0.3333333333333333,2.3333333333333335,0.25,1.0,-0.75
2021-10-23,2021-2022,Newcastle United,Crystal Palace,0,1,1,6,15,2,3,9,13,7,3,4,0,1,4,0.3333333333333333,2.3333333333333335,0.5,0.75,-0.25
2021-10-30,2021-2022,Newcastle United,Chelsea,1,0,3,6,19,1,6,14,12,0,2,3,0,0,3,0.3333333333333333,2.3333333333333335,0.25,1.5,-1.25
2021-11-06,2021-2022,Newcastle United,Brighton and Hove Albion,0,1,1,6,14,1,5,10,16,5,2,4,0,1,4,0.6666666666666666,1.6666666666666667,0.25,1.25,-1.0
2021-11-20,2021-2022,Newcastle United,Brentford,1,3,3,23,10,9,4,13,11,8,2,2,0,1,2,0.6666666666666666,1.6666666666666667,2.25,1.0,1.25
2021-11-27,2021-2022,Newcastle United,Arsenal,0,0,2,9,24,5,6,12,6,4,4,3,0,0,3,0.6666666666666666,1.6666666666666667,1.25,1.5,-0.25
2021-11-30,2021-2022,Newcastle United,Norwich City,1,1,1,9,16,1,6,8,11,2,5,0,0,1,0,0.6666666666666666,1.6666666666666667,0.25,1.5,-1.25
2021-12-04,2021-2022,Newcastle United,Burnley,1,1,0,19,10,4,1,11,9,10,3,1,0,3,1,1.3333333333333333,1.3333333333333333,1.0,0.25,0.75
2021-12-12,2021-2022,Newcastle United,Leicester City,0,0,4,12,8,3,5,16,9,6,4,3,0,0,3,1.3333333333333333,1.3333333333333333,0.75,1.25,-0.5
2021-12-16,2021-2022,Newcastle United,Liverpool,0,1,3,4,23,2,8,4,9,0,11,3,0,0,3,1.0,2.0,0.5,2.0,-1.5
2021-12-19,2021-2022,Newcastle United,Manchester City,1,0,4,5,18,1,7,9,6,3,6,1,0,0,1,0.0,3.0,0.25,1.75,-1.5
2021-12-27,2021-2022,Newcastle United,Manchester United,1,1,1,13,13,8,4,11,8,2,4,3,0,1,3,0.3333333333333333,2.3333333333333335,2.0,1.0,1.0
2022-01-15,2021-2022,Newcastle United,Watford,1,1,1,12,18,1,5,13,13,4,6,3,0,1,3,0.6666666666666666,1.6666666666666667,0.25,1.25,-1.0
2022-01-22,2021-2022,Newcastle United,Leeds United,0,1,0,15,13,3,4,9,9,7,6,2,0,3,2,1.6666666666666667,0.6666666666666666,0.75,1.0,-0.25
2022-02-08,2021-2022,Newcastle United,Everton,1,3,1,20,11,9,3,13,13,6,2,2,0,3,2,2.3333333333333335,0.3333333333333333,2.25,0.75,1.5
2022-02-13,2021-2022,Newcastle United,Aston Villa,1,1,0,10,11,2,1,22,15,3,6,3,0,3,3,3.0,0.0,0.5,0.25,0.25
2022-02-19,2021-2022,Newcastle United,West Ham United,0,1,1,14,11,3,3,7,3,7,3,3,0,1,3,2.3333333333333335,0.3333333333333333,0.75,0.75,0.0
2022-02-26,2021-2022,Newcastle United,Brentford,0,2,0,26,6,11,1,7,9,6,6,1,0,3,1,2.3333333333333335,0.3333333333333333,2.75,0.25,2.5
2022-03-05,2021-2022,Newcastle United,Brighton and Hove Albion,1,2,1,10,15,4,4,8,10,4,7,1,0,3,1,2.3333333333333335,0.3333333333333333,1.0,1.0,0.0
2022-03-10,2021-2022,Newcastle United,Southampton,0,2,1,8,14,4,5,7,6,5,12,1,0,3,1,3.0,0.0,1.0,1.25,-0.25
2022-03-13,2021-2022,Newcastle United,Chelsea,0,0,1,7,8,2,3,16,17,2,7,3,0,0,3,2.0,1.0,0.5,0.75,-0.25
2022-03-17,2021-2022,Newcastle United,Everton,0,0,1,17,9,6,3,11,13,7,5,1,0,0,1,1.0,2.0,1.5,0.75,0.75
2022-04-03,2021-2022,Newcastle United,Tottenham Hotspur,0,1,5,8,19,1,6,7,10,3,2,3,0,0,3,0.0,3.0,0.25,1.5,-1.25
2022-04-08,2021-2022,Newcastle United,Wolverhampton Wanderers,1,1,0,12,5,4,2,6,13,1,2,1,0,3,1,1.0,2.0,1.0,0.5,0.5
2022-04-17,2021-2022,Newcastle United,Leicester City,1,2,1,16,8,7,2,10,10,3,5,2,0,3,2,2.0,1.0,1.75,0.5,1.25
2022-04-20,2021-2022,Newcastle United,Crystal Palace,1,1,0,13,10,4,2,12,12,2,5,1,0,3,1,3.0,0.0,1.0,0.5,0.5
2022-04-23,2021-2022,Newcastle United,Norwich City,0,3,0,13,5,7,2,10,11,3,2,2,0,3,2,3.0,0.0,1.75,0.5,1.25
2022-04-30,2021-2022,Newcastle United,Liverpool,1,0,1,4,24,2,10,11,11,0,6,1,0,0,1,2.0,1.0,0.5,2.5,-2.0
2022-05-08,2021-2022,Newcastle United,Manchester City,0,0,5,7,21,3,9,11,6,2,8,3,0,0,3,1.0,2.0,0.75,2.25,-1.5
2022-05-16,2021-2022,Newcastle United,Arsenal,1,2,0,16,11,4,2,11,8,12,8,0,0,3,0,1.0,2.0,1.0,0.5,0.5
2022-05-22,2021-2022,Newcastle United,Burnley,0,2,1,8,12,6,5,9,8,2,8,0,0,3,0,2.0,1.0,1.5,1.25,0.25
2022-08-06,2022-2023,Newcastle United,Nottingham Forest,1,2,0,23,5,10,0,9,14,11,1,0,0,3,0,3.0,0.0,2.5,0.0,2.5
2022-08-13,2022-2023,Newcastle United,Brighton and Hove Albion,0,0,0,4,13,1,7,6,8,3,7,3,0,1,3,2.3333333333333335,0.3333333333333333,0.25,1.75,-1.5
2022-08-21,2022-2023,Newcastle United,Manchester City,1,3,3,12,21,6,10,14,7,5,5,4,0,1,4,1.6666666666666667,0.6666666666666666,1.5,2.5,-1.0
2022-08-28,2022-2023,Newcastle United,Wolverhampton Wanderers,0,1,1,21,10,6,4,11,10,13,4,1,0,1,1,1.0,1.0,1.5,1.0,0.5
2022-08-31,2022-2023,Newcastle United,Liverpool,0,1,2,5,23,2,6,10,9,0,13,2,0,0,2,0.6666666666666666,1.6666666666666667,0.5,1.5,-1.0
2022-09-03,2022-2023,Newcastle United,Crystal Palace,1,0,0,23,19,6,9,19,12,13,5,2,0,1,2,0.6666666666666666,1.6666666666666667,1.5,2.25,-0.75
2022-09-17,2022-2023,Newcastle United,Bournemouth,1,1,1,20,10,7,3,10,11,8,1,2,0,1,2,0.6666666666666666,1.6666666666666667,1.75,0.75,1.0
2022-10-01,2022-2023,Newcastle United,Fulham,0,4,1,19,3,10,1,10,9,8,1,0,0,3,0,1.6666666666666667,0.6666666666666666,2.5,0.25,2.25
2022-10-08,2022-2023,Newcastle United,Brentford,1,5,1,16,6,6,3,14,9,9,5,0,0,3,0,2.3333333333333335,0.3333333333333333,1.5,0.75,0.75
2022-10-16,2022-2023,Newcastle United,Manchester United,0,0,0,9,15,2,2,11,13,4,4,1,0,1,1,2.3333333333333335,0.3333333333333333,0.5,0.5,0.0
2022-10-19,2022-2023,Newcastle United,Everton,1,1,0,16,1,4,0,9,12,8,2,2,0,3,2,2.3333333333333335,0.3333333333333333,1.0,0.0,1.0
2022-10-23,2022-2023,Newcastle United,Tottenham Hotspur,0,2,1,13,17,5,5,6,12,7,6,2,0,3,2,2.3333333333333335,0.3333333333333333,1.25,1.25,0.0
2022-10-29,2022-2023,Newcastle United,Aston Villa,1,4,0,20,3,7,0,11,11,3,0,1,0,3,1,3.0,0.0,1.75,0.0,1.75
2022-11-06,2022-2023,Newcastle United,Southampton,0,4,1,7,16,4,5,10,7,2,8,0,0,3,0,3.0,0.0,1.0,1.25,-0.25
2022-11-12,2022-2023,Newcastle United,Chelsea,1,1,0,10,5,3,2,14,11,5,3,3,0,3,3,3.0,0.0,0.75,0.5,0.25
2022-12-26,2022-2023,Newcastle United,Leicester City,0,3,0,12,8,5,2,6,9,5,5,0,0,3,0,3.0,0.0,1.25,0.5,0.75
2022-12-31,2022-2023,Newcastle United,Leeds United,1,0,0,16,8,5,1,13,19,9,3,3,0,1,3,2.3333333333333335,0.3333333333333333,1.25,0.25,1.0
2023-01-03,2022-2023,Newcastle United,Arsenal,0,0,0,8,17,1,4,16,10,5,5,4,0,1,4,1.6666666666666667,0.6666666666666666,0.25,1.0,-0.75
2023-01-15,2022-2023,Newcastle United,Fulham,1,1,0,20,5,5,0,6,14,10,5,1,0,3,1,1.6666666666666667,0.6666666666666666,1.25,0.0,1.25
2023-01-21,2022-2023,Newcastle United,Crystal Palace,0,0,0,16,6,7,1,7,13,15,3,2,0,1,2,1.6666666666666667,0.6666666666666666,1.75,0.25,1.5
2023-02-04,2022-2023,Newcastle United,West Ham United,1,1,1,8,10,2,1,11,13,4,2,2,0,1,2,1.6666666666666667,0.6666666666666666,0.5,0.25,0.25
2023-02-11,2022-2023,Newcastle United,Bournemouth,0,1,1,15,11,7,5,10,8,6,4,3,0,1,3,1.0,1.0,1.75,1.25,0.5
2023-02-18,2022-2023,Newcastle United,Liverpool,1,0,2,14,13,4,7,3,8,6,7,1,1,0,4,0.6666666666666666,1.6666666666666667,1.0,1.75,-0.75
2023-03-04,2022-2023,Newcastle United,Manchester City,0,0,2,5,11,2,3,13,8,4,8,4,0,0,4,0.3333333333333333,2.3333333333333335,0.5,0.75,-0.25
2023-03-12,2022-2023,Newcastle United,Wolverhampton Wanderers,1,2,1,19,7,8,4,11,10,10,3,1,0,3,1,1.0,2.0,2.0,1.0,1.0
2023-03-17,2022-2023,Newcastle United,Nottingham Forest,0,2,1,15,5,4,3,9,17,7,3,1,0,3,1,2.0,1.0,1.0,0.75,0.25
2023-04-02,2022-2023,Newcastle United,Manchester United,1,2,0,22,6,6,1,8,12,7,4,0,0,3,0,3.0,0.0,1.5,0.25,1.25
2023-04-05,2022-2023,Newcastle United,West Ham United,0,5,1,15,7,8,2,12,11,6,7,1,0,3,1,3.0,0.0,2.0,0.5,1.5
2023-04-08,2022-2023,Newcastle United,Brentford,0,2,1,10,12,4,6,15,10,5,6,0,0,3,0,3.0,0.0,1.0,1.5,-0.5
2023-04-15,2022-2023,Newcastle United,Aston Villa,0,0,3,8,16,2,6,15,13,2,7,1,0,0,1,2.0,1.0,0.5,1.5,-1.0
2023-04-23,2022-2023,Newcastle United,Tottenham Hotspur,1,6,1,25,11,8,3,7,13,9,3,0,0,3,0,2.0,1.0,2.0,0.75,1.25
2023-04-27,2022-2023,Newcastle United,Everton,0,4,1,15,13,8,5,6,8,14,3,1,0,3,1,2.0,1.0,2.0,1.25,0.75
2023-04-30,2022-2023,Newcastle United,Southampton,1,3,1,22,4,5,3,7,10,11,2,1,0,3,1,3.0,0.0,1.25,0.75,0.5
2023-05-07,2022-2023,Newcastle United,Arsenal,1,0,2,12,10,5,6,16,12,9,4,2,0,0,2,2.0,1.0,1.25,1.5,-0.25
2023-05-13,2022-2023,Newcastle United,Leeds United,0,2,2,18,9,5,4,14,16,6,2,2,0,1,2,1.3333333333333333,1.3333333333333333,1.25,1.0,0.25
2023-05-18,2022-2023,Newcastle United,Brighton and Hove Albion,1,4,1,22,8,9,2,17,16,6,1,2,0,3,2,1.3333333333333333,1.3333333333333333,2.25,0.5,1.75
2023-05-22,2022-2023,Newcastle United,Leicester City,1,0,0,23,1,4,1,9,5,12,1,2,0,1,2,1.6666666666666667,0.6666666666666666,1.0,0.25,0.75
2023-05-28,2022-2023,Newcastle United,Chelsea,0,1,1,13,22,4,5,11,9,3,10,0,0,1,0,1.6666666666666667,0.6666666666666666,1.0,1.25,-0.25
2023-08-12,2023-2024,Newcastle United,Aston Villa,1,5,1,17,16,13,6,12,17,6,5,4,0,3,4,1.6666666666666667,0.6666666666666666,3.25,1.5,1.75
2023-08-19,2023-2024,Newcastle United,Manchester City,0,0,1,7,14,1,4,11,12,0,3,5,0,0,5,1.3333333333333333,1.3333333333333333,0.25,1.0,-0.75
2023-08-27,2023-2024,Newcastle United,Liverpool,1,1,2,23,9,8,4,16,10,5,9,1,0,0,1,1.0,2.0,2.0,1.0,1.0
2023-09-02,2023-2024,Newcastle United,Brighton and Hove Albion,0,1,3,9,15,2,6,17,14,3,5,4,0,0,4,0.0,3.0,0.5,1.5,-1.0
2023-09-16,2023-2024,Newcastle United,Brentford,1,1,0,9,11,2,2,8,12,8,3,3,0,3,3,1.0,2.0,0.5,0.5,0.0
2023-09-24,2023-2024,Newcastle United,Sheffield United,0,8,0,22,9,15,1,8,12,6,2,0,0,3,0,2.0,1.0,3.75,0.25,3.5
2023-09-30,2023-2024,Newcastle United,Burnley,1,2,0,20,8,8,2,7,15,5,3,1,0,3,1,3.0,0.0,2.0,0.5,1.5
2023-10-08,2023-2024,Newcastle United,West Ham United,0,2,2,10,5,3,3,18,11,2,4,3,0,1,3,2.3333333333333335,0.3333333333333333,0.75,0.75,0.0
2023-10-21,2023-2024,Newcastle United,Crystal Palace,1,4,0,10,17,7,3,7,12,6,8,2,0,3,2,2.3333333333333335,0.3333333333333333,1.75,0.75,1.0
2023-10-28,2023-2024,Newcastle United,Wolverhampton Wanderers,0,2,2,13,11,5,6,15,13,7,8,4,0,1,4,1.6666666666666667,0.6666666666666666,1.25,1.5,-0.25
2023-11-04,2023-2024,Newcastle United,Arsenal,1,1,0,9,14,2,1,14,9,0,11,5,0,3,5,2.3333333333333335,0.3333333333333333,0.5,0.25,0.25
2023-11-11,2023-2024,Newcastle United,Bournemouth,0,0,2,8,19,5,10,4,10,5,6,1,0,0,1,1.3333333333333333,1.3333333333333333,1.25,2.5,-1.25
2023-11-25,2023-2024,Newcastle United,Chelsea,1,4,1,14,7,5,4,13,19,4,2,4,0,3,4,2.0,1.0,1.25,1.0,0.25
2023-12-02,2023-2024,Newcastle United,Manchester United,1,1,0,22,8,4,1,6,13,7,3,1,0,3,1,2.0,1.0,1.0,0.25,0.75
2023-12-07,2023-2024,Newcastle United,Everton,0,0,3,13,21,3,6,8,18,2,5,0,0,0,0,2.0,1.0,0.75,1.5,-0.75
2023-12-10,2023-2024,Newcastle United,Tottenham Hotspur,0,1,4,9,23,3,12,12,10,6,3,3,0,0,3,1.0,2.0,0.75,3.0,-2.25
2023-12-16,2023-2024,Newcastle United,Fulham,1,3,0,27,6,10,4,7,12,5,1,0,0,3,0,1.0,2.0,2.5,1.0,1.5
2023-12-23,2023-2024,Newcastle United,Luton Town,0,0,1,15,16,2,5,5,11,7,6,1,0,0,1,1.0,2.0,0.5,1.25,-0.75
2023-12-26,2023-2024,Newcastle United,Nottingham Forest,1,1,3,19,15,7,6,10,11,10,2,3,0,0,3,1.0,2.0,1.75,1.5,0.25
2024-01-01,2023-2024,Newcastle United,Liverpool,0,2,4,5,34,3,15,15,16,3,7,5,0,0,5,0.0,3.0,0.75,3.75,-3.0
2024-01-13,2023-2024,Newcastle United,Manchester City,1,2,3,12,27,5,11,7,7,3,13,1,0,0,1,0.0,3.0,1.25,2.75,-1.5
2024-01-30,2023-2024,Newcastle United,Aston Villa,0,3,1,14,12,5,6,12,14,7,8,1,0,3,1,1.0,2.0,1.25,1.5,-0.25
2024-02-03,2023-2024,Newcastle United,Luton Town,1,4,4,19,11,6,8,13,16,8,2,2,0,1,2,1.3333333333333333,1.3333333333333333,1.5,2.0,-0.5
2024-02-10,2023-2024,Newcastle United,Nottingham Forest,0,3,2,7,13,5,3,6,9,4,4,2,0,3,2,2.3333333333333335,0.3333333333333333,1.25,0.75,0.5
2024-02-17,2023-2024,Newcastle United,Bournemouth,1,2,2,17,12,5,7,9,22,4,2,1,0,1,1,1.6666666666666667,0.6666666666666666,1.25,1.75,-0.5
2024-02-24,2023-2024,Newcastle United,Arsenal,0,1,4,3,18,2,8,6,15,0,9,0,0,0,0,1.3333333333333333,1.3333333333333333,0.5,2.0,-1.5
2024-03-02,2023-2024,Newcastle United,Wolverhampton Wanderers,1,3,0,14,12,7,3,8,11,3,5,0,0,3,0,1.3333333333333333,1.3333333333333333,1.75,0.75,1.0
2024-03-11,2023-2024,Newcastle United,Chelsea,0,2,3,11,12,3,8,7,12,4,0,1,0,0,1,1.0,2.0,0.75,2.0,-1.25
2024-03-30,2023-2024,Newcastle United,West Ham United,1,4,3,24,10,9,4,9,8,3,4,1,1,3,4,2.0,1.0,2.25,1.0,1.25
2024-04-02,2023-2024,Newcastle United,Everton,1,1,1,18,10,6,3,9,14,7,3,0,0,1,0,1.3333333333333333,1.3333333333333333,1.5,0.75,0.75
2024-04-06,2023-2024,Newcastle United,Fulham,0,1,0,12,14,5,4,13,10,3,14,2,0,3,2,2.3333333333333335,0.3333333333333333,1.25,1.0,0.25
2024-04-13,2023-2024,Newcastle United,Tottenham Hotspur,1,4,0,18,11,5,2,14,12,16,3,0,0,3,0,2.3333333333333335,0.3333333333333333,1.25,0.5,0.75
2024-04-24,2023-2024,Newcastle United,Crystal Palace,0,0,2,7,20,2,7,15,10,2,7,3,0,0,3,2.0,1.0,0.5,1.75,-1.25
2024-04-27,2023-2024,Newcastle United,Sheffield United,1,5,1,20,15,7,5,9,10,4,5,0,0,3,0,2.0,1.0,1.75,1.25,0.5
2024-05-04,2023-2024,Newcastle United,Burnley,0,4,1,23,17,11,5,8,8,11,4,2,0,3,2,2.0,1.0,2.75,1.25,1.5
2024-05-11,2023-2024,Newcastle United,Brighton and Hove Albion,1,1,1,18,15,7,4,9,16,8,4,3,0,1,3,2.3333333333333335,0.3333333333333333,1.75,1.0,0.75
2024-05-15,2023-2024,Newcastle United,Manchester United,0,2,3,21,17,8,8,7,16,9,9,3,0,0,3,1.3333333333333333,1.3333333333333333,2.0,2.0,0.0
2024-05-19,2023-2024,Newcastle United,Brentford,0,4,2,12,10,7,5,11,15,0,3,4,0,3,4,1.3333333333333333,1.3333333333333333,1.75,1.25,0.5
2024-08-17,2024-2025,Newcastle United,Southampton,1,1,0,3,19,1,4,15,16,3,12,2,1,3,5,2.0,1.0,0.25,1.0,-0.75
2024-08-25,2024-2025,Newcastle United,Bournemouth,0,1,1,14,16,5,4,8,19,9,8,2,0,1,2,2.3333333333333335,0.3333333333333333,1.25,1.0,0.25
2024-09-01,2024-2025,Newcastle United,Tottenham Hotspur,1,2,1,9,20,3,6,16,13,7,12,4,0,3,4,2.3333333333333335,0.3333333333333333,0.75,1.5,-0.75
2024-09-15,2024-2025,Newcastle United,Wolverhampton Wanderers,0,2,1,14,12,6,5,6,17,7,4,3,0,3,3,2.3333333333333335,0.3333333333333333,1.5,1.25,0.25
2024-09-21,2024-2025,Newcastle United,Fulham,0,1,3,15,22,4,11,8,16,0,6,0,0,0,0,2.0,1.0,1.0,2.75,-1.75
2024-09-28,2024-2025,Newcastle United,Manchester City,1,1,1,11,16,4,6,14,10,5,6,4,0,1,4,1.3333333333333333,1.3333333333333333,1.0,1.5,-0.5
2024-10-05,2024-2025,Newcastle United,Everton,0,0,0,14,8,3,2,8,12,10,0,2,0,1,2,0.6666666666666666,1.6666666666666667,0.75,0.5,0.25
2024-10-19,2024-2025,Newcastle United,Brighton and Hove Albion,1,0,1,21,10,6,5,11,9,9,4,2,0,0,2,0.6666666666666666,1.6666666666666667,1.5,1.25,0.25
2024-10-27,2024-2025,Newcastle United,Chelsea,0,1,2,11,17,3,7,16,13,4,7,3,0,0,3,0.3333333333333333,2.3333333333333335,0.75,1.75,-1.0
2024-11-02,2024-2025,Newcastle United,Arsenal,1,1,0,9,10,4,1,16,18,4,6,4,0,3,4,1.0,2.0,1.0,0.25,0.75
2024-11-10,2024-2025,Newcastle United,Nottingham Forest,0,3,1,17,9,6,3,6,13,5,4,1,0,3,1,2.0,1.0,1.5,0.75,0.75
2024-11-25,2024-2025,Newcastle United,West Ham United,1,0,2,18,15,2,6,11,8,8,3,1,0,0,1,2.0,1.0,0.5,1.5,-1.0
2024-11-30,2024-2025,Newcastle United,Crystal Palace,0,1,1,1,16,0,4,11,12,9,8,3,0,1,3,1.3333333333333333,1.3333333333333333,0.0,1.0,-1.0
2024-12-04,2024-2025,Newcastle United,Liverpool,1,3,3,17,16,6,5,9,17,5,6,2,0,1,2,0.6666666666666666,1.6666666666666667,1.5,1.25,0.25
2024-12-07,2024-2025,Newcastle United,Brentford,0,2,4,16,11,3,8,7,10,4,3,0,0,0,0,0.6666666666666666,1.6666666666666667,0.75,2.0,-1.25
2024-12-14,2024-2025,Newcastle United,Leicester City,1,4,0,27,4,11,1,7,16,5,2,3,0,3,3,1.3333333333333333,1.3333333333333333,2.75,0.25,2.5
2024-12-21,2024-2025,Newcastle United,Ipswich Town,0,4,0,15,10,7,2,7,9,1,2,0,0,3,0,2.0,1.0,1.75,0.5,1.25
2024-12-26,2024-2025,Newcastle United,Aston Villa,1,3,0,22,4,8,1,15,10,9,6,2,0,3,2,3.0,0.0,2.0,0.25,1.75
2024-12-30,2024-2025,Newcastle United,Manchester United,0,2,0,12,10,4,0,8,13,3,2,1,0,3,1,3.0,0.0,1.0,0.0,1.0
2025-01-04,2024-2025,Newcastle United,Tottenham Hotspur,0,2,1,14,13,4,4,15,11,10,9,4,0,3,4,3.0,0.0,1.0,1.0,0.0
2025-01-15,2024-2025,Newcastle United,Wolverhampton Wanderers,1,3,0,17,13,5,7,10,13,4,2,0,0,3,0,3.0,0.0,1.25,1.75,-0.5
2025-01-18,2024-2025,Newcastle United,Bournemouth,1,1,4,13,19,5,10,7,18,7,6,1,0,0,1,2.0,1.0,1.25,2.5,-1.25
2025-01-25,2024-2025,Newcastle United,Southampton,0,3,1,17,12,9,5,5,10,8,3,0,0,3,0,2.0,1.0,2.25,1.25,1.0
2025-02-01,2024-2025,Newcastle United,Fulham,1,1,2,11,15,4,4,10,15,4,7,4,0,0,4,1.0,2.0,1.0,1.0,0.0
2025-02-15,2024-2025,Newcastle United,Manchester City,0,0,4,3,11,1,7,13,5,4,7,1,0,0,1,1.0,2.0,0.25,1.75,-1.5
2025-02-23,2024-2025,Newcastle United,Nottingham Forest,1,4,3,13,17,5,5,11,13,7,6,1,0,3,1,1.0,2.0,1.25,1.25,0.0
2025-02-26,2024-2025,Newcastle United,Liverpool,0,0,2,3,12,0,3,11,12,2,4,1,0,0,1,1.0,2.0,0.0,0.75,-0.75
2025-03-10,2024-2025,Newcastle United,West Ham United,0,1,0,9,9,3,2,15,7,4,3,1,0,3,1,2.0,1.0,0.75,0.5,0.25
2025-04-02,2024-2025,Newcastle United,Brentford,1,2,1,21,12,4,3,12,12,4,5,1,0,3,1,2.0,1.0,1.0,0.75,0.25
2025-04-07,2024-2025,Newcastle United,Leicester City,0,3,0,16,7,5,2,9,8,2,12,0,0,3,0,3.0,0.0,1.25,0.5,0.75
2025-04-13,2024-2025,Newcastle United,Manchester United,1,4,1,13,9,6,5,7,9,7,2,0,0,3,0,3.0,0.0,1.5,1.25,0.25
2025-04-16,2024-2025,Newcastle United,Crystal Palace,1,5,0,14,11,7,4,9,15,5,4,2,0,3,2,3.0,0.0,1.75,1.0,0.75
2025-04-19,2024-2025,Newcastle United,Aston Villa,0,1,4,10,23,3,9,12,9,7,7,3,0,0,3,2.0,1.0,0.75,2.25,-1.5
2025-04-26,2024-2025,Newcastle United,Ipswich Town,1,3,0,25,4,5,0,9,9,11,2,1,0,3,1,2.0,1.0,1.25,0.0,1.25
2025-05-04,2024-2025,Newcastle United,Brighton and Hove Albion,0,1,1,13,5,5,2,10,15,4,1,1,0,1,1,1.3333333333333333,1.3333333333333333,1.25,0.5,0.75
2025-05-11,2024-2025,Newcastle United,Chelsea,1,2,0,15,10,6,3,9,13,2,8,4,0,3,4,2.3333333333333335,0.3333333333333333,1.5,0.75,0.75
2025-05-18,2024-2025,Newcastle United,Arsenal,0,0,1,14,12,5,4,9,9,7,10,3,0,0,3,1.3333333333333333,1.3333333333333333,1.25,1.0,0.25
2025-05-25,2024-2025,Newcastle United,Everton,1,0,1,17,14,6,6,12,9,12,3,1,0,0,1,1.0,2.0,1.5,1.5,0.0
2025-08-16,2025-2026,Newcastle United,Aston Villa,0,0,0,16,3,3,3,11,13,6,3,1,0,1,1,0.3333333333333333,2.3333333333333335,0.75,0.75,0.0
2025-08-25,2025-2026,Newcastle United,Liverpool,1,2,3,10,5,3,4,17,15,7,1,2,1,0,5,0.3333333333333333,2.3333333333333335,0.75,1.0,-0.25
2025-08-30,2025-2026,Newcastle United,Leeds United,0,0,0,8,10,2,1,15,10,5,5,1,0,1,1,0.6666666666666666,1.6666666666666667,0.5,0.25,0.25
2025-09-13,2025-2026,Newcastle United,Wolverhampton Wanderers,1,1,0,16,8,4,3,10,17,10,4,1,0,3,1,1.3333333333333333,1.3333333333333333,1.0,0.75,0.25
2025-09-21,2025-2026,Newcastle United,Bournemouth,0,0,0,4,11,1,2,10,7,2,5,1,0,1,1,1.6666666666666667,0.6666666666666666,0.25,0.5,-0.25
2025-09-28,2025-2026,Newcastle United,Arsenal,1,1,2,8,20,3,7,8,9,7,12,2,0,0,2,1.3333333333333333,1.3333333333333333,0.75,1.75,-1.0
2025-10-05,2025-2026,Newcastle United,Nottingham Forest,1,2,0,18,5,9,4,16,15,8,1,0,0,3,0,1.3333333333333333,1.3333333333333333,2.25,1.0,1.25
2025-10-18,2025-2026,Newcastle United,Brighton and Hove Albion,0,1,2,16,13,3,5,9,9,4,8,1,0,0,1,1.0,2.0,0.75,1.25,-0.5
2025-10-25,2025-2026,Newcastle United,Fulham,1,2,1,18,12,7,5,11,18,4,3,0,0,3,0,2.0,1.0,1.75,1.25,0.5
2025-11-02,2025-2026,Newcastle United,West Ham United,0,1,3,12,15,4,9,10,5,6,7,2,0,0,2,1.0,2.0,1.0,2.25,-1.25
2025-11-09,2025-2026,Newcastle United,Brentford,0,1,3,5,15,1,7,13,10,2,6,1,0,0,1,1.0,2.0,0.25,1.75,-1.5
2021-08-14,2021-2022,Norwich City,Liverpool,1,0,3,14,19,3,8,4,14,3,11,1,0,0,1,0.0,3.0,0.75,2.0,-1.25
2021-08-21,2021-2022,Norwich City,Manchester City,0,0,5,1,16,0,4,7,13,1,6,0,0,0,0,0.0,3.0,0.0,1.0,-1.0
2021-08-28,2021-2022,Norwich City,Leicester City,1,1,2,14,9,4,3,8,9,9,9,2,0,0,2,0.0,3.0,1.0,0.75,0.25
2021-09-11,2021-2022,Norwich City,Arsenal,0,0,1,10,30,1,7,11,9,4,8,2,0,0,2,0.0,3.0,0.25,1.75,-1.5
2021-09-18,2021-2022,Norwich City,Watford,1,1,3,12,12,5,8,10,14,4,8,1,0,0,1,0.0,3.0,1.25,2.0,-0.75
2021-09-25,2021-2022,Norwich City,Everton,0,0,2,10,11,2,4,9,12,4,6,3,0,0,3,0.0,3.0,0.5,1.0,-0.5
2021-10-02,2021-2022,Norwich City,Burnley,0,0,0,10,14,2,4,3,13,5,9,2,0,1,2,0.3333333333333333,2.3333333333333335,0.5,1.0,-0.5
2021-10-16,2021-2022,Norwich City,Brighton and Hove Albion,1,0,0,15,11,3,3,5,14,8,4,3,0,1,3,0.6666666666666666,1.6666666666666667,0.75,0.75,0.0
2021-10-23,2021-2022,Norwich City,Chelsea,0,0,7,3,23,1,13,16,14,0,5,2,1,0,5,0.6666666666666666,1.6666666666666667,0.25,3.25,-3.0
2021-10-31,2021-2022,Norwich City,Leeds United,1,1,2,14,13,3,6,14,23,5,0,1,0,0,1,0.3333333333333333,2.3333333333333335,0.75,1.5,-0.75
2021-11-06,2021-2022,Norwich City,Brentford,0,2,1,9,19,5,7,13,12,2,6,3,0,3,3,1.0,2.0,1.25,1.75,-0.5
2021-11-20,2021-2022,Norwich City,Southampton,1,2,1,8,17,4,5,8,9,5,7,3,0,3,3,2.0,1.0,1.0,1.25,-0.25
2021-11-27,2021-2022,Norwich City,Wolverhampton Wanderers,1,0,0,14,5,4,2,11,10,4,3,2,0,1,2,2.3333333333333335,0.3333333333333333,1.0,0.5,0.5
2021-11-30,2021-2022,Norwich City,Newcastle United,0,1,1,16,9,6,1,11,8,5,2,0,1,1,3,1.6666666666666667,0.6666666666666666,1.5,0.25,1.25
2021-12-05,2021-2022,Norwich City,Tottenham Hotspur,0,0,3,10,17,1,7,4,11,4,6,2,0,0,2,0.6666666666666666,1.6666666666666667,0.25,1.75,-1.5
2021-12-11,2021-2022,Norwich City,Manchester United,1,0,1,11,13,5,5,6,17,8,6,1,0,0,1,0.3333333333333333,2.3333333333333335,1.25,1.25,0.0
2021-12-14,2021-2022,Norwich City,Aston Villa,1,0,2,7,17,3,6,12,9,7,10,3,0,0,3,0.0,3.0,0.75,1.5,-0.75
2021-12-26,2021-2022,Norwich City,Arsenal,1,0,5,4,16,2,6,13,7,3,5,1,0,0,1,0.0,3.0,0.5,1.5,-1.0
2021-12-28,2021-2022,Norwich City,Crystal Palace,0,0,3,12,19,3,6,13,9,8,8,2,0,0,2,0.0,3.0,0.75,1.5,-0.75
2022-01-12,2021-2022,Norwich City,West Ham United,0,0,2,7,13,3,5,8,9,2,11,0,0,0,0,0.0,3.0,0.75,1.25,-0.5
2022-01-15,2021-2022,Norwich City,Everton,1,2,1,14,12,3,5,12,14,8,8,3,0,3,3,1.0,2.0,0.75,1.25,-0.5
2022-01-21,2021-2022,Norwich City,Watford,0,3,0,7,15,2,4,11,16,1,5,1,0,3,1,2.0,1.0,0.5,1.0,-0.5
2022-02-09,2021-2022,Norwich City,Crystal Palace,1,1,1,5,13,1,5,11,15,4,6,1,0,1,1,2.3333333333333335,0.3333333333333333,0.25,1.25,-1.0
2022-02-12,2021-2022,Norwich City,Manchester City,1,0,4,8,22,3,9,7,8,4,12,0,0,0,0,1.3333333333333333,1.3333333333333333,0.75,2.25,-1.5
2022-02-19,2021-2022,Norwich City,Liverpool,0,1,3,6,29,1,8,8,7,4,9,1,0,0,1,0.3333333333333333,2.3333333333333335,0.25,2.0,-1.75
2022-02-25,2021-2022,Norwich City,Southampton,0,0,2,8,27,1,9,9,12,6,13,2,0,0,2,0.0,3.0,0.25,2.25,-2.0
2022-03-05,2021-2022,Norwich City,Brentford,1,1,3,15,10,7,6,13,18,5,5,2,0,0,2,0.0,3.0,1.75,1.5,0.25
2022-03-10,2021-2022,Norwich City,Chelsea,1,1,3,9,15,3,7,8,15,3,8,0,0,0,0,0.0,3.0,0.75,1.75,-1.0
2022-03-13,2021-2022,Norwich City,Leeds United,0,1,2,12,13,4,7,8,18,2,6,1,0,0,1,0.0,3.0,1.0,1.75,-0.75
2022-04-02,2021-2022,Norwich City,Brighton and Hove Albion,0,0,0,6,31,0,4,11,12,2,11,1,0,1,1,0.3333333333333333,2.3333333333333335,0.0,1.0,-1.0
2022-04-10,2021-2022,Norwich City,Burnley,1,2,0,17,18,6,4,12,10,6,7,1,0,3,1,1.3333333333333333,1.3333333333333333,1.5,1.0,0.5
2022-04-16,2021-2022,Norwich City,Manchester United,0,2,3,15,20,4,9,6,7,7,6,0,0,0,0,1.3333333333333333,1.3333333333333333,1.0,2.25,-1.25
2022-04-23,2021-2022,Norwich City,Newcastle United,1,0,3,5,13,2,7,11,10,2,3,0,0,0,0,1.0,2.0,0.5,1.75,-1.25
2022-04-30,2021-2022,Norwich City,Aston Villa,0,0,2,9,21,3,6,8,16,3,2,1,0,0,1,0.0,3.0,0.75,1.5,-0.75
2022-05-08,2021-2022,Norwich City,West Ham United,1,0,4,8,13,2,5,7,7,9,5,1,0,0,1,0.0,3.0,0.5,1.25,-0.75
2022-05-11,2021-2022,Norwich City,Leicester City,0,0,3,9,20,5,8,5,10,2,10,0,0,0,0,0.0,3.0,1.25,2.0,-0.75
2022-05-15,2021-2022,Norwich City,Wolverhampton Wanderers,0,1,1,11,17,2,4,10,5,3,5,3,0,1,3,0.3333333333333333,2.3333333333333335,0.5,1.0,-0.5
2022-05-22,2021-2022,Norwich City,Tottenham Hotspur,1,0,5,9,19,0,13,13,7,3,2,3,0,0,3,0.3333333333333333,2.3333333333333335,0.0,3.25,-3.25
2022-08-06,2022-2023,Nottingham Forest,Newcastle United,0,0,2,5,23,0,10,14,9,1,11,3,0,0,3,0.0,3.0,0.0,2.5,-2.5
2022-08-14,2022-2023,Nottingham Forest,West Ham United,1,1,0,13,19,6,5,10,11,6,7,4,0,3,4,1.5,1.5,1.5,1.25,0.25
2022-08-20,2022-2023,Nottingham Forest,Everton,0,1,1,14,19,5,8,9,6,2,6,2,0,1,2,1.3333333333333333,1.3333333333333333,1.25,2.0,-0.75
2022-08-28,2022-2023,Nottingham Forest,Tottenham Hotspur,1,0,2,17,18,1,7,11,13,6,1,6,0,0,6,1.3333333333333333,1.3333333333333333,0.25,1.75,-1.5
2022-08-31,2022-2023,Nottingham Forest,Manchester City,0,0,6,8,17,1,9,7,9,1,10,1,0,0,1,0.3333333333333333,2.3333333333333335,0.25,2.25,-2.0
2022-09-03,2022-2023,Nottingham Forest,Bournemouth,1,2,3,11,8,3,3,13,10,4,6,2,0,0,2,0.0,3.0,0.75,0.75,0.0
2022-09-16,2022-2023,Nottingham Forest,Fulham,1,2,3,11,15,3,7,11,10,2,10,2,0,0,2,0.0,3.0,0.75,1.75,-1.0
2022-10-03,2022-2023,Nottingham Forest,Leicester City,0,0,4,10,17,3,7,12,13,6,6,4,0,0,4,0.0,3.0,0.75,1.75,-1.0
2022-10-10,2022-2023,Nottingham Forest,Aston Villa,1,1,1,6,12,3,2,13,19,1,4,3,0,1,3,0.3333333333333333,2.3333333333333335,0.75,0.5,0.25
2022-10-15,2022-2023,Nottingham Forest,Wolverhampton Wanderers,0,0,1,10,9,2,2,13,17,5,4,2,0,0,2,0.3333333333333333,2.3333333333333335,0.5,0.5,0.0
2022-10-18,2022-2023,Nottingham Forest,Brighton and Hove Albion,0,0,0,3,19,0,7,14,10,1,9,1,0,1,1,0.6666666666666666,1.6666666666666667,0.0,1.75,-1.75
2022-10-22,2022-2023,Nottingham Forest,Liverpool,1,1,0,10,15,7,7,14,8,2,11,2,0,3,2,1.3333333333333333,1.3333333333333333,1.75,1.75,0.0
2022-10-30,2022-2023,Nottingham Forest,Arsenal,0,0,5,5,24,2,10,8,9,4,9,1,0,0,1,1.3333333333333333,1.3333333333333333,0.5,2.5,-2.0
2022-11-05,2022-2023,Nottingham Forest,Brentford,1,2,2,15,6,7,2,10,11,3,3,2,0,1,2,1.3333333333333333,1.3333333333333333,1.75,0.5,1.25
2022-11-12,2022-2023,Nottingham Forest,Crystal Palace,1,1,0,9,8,2,0,11,13,1,5,1,0,3,1,1.3333333333333333,1.3333333333333333,0.5,0.0,0.5
2022-12-27,2022-2023,Nottingham Forest,Manchester United,0,0,3,8,17,3,8,4,13,9,9,1,0,0,1,1.3333333333333333,1.3333333333333333,0.75,2.0,-1.25
2023-01-01,2022-2023,Nottingham Forest,Chelsea,1,1,1,12,7,5,2,16,14,1,2,2,0,1,2,1.3333333333333333,1.3333333333333333,1.25,0.5,0.75
2023-01-04,2022-2023,Nottingham Forest,Southampton,0,1,0,11,8,1,0,17,14,2,6,2,0,3,2,1.3333333333333333,1.3333333333333333,0.25,0.0,0.25
2023-01-14,2022-2023,Nottingham Forest,Leicester City,1,2,0,15,6,5,1,11,12,3,5,1,0,3,1,2.3333333333333335,0.3333333333333333,1.25,0.25,1.0
2023-01-21,2022-2023,Nottingham Forest,Bournemouth,0,1,1,20,16,5,4,7,10,6,4,2,0,1,2,2.3333333333333335,0.3333333333333333,1.25,1.0,0.25
2023-02-05,2022-2023,Nottingham Forest,Leeds United,1,1,0,6,10,2,4,15,14,0,2,4,0,3,4,2.3333333333333335,0.3333333333333333,0.5,1.0,-0.5
2023-02-11,2022-2023,Nottingham Forest,Fulham,0,0,2,10,16,1,3,11,9,4,5,1,0,0,1,1.3333333333333333,1.3333333333333333,0.25,0.75,-0.5
2023-02-18,2022-2023,Nottingham Forest,Manchester City,1,1,1,4,26,1,6,8,6,0,10,1,0,1,1,1.3333333333333333,1.3333333333333333,0.25,1.5,-1.25
2023-02-25,2022-2023,Nottingham Forest,West Ham United,0,0,4,8,18,3,5,5,8,3,12,0,0,0,0,0.3333333333333333,2.3333333333333335,0.75,1.25,-0.5
2023-03-05,2022-2023,Nottingham Forest,Everton,1,2,2,10,10,4,3,11,17,3,3,3,0,1,3,0.6666666666666666,1.6666666666666667,1.0,0.75,0.25
2023-03-11,2022-2023,Nottingham Forest,Tottenham Hotspur,0,1,3,9,15,5,7,13,13,10,2,1,0,0,1,0.3333333333333333,2.3333333333333335,1.25,1.75,-0.5
2023-03-17,2022-2023,Nottingham Forest,Newcastle United,1,1,2,5,15,3,4,17,9,3,7,5,0,0,5,0.3333333333333333,2.3333333333333335,0.75,1.0,-0.25
2023-04-01,2022-2023,Nottingham Forest,Wolverhampton Wanderers,1,1,1,17,8,7,1,14,13,4,3,3,0,1,3,0.3333333333333333,2.3333333333333335,1.75,0.25,1.5
2023-04-04,2022-2023,Nottingham Forest,Leeds United,0,1,2,13,21,1,6,13,11,4,11,4,0,0,4,0.3333333333333333,2.3333333333333335,0.25,1.5,-1.25
2023-04-08,2022-2023,Nottingham Forest,Aston Villa,0,0,2,6,8,2,3,17,7,8,1,4,0,0,4,0.3333333333333333,2.3333333333333335,0.5,0.75,-0.25
2023-04-16,2022-2023,Nottingham Forest,Manchester United,1,0,2,6,22,0,8,9,9,4,9,2,0,0,2,0.0,3.0,0.0,2.0,-2.0
2023-04-22,2022-2023,Nottingham Forest,Liverpool,0,2,3,11,18,5,6,12,9,3,9,1,0,0,1,0.0,3.0,1.25,1.5,-0.25
2023-04-26,2022-2023,Nottingham Forest,Brighton and Hove Albion,1,3,1,12,17,5,7,7,8,2,7,2,0,3,2,1.0,2.0,1.25,1.75,-0.5
2023-04-29,2022-2023,Nottingham Forest,Brentford,0,1,2,5,14,3,8,13,6,0,6,2,0,0,2,1.0,2.0,0.75,2.0,-1.25
2023-05-08,2022-2023,Nottingham Forest,Southampton,1,4,3,9,19,4,5,16,10,2,11,1,0,3,1,2.0,1.0,1.0,1.25,-0.25
2023-05-13,2022-2023,Nottingham Forest,Chelsea,0,2,2,11,14,2,6,15,13,5,2,1,0,1,1,1.3333333333333333,1.3333333333333333,0.5,1.5,-1.0
2023-05-20,2022-2023,Nottingham Forest,Arsenal,1,1,0,6,11,2,3,11,12,3,6,3,0,3,3,2.3333333333333335,0.3333333333333333,0.5,0.75,-0.25
2023-05-28,2022-2023,Nottingham Forest,Crystal Palace,0,1,1,7,16,4,4,13,9,4,5,2,0,1,2,1.6666666666666667,0.6666666666666666,1.0,1.0,0.0
2023-08-12,2023-2024,Nottingham Forest,Arsenal,0,1,2,6,15,2,7,12,12,3,8,2,0,0,2,1.3333333333333333,1.3333333333333333,0.5,1.75,-1.25
2023-08-18,2023-2024,Nottingham Forest,Sheffield United,1,2,1,16,7,4,3,5,9,6,7,2,0,3,2,1.3333333333333333,1.3333333333333333,1.0,0.75,0.25
2023-08-26,2023-2024,Nottingham Forest,Manchester United,0,2,3,9,18,4,9,11,13,3,11,4,1,0,7,1.0,2.0,1.0,2.25,-1.25
2023-09-02,2023-2024,Nottingham Forest,Chelsea,0,1,0,7,21,3,2,9,10,0,8,4,0,3,4,2.0,1.0,0.75,0.5,0.25
2023-09-18,2023-2024,Nottingham Forest,Burnley,1,1,1,14,10,4,3,16,10,5,4,2,0,1,2,1.3333333333333333,1.3333333333333333,1.0,0.75,0.25
2023-09-23,2023-2024,Nottingham Forest,Manchester City,0,0,2,10,7,3,4,17,5,6,6,7,0,0,7,1.3333333333333333,1.3333333333333333,0.75,1.0,-0.25
2023-10-01,2023-2024,Nottingham Forest,Brentford,1,1,1,6,18,1,5,6,10,1,11,1,1,1,4,0.6666666666666666,1.6666666666666667,0.25,1.25,-1.0
2023-10-07,2023-2024,Nottingham Forest,Crystal Palace,0,0,0,16,8,5,2,12,7,7,3,1,0,1,1,0.6666666666666666,1.6666666666666667,1.25,0.5,0.75
2023-10-21,2023-2024,Nottingham Forest,Luton Town,1,2,2,19,13,8,4,12,11,4,2,3,0,1,3,1.0,1.0,2.0,1.0,1.0
2023-10-29,2023-2024,Nottingham Forest,Liverpool,0,0,3,9,21,1,8,13,9,3,8,3,0,0,3,0.6666666666666666,1.6666666666666667,0.25,2.0,-1.75
2023-11-05,2023-2024,Nottingham Forest,Aston Villa,1,2,0,5,13,3,3,6,9,0,10,1,0,3,1,1.3333333333333333,1.3333333333333333,0.75,0.75,0.0
2023-11-12,2023-2024,Nottingham Forest,West Ham United,0,2,3,10,16,5,6,12,9,4,9,2,0,0,2,1.0,2.0,1.25,1.5,-0.25
2023-11-25,2023-2024,Nottingham Forest,Brighton and Hove Albion,1,2,3,18,11,5,5,12,7,6,4,2,0,0,2,1.0,2.0,1.25,1.25,0.0
2023-12-02,2023-2024,Nottingham Forest,Everton,1,0,1,13,12,2,3,15,14,4,3,1,0,0,1,0.0,3.0,0.5,0.75,-0.25
2023-12-06,2023-2024,Nottingham Forest,Fulham,0,0,5,4,14,1,6,10,7,1,6,1,0,0,1,0.0,3.0,0.25,1.5,-1.25
2023-12-09,2023-2024,Nottingham Forest,Wolverhampton Wanderers,0,1,1,8,10,2,4,11,9,3,4,1,0,1,1,0.3333333333333333,2.3333333333333335,0.5,1.0,-0.5
2023-12-15,2023-2024,Nottingham Forest,Tottenham Hotspur,1,0,2,15,12,1,6,16,11,6,4,2,0,0,2,0.3333333333333333,2.3333333333333335,0.25,1.5,-1.25
2023-12-23,2023-2024,Nottingham Forest,Bournemouth,1,2,3,11,18,5,7,10,10,6,6,0,1,0,3,0.3333333333333333,2.3333333333333335,1.25,1.75,-0.5
2023-12-26,2023-2024,Nottingham Forest,Newcastle United,0,3,1,15,19,6,7,11,10,2,10,3,0,3,3,1.0,2.0,1.5,1.75,-0.25
2023-12-30,2023-2024,Nottingham Forest,Manchester United,1,2,1,8,10,2,5,9,11,4,5,2,0,3,2,2.0,1.0,0.5,1.25,-0.75
2024-01-20,2023-2024,Nottingham Forest,Brentford,0,2,3,12,11,3,5,14,10,4,6,3,0,0,3,2.0,1.0,0.75,1.25,-0.5
2024-01-30,2023-2024,Nottingham Forest,Arsenal,1,1,2,9,19,3,3,6,7,2,11,0,0,0,0,1.0,2.0,0.75,0.75,0.0
2024-02-04,2023-2024,Nottingham Forest,Bournemouth,0,1,1,8,9,6,2,12,19,6,11,2,0,1,2,0.3333333333333333,2.3333333333333335,1.5,0.5,1.0
2024-02-10,2023-2024,Nottingham Forest,Newcastle United,1,2,3,13,7,3,5,9,6,4,4,1,0,0,1,0.3333333333333333,2.3333333333333335,0.75,1.25,-0.5
2024-02-17,2023-2024,Nottingham Forest,West Ham United,1,2,0,19,10,8,3,13,15,5,3,4,0,3,4,1.3333333333333333,1.3333333333333333,2.0,0.75,1.25
2024-02-24,2023-2024,Nottingham Forest,Aston Villa,0,2,4,10,16,3,6,16,7,2,7,2,0,0,2,1.0,2.0,0.75,1.5,-0.75
2024-03-02,2023-2024,Nottingham Forest,Liverpool,1,0,1,8,22,2,2,11,12,3,12,2,0,0,2,1.0,2.0,0.5,0.5,0.0
2024-03-10,2023-2024,Nottingham Forest,Brighton and Hove Albion,0,0,1,9,10,4,3,14,14,3,6,4,0,0,4,0.0,3.0,1.0,0.75,0.25
2024-03-16,2023-2024,Nottingham Forest,Luton Town,0,1,1,16,10,6,4,17,10,7,6,2,0,1,2,0.3333333333333333,2.3333333333333335,1.5,1.0,0.5
2024-03-30,2023-2024,Nottingham Forest,Crystal Palace,1,1,1,12,10,5,3,14,12,4,6,1,0,1,1,0.6666666666666666,1.6666666666666667,1.25,0.75,0.5
2024-04-02,2023-2024,Nottingham Forest,Fulham,1,3,1,16,18,4,3,7,8,3,8,0,0,3,0,1.6666666666666667,0.6666666666666666,1.0,0.75,0.25
2024-04-07,2023-2024,Nottingham Forest,Tottenham Hotspur,0,1,3,13,17,6,7,12,11,2,12,3,0,0,3,1.3333333333333333,1.3333333333333333,1.5,1.75,-0.25
2024-04-13,2023-2024,Nottingham Forest,Wolverhampton Wanderers,1,2,2,18,11,9,4,15,10,10,1,2,0,1,2,1.3333333333333333,1.3333333333333333,2.25,1.0,1.25
2024-04-21,2023-2024,Nottingham Forest,Everton,0,0,2,8,7,3,4,9,15,4,6,2,0,0,2,0.3333333333333333,2.3333333333333335,0.75,1.0,-0.25
2024-04-28,2023-2024,Nottingham Forest,Manchester City,1,0,2,14,11,2,5,8,6,4,5,0,0,0,0,0.3333333333333333,2.3333333333333335,0.5,1.25,-0.75
2024-05-04,2023-2024,Nottingham Forest,Sheffield United,0,3,1,15,17,4,5,7,9,3,5,1,0,3,1,1.0,2.0,1.0,1.25,-0.25
2024-05-11,2023-2024,Nottingham Forest,Chelsea,1,2,3,20,12,4,5,14,8,5,6,2,0,0,2,1.0,2.0,1.0,1.25,-0.25
2024-05-19,2023-2024,Nottingham Forest,Burnley,0,2,1,12,20,6,3,5,11,3,4,0,0,3,0,2.0,1.0,1.5,0.75,0.75
2024-08-17,2024-2025,Nottingham Forest,Bournemouth,1,1,1,14,13,8,4,17,8,2,6,1,0,1,1,1.3333333333333333,1.3333333333333333,2.0,1.0,1.0
2024-08-24,2024-2025,Nottingham Forest,Southampton,0,1,0,23,5,8,1,14,14,10,4,3,0,3,3,2.3333333333333335,0.3333333333333333,2.0,0.25,1.75
2024-08-31,2024-2025,Nottingham Forest,Wolverhampton Wanderers,1,1,1,16,11,5,3,15,18,7,3,3,0,1,3,1.6666666666666667,0.6666666666666666,1.25,0.75,0.5
2024-09-14,2024-2025,Nottingham Forest,Liverpool,0,1,0,5,14,3,5,6,15,2,7,4,0,3,4,2.3333333333333335,0.3333333333333333,0.75,1.25,-0.5
2024-09-22,2024-2025,Nottingham Forest,Brighton and Hove Albion,0,2,2,4,14,3,3,11,12,1,9,4,1,1,7,1.6666666666666667,0.6666666666666666,0.75,0.75,0.0
2024-09-28,2024-2025,Nottingham Forest,Fulham,1,0,1,11,14,1,2,11,15,6,5,2,0,0,2,1.3333333333333333,1.3333333333333333,0.25,0.5,-0.25
2024-10-06,2024-2025,Nottingham Forest,Chelsea,0,1,1,16,22,9,8,11,12,3,11,2,1,1,5,0.6666666666666666,1.6666666666666667,2.25,2.0,0.25
2024-10-21,2024-2025,Nottingham Forest,Crystal Palace,1,1,0,20,20,6,7,9,12,6,6,2,0,3,2,1.3333333333333333,1.3333333333333333,1.5,1.75,-0.25
2024-10-25,2024-2025,Nottingham Forest,Leicester City,0,3,1,20,11,5,1,9,16,7,6,2,0,3,2,2.3333333333333335,0.3333333333333333,1.25,0.25,1.0
2024-11-02,2024-2025,Nottingham Forest,West Ham United,1,3,0,19,4,6,2,7,9,11,6,1,0,3,1,3.0,0.0,1.5,0.5,1.0
2024-11-10,2024-2025,Nottingham Forest,Newcastle United,1,1,3,9,17,3,6,13,6,4,5,1,0,0,1,2.0,1.0,0.75,1.5,-0.75
2024-11-23,2024-2025,Nottingham Forest,Arsenal,0,0,3,7,19,0,7,1,10,1,8,2,0,0,2,1.0,2.0,0.0,1.75,-1.75
2024-11-30,2024-2025,Nottingham Forest,Ipswich Town,1,1,0,12,7,5,3,5,16,8,7,1,0,3,1,1.0,2.0,1.25,0.75,0.5
2024-12-04,2024-2025,Nottingham Forest,Manchester City,0,0,3,12,17,3,7,15,7,2,8,4,0,0,4,1.0,2.0,0.75,1.75,-1.0
2024-12-07,2024-2025,Nottingham Forest,Manchester United,0,3,2,11,17,3,7,13,10,3,5,2,0,3,2,2.0,1.0,0.75,1.75,-1.0
2024-12-14,2024-2025,Nottingham Forest,Aston Villa,1,2,1,17,8,6,2,12,6,4,3,0,0,3,0,2.0,1.0,1.5,0.5,1.0
2024-12-21,2024-2025,Nottingham Forest,Brentford,0,2,0,10,7,6,3,14,9,5,9,4,0,3,4,3.0,0.0,1.5,0.75,0.75
2024-12-26,2024-2025,Nottingham Forest,Tottenham Hotspur,1,1,0,10,13,3,4,12,13,2,7,3,0,3,3,3.0,0.0,0.75,1.0,-0.25
2024-12-29,2024-2025,Nottingham Forest,Everton,0,2,0,11,13,7,2,10,13,4,5,1,0,3,1,3.0,0.0,1.75,0.5,1.25
2025-01-06,2024-2025,Nottingham Forest,Wolverhampton Wanderers,0,3,0,11,13,3,6,8,10,3,5,2,0,3,2,3.0,0.0,0.75,1.5,-0.75
2025-01-14,2024-2025,Nottingham Forest,Liverpool,1,1,1,6,23,3,7,7,10,0,9,2,0,1,2,2.3333333333333335,0.3333333333333333,0.75,1.75,-1.0
2025-01-19,2024-2025,Nottingham Forest,Southampton,1,3,2,14,10,5,4,4,18,2,8,0,0,3,0,2.3333333333333335,0.3333333333333333,1.25,1.0,0.25
2025-01-25,2024-2025,Nottingham Forest,Bournemouth,0,0,5,18,16,4,10,12,9,9,3,3,0,0,3,1.3333333333333333,1.3333333333333333,1.0,2.5,-1.5
2025-02-01,2024-2025,Nottingham Forest,Brighton and Hove Albion,1,7,0,14,10,9,5,8,13,4,6,1,0,3,1,2.0,1.0,2.25,1.25,1.0
2025-02-15,2024-2025,Nottingham Forest,Fulham,0,1,2,8,24,2,10,8,13,4,8,0,0,0,0,1.0,2.0,0.5,2.5,-2.0
2025-02-23,2024-2025,Nottingham Forest,Newcastle United,0,3,4,17,13,5,5,13,11,6,7,4,0,0,4,1.0,2.0,1.25,1.25,0.0
2025-02-26,2024-2025,Nottingham Forest,Arsenal,1,0,0,6,13,2,1,10,17,3,11,1,0,1,1,0.3333333333333333,2.3333333333333335,0.5,0.25,0.25
2025-03-08,2024-2025,Nottingham Forest,Manchester City,1,1,0,9,14,4,3,9,7,3,2,3,0,3,3,1.3333333333333333,1.3333333333333333,1.0,0.75,0.25
2025-03-15,2024-2025,Nottingham Forest,Ipswich Town,0,4,2,11,11,6,4,13,4,3,6,1,0,3,1,2.3333333333333335,0.3333333333333333,1.5,1.0,0.5
2025-04-01,2024-2025,Nottingham Forest,Manchester United,1,1,0,8,23,2,6,5,12,3,10,1,0,3,1,3.0,0.0,0.5,1.5,-1.0
2025-04-05,2024-2025,Nottingham Forest,Aston Villa,0,1,2,19,17,3,8,15,7,4,4,2,0,0,2,2.0,1.0,0.75,2.0,-1.25
2025-04-12,2024-2025,Nottingham Forest,Everton,1,0,1,10,13,5,5,9,13,1,7,0,0,0,0,1.0,2.0,1.25,1.25,0.0
2025-04-21,2024-2025,Nottingham Forest,Tottenham Hotspur,0,2,1,4,22,3,6,12,11,1,7,4,0,3,4,1.0,2.0,0.75,1.5,-0.75
2025-05-01,2024-2025,Nottingham Forest,Brentford,1,0,2,14,11,5,3,10,12,4,5,3,0,0,3,1.0,2.0,1.25,0.75,0.5
2025-05-05,2024-2025,Nottingham Forest,Crystal Palace,0,1,1,12,20,4,3,15,9,4,7,8,0,1,8,1.3333333333333333,1.3333333333333333,1.0,0.75,0.25
2025-05-11,2024-2025,Nottingham Forest,Leicester City,1,2,2,15,10,4,6,11,11,4,4,3,0,1,3,0.6666666666666666,1.6666666666666667,1.0,1.5,-0.5
2025-05-18,2024-2025,Nottingham Forest,West Ham United,0,2,1,10,16,5,5,7,14,7,8,3,0,3,3,1.6666666666666667,0.6666666666666666,1.25,1.25,0.0
2025-05-25,2024-2025,Nottingham Forest,Chelsea,1,0,1,10,6,2,2,10,11,7,4,2,0,0,2,1.3333333333333333,1.3333333333333333,0.5,0.5,0.0
2025-08-17,2025-2026,Nottingham Forest,Brentford,1,3,1,11,10,5,3,7,15,5,5,1,0,3,1,2.0,1.0,1.25,0.75,0.5
2025-08-24,2025-2026,Nottingham Forest,Crystal Palace,0,1,1,9,8,1,4,11,11,3,1,3,0,1,3,1.3333333333333333,1.3333333333333333,0.25,1.0,-0.75
2025-08-31,2025-2026,Nottingham Forest,West Ham United,1,0,3,11,12,3,8,14,6,9,7,0,0,0,0,1.3333333333333333,1.3333333333333333,0.75,2.0,-1.25
2025-09-13,2025-2026,Nottingham Forest,Arsenal,0,0,3,5,16,1,5,11,8,4,8,1,0,0,1,0.3333333333333333,2.3333333333333335,0.25,1.25,-1.0
2025-09-20,2025-2026,Nottingham Forest,Burnley,0,1,1,17,12,8,5,11,12,5,4,1,0,1,1,0.3333333333333333,2.3333333333333335,2.0,1.25,0.75
2025-09-27,2025-2026,Nottingham Forest,Sunderland,1,0,1,22,11,6,3,11,6,7,4,4,0,0,4,0.3333333333333333,2.3333333333333335,1.5,0.75,0.75
2025-10-05,2025-2026,Nottingham Forest,Newcastle United,0,0,2,5,18,4,9,15,16,1,8,4,0,0,4,0.3333333333333333,2.3333333333333335,1.0,2.25,-1.25
2025-10-18,2025-2026,Nottingham Forest,Chelsea,1,0,3,12,17,2,6,13,16,5,2,2,0,0,2,0.0,3.0,0.5,1.5,-1.0
2025-10-26,2025-2026,Nottingham Forest,Bournemouth,0,0,2,8,13,4,5,7,17,4,6,1,0,0,1,0.0,3.0,1.0,1.25,-0.25
2025-11-01,2025-2026,Nottingham Forest,Manchester United,1,2,2,17,18,3,7,10,7,8,5,1,0,1,1,0.3333333333333333,2.3333333333333335,0.75,1.75,-1.0
2025-11-09,2025-2026,Nottingham Forest,Leeds United,1,3,1,14,10,6,3,10,11,6,4,2,0,3,2,1.3333333333333333,1.3333333333333333,1.5,0.75,0.75
2020-09-14,2020-2021,Sheffield United,Wolverhampton Wanderers,1,0,2,9,11,2,4,13,7,12,5,2,0,0,2,0.0,3.0,0.5,1.0,-0.5
2020-09-21,2020-2021,Sheffield United,Aston Villa,0,0,1,4,18,1,2,13,12,4,10,1,1,0,4,0.0,3.0,0.25,0.5,-0.25
2020-09-27,2020-2021,Sheffield United,Leeds United,1,0,1,14,17,4,9,18,4,5,7,2,0,0,2,0.0,3.0,1.0,2.25,-1.25
2020-10-04,2020-2021,Sheffield United,Arsenal,0,1,2,6,6,2,5,9,3,4,2,1,0,0,1,0.0,3.0,0.5,1.25,-0.75
2020-10-18,2020-2021,Sheffield United,Fulham,1,1,1,10,15,6,6,5,9,2,5,0,0,1,0,0.3333333333333333,2.3333333333333335,1.5,1.5,0.0
2020-10-24,2020-2021,Sheffield United,Liverpool,0,1,2,13,17,2,5,15,7,3,7,3,0,0,3,0.3333333333333333,2.3333333333333335,0.5,1.25,-0.75
2020-10-31,2020-2021,Sheffield United,Manchester City,1,0,1,5,16,1,8,14,6,2,5,0,0,0,0,0.3333333333333333,2.3333333333333335,0.25,2.0,-1.75
2020-11-07,2020-2021,Sheffield United,Chelsea,0,1,4,6,20,3,9,14,5,7,6,2,0,0,2,0.0,3.0,0.75,2.25,-1.5
2020-11-22,2020-2021,Sheffield United,West Ham United,1,0,1,9,15,5,3,7,6,2,6,0,0,0,0,0.0,3.0,1.25,0.75,0.5
2020-11-28,2020-2021,Sheffield United,West Brom,0,0,1,21,17,5,6,9,10,9,14,3,0,0,3,0.0,3.0,1.25,1.5,-0.25
2020-12-06,2020-2021,Sheffield United,Leicester City,1,1,2,4,13,1,4,13,6,6,5,1,0,0,1,0.0,3.0,0.25,1.0,-0.75
2020-12-13,2020-2021,Sheffield United,Southampton,0,0,3,3,16,0,6,14,8,4,8,1,0,0,1,0.0,3.0,0.0,1.5,-1.5
2020-12-17,2020-2021,Sheffield United,Manchester United,1,2,3,12,14,6,8,17,8,6,3,3,0,0,3,0.0,3.0,1.5,2.0,-0.5
2020-12-20,2020-2021,Sheffield United,Brighton and Hove Albion,0,1,1,5,21,3,5,11,9,2,14,5,1,1,8,0.3333333333333333,2.3333333333333335,0.75,1.25,-0.5
2020-12-26,2020-2021,Sheffield United,Everton,1,0,1,10,7,2,3,11,10,6,3,2,0,0,2,0.3333333333333333,2.3333333333333335,0.5,0.75,-0.25
2020-12-29,2020-2021,Sheffield United,Burnley,0,0,1,7,5,3,3,17,13,5,3,2,0,0,2,0.3333333333333333,2.3333333333333335,0.75,0.75,0.0
2021-01-02,2020-2021,Sheffield United,Crystal Palace,0,0,2,7,9,2,4,18,8,6,3,3,0,0,3,0.0,3.0,0.5,1.0,-0.5
2021-01-12,2020-2021,Sheffield United,Newcastle United,1,1,0,17,7,4,3,13,12,5,2,2,0,3,2,1.0,2.0,1.0,0.75,0.25
2021-01-17,2020-2021,Sheffield United,Tottenham Hotspur,1,1,3,15,14,5,5,13,4,5,7,4,0,0,4,1.0,2.0,1.25,1.25,0.0
2021-01-27,2020-2021,Sheffield United,Manchester United,0,2,1,5,16,3,4,12,10,2,7,1,0,3,1,2.0,1.0,0.75,1.0,-0.25
2021-01-30,2020-2021,Sheffield United,Manchester City,0,0,1,4,10,1,5,10,7,0,10,3,0,0,3,1.0,2.0,0.25,1.25,-1.0
2021-02-02,2020-2021,Sheffield United,West Brom,1,2,1,14,8,6,4,11,9,9,2,2,0,3,2,2.0,1.0,1.5,1.0,0.5
2021-02-07,2020-2021,Sheffield United,Chelsea,1,1,2,8,9,3,3,8,8,1,8,1,0,0,1,1.0,2.0,0.75,0.75,0.0
2021-02-15,2020-2021,Sheffield United,West Ham United,0,0,3,8,13,5,9,12,11,7,7,2,0,0,2,1.0,2.0,1.25,2.25,-1.0
2021-02-20,2020-2021,Sheffield United,Fulham,0,0,1,4,15,2,7,14,11,4,6,2,0,0,2,0.0,3.0,0.5,1.75,-1.25
2021-02-28,2020-2021,Sheffield United,Liverpool,1,0,2,8,16,2,8,9,9,4,3,0,0,0,0,0.0,3.0,0.5,2.0,-1.5
2021-03-03,2020-2021,Sheffield United,Aston Villa,1,1,0,9,16,2,4,13,6,2,7,1,1,3,4,1.0,2.0,0.5,1.0,-0.5
2021-03-06,2020-2021,Sheffield United,Southampton,1,0,2,8,15,2,5,17,11,7,3,4,0,0,4,1.0,2.0,0.5,1.25,-0.75
2021-03-14,2020-2021,Sheffield United,Leicester City,0,0,5,1,19,0,10,9,10,1,9,2,0,0,2,1.0,2.0,0.0,2.5,-2.5
2021-04-03,2020-2021,Sheffield United,Leeds United,0,1,2,9,23,1,8,13,12,7,5,2,0,0,2,0.0,3.0,0.25,2.0,-1.75
2021-04-11,2020-2021,Sheffield United,Arsenal,1,0,3,7,14,2,5,9,6,2,4,1,0,0,1,0.0,3.0,0.5,1.25,-0.75
2021-04-17,2020-2021,Sheffield United,Wolverhampton Wanderers,0,0,1,8,10,2,5,15,8,3,3,2,0,0,2,0.0,3.0,0.5,1.25,-0.75
2021-04-24,2020-2021,Sheffield United,Brighton and Hove Albion,1,1,0,7,17,3,4,13,7,2,12,3,0,3,3,1.0,2.0,0.75,1.0,-0.25
2021-05-02,2020-2021,Sheffield United,Tottenham Hotspur,0,0,4,8,20,1,11,9,8,6,6,1,0,0,1,1.0,2.0,0.25,2.75,-2.5
2021-05-08,2020-2021,Sheffield United,Crystal Palace,1,0,2,7,21,0,8,11,8,5,11,1,0,0,1,1.0,2.0,0.0,2.0,-2.0
2021-05-16,2020-2021,Sheffield United,Everton,0,1,0,10,16,3,6,12,8,4,11,3,0,3,3,1.0,2.0,0.75,1.5,-0.75
2021-05-19,2020-2021,Sheffield United,Newcastle United,0,0,1,11,16,1,5,7,7,2,5,2,0,0,2,1.0,2.0,0.25,1.25,-1.0
2021-05-23,2020-2021,Sheffield United,Burnley,1,1,0,12,10,3,3,11,1,8,9,3,0,3,3,2.0,1.0,0.75,0.75,0.0
2023-08-12,2023-2024,Sheffield United,Crystal Palace,1,0,1,8,24,1,8,18,11,5,5,3,0,0,3,1.0,2.0,0.25,2.0,-1.75
2023-08-18,2023-2024,Sheffield United,Nottingham Forest,0,1,2,7,16,3,4,9,5,7,6,3,0,0,3,1.0,2.0,0.75,1.0,-0.25
2023-08-27,2023-2024,Sheffield United,Manchester City,1,1,2,6,30,2,9,11,2,1,12,3,0,0,3,0.0,3.0,0.5,2.25,-1.75
2023-09-02,2023-2024,Sheffield United,Everton,1,2,2,13,16,8,6,11,13,4,6,1,0,1,1,0.3333333333333333,2.3333333333333335,2.0,1.5,0.5
2023-09-16,2023-2024,Sheffield United,Tottenham Hotspur,0,1,2,7,28,5,10,14,13,2,15,5,1,0,8,0.3333333333333333,2.3333333333333335,1.25,2.5,-1.25
2023-09-24,2023-2024,Sheffield United,Newcastle United,1,0,8,9,22,1,15,12,8,2,6,3,0,0,3,0.3333333333333333,2.3333333333333335,0.25,3.75,-3.5
2023-09-30,2023-2024,Sheffield United,West Ham United,0,0,2,16,20,2,9,9,6,4,7,1,0,0,1,0.0,3.0,0.5,2.25,-1.75
2023-10-07,2023-2024,Sheffield United,Fulham,0,1,3,5,20,2,6,10,8,4,9,2,0,0,2,0.0,3.0,0.5,1.5,-1.0
2023-10-21,2023-2024,Sheffield United,Manchester United,1,1,2,12,14,6,5,12,10,5,4,3,0,0,3,0.0,3.0,1.5,1.25,0.25
2023-10-28,2023-2024,Sheffield United,Arsenal,0,0,5,2,13,0,8,13,9,1,6,3,0,0,3,0.0,3.0,0.0,2.0,-2.0
2023-11-04,2023-2024,Sheffield United,Wolverhampton Wanderers,1,2,1,11,10,2,3,13,10,4,4,2,0,3,2,1.0,2.0,0.5,0.75,-0.25
2023-11-12,2023-2024,Sheffield United,Brighton and Hove Albion,0,1,1,9,11,1,6,16,13,3,6,2,0,1,2,1.3333333333333333,1.3333333333333333,0.25,1.5,-1.25
2023-11-25,2023-2024,Sheffield United,Bournemouth,1,1,3,10,23,2,11,6,8,4,7,4,0,0,4,1.3333333333333333,1.3333333333333333,0.5,2.75,-2.25
2023-12-02,2023-2024,Sheffield United,Burnley,0,0,5,6,19,3,7,12,9,1,6,5,1,0,8,0.3333333333333333,2.3333333333333335,0.75,1.75,-1.0
2023-12-06,2023-2024,Sheffield United,Liverpool,1,0,2,6,15,1,8,12,8,2,12,2,0,0,2,0.0,3.0,0.25,2.0,-1.75
2023-12-09,2023-2024,Sheffield United,Brentford,1,1,0,9,10,4,4,14,13,3,4,5,0,3,5,1.0,2.0,1.0,1.0,0.0
2023-12-16,2023-2024,Sheffield United,Chelsea,0,0,2,6,15,1,6,14,9,6,7,3,0,0,3,1.0,2.0,0.25,1.5,-1.25
2023-12-22,2023-2024,Sheffield United,Aston Villa,0,1,1,5,12,2,4,16,11,1,9,3,0,1,3,1.3333333333333333,1.3333333333333333,0.5,1.0,-0.5
2023-12-26,2023-2024,Sheffield United,Luton Town,1,2,3,21,12,6,4,13,13,9,4,5,0,0,5,0.3333333333333333,2.3333333333333335,1.5,1.0,0.5
2023-12-30,2023-2024,Sheffield United,Manchester City,0,0,2,4,18,2,4,6,5,2,12,1,0,0,1,0.3333333333333333,2.3333333333333335,0.5,1.0,-0.5
2024-01-21,2023-2024,Sheffield United,West Ham United,1,2,2,21,16,6,5,11,10,4,1,3,1,1,6,0.3333333333333333,2.3333333333333335,1.5,1.25,0.25
2024-01-30,2023-2024,Sheffield United,Crystal Palace,0,2,3,9,12,5,4,18,8,1,11,4,0,0,4,0.3333333333333333,2.3333333333333335,1.25,1.0,0.25
2024-02-03,2023-2024,Sheffield United,Aston Villa,1,0,5,10,14,5,10,10,7,3,4,1,0,0,1,0.3333333333333333,2.3333333333333335,1.25,2.5,-1.25
2024-02-10,2023-2024,Sheffield United,Luton Town,0,3,1,7,20,3,5,12,7,1,13,2,0,3,2,1.0,2.0,0.75,1.25,-0.5
2024-02-18,2023-2024,Sheffield United,Brighton and Hove Albion,1,0,5,6,24,1,10,3,5,5,10,1,1,0,4,1.0,2.0,0.25,2.5,-2.25
2024-02-25,2023-2024,Sheffield United,Wolverhampton Wanderers,0,0,1,12,13,4,2,4,8,6,5,1,0,0,1,1.0,2.0,1.0,0.5,0.5
2024-03-04,2023-2024,Sheffield United,Arsenal,1,0,6,4,22,0,10,11,4,0,7,1,0,0,1,0.0,3.0,0.0,2.5,-2.5
2024-03-09,2023-2024,Sheffield United,Bournemouth,0,2,2,13,32,9,12,11,12,3,10,5,0,1,5,0.3333333333333333,2.3333333333333335,2.25,3.0,-0.75
2024-03-30,2023-2024,Sheffield United,Fulham,1,3,3,8,24,4,9,10,13,2,15,4,0,1,4,0.6666666666666666,1.6666666666666667,1.0,2.25,-1.25
2024-04-04,2023-2024,Sheffield United,Liverpool,0,1,3,8,29,3,9,9,6,1,13,1,0,0,1,0.6666666666666666,1.6666666666666667,0.75,2.25,-1.5
2024-04-07,2023-2024,Sheffield United,Chelsea,1,2,2,11,6,6,3,12,10,7,6,4,0,1,4,0.6666666666666666,1.6666666666666667,1.5,0.75,0.75
2024-04-13,2023-2024,Sheffield United,Brentford,0,0,2,8,9,2,5,11,8,6,3,1,0,0,1,0.3333333333333333,2.3333333333333335,0.5,1.25,-0.75
2024-04-20,2023-2024,Sheffield United,Burnley,1,1,4,18,16,11,9,10,9,11,2,1,0,0,1,0.3333333333333333,2.3333333333333335,2.75,2.25,0.5
2024-04-24,2023-2024,Sheffield United,Manchester United,0,2,4,10,25,4,13,9,7,4,9,1,0,0,1,0.0,3.0,1.0,3.25,-2.25
2024-04-27,2023-2024,Sheffield United,Newcastle United,0,1,5,15,20,5,7,10,9,5,4,0,0,0,0,0.0,3.0,1.25,1.75,-0.5
2024-05-04,2023-2024,Sheffield United,Nottingham Forest,1,1,3,17,15,5,4,9,7,5,3,0,1,0,3,0.0,3.0,1.25,1.0,0.25
2024-05-11,2023-2024,Sheffield United,Everton,0,0,1,13,15,1,6,11,6,6,3,2,0,0,2,0.0,3.0,0.25,1.5,-1.25
2024-05-19,2023-2024,Sheffield United,Tottenham Hotspur,1,0,3,6,18,1,9,11,9,2,6,2,0,0,2,0.0,3.0,0.25,2.25,-2.0
2020-09-12,2020-2021,Southampton,Crystal Palace,0,0,1,9,5,5,3,11,14,3,7,1,0,0,1,0.0,3.0,1.25,0.75,0.5
2020-09-20,2020-2021,Southampton,Tottenham Hotspur,1,2,5,14,9,7,6,16,18,3,2,4,0,0,4,0.0,3.0,1.75,1.5,0.25
2020-09-26,2020-2021,Southampton,Burnley,0,1,0,5,10,1,2,10,8,2,8,0,0,3,0,1.0,2.0,0.25,0.5,-0.25
2020-10-04,2020-2021,Southampton,West Brom,1,2,0,13,5,7,2,19,10,5,1,2,0,3,2,2.0,1.0,1.75,0.5,1.25
2020-10-17,2020-2021,Southampton,Chelsea,0,3,3,13,11,6,5,9,11,2,6,1,0,1,1,2.3333333333333335,0.3333333333333333,1.5,1.25,0.25
2020-10-25,2020-2021,Southampton,Everton,1,2,0,12,6,6,2,11,11,4,5,1,0,3,1,2.3333333333333335,0.3333333333333333,1.5,0.5,1.0
2020-11-01,2020-2021,Southampton,Aston Villa,0,4,3,9,19,4,10,17,12,1,11,2,0,3,2,2.3333333333333335,0.3333333333333333,1.0,2.5,-1.5
2020-11-06,2020-2021,Southampton,Newcastle United,1,2,0,15,4,8,2,12,11,8,3,1,0,3,1,3.0,0.0,2.0,0.5,1.5
2020-11-23,2020-2021,Southampton,Wolverhampton Wanderers,0,1,1,7,20,2,9,13,14,4,7,0,0,1,0,2.3333333333333335,0.3333333333333333,0.5,2.25,-1.75
2020-11-29,2020-2021,Southampton,Manchester United,1,2,3,10,15,5,6,12,12,5,9,1,0,0,1,1.3333333333333333,1.3333333333333333,1.25,1.5,-0.25
2020-12-07,2020-2021,Southampton,Brighton and Hove Albion,0,2,1,10,12,3,4,12,12,3,4,3,0,3,3,1.3333333333333333,1.3333333333333333,0.75,1.0,-0.25
2020-12-13,2020-2021,Southampton,Sheffield United,1,3,0,16,3,6,0,8,14,8,4,0,0,3,0,2.0,1.0,1.5,0.0,1.5
2020-12-16,2020-2021,Southampton,Arsenal,0,1,1,13,9,3,4,13,13,7,2,3,0,1,3,2.3333333333333335,0.3333333333333333,0.75,1.0,-0.25
2020-12-19,2020-2021,Southampton,Manchester City,1,0,1,9,11,3,5,9,11,6,6,2,0,0,2,1.3333333333333333,1.3333333333333333,0.75,1.25,-0.5
2020-12-26,2020-2021,Southampton,Fulham,0,0,0,3,10,2,1,12,15,3,6,0,0,1,0,0.6666666666666666,1.6666666666666667,0.5,0.25,0.25
2020-12-29,2020-2021,Southampton,West Ham United,1,0,0,8,8,3,3,16,15,4,3,3,0,1,3,0.6666666666666666,1.6666666666666667,0.75,0.75,0.0
2021-01-04,2020-2021,Southampton,Liverpool,1,1,0,7,17,3,1,5,12,1,10,1,0,3,1,1.6666666666666667,0.6666666666666666,0.75,0.25,0.5
2021-01-16,2020-2021,Southampton,Leicester City,0,0,2,8,16,3,5,11,10,5,2,2,0,0,2,1.3333333333333333,1.3333333333333333,0.75,1.25,-0.5
2021-01-26,2020-2021,Southampton,Arsenal,1,1,3,13,9,5,5,11,6,4,5,1,0,0,1,1.0,2.0,1.25,1.25,0.0
2021-01-30,2020-2021,Southampton,Aston Villa,1,0,1,20,8,5,4,12,11,7,1,1,0,0,1,0.0,3.0,1.25,1.0,0.25
2021-02-02,2020-2021,Southampton,Manchester United,0,0,9,3,24,1,14,6,11,3,5,3,2,0,9,0.0,3.0,0.25,3.5,-3.25
2021-02-06,2020-2021,Southampton,Newcastle United,0,2,3,14,6,5,4,14,11,7,0,1,0,0,1,0.0,3.0,1.25,1.0,0.25
2021-02-14,2020-2021,Southampton,Wolverhampton Wanderers,1,1,2,7,10,3,4,10,9,4,6,2,0,0,2,0.0,3.0,0.75,1.0,-0.25
2021-02-20,2020-2021,Southampton,Chelsea,1,1,1,4,9,1,3,10,10,3,6,1,0,1,1,0.3333333333333333,2.3333333333333335,0.25,0.75,-0.5
2021-02-23,2020-2021,Southampton,Leeds United,0,0,3,13,11,5,7,13,11,4,2,2,0,0,2,0.3333333333333333,2.3333333333333335,1.25,1.75,-0.5
2021-03-01,2020-2021,Southampton,Everton,0,0,1,9,7,1,1,9,13,10,4,2,0,0,2,0.3333333333333333,2.3333333333333335,0.25,0.25,0.0
2021-03-06,2020-2021,Southampton,Sheffield United,0,2,0,15,8,5,2,11,17,3,7,3,0,3,3,1.0,2.0,1.25,0.5,0.75
2021-03-10,2020-2021,Southampton,Manchester City,0,2,5,11,17,6,10,4,6,5,5,0,0,0,0,1.0,2.0,1.5,2.5,-1.0
2021-03-14,2020-2021,Southampton,Brighton and Hove Albion,1,1,2,9,8,4,6,11,10,4,5,0,0,0,0,1.0,2.0,1.0,1.5,-0.5
2021-04-04,2020-2021,Southampton,Burnley,1,3,2,24,7,9,5,11,10,6,7,0,0,3,0,1.0,2.0,2.25,1.25,1.0
2021-04-12,2020-2021,Southampton,West Brom,0,0,3,14,15,4,6,11,12,10,5,1,0,0,1,1.0,2.0,1.0,1.5,-0.5
2021-04-21,2020-2021,Southampton,Tottenham Hotspur,0,1,2,10,12,5,3,14,10,5,5,1,0,0,1,1.0,2.0,1.25,0.75,0.5
2021-04-30,2020-2021,Southampton,Leicester City,1,1,1,5,23,3,9,9,13,0,10,1,1,1,4,0.3333333333333333,2.3333333333333335,0.75,2.25,-1.5
2021-05-08,2020-2021,Southampton,Liverpool,0,0,2,12,14,6,6,6,10,4,8,1,0,0,1,0.3333333333333333,2.3333333333333335,1.5,1.5,0.0
2021-05-11,2020-2021,Southampton,Crystal Palace,1,3,1,13,11,6,4,20,13,12,8,2,0,3,2,1.3333333333333333,1.3333333333333333,1.5,1.0,0.5
2021-05-15,2020-2021,Southampton,Fulham,1,3,1,11,10,7,3,9,15,6,5,0,0,3,0,2.0,1.0,1.75,0.75,1.0
2021-05-18,2020-2021,Southampton,Leeds United,1,0,2,18,15,3,7,10,12,4,5,0,0,0,0,2.0,1.0,0.75,1.75,-1.0
2021-05-23,2020-2021,Southampton,West Ham United,0,0,3,17,14,5,7,9,5,3,2,3,0,0,3,1.0,2.0,1.25,1.75,-0.5
2021-08-14,2021-2022,Southampton,Everton,0,1,3,6,14,3,6,15,13,8,6,0,0,0,0,0.0,3.0,0.75,1.5,-0.75
2021-08-22,2021-2022,Southampton,Manchester United,1,1,1,8,15,3,4,12,10,7,7,2,0,1,2,0.3333333333333333,2.3333333333333335,0.75,1.0,-0.25
2021-08-28,2021-2022,Southampton,Newcastle United,0,2,2,22,10,6,5,6,11,4,4,3,0,1,3,0.6666666666666666,1.6666666666666667,1.5,1.25,0.25
2021-09-11,2021-2022,Southampton,West Ham United,1,0,0,11,13,3,3,10,12,5,4,3,0,1,3,1.0,1.0,0.75,0.75,0.0
2021-09-18,2021-2022,Southampton,Manchester City,0,0,0,10,18,2,1,12,5,5,8,2,0,1,2,1.0,1.0,0.5,0.25,0.25
2021-09-26,2021-2022,Southampton,Wolverhampton Wanderers,1,0,1,18,5,6,3,12,8,5,5,0,0,0,0,0.6666666666666666,1.6666666666666667,1.5,0.75,0.75
2021-10-02,2021-2022,Southampton,Chelsea,0,1,3,6,20,2,9,13,11,2,7,3,1,0,6,0.3333333333333333,2.3333333333333335,0.5,2.25,-1.75
2021-10-16,2021-2022,Southampton,Leeds United,1,1,0,19,3,5,0,16,14,8,1,2,0,3,2,1.0,2.0,1.25,0.0,1.25
2021-10-23,2021-2022,Southampton,Burnley,1,2,2,16,9,4,5,10,11,6,2,1,0,1,1,1.3333333333333333,1.3333333333333333,1.0,1.25,-0.25
2021-10-30,2021-2022,Southampton,Watford,0,1,0,12,10,1,4,6,16,8,5,2,0,3,2,2.3333333333333335,0.3333333333333333,0.25,1.0,-0.75
2021-11-05,2021-2022,Southampton,Aston Villa,1,1,0,9,14,3,3,12,12,10,8,2,0,3,2,2.3333333333333335,0.3333333333333333,0.75,0.75,0.0
2021-11-20,2021-2022,Southampton,Norwich City,0,1,2,17,8,5,4,9,8,7,5,2,0,0,2,2.0,1.0,1.25,1.0,0.25
2021-11-27,2021-2022,Southampton,Liverpool,0,0,4,7,20,3,6,14,7,7,5,1,0,0,1,1.0,2.0,0.75,1.5,-0.75
2021-12-01,2021-2022,Southampton,Leicester City,1,2,2,15,15,7,6,14,11,2,4,1,0,1,1,0.3333333333333333,2.3333333333333335,1.75,1.5,0.25
2021-12-04,2021-2022,Southampton,Brighton and Hove Albion,1,1,1,14,14,4,4,15,12,6,2,4,0,1,4,0.6666666666666666,1.6666666666666667,1.0,1.0,0.0
2021-12-11,2021-2022,Southampton,Arsenal,0,0,3,11,15,6,5,9,5,8,9,0,0,0,0,0.6666666666666666,1.6666666666666667,1.5,1.25,0.25
2021-12-15,2021-2022,Southampton,Crystal Palace,0,2,2,15,9,4,6,20,16,6,4,4,0,1,4,0.6666666666666666,1.6666666666666667,1.0,1.5,-0.5
2021-12-26,2021-2022,Southampton,West Ham United,0,3,2,11,11,6,5,9,10,2,10,3,0,3,3,1.3333333333333333,1.3333333333333333,1.5,1.25,0.25
2021-12-28,2021-2022,Southampton,Tottenham Hotspur,1,1,1,9,21,2,11,15,5,3,7,2,1,1,5,1.6666666666666667,0.6666666666666666,0.5,2.75,-2.25
2022-01-11,2021-2022,Southampton,Brentford,1,4,1,12,5,6,4,9,8,5,2,0,0,3,0,2.3333333333333335,0.3333333333333333,1.5,1.0,0.5
2022-01-15,2021-2022,Southampton,Wolverhampton Wanderers,0,1,3,13,9,10,5,14,13,10,2,3,0,0,3,1.3333333333333333,1.3333333333333333,2.5,1.25,1.25
2022-01-22,2021-2022,Southampton,Manchester City,1,1,1,7,20,3,5,13,5,2,11,3,0,1,3,1.3333333333333333,1.3333333333333333,0.75,1.25,-0.5
2022-02-09,2021-2022,Southampton,Tottenham Hotspur,0,3,2,23,8,10,3,13,7,8,2,3,0,3,3,1.3333333333333333,1.3333333333333333,2.5,0.75,1.75
2022-02-12,2021-2022,Southampton,Manchester United,0,1,1,13,12,4,8,13,12,4,1,0,0,1,0,1.6666666666666667,0.6666666666666666,1.0,2.0,-1.0
2022-02-19,2021-2022,Southampton,Everton,1,2,0,19,9,11,0,6,9,4,4,0,0,3,0,2.3333333333333335,0.3333333333333333,2.75,0.0,2.75
2022-02-25,2021-2022,Southampton,Norwich City,1,2,0,27,8,9,1,12,9,13,6,1,0,3,1,2.3333333333333335,0.3333333333333333,2.25,0.25,2.0
2022-03-05,2021-2022,Southampton,Aston Villa,0,0,4,11,14,1,9,8,10,7,4,1,0,0,1,2.0,1.0,0.25,2.25,-2.0
2022-03-10,2021-2022,Southampton,Newcastle United,1,1,2,14,8,5,4,6,7,12,5,1,0,0,1,1.0,2.0,1.25,1.0,0.25
2022-03-13,2021-2022,Southampton,Watford,1,1,2,13,9,7,5,8,12,11,3,3,0,0,3,0.0,3.0,1.75,1.25,0.5
2022-04-02,2021-2022,Southampton,Leeds United,0,1,1,14,12,6,3,7,14,7,4,1,0,1,1,0.3333333333333333,2.3333333333333335,1.5,0.75,0.75
2022-04-09,2021-2022,Southampton,Chelsea,1,0,6,4,24,1,14,11,10,3,3,1,0,0,1,0.3333333333333333,2.3333333333333335,0.25,3.5,-3.25
2022-04-16,2021-2022,Southampton,Arsenal,1,1,0,9,23,3,6,6,6,6,8,2,0,3,2,1.3333333333333333,1.3333333333333333,0.75,1.5,-0.75
2022-04-21,2021-2022,Southampton,Burnley,0,0,2,11,16,3,6,7,7,10,10,2,0,0,2,1.0,2.0,0.75,1.5,-0.75
2022-04-24,2021-2022,Southampton,Brighton and Hove Albion,0,2,2,18,8,5,5,7,12,6,6,0,0,1,0,1.3333333333333333,1.3333333333333333,1.25,1.25,0.0
2022-04-30,2021-2022,Southampton,Crystal Palace,1,1,2,8,14,3,5,13,11,6,7,1,0,0,1,0.3333333333333333,2.3333333333333335,0.75,1.25,-0.5
2022-05-07,2021-2022,Southampton,Brentford,0,0,3,19,18,4,5,9,12,7,4,1,0,0,1,0.3333333333333333,2.3333333333333335,1.0,1.25,-0.25
2022-05-17,2021-2022,Southampton,Liverpool,1,1,2,4,24,2,5,6,6,1,9,2,0,0,2,0.0,3.0,0.5,1.25,-0.75
2022-05-22,2021-2022,Southampton,Leicester City,0,1,4,7,12,2,6,5,10,3,3,1,0,0,1,0.0,3.0,0.5,1.5,-1.0
2022-08-06,2022-2023,Southampton,Tottenham Hotspur,0,1,4,10,18,2,8,6,11,2,10,0,0,0,0,0.0,3.0,0.5,2.0,-1.5
2022-08-13,2022-2023,Southampton,Leeds United,1,2,2,14,13,4,5,10,12,2,5,1,0,1,1,0.3333333333333333,2.3333333333333335,1.0,1.25,-0.25
2022-08-20,2022-2023,Southampton,Leicester City,0,2,1,9,6,3,1,15,11,5,2,3,0,3,3,1.3333333333333333,1.3333333333333333,0.75,0.25,0.5
2022-08-27,2022-2023,Southampton,Manchester United,1,0,1,17,11,5,6,4,14,5,3,0,0,0,0,1.3333333333333333,1.3333333333333333,1.25,1.5,-0.25
2022-08-30,2022-2023,Southampton,Chelsea,1,2,1,9,10,7,4,15,10,5,3,2,0,3,2,2.0,1.0,1.75,1.0,0.75
2022-09-03,2022-2023,Southampton,Wolverhampton Wanderers,0,0,1,12,7,1,2,14,10,6,5,2,0,0,2,1.0,2.0,0.25,0.5,-0.25
2022-09-16,2022-2023,Southampton,Aston Villa,0,0,1,7,11,1,3,13,13,3,6,1,0,0,1,1.0,2.0,0.25,0.75,-0.5
2022-10-01,2022-2023,Southampton,Everton,1,1,2,22,12,6,5,11,10,7,6,2,0,0,2,0.0,3.0,1.5,1.25,0.25
2022-10-08,2022-2023,Southampton,Manchester City,0,0,4,5,21,0,8,8,4,1,9,1,0,0,1,0.0,3.0,0.0,2.0,-2.0
2022-10-16,2022-2023,Southampton,West Ham United,1,1,1,10,25,8,4,7,3,4,14,1,0,1,1,0.3333333333333333,2.3333333333333335,2.0,1.0,1.0
2022-10-19,2022-2023,Southampton,Bournemouth,0,1,0,9,15,3,3,13,8,3,7,3,0,3,3,1.3333333333333333,1.3333333333333333,0.75,0.75,0.0
2022-10-23,2022-2023,Southampton,Arsenal,1,1,1,10,12,3,3,11,8,9,4,2,0,1,2,1.6666666666666667,0.6666666666666666,0.75,0.75,0.0
2022-10-29,2022-2023,Southampton,Crystal Palace,0,0,1,14,12,4,3,12,13,4,8,3,0,0,3,1.3333333333333333,1.3333333333333333,1.0,0.75,0.25
2022-11-06,2022-2023,Southampton,Newcastle United,1,1,4,16,7,5,4,7,10,8,2,1,0,0,1,0.3333333333333333,2.3333333333333335,1.25,1.0,0.25
2022-11-12,2022-2023,Southampton,Liverpool,0,1,3,9,15,5,7,8,8,0,6,2,0,0,2,0.0,3.0,1.25,1.75,-0.5
2022-12-26,2022-2023,Southampton,Brighton and Hove Albion,1,1,3,14,7,4,4,9,10,4,2,1,0,0,1,0.0,3.0,1.0,1.0,0.0
2022-12-31,2022-2023,Southampton,Fulham,0,1,2,9,8,3,2,13,8,4,4,1,0,0,1,0.0,3.0,0.75,0.5,0.25
2023-01-04,2022-2023,Southampton,Nottingham Forest,1,0,1,8,11,0,1,14,17,6,2,2,0,0,2,0.0,3.0,0.0,0.25,-0.25
2023-01-14,2022-2023,Southampton,Everton,0,2,1,13,12,5,4,19,7,4,6,3,0,3,3,1.0,2.0,1.25,1.0,0.25
2023-01-21,2022-2023,Southampton,Aston Villa,1,0,1,8,16,5,5,19,9,2,2,1,0,0,1,1.0,2.0,1.25,1.25,0.0
2023-02-04,2022-2023,Southampton,Brentford,0,0,3,14,14,6,4,9,10,4,4,2,0,0,2,1.0,2.0,1.5,1.0,0.5
2023-02-11,2022-2023,Southampton,Wolverhampton Wanderers,1,1,2,17,11,2,2,12,14,5,2,2,0,0,2,0.0,3.0,0.5,0.5,0.0
2023-02-18,2022-2023,Southampton,Chelsea,0,1,0,8,17,5,5,24,16,2,8,6,0,3,6,1.0,2.0,1.25,1.25,0.0
2023-02-25,2022-2023,Southampton,Leeds United,0,0,1,8,14,2,4,13,15,2,9,4,0,0,4,1.0,2.0,0.5,1.0,-0.5
2023-03-04,2022-2023,Southampton,Leicester City,1,1,0,11,11,5,0,12,11,3,4,4,0,3,4,2.0,1.0,1.25,0.0,1.25
2023-03-12,2022-2023,Southampton,Manchester United,0,0,0,17,10,4,4,9,12,8,7,0,0,1,0,1.3333333333333333,1.3333333333333333,1.0,1.0,0.0
2023-03-15,2022-2023,Southampton,Brentford,1,0,2,7,11,1,5,14,10,3,3,1,0,0,1,1.3333333333333333,1.3333333333333333,0.25,1.25,-1.0
2023-03-18,2022-2023,Southampton,Tottenham Hotspur,1,3,3,19,17,7,3,13,8,10,3,1,0,1,1,0.6666666666666666,1.6666666666666667,1.75,0.75,1.0
2023-04-02,2022-2023,Southampton,West Ham United,0,0,1,9,12,3,2,11,10,3,5,2,0,0,2,0.3333333333333333,2.3333333333333335,0.75,0.5,0.25
2023-04-08,2022-2023,Southampton,Manchester City,1,1,4,4,13,1,8,6,10,0,10,0,0,0,0,0.3333333333333333,2.3333333333333335,0.25,2.0,-1.75
2023-04-15,2022-2023,Southampton,Crystal Palace,1,0,2,11,9,4,2,6,13,6,2,3,0,0,3,0.0,3.0,1.0,0.5,0.5
2023-04-21,2022-2023,Southampton,Arsenal,0,3,3,8,25,6,6,14,10,2,7,5,0,1,5,0.3333333333333333,2.3333333333333335,1.5,1.5,0.0
2023-04-27,2022-2023,Southampton,Bournemouth,1,0,1,11,16,2,2,9,11,6,4,0,0,0,0,0.3333333333333333,2.3333333333333335,0.5,0.5,0.0
2023-04-30,2022-2023,Southampton,Newcastle United,0,1,3,4,22,3,5,10,7,2,11,4,0,0,4,0.3333333333333333,2.3333333333333335,0.75,1.25,-0.5
2023-05-08,2022-2023,Southampton,Nottingham Forest,0,3,4,19,9,5,4,10,16,11,2,0,0,0,0,0.0,3.0,1.25,1.0,0.25
2023-05-13,2022-2023,Southampton,Fulham,1,0,2,5,9,1,4,17,12,1,8,2,0,0,2,0.0,3.0,0.25,1.0,-0.75
2023-05-21,2022-2023,Southampton,Brighton and Hove Albion,0,1,3,5,26,1,8,9,8,3,4,5,0,0,5,0.0,3.0,0.25,2.0,-1.75
2023-05-28,2022-2023,Southampton,Liverpool,1,4,4,15,30,10,8,4,10,2,9,0,0,1,0,0.3333333333333333,2.3333333333333335,2.5,2.0,0.5
2024-08-17,2024-2025,Southampton,Newcastle United,0,0,1,19,3,4,1,16,15,12,3,4,0,0,4,0.3333333333333333,2.3333333333333335,1.0,0.25,0.75
2024-08-24,2024-2025,Southampton,Nottingham Forest,1,0,1,5,23,1,8,14,14,4,10,3,0,0,3,0.3333333333333333,2.3333333333333335,0.25,2.0,-1.75
2024-08-31,2024-2025,Southampton,Brentford,0,1,3,18,20,6,7,7,10,8,2,1,0,0,1,0.0,3.0,1.5,1.75,-0.25
2024-09-14,2024-2025,Southampton,Manchester United,1,0,3,6,20,4,10,11,14,0,7,1,1,0,4,0.0,3.0,1.0,2.5,-1.5
2024-09-21,2024-2025,Southampton,Ipswich Town,1,1,1,11,13,3,6,16,16,2,10,4,0,1,4,0.3333333333333333,2.3333333333333335,0.75,1.5,-0.75
2024-09-30,2024-2025,Southampton,Bournemouth,0,1,3,9,14,3,6,12,19,4,7,5,0,0,5,0.3333333333333333,2.3333333333333335,0.75,1.5,-0.75
2024-10-05,2024-2025,Southampton,Arsenal,0,1,3,8,29,2,6,9,10,1,13,3,0,0,3,0.3333333333333333,2.3333333333333335,0.5,1.5,-1.0
2024-10-19,2024-2025,Southampton,Leicester City,1,2,3,14,18,7,4,10,10,10,6,5,1,0,8,0.0,3.0,1.75,1.0,0.75
2024-10-26,2024-2025,Southampton,Manchester City,0,0,1,5,22,2,8,9,9,1,12,3,0,0,3,0.0,3.0,0.5,2.0,-1.5
2024-11-02,2024-2025,Southampton,Everton,1,1,0,9,16,2,5,14,18,3,6,4,0,3,4,1.0,2.0,0.5,1.25,-0.75
2024-11-09,2024-2025,Southampton,Wolverhampton Wanderers,0,0,2,9,8,0,4,12,14,9,1,4,0,0,4,1.0,2.0,0.0,1.0,-1.0
2024-11-24,2024-2025,Southampton,Liverpool,1,2,3,7,27,5,11,11,9,3,10,3,0,0,3,1.0,2.0,1.25,2.75,-1.5
2024-11-29,2024-2025,Southampton,Brighton and Hove Albion,0,1,1,10,22,2,5,16,20,6,7,4,0,1,4,0.3333333333333333,2.3333333333333335,0.5,1.25,-0.75
2024-12-04,2024-2025,Southampton,Chelsea,1,1,5,6,26,4,13,7,14,5,7,1,1,0,4,0.3333333333333333,2.3333333333333335,1.0,3.25,-2.25
2024-12-07,2024-2025,Southampton,Aston Villa,0,0,1,4,18,0,5,15,18,1,14,3,0,0,3,0.3333333333333333,2.3333333333333335,0.0,1.25,-1.25
2024-12-15,2024-2025,Southampton,Tottenham Hotspur,1,0,5,9,18,3,9,8,15,2,5,1,0,0,1,0.0,3.0,0.75,2.25,-1.5
2024-12-22,2024-2025,Southampton,Fulham,0,0,0,5,16,1,5,15,8,5,6,3,0,1,3,0.3333333333333333,2.3333333333333335,0.25,1.25,-1.0
2024-12-26,2024-2025,Southampton,West Ham United,1,0,1,18,16,5,2,15,8,2,2,1,0,0,1,0.3333333333333333,2.3333333333333335,1.25,0.5,0.75
2024-12-29,2024-2025,Southampton,Crystal Palace,0,1,2,7,19,3,10,19,18,7,8,3,0,0,3,0.3333333333333333,2.3333333333333335,0.75,2.5,-1.75
2025-01-04,2024-2025,Southampton,Brentford,1,0,5,8,20,1,11,10,4,2,2,2,0,0,2,0.0,3.0,0.25,2.75,-2.5
2025-01-16,2024-2025,Southampton,Manchester United,0,1,3,13,23,5,9,10,7,4,5,3,0,0,3,0.0,3.0,1.25,2.25,-1.0
2025-01-19,2024-2025,Southampton,Nottingham Forest,0,2,3,10,14,4,5,18,4,8,2,4,0,0,4,0.0,3.0,1.0,1.25,-0.25
2025-01-25,2024-2025,Southampton,Newcastle United,1,1,3,12,17,5,9,10,5,3,8,1,0,0,1,0.0,3.0,1.25,2.25,-1.0
2025-02-01,2024-2025,Southampton,Ipswich Town,0,2,1,9,15,4,6,14,11,2,1,3,0,3,3,1.0,2.0,1.0,1.5,-0.5
2025-02-15,2024-2025,Southampton,Bournemouth,1,1,3,11,14,4,7,13,15,4,6,1,0,0,1,1.0,2.0,1.0,1.75,-0.75
2025-02-22,2024-2025,Southampton,Brighton and Hove Albion,1,0,4,6,18,1,12,11,12,5,6,2,0,0,2,1.0,2.0,0.25,3.0,-2.75
2025-02-25,2024-2025,Southampton,Chelsea,0,0,4,7,19,2,10,9,6,2,4,2,0,0,2,0.0,3.0,0.5,2.5,-2.0
2025-03-08,2024-2025,Southampton,Liverpool,0,1,3,6,28,4,7,9,10,4,6,1,0,0,1,0.0,3.0,1.0,1.75,-0.75
2025-03-15,2024-2025,Southampton,Wolverhampton Wanderers,1,1,2,10,5,3,3,12,13,5,1,0,0,0,0,0.0,3.0,0.75,0.75,0.0
2025-04-02,2024-2025,Southampton,Crystal Palace,1,1,1,8,9,2,3,14,9,2,2,2,0,1,2,0.3333333333333333,2.3333333333333335,0.5,0.75,-0.25
2025-04-06,2024-2025,Southampton,Tottenham Hotspur,0,1,3,12,13,4,8,20,16,1,4,1,0,0,1,0.3333333333333333,2.3333333333333335,1.0,2.0,-1.0
2025-04-12,2024-2025,Southampton,Aston Villa,1,0,3,7,25,2,10,11,4,2,14,3,0,0,3,0.3333333333333333,2.3333333333333335,0.5,2.5,-2.0
2025-04-19,2024-2025,Southampton,West Ham United,0,1,1,15,12,4,4,13,14,5,2,1,0,1,1,0.3333333333333333,2.3333333333333335,1.0,1.0,0.0
2025-04-26,2024-2025,Southampton,Fulham,1,1,2,7,26,3,5,10,12,0,13,1,0,0,1,0.3333333333333333,2.3333333333333335,0.75,1.25,-0.5
2025-05-03,2024-2025,Southampton,Leicester City,0,0,2,8,14,2,4,13,12,7,7,3,0,0,3,0.3333333333333333,2.3333333333333335,0.5,1.0,-0.5
2025-05-10,2024-2025,Southampton,Manchester City,1,0,0,2,26,0,5,9,8,1,15,2,0,1,2,0.3333333333333333,2.3333333333333335,0.0,1.25,-1.25
2025-05-18,2024-2025,Southampton,Everton,0,0,2,6,13,2,5,10,6,5,4,1,0,0,1,0.3333333333333333,2.3333333333333335,0.5,1.25,-0.75
2025-05-25,2024-2025,Southampton,Arsenal,1,1,2,7,23,2,8,7,8,5,8,0,0,0,0,0.3333333333333333,2.3333333333333335,0.5,2.0,-1.5
2025-08-16,2025-2026,Sunderland,West Ham United,1,3,0,10,12,5,4,8,10,5,7,0,0,3,0,3.0,0.0,1.25,1.0,0.25
2025-08-23,2025-2026,Sunderland,Burnley,0,0,2,9,7,1,2,5,9,3,4,1,0,0,1,1.5,1.5,0.25,0.5,-0.25
2025-08-30,2025-2026,Sunderland,Brentford,1,2,1,12,7,3,4,11,12,3,4,3,0,3,3,2.0,1.0,0.75,1.0,-0.25
2025-09-13,2025-2026,Sunderland,Crystal Palace,0,0,0,6,14,0,6,8,10,3,5,1,0,1,1,1.3333333333333333,1.3333333333333333,0.0,1.5,-1.5
2025-09-21,2025-2026,Sunderland,Aston Villa,1,1,1,14,12,4,2,14,8,6,5,2,1,1,5,1.6666666666666667,0.6666666666666666,1.0,0.5,0.5
2025-09-27,2025-2026,Sunderland,Nottingham Forest,0,1,0,11,22,3,6,6,11,4,7,2,0,3,2,1.6666666666666667,0.6666666666666666,0.75,1.5,-0.75
2025-10-04,2025-2026,Sunderland,Manchester United,0,0,2,8,15,3,6,12,10,3,2,4,0,0,4,1.3333333333333333,1.3333333333333333,0.75,1.5,-0.75
2025-10-18,2025-2026,Sunderland,Wolverhampton Wanderers,1,2,0,8,16,2,3,5,12,3,2,0,0,3,0,2.0,1.0,0.5,0.75,-0.25
2025-10-25,2025-2026,Sunderland,Chelsea,0,2,1,10,16,4,7,13,15,1,9,1,0,3,1,2.0,1.0,1.0,1.75,-0.75
2025-11-03,2025-2026,Sunderland,Everton,1,1,1,17,8,3,2,10,12,4,1,3,0,1,3,2.3333333333333335,0.3333333333333333,0.75,0.5,0.25
2025-11-08,2025-2026,Sunderland,Arsenal,1,2,2,6,17,2,7,13,13,2,2,2,0,1,2,1.6666666666666667,0.6666666666666666,0.5,1.75,-1.25
2020-09-13,2020-2021,Tottenham Hotspur,Everton,1,0,1,9,15,5,4,15,7,5,3,1,0,0,1,0.0,3.0,1.25,1.0,0.25
2020-09-20,2020-2021,Tottenham Hotspur,Southampton,0,5,2,9,14,6,7,18,16,2,3,3,0,3,3,1.5,1.5,1.5,1.75,-0.25
2020-09-27,2020-2021,Tottenham Hotspur,Newcastle United,1,1,1,23,6,12,1,15,9,10,4,1,0,1,1,1.3333333333333333,1.3333333333333333,3.0,0.25,2.75
2020-10-04,2020-2021,Tottenham Hotspur,Manchester United,0,6,1,22,5,8,2,10,14,4,2,1,0,3,1,2.3333333333333335,0.3333333333333333,2.0,0.5,1.5
2020-10-18,2020-2021,Tottenham Hotspur,West Ham United,1,3,3,11,13,6,4,13,12,3,7,0,0,1,0,1.6666666666666667,0.6666666666666666,1.5,1.0,0.5
2020-10-26,2020-2021,Tottenham Hotspur,Burnley,0,1,0,9,13,3,4,7,9,5,4,0,0,3,0,2.3333333333333335,0.3333333333333333,0.75,1.0,-0.25
2020-11-01,2020-2021,Tottenham Hotspur,Brighton and Hove Albion,1,2,1,9,6,3,2,14,13,4,5,2,0,3,2,2.3333333333333335,0.3333333333333333,0.75,0.5,0.25
2020-11-08,2020-2021,Tottenham Hotspur,West Brom,0,1,0,19,12,5,2,12,17,6,9,0,0,3,0,3.0,0.0,1.25,0.5,0.75
2020-11-21,2020-2021,Tottenham Hotspur,Manchester City,1,2,0,4,22,2,5,13,19,0,10,2,0,3,2,3.0,0.0,0.5,1.25,-0.75
2020-11-29,2020-2021,Tottenham Hotspur,Chelsea,0,0,0,5,13,1,3,9,20,3,3,2,0,1,2,2.3333333333333335,0.3333333333333333,0.25,0.75,-0.5
2020-12-06,2020-2021,Tottenham Hotspur,Arsenal,1,2,0,6,11,3,2,16,12,3,9,1,0,3,1,2.3333333333333335,0.3333333333333333,0.75,0.5,0.25
2020-12-13,2020-2021,Tottenham Hotspur,Crystal Palace,0,1,1,14,16,6,5,11,15,7,4,1,0,1,1,1.6666666666666667,0.6666666666666666,1.5,1.25,0.25
2020-12-16,2020-2021,Tottenham Hotspur,Liverpool,0,1,2,8,17,2,11,9,8,4,7,2,0,0,2,1.3333333333333333,1.3333333333333333,0.5,2.75,-2.25
2020-12-20,2020-2021,Tottenham Hotspur,Leicester City,1,0,2,8,17,3,4,15,14,5,3,2,0,0,2,0.3333333333333333,2.3333333333333335,0.75,1.0,-0.25
2020-12-27,2020-2021,Tottenham Hotspur,Wolverhampton Wanderers,0,1,1,6,11,3,6,13,20,2,9,1,0,1,1,0.3333333333333333,2.3333333333333335,0.75,1.5,-0.75
2021-01-02,2020-2021,Tottenham Hotspur,Leeds United,1,3,0,20,18,7,5,15,13,3,5,2,1,3,5,1.3333333333333333,1.3333333333333333,1.75,1.25,0.5
2021-01-13,2020-2021,Tottenham Hotspur,Fulham,1,1,1,15,15,6,4,13,15,6,5,1,0,1,1,1.6666666666666667,0.6666666666666666,1.5,1.0,0.5
2021-01-17,2020-2021,Tottenham Hotspur,Sheffield United,0,3,1,14,15,5,5,4,13,7,5,0,0,3,0,2.3333333333333335,0.3333333333333333,1.25,1.25,0.0
2021-01-28,2020-2021,Tottenham Hotspur,Liverpool,1,1,3,3,14,2,7,9,11,1,2,1,0,0,1,1.3333333333333333,1.3333333333333333,0.5,1.75,-1.25
2021-01-31,2020-2021,Tottenham Hotspur,Brighton and Hove Albion,0,0,1,8,16,4,5,11,11,2,9,1,0,0,1,1.0,2.0,1.0,1.25,-0.25
2021-02-04,2020-2021,Tottenham Hotspur,Chelsea,1,0,1,7,18,2,2,20,14,2,7,2,0,0,2,0.0,3.0,0.5,0.5,0.0
2021-02-07,2020-2021,Tottenham Hotspur,West Brom,1,2,0,13,4,6,1,16,12,8,0,1,0,3,1,1.0,2.0,1.5,0.25,1.25
2021-02-13,2020-2021,Tottenham Hotspur,Manchester City,0,0,3,7,15,3,6,13,12,2,4,3,0,0,3,1.0,2.0,0.75,1.5,-0.75
2021-02-21,2020-2021,Tottenham Hotspur,West Ham United,0,1,2,20,4,4,4,7,14,7,5,3,0,0,3,1.0,2.0,1.0,1.0,0.0
2021-02-28,2020-2021,Tottenham Hotspur,Burnley,1,4,0,16,10,7,3,6,10,3,4,0,0,3,0,1.0,2.0,1.75,0.75,1.0
2021-03-04,2020-2021,Tottenham Hotspur,Fulham,0,1,0,9,11,2,3,9,13,1,4,1,0,3,1,2.0,1.0,0.5,0.75,-0.25
2021-03-07,2020-2021,Tottenham Hotspur,Crystal Palace,1,4,1,12,5,5,1,8,17,1,5,2,0,3,2,3.0,0.0,1.25,0.25,1.0
2021-03-14,2020-2021,Tottenham Hotspur,Arsenal,0,1,2,6,13,3,3,14,12,3,6,2,1,0,5,2.0,1.0,0.75,0.75,0.0
2021-03-21,2020-2021,Tottenham Hotspur,Aston Villa,0,2,0,9,8,3,1,13,18,8,5,2,0,3,2,2.0,1.0,0.75,0.25,0.5
2021-04-04,2020-2021,Tottenham Hotspur,Newcastle United,0,2,2,11,22,5,6,14,13,3,7,2,0,1,2,1.3333333333333333,1.3333333333333333,1.25,1.5,-0.25
2021-04-11,2020-2021,Tottenham Hotspur,Manchester United,1,1,3,12,12,3,7,11,15,7,5,1,0,0,1,1.3333333333333333,1.3333333333333333,0.75,1.75,-1.0
2021-04-16,2020-2021,Tottenham Hotspur,Everton,0,2,2,12,18,3,7,8,8,3,6,1,0,1,1,0.6666666666666666,1.6666666666666667,0.75,1.75,-1.0
2021-04-21,2020-2021,Tottenham Hotspur,Southampton,1,2,1,12,10,3,5,10,14,5,5,2,0,3,2,1.3333333333333333,1.3333333333333333,0.75,1.25,-0.5
2021-05-02,2020-2021,Tottenham Hotspur,Sheffield United,1,4,0,20,8,11,1,8,9,6,6,1,0,3,1,2.3333333333333335,0.3333333333333333,2.75,0.25,2.5
2021-05-08,2020-2021,Tottenham Hotspur,Leeds United,0,1,3,11,16,3,7,10,12,6,8,2,0,0,2,2.0,1.0,0.75,1.75,-1.0
2021-05-16,2020-2021,Tottenham Hotspur,Wolverhampton Wanderers,1,2,0,24,15,13,3,8,11,10,3,1,0,3,1,2.0,1.0,3.25,0.75,2.5
2021-05-19,2020-2021,Tottenham Hotspur,Aston Villa,1,1,2,10,20,4,4,14,13,4,5,1,0,0,1,1.0,2.0,1.0,1.0,0.0
2021-05-23,2020-2021,Tottenham Hotspur,Leicester City,0,4,2,11,10,4,6,8,9,7,8,2,0,3,2,2.0,1.0,1.0,1.5,-0.5
2021-08-15,2021-2022,Tottenham Hotspur,Manchester City,1,1,0,13,18,3,4,11,8,3,11,2,0,3,2,2.0,1.0,0.75,1.0,-0.25
2021-08-22,2021-2022,Tottenham Hotspur,Wolverhampton Wanderers,0,1,0,8,25,6,6,7,9,4,5,4,0,3,4,3.0,0.0,1.5,1.5,0.0
2021-08-29,2021-2022,Tottenham Hotspur,Watford,1,1,0,15,9,8,2,8,14,10,3,3,0,3,3,3.0,0.0,2.0,0.5,1.5
2021-09-11,2021-2022,Tottenham Hotspur,Crystal Palace,0,0,3,2,18,1,4,15,13,2,8,1,1,0,4,2.0,1.0,0.25,1.0,-0.75
2021-09-19,2021-2022,Tottenham Hotspur,Chelsea,1,0,3,8,20,2,10,4,15,5,11,0,0,0,0,1.0,2.0,0.5,2.5,-2.0
2021-09-26,2021-2022,Tottenham Hotspur,Arsenal,0,1,3,10,12,4,7,13,12,4,4,1,0,0,1,0.0,3.0,1.0,1.75,-0.75
2021-10-03,2021-2022,Tottenham Hotspur,Aston Villa,1,2,1,17,14,8,3,11,14,5,8,2,0,3,2,1.0,2.0,2.0,0.75,1.25
2021-10-17,2021-2022,Tottenham Hotspur,Newcastle United,0,3,2,14,7,4,1,4,13,9,2,1,0,3,1,2.0,1.0,1.0,0.25,0.75
2021-10-24,2021-2022,Tottenham Hotspur,West Ham United,0,0,1,7,13,4,4,4,11,4,2,1,0,0,1,2.0,1.0,1.0,1.0,0.0
2021-10-30,2021-2022,Tottenham Hotspur,Manchester United,1,0,3,9,10,0,4,12,14,10,2,2,0,0,2,1.0,2.0,0.0,1.0,-1.0
2021-11-07,2021-2022,Tottenham Hotspur,Everton,0,0,0,8,12,0,2,17,13,2,4,4,0,1,4,0.3333333333333333,2.3333333333333335,0.0,0.5,-0.5
2021-11-21,2021-2022,Tottenham Hotspur,Leeds United,1,2,1,13,18,4,7,11,12,4,8,1,0,3,1,1.3333333333333333,1.3333333333333333,1.0,1.75,-0.75
2021-12-02,2021-2022,Tottenham Hotspur,Brentford,1,2,0,11,6,6,2,13,11,11,5,0,0,3,0,2.3333333333333335,0.3333333333333333,1.5,0.5,1.0
2021-12-05,2021-2022,Tottenham Hotspur,Norwich City,1,3,0,17,10,7,1,11,4,6,4,1,0,3,1,3.0,0.0,1.75,0.25,1.5
2021-12-19,2021-2022,Tottenham Hotspur,Liverpool,1,2,2,10,18,5,6,12,11,6,4,4,0,1,4,2.3333333333333335,0.3333333333333333,1.25,1.5,-0.25
2021-12-26,2021-2022,Tottenham Hotspur,Crystal Palace,1,3,0,17,4,6,0,16,10,4,2,1,0,3,1,2.3333333333333335,0.3333333333333333,1.5,0.0,1.5
2021-12-28,2021-2022,Tottenham Hotspur,Southampton,0,1,1,21,9,11,2,5,15,7,3,2,0,1,2,1.6666666666666667,0.6666666666666666,2.75,0.5,2.25
2022-01-01,2021-2022,Tottenham Hotspur,Watford,0,1,0,21,6,9,4,9,6,7,3,1,0,3,1,2.3333333333333335,0.3333333333333333,2.25,1.0,1.25
2022-01-19,2021-2022,Tottenham Hotspur,Leicester City,0,3,2,27,14,10,4,12,6,8,3,2,0,3,2,2.3333333333333335,0.3333333333333333,2.5,1.0,1.5
2022-01-23,2021-2022,Tottenham Hotspur,Chelsea,0,0,2,6,15,3,7,14,17,3,10,1,0,0,1,2.0,1.0,0.75,1.75,-1.0
2022-02-09,2021-2022,Tottenham Hotspur,Southampton,1,2,3,8,23,3,10,7,13,2,8,2,0,0,2,1.0,2.0,0.75,2.5,-1.75
2022-02-13,2021-2022,Tottenham Hotspur,Wolverhampton Wanderers,1,0,2,17,11,7,7,13,13,7,3,3,0,0,3,0.0,3.0,1.75,1.75,0.0
2022-02-19,2021-2022,Tottenham Hotspur,Manchester City,0,3,2,6,21,5,4,7,5,0,10,3,0,3,3,1.0,2.0,1.25,1.0,0.25
2022-02-23,2021-2022,Tottenham Hotspur,Burnley,0,0,1,12,15,2,4,8,8,7,3,0,0,0,0,1.0,2.0,0.5,1.0,-0.5
2022-02-26,2021-2022,Tottenham Hotspur,Leeds United,0,4,0,15,19,11,3,11,16,6,3,2,0,3,2,2.0,1.0,2.75,0.75,2.0
2022-03-07,2021-2022,Tottenham Hotspur,Everton,1,5,0,14,6,7,0,15,10,5,2,2,0,3,2,2.0,1.0,1.75,0.0,1.75
2022-03-12,2021-2022,Tottenham Hotspur,Manchester United,0,2,3,10,10,3,6,7,8,5,4,1,0,0,1,2.0,1.0,0.75,1.5,-0.75
2022-03-16,2021-2022,Tottenham Hotspur,Brighton and Hove Albion,0,2,0,17,15,7,0,9,11,3,6,2,0,3,2,2.0,1.0,1.75,0.0,1.75
2022-03-20,2021-2022,Tottenham Hotspur,West Ham United,1,3,1,17,6,4,1,7,7,5,3,0,0,3,0,2.0,1.0,1.0,0.25,0.75
2022-04-03,2021-2022,Tottenham Hotspur,Newcastle United,1,5,1,19,8,6,1,10,7,2,3,2,0,3,2,3.0,0.0,1.5,0.25,1.25
2022-04-09,2021-2022,Tottenham Hotspur,Aston Villa,0,4,0,11,9,5,8,14,12,3,9,3,0,3,3,3.0,0.0,1.25,2.0,-0.75
2022-04-16,2021-2022,Tottenham Hotspur,Brighton and Hove Albion,1,0,1,5,12,0,5,14,10,4,4,3,0,0,3,2.0,1.0,0.0,1.25,-1.25
2022-04-23,2021-2022,Tottenham Hotspur,Brentford,0,0,0,9,15,0,2,7,8,8,12,1,0,1,1,1.3333333333333333,1.3333333333333333,0.0,0.5,-0.5
2022-05-01,2021-2022,Tottenham Hotspur,Leicester City,1,3,1,13,6,7,2,13,8,7,3,2,0,3,2,1.3333333333333333,1.3333333333333333,1.75,0.5,1.25
2022-05-07,2021-2022,Tottenham Hotspur,Liverpool,0,1,1,8,22,3,3,8,12,5,11,2,0,1,2,1.6666666666666667,0.6666666666666666,0.75,0.75,0.0
2022-05-12,2021-2022,Tottenham Hotspur,Arsenal,1,3,0,16,8,6,4,8,15,2,2,1,0,3,1,2.3333333333333335,0.3333333333333333,1.5,1.0,0.5
2022-05-15,2021-2022,Tottenham Hotspur,Burnley,1,1,0,21,8,8,1,12,8,8,2,3,0,3,3,2.3333333333333335,0.3333333333333333,2.0,0.25,1.75
2022-05-22,2021-2022,Tottenham Hotspur,Norwich City,0,5,0,19,9,13,0,7,13,2,3,1,0,3,1,3.0,0.0,3.25,0.0,3.25
2022-08-06,2022-2023,Tottenham Hotspur,Southampton,1,4,1,18,10,8,2,11,6,10,2,3,0,3,3,3.0,0.0,2.0,0.5,1.5
2022-08-14,2022-2023,Tottenham Hotspur,Chelsea,0,2,2,10,16,5,3,9,9,5,8,0,0,1,0,2.3333333333333335,0.3333333333333333,1.25,0.75,0.5
2022-08-20,2022-2023,Tottenham Hotspur,Wolverhampton Wanderers,1,1,0,11,20,4,3,10,8,8,6,2,0,3,2,2.3333333333333335,0.3333333333333333,1.0,0.75,0.25
2022-08-28,2022-2023,Tottenham Hotspur,Nottingham Forest,0,2,0,18,17,7,1,13,11,1,6,1,0,3,1,2.3333333333333335,0.3333333333333333,1.75,0.25,1.5
2022-08-31,2022-2023,Tottenham Hotspur,West Ham United,0,1,1,13,14,4,4,9,10,4,3,5,0,1,5,2.3333333333333335,0.3333333333333333,1.0,1.0,0.0
2022-09-03,2022-2023,Tottenham Hotspur,Fulham,1,2,1,23,9,10,3,9,6,10,3,3,0,3,3,2.3333333333333335,0.3333333333333333,2.5,0.75,1.75
2022-09-17,2022-2023,Tottenham Hotspur,Leicester City,1,6,2,16,19,11,7,9,9,6,1,1,0,3,1,2.3333333333333335,0.3333333333333333,2.75,1.75,1.0
2022-10-01,2022-2023,Tottenham Hotspur,Arsenal,0,1,3,7,22,3,9,10,10,2,5,1,1,0,4,2.0,1.0,0.75,2.25,-1.5
2022-10-08,2022-2023,Tottenham Hotspur,Brighton and Hove Albion,0,1,0,8,14,3,4,14,9,2,6,2,0,3,2,2.0,1.0,0.75,1.0,-0.25
2022-10-15,2022-2023,Tottenham Hotspur,Everton,1,2,0,21,4,7,0,12,13,7,1,1,0,3,1,2.0,1.0,1.75,0.0,1.75
2022-10-19,2022-2023,Tottenham Hotspur,Manchester United,0,0,2,9,28,2,10,7,7,3,8,0,0,0,0,2.0,1.0,0.5,2.5,-2.0
2022-10-23,2022-2023,Tottenham Hotspur,Newcastle United,1,1,2,17,13,5,5,12,6,6,7,4,0,0,4,1.0,2.0,1.25,1.25,0.0
2022-10-29,2022-2023,Tottenham Hotspur,Bournemouth,0,3,2,23,6,7,4,5,10,19,2,2,0,3,2,1.0,2.0,1.75,1.0,0.75
2022-11-06,2022-2023,Tottenham Hotspur,Liverpool,1,1,2,14,13,5,6,10,8,5,3,0,0,0,0,1.0,2.0,1.25,1.5,-0.25
2022-11-12,2022-2023,Tottenham Hotspur,Leeds United,1,4,3,14,12,8,5,8,7,9,2,1,0,3,1,2.0,1.0,2.0,1.25,0.75
2022-12-26,2022-2023,Tottenham Hotspur,Brentford,0,2,2,16,9,8,5,10,11,5,6,1,0,1,1,1.3333333333333333,1.3333333333333333,2.0,1.25,0.75
2023-01-01,2022-2023,Tottenham Hotspur,Aston Villa,1,0,2,6,13,2,4,15,10,5,3,4,0,0,4,1.3333333333333333,1.3333333333333333,0.5,1.0,-0.5
2023-01-04,2022-2023,Tottenham Hotspur,Crystal Palace,0,4,0,14,19,6,4,8,11,4,10,2,0,3,2,1.3333333333333333,1.3333333333333333,1.5,1.0,0.5
2023-01-15,2022-2023,Tottenham Hotspur,Arsenal,1,0,2,17,14,7,5,16,15,4,3,4,0,0,4,1.0,2.0,1.75,1.25,0.5
2023-01-19,2022-2023,Tottenham Hotspur,Manchester City,0,2,4,9,16,3,6,14,10,3,8,2,0,0,2,1.0,2.0,0.75,1.5,-0.75
2023-01-23,2022-2023,Tottenham Hotspur,Fulham,0,1,0,10,10,3,5,10,10,8,3,3,0,3,3,1.0,2.0,0.75,1.25,-0.5
2023-02-05,2022-2023,Tottenham Hotspur,Manchester City,1,1,0,12,15,3,5,19,14,4,6,2,1,3,5,2.0,1.0,0.75,1.25,-0.5
2023-02-11,2022-2023,Tottenham Hotspur,Leicester City,0,1,4,11,15,4,7,9,14,5,1,2,0,0,2,2.0,1.0,1.0,1.75,-0.75
2023-02-19,2022-2023,Tottenham Hotspur,West Ham United,1,2,0,16,6,6,1,16,10,4,7,2,0,3,2,2.0,1.0,1.5,0.25,1.25
2023-02-26,2022-2023,Tottenham Hotspur,Chelsea,1,2,0,8,10,3,2,10,10,4,4,2,0,3,2,2.0,1.0,0.75,0.5,0.25
2023-03-04,2022-2023,Tottenham Hotspur,Wolverhampton Wanderers,0,0,1,21,8,6,5,18,11,8,4,1,0,0,1,2.0,1.0,1.5,1.25,0.25
2023-03-11,2022-2023,Tottenham Hotspur,Nottingham Forest,1,3,1,15,9,7,5,13,13,2,10,3,0,3,3,2.0,1.0,1.75,1.25,0.5
2023-03-18,2022-2023,Tottenham Hotspur,Southampton,0,3,3,17,19,3,7,8,13,3,10,1,0,1,1,1.3333333333333333,1.3333333333333333,0.75,1.75,-1.0
2023-04-03,2022-2023,Tottenham Hotspur,Everton,0,1,1,8,15,2,6,14,10,3,3,3,1,1,6,1.6666666666666667,0.6666666666666666,0.5,1.5,-1.0
2023-04-08,2022-2023,Tottenham Hotspur,Brighton and Hove Albion,1,2,1,9,17,3,4,15,15,3,7,3,0,3,3,1.6666666666666667,0.6666666666666666,0.75,1.0,-0.25
2023-04-15,2022-2023,Tottenham Hotspur,Bournemouth,1,2,3,24,6,8,6,8,9,8,1,1,0,0,1,1.3333333333333333,1.3333333333333333,2.0,1.5,0.5
2023-04-23,2022-2023,Tottenham Hotspur,Newcastle United,0,1,6,11,25,3,8,13,7,3,9,3,0,0,3,1.0,2.0,0.75,2.0,-1.25
2023-04-27,2022-2023,Tottenham Hotspur,Manchester United,1,2,2,18,17,7,8,8,7,6,8,1,0,1,1,0.3333333333333333,2.3333333333333335,1.75,2.0,-0.25
2023-04-30,2022-2023,Tottenham Hotspur,Liverpool,0,3,4,10,12,7,4,6,12,2,5,2,0,0,2,0.3333333333333333,2.3333333333333335,1.75,1.0,0.75
2023-05-06,2022-2023,Tottenham Hotspur,Crystal Palace,1,1,0,8,7,3,2,15,14,8,4,3,0,3,3,1.3333333333333333,1.3333333333333333,0.75,0.5,0.25
2023-05-13,2022-2023,Tottenham Hotspur,Aston Villa,0,1,2,5,8,2,4,14,9,3,8,3,0,0,3,1.0,2.0,0.5,1.0,-0.5
2023-05-20,2022-2023,Tottenham Hotspur,Brentford,1,1,3,22,11,8,4,11,9,8,2,1,0,0,1,1.0,2.0,2.0,1.0,1.0
2023-05-28,2022-2023,Tottenham Hotspur,Leeds United,0,4,1,11,19,7,2,5,7,3,12,0,0,3,0,1.0,2.0,1.75,0.5,1.25
2023-08-13,2023-2024,Tottenham Hotspur,Brentford,0,2,2,18,11,6,6,13,12,6,3,4,0,1,4,1.3333333333333333,1.3333333333333333,1.5,1.5,0.0
2023-08-19,2023-2024,Tottenham Hotspur,Manchester United,1,2,0,17,22,6,6,9,8,5,6,1,0,3,1,2.3333333333333335,0.3333333333333333,1.5,1.5,0.0
2023-08-26,2023-2024,Tottenham Hotspur,Bournemouth,0,2,0,17,11,6,3,11,18,2,6,3,0,3,3,2.3333333333333335,0.3333333333333333,1.5,0.75,0.75
2023-09-02,2023-2024,Tottenham Hotspur,Burnley,0,5,2,20,16,10,4,9,15,4,7,3,0,3,3,3.0,0.0,2.5,1.0,1.5
2023-09-16,2023-2024,Tottenham Hotspur,Sheffield United,1,2,1,28,7,10,5,13,14,15,2,6,0,3,6,3.0,0.0,2.5,1.25,1.25
2023-09-24,2023-2024,Tottenham Hotspur,Arsenal,0,2,2,13,13,5,6,19,12,4,11,4,0,1,4,2.3333333333333335,0.3333333333333333,1.25,1.5,-0.25
2023-09-30,2023-2024,Tottenham Hotspur,Liverpool,1,2,1,24,12,8,4,11,17,12,5,5,0,3,5,2.3333333333333335,0.3333333333333333,2.0,1.0,1.0
2023-10-07,2023-2024,Tottenham Hotspur,Luton Town,0,1,0,15,12,4,2,7,16,6,5,1,1,3,4,2.3333333333333335,0.3333333333333333,1.0,0.5,0.5
2023-10-23,2023-2024,Tottenham Hotspur,Fulham,1,2,0,15,10,5,3,10,14,3,5,2,0,3,2,3.0,0.0,1.25,0.75,0.5
2023-10-27,2023-2024,Tottenham Hotspur,Crystal Palace,0,2,1,10,13,1,3,11,19,2,11,1,0,3,1,3.0,0.0,0.25,0.75,-0.5
2023-11-06,2023-2024,Tottenham Hotspur,Chelsea,1,1,4,8,17,5,8,12,21,1,6,1,2,0,7,2.0,1.0,1.25,2.0,-0.75
2023-11-11,2023-2024,Tottenham Hotspur,Wolverhampton Wanderers,0,1,2,6,17,2,4,15,19,3,11,3,0,0,3,1.0,2.0,0.5,1.0,-0.5
2023-11-26,2023-2024,Tottenham Hotspur,Aston Villa,1,1,2,18,15,8,5,11,13,9,3,0,0,0,0,0.0,3.0,2.0,1.25,0.75
2023-12-03,2023-2024,Tottenham Hotspur,Manchester City,0,3,3,8,18,4,4,14,14,8,10,4,0,1,4,0.3333333333333333,2.3333333333333335,1.0,1.0,0.0
2023-12-07,2023-2024,Tottenham Hotspur,West Ham United,1,1,2,23,11,7,5,11,12,8,4,3,0,0,3,0.3333333333333333,2.3333333333333335,1.75,1.25,0.5
2023-12-10,2023-2024,Tottenham Hotspur,Newcastle United,1,4,1,23,9,12,3,10,12,3,6,1,0,3,1,1.3333333333333333,1.3333333333333333,3.0,0.75,2.25
2023-12-15,2023-2024,Tottenham Hotspur,Nottingham Forest,0,2,0,12,15,6,1,11,16,4,6,4,1,3,7,2.0,1.0,1.5,0.25,1.25
2023-12-23,2023-2024,Tottenham Hotspur,Everton,1,2,1,13,18,6,8,6,18,3,8,1,0,3,1,3.0,0.0,1.5,2.0,-0.5
2023-12-28,2023-2024,Tottenham Hotspur,Brighton and Hove Albion,0,2,4,19,15,3,9,6,18,6,7,2,0,0,2,2.0,1.0,0.75,2.25,-1.5
2023-12-31,2023-2024,Tottenham Hotspur,Bournemouth,1,3,1,12,24,6,4,9,18,4,13,3,0,3,3,2.0,1.0,1.5,1.0,0.5
2024-01-14,2023-2024,Tottenham Hotspur,Manchester United,0,2,2,16,9,6,2,5,8,13,8,1,0,1,1,1.3333333333333333,1.3333333333333333,1.5,0.5,1.0
2024-01-31,2023-2024,Tottenham Hotspur,Brentford,1,3,2,19,9,5,5,13,15,5,3,2,0,3,2,2.3333333333333335,0.3333333333333333,1.25,1.25,0.0
2024-02-03,2023-2024,Tottenham Hotspur,Everton,0,2,2,9,14,6,5,14,8,5,9,0,0,1,0,1.6666666666666667,0.6666666666666666,1.5,1.25,0.25
2024-02-10,2023-2024,Tottenham Hotspur,Brighton and Hove Albion,1,2,1,16,6,6,3,14,13,9,6,2,0,3,2,2.3333333333333335,0.3333333333333333,1.5,0.75,0.75
2024-02-17,2023-2024,Tottenham Hotspur,Wolverhampton Wanderers,1,1,2,15,12,4,7,8,13,10,4,0,0,0,0,1.3333333333333333,1.3333333333333333,1.0,1.75,-0.75
2024-03-02,2023-2024,Tottenham Hotspur,Crystal Palace,1,3,1,14,4,6,1,7,16,11,1,1,0,3,1,2.0,1.0,1.5,0.25,1.25
2024-03-10,2023-2024,Tottenham Hotspur,Aston Villa,0,4,0,9,10,5,1,15,11,4,6,2,0,3,2,2.0,1.0,1.25,0.25,1.0
2024-03-16,2023-2024,Tottenham Hotspur,Fulham,0,0,3,14,16,5,7,10,9,5,4,3,0,0,3,2.0,1.0,1.25,1.75,-0.5
2024-03-30,2023-2024,Tottenham Hotspur,Luton Town,1,2,1,17,7,4,3,16,14,3,6,2,0,3,2,2.0,1.0,1.0,0.75,0.25
2024-04-02,2023-2024,Tottenham Hotspur,West Ham United,0,1,1,13,11,4,4,9,13,5,9,4,0,1,4,1.3333333333333333,1.3333333333333333,1.0,1.0,0.0
2024-04-07,2023-2024,Tottenham Hotspur,Nottingham Forest,1,3,1,17,13,7,6,11,12,12,2,2,0,3,2,2.3333333333333335,0.3333333333333333,1.75,1.5,0.25
2024-04-13,2023-2024,Tottenham Hotspur,Newcastle United,0,0,4,11,18,2,5,12,14,3,16,4,0,0,4,1.3333333333333333,1.3333333333333333,0.5,1.25,-0.75
2024-04-28,2023-2024,Tottenham Hotspur,Arsenal,1,2,3,14,9,2,3,12,16,8,6,2,0,0,2,1.0,2.0,0.5,0.75,-0.25
2024-05-02,2023-2024,Tottenham Hotspur,Chelsea,0,0,2,19,16,3,5,16,12,9,4,1,0,0,1,0.0,3.0,0.75,1.25,-0.5
2024-05-05,2023-2024,Tottenham Hotspur,Liverpool,0,2,4,11,25,6,13,12,14,3,8,4,0,0,4,0.0,3.0,1.5,3.25,-1.75
2024-05-11,2023-2024,Tottenham Hotspur,Burnley,1,2,1,21,7,9,3,10,14,9,3,3,0,3,3,1.0,2.0,2.25,0.75,1.5
2024-05-14,2023-2024,Tottenham Hotspur,Manchester City,1,0,2,10,8,5,5,14,11,7,4,3,0,0,3,1.0,2.0,1.25,1.25,0.0
2024-05-19,2023-2024,Tottenham Hotspur,Sheffield United,0,3,0,18,6,9,1,9,11,6,2,0,0,3,0,2.0,1.0,2.25,0.25,2.0
2024-08-19,2024-2025,Tottenham Hotspur,Leicester City,0,1,1,15,7,7,3,12,11,13,2,1,0,1,1,1.3333333333333333,1.3333333333333333,1.75,0.75,1.0
2024-08-24,2024-2025,Tottenham Hotspur,Everton,1,4,0,13,10,7,1,11,15,12,5,0,0,3,0,2.3333333333333335,0.3333333333333333,1.75,0.25,1.5
2024-09-01,2024-2025,Tottenham Hotspur,Newcastle United,0,1,2,20,9,6,3,13,16,12,7,4,0,0,4,1.3333333333333333,1.3333333333333333,1.5,0.75,0.75
2024-09-15,2024-2025,Tottenham Hotspur,Arsenal,1,0,1,15,7,5,4,13,10,7,6,5,0,0,5,1.0,2.0,1.25,1.0,0.25
2024-09-21,2024-2025,Tottenham Hotspur,Brentford,1,3,1,23,6,10,6,11,9,9,4,3,0,3,3,1.0,2.0,2.5,1.5,1.0
2024-09-29,2024-2025,Tottenham Hotspur,Manchester United,0,3,0,24,11,10,2,14,16,3,5,3,0,3,3,2.0,1.0,2.5,0.5,2.0
2024-10-06,2024-2025,Tottenham Hotspur,Brighton and Hove Albion,0,2,3,13,11,3,4,10,14,7,4,2,0,0,2,2.0,1.0,0.75,1.0,-0.25
2024-10-19,2024-2025,Tottenham Hotspur,West Ham United,1,4,1,22,11,7,4,10,15,13,5,1,0,3,1,2.0,1.0,1.75,1.0,0.75
2024-10-27,2024-2025,Tottenham Hotspur,Crystal Palace,0,0,1,11,14,3,6,12,16,8,8,4,0,0,4,1.0,2.0,0.75,1.5,-0.75
2024-11-03,2024-2025,Tottenham Hotspur,Aston Villa,1,4,1,16,12,6,1,14,14,6,4,2,0,3,2,2.0,1.0,1.5,0.25,1.25
2024-11-10,2024-2025,Tottenham Hotspur,Ipswich Town,1,1,2,17,8,5,3,10,19,12,2,1,0,0,1,1.0,2.0,1.25,0.75,0.5
2024-11-23,2024-2025,Tottenham Hotspur,Manchester City,0,4,0,9,23,7,5,9,19,3,9,2,0,3,2,2.0,1.0,1.75,1.25,0.5
2024-12-01,2024-2025,Tottenham Hotspur,Fulham,1,1,1,8,14,3,6,4,14,7,11,0,0,1,0,1.3333333333333333,1.3333333333333333,0.75,1.5,-0.75
2024-12-05,2024-2025,Tottenham Hotspur,Bournemouth,0,0,1,12,21,4,8,8,15,9,5,2,0,0,2,1.3333333333333333,1.3333333333333333,1.0,2.0,-1.0
2024-12-08,2024-2025,Tottenham Hotspur,Chelsea,1,3,4,13,17,5,8,17,11,5,10,2,0,0,2,0.3333333333333333,2.3333333333333335,1.25,2.0,-0.75
2024-12-15,2024-2025,Tottenham Hotspur,Southampton,0,5,0,18,9,9,3,15,8,5,2,3,0,3,3,1.0,2.0,2.25,0.75,1.5
2024-12-22,2024-2025,Tottenham Hotspur,Liverpool,1,3,6,9,24,5,12,7,9,7,5,1,0,0,1,1.0,2.0,1.25,3.0,-1.75
2024-12-26,2024-2025,Tottenham Hotspur,Nottingham Forest,0,0,1,13,10,4,3,13,12,7,2,2,1,0,5,1.0,2.0,1.0,0.75,0.25
2024-12-29,2024-2025,Tottenham Hotspur,Wolverhampton Wanderers,1,2,2,13,11,3,3,9,10,5,5,1,0,1,1,0.3333333333333333,2.3333333333333335,0.75,0.75,0.0
2025-01-04,2024-2025,Tottenham Hotspur,Newcastle United,1,1,2,13,14,4,4,11,15,9,10,1,0,0,1,0.3333333333333333,2.3333333333333335,1.0,1.0,0.0
2025-01-15,2024-2025,Tottenham Hotspur,Arsenal,0,1,2,10,14,2,4,9,16,4,10,1,0,0,1,0.3333333333333333,2.3333333333333335,0.5,1.0,-0.5
2025-01-19,2024-2025,Tottenham Hotspur,Everton,0,2,3,11,12,6,6,14,14,8,3,1,0,0,1,0.0,3.0,1.5,1.5,0.0
2025-01-26,2024-2025,Tottenham Hotspur,Leicester City,1,1,2,15,12,6,3,6,16,6,4,1,0,0,1,0.0,3.0,1.5,0.75,0.75
2025-02-02,2024-2025,Tottenham Hotspur,Brentford,0,2,0,13,20,2,4,11,4,3,10,1,0,3,1,1.0,2.0,0.5,1.0,-0.5
2025-02-16,2024-2025,Tottenham Hotspur,Manchester United,1,1,0,22,16,7,6,13,9,10,5,1,0,3,1,2.0,1.0,1.75,1.5,0.25
2025-02-22,2024-2025,Tottenham Hotspur,Ipswich Town,0,4,1,10,17,6,5,14,15,4,4,1,0,3,1,3.0,0.0,1.5,1.25,0.25
2025-02-26,2024-2025,Tottenham Hotspur,Manchester City,1,0,1,11,12,6,5,12,15,8,3,3,0,0,3,2.0,1.0,1.5,1.25,0.25
2025-03-09,2024-2025,Tottenham Hotspur,Bournemouth,1,2,2,12,17,4,8,15,16,3,6,3,0,1,3,1.3333333333333333,1.3333333333333333,1.0,2.0,-1.0
2025-03-16,2024-2025,Tottenham Hotspur,Fulham,0,0,2,12,13,4,4,10,13,5,6,0,0,0,0,0.3333333333333333,2.3333333333333335,1.0,1.0,0.0
2025-04-03,2024-2025,Tottenham Hotspur,Chelsea,0,0,1,8,11,2,5,16,7,6,4,5,0,0,5,0.3333333333333333,2.3333333333333335,0.5,1.25,-0.75
2025-04-06,2024-2025,Tottenham Hotspur,Southampton,1,3,1,13,12,8,4,16,20,4,1,1,0,3,1,1.0,2.0,2.0,1.0,1.0
2025-04-13,2024-2025,Tottenham Hotspur,Wolverhampton Wanderers,0,2,4,11,13,4,5,15,12,4,1,2,0,0,2,1.0,2.0,1.0,1.25,-0.25
2025-04-21,2024-2025,Tottenham Hotspur,Nottingham Forest,1,1,2,22,4,6,3,11,12,7,1,1,0,0,1,1.0,2.0,1.5,0.75,0.75
2025-04-27,2024-2025,Tottenham Hotspur,Liverpool,0,1,5,8,25,3,8,9,16,2,8,1,0,0,1,0.0,3.0,0.75,2.0,-1.25
2025-05-04,2024-2025,Tottenham Hotspur,West Ham United,0,1,1,7,11,2,2,15,18,3,1,2,0,1,2,0.3333333333333333,2.3333333333333335,0.5,0.5,0.0
2025-05-11,2024-2025,Tottenham Hotspur,Crystal Palace,1,0,2,8,23,1,10,12,10,4,8,1,0,0,1,0.3333333333333333,2.3333333333333335,0.25,2.5,-2.25
2025-05-16,2024-2025,Tottenham Hotspur,Aston Villa,0,0,2,3,18,1,7,12,5,1,9,2,0,0,2,0.3333333333333333,2.3333333333333335,0.25,1.75,-1.5
2025-05-25,2024-2025,Tottenham Hotspur,Brighton and Hove Albion,1,1,4,4,23,2,8,13,8,2,11,3,0,0,3,0.0,3.0,0.5,2.0,-1.5
2025-08-16,2025-2026,Tottenham Hotspur,Burnley,1,3,0,16,14,6,4,14,8,6,5,0,0,3,0,1.0,2.0,1.5,1.0,0.5
2025-08-23,2025-2026,Tottenham Hotspur,Manchester City,0,2,0,12,10,5,4,12,7,2,7,4,0,3,4,2.0,1.0,1.25,1.0,0.25
2025-08-30,2025-2026,Tottenham Hotspur,Bournemouth,1,0,1,5,20,1,6,17,13,0,8,2,0,0,2,2.0,1.0,0.25,1.5,-1.25
2025-09-13,2025-2026,Tottenham Hotspur,West Ham United,0,3,0,14,7,5,4,7,8,13,2,1,0,3,1,2.0,1.0,1.25,1.0,0.25
2025-09-20,2025-2026,Tottenham Hotspur,Brighton and Hove Albion,0,2,2,11,12,3,4,13,10,10,2,2,0,1,2,1.3333333333333333,1.3333333333333333,0.75,1.0,-0.25
2025-09-27,2025-2026,Tottenham Hotspur,Wolverhampton Wanderers,1,1,1,10,9,3,3,9,11,10,9,3,0,1,3,1.6666666666666667,0.6666666666666666,0.75,0.75,0.0
2025-10-04,2025-2026,Tottenham Hotspur,Leeds United,0,2,1,9,16,3,4,12,10,1,4,3,0,3,3,1.6666666666666667,0.6666666666666666,0.75,1.0,-0.25
2025-10-19,2025-2026,Tottenham Hotspur,Aston Villa,1,1,2,9,8,3,2,11,7,6,6,2,0,0,2,1.3333333333333333,1.3333333333333333,0.75,0.5,0.25
2025-10-26,2025-2026,Tottenham Hotspur,Everton,0,3,0,7,12,4,2,8,9,8,9,0,0,3,0,2.0,1.0,1.0,0.5,0.5
2025-11-01,2025-2026,Tottenham Hotspur,Chelsea,1,0,1,3,15,1,9,14,12,6,5,4,0,0,4,1.0,2.0,0.25,2.25,-2.0
2025-11-08,2025-2026,Tottenham Hotspur,Manchester United,1,2,2,10,5,4,2,10,8,5,3,5,0,1,5,1.3333333333333333,1.3333333333333333,1.0,0.5,0.5
2021-08-14,2021-2022,Watford,Aston Villa,1,3,2,13,11,7,2,18,13,2,4,3,0,3,3,3.0,0.0,1.75,0.5,1.25
2021-08-21,2021-2022,Watford,Brighton and Hove Albion,0,0,2,10,13,1,3,6,11,2,7,0,0,0,0,1.5,1.5,0.25,0.75,-0.5
2021-08-29,2021-2022,Watford,Tottenham Hotspur,0,0,1,9,15,2,8,14,8,3,10,3,0,0,3,1.0,2.0,0.5,2.0,-1.5
2021-09-11,2021-2022,Watford,Wolverhampton Wanderers,1,0,2,6,14,2,5,15,13,6,8,3,0,0,3,0.0,3.0,0.5,1.25,-0.75
2021-09-18,2021-2022,Watford,Norwich City,0,3,1,12,12,8,5,14,10,8,4,1,0,3,1,1.0,2.0,2.0,1.25,0.75
2021-09-25,2021-2022,Watford,Newcastle United,1,1,1,15,20,4,6,19,12,5,6,4,0,1,4,1.3333333333333333,1.3333333333333333,1.0,1.5,-0.5
2021-10-02,2021-2022,Watford,Leeds United,0,0,1,5,20,1,4,16,10,3,6,3,0,0,3,1.3333333333333333,1.3333333333333333,0.25,1.0,-0.75
2021-10-16,2021-2022,Watford,Liverpool,1,0,5,6,19,2,8,4,10,1,9,0,0,0,0,0.3333333333333333,2.3333333333333335,0.5,2.0,-1.5
2021-10-23,2021-2022,Watford,Everton,0,5,2,20,15,8,4,13,9,5,3,3,0,3,3,1.0,2.0,2.0,1.0,1.0
2021-10-30,2021-2022,Watford,Southampton,1,0,1,10,12,4,1,16,6,5,8,2,0,0,2,1.0,2.0,1.0,0.25,0.75
2021-11-07,2021-2022,Watford,Arsenal,0,0,1,7,14,1,6,19,6,2,4,2,1,0,5,1.0,2.0,0.25,1.5,-1.25
2021-11-20,2021-2022,Watford,Manchester United,1,4,1,20,9,7,3,7,5,9,3,2,0,3,2,1.0,2.0,1.75,0.75,1.0
2021-11-28,2021-2022,Watford,Leicester City,0,2,4,16,18,5,8,19,5,6,8,0,0,0,0,1.0,2.0,1.25,2.0,-0.75
2021-12-01,2021-2022,Watford,Chelsea,1,1,2,13,8,6,4,18,16,6,0,4,0,0,4,1.0,2.0,1.5,1.0,0.5
2021-12-04,2021-2022,Watford,Manchester City,1,1,3,11,26,4,13,10,7,5,11,3,0,0,3,0.0,3.0,1.0,3.25,-2.25
2021-12-10,2021-2022,Watford,Brentford,0,1,2,6,14,2,5,18,12,2,8,0,0,0,0,0.0,3.0,0.5,1.25,-0.75
2021-12-28,2021-2022,Watford,West Ham United,1,1,4,14,13,5,6,12,12,4,5,0,0,0,0,0.0,3.0,1.25,1.5,-0.25
2022-01-01,2021-2022,Watford,Tottenham Hotspur,1,0,1,6,21,4,9,6,9,3,7,0,0,0,0,0.0,3.0,1.0,2.25,-1.25
2022-01-15,2021-2022,Watford,Newcastle United,0,1,1,18,12,5,1,13,13,6,4,2,0,1,2,0.3333333333333333,2.3333333333333335,1.25,0.25,1.0
2022-01-21,2021-2022,Watford,Norwich City,1,0,3,15,7,4,2,16,11,5,1,0,1,0,3,0.3333333333333333,2.3333333333333335,1.0,0.5,0.5
2022-02-05,2021-2022,Watford,Burnley,0,0,0,11,13,5,2,9,16,7,4,2,0,1,2,0.6666666666666666,1.6666666666666667,1.25,0.5,0.75
2022-02-08,2021-2022,Watford,West Ham United,0,0,1,6,9,1,3,6,1,6,5,0,0,0,0,0.3333333333333333,2.3333333333333335,0.25,0.75,-0.5
2022-02-12,2021-2022,Watford,Brighton and Hove Albion,1,0,2,9,11,1,6,16,9,4,5,3,0,0,3,0.3333333333333333,2.3333333333333335,0.25,1.5,-1.25
2022-02-19,2021-2022,Watford,Aston Villa,0,1,0,8,20,4,1,7,12,5,10,2,0,3,2,1.0,2.0,1.0,0.25,0.75
2022-02-23,2021-2022,Watford,Crystal Palace,1,1,4,8,7,1,5,12,9,6,4,2,0,0,2,1.0,2.0,0.25,1.25,-1.0
2022-02-26,2021-2022,Watford,Manchester United,0,0,0,10,22,2,3,7,2,3,4,0,0,1,0,1.3333333333333333,1.3333333333333333,0.5,0.75,-0.25
2022-03-06,2021-2022,Watford,Arsenal,1,2,3,13,16,7,4,5,11,1,5,1,0,0,1,0.3333333333333333,2.3333333333333335,1.75,1.0,0.75
2022-03-10,2021-2022,Watford,Wolverhampton Wanderers,0,0,4,9,10,0,5,10,11,2,5,2,0,0,2,0.3333333333333333,2.3333333333333335,0.0,1.25,-1.25
2022-03-13,2021-2022,Watford,Southampton,0,2,1,9,13,5,7,12,8,3,11,2,0,3,2,1.0,2.0,1.25,1.75,-0.5
2022-04-02,2021-2022,Watford,Liverpool,0,0,2,5,20,2,3,8,9,3,9,1,0,0,1,1.0,2.0,0.5,0.75,-0.25
2022-04-09,2021-2022,Watford,Leeds United,1,0,3,8,10,1,5,8,12,3,8,2,0,0,2,1.0,2.0,0.25,1.25,-1.0
2022-04-16,2021-2022,Watford,Brentford,1,1,2,17,16,4,5,11,9,6,5,2,0,0,2,0.0,3.0,1.0,1.25,-0.25
2022-04-23,2021-2022,Watford,Manchester City,0,1,5,5,21,2,8,7,9,4,11,0,0,0,0,0.0,3.0,0.5,2.0,-1.5
2022-04-30,2021-2022,Watford,Burnley,1,1,2,13,17,1,6,13,9,5,6,1,0,0,1,0.0,3.0,0.25,1.5,-1.25
2022-05-07,2021-2022,Watford,Crystal Palace,0,0,1,6,15,1,7,18,11,5,8,1,1,0,4,0.0,3.0,0.25,1.75,-1.5
2022-05-11,2021-2022,Watford,Everton,1,0,0,6,16,0,5,5,12,1,13,1,0,1,1,0.3333333333333333,2.3333333333333335,0.0,1.25,-1.25
2022-05-15,2021-2022,Watford,Leicester City,1,1,5,13,13,5,7,4,6,7,3,0,0,0,0,0.3333333333333333,2.3333333333333335,1.25,1.75,-0.5
2022-05-22,2021-2022,Watford,Chelsea,0,1,2,8,19,3,8,9,9,3,3,0,0,0,0,0.3333333333333333,2.3333333333333335,0.75,2.0,-1.25
2020-09-13,2020-2021,West Brom,Leicester City,1,0,3,7,13,1,7,12,9,2,5,1,0,0,1,0.0,3.0,0.25,1.75,-1.5
2020-09-19,2020-2021,West Brom,Everton,0,2,5,6,17,4,7,11,9,1,11,0,1,0,3,0.0,3.0,1.0,1.75,-0.75
2020-09-26,2020-2021,West Brom,Chelsea,1,3,3,9,22,3,10,8,16,3,9,1,0,1,1,0.3333333333333333,2.3333333333333335,0.75,2.5,-1.75
2020-10-04,2020-2021,West Brom,Southampton,0,0,2,5,13,2,7,10,19,1,5,1,0,0,1,0.3333333333333333,2.3333333333333335,0.5,1.75,-1.25
2020-10-19,2020-2021,West Brom,Burnley,1,0,0,13,9,6,4,15,17,8,2,2,0,1,2,0.6666666666666666,1.6666666666666667,1.5,1.0,0.5
2020-10-26,2020-2021,West Brom,Brighton and Hove Albion,0,1,1,9,5,3,3,7,14,2,6,0,0,1,0,0.6666666666666666,1.6666666666666667,0.75,0.75,0.0
2020-11-02,2020-2021,West Brom,Fulham,0,0,2,10,13,1,6,11,13,2,5,2,0,0,2,0.6666666666666666,1.6666666666666667,0.25,1.5,-1.25
2020-11-08,2020-2021,West Brom,Tottenham Hotspur,1,0,1,12,19,2,5,17,12,9,6,1,0,0,1,0.3333333333333333,2.3333333333333335,0.5,1.25,-0.75
2020-11-21,2020-2021,West Brom,Manchester United,0,0,1,7,17,2,7,17,12,2,8,1,0,0,1,0.0,3.0,0.5,1.75,-1.25
2020-11-28,2020-2021,West Brom,Sheffield United,1,1,0,17,21,6,5,10,9,14,9,2,0,3,2,1.0,2.0,1.5,1.25,0.25
2020-12-06,2020-2021,West Brom,Crystal Palace,1,1,5,9,18,4,6,10,16,4,6,2,1,0,5,1.0,2.0,1.0,1.5,-0.5
2020-12-12,2020-2021,West Brom,Newcastle United,0,1,2,13,12,3,7,12,9,3,4,3,0,0,3,1.0,2.0,0.75,1.75,-1.0
2020-12-15,2020-2021,West Brom,Manchester City,0,1,1,5,26,1,7,8,5,2,13,3,0,1,3,0.3333333333333333,2.3333333333333335,0.25,1.75,-1.5
2020-12-20,2020-2021,West Brom,Aston Villa,1,0,3,1,19,1,10,14,8,1,7,1,1,0,4,0.3333333333333333,2.3333333333333335,0.25,2.5,-2.25
2020-12-27,2020-2021,West Brom,Liverpool,0,1,1,5,17,3,2,5,8,3,8,1,0,1,1,0.6666666666666666,1.6666666666666667,0.75,0.5,0.25
2020-12-29,2020-2021,West Brom,Leeds United,1,0,5,4,14,1,6,7,10,3,10,0,0,0,0,0.3333333333333333,2.3333333333333335,0.25,1.5,-1.25
2021-01-02,2020-2021,West Brom,Arsenal,1,0,4,7,21,3,12,7,4,3,5,1,0,0,1,0.3333333333333333,2.3333333333333335,0.75,3.0,-2.25
2021-01-16,2020-2021,West Brom,Wolverhampton Wanderers,0,3,2,12,23,5,6,14,10,0,11,1,0,3,1,1.0,2.0,1.25,1.5,-0.25
2021-01-19,2020-2021,West Brom,West Ham United,0,1,2,6,14,2,6,10,10,1,3,1,0,0,1,1.0,2.0,0.5,1.5,-1.0
2021-01-26,2020-2021,West Brom,Manchester City,1,0,5,4,18,1,7,8,8,3,8,2,0,0,2,1.0,2.0,0.25,1.75,-1.5
2021-01-30,2020-2021,West Brom,Fulham,1,2,2,5,12,3,7,9,10,2,3,1,0,1,1,0.3333333333333333,2.3333333333333335,0.75,1.75,-1.0
2021-02-02,2020-2021,West Brom,Sheffield United,0,1,2,8,14,4,6,9,11,2,9,1,0,0,1,0.3333333333333333,2.3333333333333335,1.0,1.5,-0.5
2021-02-07,2020-2021,West Brom,Tottenham Hotspur,0,0,2,4,13,1,6,12,16,0,8,2,0,0,2,0.3333333333333333,2.3333333333333335,0.25,1.5,-1.25
2021-02-14,2020-2021,West Brom,Manchester United,1,1,1,7,10,3,7,13,10,4,5,5,0,1,5,0.3333333333333333,2.3333333333333335,0.75,1.75,-1.0
2021-02-20,2020-2021,West Brom,Burnley,0,0,0,10,6,3,1,10,16,5,5,0,1,1,3,0.6666666666666666,1.6666666666666667,0.75,0.25,0.5
2021-02-27,2020-2021,West Brom,Brighton and Hove Albion,1,1,0,6,15,2,6,11,12,7,4,0,0,3,0,1.6666666666666667,0.6666666666666666,0.5,1.5,-1.0
2021-03-04,2020-2021,West Brom,Everton,1,0,1,11,11,3,3,9,7,3,3,3,0,0,3,1.3333333333333333,1.3333333333333333,0.75,0.75,0.0
2021-03-07,2020-2021,West Brom,Newcastle United,1,0,0,13,9,3,5,11,10,9,7,0,0,1,0,1.3333333333333333,1.3333333333333333,0.75,1.25,-0.5
2021-03-13,2020-2021,West Brom,Crystal Palace,0,0,1,12,6,1,4,15,16,2,3,1,0,0,1,0.3333333333333333,2.3333333333333335,0.25,1.0,-0.75
2021-04-03,2020-2021,West Brom,Chelsea,0,5,2,14,18,7,8,6,11,3,10,1,0,3,1,1.3333333333333333,1.3333333333333333,1.75,2.0,-0.25
2021-04-12,2020-2021,West Brom,Southampton,1,3,0,15,14,6,4,12,11,5,10,0,0,3,0,2.0,1.0,1.5,1.0,0.5
2021-04-22,2020-2021,West Brom,Leicester City,0,0,3,4,17,1,7,12,13,3,7,2,0,0,2,2.0,1.0,0.25,1.75,-1.5
2021-04-25,2020-2021,West Brom,Aston Villa,0,2,2,10,24,4,11,9,14,4,11,2,0,1,2,1.3333333333333333,1.3333333333333333,1.0,2.75,-1.75
2021-05-03,2020-2021,West Brom,Wolverhampton Wanderers,1,1,1,10,20,4,10,17,11,5,6,2,0,1,2,0.6666666666666666,1.6666666666666667,1.0,2.5,-1.5
2021-05-09,2020-2021,West Brom,Arsenal,0,1,3,12,15,1,7,9,7,6,6,2,0,0,2,0.6666666666666666,1.6666666666666667,0.25,1.75,-1.5
2021-05-16,2020-2021,West Brom,Liverpool,1,1,2,10,26,3,6,7,14,9,13,0,0,0,0,0.3333333333333333,2.3333333333333335,0.75,1.5,-0.75
2021-05-19,2020-2021,West Brom,West Ham United,1,1,3,14,21,4,9,8,11,6,8,2,0,0,2,0.0,3.0,1.0,2.25,-1.25
2021-05-23,2020-2021,West Brom,Leeds United,0,1,3,14,17,5,9,12,12,3,8,1,0,0,1,0.0,3.0,1.25,2.25,-1.0
2020-09-12,2020-2021,West Ham United,Newcastle United,1,0,2,15,15,3,2,13,7,8,7,2,0,0,2,0.0,3.0,0.75,0.5,0.25
2020-09-19,2020-2021,West Ham United,Arsenal,0,1,2,14,7,3,3,13,11,5,7,1,0,0,1,0.0,3.0,0.75,0.75,0.0
2020-09-27,2020-2021,West Ham United,Wolverhampton Wanderers,1,4,0,15,11,7,2,7,11,1,3,0,0,3,0,1.0,2.0,1.75,0.5,1.25
2020-10-04,2020-2021,West Ham United,Leicester City,0,3,0,14,4,6,0,8,11,4,6,2,0,3,2,2.0,1.0,1.5,0.0,1.5
2020-10-18,2020-2021,West Ham United,Tottenham Hotspur,0,3,3,13,11,4,6,12,13,7,3,5,0,1,5,2.3333333333333335,0.3333333333333333,1.0,1.5,-0.5
2020-10-24,2020-2021,West Ham United,Manchester City,1,1,1,6,14,2,7,14,6,2,10,2,0,1,2,1.6666666666666667,0.6666666666666666,0.5,1.75,-1.25
2020-10-31,2020-2021,West Ham United,Liverpool,0,1,2,4,9,3,5,14,13,2,1,1,0,0,1,0.6666666666666666,1.6666666666666667,0.75,1.25,-0.5
2020-11-07,2020-2021,West Ham United,Fulham,1,1,0,16,13,7,3,10,9,9,5,2,0,3,2,1.3333333333333333,1.3333333333333333,1.75,0.75,1.0
2020-11-22,2020-2021,West Ham United,Sheffield United,0,1,0,15,9,3,5,6,7,6,2,0,0,3,0,2.0,1.0,0.75,1.25,-0.5
2020-11-30,2020-2021,West Ham United,Aston Villa,1,2,1,6,16,2,6,20,7,3,7,1,0,3,1,3.0,0.0,0.5,1.5,-1.0
2020-12-05,2020-2021,West Ham United,Manchester United,1,1,3,19,15,6,6,9,10,5,4,0,0,0,0,2.0,1.0,1.5,1.5,0.0
2020-12-11,2020-2021,West Ham United,Leeds United,0,2,1,19,13,8,7,10,12,6,5,2,0,3,2,2.0,1.0,2.0,1.75,0.25
2020-12-16,2020-2021,West Ham United,Crystal Palace,1,1,1,9,8,2,2,8,12,5,3,0,0,1,0,1.3333333333333333,1.3333333333333333,0.5,0.5,0.0
2020-12-21,2020-2021,West Ham United,Chelsea,0,0,3,6,11,0,7,6,11,4,5,0,0,0,0,1.3333333333333333,1.3333333333333333,0.0,1.75,-1.75
2020-12-27,2020-2021,West Ham United,Brighton and Hove Albion,1,2,2,11,13,4,4,6,8,5,4,0,0,1,0,0.6666666666666666,1.6666666666666667,1.0,1.0,0.0
2020-12-29,2020-2021,West Ham United,Southampton,0,0,0,8,8,3,3,15,16,3,4,1,0,1,1,0.6666666666666666,1.6666666666666667,0.75,0.75,0.0
2021-01-01,2020-2021,West Ham United,Everton,0,1,0,11,10,5,2,7,9,4,5,0,0,3,0,1.6666666666666667,0.6666666666666666,1.25,0.5,0.75
2021-01-16,2020-2021,West Ham United,Burnley,1,1,0,15,10,4,2,12,9,7,4,2,0,3,2,2.3333333333333335,0.3333333333333333,1.0,0.5,0.5
2021-01-19,2020-2021,West Ham United,West Brom,1,2,1,14,6,6,2,10,10,3,1,0,0,3,0,3.0,0.0,1.5,0.5,1.0
2021-01-26,2020-2021,West Ham United,Crystal Palace,0,3,2,17,6,7,3,8,9,4,3,0,0,3,0,3.0,0.0,1.75,0.75,1.0
2021-01-31,2020-2021,West Ham United,Liverpool,1,1,3,8,14,2,5,7,8,6,5,2,0,0,2,2.0,1.0,0.5,1.25,-0.75
2021-02-03,2020-2021,West Ham United,Aston Villa,0,3,1,20,9,10,2,15,11,3,7,1,0,3,1,2.0,1.0,2.5,0.5,2.0
2021-02-06,2020-2021,West Ham United,Fulham,0,0,0,8,20,1,2,10,11,3,7,2,1,1,5,1.3333333333333333,1.3333333333333333,0.25,0.5,-0.25
2021-02-15,2020-2021,West Ham United,Sheffield United,1,3,0,13,8,9,5,11,12,7,7,0,0,3,0,2.3333333333333335,0.3333333333333333,2.25,1.25,1.0
2021-02-21,2020-2021,West Ham United,Tottenham Hotspur,1,2,1,4,20,4,4,14,7,5,7,4,0,3,4,2.3333333333333335,0.3333333333333333,1.0,1.0,0.0
2021-02-27,2020-2021,West Ham United,Manchester City,0,1,2,9,10,3,3,11,8,2,4,1,0,0,1,2.0,1.0,0.75,0.75,0.0
2021-03-08,2020-2021,West Ham United,Leeds United,1,2,0,16,17,5,2,9,9,6,6,1,0,3,1,2.0,1.0,1.25,0.5,0.75
2021-03-14,2020-2021,West Ham United,Manchester United,0,0,1,7,15,0,4,2,12,3,6,0,0,0,0,1.0,2.0,0.0,1.0,-1.0
2021-03-21,2020-2021,West Ham United,Arsenal,1,3,3,15,16,5,7,18,8,3,5,3,0,1,3,1.3333333333333333,1.3333333333333333,1.25,1.75,-0.5
2021-04-05,2020-2021,West Ham United,Wolverhampton Wanderers,0,3,2,9,20,6,5,9,9,2,4,4,0,3,4,1.3333333333333333,1.3333333333333333,1.5,1.25,0.25
2021-04-11,2020-2021,West Ham United,Leicester City,1,3,2,4,15,4,5,7,13,1,9,3,0,3,3,2.3333333333333335,0.3333333333333333,1.0,1.25,-0.25
2021-04-17,2020-2021,West Ham United,Newcastle United,0,2,3,16,16,6,8,7,9,8,3,0,1,0,3,2.0,1.0,1.5,2.0,-0.5
2021-04-24,2020-2021,West Ham United,Chelsea,1,0,1,9,17,2,6,9,11,4,2,0,1,0,3,1.0,2.0,0.5,1.5,-1.0
2021-05-03,2020-2021,West Ham United,Burnley,0,2,1,22,8,4,3,8,4,4,5,1,0,3,1,1.0,2.0,1.0,0.75,0.25
2021-05-09,2020-2021,West Ham United,Everton,1,0,1,11,9,0,3,8,10,5,6,2,0,0,2,1.0,2.0,0.0,0.75,-0.75
2021-05-15,2020-2021,West Ham United,Brighton and Hove Albion,0,1,1,15,10,3,2,5,7,3,3,1,0,1,1,1.3333333333333333,1.3333333333333333,0.75,0.5,0.25
2021-05-19,2020-2021,West Ham United,West Brom,0,3,1,21,14,9,4,11,8,8,6,2,0,3,2,1.3333333333333333,1.3333333333333333,2.25,1.0,1.25
2021-05-23,2020-2021,West Ham United,Southampton,1,3,0,14,17,7,5,5,9,2,3,0,0,3,0,2.3333333333333335,0.3333333333333333,1.75,1.25,0.5
2021-08-15,2021-2022,West Ham United,Newcastle United,0,4,2,8,17,9,3,3,4,6,7,0,0,3,0,3.0,0.0,2.25,0.75,1.5
2021-08-23,2021-2022,West Ham United,Leicester City,1,4,1,13,5,7,1,8,8,10,0,0,0,3,0,3.0,0.0,1.75,0.25,1.5
2021-08-28,2021-2022,West Ham United,Crystal Palace,1,2,2,14,9,4,2,10,7,5,3,1,0,1,1,2.3333333333333335,0.3333333333333333,1.0,0.5,0.5
2021-09-11,2021-2022,West Ham United,Southampton,0,0,0,13,11,3,3,12,10,4,5,1,1,1,4,1.6666666666666667,0.6666666666666666,0.75,0.75,0.0
2021-09-19,2021-2022,West Ham United,Manchester United,1,1,2,13,17,4,10,5,8,2,11,0,0,0,0,0.6666666666666666,1.6666666666666667,1.0,2.5,-1.5
2021-09-25,2021-2022,West Ham United,Leeds United,0,2,1,20,15,7,5,6,10,7,5,2,0,3,2,1.3333333333333333,1.3333333333333333,1.75,1.25,0.5
2021-10-03,2021-2022,West Ham United,Brentford,1,1,2,18,13,5,6,16,13,11,6,2,0,0,2,1.0,2.0,1.25,1.5,-0.25
2021-10-17,2021-2022,West Ham United,Everton,0,1,0,16,15,4,2,3,3,9,7,2,0,3,2,2.0,1.0,1.0,0.5,0.5
2021-10-24,2021-2022,West Ham United,Tottenham Hotspur,1,1,0,13,7,4,4,11,4,2,4,2,0,3,2,2.0,1.0,1.0,1.0,0.0
2021-10-31,2021-2022,West Ham United,Aston Villa,0,4,1,21,9,9,3,13,7,6,3,2,0,3,2,3.0,0.0,2.25,0.75,1.5
2021-11-07,2021-2022,West Ham United,Liverpool,1,3,2,7,16,3,5,11,6,3,2,1,0,3,1,3.0,0.0,0.75,1.25,-0.5
2021-11-20,2021-2022,West Ham United,Wolverhampton Wanderers,0,0,1,8,15,3,5,9,6,3,7,1,0,0,1,2.0,1.0,0.75,1.25,-0.5
2021-11-28,2021-2022,West Ham United,Manchester City,0,1,2,5,19,3,9,6,7,4,8,0,0,0,0,1.0,2.0,0.75,2.25,-1.5
2021-12-01,2021-2022,West Ham United,Brighton and Hove Albion,1,1,1,14,9,6,3,10,8,9,5,1,0,1,1,0.3333333333333333,2.3333333333333335,1.5,0.75,0.75
2021-12-04,2021-2022,West Ham United,Chelsea,1,3,2,11,19,5,7,10,10,1,9,1,0,3,1,1.3333333333333333,1.3333333333333333,1.25,1.75,-0.5
2021-12-12,2021-2022,West Ham United,Burnley,0,0,0,16,9,3,1,11,13,4,6,1,0,1,1,1.6666666666666667,0.6666666666666666,0.75,0.25,0.5
2021-12-15,2021-2022,West Ham United,Arsenal,0,0,2,7,21,1,8,9,8,2,5,0,1,0,3,1.3333333333333333,1.3333333333333333,0.25,2.0,-1.75
2021-12-26,2021-2022,West Ham United,Southampton,1,2,3,11,11,5,6,10,9,10,2,2,0,0,2,0.3333333333333333,2.3333333333333335,1.25,1.5,-0.25
2021-12-28,2021-2022,West Ham United,Watford,0,4,1,13,14,6,5,12,12,5,4,1,0,3,1,1.0,2.0,1.5,1.25,0.25
2022-01-01,2021-2022,West Ham United,Crystal Palace,0,3,2,10,22,5,6,16,6,1,9,2,0,3,2,2.0,1.0,1.25,1.5,-0.25
2022-01-12,2021-2022,West Ham United,Norwich City,1,2,0,13,7,5,3,9,8,11,2,0,0,3,0,3.0,0.0,1.25,0.75,0.5
2022-01-16,2021-2022,West Ham United,Leeds United,1,2,3,15,18,5,5,6,9,4,3,3,0,0,3,2.0,1.0,1.25,1.25,0.0
2022-01-22,2021-2022,West Ham United,Manchester United,0,0,1,6,18,1,3,8,9,3,3,1,0,0,1,1.0,2.0,0.25,0.75,-0.5
2022-02-08,2021-2022,West Ham United,Watford,1,1,0,9,6,3,1,1,6,5,6,1,0,3,1,1.0,2.0,0.75,0.25,0.5
2022-02-13,2021-2022,West Ham United,Leicester City,0,2,2,8,13,3,2,9,10,4,5,2,0,1,2,1.3333333333333333,1.3333333333333333,0.75,0.5,0.25
2022-02-19,2021-2022,West Ham United,Newcastle United,1,1,1,11,14,3,3,3,7,3,7,3,0,1,3,1.6666666666666667,0.6666666666666666,0.75,0.75,0.0
2022-02-27,2021-2022,West Ham United,Wolverhampton Wanderers,1,1,0,13,14,4,1,8,2,3,5,1,0,3,1,1.6666666666666667,0.6666666666666666,1.0,0.25,0.75
2022-03-05,2021-2022,West Ham United,Liverpool,0,0,1,13,22,5,5,7,7,6,4,1,0,0,1,1.3333333333333333,1.3333333333333333,1.25,1.25,0.0
2022-03-13,2021-2022,West Ham United,Aston Villa,1,2,1,11,13,4,7,9,3,5,7,1,0,3,1,2.0,1.0,1.0,1.75,-0.75
2022-03-20,2021-2022,West Ham United,Tottenham Hotspur,0,1,3,6,17,1,4,7,7,3,5,1,0,0,1,1.0,2.0,0.25,1.0,-0.75
2022-04-03,2021-2022,West Ham United,Everton,1,2,1,11,13,5,2,9,12,2,4,1,0,3,1,2.0,1.0,1.25,0.5,0.75
2022-04-10,2021-2022,West Ham United,Brentford,0,0,2,5,15,1,7,6,2,6,4,1,0,0,1,1.0,2.0,0.25,1.75,-1.5
2022-04-17,2021-2022,West Ham United,Burnley,1,1,1,21,9,8,1,9,10,13,4,2,0,1,2,1.3333333333333333,1.3333333333333333,2.0,0.25,1.75
2022-04-24,2021-2022,West Ham United,Chelsea,0,0,1,6,26,2,5,9,11,1,3,0,1,0,3,0.3333333333333333,2.3333333333333335,0.5,1.25,-0.75
2022-05-01,2021-2022,West Ham United,Arsenal,1,1,2,8,13,3,7,8,9,3,7,2,0,0,2,0.3333333333333333,2.3333333333333335,0.75,1.75,-1.0
2022-05-08,2021-2022,West Ham United,Norwich City,0,4,0,13,8,5,2,7,7,5,9,1,0,3,1,1.0,2.0,1.25,0.5,0.75
2022-05-15,2021-2022,West Ham United,Manchester City,1,2,2,6,31,2,8,9,5,4,9,3,0,1,3,1.3333333333333333,1.3333333333333333,0.5,2.0,-1.5
2022-05-22,2021-2022,West Ham United,Brighton and Hove Albion,0,1,3,7,18,2,7,9,9,6,5,1,0,0,1,1.3333333333333333,1.3333333333333333,0.5,1.75,-1.25
2022-08-07,2022-2023,West Ham United,Manchester City,1,0,2,6,14,1,2,8,4,1,4,0,0,0,0,0.3333333333333333,2.3333333333333335,0.25,0.5,-0.25
2022-08-14,2022-2023,West Ham United,Nottingham Forest,0,0,1,19,13,5,6,11,10,7,6,1,0,0,1,0.0,3.0,1.25,1.5,-0.25
2022-08-21,2022-2023,West Ham United,Brighton and Hove Albion,1,0,2,13,11,3,2,10,7,5,4,2,0,0,2,0.0,3.0,0.75,0.5,0.25
2022-08-28,2022-2023,West Ham United,Aston Villa,0,1,0,7,9,2,3,10,10,2,3,0,0,3,0,1.0,2.0,0.5,0.75,-0.25
2022-08-31,2022-2023,West Ham United,Tottenham Hotspur,1,1,1,14,13,4,4,10,9,3,4,2,0,1,2,1.3333333333333333,1.3333333333333333,1.0,1.0,0.0
2022-09-03,2022-2023,West Ham United,Chelsea,0,1,2,6,8,3,3,11,6,3,10,2,0,0,2,1.3333333333333333,1.3333333333333333,0.75,0.75,0.0
2022-09-18,2022-2023,West Ham United,Everton,0,0,1,14,7,4,2,11,8,14,5,1,0,0,1,0.3333333333333333,2.3333333333333335,1.0,0.5,0.5
2022-10-01,2022-2023,West Ham United,Wolverhampton Wanderers,1,2,0,18,15,5,4,8,6,1,6,2,0,3,2,1.0,2.0,1.25,1.0,0.25
2022-10-09,2022-2023,West Ham United,Fulham,1,3,1,17,8,8,2,9,7,4,2,1,0,3,1,2.0,1.0,2.0,0.5,1.5
2022-10-16,2022-2023,West Ham United,Southampton,0,1,1,25,10,4,8,3,7,14,4,1,0,1,1,2.3333333333333335,0.3333333333333333,1.0,2.0,-1.0
2022-10-19,2022-2023,West Ham United,Liverpool,0,0,1,8,22,3,7,8,9,3,8,0,0,0,0,1.3333333333333333,1.3333333333333333,0.75,1.75,-1.0
2022-10-24,2022-2023,West Ham United,Bournemouth,1,2,0,20,5,4,3,9,11,5,0,0,0,3,0,1.3333333333333333,1.3333333333333333,1.0,0.75,0.25
2022-10-30,2022-2023,West Ham United,Manchester United,0,0,1,13,16,5,3,10,12,10,5,3,0,0,3,1.0,2.0,1.25,0.75,0.5
2022-11-06,2022-2023,West Ham United,Crystal Palace,1,1,2,5,15,2,6,10,7,2,5,1,0,0,1,1.0,2.0,0.5,1.5,-1.0
2022-11-12,2022-2023,West Ham United,Leicester City,1,0,2,18,9,6,6,9,8,7,2,3,0,0,3,0.0,3.0,1.5,1.5,0.0
2022-12-26,2022-2023,West Ham United,Arsenal,0,1,3,8,16,4,5,17,13,5,7,2,0,0,2,0.0,3.0,1.0,1.25,-0.25
2022-12-30,2022-2023,West Ham United,Brentford,1,0,2,20,9,5,6,9,5,8,1,1,0,0,1,0.0,3.0,1.25,1.5,-0.25
2023-01-04,2022-2023,West Ham United,Leeds United,0,2,2,15,14,2,6,18,11,1,8,1,0,1,1,0.3333333333333333,2.3333333333333335,0.5,1.5,-1.0
2023-01-14,2022-2023,West Ham United,Wolverhampton Wanderers,0,0,1,16,17,4,4,7,10,3,4,2,0,0,2,0.3333333333333333,2.3333333333333335,1.0,1.0,0.0
2023-01-21,2022-2023,West Ham United,Everton,1,2,0,11,5,4,2,9,6,4,9,1,0,3,1,1.3333333333333333,1.3333333333333333,1.0,0.5,0.5
2023-02-04,2022-2023,West Ham United,Newcastle United,0,1,1,10,8,1,2,13,11,2,4,1,0,1,1,1.3333333333333333,1.3333333333333333,0.25,0.5,-0.25
2023-02-11,2022-2023,West Ham United,Chelsea,1,1,1,10,12,2,4,9,11,5,6,1,0,1,1,1.6666666666666667,0.6666666666666666,0.5,1.0,-0.5
2023-02-19,2022-2023,West Ham United,Tottenham Hotspur,0,0,2,6,16,1,6,10,16,7,4,1,0,0,1,0.6666666666666666,1.6666666666666667,0.25,1.5,-1.25
2023-02-25,2022-2023,West Ham United,Nottingham Forest,1,4,0,18,8,5,3,8,5,12,3,0,0,3,0,1.3333333333333333,1.3333333333333333,1.25,0.75,0.5
2023-03-04,2022-2023,West Ham United,Brighton and Hove Albion,0,0,4,3,20,2,9,8,6,3,7,3,0,0,3,1.0,2.0,0.5,2.25,-1.75
2023-03-12,2022-2023,West Ham United,Aston Villa,1,1,1,17,12,6,4,8,6,13,2,1,0,1,1,1.3333333333333333,1.3333333333333333,1.5,1.0,0.5
2023-04-02,2022-2023,West Ham United,Southampton,1,1,0,12,9,2,3,10,11,5,3,0,0,3,0,1.3333333333333333,1.3333333333333333,0.5,0.75,-0.25
2023-04-05,2022-2023,West Ham United,Newcastle United,1,1,5,7,15,2,8,11,12,7,6,2,0,0,2,1.3333333333333333,1.3333333333333333,0.5,2.0,-1.5
2023-04-08,2022-2023,West Ham United,Fulham,0,1,0,9,16,5,3,12,10,4,11,1,0,3,1,2.0,1.0,1.25,0.75,0.5
2023-04-16,2022-2023,West Ham United,Arsenal,1,2,2,16,11,3,5,11,8,7,2,1,0,1,1,1.3333333333333333,1.3333333333333333,0.75,1.25,-0.5
2023-04-23,2022-2023,West Ham United,Bournemouth,0,4,0,18,17,10,5,8,7,5,8,2,0,3,2,2.3333333333333335,0.3333333333333333,2.5,1.25,1.25
2023-04-26,2022-2023,West Ham United,Liverpool,1,1,2,7,20,2,4,6,8,3,6,0,0,0,0,1.3333333333333333,1.3333333333333333,0.5,1.0,-0.5
2023-04-29,2022-2023,West Ham United,Crystal Palace,0,3,4,8,16,4,6,17,9,5,8,2,0,0,2,1.0,2.0,1.0,1.5,-0.5
2023-05-03,2022-2023,West Ham United,Manchester City,0,0,3,6,16,2,7,8,8,3,6,1,0,0,1,0.0,3.0,0.5,1.75,-1.25
2023-05-07,2022-2023,West Ham United,Manchester United,1,1,0,15,19,4,4,4,9,5,6,0,0,3,0,1.0,2.0,1.0,1.0,0.0
2023-05-14,2022-2023,West Ham United,Brentford,0,0,2,4,24,4,10,5,5,5,7,0,0,0,0,1.0,2.0,1.0,2.5,-1.5
2023-05-21,2022-2023,West Ham United,Leeds United,1,3,1,19,12,9,3,6,11,9,5,1,0,3,1,2.0,1.0,2.25,0.75,1.5
2023-05-28,2022-2023,West Ham United,Leicester City,0,1,2,16,13,3,4,10,8,5,3,1,0,0,1,1.0,2.0,0.75,1.0,-0.25
2023-08-12,2023-2024,West Ham United,Bournemouth,0,1,1,16,14,3,5,14,9,4,10,4,0,1,4,1.3333333333333333,1.3333333333333333,0.75,1.25,-0.5
2023-08-20,2023-2024,West Ham United,Chelsea,1,3,1,12,17,6,4,12,9,3,9,2,1,3,5,1.3333333333333333,1.3333333333333333,1.5,1.0,0.5
2023-08-26,2023-2024,West Ham United,Brighton and Hove Albion,0,3,1,12,25,3,10,9,10,4,17,3,0,3,3,2.3333333333333335,0.3333333333333333,0.75,2.5,-1.75
2023-09-01,2023-2024,West Ham United,Luton Town,0,2,1,9,16,3,1,13,8,6,9,1,0,3,1,3.0,0.0,0.75,0.25,0.5
2023-09-16,2023-2024,West Ham United,Manchester City,1,1,3,6,29,3,15,7,11,4,11,3,0,0,3,2.0,1.0,0.75,3.75,-3.0
2023-09-24,2023-2024,West Ham United,Liverpool,0,1,3,11,22,4,7,13,12,4,7,2,0,0,2,1.0,2.0,1.0,1.75,-0.75
2023-09-30,2023-2024,West Ham United,Sheffield United,1,2,0,20,16,9,2,6,9,7,4,1,0,3,1,1.0,2.0,2.25,0.5,1.75
2023-10-08,2023-2024,West Ham United,Newcastle United,1,2,2,5,10,3,3,11,18,4,2,3,0,1,3,1.3333333333333333,1.3333333333333333,0.75,0.75,0.0
2023-10-22,2023-2024,West Ham United,Aston Villa,0,1,4,14,15,4,7,15,9,7,8,1,0,0,1,1.3333333333333333,1.3333333333333333,1.0,1.75,-0.75
2023-10-29,2023-2024,West Ham United,Everton,1,0,1,12,10,2,4,7,11,4,3,4,0,0,4,0.3333333333333333,2.3333333333333335,0.5,1.0,-0.5
2023-11-04,2023-2024,West Ham United,Brentford,0,2,3,12,16,2,4,14,12,3,4,4,0,0,4,0.0,3.0,0.5,1.0,-0.5
2023-11-12,2023-2024,West Ham United,Nottingham Forest,1,3,2,16,10,6,5,9,12,9,4,2,0,3,2,1.0,2.0,1.5,1.25,0.25
2023-11-25,2023-2024,West Ham United,Burnley,0,2,1,11,11,3,5,7,11,5,4,3,0,3,3,2.0,1.0,0.75,1.25,-0.5
2023-12-03,2023-2024,West Ham United,Crystal Palace,1,1,1,9,9,3,2,17,7,2,3,2,0,1,2,2.3333333333333335,0.3333333333333333,0.75,0.5,0.25
2023-12-07,2023-2024,West Ham United,Tottenham Hotspur,0,2,1,11,23,5,7,12,11,4,8,3,0,3,3,2.3333333333333335,0.3333333333333333,1.25,1.75,-0.5
2023-12-10,2023-2024,West Ham United,Fulham,0,0,5,9,14,5,8,10,5,6,3,1,0,0,1,1.3333333333333333,1.3333333333333333,1.25,2.0,-0.75
2023-12-17,2023-2024,West Ham United,Wolverhampton Wanderers,1,3,0,13,14,4,3,12,15,6,6,3,0,3,3,2.0,1.0,1.0,0.75,0.25
2023-12-23,2023-2024,West Ham United,Manchester United,1,2,0,12,11,5,3,13,15,4,4,2,0,3,2,2.0,1.0,1.25,0.75,0.5
2023-12-28,2023-2024,West Ham United,Arsenal,0,2,0,6,30,3,8,8,8,3,10,0,0,3,0,3.0,0.0,0.75,2.0,-1.25
2024-01-02,2023-2024,West Ham United,Brighton and Hove Albion,1,0,0,6,22,2,8,4,6,2,0,1,0,1,1,2.3333333333333335,0.3333333333333333,0.5,2.0,-1.5
2024-01-21,2023-2024,West Ham United,Sheffield United,0,2,2,16,21,5,6,10,11,1,4,1,1,1,4,1.6666666666666667,0.6666666666666666,1.25,1.5,-0.25
2024-02-01,2023-2024,West Ham United,Bournemouth,1,1,1,9,9,3,4,13,11,1,5,1,0,1,1,1.0,1.0,0.75,1.0,-0.25
2024-02-04,2023-2024,West Ham United,Manchester United,0,0,3,22,12,3,5,5,10,8,5,1,0,0,1,0.6666666666666666,1.6666666666666667,0.75,1.25,-0.5
2024-02-11,2023-2024,West Ham United,Arsenal,1,0,6,5,25,1,12,17,11,2,6,4,0,0,4,0.3333333333333333,2.3333333333333335,0.25,3.0,-2.75
2024-02-17,2023-2024,West Ham United,Nottingham Forest,0,0,2,10,19,3,8,15,13,3,5,4,1,0,7,0.0,3.0,0.75,2.0,-1.25
2024-02-26,2023-2024,West Ham United,Brentford,1,4,2,17,14,6,8,5,9,1,7,1,0,3,1,1.0,2.0,1.5,2.0,-0.5
2024-03-02,2023-2024,West Ham United,Everton,0,3,1,12,22,5,11,6,9,5,4,2,0,3,2,2.0,1.0,1.25,2.75,-1.5
2024-03-10,2023-2024,West Ham United,Burnley,1,2,2,22,11,4,4,11,18,4,4,2,0,1,2,2.3333333333333335,0.3333333333333333,1.0,1.0,0.0
2024-03-17,2023-2024,West Ham United,Aston Villa,1,1,1,13,13,5,5,13,12,7,11,3,0,1,3,1.6666666666666667,0.6666666666666666,1.25,1.25,0.0
2024-03-30,2023-2024,West Ham United,Newcastle United,0,3,4,10,24,4,9,8,9,4,3,1,0,0,1,0.6666666666666666,1.6666666666666667,1.0,2.25,-1.25
2024-04-02,2023-2024,West Ham United,Tottenham Hotspur,1,1,1,11,13,4,4,13,9,9,5,1,0,1,1,0.6666666666666666,1.6666666666666667,1.0,1.0,0.0
2024-04-06,2023-2024,West Ham United,Wolverhampton Wanderers,0,2,1,11,14,4,7,7,15,4,4,2,0,3,2,1.3333333333333333,1.3333333333333333,1.0,1.75,-0.75
2024-04-14,2023-2024,West Ham United,Fulham,1,0,2,15,18,4,10,6,13,8,3,1,0,0,1,1.3333333333333333,1.3333333333333333,1.0,2.5,-1.5
2024-04-21,2023-2024,West Ham United,Crystal Palace,0,2,5,4,18,1,7,9,9,0,4,2,0,0,2,1.0,2.0,0.25,1.75,-1.5
2024-04-27,2023-2024,West Ham United,Liverpool,1,2,2,11,28,8,8,8,10,5,8,0,0,1,0,0.3333333333333333,2.3333333333333335,2.0,2.0,0.0
2024-05-05,2023-2024,West Ham United,Chelsea,0,0,5,13,25,2,14,10,12,6,8,3,0,0,3,0.3333333333333333,2.3333333333333335,0.5,3.5,-3.0
2024-05-11,2023-2024,West Ham United,Luton Town,1,3,1,24,4,8,1,9,15,7,6,1,0,3,1,1.3333333333333333,1.3333333333333333,2.0,0.25,1.75
2024-05-19,2023-2024,West Ham United,Manchester City,0,1,3,3,28,2,12,12,3,2,11,1,0,0,1,1.0,2.0,0.5,3.0,-2.5
2024-08-17,2024-2025,West Ham United,Aston Villa,1,1,2,14,15,3,3,18,11,5,3,1,0,0,1,1.0,2.0,0.75,0.75,0.0
2024-08-24,2024-2025,West Ham United,Crystal Palace,0,2,0,18,14,3,2,17,9,3,3,1,0,3,1,1.0,2.0,0.75,0.5,0.25
2024-08-31,2024-2025,West Ham United,Manchester City,1,1,3,10,23,2,8,10,3,3,11,3,0,0,3,1.0,2.0,0.5,2.0,-1.5
2024-09-14,2024-2025,West Ham United,Fulham,0,1,1,11,21,3,5,18,15,2,3,3,0,1,3,1.3333333333333333,1.3333333333333333,0.75,1.25,-0.5
2024-09-21,2024-2025,West Ham United,Chelsea,1,0,3,15,12,7,5,17,9,6,5,5,0,0,5,0.3333333333333333,2.3333333333333335,1.75,1.25,0.5
2024-09-28,2024-2025,West Ham United,Brentford,0,1,1,19,8,3,3,11,2,7,7,3,0,1,3,0.6666666666666666,1.6666666666666667,0.75,0.75,0.0
2024-10-05,2024-2025,West Ham United,Ipswich Town,1,4,1,23,9,13,2,12,6,5,5,0,0,3,0,1.3333333333333333,1.3333333333333333,3.25,0.5,2.75
2024-10-19,2024-2025,West Ham United,Tottenham Hotspur,0,1,4,11,22,4,7,15,10,5,13,3,1,0,6,1.3333333333333333,1.3333333333333333,1.0,1.75,-0.75
2024-10-27,2024-2025,West Ham United,Manchester United,1,2,1,12,18,3,5,6,7,6,5,5,0,3,5,2.0,1.0,0.75,1.25,-0.5
2024-11-02,2024-2025,West Ham United,Nottingham Forest,0,0,3,4,19,2,6,9,7,6,11,2,1,0,5,1.0,2.0,0.5,1.5,-1.0
2024-11-09,2024-2025,West Ham United,Everton,1,0,0,11,18,6,4,10,9,7,6,1,0,1,1,1.3333333333333333,1.3333333333333333,1.5,1.0,0.5
2024-11-25,2024-2025,West Ham United,Newcastle United,0,2,0,15,18,6,2,8,11,3,8,0,0,3,0,1.3333333333333333,1.3333333333333333,1.5,0.5,1.0
2024-11-30,2024-2025,West Ham United,Arsenal,1,2,5,12,16,5,7,10,13,2,10,4,0,0,4,1.3333333333333333,1.3333333333333333,1.25,1.75,-0.5
2024-12-03,2024-2025,West Ham United,Leicester City,0,1,3,31,8,10,6,7,9,9,3,2,0,0,2,1.0,2.0,2.5,1.5,1.0
2024-12-09,2024-2025,West Ham United,Wolverhampton Wanderers,1,2,1,19,19,4,5,12,17,11,0,5,0,3,5,1.0,2.0,1.0,1.25,-0.25
2024-12-16,2024-2025,West Ham United,Bournemouth,0,1,1,16,29,3,9,11,6,6,12,2,0,1,2,1.3333333333333333,1.3333333333333333,0.75,2.25,-1.5
2024-12-21,2024-2025,West Ham United,Brighton and Hove Albion,1,1,1,11,12,4,6,14,20,8,4,2,0,1,2,1.6666666666666667,0.6666666666666666,1.0,1.5,-0.5
2024-12-26,2024-2025,West Ham United,Southampton,0,1,0,16,18,2,5,8,15,2,2,2,0,3,2,1.6666666666666667,0.6666666666666666,0.5,1.25,-0.75
2024-12-29,2024-2025,West Ham United,Liverpool,1,0,5,7,22,0,13,7,10,3,6,0,0,0,0,1.3333333333333333,1.3333333333333333,0.0,3.25,-3.25
2025-01-04,2024-2025,West Ham United,Manchester City,0,1,4,17,10,4,7,13,8,1,7,1,0,0,1,1.0,2.0,1.0,1.75,-0.75
2025-01-14,2024-2025,West Ham United,Fulham,1,3,2,4,21,3,5,9,18,0,3,3,0,3,3,1.0,2.0,0.75,1.25,-0.5
2025-01-18,2024-2025,West Ham United,Crystal Palace,1,0,2,7,12,0,7,13,10,2,4,1,1,0,4,1.0,2.0,0.0,1.75,-1.75
2025-01-26,2024-2025,West Ham United,Aston Villa,0,1,1,14,14,4,4,16,13,3,4,3,0,1,3,1.3333333333333333,1.3333333333333333,1.0,1.0,0.0
2025-02-03,2024-2025,West Ham United,Chelsea,0,1,2,14,22,5,3,10,11,3,4,1,0,0,1,0.3333333333333333,2.3333333333333335,1.25,0.75,0.5
2025-02-15,2024-2025,West Ham United,Brentford,1,0,1,13,14,3,5,10,13,9,2,1,0,0,1,0.3333333333333333,2.3333333333333335,0.75,1.25,-0.5
2025-02-22,2024-2025,West Ham United,Arsenal,0,1,0,5,20,2,2,15,16,0,2,3,0,3,3,1.0,2.0,0.5,0.5,0.0
2025-02-27,2024-2025,West Ham United,Leicester City,1,2,0,8,10,2,2,12,6,3,3,0,0,3,0,2.0,1.0,0.5,0.5,0.0
2025-03-10,2024-2025,West Ham United,Newcastle United,1,0,1,9,9,2,3,7,15,3,4,0,0,0,0,2.0,1.0,0.5,0.75,-0.25
2025-03-15,2024-2025,West Ham United,Everton,0,1,1,10,13,5,5,8,12,5,6,2,0,1,2,1.3333333333333333,1.3333333333333333,1.25,1.25,0.0
2025-04-01,2024-2025,West Ham United,Wolverhampton Wanderers,0,0,1,10,9,1,2,12,16,2,1,2,0,0,2,0.3333333333333333,2.3333333333333335,0.25,0.5,-0.25
2025-04-05,2024-2025,West Ham United,Bournemouth,1,2,2,9,11,3,4,13,13,4,7,2,0,1,2,0.6666666666666666,1.6666666666666667,0.75,1.0,-0.25
2025-04-13,2024-2025,West Ham United,Liverpool,0,1,2,11,15,4,6,8,15,3,10,2,0,0,2,0.3333333333333333,2.3333333333333335,1.0,1.5,-0.5
2025-04-19,2024-2025,West Ham United,Southampton,1,1,1,12,15,4,4,14,13,2,5,2,0,1,2,0.6666666666666666,1.6666666666666667,1.0,1.0,0.0
2025-04-26,2024-2025,West Ham United,Brighton and Hove Albion,0,2,3,12,16,4,9,9,7,1,8,1,0,0,1,0.3333333333333333,2.3333333333333335,1.0,2.25,-1.25
2025-05-04,2024-2025,West Ham United,Tottenham Hotspur,1,1,1,11,7,2,2,18,15,1,3,2,0,1,2,0.6666666666666666,1.6666666666666667,0.5,0.5,0.0
2025-05-11,2024-2025,West Ham United,Manchester United,0,2,0,9,20,4,5,13,3,5,8,1,0,3,1,1.3333333333333333,1.3333333333333333,1.0,1.25,-0.25
2025-05-18,2024-2025,West Ham United,Nottingham Forest,1,1,2,16,10,5,5,14,7,8,7,6,0,0,6,1.3333333333333333,1.3333333333333333,1.25,1.25,0.0
2025-05-25,2024-2025,West Ham United,Ipswich Town,0,3,1,10,14,6,4,9,10,0,4,1,0,3,1,2.0,1.0,1.5,1.0,0.5
2025-08-16,2025-2026,West Ham United,Sunderland,0,0,3,12,10,4,5,10,8,7,5,1,0,0,1,1.0,2.0,1.0,1.25,-0.25
2025-08-22,2025-2026,West Ham United,Chelsea,1,1,5,12,12,4,7,7,10,7,5,0,0,0,0,1.0,2.0,1.0,1.75,-0.75
2025-08-31,2025-2026,West Ham United,Nottingham Forest,0,3,0,12,11,8,3,6,14,7,9,0,0,3,0,1.0,2.0,2.0,0.75,1.25
2025-09-13,2025-2026,West Ham United,Tottenham Hotspur,1,0,3,7,14,4,5,8,7,2,13,0,1,0,3,1.0,2.0,1.0,1.25,-0.25
2025-09-20,2025-2026,West Ham United,Crystal Palace,1,1,2,8,18,3,3,15,5,8,8,3,0,0,3,1.0,2.0,0.75,0.75,0.0
2025-09-29,2025-2026,West Ham United,Everton,0,1,1,14,12,3,6,16,7,5,3,4,0,1,4,0.3333333333333333,2.3333333333333335,0.75,1.5,-0.75
2025-10-04,2025-2026,West Ham United,Arsenal,0,0,2,4,21,0,5,14,14,3,8,2,0,0,2,0.3333333333333333,2.3333333333333335,0.0,1.25,-1.25
2025-10-20,2025-2026,West Ham United,Brentford,1,0,2,7,22,1,7,10,10,6,10,1,0,0,1,0.3333333333333333,2.3333333333333335,0.25,1.75,-1.5
2025-10-24,2025-2026,West Ham United,Leeds United,0,1,2,9,13,3,5,11,12,4,3,3,0,0,3,0.0,3.0,0.75,1.25,-0.5
2025-11-02,2025-2026,West Ham United,Newcastle United,1,3,1,15,12,9,4,5,10,7,6,1,0,3,1,1.0,2.0,2.25,1.0,1.25
2025-11-08,2025-2026,West Ham United,Burnley,1,3,2,15,16,6,7,15,13,7,4,2,0,3,2,2.0,1.0,1.5,1.75,-0.25
2020-09-14,2020-2021,Wolverhampton Wanderers,Sheffield United,0,2,0,11,9,4,2,7,13,5,12,1,0,3,1,3.0,0.0,1.0,0.5,0.5
2020-09-21,2020-2021,Wolverhampton Wanderers,Manchester City,1,1,3,10,14,1,9,6,8,4,6,0,0,0,0,1.5,1.5,0.25,2.25,-2.0
2020-09-27,2020-2021,Wolverhampton Wanderers,West Ham United,0,0,4,11,15,2,7,11,7,3,1,1,0,0,1,1.0,2.0,0.5,1.75,-1.25
2020-10-04,2020-2021,Wolverhampton Wanderers,Fulham,1,1,0,14,10,5,2,15,8,6,2,1,0,3,1,1.0,2.0,1.25,0.5,0.75
2020-10-19,2020-2021,Wolverhampton Wanderers,Leeds United,0,1,0,7,13,3,2,12,13,3,8,1,0,3,1,2.0,1.0,0.75,0.5,0.25
2020-10-25,2020-2021,Wolverhampton Wanderers,Newcastle United,1,1,1,16,5,3,2,10,10,2,3,0,0,1,0,2.3333333333333335,0.3333333333333333,0.75,0.5,0.25
2020-10-30,2020-2021,Wolverhampton Wanderers,Crystal Palace,1,2,0,15,11,5,2,13,4,7,6,0,0,3,0,2.3333333333333335,0.3333333333333333,1.25,0.5,0.75
2020-11-08,2020-2021,Wolverhampton Wanderers,Leicester City,0,0,1,7,10,2,3,8,12,3,6,3,0,0,3,1.3333333333333333,1.3333333333333333,0.5,0.75,-0.25
2020-11-23,2020-2021,Wolverhampton Wanderers,Southampton,1,1,1,20,7,9,2,14,13,7,4,2,0,1,2,1.3333333333333333,1.3333333333333333,2.25,0.5,1.75
2020-11-29,2020-2021,Wolverhampton Wanderers,Arsenal,0,2,1,11,13,5,2,13,13,4,8,4,0,3,4,1.3333333333333333,1.3333333333333333,1.25,0.5,0.75
2020-12-06,2020-2021,Wolverhampton Wanderers,Liverpool,0,0,4,9,11,3,6,14,8,6,4,1,0,0,1,1.3333333333333333,1.3333333333333333,0.75,1.5,-0.75
2020-12-12,2020-2021,Wolverhampton Wanderers,Aston Villa,1,0,1,16,13,7,2,23,15,5,8,2,0,0,2,1.0,2.0,1.75,0.5,1.25
2020-12-15,2020-2021,Wolverhampton Wanderers,Chelsea,1,2,1,12,13,4,3,12,12,5,6,2,0,3,2,1.0,2.0,1.0,0.75,0.25
2020-12-21,2020-2021,Wolverhampton Wanderers,Burnley,0,1,2,15,10,3,4,15,11,7,1,1,0,0,1,1.0,2.0,0.75,1.0,-0.25
2020-12-27,2020-2021,Wolverhampton Wanderers,Tottenham Hotspur,1,1,1,11,6,6,3,20,13,9,2,4,0,1,4,1.3333333333333333,1.3333333333333333,1.5,0.75,0.75
2020-12-29,2020-2021,Wolverhampton Wanderers,Manchester United,0,0,1,9,11,5,3,7,11,2,2,1,0,0,1,0.3333333333333333,2.3333333333333335,1.25,0.75,0.5
2021-01-02,2020-2021,Wolverhampton Wanderers,Brighton and Hove Albion,0,3,3,11,13,4,4,8,13,8,5,1,0,1,1,0.6666666666666666,1.6666666666666667,1.0,1.0,0.0
2021-01-12,2020-2021,Wolverhampton Wanderers,Everton,1,1,2,12,5,3,3,6,11,6,5,2,0,0,2,0.3333333333333333,2.3333333333333335,0.75,0.75,0.0
2021-01-16,2020-2021,Wolverhampton Wanderers,West Brom,1,2,3,23,12,6,5,10,14,11,0,2,0,0,2,0.3333333333333333,2.3333333333333335,1.5,1.25,0.25
2021-01-27,2020-2021,Wolverhampton Wanderers,Chelsea,0,0,0,4,14,0,5,7,14,1,13,1,0,1,1,0.3333333333333333,2.3333333333333335,0.0,1.25,-1.25
2021-01-30,2020-2021,Wolverhampton Wanderers,Crystal Palace,0,0,1,6,11,4,2,10,7,6,1,2,0,0,2,0.3333333333333333,2.3333333333333335,1.0,0.5,0.5
2021-02-02,2020-2021,Wolverhampton Wanderers,Arsenal,1,2,1,11,9,7,3,11,8,9,6,3,0,3,3,1.3333333333333333,1.3333333333333333,1.75,0.75,1.0
2021-02-07,2020-2021,Wolverhampton Wanderers,Leicester City,1,0,0,13,13,1,3,11,15,8,2,1,0,1,1,1.3333333333333333,1.3333333333333333,0.25,0.75,-0.5
2021-02-14,2020-2021,Wolverhampton Wanderers,Southampton,0,2,1,10,7,4,3,9,10,6,4,2,0,3,2,2.3333333333333335,0.3333333333333333,1.0,0.75,0.25
2021-02-19,2020-2021,Wolverhampton Wanderers,Leeds United,1,1,0,15,18,5,7,13,8,7,9,1,0,3,1,2.3333333333333335,0.3333333333333333,1.25,1.75,-0.5
2021-02-27,2020-2021,Wolverhampton Wanderers,Newcastle United,0,1,1,14,19,4,7,13,11,5,3,0,0,1,0,2.3333333333333335,0.3333333333333333,1.0,1.75,-0.75
2021-03-02,2020-2021,Wolverhampton Wanderers,Manchester City,0,1,4,6,22,1,10,5,9,2,10,1,0,0,1,1.3333333333333333,1.3333333333333333,0.25,2.5,-2.25
2021-03-06,2020-2021,Wolverhampton Wanderers,Aston Villa,0,0,0,10,9,2,1,13,13,3,5,0,0,1,0,0.6666666666666666,1.6666666666666667,0.5,0.25,0.25
2021-03-15,2020-2021,Wolverhampton Wanderers,Liverpool,1,0,1,10,12,5,4,17,10,3,2,2,0,0,2,0.3333333333333333,2.3333333333333335,1.25,1.0,0.25
2021-04-05,2020-2021,Wolverhampton Wanderers,West Ham United,1,2,3,20,9,5,6,9,9,4,2,1,0,0,1,0.3333333333333333,2.3333333333333335,1.25,1.5,-0.25
2021-04-09,2020-2021,Wolverhampton Wanderers,Fulham,0,1,0,7,14,3,3,8,11,4,3,0,0,3,0,1.0,2.0,0.75,0.75,0.0
2021-04-17,2020-2021,Wolverhampton Wanderers,Sheffield United,1,1,0,10,8,5,2,8,15,3,3,1,0,3,1,2.0,1.0,1.25,0.5,0.75
2021-04-25,2020-2021,Wolverhampton Wanderers,Burnley,1,0,4,12,14,2,7,8,9,8,5,1,0,0,1,2.0,1.0,0.5,1.75,-1.25
2021-05-03,2020-2021,Wolverhampton Wanderers,West Brom,0,1,1,20,10,10,4,11,17,6,5,0,0,1,0,1.3333333333333333,1.3333333333333333,2.5,1.0,1.5
2021-05-09,2020-2021,Wolverhampton Wanderers,Brighton and Hove Albion,1,2,1,16,5,6,3,12,7,10,5,2,0,3,2,1.3333333333333333,1.3333333333333333,1.5,0.75,0.75
2021-05-16,2020-2021,Wolverhampton Wanderers,Tottenham Hotspur,0,0,2,15,24,3,13,11,8,3,10,0,0,0,0,1.3333333333333333,1.3333333333333333,0.75,3.25,-2.5
2021-05-19,2020-2021,Wolverhampton Wanderers,Everton,0,0,1,9,14,3,4,11,11,12,7,2,0,0,2,1.0,2.0,0.75,1.0,-0.25
2021-05-23,2020-2021,Wolverhampton Wanderers,Manchester United,1,1,2,14,9,4,4,14,3,6,2,4,0,0,4,0.0,3.0,1.0,1.0,0.0
2021-08-14,2021-2022,Wolverhampton Wanderers,Leicester City,0,0,1,17,9,3,5,10,6,4,5,2,0,0,2,0.0,3.0,0.75,1.25,-0.5
2021-08-22,2021-2022,Wolverhampton Wanderers,Tottenham Hotspur,1,0,1,25,8,6,6,9,7,5,4,1,0,0,1,0.0,3.0,1.5,1.5,0.0
2021-08-29,2021-2022,Wolverhampton Wanderers,Manchester United,1,0,1,15,10,6,3,7,9,5,7,3,0,0,3,0.0,3.0,1.5,0.75,0.75
2021-09-11,2021-2022,Wolverhampton Wanderers,Watford,0,2,0,14,6,5,2,13,15,8,6,3,0,3,3,1.0,2.0,1.25,0.5,0.75
2021-09-18,2021-2022,Wolverhampton Wanderers,Brentford,1,0,2,11,9,0,3,10,7,4,2,4,0,0,4,1.0,2.0,0.0,0.75,-0.75
2021-09-26,2021-2022,Wolverhampton Wanderers,Southampton,0,1,0,5,18,3,6,8,12,5,5,0,0,3,0,2.0,1.0,0.75,1.5,-0.75
2021-10-02,2021-2022,Wolverhampton Wanderers,Newcastle United,1,2,1,7,8,3,2,15,5,0,4,0,0,3,0,2.0,1.0,0.75,0.5,0.25
2021-10-16,2021-2022,Wolverhampton Wanderers,Aston Villa,0,3,2,9,14,4,5,17,8,7,6,3,0,3,3,3.0,0.0,1.0,1.25,-0.25
2021-10-23,2021-2022,Wolverhampton Wanderers,Leeds United,0,1,1,8,18,4,4,14,15,3,6,3,0,1,3,2.3333333333333335,0.3333333333333333,1.0,1.0,0.0
2021-11-01,2021-2022,Wolverhampton Wanderers,Everton,1,2,1,10,14,4,5,10,8,4,3,1,0,3,1,2.3333333333333335,0.3333333333333333,1.0,1.25,-0.25
2021-11-06,2021-2022,Wolverhampton Wanderers,Crystal Palace,0,0,2,4,13,2,6,13,14,6,4,1,0,0,1,1.3333333333333333,1.3333333333333333,0.5,1.5,-1.0
2021-11-20,2021-2022,Wolverhampton Wanderers,West Ham United,1,1,0,15,8,5,3,6,9,7,3,1,0,3,1,2.0,1.0,1.25,0.75,0.5
2021-11-27,2021-2022,Wolverhampton Wanderers,Norwich City,0,0,0,5,14,2,4,10,11,3,4,2,0,1,2,1.3333333333333333,1.3333333333333333,0.5,1.0,-0.5
2021-12-01,2021-2022,Wolverhampton Wanderers,Burnley,1,0,0,16,6,2,1,5,7,5,5,2,0,1,2,1.6666666666666667,0.6666666666666666,0.5,0.25,0.25
2021-12-04,2021-2022,Wolverhampton Wanderers,Liverpool,1,0,1,3,17,1,5,4,7,2,8,2,0,0,2,0.6666666666666666,1.6666666666666667,0.25,1.25,-1.0
2021-12-11,2021-2022,Wolverhampton Wanderers,Manchester City,0,0,1,2,24,1,10,5,12,1,14,2,1,0,5,0.3333333333333333,2.3333333333333335,0.25,2.5,-2.25
2021-12-15,2021-2022,Wolverhampton Wanderers,Brighton and Hove Albion,0,1,0,8,12,5,2,14,11,4,7,0,0,3,0,1.0,2.0,1.25,0.5,0.75
2021-12-19,2021-2022,Wolverhampton Wanderers,Chelsea,1,0,0,4,8,1,1,9,7,4,9,0,0,1,0,1.3333333333333333,1.3333333333333333,0.25,0.25,0.0
2022-01-03,2021-2022,Wolverhampton Wanderers,Manchester United,0,1,0,19,9,6,2,8,9,8,3,1,0,3,1,2.3333333333333335,0.3333333333333333,1.5,0.5,1.0
2022-01-15,2021-2022,Wolverhampton Wanderers,Southampton,1,3,1,9,13,5,10,13,14,2,10,2,0,3,2,2.3333333333333335,0.3333333333333333,1.25,2.5,-1.25
2022-01-22,2021-2022,Wolverhampton Wanderers,Brentford,0,2,1,7,11,2,1,7,6,3,6,3,0,3,3,3.0,0.0,0.5,0.25,0.25
2022-02-10,2021-2022,Wolverhampton Wanderers,Arsenal,1,0,1,15,12,4,2,12,13,7,4,2,0,0,2,2.0,1.0,1.0,0.5,0.5
2022-02-13,2021-2022,Wolverhampton Wanderers,Tottenham Hotspur,0,2,0,11,17,7,7,13,13,3,7,1,0,3,1,2.0,1.0,1.75,1.75,0.0
2022-02-20,2021-2022,Wolverhampton Wanderers,Leicester City,1,2,1,11,17,3,7,12,9,7,10,4,0,3,4,2.0,1.0,0.75,1.75,-1.0
2022-02-24,2021-2022,Wolverhampton Wanderers,Arsenal,0,1,2,6,26,2,5,9,8,4,5,1,0,0,1,2.0,1.0,0.5,1.25,-0.75
2022-02-27,2021-2022,Wolverhampton Wanderers,West Ham United,0,0,1,14,13,1,4,2,8,5,3,0,0,0,0,1.0,2.0,0.25,1.0,-0.75
2022-03-05,2021-2022,Wolverhampton Wanderers,Crystal Palace,1,0,2,12,12,5,8,13,8,7,7,0,0,0,0,0.0,3.0,1.25,2.0,-0.75
2022-03-10,2021-2022,Wolverhampton Wanderers,Watford,1,4,0,10,9,5,0,11,10,5,2,2,0,3,2,1.0,2.0,1.25,0.0,1.25
2022-03-13,2021-2022,Wolverhampton Wanderers,Everton,0,1,0,14,8,3,2,11,13,2,5,1,0,3,1,2.0,1.0,0.75,0.5,0.25
2022-03-18,2021-2022,Wolverhampton Wanderers,Leeds United,1,2,3,14,15,8,6,13,14,2,5,1,1,0,4,2.0,1.0,2.0,1.5,0.5
2022-04-02,2021-2022,Wolverhampton Wanderers,Aston Villa,1,2,1,11,15,5,5,15,8,4,9,4,0,3,4,2.0,1.0,1.25,1.25,0.0
2022-04-08,2021-2022,Wolverhampton Wanderers,Newcastle United,0,0,1,5,12,2,4,13,6,2,1,1,0,0,1,1.0,2.0,0.5,1.0,-0.5
2022-04-24,2021-2022,Wolverhampton Wanderers,Burnley,0,0,1,10,14,4,5,7,8,6,3,1,0,0,1,1.0,2.0,1.0,1.25,-0.25
2022-04-30,2021-2022,Wolverhampton Wanderers,Brighton and Hove Albion,1,0,3,11,17,1,9,6,4,7,3,2,0,0,2,0.0,3.0,0.25,2.25,-2.0
2022-05-07,2021-2022,Wolverhampton Wanderers,Chelsea,0,2,2,14,19,4,6,11,7,3,9,3,0,1,3,0.3333333333333333,2.3333333333333335,1.0,1.5,-0.5
2022-05-11,2021-2022,Wolverhampton Wanderers,Manchester City,1,1,5,7,16,3,5,2,10,6,2,0,0,0,0,0.3333333333333333,2.3333333333333335,0.75,1.25,-0.5
2022-05-15,2021-2022,Wolverhampton Wanderers,Norwich City,1,1,1,17,11,4,2,5,10,5,3,0,0,1,0,0.6666666666666666,1.6666666666666667,1.0,0.5,0.5
2022-05-22,2021-2022,Wolverhampton Wanderers,Liverpool,0,1,3,7,29,5,8,3,6,3,5,0,0,0,0,0.3333333333333333,2.3333333333333335,1.25,2.0,-0.75
2022-08-06,2022-2023,Wolverhampton Wanderers,Leeds United,0,1,2,15,12,6,4,9,13,4,6,0,0,0,0,0.3333333333333333,2.3333333333333335,1.5,1.0,0.5
2022-08-13,2022-2023,Wolverhampton Wanderers,Fulham,1,0,0,7,9,1,3,7,14,5,3,3,0,1,3,0.3333333333333333,2.3333333333333335,0.25,0.75,-0.5
2022-08-20,2022-2023,Wolverhampton Wanderers,Tottenham Hotspur,0,0,1,20,11,3,4,8,10,6,8,2,0,0,2,0.3333333333333333,2.3333333333333335,0.75,1.0,-0.25
2022-08-28,2022-2023,Wolverhampton Wanderers,Newcastle United,1,1,1,10,21,4,6,10,11,4,13,2,0,1,2,0.6666666666666666,1.6666666666666667,1.0,1.5,-0.5
2022-08-31,2022-2023,Wolverhampton Wanderers,Bournemouth,0,0,0,17,5,4,2,12,12,5,2,1,0,1,1,0.6666666666666666,1.6666666666666667,1.0,0.5,0.5
2022-09-03,2022-2023,Wolverhampton Wanderers,Southampton,1,1,0,7,12,2,1,10,14,5,6,4,0,3,4,1.6666666666666667,0.6666666666666666,0.5,0.25,0.25
2022-09-17,2022-2023,Wolverhampton Wanderers,Manchester City,1,0,3,6,16,1,7,7,9,5,7,2,1,0,5,1.3333333333333333,1.3333333333333333,0.25,1.75,-1.5
2022-10-01,2022-2023,Wolverhampton Wanderers,West Ham United,0,0,2,15,18,4,5,6,8,6,1,2,0,0,2,1.0,2.0,1.0,1.25,-0.25
2022-10-08,2022-2023,Wolverhampton Wanderers,Chelsea,0,0,3,8,20,2,7,8,8,2,4,0,0,0,0,0.0,3.0,0.5,1.75,-1.25
2022-10-15,2022-2023,Wolverhampton Wanderers,Nottingham Forest,1,1,0,9,10,2,2,17,13,4,5,2,0,3,2,1.0,2.0,0.5,0.5,0.0
2022-10-18,2022-2023,Wolverhampton Wanderers,Crystal Palace,0,1,2,10,14,4,4,18,14,3,4,1,0,0,1,1.0,2.0,1.0,1.0,0.0
2022-10-23,2022-2023,Wolverhampton Wanderers,Leicester City,1,0,4,21,5,5,4,10,13,9,2,2,0,0,2,1.0,2.0,1.25,1.0,0.25
2022-10-29,2022-2023,Wolverhampton Wanderers,Brentford,0,1,1,14,12,4,3,17,10,6,3,3,1,1,6,0.3333333333333333,2.3333333333333335,1.0,0.75,0.25
2022-11-05,2022-2023,Wolverhampton Wanderers,Brighton and Hove Albion,1,2,3,8,19,5,8,15,11,4,9,2,1,0,5,0.3333333333333333,2.3333333333333335,1.25,2.0,-0.75
2022-11-12,2022-2023,Wolverhampton Wanderers,Arsenal,1,0,2,11,14,2,4,5,6,6,4,3,0,0,3,0.3333333333333333,2.3333333333333335,0.5,1.0,-0.5
2022-12-26,2022-2023,Wolverhampton Wanderers,Everton,0,2,1,7,12,4,6,22,9,2,2,6,0,3,6,1.0,2.0,1.0,1.5,-0.5
2022-12-31,2022-2023,Wolverhampton Wanderers,Manchester United,1,0,1,10,16,3,6,11,11,7,5,1,0,0,1,1.0,2.0,0.75,1.5,-0.75
2023-01-04,2022-2023,Wolverhampton Wanderers,Aston Villa,0,1,1,10,13,3,4,12,6,8,7,3,0,1,3,1.3333333333333333,1.3333333333333333,0.75,1.0,-0.25
2023-01-14,2022-2023,Wolverhampton Wanderers,West Ham United,1,1,0,17,16,4,4,10,7,4,3,0,0,3,0,1.3333333333333333,1.3333333333333333,1.0,1.0,0.0
2023-01-22,2022-2023,Wolverhampton Wanderers,Manchester City,0,0,3,10,13,1,7,10,10,7,5,2,0,0,2,1.3333333333333333,1.3333333333333333,0.25,1.75,-1.5
2023-02-04,2022-2023,Wolverhampton Wanderers,Liverpool,1,3,0,12,22,6,4,9,7,2,7,1,0,3,1,2.0,1.0,1.5,1.0,0.5
2023-02-11,2022-2023,Wolverhampton Wanderers,Southampton,0,2,1,11,17,2,2,14,12,2,5,2,1,3,5,2.0,1.0,0.5,0.5,0.0
2023-02-18,2022-2023,Wolverhampton Wanderers,Bournemouth,1,0,1,15,5,4,1,12,10,12,2,3,0,0,3,2.0,1.0,1.0,0.25,0.75
2023-02-24,2022-2023,Wolverhampton Wanderers,Fulham,0,1,1,8,10,2,5,17,12,3,4,0,0,1,0,1.3333333333333333,1.3333333333333333,0.5,1.25,-0.75
2023-03-01,2022-2023,Wolverhampton Wanderers,Liverpool,0,0,2,4,15,1,6,14,13,2,5,3,0,0,3,0.3333333333333333,2.3333333333333335,0.25,1.5,-1.25
2023-03-04,2022-2023,Wolverhampton Wanderers,Tottenham Hotspur,1,1,0,8,21,5,6,11,18,4,8,1,0,3,1,1.3333333333333333,1.3333333333333333,1.25,1.5,-0.25
2023-03-12,2022-2023,Wolverhampton Wanderers,Newcastle United,0,1,2,7,19,4,8,10,11,3,10,2,0,0,2,1.0,2.0,1.0,2.0,-1.0
2023-03-18,2022-2023,Wolverhampton Wanderers,Leeds United,1,2,4,23,11,8,4,15,9,5,4,3,1,0,6,1.0,2.0,2.0,1.0,1.0
2023-04-01,2022-2023,Wolverhampton Wanderers,Nottingham Forest,0,1,1,8,17,1,7,13,14,3,4,5,0,1,5,0.3333333333333333,2.3333333333333335,0.25,1.75,-1.5
2023-04-08,2022-2023,Wolverhampton Wanderers,Chelsea,1,1,0,9,13,4,1,14,10,8,8,2,0,3,2,1.3333333333333333,1.3333333333333333,1.0,0.25,0.75
2023-04-15,2022-2023,Wolverhampton Wanderers,Brentford,1,2,0,11,10,9,3,12,8,5,2,1,0,3,1,2.3333333333333335,0.3333333333333333,2.25,0.75,1.5
2023-04-22,2022-2023,Wolverhampton Wanderers,Leicester City,0,1,2,16,15,3,8,16,17,7,1,3,0,0,3,2.0,1.0,0.75,2.0,-1.25
2023-04-25,2022-2023,Wolverhampton Wanderers,Crystal Palace,1,2,0,9,14,3,4,13,14,6,11,5,0,3,5,2.0,1.0,0.75,1.0,-0.25
2023-04-29,2022-2023,Wolverhampton Wanderers,Brighton and Hove Albion,0,0,6,10,22,2,8,11,14,5,2,1,0,0,1,1.0,2.0,0.5,2.0,-1.5
2023-05-06,2022-2023,Wolverhampton Wanderers,Aston Villa,1,1,0,6,16,2,3,20,9,5,6,3,0,3,3,2.0,1.0,0.5,0.75,-0.25
2023-05-13,2022-2023,Wolverhampton Wanderers,Manchester United,0,0,2,5,27,0,9,9,9,7,11,2,0,0,2,1.0,2.0,0.0,2.25,-2.25
2023-05-20,2022-2023,Wolverhampton Wanderers,Everton,1,1,1,13,19,5,4,18,10,1,7,5,0,1,5,1.3333333333333333,1.3333333333333333,1.25,1.0,0.25
2023-05-28,2022-2023,Wolverhampton Wanderers,Arsenal,0,0,5,6,14,0,8,11,8,4,8,0,0,0,0,0.3333333333333333,2.3333333333333335,0.0,2.0,-2.0
2023-08-14,2023-2024,Wolverhampton Wanderers,Manchester United,0,0,1,23,15,6,3,10,14,7,8,3,0,0,3,0.3333333333333333,2.3333333333333335,1.5,0.75,0.75
2023-08-19,2023-2024,Wolverhampton Wanderers,Brighton and Hove Albion,1,1,4,16,16,5,8,14,11,5,3,3,1,0,6,0.0,3.0,1.25,2.0,-0.75
2023-08-26,2023-2024,Wolverhampton Wanderers,Everton,0,1,0,11,15,2,7,14,10,0,7,4,0,3,4,1.0,2.0,0.5,1.75,-1.25
2023-09-03,2023-2024,Wolverhampton Wanderers,Crystal Palace,0,2,3,12,16,4,11,12,12,2,4,3,0,0,3,1.0,2.0,1.0,2.75,-1.75
2023-09-16,2023-2024,Wolverhampton Wanderers,Liverpool,1,1,3,11,16,2,6,10,4,4,4,1,0,0,1,1.0,2.0,0.5,1.5,-1.0
2023-09-23,2023-2024,Wolverhampton Wanderers,Luton Town,0,1,1,3,20,3,4,17,12,1,10,2,1,1,5,0.3333333333333333,2.3333333333333335,0.75,1.0,-0.25
2023-09-30,2023-2024,Wolverhampton Wanderers,Manchester City,1,2,1,3,23,1,8,18,12,0,6,5,0,3,5,1.3333333333333333,1.3333333333333333,0.25,2.0,-1.75
2023-10-08,2023-2024,Wolverhampton Wanderers,Aston Villa,1,1,1,8,18,3,4,19,9,2,10,2,1,1,5,1.6666666666666667,0.6666666666666666,0.75,1.0,-0.25
2023-10-21,2023-2024,Wolverhampton Wanderers,Bournemouth,0,2,1,20,7,7,4,10,15,12,3,6,0,3,6,2.3333333333333335,0.3333333333333333,1.75,1.0,0.75
2023-10-28,2023-2024,Wolverhampton Wanderers,Newcastle United,1,2,2,11,13,6,5,13,15,8,7,1,0,1,1,1.6666666666666667,0.6666666666666666,1.5,1.25,0.25
2023-11-04,2023-2024,Wolverhampton Wanderers,Sheffield United,0,1,2,10,11,3,2,10,13,4,4,3,0,0,3,1.3333333333333333,1.3333333333333333,0.75,0.5,0.25
2023-11-11,2023-2024,Wolverhampton Wanderers,Tottenham Hotspur,1,2,1,17,6,4,2,19,15,11,3,4,0,3,4,1.3333333333333333,1.3333333333333333,1.0,0.5,0.5
2023-11-27,2023-2024,Wolverhampton Wanderers,Fulham,0,2,3,10,12,6,6,13,13,2,6,2,0,0,2,1.0,2.0,1.5,1.5,0.0
2023-12-02,2023-2024,Wolverhampton Wanderers,Arsenal,0,1,2,6,19,3,6,10,10,0,4,2,0,0,2,1.0,2.0,0.75,1.5,-0.75
2023-12-05,2023-2024,Wolverhampton Wanderers,Burnley,1,1,0,7,12,4,3,11,15,6,8,2,0,3,2,1.0,2.0,1.0,0.75,0.25
2023-12-09,2023-2024,Wolverhampton Wanderers,Nottingham Forest,1,1,1,10,8,4,2,9,11,4,3,0,0,1,0,1.3333333333333333,1.3333333333333333,1.0,0.5,0.5
2023-12-17,2023-2024,Wolverhampton Wanderers,West Ham United,0,0,3,14,13,3,4,15,12,6,6,1,0,0,1,1.3333333333333333,1.3333333333333333,0.75,1.0,-0.25
2023-12-24,2023-2024,Wolverhampton Wanderers,Chelsea,1,2,1,14,16,6,5,11,9,10,6,3,0,3,3,1.3333333333333333,1.3333333333333333,1.5,1.25,0.25
2023-12-27,2023-2024,Wolverhampton Wanderers,Brentford,0,4,1,11,14,5,4,14,5,2,8,1,0,3,1,2.0,1.0,1.25,1.0,0.25
2023-12-30,2023-2024,Wolverhampton Wanderers,Everton,1,3,0,12,10,6,0,9,14,5,2,2,0,3,2,3.0,0.0,1.5,0.0,1.5
2024-01-22,2023-2024,Wolverhampton Wanderers,Brighton and Hove Albion,0,0,0,8,11,3,4,13,10,2,8,4,0,1,4,2.3333333333333335,0.3333333333333333,0.75,1.0,-0.25
2024-02-01,2023-2024,Wolverhampton Wanderers,Manchester United,1,3,4,16,21,7,8,10,10,4,5,2,0,0,2,1.3333333333333333,1.3333333333333333,1.75,2.0,-0.25
2024-02-04,2023-2024,Wolverhampton Wanderers,Chelsea,0,4,2,14,15,7,6,11,15,1,10,2,0,3,2,1.3333333333333333,1.3333333333333333,1.75,1.5,0.25
2024-02-10,2023-2024,Wolverhampton Wanderers,Brentford,1,0,2,17,9,5,6,11,9,7,4,2,0,0,2,1.0,2.0,1.25,1.5,-0.25
2024-02-17,2023-2024,Wolverhampton Wanderers,Tottenham Hotspur,0,2,1,12,15,7,4,13,8,4,10,1,0,3,1,2.0,1.0,1.75,1.0,0.75
2024-02-25,2023-2024,Wolverhampton Wanderers,Sheffield United,1,1,0,13,12,2,4,8,4,5,6,2,0,3,2,2.0,1.0,0.5,1.0,-0.5
2024-03-02,2023-2024,Wolverhampton Wanderers,Newcastle United,0,0,3,12,14,3,7,11,8,5,3,1,0,0,1,2.0,1.0,0.75,1.75,-1.0
2024-03-09,2023-2024,Wolverhampton Wanderers,Fulham,1,2,1,8,23,3,6,7,11,3,4,2,0,3,2,2.0,1.0,0.75,1.5,-0.75
2024-03-30,2023-2024,Wolverhampton Wanderers,Aston Villa,0,0,2,13,11,3,5,19,11,4,5,4,0,0,4,1.0,2.0,0.75,1.25,-0.5
2024-04-02,2023-2024,Wolverhampton Wanderers,Burnley,0,1,1,8,13,2,6,12,10,4,7,2,0,1,2,1.3333333333333333,1.3333333333333333,0.5,1.5,-1.0
2024-04-06,2023-2024,Wolverhampton Wanderers,West Ham United,1,1,2,14,11,7,4,15,7,4,4,5,0,0,5,0.3333333333333333,2.3333333333333335,1.75,1.0,0.75
2024-04-13,2023-2024,Wolverhampton Wanderers,Nottingham Forest,0,2,2,11,18,4,9,10,15,1,10,3,0,1,3,0.6666666666666666,1.6666666666666667,1.0,2.25,-1.25
2024-04-20,2023-2024,Wolverhampton Wanderers,Arsenal,1,0,2,5,24,3,9,14,9,1,2,3,0,0,3,0.3333333333333333,2.3333333333333335,0.75,2.25,-1.5
2024-04-24,2023-2024,Wolverhampton Wanderers,Bournemouth,1,0,1,15,21,4,6,10,17,8,12,4,0,0,4,0.3333333333333333,2.3333333333333335,1.0,1.5,-0.5
2024-04-27,2023-2024,Wolverhampton Wanderers,Luton Town,1,2,1,13,9,5,6,14,14,4,4,3,0,3,3,1.0,2.0,1.25,1.5,-0.25
2024-05-04,2023-2024,Wolverhampton Wanderers,Manchester City,0,1,5,2,20,1,12,17,4,0,6,4,0,0,4,1.0,2.0,0.25,3.0,-2.75
2024-05-11,2023-2024,Wolverhampton Wanderers,Crystal Palace,1,1,3,13,13,7,3,13,12,8,3,3,0,0,3,1.0,2.0,1.75,0.75,1.0
2024-05-19,2023-2024,Wolverhampton Wanderers,Liverpool,0,0,2,4,36,3,14,11,14,2,10,1,1,0,4,0.0,3.0,0.75,3.5,-2.75
2024-08-17,2024-2025,Wolverhampton Wanderers,Arsenal,0,0,2,9,18,3,6,14,17,2,8,2,0,0,2,0.0,3.0,0.75,1.5,-0.75
2024-08-25,2024-2025,Wolverhampton Wanderers,Chelsea,1,2,6,12,14,4,8,13,13,5,5,2,0,0,2,0.0,3.0,1.0,2.0,-1.0
2024-08-31,2024-2025,Wolverhampton Wanderers,Nottingham Forest,0,1,1,11,16,3,5,18,15,3,7,4,0,1,4,0.3333333333333333,2.3333333333333335,0.75,1.25,-0.5
2024-09-15,2024-2025,Wolverhampton Wanderers,Newcastle United,1,1,2,12,14,5,6,17,6,4,7,3,0,0,3,0.3333333333333333,2.3333333333333335,1.25,1.5,-0.25
2024-09-21,2024-2025,Wolverhampton Wanderers,Aston Villa,0,1,3,10,9,4,4,16,11,5,6,6,0,0,6,0.3333333333333333,2.3333333333333335,1.0,1.0,0.0
2024-09-28,2024-2025,Wolverhampton Wanderers,Liverpool,1,1,2,8,10,3,6,16,8,2,10,2,0,0,2,0.0,3.0,0.75,1.5,-0.75
2024-10-05,2024-2025,Wolverhampton Wanderers,Brentford,0,3,5,17,19,6,12,10,9,3,10,3,0,0,3,0.0,3.0,1.5,3.0,-1.5
2024-10-20,2024-2025,Wolverhampton Wanderers,Manchester City,1,1,2,3,22,2,7,8,5,1,18,4,0,0,4,0.0,3.0,0.5,1.75,-1.25
2024-10-26,2024-2025,Wolverhampton Wanderers,Brighton and Hove Albion,0,2,2,14,19,7,6,10,12,6,9,3,0,1,3,0.3333333333333333,2.3333333333333335,1.75,1.5,0.25
2024-11-02,2024-2025,Wolverhampton Wanderers,Crystal Palace,1,2,2,11,19,6,7,7,9,3,6,1,0,1,1,0.6666666666666666,1.6666666666666667,1.5,1.75,-0.25
2024-11-09,2024-2025,Wolverhampton Wanderers,Southampton,1,2,0,8,9,4,0,14,12,1,9,1,0,3,1,1.6666666666666667,0.6666666666666666,1.0,0.0,1.0
2024-11-23,2024-2025,Wolverhampton Wanderers,Fulham,0,4,1,10,10,5,3,14,14,2,7,0,0,3,0,2.3333333333333335,0.3333333333333333,1.25,0.75,0.5
2024-11-30,2024-2025,Wolverhampton Wanderers,Bournemouth,1,2,4,10,12,3,8,13,11,3,4,4,0,0,4,2.0,1.0,0.75,2.0,-1.25
2024-12-04,2024-2025,Wolverhampton Wanderers,Everton,0,0,4,6,13,2,4,8,10,4,3,0,0,0,0,1.0,2.0,0.5,1.0,-0.5
2024-12-09,2024-2025,Wolverhampton Wanderers,West Ham United,0,1,2,19,19,5,4,17,12,0,11,4,0,0,4,0.0,3.0,1.25,1.0,0.25
2024-12-14,2024-2025,Wolverhampton Wanderers,Ipswich Town,1,1,2,16,10,6,5,13,9,7,3,0,1,0,3,0.0,3.0,1.5,1.25,0.25
2024-12-22,2024-2025,Wolverhampton Wanderers,Leicester City,0,3,0,8,9,4,5,16,15,1,6,0,0,3,0,1.0,2.0,1.0,1.25,-0.25
2024-12-26,2024-2025,Wolverhampton Wanderers,Manchester United,1,2,0,7,11,4,4,12,12,4,4,2,0,3,2,2.0,1.0,1.0,1.0,0.0
2024-12-29,2024-2025,Wolverhampton Wanderers,Tottenham Hotspur,0,2,2,11,13,3,3,10,9,5,5,2,0,1,2,2.3333333333333335,0.3333333333333333,0.75,0.75,0.0
2025-01-06,2024-2025,Wolverhampton Wanderers,Nottingham Forest,1,0,3,13,11,6,3,10,8,5,3,1,0,0,1,1.3333333333333333,1.3333333333333333,1.5,0.75,0.75
2025-01-15,2024-2025,Wolverhampton Wanderers,Newcastle United,0,0,3,13,17,7,5,13,10,2,4,2,0,0,2,0.3333333333333333,2.3333333333333335,1.75,1.25,0.5
2025-01-20,2024-2025,Wolverhampton Wanderers,Chelsea,0,1,3,9,19,4,7,14,8,6,3,2,0,0,2,0.0,3.0,1.0,1.75,-0.75
2025-01-25,2024-2025,Wolverhampton Wanderers,Arsenal,1,0,1,9,9,4,3,20,10,1,5,0,1,0,3,0.0,3.0,1.0,0.75,0.25
2025-02-01,2024-2025,Wolverhampton Wanderers,Aston Villa,1,2,0,8,10,5,3,20,13,5,8,2,0,3,2,1.0,2.0,1.25,0.75,0.5
2025-02-16,2024-2025,Wolverhampton Wanderers,Liverpool,0,1,2,16,10,4,3,13,15,3,4,2,0,0,2,1.0,2.0,1.0,0.75,0.25
2025-02-22,2024-2025,Wolverhampton Wanderers,Bournemouth,0,1,0,13,8,5,3,9,17,7,6,3,0,3,3,2.0,1.0,1.25,0.75,0.5
2025-02-25,2024-2025,Wolverhampton Wanderers,Fulham,1,1,2,18,11,5,5,8,15,7,5,1,0,0,1,1.0,2.0,1.25,1.25,0.0
2025-03-08,2024-2025,Wolverhampton Wanderers,Everton,1,1,1,11,12,3,4,11,16,5,5,2,0,1,2,1.3333333333333333,1.3333333333333333,0.75,1.0,-0.25
2025-03-15,2024-2025,Wolverhampton Wanderers,Southampton,0,2,1,5,10,3,3,13,12,1,5,0,0,3,0,1.3333333333333333,1.3333333333333333,0.75,0.75,0.0
2025-04-01,2024-2025,Wolverhampton Wanderers,West Ham United,1,1,0,9,10,2,1,16,12,1,2,4,0,3,4,2.3333333333333335,0.3333333333333333,0.5,0.25,0.25
2025-04-05,2024-2025,Wolverhampton Wanderers,Ipswich Town,0,2,1,22,6,7,2,16,12,8,4,2,0,3,2,3.0,0.0,1.75,0.5,1.25
2025-04-13,2024-2025,Wolverhampton Wanderers,Tottenham Hotspur,1,4,2,13,11,5,4,12,15,1,4,1,0,3,1,3.0,0.0,1.25,1.0,0.25
2025-04-20,2024-2025,Wolverhampton Wanderers,Manchester United,0,1,0,4,12,2,2,18,11,2,9,3,0,3,3,3.0,0.0,0.5,0.5,0.0
2025-04-26,2024-2025,Wolverhampton Wanderers,Leicester City,1,3,0,20,8,6,2,7,17,4,2,1,0,3,1,3.0,0.0,1.5,0.5,1.0
2025-05-02,2024-2025,Wolverhampton Wanderers,Manchester City,0,0,1,6,9,1,2,11,7,5,4,0,0,0,0,2.0,1.0,0.25,0.5,-0.25
2025-05-10,2024-2025,Wolverhampton Wanderers,Brighton and Hove Albion,1,0,2,10,7,3,2,8,12,7,4,1,0,0,1,1.0,2.0,0.75,0.5,0.25
2025-05-20,2024-2025,Wolverhampton Wanderers,Crystal Palace,0,2,4,12,14,3,10,8,14,10,0,2,0,0,2,0.0,3.0,0.75,2.5,-1.75
2025-05-25,2024-2025,Wolverhampton Wanderers,Brentford,1,1,1,18,13,6,7,7,9,8,3,2,0,1,2,0.3333333333333333,2.3333333333333335,1.5,1.75,-0.25
2025-08-16,2025-2026,Wolverhampton Wanderers,Manchester City,1,0,4,9,15,3,4,13,7,4,6,1,0,0,1,0.3333333333333333,2.3333333333333335,0.75,1.0,-0.25
2025-08-23,2025-2026,Wolverhampton Wanderers,Bournemouth,0,0,1,6,14,1,4,16,13,3,8,4,1,0,7,0.3333333333333333,2.3333333333333335,0.25,1.0,-0.75
2025-08-30,2025-2026,Wolverhampton Wanderers,Everton,1,2,3,12,10,4,4,15,10,2,2,0,0,0,0,0.0,3.0,1.0,1.0,0.0
2025-09-13,2025-2026,Wolverhampton Wanderers,Newcastle United,0,0,1,8,16,3,4,17,10,4,10,4,0,0,4,0.0,3.0,0.75,1.0,-0.25
2025-09-20,2025-2026,Wolverhampton Wanderers,Leeds United,1,1,3,16,6,6,4,11,9,4,0,1,0,0,1,0.0,3.0,1.5,1.0,0.5
2025-09-27,2025-2026,Wolverhampton Wanderers,Tottenham Hotspur,0,1,1,9,10,3,3,11,9,9,10,2,0,1,2,0.3333333333333333,2.3333333333333335,0.75,0.75,0.0
2025-10-05,2025-2026,Wolverhampton Wanderers,Brighton and Hove Albion,1,1,1,6,17,3,6,13,9,2,8,2,0,1,2,0.6666666666666666,1.6666666666666667,0.75,1.5,-0.75
2025-10-18,2025-2026,Wolverhampton Wanderers,Sunderland,0,0,2,16,8,3,2,12,5,2,3,0,0,0,0,0.6666666666666666,1.6666666666666667,0.75,0.5,0.25
2025-10-26,2025-2026,Wolverhampton Wanderers,Burnley,1,2,3,15,11,7,7,12,7,5,3,1,0,0,1,0.3333333333333333,2.3333333333333335,1.75,1.75,0.0
2025-11-01,2025-2026,Wolverhampton Wanderers,Fulham,0,0,3,5,19,2,6,14,13,1,10,3,1,0,6,0.0,3.0,0.5,1.5,-1.0
2025-11-08,2025-2026,Wolverhampton Wanderers,Chelsea,0,0,3,3,20,0,8,14,12,1,10,2,0,0,2,0.0,3.0,0.0,2.0,-2.0
