date,team,opponent,goals_for,goals_against,result,HS,AS,HST,AST,HF,AF,HC,AC,yellow,yellow_away,red,red_away,season,home_away,yellow_home,red_home,pts,xG_for,xG_against,xGD,clean_sheet,card_points,form3,team_avg_pts,opp_avg_pts,ppm_season,pts_surprise,delta_P,price
2020-09-12,Arsenal,Fulham,3,0,A,5,13,2,6,12,12,2,3,2,,0,,2020,A,2.0,0.0,3,0.0,0.0,0.0,1,2,3.0,3.0,0.0,1.25,1.75,4.7749999999999995,147.59551282051282
2020-09-19,Arsenal,West Ham United,2,1,H,7,14,3,3,11,13,7,5,0,1.0,0,0.0,2020,H,,,3,0.0,0.0,0.0,0,0,3.0,3.0,0.0,1.25,1.75,4.475,152.07051282051282
2020-09-28,Arsenal,Liverpool,1,3,H,21,4,8,3,11,7,7,3,2,,0,,2020,A,2.0,0.0,0,0.0,0.0,0.0,0,2,2.0,2.0,3.0,1.25,-1.25,-3.975,148.09551282051282
2020-10-04,Arsenal,Sheffield United,2,1,H,6,6,5,2,3,9,2,4,0,1.0,0,0.0,2020,H,,,3,0.0,0.0,0.0,0,0,2.0,2.25,0.0,1.25,1.75,4.475,152.57051282051282
2020-10-17,Arsenal,Manchester City,0,1,H,13,11,5,3,15,10,6,6,1,,0,,2020,A,4.0,0.0,0,0.0,0.0,0.0,0,1,1.0,1.8,1.75,1.25,-1.25,-3.5375,149.03301282051282
2020-10-25,Arsenal,Leicester City,0,1,A,12,6,4,2,13,9,9,3,3,5.0,0,0.0,2020,H,,,0,0.0,0.0,0.0,0,3,1.0,1.5,2.0,1.25,-1.25,-4.075,144.9580128205128
2020-11-01,Arsenal,Manchester United,1,0,A,8,7,2,2,12,12,6,3,3,,0,,2020,A,3.0,0.0,3,0.0,0.0,0.0,1,3,1.0,1.7142857142857142,1.1666666666666667,1.25,1.75,4.35,149.30801282051283
2020-11-08,Arsenal,Aston Villa,0,3,A,13,15,2,6,11,13,3,8,0,0.0,0,0.0,2020,H,,,0,0.0,0.0,0.0,0,0,1.0,1.5,2.142857142857143,1.25,-1.25,-3.346428571428571,145.96158424908424
2020-11-22,Arsenal,Leeds United,0,0,D,25,9,4,2,9,8,5,3,0,,1,,2020,A,3.0,0.0,1,0.0,0.0,0.0,1,2,1.3333333333333333,1.4444444444444444,1.2222222222222223,1.25,-0.25,-0.4083333333333333,145.5532509157509
2020-11-29,Arsenal,Wolverhampton Wanderers,1,2,A,13,11,2,5,13,13,8,4,3,4.0,0,0.0,2020,H,,,0,0.0,0.0,0.0,0,3,0.3333333333333333,1.3,1.7,1.25,-1.25,-4.03,141.5232509157509
2020-12-06,Arsenal,Tottenham Hotspur,0,2,H,6,11,3,2,16,12,3,9,2,,0,,2020,A,1.0,0.0,0,0.0,0.0,0.0,0,2,0.3333333333333333,1.181818181818182,2.1818181818181817,1.25,-1.25,-3.852272727272727,137.6709781884782
2020-12-13,Arsenal,Burnley,0,1,A,18,10,6,2,5,11,13,4,2,1.0,1,0.0,2020,H,,,0,0.0,0.0,0.0,0,4,0.0,1.0833333333333333,0.8181818181818182,1.25,-1.25,-4.147727272727273,133.5232509157509
2020-12-16,Arsenal,Southampton,1,1,D,9,13,4,3,13,13,2,7,1,3.0,1,0.0,2020,H,,,1,0.0,0.0,0.0,0,3,0.3333333333333333,1.0769230769230769,1.8461538461538465,1.25,-0.25,-1.5519230769230767,131.97132783882785
2020-12-19,Arsenal,Everton,1,2,H,9,13,2,2,9,9,4,3,3,,0,,2020,A,1.0,0.0,0,0.0,0.0,0.0,0,3,0.3333333333333333,1.0,1.8571428571428572,1.25,-1.25,-4.053571428571429,127.9177564102564
2020-12-26,Arsenal,Chelsea,3,1,H,15,19,7,3,13,10,7,9,2,1.0,0,0.0,2020,H,,,3,0.0,0.0,0.0,0,2,1.3333333333333333,1.1333333333333333,1.6666666666666667,1.25,1.75,3.725,131.6427564102564
2020-12-29,Arsenal,Brighton and Hove Albion,1,0,A,13,11,2,3,11,4,5,4,0,,0,,2020,A,2.0,0.0,3,0.0,0.0,0.0,1,0,2.0,1.25,0.8125,1.25,1.75,5.153124999999999,136.7958814102564
2021-01-02,Arsenal,West Brom,4,0,A,7,21,3,12,7,4,3,5,2,,0,,2021,A,1.0,0.0,3,0.0,0.0,0.0,1,2,3.0,1.3529411764705883,0.4705882352941176,1.853658536585366,1.146341463414634,3.1952654232424678,139.99114683349887
2021-01-14,Arsenal,Crystal Palace,0,0,D,11,12,4,2,10,11,7,3,1,1.0,0,0.0,2021,H,,,1,0.0,0.0,0.0,1,1,2.3333333333333335,1.3333333333333333,1.2777777777777777,1.853658536585366,-0.853658536585366,-1.6758130081300813,138.31533382536878
2021-01-18,Arsenal,Newcastle United,3,0,H,20,4,6,1,9,8,7,2,0,0.0,0,0.0,2021,H,,,3,0.0,0.0,0.0,1,0,2.3333333333333335,1.4210526315789471,1.0555555555555556,1.853658536585366,1.146341463414634,3.6075203252032524,141.92285415057205
2021-01-26,Arsenal,Southampton,3,1,A,13,9,5,5,11,6,4,5,2,,0,,2021,A,1.0,0.0,3,0.0,0.0,0.0,0,2,2.3333333333333335,1.5,1.5263157894736843,1.853658536585366,1.146341463414634,2.2369062901155328,144.1597604406876
2021-01-30,Arsenal,Manchester United,0,0,D,17,14,3,3,9,16,4,7,1,3.0,0,0.0,2021,H,,,1,0.0,0.0,0.0,1,1,2.3333333333333335,1.4761904761904765,1.9523809523809523,1.853658536585366,-0.853658536585366,-1.7770034843205575,142.38275695636702
2021-02-02,Arsenal,Wolverhampton Wanderers,1,2,H,11,9,7,3,11,8,9,6,2,,2,,2021,A,3.0,0.0,0,0.0,0.0,0.0,0,6,1.3333333333333333,1.4090909090909092,1.181818181818182,1.853658536585366,-1.853658536585366,-6.211419068736143,136.17133788763087
2021-02-06,Arsenal,Aston Villa,0,1,H,12,14,8,3,12,12,3,7,2,,0,,2021,A,3.0,0.0,0,0.0,0.0,0.0,0,2,0.3333333333333333,1.3478260869565215,1.6666666666666667,1.853658536585366,-1.853658536585366,-5.2841463414634156,130.88719154616746
2021-02-14,Arsenal,Leeds United,4,2,H,13,9,5,5,8,17,4,5,0,2.0,0,0.0,2021,H,,,3,0.0,0.0,0.0,0,0,1.0,1.4166666666666667,1.391304347826087,1.853658536585366,1.146341463414634,2.757158006362672,133.64434955253014
2021-02-21,Arsenal,Manchester City,0,1,A,7,15,1,3,11,9,1,3,2,2.0,0,0.0,2021,H,,,0,0.0,0.0,0.0,0,2,1.0,1.36,2.36,1.853658536585366,-1.853658536585366,-5.388146341463416,128.25620321106672
2021-02-28,Arsenal,Leicester City,3,1,A,8,12,3,4,15,3,2,7,1,,0,,2021,A,2.0,0.0,3,0.0,0.0,0.0,0,1,2.0,1.4230769230769231,1.8846153846153848,1.853658536585366,1.146341463414634,2.4331613508442778,130.689364561911
2021-03-06,Arsenal,Burnley,1,1,D,9,15,5,3,5,12,2,4,1,,0,,2021,A,1.0,0.0,1,0.0,0.0,0.0,0,1,1.3333333333333333,1.4074074074074074,1.0714285714285714,1.853658536585366,-0.853658536585366,-2.4448606271777003,128.2445039347333
2021-03-14,Arsenal,Tottenham Hotspur,2,1,H,13,6,3,3,12,14,6,3,1,2.0,0,1.0,2021,H,,,3,0.0,0.0,0.0,0,1,2.3333333333333335,1.4642857142857142,1.6071428571428572,1.853658536585366,1.146341463414634,2.474782229965157,130.71928616469845
2021-03-21,Arsenal,West Ham United,3,3,D,15,16,5,7,18,8,3,5,1,,0,,2021,A,3.0,0.0,1,0.0,0.0,0.0,0,1,1.6666666666666667,1.4482758620689655,1.6896551724137931,1.853658536585366,-0.853658536585366,-2.5375946173254835,128.18169154737296
2021-04-03,Arsenal,Liverpool,0,3,A,3,16,2,7,10,10,1,2,1,1.0,0,0.0,2021,H,,,0,0.0,0.0,0.0,0,1,1.3333333333333333,1.4,1.6333333333333333,1.853658536585366,-1.853658536585366,-5.029146341463416,123.15254520590955
2021-04-11,Arsenal,Sheffield United,3,0,A,7,14,2,5,9,6,2,4,1,,0,,2021,A,1.0,0.0,3,0.0,0.0,0.0,1,1,1.3333333333333333,1.4516129032258065,0.4516129032258064,1.853658536585366,1.146341463414634,3.4481117230527145,126.60065692896227
2021-04-18,Arsenal,Fulham,1,1,D,18,3,5,1,9,11,11,1,0,3.0,0,0.0,2021,H,,,1,0.0,0.0,0.0,0,0,1.3333333333333333,1.4375,0.8181818181818182,1.853658536585366,-0.853658536585366,-2.1568736141906872,124.44378331477158
2021-04-23,Arsenal,Everton,0,1,A,14,8,3,1,13,10,7,3,1,3.0,0,0.0,2021,H,,,0,0.0,0.0,0.0,0,1,1.3333333333333333,1.393939393939394,1.625,1.853658536585366,-1.853658536585366,-5.027896341463416,119.41588697330818
2021-05-02,Arsenal,Newcastle United,2,0,A,5,19,1,5,10,9,3,7,1,,0,,2021,A,2.0,1.0,3,0.0,0.0,0.0,1,1,1.3333333333333333,1.4411764705882353,1.0588235294117647,1.853658536585366,1.146341463414634,3.357030129124821,122.77291710243298
2021-05-09,Arsenal,West Brom,3,1,H,15,12,7,1,7,9,6,6,1,2.0,0,0.0,2021,H,,,3,0.0,0.0,0.0,0,1,2.0,1.4857142857142858,0.7428571428571429,1.853658536585366,1.146341463414634,2.6044250871080137,125.377342189541
2021-05-12,Arsenal,Chelsea,1,0,A,19,5,5,2,7,6,9,1,1,,0,,2021,A,0.0,0.0,3,0.0,0.0,0.0,1,1,3.0,1.5277777777777777,1.7777777777777777,1.853658536585366,1.146341463414634,3.249186991869919,128.62652918141092
2021-05-19,Arsenal,Crystal Palace,3,1,A,12,6,6,3,7,7,6,7,1,,0,,2021,A,2.0,0.0,3,0.0,0.0,0.0,0,1,3.0,1.5675675675675675,1.1891891891891893,1.853658536585366,1.146341463414634,2.537475280158207,131.16400446156914
2021-05-23,Arsenal,Brighton and Hove Albion,2,0,H,16,5,5,1,10,8,11,3,0,0.0,0,0.0,2021,H,,,3,0.0,0.0,0.0,1,0,3.0,1.605263157894737,1.0789473684210529,1.853658536585366,1.146341463414634,3.604011553273428,134.76801601484254
2021-08-13,Arsenal,Brentford,0,2,H,8,22,3,4,12,8,2,5,0,,0,,2021,A,0.0,0.0,0,0.0,0.0,0.0,0,0,2.0,1.564102564102564,3.0,1.853658536585366,-1.853658536585366,-4.984146341463416,129.78386967337914
2021-08-22,Arsenal,Chelsea,0,2,A,6,22,3,5,10,4,9,8,3,0.0,0,0.0,2021,H,,,0,0.0,0.0,0.0,0,3,1.0,1.525,1.825,1.853658536585366,-1.853658536585366,-5.557896341463415,124.22597333191572
2021-08-28,Arsenal,Manchester City,0,5,H,25,1,10,0,5,7,14,0,2,,1,,2021,A,1.0,0.0,0,0.0,0.0,0.0,0,4,0.0,1.4878048780487805,2.2439024390243905,1.853658536585366,-1.853658536585366,-5.870731707317074,118.35524162459865
2021-09-11,Arsenal,Norwich City,1,0,H,30,10,7,1,9,11,8,4,1,2.0,0,0.0,2021,H,,,3,0.0,0.0,0.0,1,1,1.0,1.5238095238095235,0.0,1.853658536585366,1.146341463414634,3.5158536585365856,121.87109528313525
2021-09-18,Arsenal,Burnley,1,0,A,18,13,3,3,9,8,8,3,1,,0,,2021,A,2.0,0.0,3,0.0,0.0,0.0,1,1,2.0,1.558139534883721,0.9302325581395348,1.853658536585366,1.146341463414634,3.3763187748156556,125.24741405795089
2021-09-26,Arsenal,Tottenham Hotspur,3,1,H,12,10,7,4,12,13,4,4,2,1.0,0,0.0,2021,H,,,3,0.0,0.0,0.0,0,2,3.0,1.5909090909090908,1.6136363636363635,1.853658536585366,1.146341463414634,2.2238082039911307,127.47122226194202
2021-10-02,Arsenal,Brighton and Hove Albion,0,0,D,21,8,2,2,8,5,8,5,1,,0,,2021,A,2.0,0.0,1,0.0,0.0,0.0,1,1,2.3333333333333335,1.5777777777777775,1.2222222222222223,1.853658536585366,-0.853658536585366,-1.667479674796748,125.80374258714528
2021-10-18,Arsenal,Crystal Palace,2,2,D,17,9,6,6,7,4,6,4,1,1.0,0,0.0,2021,H,,,1,0.0,0.0,0.0,0,1,1.6666666666666667,1.565217391304348,1.1304347826086956,1.853658536585366,-0.853658536585366,-2.453711558854719,123.35003102829056
2021-10-22,Arsenal,Aston Villa,3,1,H,22,10,9,4,17,10,7,4,2,5.0,0,0.0,2021,H,,,3,0.0,0.0,0.0,0,2,1.6666666666666667,1.5957446808510638,1.3829787234042554,1.853658536585366,1.146341463414634,2.258406850025947,125.60843787831651
2021-10-30,Arsenal,Leicester City,2,0,A,16,9,8,5,8,11,7,6,0,,0,,2021,A,2.0,0.0,3,0.0,0.0,0.0,1,0,2.3333333333333335,1.625,1.6666666666666667,1.853658536585366,1.146341463414634,3.5158536585365856,129.1242915368531
2021-11-07,Arsenal,Watford,1,0,H,14,7,6,1,6,19,4,2,4,2.0,0,1.0,2021,H,,,3,0.0,0.0,0.0,1,4,3.0,1.653061224489796,0.9090909090909092,1.853658536585366,1.146341463414634,2.6294900221729494,131.75378155902604
2021-11-20,Arsenal,Liverpool,0,4,H,19,5,9,3,15,12,6,1,0,,0,,2021,A,2.0,0.0,0,0.0,0.0,0.0,0,0,2.0,1.62,1.88,1.853658536585366,-1.853658536585366,-4.816146341463416,126.93763521756262
2021-11-27,Arsenal,Newcastle United,2,0,H,24,9,6,5,6,12,4,4,1,3.0,0,0.0,2021,H,,,3,0.0,0.0,0.0,1,1,2.0,1.6470588235294117,1.0,1.853658536585366,1.146341463414634,3.3658536585365857,130.3034888760992
2021-12-02,Arsenal,Manchester United,2,3,H,14,17,10,8,9,10,3,8,0,,0,,2021,A,1.0,0.0,0,0.0,0.0,0.0,0,0,1.0,1.6153846153846154,1.8269230769230769,1.853658536585366,-1.853658536585366,-4.808184803001877,125.49530407309733
2021-12-06,Arsenal,Everton,1,2,H,11,10,5,3,8,12,3,3,2,,0,,2021,A,2.0,0.0,0,0.0,0.0,0.0,0,2,1.0,1.5849056603773586,1.4528301886792452,1.853658536585366,-1.853658536585366,-5.252070869765302,120.24323320333203
2021-12-11,Arsenal,Southampton,3,0,H,15,11,5,6,5,9,9,8,2,0.0,0,0.0,2021,H,,,3,0.0,0.0,0.0,1,2,1.0,1.6111111111111112,1.0925925925925926,1.853658536585366,1.146341463414634,3.101964769647697,123.34519797297972
2021-12-15,Arsenal,West Ham United,2,0,H,21,7,8,1,8,9,5,2,2,0.0,0,1.0,2021,H,,,3,0.0,0.0,0.0,1,2,2.0,1.6363636363636365,1.690909090909091,1.853658536585366,1.146341463414634,3.012217294900222,126.35741526787994
2021-12-18,Arsenal,Leeds United,4,1,A,9,21,2,12,11,7,1,4,1,,0,,2021,A,3.0,0.0,3,0.0,0.0,0.0,0,1,3.0,1.6607142857142858,1.3392857142857142,1.853658536585366,1.146341463414634,2.514960801393728,128.87237606927368
2021-12-26,Arsenal,Norwich City,5,0,A,4,16,2,6,13,7,3,5,2,,0,,2021,A,1.0,0.0,3,0.0,0.0,0.0,1,2,3.0,1.6842105263157894,0.5555555555555556,1.853658536585366,1.146341463414634,3.182520325203252,132.05489639447694
2022-01-01,Arsenal,Manchester City,1,2,A,7,15,2,2,13,5,5,5,3,2.0,1,0.0,2022,H,,,0,0.0,0.0,0.0,0,5,2.0,1.6551724137931034,2.3559322033898304,2.2,-2.2,-7.003389830508475,125.05150656396845
2022-01-23,Arsenal,Burnley,0,0,D,20,10,5,1,9,13,12,4,0,2.0,0,0.0,2022,H,,,1,0.0,0.0,0.0,1,0,1.3333333333333333,1.6440677966101696,0.9107142857142856,2.2,-1.2000000000000002,-2.236607142857143,122.8148994211113
2022-02-10,Arsenal,Wolverhampton Wanderers,1,0,A,15,12,4,2,12,13,7,4,3,,1,,2022,A,2.0,0.0,3,0.0,0.0,0.0,1,5,1.3333333333333333,1.6666666666666667,1.3166666666666669,2.2,0.7999999999999998,1.4525,124.2673994211113
2022-02-19,Arsenal,Brentford,2,1,H,24,6,8,2,10,5,14,0,1,1.0,0,0.0,2022,H,,,3,0.0,0.0,0.0,0,1,2.3333333333333335,1.6885245901639343,0.9230769230769232,2.2,0.7999999999999998,1.7115384615384612,125.97893788264977
2022-02-24,Arsenal,Wolverhampton Wanderers,2,1,H,26,6,5,2,8,9,5,4,1,1.0,0,0.0,2022,H,,,3,0.0,0.0,0.0,0,1,3.0,1.7096774193548387,1.3492063492063493,2.2,0.7999999999999998,1.6476190476190473,127.62655693026882
2022-03-06,Arsenal,Watford,3,2,A,13,16,7,4,5,11,1,5,2,,0,,2022,A,1.0,0.0,3,0.0,0.0,0.0,0,2,3.0,1.7301587301587302,0.7037037037037037,2.2,0.7999999999999998,1.494444444444444,129.12100137471327
2022-03-13,Arsenal,Leicester City,2,0,H,21,6,8,3,8,10,2,6,0,3.0,0,0.0,2022,H,,,3,0.0,0.0,0.0,1,0,3.0,1.75,1.546875,2.2,0.7999999999999998,2.66796875,131.78897012471327
2022-03-16,Arsenal,Liverpool,0,2,A,9,9,2,3,9,9,1,6,0,1.0,0,0.0,2022,H,,,0,0.0,0.0,0.0,0,0,2.0,1.7230769230769232,2.0597014925373136,2.2,-2.2,-5.708955223880597,126.08001490083267
2022-03-19,Arsenal,Aston Villa,1,0,A,8,10,1,3,13,14,6,5,3,,0,,2022,A,3.0,0.0,3,0.0,0.0,0.0,1,3,2.0,1.7424242424242424,1.3582089552238803,2.2,0.7999999999999998,1.9462686567164178,128.02628355754908
2022-04-04,Arsenal,Crystal Palace,0,3,H,6,12,5,3,11,15,0,2,2,,0,,2022,A,0.0,0.0,0,0.0,0.0,0.0,0,2,1.0,1.7164179104477613,1.1911764705882353,2.2,-2.2,-6.078676470588236,121.94760708696084
2022-04-09,Arsenal,Brighton and Hove Albion,1,2,A,20,8,4,3,12,19,11,2,3,4.0,0,0.0,2022,H,,,0,0.0,0.0,0.0,0,3,1.0,1.6911764705882353,1.1304347826086956,2.2,-2.2,-6.319565217391305,115.62804186956954
2022-04-16,Arsenal,Southampton,0,1,H,9,23,3,6,6,6,6,8,1,,0,,2022,A,2.0,0.0,0,0.0,0.0,0.0,0,1,0.0,1.6666666666666667,1.1714285714285717,2.2,-2.2,-5.8257142857142865,109.80232758385526
2022-04-20,Arsenal,Chelsea,4,2,A,11,14,2,4,7,6,6,1,1,,0,,2022,A,3.0,0.0,3,0.0,0.0,0.0,0,1,1.0,1.6857142857142855,1.8695652173913044,2.2,0.7999999999999998,1.569565217391304,111.37189280124656
2022-04-23,Arsenal,Manchester United,3,1,H,14,14,7,5,9,12,1,7,3,4.0,0,0.0,2022,H,,,3,0.0,0.0,0.0,0,3,2.0,1.704225352112676,1.7777777777777777,2.2,0.7999999999999998,1.083333333333333,112.4552261345799
2022-05-01,Arsenal,West Ham United,2,1,A,8,13,3,7,8,9,3,7,2,,0,,2022,A,2.0,0.0,3,0.0,0.0,0.0,0,2,3.0,1.7222222222222223,1.6027397260273972,2.2,0.7999999999999998,1.35958904109589,113.81481517567579
2022-05-08,Arsenal,Leeds United,2,1,H,19,3,9,2,13,15,8,2,2,2.0,0,1.0,2022,H,,,3,0.0,0.0,0.0,0,2,3.0,1.7397260273972603,1.273972602739726,2.2,0.7999999999999998,1.4089041095890407,115.22371928526482
2022-05-12,Arsenal,Tottenham Hotspur,0,3,H,16,8,6,4,8,15,2,2,3,,1,,2022,A,1.0,0.0,0,0.0,0.0,0.0,0,5,2.0,1.7162162162162162,1.7162162162162162,2.2,-2.2,-6.907432432432433,108.31628685283239
2022-05-16,Arsenal,Newcastle United,0,2,H,16,11,4,2,11,8,12,8,3,,0,,2022,A,0.0,0.0,0,0.0,0.0,0.0,0,3,1.0,1.6933333333333334,1.2133333333333334,2.2,-2.2,-6.332000000000001,101.98428685283238
2022-05-22,Arsenal,Everton,5,1,H,26,6,9,2,8,9,12,2,0,1.0,0,0.0,2022,H,,,3,0.0,0.0,0.0,0,0,1.0,1.7105263157894737,1.2894736842105263,2.2,0.7999999999999998,1.9065789473684207,103.89086580020081
2022-08-05,Arsenal,Crystal Palace,2,0,A,10,10,2,2,16,11,3,5,2,,0,,2022,A,1.0,0.0,3,0.0,0.0,0.0,1,2,2.0,1.7272727272727273,1.1948051948051948,2.2,0.7999999999999998,2.2207792207792205,106.11164502098003
2022-08-13,Arsenal,Leicester City,4,2,H,19,6,7,2,15,9,6,2,1,1.0,0,0.0,2022,H,,,3,0.0,0.0,0.0,0,1,3.0,1.7435897435897436,1.5256410256410255,2.2,0.7999999999999998,1.6211538461538457,107.73279886713388
2022-08-20,Arsenal,Bournemouth,3,0,A,6,14,1,6,12,10,3,4,1,,0,,2022,A,2.0,0.0,3,0.0,0.0,0.0,1,1,3.0,1.759493670886076,1.0,2.2,0.7999999999999998,2.5,110.23279886713388
2022-08-27,Arsenal,Fulham,2,1,H,22,11,8,3,6,12,9,2,2,3.0,0,0.0,2022,H,,,3,0.0,0.0,0.0,0,2,3.0,1.775,0.7857142857142857,2.2,0.7999999999999998,1.4821428571428568,111.71494172427674
2022-08-31,Arsenal,Aston Villa,2,1,H,22,4,9,3,10,14,10,3,2,3.0,0,0.0,2022,H,,,3,0.0,0.0,0.0,0,2,3.0,1.7901234567901234,1.271604938271605,2.2,0.7999999999999998,1.409259259259259,113.124200983536
2022-09-04,Arsenal,Manchester United,1,3,H,10,16,6,3,13,9,2,5,3,,0,,2022,A,3.0,0.0,0,0.0,0.0,0.0,0,3,2.0,1.7682926829268293,1.7560975609756098,2.2,-2.2,-6.413414634146342,106.71078634938965
2022-09-18,Arsenal,Brentford,3,0,A,5,13,2,7,10,10,3,3,2,,0,,2022,A,0.0,0.0,3,0.0,0.0,0.0,1,2,2.0,1.783132530120482,1.2222222222222223,2.2,0.7999999999999998,2.2166666666666663,108.92745301605632
2022-10-01,Arsenal,Tottenham Hotspur,3,1,H,22,7,9,3,10,10,5,2,2,1.0,0,1.0,2022,H,,,3,0.0,0.0,0.0,0,2,2.0,1.7976190476190477,1.7857142857142858,2.2,0.7999999999999998,1.3321428571428569,110.25959587319917
2022-10-09,Arsenal,Liverpool,3,2,H,11,8,7,3,11,11,4,3,1,2.0,0,0.0,2022,H,,,3,0.0,0.0,0.0,0,1,3.0,1.811764705882353,2.0357142857142856,2.2,0.7999999999999998,1.5446428571428568,111.80423873034204
2022-10-16,Arsenal,Leeds United,1,0,A,16,9,4,4,10,11,6,3,2,,0,,2022,A,0.0,0.0,3,0.0,0.0,0.0,1,2,3.0,1.8255813953488371,1.2470588235294118,2.2,0.7999999999999998,2.212941176470588,114.01717990681263
2022-10-23,Arsenal,Southampton,1,1,D,10,12,3,3,11,8,9,4,1,,0,,2022,A,2.0,0.0,1,0.0,0.0,0.0,0,1,2.3333333333333335,1.8160919540229885,1.0795454545454546,2.2,-1.2000000000000002,-3.3119318181818187,110.70524808863081
2022-10-30,Arsenal,Nottingham Forest,5,0,H,24,5,10,2,9,8,9,4,0,1.0,0,0.0,2022,H,,,3,0.0,0.0,0.0,1,0,2.3333333333333335,1.8295454545454544,0.6923076923076923,2.2,0.7999999999999998,2.796153846153846,113.50140193478465
2022-11-06,Arsenal,Chelsea,1,0,A,5,14,1,2,20,13,4,6,2,,0,,2022,A,5.0,0.0,3,0.0,0.0,0.0,1,2,2.3333333333333335,1.8426966292134832,1.8202247191011236,2.2,0.7999999999999998,2.1269662921348313,115.62836822691948
2022-11-12,Arsenal,Wolverhampton Wanderers,2,0,A,11,14,2,4,5,6,6,4,2,,0,,2022,A,3.0,0.0,3,0.0,0.0,0.0,1,2,3.0,1.8555555555555556,1.164835164835165,2.2,0.7999999999999998,2.2252747252747254,117.8536429521942
2022-12-26,Arsenal,West Ham United,3,1,H,16,8,5,4,13,17,7,5,0,2.0,0,0.0,2022,H,,,3,0.0,0.0,0.0,0,0,3.0,1.868131868131868,1.4673913043478262,2.2,0.7999999999999998,1.8798913043478258,119.73353425654203
2022-12-31,Arsenal,Brighton and Hove Albion,4,2,A,9,14,5,7,7,11,7,4,3,,0,,2022,A,3.0,0.0,3,0.0,0.0,0.0,0,3,3.0,1.8804347826086956,1.2608695652173914,2.2,0.7999999999999998,1.160869565217391,120.89440382175943
2023-01-03,Arsenal,Newcastle United,0,0,D,17,8,4,1,10,16,5,5,4,4.0,0,0.0,2023,H,,,1,0.0,0.0,0.0,1,4,2.3333333333333335,1.870967741935484,1.372340425531915,1.9285714285714286,-0.9285714285714286,-2.6272796352583585,118.26712418650106
2023-01-15,Arsenal,Tottenham Hotspur,2,0,A,17,14,7,5,16,15,4,3,2,,0,,2023,A,4.0,0.0,3,0.0,0.0,0.0,1,2,2.3333333333333335,1.8829787234042552,1.7473684210526317,1.9285714285714286,1.0714285714285714,2.816466165413534,121.08359035191461
2023-01-22,Arsenal,Manchester United,3,2,H,25,6,5,4,8,9,12,4,1,2.0,0,0.0,2023,H,,,3,0.0,0.0,0.0,0,1,2.3333333333333335,1.894736842105263,1.78125,1.9285714285714286,1.0714285714285714,2.2613839285714286,123.34497428048603
2023-02-04,Arsenal,Everton,0,1,H,12,15,4,3,13,8,7,5,1,,0,,2023,A,4.0,0.0,0,0.0,0.0,0.0,0,1,2.0,1.875,1.1958762886597938,1.9285714285714286,-1.9285714285714286,-5.150810014727541,118.19416426575849
2023-02-11,Arsenal,Brentford,1,1,D,23,9,7,2,9,9,7,4,0,2.0,0,0.0,2023,H,,,1,0.0,0.0,0.0,0,0,1.3333333333333333,1.865979381443299,1.3333333333333333,1.9285714285714286,-0.9285714285714286,-2.4214285714285717,115.77273569432992
2023-02-15,Arsenal,Manchester City,1,3,A,10,9,1,6,11,15,1,3,2,3.0,0,0.0,2023,H,,,0,0.0,0.0,0.0,0,2,0.3333333333333333,1.846938775510204,2.323232323232323,1.9285714285714286,-1.9285714285714286,-5.56991341991342,110.20282227441649
2023-02-18,Arsenal,Aston Villa,4,2,A,7,20,5,5,13,4,2,9,1,,0,,2023,A,2.0,0.0,3,0.0,0.0,0.0,0,1,1.3333333333333333,1.8585858585858583,1.292929292929293,1.9285714285714286,1.0714285714285714,2.3346320346320346,112.53745430904853
2023-02-25,Arsenal,Leicester City,1,0,A,1,10,0,2,14,9,0,8,1,,0,,2023,A,0.0,0.0,3,0.0,0.0,0.0,1,1,2.0,1.87,1.42,1.9285714285714286,1.0714285714285714,3.1155714285714287,115.65302573761996
2023-03-01,Arsenal,Everton,4,0,H,15,8,5,5,5,12,5,1,0,2.0,0,0.0,2023,H,,,3,0.0,0.0,0.0,1,0,3.0,1.881188118811881,1.1782178217821782,1.9285714285714286,1.0714285714285714,3.401838755304102,119.05486449292405
2023-03-04,Arsenal,Bournemouth,3,2,H,31,4,9,4,6,8,17,1,0,2.0,0,0.0,2023,H,,,3,0.0,0.0,0.0,0,0,3.0,1.892156862745098,0.84,1.9285714285714286,1.0714285714285714,2.6525714285714286,121.70743592149549
2023-03-12,Arsenal,Fulham,3,0,A,12,15,2,7,10,9,4,8,1,,0,,2023,A,0.0,0.0,3,0.0,0.0,0.0,1,1,3.0,1.9029126213592231,1.0307692307692309,1.9285714285714286,1.0714285714285714,3.173956043956044,124.88139196545153
2023-03-19,Arsenal,Crystal Palace,4,1,H,15,8,5,4,8,10,5,4,0,1.0,0,0.0,2023,H,,,3,0.0,0.0,0.0,0,0,3.0,1.9134615384615383,1.1442307692307692,1.9285714285714286,1.0714285714285714,2.606936813186813,127.48832877863835
2023-04-01,Arsenal,Leeds United,4,1,H,13,7,6,5,11,13,4,3,0,2.0,0,0.0,2023,H,,,3,0.0,0.0,0.0,0,0,3.0,1.923809523809524,1.1826923076923077,1.9285714285714286,1.0714285714285714,2.6011675824175824,130.08949636105592
2023-04-09,Arsenal,Liverpool,2,2,D,21,9,6,5,11,11,5,4,4,,0,,2023,A,4.0,0.0,1,0.0,0.0,0.0,0,4,2.3333333333333335,1.9150943396226416,1.9523809523809523,1.9285714285714286,-0.9285714285714286,-3.5142857142857142,126.57521064677022
2023-04-16,Arsenal,West Ham United,2,2,D,16,11,3,5,11,8,7,2,2,,0,,2023,A,1.0,0.0,1,0.0,0.0,0.0,0,2,1.6666666666666667,1.9065420560747663,1.4339622641509433,1.9285714285714286,-0.9285714285714286,-2.936522911051213,123.638687735719
2023-04-21,Arsenal,Southampton,3,3,D,25,8,6,6,10,14,7,2,1,5.0,0,0.0,2023,H,,,1,0.0,0.0,0.0,0,1,1.0,1.898148148148148,0.9907407407407408,1.9285714285714286,-0.9285714285714286,-2.620039682539683,121.01864805317932
2023-04-26,Arsenal,Manchester City,1,4,H,14,8,9,2,13,13,1,3,1,,0,,2023,A,3.0,0.0,0,0.0,0.0,0.0,0,1,0.6666666666666666,1.8807339449541285,2.3551401869158877,1.9285714285714286,-1.9285714285714286,-5.324699599465955,115.69394845371336
2023-05-02,Arsenal,Chelsea,3,1,H,16,7,10,4,10,10,7,2,0,2.0,0,0.0,2023,H,,,3,0.0,0.0,0.0,0,0,1.3333333333333333,1.8909090909090909,1.651376146788991,1.9285714285714286,1.0714285714285714,2.5308650065530798,118.22481346026643
2023-05-07,Arsenal,Newcastle United,2,0,A,12,10,5,6,16,12,9,4,1,,0,,2023,A,2.0,0.0,3,0.0,0.0,0.0,1,1,2.0,1.9009009009009008,1.4454545454545455,1.9285714285714286,1.0714285714285714,3.111753246753247,121.33656670701968
2023-05-14,Arsenal,Brighton and Hove Albion,0,3,A,14,12,2,6,13,17,5,2,1,2.0,0,0.0,2023,H,,,0,0.0,0.0,0.0,0,1,2.0,1.8839285714285712,1.3636363636363635,1.9285714285714286,-1.9285714285714286,-5.175974025974026,116.16059268104566
2023-05-20,Arsenal,Nottingham Forest,0,1,H,6,11,2,3,11,12,3,6,2,,0,,2023,A,3.0,0.0,0,0.0,0.0,0.0,0,2,1.0,1.8672566371681416,1.0,1.9285714285714286,-1.9285714285714286,-5.371428571428572,110.78916410961709
2023-05-28,Arsenal,Wolverhampton Wanderers,5,0,H,14,6,8,0,8,11,8,4,0,0.0,0,0.0,2023,H,,,3,0.0,0.0,0.0,1,0,1.0,1.8771929824561404,1.2017543859649122,1.9285714285714286,1.0714285714285714,3.398308270676692,114.18747238029378
2023-08-12,Arsenal,Nottingham Forest,2,1,H,15,6,7,2,12,12,8,3,2,2.0,0,0.0,2023,H,,,3,0.0,0.0,0.0,0,2,2.0,1.8869565217391304,0.9743589743589745,1.9285714285714286,1.0714285714285714,2.1324175824175824,116.31988996271136
2023-08-21,Arsenal,Crystal Palace,1,0,A,14,14,2,3,14,10,1,8,1,,1,,2023,A,2.0,0.0,3,0.0,0.0,0.0,1,3,3.0,1.896551724137931,1.206896551724138,1.9285714285714286,1.0714285714285714,2.647536945812808,118.96742690852417
2023-08-26,Arsenal,Fulham,2,2,D,19,8,11,3,6,5,8,3,0,3.0,0,1.0,2023,H,,,1,0.0,0.0,0.0,0,0,2.3333333333333335,1.8888888888888888,1.0632911392405062,1.9285714285714286,-0.9285714285714286,-2.3809222423146474,116.58650466620952
2023-09-03,Arsenal,Manchester United,3,1,H,17,10,5,2,8,7,12,3,2,3.0,0,0.0,2023,H,,,3,0.0,0.0,0.0,0,2,2.3333333333333335,1.8983050847457628,1.805084745762712,1.9285714285714286,1.0714285714285714,2.0078087167070215,118.59431338291655
2023-09-17,Arsenal,Everton,1,0,A,8,13,1,4,12,10,1,11,1,,0,,2023,A,1.0,0.0,3,0.0,0.0,0.0,1,1,2.3333333333333335,1.907563025210084,1.134453781512605,1.9285714285714286,1.0714285714285714,3.158403361344538,121.75271674426108
2023-09-24,Arsenal,Tottenham Hotspur,2,2,D,13,13,6,5,12,19,11,4,3,4.0,0,0.0,2023,H,,,1,0.0,0.0,0.0,0,3,2.3333333333333335,1.9,1.725,1.9285714285714286,-0.9285714285714286,-3.2301785714285716,118.52253817283251
2023-09-30,Arsenal,Bournemouth,4,0,A,8,15,1,8,11,10,6,6,1,,0,,2023,A,0.0,0.0,3,0.0,0.0,0.0,1,1,2.3333333333333335,1.9090909090909092,0.9333333333333332,1.9285714285714286,1.0714285714285714,3.1885714285714286,121.71110960140395
2023-10-08,Arsenal,Manchester City,1,0,H,12,4,2,1,8,7,5,4,2,3.0,0,0.0,2023,H,,,3,0.0,0.0,0.0,1,2,2.3333333333333335,1.9180327868852456,2.3442622950819674,1.9285714285714286,1.0714285714285714,2.7269320843091336,124.43804168571307
2023-10-21,Arsenal,Chelsea,2,2,D,11,13,5,3,7,14,2,7,3,,0,,2023,A,3.0,0.0,1,0.0,0.0,0.0,0,3,2.3333333333333335,1.910569105691057,1.6016260162601623,1.9285714285714286,-0.9285714285714286,-3.211672473867596,121.22636921184548
2023-10-28,Arsenal,Sheffield United,5,0,H,13,2,8,0,9,13,6,1,0,3.0,0,0.0,2023,H,,,3,0.0,0.0,0.0,1,0,2.3333333333333335,1.9193548387096775,0.5,1.9285714285714286,1.0714285714285714,3.5035714285714286,124.72994064041691
2023-11-04,Arsenal,Newcastle United,0,1,H,9,14,2,1,14,9,0,11,1,,0,,2023,A,5.0,0.0,0,0.0,0.0,0.0,0,1,1.3333333333333333,1.904,1.48,1.9285714285714286,-1.9285714285714286,-5.193428571428572,119.53651206898834
2023-11-11,Arsenal,Burnley,3,1,H,16,8,6,5,8,9,3,3,0,1.0,1,0.0,2023,H,,,3,0.0,0.0,0.0,0,2,2.0,1.9126984126984128,0.8863636363636364,1.9285714285714286,1.0714285714285714,2.145616883116883,121.68212895210522
2023-11-25,Arsenal,Brentford,1,0,A,9,15,3,4,9,7,1,8,1,,0,,2023,A,1.0,0.0,3,0.0,0.0,0.0,1,1,2.0,1.921259842519685,1.3595505617977528,1.9285714285714286,1.0714285714285714,3.124638844301766,124.80676779640699
2023-12-02,Arsenal,Wolverhampton Wanderers,2,1,H,19,6,6,3,10,10,4,0,1,2.0,0,0.0,2023,H,,,3,0.0,0.0,0.0,0,1,3.0,1.9296875,1.1875,1.9285714285714286,1.0714285714285714,2.3504464285714284,127.15721422497842
2023-12-05,Arsenal,Luton Town,4,3,A,6,23,4,9,14,7,3,8,1,,0,,2023,A,2.0,0.0,3,0.0,0.0,0.0,0,1,3.0,1.937984496124031,0.6,1.9285714285714286,1.0714285714285714,2.4385714285714286,129.59578565354985
2023-12-09,Arsenal,Aston Villa,0,1,H,10,12,3,5,16,11,3,3,2,,0,,2023,A,4.0,0.0,0,0.0,0.0,0.0,0,2,2.0,1.9230769230769231,1.5076923076923077,1.9285714285714286,-1.9285714285714286,-5.447582417582417,124.14820323596743
2023-12-17,Arsenal,Brighton and Hove Albion,2,0,H,26,6,9,1,11,9,10,1,1,3.0,0,0.0,2023,H,,,3,0.0,0.0,0.0,1,1,2.0,1.931297709923664,1.3740458015267176,1.9285714285714286,1.0714285714285714,3.122464558342421,127.27066779430984
2023-12-23,Arsenal,Liverpool,1,1,D,13,13,3,2,13,14,4,5,5,,0,,2023,A,2.0,0.0,1,0.0,0.0,0.0,0,5,1.3333333333333333,1.9242424242424243,2.022727272727273,1.9285714285714286,-0.9285714285714286,-3.7748376623376623,123.49583013197218
2023-12-28,Arsenal,West Ham United,0,2,A,30,6,8,3,8,8,10,3,2,0.0,0,0.0,2023,H,,,0,0.0,0.0,0.0,0,2,1.3333333333333333,1.9097744360902256,1.4586466165413534,1.9285714285714286,-1.9285714285714286,-5.440225563909775,118.05560456806242
2023-12-31,Arsenal,Fulham,1,2,H,15,13,4,3,11,10,5,4,1,,0,,2023,A,4.0,0.0,0,0.0,0.0,0.0,0,1,0.3333333333333333,1.8955223880597016,1.0833333333333333,1.9285714285714286,-1.9285714285714286,-5.133928571428571,112.92167599663384
2024-01-20,Arsenal,Crystal Palace,5,0,H,21,12,6,5,8,12,6,7,0,0.0,0,0.0,2024,H,,,3,0.0,0.0,0.0,1,0,1.0,1.9037037037037037,1.1703703703703705,2.361111111111111,0.6388888888888888,2.3216666666666668,115.24334266330051
2024-01-30,Arsenal,Nottingham Forest,2,1,A,9,19,3,3,6,7,2,11,1,,0,,2024,A,0.0,0.0,3,0.0,0.0,0.0,0,1,2.0,1.911764705882353,0.9666666666666668,2.361111111111111,0.6388888888888888,1.3022222222222222,116.54556488552274
2024-02-04,Arsenal,Liverpool,3,1,H,15,10,7,1,11,11,2,4,6,2.0,0,1.0,2024,H,,,3,0.0,0.0,0.0,0,6,3.0,1.9197080291970805,2.0364963503649633,2.361111111111111,0.6388888888888888,-0.10825223033252238,116.43731265519021
2024-02-11,Arsenal,West Ham United,6,0,A,5,25,1,12,17,11,2,6,0,,0,,2024,A,4.0,0.0,3,0.0,0.0,0.0,1,0,3.0,1.927536231884058,1.427536231884058,2.361111111111111,0.6388888888888888,2.2830917874396137,118.72040444262983
2024-02-17,Arsenal,Burnley,5,0,A,8,16,0,7,11,8,4,6,1,,0,,2024,A,2.0,0.0,3,0.0,0.0,0.0,1,1,3.0,1.935251798561151,0.8613861386138614,2.361111111111111,0.6388888888888888,2.118014301430143,120.83841874405996
2024-02-24,Arsenal,Newcastle United,4,1,H,18,3,8,2,15,6,9,0,1,0.0,0,0.0,2024,H,,,3,0.0,0.0,0.0,0,1,3.0,1.9428571428571428,1.4428571428571428,2.361111111111111,0.6388888888888888,1.2307936507936508,122.06921239485362
2024-03-04,Arsenal,Sheffield United,6,0,A,4,22,0,10,11,4,0,7,0,,0,,2024,A,1.0,0.0,3,0.0,0.0,0.0,1,0,3.0,1.950354609929078,0.5538461538461539,2.361111111111111,0.6388888888888888,2.414145299145299,124.48335769399893
2024-03-09,Arsenal,Brentford,2,1,H,17,9,6,4,9,10,10,4,2,4.0,0,0.0,2024,H,,,3,0.0,0.0,0.0,0,2,3.0,1.9577464788732395,1.2596153846153846,2.361111111111111,0.6388888888888888,1.0082799145299144,125.49163760852883
2024-03-31,Arsenal,Manchester City,0,0,D,12,6,1,2,9,20,7,4,2,,0,,2024,A,0.0,0.0,1,0.0,0.0,0.0,1,2,2.3333333333333335,1.951048951048951,2.3216783216783217,2.361111111111111,-1.3611111111111112,-3.351029526029526,122.14060808249931
2024-04-03,Arsenal,Luton Town,2,0,H,13,5,4,1,12,8,3,1,1,1.0,0,0.0,2024,H,,,3,0.0,0.0,0.0,1,1,2.3333333333333335,1.9583333333333333,0.7096774193548387,2.361111111111111,0.6388888888888888,2.1407706093189964,124.2813786918183
2024-04-06,Arsenal,Brighton and Hove Albion,3,0,A,10,20,2,7,14,13,8,7,2,,0,,2024,A,1.0,0.0,3,0.0,0.0,0.0,1,2,2.3333333333333335,1.9655172413793105,1.3586206896551725,2.361111111111111,0.6388888888888888,1.7934291187739464,126.07480781059225
2024-04-14,Arsenal,Aston Villa,0,2,A,18,11,4,2,12,7,4,6,3,1.0,0,0.0,2024,H,,,0,0.0,0.0,0.0,0,3,2.0,1.952054794520548,1.5238095238095235,2.361111111111111,-2.361111111111111,-6.781349206349207,119.29345860424304
2024-04-20,Arsenal,Wolverhampton Wanderers,2,0,A,5,24,3,9,14,9,1,2,2,,0,,2024,A,3.0,0.0,3,0.0,0.0,0.0,1,2,2.0,1.9591836734693877,1.2244897959183674,2.361111111111111,0.6388888888888888,1.8135487528344671,121.1070073570775
2024-04-23,Arsenal,Chelsea,5,0,H,27,7,10,1,12,11,4,2,2,2.0,0,0.0,2024,H,,,3,0.0,0.0,0.0,1,2,2.0,1.966216216216216,1.5890410958904109,2.361111111111111,0.6388888888888888,1.7588660578386606,122.86587341491617
2024-04-28,Arsenal,Tottenham Hotspur,3,2,A,14,9,2,3,12,16,8,6,1,,0,,2024,A,2.0,0.0,3,0.0,0.0,0.0,0,1,3.0,1.9731543624161072,1.7210884353741496,2.361111111111111,0.6388888888888888,1.1890589569160999,124.05493237183227
2024-05-04,Arsenal,Bournemouth,3,0,H,25,7,9,2,16,12,6,1,2,3.0,0,0.0,2024,H,,,3,0.0,0.0,0.0,1,2,3.0,1.98,1.1756756756756757,2.361111111111111,0.6388888888888888,1.820870870870871,125.87580324270314
2024-05-12,Arsenal,Manchester United,1,0,A,14,11,2,5,5,6,4,7,2,,0,,2024,A,0.0,0.0,3,0.0,0.0,0.0,1,2,3.0,1.9867549668874172,1.74,2.361111111111111,0.6388888888888888,1.7362222222222221,127.61202546492537
2024-05-19,Arsenal,Everton,2,1,H,26,5,5,2,8,11,8,1,4,3.0,0,0.0,2024,H,,,3,0.0,0.0,0.0,0,4,3.0,1.993421052631579,1.1973684210526316,2.361111111111111,0.6388888888888888,0.5176169590643274,128.12964242398968
2024-08-17,Arsenal,Wolverhampton Wanderers,2,0,H,18,9,6,3,17,14,8,2,2,2.0,0,0.0,2024,H,,,3,0.0,0.0,0.0,1,2,3.0,2.0,1.196078431372549,2.361111111111111,0.6388888888888888,1.8178104575163399,129.94745288150602
2024-08-24,Arsenal,Aston Villa,2,0,A,11,9,3,4,8,15,4,1,3,,0,,2024,A,1.0,0.0,3,0.0,0.0,0.0,1,3,3.0,2.0064935064935066,1.5064935064935066,2.361111111111111,0.6388888888888888,1.5212481962481963,131.46870107775422
2024-08-31,Arsenal,Brighton and Hove Albion,1,1,D,11,22,7,4,12,7,3,7,3,2.0,1,0.0,2024,H,,,1,0.0,0.0,0.0,0,5,2.3333333333333335,2.0,1.3483870967741935,2.361111111111111,-1.3611111111111112,-4.755035842293907,126.71366523546033
2024-09-15,Arsenal,Tottenham Hotspur,1,0,A,15,7,5,4,13,10,7,6,3,,0,,2024,A,5.0,0.0,3,0.0,0.0,0.0,1,3,2.3333333333333335,2.0064102564102564,1.685897435897436,2.361111111111111,0.6388888888888888,1.4943376068376069,128.20800284229793
2024-09-22,Arsenal,Manchester City,2,2,D,33,5,11,3,7,10,8,2,4,,1,,2024,A,3.0,0.0,1,0.0,0.0,0.0,0,6,1.6666666666666667,2.0,2.3694267515923566,2.361111111111111,-1.3611111111111112,-5.158191790516631,123.04981105178129
2024-09-28,Arsenal,Leicester City,4,2,H,36,5,16,3,11,6,17,0,2,4.0,0,0.0,2024,H,,,3,0.0,0.0,0.0,0,2,2.3333333333333335,2.0063291139240507,1.2916666666666667,2.361111111111111,0.6388888888888888,1.003472222222222,124.05328327400352
2024-10-05,Arsenal,Southampton,3,1,H,29,8,6,2,10,9,13,1,0,3.0,0,0.0,2024,H,,,3,0.0,0.0,0.0,0,0,2.3333333333333335,2.0125786163522013,0.9008264462809916,2.361111111111111,0.6388888888888888,1.5620982552800735,125.61538152928358
2024-10-19,Arsenal,Bournemouth,0,2,H,13,6,4,1,12,11,7,4,1,,1,,2024,A,1.0,0.0,0,0.0,0.0,0.0,0,3,2.0,2.0,1.1666666666666667,2.361111111111111,-2.361111111111111,-6.727777777777778,118.88760375150581
2024-10-27,Arsenal,Liverpool,2,2,D,9,9,3,4,14,14,1,3,2,2.0,0,0.0,2024,H,,,1,0.0,0.0,0.0,0,2,1.3333333333333333,1.9937888198757765,2.062111801242236,2.361111111111111,-1.3611111111111112,-4.112094547964113,114.7755092035417
2024-11-02,Arsenal,Newcastle United,0,1,H,9,10,4,1,16,18,4,6,4,,0,,2024,A,4.0,0.0,0,0.0,0.0,0.0,0,4,0.3333333333333333,1.9814814814814816,1.4814814814814814,2.361111111111111,-2.361111111111111,-7.025,107.7505092035417
2024-11-10,Arsenal,Chelsea,1,1,D,17,13,3,3,12,12,4,3,2,,0,,2024,A,4.0,0.0,1,0.0,0.0,0.0,0,2,0.6666666666666666,1.9754601226993864,1.638036809815951,2.361111111111111,-1.3611111111111112,-4.0484832992501705,103.70202590429153
2024-11-23,Arsenal,Nottingham Forest,3,0,H,19,7,7,0,10,1,8,1,3,2.0,0,0.0,2024,H,,,3,0.0,0.0,0.0,1,3,1.3333333333333333,1.9817073170731707,1.056818181818182,2.361111111111111,0.6388888888888888,1.5886994949494948,105.29072539924101
2024-11-30,Arsenal,West Ham United,5,2,A,12,16,5,7,10,13,2,10,1,,0,,2024,A,4.0,0.0,3,0.0,0.0,0.0,0,1,2.3333333333333335,1.987878787878788,1.3818181818181818,2.361111111111111,0.6388888888888888,1.239949494949495,106.53067489419051
2024-12-04,Arsenal,Manchester United,2,0,H,14,5,6,2,12,8,13,0,1,3.0,0,0.0,2024,H,,,3,0.0,0.0,0.0,1,1,3.0,1.9939759036144575,1.7228915662650603,2.361111111111111,0.6388888888888888,1.9887884872824633,108.51946338147297
2024-12-08,Arsenal,Fulham,1,1,D,2,12,2,4,10,9,0,6,2,,0,,2024,A,4.0,0.0,1,0.0,0.0,0.0,0,2,2.3333333333333335,1.9880239520958085,1.162790697674419,2.361111111111111,-1.3611111111111112,-3.9771963824289407,104.54226699904403
2024-12-14,Arsenal,Everton,0,0,D,13,2,5,0,6,9,8,2,0,3.0,0,0.0,2024,H,,,1,0.0,0.0,0.0,1,0,1.6666666666666667,1.9821428571428572,1.1796407185628743,2.361111111111111,-1.3611111111111112,-2.679723885562209,101.86254311348182
2024-12-21,Arsenal,Crystal Palace,5,1,A,15,14,6,6,9,8,3,3,2,,0,,2024,A,2.0,0.0,3,0.0,0.0,0.0,0,2,1.6666666666666667,1.9881656804733727,1.1952662721893492,2.361111111111111,0.6388888888888888,1.0179322813938199,102.88047539487565
2024-12-27,Arsenal,Ipswich Town,1,0,H,13,3,5,0,7,12,5,1,1,1.0,0,0.0,2024,H,,,3,0.0,0.0,0.0,1,1,2.3333333333333335,1.9941176470588236,0.6666666666666666,2.361111111111111,0.6388888888888888,2.147222222222222,105.02769761709786
2025-01-01,Arsenal,Brentford,3,1,A,5,14,2,5,6,8,4,3,2,,0,,2025,A,1.0,0.0,3,0.0,0.0,0.0,0,2,3.0,2.0,1.263157894736842,2.064516129032258,0.935483870967742,1.7492359932088288,106.77693361030668
2025-01-04,Arsenal,Brighton and Hove Albion,1,1,D,11,9,4,3,17,14,2,5,3,,0,,2025,A,2.0,0.0,1,0.0,0.0,0.0,0,3,2.3333333333333335,1.994186046511628,1.337209302325581,2.064516129032258,-1.064516129032258,-3.5118717179294823,103.2650618923772
2025-01-15,Arsenal,Tottenham Hotspur,2,1,H,14,10,4,2,16,9,10,4,3,1.0,0,0.0,2025,H,,,3,0.0,0.0,0.0,0,3,2.3333333333333335,2.0,1.6358381502890174,2.064516129032258,0.935483870967742,1.4433339548760025,104.7083958472532
2025-01-18,Arsenal,Aston Villa,2,2,D,18,8,6,4,10,18,10,1,2,3.0,0,0.0,2025,H,,,1,0.0,0.0,0.0,0,2,1.6666666666666667,1.9942528735632183,1.5229885057471264,2.064516129032258,-1.064516129032258,-3.289738598442714,101.41865724881049
2025-01-25,Arsenal,Wolverhampton Wanderers,1,0,A,9,9,4,3,20,10,1,5,1,,1,,2025,A,0.0,1.0,3,0.0,0.0,0.0,1,3,2.3333333333333335,2.0,1.1371428571428572,2.064516129032258,0.935483870967742,2.3181382488479265,103.73679549765842
2025-02-02,Arsenal,Manchester City,5,1,H,12,7,7,4,6,7,5,2,2,0.0,0,0.0,2025,H,,,3,0.0,0.0,0.0,0,2,2.3333333333333335,2.0056818181818183,2.272727272727273,2.064516129032258,0.935483870967742,1.5978005865102642,105.33459608416868
2025-02-15,Arsenal,Leicester City,2,0,A,6,11,2,5,9,10,3,7,1,,0,,2025,A,2.0,0.0,3,0.0,0.0,0.0,1,1,3.0,2.0112994350282487,1.2158273381294964,2.064516129032258,0.935483870967742,2.8063355766999303,108.14093166086862
2025-02-22,Arsenal,West Ham United,0,1,A,20,5,2,2,16,15,2,0,1,3.0,1,0.0,2025,H,,,0,0.0,0.0,0.0,0,3,2.0,2.0,1.3651685393258426,2.064516129032258,-2.064516129032258,-6.016065603479522,102.1248660573891
2025-02-26,Arsenal,Nottingham Forest,0,0,D,6,13,2,1,10,17,3,11,1,,0,,2025,A,1.0,0.0,1,0.0,0.0,0.0,1,1,1.3333333333333333,1.994413407821229,1.1844660194174756,2.064516129032258,-1.064516129032258,-2.1889602254932665,99.93590583189584
2025-03-09,Arsenal,Manchester United,1,1,D,10,17,6,6,8,11,2,9,1,,0,,2025,A,0.0,0.0,1,0.0,0.0,0.0,0,1,0.6666666666666666,1.988888888888889,1.6722222222222225,2.064516129032258,-1.064516129032258,-3.0621236559139784,96.87378217598186
2025-03-16,Arsenal,Chelsea,1,0,H,12,8,4,2,10,13,5,4,3,3.0,0,0.0,2025,H,,,3,0.0,0.0,0.0,1,3,1.6666666666666667,1.9944751381215469,1.6408839779005524,2.064516129032258,0.935483870967742,2.242577080734272,99.11635925671612
2025-04-01,Arsenal,Fulham,2,1,H,17,9,4,3,2,10,5,4,1,2.0,0,0.0,2025,H,,,3,0.0,0.0,0.0,0,1,2.3333333333333335,2.0,1.1944444444444444,2.064516129032258,0.935483870967742,2.0095430107526884,101.1259022674688
2025-04-05,Arsenal,Everton,1,1,D,5,14,2,5,17,13,3,8,1,,0,,2025,A,3.0,0.0,1,0.0,0.0,0.0,0,1,2.3333333333333335,1.994535519125683,1.185792349726776,2.064516129032258,-1.064516129032258,-2.9891591750396613,98.13674309242916
2025-04-12,Arsenal,Brentford,1,1,D,14,3,3,2,7,9,13,5,1,3.0,0,0.0,2025,H,,,1,0.0,0.0,0.0,0,1,1.6666666666666667,1.9891304347826089,1.2808219178082192,2.064516129032258,-1.064516129032258,-3.003413610251878,95.13332948217727
2025-04-20,Arsenal,Ipswich Town,4,0,A,4,24,0,7,10,7,0,12,0,,0,,2025,A,0.0,1.0,3,0.0,0.0,0.0,1,0,1.6666666666666667,1.9945945945945944,0.6363636363636364,2.064516129032258,0.935483870967742,3.1432551319648097,98.27658461414208
2025-04-23,Arsenal,Crystal Palace,2,2,D,12,15,6,4,4,6,3,6,1,1.0,0,0.0,2025,H,,,1,0.0,0.0,0.0,0,1,1.6666666666666667,1.989247311827957,1.2419354838709675,2.064516129032258,-1.064516129032258,-2.99758064516129,95.27900396898079
2025-05-03,Arsenal,Bournemouth,1,2,A,13,9,4,2,7,16,2,3,0,2.0,0,0.0,2025,H,,,0,0.0,0.0,0.0,0,0,1.3333333333333333,1.9786096256684491,1.2612612612612613,2.064516129032258,-2.064516129032258,-5.250479511769835,90.02852445721095
2025-05-11,Arsenal,Liverpool,2,2,D,14,15,5,7,13,10,3,1,1,,1,,2025,A,1.0,0.0,1,0.0,0.0,0.0,0,3,0.6666666666666666,1.9734042553191489,2.0904255319148937,2.064516129032258,-1.064516129032258,-3.624854152367879,86.40367030484308
2025-05-18,Arsenal,Newcastle United,1,0,H,12,14,4,5,9,9,10,7,3,3.0,0,0.0,2025,H,,,3,0.0,0.0,0.0,1,3,1.3333333333333333,1.9788359788359788,1.5396825396825398,2.064516129032258,0.935483870967742,2.257757296466974,88.66142760131005
2025-05-25,Arsenal,Southampton,2,1,A,7,23,2,8,7,8,5,8,0,,0,,2025,A,0.0,0.0,3,0.0,0.0,0.0,0,0,2.3333333333333335,1.9842105263157896,0.7894736842105263,2.064516129032258,0.935483870967742,2.3202886247877763,90.98171622609783
2025-08-17,Arsenal,Manchester United,1,0,A,22,9,7,3,10,19,3,4,4,,0,,2025,A,1.0,0.0,3,0.0,0.0,0.0,1,4,3.0,1.9895287958115184,1.617801047120419,2.064516129032258,0.935483870967742,1.996039520351292,92.97775574644912
2025-08-23,Arsenal,Leeds United,5,0,H,18,3,5,1,8,11,2,2,0,2.0,0,0.0,2025,H,,,3,0.0,0.0,0.0,1,0,3.0,1.9947916666666667,1.1293103448275863,2.064516129032258,0.935483870967742,3.069313125695217,96.04706887214434
2025-08-31,Arsenal,Liverpool,0,1,H,9,11,3,1,7,10,3,8,2,,0,,2025,A,2.0,0.0,0,0.0,0.0,0.0,0,2,2.0,1.9844559585492227,2.088082901554404,2.064516129032258,-2.064516129032258,-5.874502757813806,90.17256611433052
2025-09-13,Arsenal,Nottingham Forest,3,0,H,16,5,5,1,8,11,8,4,1,1.0,0,0.0,2025,H,,,3,0.0,0.0,0.0,1,1,2.0,1.9896907216494848,1.2118644067796611,2.064516129032258,0.935483870967742,2.8069300164024056,92.97949613073294
2025-09-21,Arsenal,Manchester City,1,1,D,12,5,3,3,11,10,11,2,1,2.0,0,0.0,2025,H,,,1,0.0,0.0,0.0,0,1,1.3333333333333333,1.984615384615385,2.241025641025641,2.064516129032258,-1.064516129032258,-3.147444168734491,89.83205196199845
2025-09-28,Arsenal,Newcastle United,2,1,A,8,20,3,7,8,9,7,12,1,,0,,2025,A,2.0,0.0,3,0.0,0.0,0.0,0,1,2.3333333333333335,1.989795918367347,1.5153061224489797,2.064516129032258,0.935483870967742,1.9614137590520082,91.79346572105045
2025-10-04,Arsenal,West Ham United,2,0,H,21,4,5,0,14,14,8,3,0,2.0,0,0.0,2025,H,,,3,0.0,0.0,0.0,1,0,2.3333333333333335,1.9949238578680204,1.3197969543147208,2.064516129032258,0.935483870967742,3.0407401342721467,94.83420585532261
2025-10-18,Arsenal,Fulham,1,0,A,9,16,0,5,11,4,6,10,0,,0,,2025,A,0.0,0.0,3,0.0,0.0,0.0,1,0,3.0,2.0,1.18125,2.064516129032258,0.935483870967742,3.061522177419355,97.89572803274196
2025-10-26,Arsenal,Crystal Palace,1,0,H,10,7,3,1,6,11,4,3,0,0.0,0,0.0,2025,H,,,3,0.0,0.0,0.0,1,0,3.0,2.0050251256281406,1.2663316582914572,2.064516129032258,0.935483870967742,3.0487599286756364,100.9444879614176
2025-11-01,Arsenal,Burnley,2,0,A,3,12,0,8,10,13,1,6,1,,0,,2025,A,2.0,0.0,3,0.0,0.0,0.0,1,1,3.0,2.01,0.8709677419354839,2.064516129032258,0.935483870967742,2.858064516129032,103.80255247754663
2025-11-08,Arsenal,Sunderland,2,2,D,6,17,2,7,13,13,2,2,1,,0,,2025,A,2.0,0.0,1,0.0,0.0,0.0,0,1,2.3333333333333335,2.0049751243781095,1.7272727272727273,2.064516129032258,-1.064516129032258,-3.070381231671554,100.73217124587507
2020-09-21,Aston Villa,Sheffield United,1,0,H,18,4,2,1,12,13,10,4,3,1.0,0,1.0,2020,H,,,3,0.0,0.0,0.0,1,3,3.0,3.0,0.0,1.8571428571428572,1.1428571428571428,3.0071428571428567,108.13534798534798
2020-09-28,Aston Villa,Fulham,3,0,A,16,12,3,5,18,14,5,3,3,,0,,2020,A,6.0,0.0,3,0.0,0.0,0.0,1,3,3.0,3.0,0.0,1.8571428571428572,1.1428571428571428,3.0071428571428567,111.14249084249084
2020-10-04,Aston Villa,Liverpool,7,2,H,18,14,11,8,7,10,2,7,2,1.0,0,0.0,2020,H,,,3,0.0,0.0,0.0,0,2,3.0,3.0,2.25,1.8571428571428572,1.1428571428571428,2.119642857142857,113.2621336996337
2020-10-18,Aston Villa,Leicester City,1,0,A,11,10,5,4,18,18,2,7,3,,0,,2020,A,4.0,0.0,3,0.0,0.0,0.0,1,3,3.0,3.0,1.8,1.8571428571428572,1.1428571428571428,2.7371428571428567,115.99927655677655
2020-10-23,Aston Villa,Leeds United,0,3,A,12,27,4,9,14,17,6,5,2,2.0,0,0.0,2020,H,,,0,0.0,0.0,0.0,0,2,2.0,2.4,1.6666666666666667,1.8571428571428572,-1.8571428571428572,-5.292857142857144,110.7064194139194
2020-11-01,Aston Villa,Southampton,3,4,A,19,9,10,4,12,17,11,1,1,2.0,0,0.0,2020,H,,,0,0.0,0.0,0.0,0,1,1.0,2.0,1.8571428571428572,1.8571428571428572,-1.8571428571428572,-5.071428571428572,105.63499084249084
2020-11-08,Aston Villa,Arsenal,3,0,A,13,15,2,6,11,13,3,8,0,,0,,2020,A,0.0,0.0,3,0.0,0.0,0.0,1,0,1.0,2.142857142857143,1.5,1.8571428571428572,1.1428571428571428,3.5321428571428566,109.1671336996337
2020-11-21,Aston Villa,Brighton and Hove Albion,1,2,A,15,7,4,3,5,18,12,3,2,1.0,0,1.0,2020,H,,,0,0.0,0.0,0.0,0,2,1.0,1.875,1.0,1.8571428571428572,-1.8571428571428572,-5.192857142857144,103.97427655677654
2020-11-30,Aston Villa,West Ham United,1,2,H,6,16,2,6,20,7,3,7,1,,0,,2020,A,1.0,0.0,0,0.0,0.0,0.0,0,1,1.0,1.6666666666666667,1.7,1.8571428571428572,-1.8571428571428572,-5.0478571428571435,98.9264194139194
2020-12-12,Aston Villa,Wolverhampton Wanderers,1,0,A,16,13,7,2,23,15,5,8,5,,0,,2020,A,2.0,0.0,3,0.0,0.0,0.0,1,5,1.0,1.8,1.4166666666666667,1.8571428571428572,1.1428571428571428,2.2946428571428568,101.22106227106227
2020-12-17,Aston Villa,Burnley,0,0,D,27,6,7,4,17,19,11,1,1,1.0,0,0.0,2020,H,,,1,0.0,0.0,0.0,1,1,1.3333333333333333,1.7272727272727273,0.8333333333333334,1.8571428571428572,-0.8571428571428572,-1.617857142857143,99.60320512820512
2020-12-20,Aston Villa,West Brom,3,0,A,1,19,1,10,14,8,1,7,2,,0,,2020,A,1.0,1.0,3,0.0,0.0,0.0,1,2,2.3333333333333335,1.8333333333333333,0.5,1.8571428571428572,1.1428571428571428,3.1821428571428565,102.78534798534797
2020-12-26,Aston Villa,Crystal Palace,3,0,H,21,13,10,6,18,16,4,4,1,4.0,1,0.0,2020,H,,,3,0.0,0.0,0.0,1,3,2.3333333333333335,1.9230769230769231,1.2,1.8571428571428572,1.1428571428571428,2.8271428571428565,105.61249084249083
2020-12-28,Aston Villa,Chelsea,1,1,D,16,10,5,2,16,3,11,4,1,,0,,2020,A,3.0,0.0,1,0.0,0.0,0.0,0,1,2.3333333333333335,1.8571428571428572,1.625,1.8571428571428572,-0.8571428571428572,-2.536607142857143,103.07588369963369
2021-01-01,Aston Villa,Manchester United,1,2,H,19,5,9,5,22,10,5,10,0,,0,,2021,A,4.0,0.0,0,0.0,0.0,0.0,0,0,1.3333333333333333,1.7333333333333334,2.0625,1.2142857142857142,-1.2142857142857142,-3.2450892857142857,99.8307944139194
2021-01-20,Aston Villa,Manchester City,0,2,H,28,11,9,4,10,9,16,2,2,,0,,2021,A,0.0,0.0,0,0.0,0.0,0.0,0,2,0.3333333333333333,1.625,2.111111111111111,1.2142857142857142,-1.2142857142857142,-3.752380952380952,96.07841346153845
2021-01-23,Aston Villa,Newcastle United,2,0,H,14,7,5,1,9,18,5,4,0,3.0,0,0.0,2021,H,,,3,0.0,0.0,0.0,1,0,1.0,1.7058823529411764,1.0,1.2142857142857142,1.7857142857142858,5.2142857142857135,101.29269917582417
2021-01-27,Aston Villa,Burnley,2,3,H,10,18,5,10,16,7,2,4,0,,0,,2021,A,1.0,0.0,0,0.0,0.0,0.0,0,0,1.0,1.6111111111111112,1.1578947368421053,1.2142857142857142,-1.2142857142857142,-3.109398496240601,98.18330067958357
2021-01-30,Aston Villa,Southampton,1,0,A,20,8,5,4,12,11,7,1,0,,0,,2021,A,1.0,0.0,3,0.0,0.0,0.0,1,0,2.0,1.6842105263157894,1.45,1.2142857142857142,1.7857142857142858,5.146785714285714,103.33008639386928
2021-02-03,Aston Villa,West Ham United,1,3,A,9,20,2,10,11,15,7,3,1,1.0,0,0.0,2021,H,,,0,0.0,0.0,0.0,0,1,1.0,1.6,1.7272727272727273,1.2142857142857142,-1.2142857142857142,-3.4448051948051948,99.88528119906408
2021-02-06,Aston Villa,Arsenal,1,0,H,12,14,8,3,12,12,3,7,3,2.0,0,0.0,2021,H,,,3,0.0,0.0,0.0,1,3,2.0,1.6666666666666667,1.3478260869565215,1.2142857142857142,1.7857142857142858,4.412111801242236,104.29739300030631
2021-02-13,Aston Villa,Brighton and Hove Albion,0,0,D,26,4,9,1,16,12,9,2,3,,0,,2021,A,2.0,0.0,1,0.0,0.0,0.0,1,3,1.3333333333333333,1.6363636363636365,1.0833333333333333,1.2142857142857142,-0.2142857142857142,-0.5482142857142854,103.74917871459203
2021-02-21,Aston Villa,Leicester City,1,2,A,11,16,2,7,11,12,7,8,2,1.0,0,0.0,2021,H,,,0,0.0,0.0,0.0,0,2,1.3333333333333333,1.565217391304348,1.96,1.2142857142857142,-1.2142857142857142,-3.7297142857142855,100.01946442887774
2021-02-27,Aston Villa,Leeds United,1,0,A,13,9,3,4,14,14,7,5,2,,0,,2021,A,3.0,0.0,3,0.0,0.0,0.0,1,2,1.3333333333333333,1.625,1.3461538461538465,1.2142857142857142,1.7857142857142858,4.662362637362637,104.68182706624039
2021-03-03,Aston Villa,Sheffield United,0,1,H,9,16,2,4,13,6,2,7,0,,0,,2021,A,1.0,1.0,0,0.0,0.0,0.0,0,0,1.0,1.56,0.5185185185185185,1.2142857142857142,-1.2142857142857142,-3.0134920634920634,101.66833500274832
2021-03-06,Aston Villa,Wolverhampton Wanderers,0,0,D,9,10,1,2,13,13,5,3,1,0.0,0,0.0,2021,H,,,1,0.0,0.0,0.0,1,1,1.3333333333333333,1.5384615384615383,1.25,1.2142857142857142,-0.2142857142857142,-0.07321428571428543,101.59512071703404
2021-03-12,Aston Villa,Newcastle United,1,1,D,12,15,3,6,10,10,2,2,3,,0,,2021,A,2.0,0.0,1,0.0,0.0,0.0,0,3,0.6666666666666666,1.5185185185185186,1.0,1.2142857142857142,-0.2142857142857142,-1.3357142857142854,100.25940643131975
2021-03-21,Aston Villa,Tottenham Hotspur,0,2,A,8,9,1,3,18,13,5,8,3,2.0,0,0.0,2021,H,,,0,0.0,0.0,0.0,0,3,0.6666666666666666,1.4642857142857142,1.6551724137931034,1.2142857142857142,-1.2142857142857142,-3.9339901477832506,96.3254162835365
2021-04-04,Aston Villa,Fulham,3,1,H,14,15,4,7,14,20,4,4,1,2.0,0,0.0,2021,H,,,3,0.0,0.0,0.0,0,1,1.3333333333333333,1.5172413793103448,0.8387096774193549,1.2142857142857142,1.7857142857142858,4.188479262672811,100.51389554620931
2021-04-10,Aston Villa,Liverpool,1,2,H,23,9,10,5,16,11,7,0,4,,0,,2021,A,2.0,0.0,0,0.0,0.0,0.0,0,4,1.0,1.4666666666666666,1.6774193548387095,1.2142857142857142,-1.2142857142857142,-4.187327188940093,96.32656835726922
2021-04-21,Aston Villa,Manchester City,1,2,A,8,13,3,3,12,7,1,11,0,1.0,1,1.0,2021,H,,,0,0.0,0.0,0.0,0,2,1.0,1.4193548387096775,2.3333333333333335,1.2142857142857142,-1.2142857142857142,-3.7857142857142856,92.54085407155493
2021-04-25,Aston Villa,West Brom,2,2,D,24,10,11,4,14,9,11,4,0,2.0,0,0.0,2021,H,,,1,0.0,0.0,0.0,0,0,0.3333333333333333,1.40625,0.7575757575757576,1.2142857142857142,-0.2142857142857142,-0.5493506493506491,91.99150342220429
2021-05-01,Aston Villa,Everton,2,1,A,16,13,3,5,10,13,3,6,2,,0,,2021,A,0.0,0.0,3,0.0,0.0,0.0,0,2,1.3333333333333333,1.4545454545454546,1.5757575757575757,1.2142857142857142,1.7857142857142858,3.827922077922078,95.81942550012636
2021-05-09,Aston Villa,Manchester United,1,3,A,11,18,5,7,13,18,5,6,1,1.0,1,0.0,2021,H,,,0,0.0,0.0,0.0,0,3,1.3333333333333333,1.411764705882353,2.0588235294117645,1.2142857142857142,-1.2142857142857142,-3.99453781512605,91.8248876850003
2021-05-13,Aston Villa,Everton,0,0,D,13,15,2,5,9,12,9,1,2,0.0,0,0.0,2021,H,,,1,0.0,0.0,0.0,1,2,1.3333333333333333,1.4,1.6,1.2142857142857142,-0.2142857142857142,-0.37571428571428545,91.44917339928602
2021-05-16,Aston Villa,Crystal Palace,2,3,H,23,19,8,5,23,13,7,7,2,,0,,2021,A,3.0,0.0,0,0.0,0.0,0.0,0,2,0.3333333333333333,1.3611111111111112,1.2222222222222223,1.2142857142857142,-1.2142857142857142,-3.619047619047619,87.8301257802384
2021-05-19,Aston Villa,Tottenham Hotspur,2,1,A,10,20,4,4,14,13,4,5,1,,0,,2021,A,1.0,0.0,3,0.0,0.0,0.0,0,1,1.3333333333333333,1.4054054054054057,1.5945945945945943,1.2142857142857142,1.7857142857142858,4.075096525096525,91.90522230533493
2021-05-23,Aston Villa,Chelsea,2,1,H,6,23,3,7,11,12,2,9,3,3.0,0,1.0,2021,H,,,3,0.0,0.0,0.0,0,3,2.0,1.4473684210526316,1.763157894736842,1.2142857142857142,1.7857142857142858,3.5498120300751883,95.45503433541012
2021-08-14,Aston Villa,Watford,2,3,H,13,11,7,2,18,13,2,4,1,,0,,2021,A,3.0,0.0,0,0.0,0.0,0.0,0,1,2.0,1.4102564102564104,3.0,1.2142857142857142,-1.2142857142857142,-3.6357142857142857,91.81932004969583
2021-08-21,Aston Villa,Newcastle United,2,0,H,10,9,2,1,8,18,3,4,3,4.0,0,0.0,2021,H,,,3,0.0,0.0,0.0,1,3,2.0,1.45,1.125,1.2142857142857142,1.7857142857142858,4.445535714285714,96.26485576398154
2021-08-28,Aston Villa,Brentford,1,1,D,7,9,5,2,15,14,3,2,3,3.0,0,0.0,2021,H,,,1,0.0,0.0,0.0,0,3,1.3333333333333333,1.4390243902439024,1.6666666666666667,1.2142857142857142,-0.2142857142857142,-1.4357142857142855,94.82914147826726
2021-09-11,Aston Villa,Chelsea,0,3,H,12,18,4,6,11,11,4,11,4,,0,,2021,A,1.0,0.0,0,0.0,0.0,0.0,0,4,1.3333333333333333,1.4047619047619049,1.8333333333333333,1.2142857142857142,-1.2142857142857142,-4.210714285714286,90.61842719255297
2021-09-18,Aston Villa,Everton,3,0,H,15,11,3,1,7,10,5,4,1,1.0,0,0.0,2021,H,,,3,0.0,0.0,0.0,1,1,1.3333333333333333,1.441860465116279,1.6046511627906976,1.2142857142857142,1.7857142857142858,4.873588039867109,95.49201523242009
2021-09-25,Aston Villa,Manchester United,1,0,A,28,7,4,3,9,13,5,5,2,,0,,2021,A,2.0,0.0,3,0.0,0.0,0.0,1,2,2.0,1.4772727272727273,1.9772727272727273,1.2142857142857142,1.7857142857142858,4.5676948051948045,100.05971003761489
2021-10-03,Aston Villa,Tottenham Hotspur,1,2,H,17,14,8,3,11,14,5,8,1,,0,,2021,A,2.0,0.0,0,0.0,0.0,0.0,0,1,2.0,1.4444444444444444,1.6444444444444444,1.2142857142857142,-1.2142857142857142,-3.432380952380952,96.62732908523394
2021-10-16,Aston Villa,Wolverhampton Wanderers,2,3,A,14,9,5,4,8,17,6,7,2,3.0,0,0.0,2021,H,,,0,0.0,0.0,0.0,0,2,1.0,1.4130434782608696,1.2391304347826086,1.2142857142857142,-1.2142857142857142,-3.621583850931677,93.00574523430225
2021-10-22,Aston Villa,Arsenal,1,3,H,22,10,9,4,17,10,7,4,5,,0,,2021,A,2.0,0.0,0,0.0,0.0,0.0,0,5,0.0,1.3829787234042554,1.5957446808510638,1.2142857142857142,-1.2142857142857142,-4.425075987841946,88.58066924646032
2021-10-31,Aston Villa,West Ham United,1,4,A,9,21,3,9,7,13,3,6,1,2.0,1,0.0,2021,H,,,0,0.0,0.0,0.0,0,3,0.0,1.3541666666666667,1.7708333333333333,1.2142857142857142,-1.2142857142857142,-3.9513392857142855,84.62932996074602
2021-11-05,Aston Villa,Southampton,0,1,H,9,14,3,3,12,12,10,8,2,,0,,2021,A,2.0,0.0,0,0.0,0.0,0.0,0,2,0.0,1.326530612244898,1.163265306122449,1.2142857142857142,-1.2142857142857142,-3.6102040816326526,81.01912587911337
2021-11-20,Aston Villa,Brighton and Hove Albion,2,0,H,9,6,5,2,7,13,5,7,3,3.0,0,0.0,2021,H,,,3,0.0,0.0,0.0,1,3,1.0,1.36,1.16,1.2142857142857142,1.7857142857142858,4.4402857142857135,85.4594115933991
2021-11-27,Aston Villa,Crystal Palace,2,1,A,8,10,3,3,12,10,7,3,3,,0,,2021,A,3.0,0.0,3,0.0,0.0,0.0,0,3,2.0,1.392156862745098,1.1764705882352942,1.2142857142857142,1.7857142857142858,3.6378151260504206,89.09722671944951
2021-12-01,Aston Villa,Manchester City,1,2,A,9,17,3,7,8,12,4,11,0,0.0,0,0.0,2021,H,,,0,0.0,0.0,0.0,0,0,2.0,1.3653846153846154,2.269230769230769,1.2142857142857142,-1.2142857142857142,-3.276098901098901,85.8211278183506
2021-12-05,Aston Villa,Leicester City,2,1,H,13,12,4,5,8,25,3,6,1,1.0,0,0.0,2021,H,,,3,0.0,0.0,0.0,0,1,2.0,1.3962264150943395,1.6037735849056605,1.2142857142857142,1.7857142857142858,4.0737196765498656,89.89484749490047
2021-12-11,Aston Villa,Liverpool,0,1,H,20,4,5,0,13,6,11,3,2,,0,,2021,A,1.0,0.0,0,0.0,0.0,0.0,0,2,1.0,1.3703703703703705,1.962962962962963,1.2142857142857142,-1.2142857142857142,-3.73015873015873,86.16468876474174
2021-12-14,Aston Villa,Norwich City,2,0,A,7,17,3,6,12,9,7,10,1,,0,,2021,A,3.0,0.0,3,0.0,0.0,0.0,1,1,2.0,1.4,0.5882352941176471,1.2142857142857142,1.7857142857142858,5.026050420168067,91.19073918490982
2021-12-26,Aston Villa,Chelsea,1,3,A,8,10,1,4,8,11,2,5,3,1.0,0,0.0,2021,H,,,0,0.0,0.0,0.0,0,3,1.0,1.375,1.894736842105263,1.2142857142857142,-1.2142857142857142,-3.9699248120300754,87.22081437287974
2022-01-02,Aston Villa,Brentford,1,2,H,10,16,4,5,17,11,3,7,2,,0,,2022,A,2.0,0.0,0,0.0,0.0,0.0,0,2,1.0,1.350877192982456,1.2105263157894737,1.1388888888888888,-1.1388888888888888,-3.4288011695906433,83.79201320328909
2022-01-15,Aston Villa,Manchester United,2,2,D,13,13,9,6,8,13,3,6,1,2.0,0,0.0,2022,H,,,1,0.0,0.0,0.0,0,1,0.3333333333333333,1.3448275862068966,1.827586206896552,1.1388888888888888,-0.13888888888888884,-0.7713601532567049,83.0206530500324
2022-01-22,Aston Villa,Everton,1,0,A,15,8,1,3,14,16,9,2,3,,0,,2022,A,5.0,0.0,3,0.0,0.0,0.0,1,3,1.3333333333333333,1.3728813559322033,1.3448275862068966,1.1388888888888888,1.8611111111111112,4.601053639846743,87.62170668987913
2022-02-09,Aston Villa,Leeds United,3,3,D,12,16,4,8,11,9,6,11,1,3.0,1,0.0,2022,H,,,1,0.0,0.0,0.0,0,3,1.6666666666666667,1.3666666666666667,1.3666666666666667,1.1388888888888888,-0.13888888888888884,-1.202222222222222,86.41948446765691
2022-02-13,Aston Villa,Newcastle United,0,1,H,10,11,2,1,22,15,3,6,4,,0,,2022,A,3.0,0.0,0,0.0,0.0,0.0,0,4,1.3333333333333333,1.3442622950819672,1.0819672131147542,1.1388888888888888,-1.1388888888888888,-3.909517304189435,82.50996716346748
2022-02-19,Aston Villa,Watford,0,1,A,20,8,1,4,12,7,10,5,1,2.0,0,0.0,2022,H,,,0,0.0,0.0,0.0,0,1,0.3333333333333333,1.3225806451612905,0.75,1.1388888888888888,-1.1388888888888888,-3.109722222222222,79.40024494124526
2022-02-26,Aston Villa,Brighton and Hove Albion,2,0,A,12,9,1,4,17,11,7,2,5,,0,,2022,A,4.0,0.0,3,0.0,0.0,0.0,1,5,1.0,1.3492063492063493,1.15625,1.1388888888888888,1.8611111111111112,4.129340277777777,83.52958521902303
2022-03-05,Aston Villa,Southampton,4,0,H,14,11,9,1,10,8,4,7,1,1.0,0,0.0,2022,H,,,3,0.0,0.0,0.0,1,1,2.0,1.375,1.2,1.1388888888888888,1.8611111111111112,5.122777777777777,88.6523629968008
2022-03-10,Aston Villa,Leeds United,3,0,A,4,15,1,9,17,11,3,5,3,,0,,2022,A,5.0,0.0,3,0.0,0.0,0.0,1,3,3.0,1.4,1.2424242424242424,1.1388888888888888,1.8611111111111112,4.616414141414141,93.26877713821494
2022-03-13,Aston Villa,West Ham United,1,2,H,11,13,4,7,9,3,5,7,0,,0,,2022,A,1.0,0.0,0,0.0,0.0,0.0,0,0,2.0,1.378787878787879,1.6865671641791045,1.1388888888888888,-1.1388888888888888,-3.000207296849088,90.26856984136586
2022-03-19,Aston Villa,Arsenal,0,1,A,8,10,1,3,13,14,6,5,3,3.0,0,0.0,2022,H,,,0,0.0,0.0,0.0,0,3,1.0,1.3582089552238803,1.7424242424242424,1.1388888888888888,-1.1388888888888888,-3.7585858585858585,86.50998398278
2022-04-02,Aston Villa,Wolverhampton Wanderers,1,2,H,11,15,5,5,15,8,4,9,3,,0,,2022,A,4.0,0.0,0,0.0,0.0,0.0,0,3,0.0,1.338235294117647,1.3623188405797102,1.1388888888888888,-1.1388888888888888,-3.7015700483091787,82.80841393447082
2022-04-09,Aston Villa,Tottenham Hotspur,0,4,A,9,11,8,5,12,14,9,3,2,3.0,0,0.0,2022,H,,,0,0.0,0.0,0.0,0,2,0.0,1.318840579710145,1.7246376811594204,1.1388888888888888,-1.1388888888888888,-3.5059178743961352,79.30249606007469
2022-04-23,Aston Villa,Leicester City,0,0,D,5,11,2,3,15,16,7,6,2,,0,,2022,A,3.0,0.0,1,0.0,0.0,0.0,1,2,0.3333333333333333,1.3142857142857145,1.542857142857143,1.1388888888888888,-0.13888888888888884,-0.17865079365079348,79.1238452664239
2022-04-30,Aston Villa,Norwich City,2,0,H,21,9,6,3,16,8,2,3,4,1.0,0,0.0,2022,H,,,3,0.0,0.0,0.0,1,4,1.3333333333333333,1.3380281690140845,0.6176470588235294,1.1388888888888888,1.8611111111111112,4.460130718954248,83.58397598537815
2022-05-07,Aston Villa,Burnley,3,1,A,14,12,6,7,13,11,4,5,2,,0,,2022,A,1.0,0.0,3,0.0,0.0,0.0,0,2,2.3333333333333335,1.3611111111111112,1.0,1.1388888888888888,1.8611111111111112,4.102777777777777,87.68675376315592
2022-05-10,Aston Villa,Liverpool,1,2,A,9,17,4,6,10,12,2,3,0,0.0,0,0.0,2022,H,,,0,0.0,0.0,0.0,0,0,2.0,1.3424657534246576,2.0945945945945947,1.1388888888888888,-1.1388888888888888,-3.0614114114114113,84.62534235174451
2022-05-15,Aston Villa,Crystal Palace,1,1,D,13,16,4,4,11,15,1,5,1,3.0,0,0.0,2022,H,,,1,0.0,0.0,0.0,0,1,1.3333333333333333,1.337837837837838,1.2027027027027026,1.1388888888888888,-0.13888888888888884,-0.6776276276276275,83.94771472411688
2022-05-19,Aston Villa,Burnley,1,1,D,22,10,9,5,11,20,13,6,0,1.0,0,1.0,2022,H,,,1,0.0,0.0,0.0,0,0,0.6666666666666666,1.3333333333333333,0.9866666666666668,1.1388888888888888,-0.13888888888888884,-0.39522222222222214,83.55249250189466
2022-05-22,Aston Villa,Manchester City,2,3,H,24,4,5,2,5,11,13,1,1,,0,,2022,A,0.0,0.0,0,0.0,0.0,0.0,0,1,0.6666666666666666,1.3157894736842106,2.3552631578947367,1.1388888888888888,-1.1388888888888888,-3.3505116959064325,80.20198080598823
2022-08-06,Aston Villa,Bournemouth,0,2,H,7,15,3,2,18,16,5,5,3,,0,,2022,A,3.0,0.0,0,0.0,0.0,0.0,0,3,0.3333333333333333,1.2987012987012987,3.0,1.1388888888888888,-1.1388888888888888,-3.9472222222222224,76.254758583766
2022-08-13,Aston Villa,Everton,2,1,H,12,15,4,4,9,7,5,8,4,1.0,0,0.0,2022,H,,,3,0.0,0.0,0.0,0,4,1.0,1.3205128205128205,1.2564102564102564,1.1388888888888888,1.8611111111111112,3.564316239316239,79.81907482308225
2022-08-20,Aston Villa,Crystal Palace,1,3,H,17,13,9,5,16,14,4,2,1,,0,,2022,A,2.0,0.0,0,0.0,0.0,0.0,0,1,1.0,1.3037974683544304,1.2151898734177216,1.1388888888888888,-1.1388888888888888,-3.1795007032348805,76.63957411984737
2022-08-28,Aston Villa,West Ham United,0,1,A,9,7,3,2,10,10,3,2,2,0.0,0,0.0,2022,H,,,0,0.0,0.0,0.0,0,2,1.0,1.2875,1.55,1.1388888888888888,-1.1388888888888888,-3.479722222222222,73.15985189762515
2022-08-31,Aston Villa,Arsenal,1,2,H,22,4,9,3,10,14,10,3,3,,0,,2022,A,2.0,0.0,0,0.0,0.0,0.0,0,3,0.0,1.271604938271605,1.7901234567901234,1.1388888888888888,-1.1388888888888888,-3.765740740740741,69.3941111568844
2022-09-03,Aston Villa,Manchester City,1,1,D,3,13,1,4,7,6,1,4,2,0.0,0,0.0,2022,H,,,1,0.0,0.0,0.0,0,2,0.3333333333333333,1.2682926829268293,2.3536585365853657,1.1388888888888888,-0.13888888888888884,-1.1002710027100269,68.29384015417438
2022-09-16,Aston Villa,Southampton,1,0,H,11,7,3,1,13,13,6,3,3,1.0,0,0.0,2022,H,,,3,0.0,0.0,0.0,1,3,1.3333333333333333,1.289156626506024,1.0843373493975903,1.1388888888888888,1.8611111111111112,4.640127175368138,72.93396732954251
2022-10-02,Aston Villa,Leeds United,0,0,D,9,19,1,7,23,12,2,9,2,,0,,2022,A,3.0,1.0,1,0.0,0.0,0.0,1,2,1.6666666666666667,1.2857142857142858,1.2771084337349397,1.1388888888888888,-0.13888888888888884,-0.13878848728246299,72.79517884226004
2022-10-10,Aston Villa,Nottingham Forest,1,1,D,6,12,3,2,13,19,1,4,3,,0,,2022,A,3.0,0.0,1,0.0,0.0,0.0,0,3,1.6666666666666667,1.2823529411764707,0.5555555555555556,1.1388888888888888,-0.13888888888888884,-1.0805555555555553,71.7146232867045
2022-10-16,Aston Villa,Chelsea,0,2,A,18,8,7,4,12,11,7,1,0,3.0,0,0.0,2022,H,,,0,0.0,0.0,0.0,0,0,0.6666666666666666,1.2674418604651163,1.8823529411764703,1.1388888888888888,-1.1388888888888888,-3.0295751633986927,68.6850481233058
2022-10-20,Aston Villa,Fulham,0,3,H,18,12,8,6,11,11,9,7,2,,1,,2022,A,0.0,0.0,0,0.0,0.0,0.0,0,4,0.3333333333333333,1.2528735632183907,0.8775510204081632,1.1388888888888888,-1.1388888888888888,-3.8788548752834466,64.80619324802237
2022-10-23,Aston Villa,Brentford,4,0,H,19,12,11,3,14,11,7,6,1,0.0,0,0.0,2022,H,,,3,0.0,0.0,0.0,1,1,1.0,1.2727272727272727,1.2,1.1388888888888888,1.8611111111111112,5.122777777777777,69.92897102580014
2022-10-29,Aston Villa,Newcastle United,0,4,H,20,3,7,0,11,11,3,0,1,,0,,2022,A,1.0,0.0,0,0.0,0.0,0.0,0,1,1.0,1.2584269662921348,1.3258426966292134,1.1388888888888888,-1.1388888888888888,-3.196098626716604,66.73287239908353
2022-11-06,Aston Villa,Manchester United,3,1,H,6,8,4,3,6,12,3,5,3,3.0,0,0.0,2022,H,,,3,0.0,0.0,0.0,0,3,2.0,1.2777777777777777,1.7415730337078652,1.1388888888888888,1.8611111111111112,3.741541822721598,70.47441422180513
2022-11-13,Aston Villa,Brighton and Hove Albion,2,1,A,7,8,2,2,14,11,11,4,7,,0,,2022,A,2.0,0.0,3,0.0,0.0,0.0,0,7,2.0,1.2967032967032968,1.2555555555555555,1.1388888888888888,1.8611111111111112,2.8144444444444443,73.28885866624958
2022-12-26,Aston Villa,Liverpool,1,3,A,12,16,6,9,7,12,0,6,0,0.0,0,0.0,2022,H,,,0,0.0,0.0,0.0,0,0,2.0,1.2826086956521738,2.043956043956044,1.1388888888888888,-1.1388888888888888,-3.0538156288156286,70.23504303743394
2023-01-01,Aston Villa,Tottenham Hotspur,2,0,A,6,13,2,4,15,10,5,3,3,,0,,2023,A,4.0,0.0,3,0.0,0.0,0.0,1,3,2.0,1.3010752688172045,1.7526881720430108,2.0238095238095237,0.9761904761904763,2.327572964669739,72.56261600210368
2023-01-04,Aston Villa,Wolverhampton Wanderers,1,1,D,13,10,4,3,6,12,7,8,1,3.0,0,0.0,2023,H,,,1,0.0,0.0,0.0,0,1,1.3333333333333333,1.297872340425532,1.1702127659574468,2.0238095238095237,-1.0238095238095237,-2.8850557244174264,69.67756027768627
2023-01-13,Aston Villa,Leeds United,2,1,H,11,16,5,4,12,8,0,11,2,2.0,0,0.0,2023,H,,,3,0.0,0.0,0.0,0,2,2.3333333333333335,1.3157894736842106,1.2127659574468086,2.0238095238095237,0.9761904761904763,1.8585612968591696,71.53612157454543
2023-01-21,Aston Villa,Southampton,1,0,A,8,16,5,5,19,9,2,2,2,,0,,2023,A,1.0,0.0,3,0.0,0.0,0.0,1,2,2.3333333333333335,1.3333333333333333,1.0208333333333333,2.0238095238095237,0.9761904761904763,2.6873511904761904,74.22347276502163
2023-02-04,Aston Villa,Leicester City,2,4,A,19,9,4,5,10,10,11,3,0,2.0,0,0.0,2023,H,,,0,0.0,0.0,0.0,0,0,2.0,1.3195876288659794,1.4329896907216495,2.0238095238095237,-2.0238095238095237,-5.174472263132057,69.04900050188957
2023-02-12,Aston Villa,Manchester City,1,3,H,17,6,9,2,13,14,8,4,2,,0,,2023,A,1.0,0.0,0,0.0,0.0,0.0,0,2,1.0,1.3061224489795915,2.316326530612245,2.0238095238095237,-2.0238095238095237,-5.806972789115647,63.24202771277392
2023-02-18,Aston Villa,Arsenal,2,4,A,7,20,5,5,13,4,2,9,2,1.0,0,0.0,2023,H,,,0,0.0,0.0,0.0,0,2,0.0,1.292929292929293,1.8585858585858583,2.0238095238095237,-2.0238095238095237,-5.738311688311688,57.50371602446223
2023-02-25,Aston Villa,Everton,2,0,A,15,9,5,5,12,12,5,1,1,,0,,2023,A,2.0,0.0,3,0.0,0.0,0.0,1,1,1.0,1.31,1.19,2.0238095238095237,0.9761904761904763,2.9119761904761905,60.41569221493842
2023-03-04,Aston Villa,Crystal Palace,1,0,H,8,3,1,0,14,17,2,4,2,3.0,0,1.0,2023,H,,,3,0.0,0.0,0.0,1,2,2.0,1.3267326732673268,1.1782178217821782,2.0238095238095237,0.9761904761904763,2.663743517208864,63.07943573214728
2023-03-12,Aston Villa,West Ham United,1,1,D,17,12,6,4,8,6,13,2,0,,0,,2023,A,1.0,0.0,1,0.0,0.0,0.0,0,0,2.3333333333333335,1.3235294117647058,1.4215686274509804,2.0238095238095237,-1.0238095238095237,-2.6727591036414564,60.40667662850583
2023-03-18,Aston Villa,Bournemouth,3,0,H,20,10,9,3,8,13,9,6,1,4.0,0,0.0,2023,H,,,3,0.0,0.0,0.0,1,1,2.3333333333333335,1.3398058252427183,0.8888888888888888,2.0238095238095237,0.9761904761904763,2.9571428571428573,63.36381948564868
2023-04-01,Aston Villa,Chelsea,2,0,A,27,5,8,2,14,16,13,2,3,,0,,2023,A,3.0,0.0,3,0.0,0.0,0.0,1,3,2.3333333333333335,1.3557692307692308,1.7211538461538465,2.0238095238095237,0.9761904761904763,2.3323031135531136,65.6961225992018
2023-04-04,Aston Villa,Leicester City,2,1,A,9,15,4,5,10,14,4,8,0,,0,,2023,A,2.0,1.0,3,0.0,0.0,0.0,0,0,3.0,1.3714285714285714,1.361904761904762,2.0238095238095237,0.9761904761904763,2.3361904761904766,68.03231307539227
2023-04-08,Aston Villa,Nottingham Forest,2,0,H,8,6,3,2,7,17,1,8,3,4.0,0,0.0,2023,H,,,3,0.0,0.0,0.0,1,3,3.0,1.3867924528301887,0.9,2.0238095238095237,0.9761904761904763,2.455476190476191,70.48778926586846
2023-04-15,Aston Villa,Newcastle United,3,0,H,16,8,6,2,13,15,7,2,1,1.0,0,0.0,2023,H,,,3,0.0,0.0,0.0,1,1,3.0,1.4018691588785046,1.4150943396226414,2.0238095238095237,0.9761904761904763,2.8782120395327944,73.36600130540126
2023-04-22,Aston Villa,Brentford,1,1,D,6,14,5,2,12,8,8,4,2,,0,,2023,A,3.0,0.0,1,0.0,0.0,0.0,0,2,2.3333333333333335,1.398148148148148,1.2857142857142858,2.0238095238095237,-1.0238095238095237,-3.1523809523809523,70.2136203530203
2023-04-25,Aston Villa,Fulham,1,0,H,14,1,3,0,6,18,8,2,3,2.0,0,0.0,2023,H,,,3,0.0,0.0,0.0,1,3,2.3333333333333335,1.4128440366972477,1.042857142857143,2.0238095238095237,0.9761904761904763,2.434047619047619,72.64766797206792
2023-04-30,Aston Villa,Manchester United,0,1,H,14,7,6,1,16,7,1,4,0,,0,,2023,A,2.0,0.0,0,0.0,0.0,0.0,0,0,1.3333333333333333,1.4,1.8055555555555556,2.0238095238095237,-2.0238095238095237,-5.230357142857143,67.41731082921078
2023-05-06,Aston Villa,Wolverhampton Wanderers,0,1,H,6,16,2,3,20,9,5,6,3,,0,,2023,A,3.0,0.0,0,0.0,0.0,0.0,0,3,1.0,1.3873873873873874,1.2252252252252251,2.0238095238095237,-2.0238095238095237,-5.893307593307593,61.52400323590318
2023-05-13,Aston Villa,Tottenham Hotspur,2,1,H,8,5,4,2,9,14,8,3,3,3.0,0,0.0,2023,H,,,3,0.0,0.0,0.0,0,3,1.0,1.4017857142857142,1.6964285714285714,2.0238095238095237,0.9761904761904763,1.5360119047619052,63.06001514066509
2023-05-20,Aston Villa,Liverpool,1,1,D,10,6,5,3,16,13,9,4,5,,0,,2023,A,3.0,0.0,1,0.0,0.0,0.0,0,5,1.3333333333333333,1.3982300884955752,2.0088495575221237,2.0238095238095237,-1.0238095238095237,-4.010851243152128,59.049163897512955
2023-05-28,Aston Villa,Brighton and Hove Albion,2,1,H,12,8,5,4,15,16,4,3,4,4.0,0,0.0,2023,H,,,3,0.0,0.0,0.0,0,4,2.3333333333333335,1.412280701754386,1.350877192982456,2.0238095238095237,0.9761904761904763,1.3378446115288223,60.38700850904178
2023-08-12,Aston Villa,Newcastle United,1,5,H,17,16,13,6,12,17,6,5,4,,0,,2023,A,4.0,0.0,0,0.0,0.0,0.0,0,4,1.3333333333333333,1.4,1.4608695652173913,2.0238095238095237,-2.0238095238095237,-6.1786542443064185,54.20835426473536
2023-08-20,Aston Villa,Everton,4,0,H,13,9,7,2,8,12,7,6,3,4.0,0,0.0,2023,H,,,3,0.0,0.0,0.0,1,3,2.0,1.4137931034482758,1.1551724137931034,2.0238095238095237,0.9761904761904763,2.417200328407225,56.62555459314259
2023-08-27,Aston Villa,Burnley,3,1,A,9,16,2,6,12,11,4,6,0,,0,,2023,A,2.0,0.0,3,0.0,0.0,0.0,0,0,2.0,1.4273504273504274,0.9487179487179488,2.0238095238095237,0.9761904761904763,2.3981684981684985,59.02372309131108
2023-09-03,Aston Villa,Liverpool,0,3,H,17,9,4,3,12,7,7,3,1,,0,,2023,A,0.0,0.0,0,0.0,0.0,0.0,0,1,2.0,1.4152542372881356,2.016949152542373,2.0238095238095237,-2.0238095238095237,-5.5120661824051655,53.51165690890592
2023-09-16,Aston Villa,Crystal Palace,3,1,H,16,6,5,3,13,9,4,2,5,3.0,0,0.0,2023,H,,,3,0.0,0.0,0.0,0,5,2.0,1.4285714285714286,1.2100840336134453,2.0238095238095237,0.9761904761904763,1.108963585434174,54.620620494340095
2023-09-24,Aston Villa,Chelsea,1,0,A,10,15,4,7,9,11,5,11,3,,0,,2023,A,2.0,0.0,3,0.0,0.0,0.0,1,3,2.0,1.4416666666666669,1.5833333333333333,2.0238095238095237,0.9761904761904763,2.3529761904761908,56.973596684816286
2023-09-30,Aston Villa,Brighton and Hove Albion,6,1,H,19,11,9,3,19,21,1,3,4,4.0,0,0.0,2023,H,,,3,0.0,0.0,0.0,0,4,3.0,1.4545454545454546,1.396694214876033,2.0238095238095237,0.9761904761904763,1.330972058244786,58.30456874306107
2023-10-08,Aston Villa,Wolverhampton Wanderers,1,1,D,8,18,3,4,19,9,2,10,2,,0,,2023,A,2.0,1.0,1,0.0,0.0,0.0,0,2,2.3333333333333335,1.4508196721311477,1.1885245901639343,2.0238095238095237,-1.0238095238095237,-3.137802498048399,55.16676624501267
2023-10-22,Aston Villa,West Ham United,4,1,H,15,14,7,4,9,15,8,7,0,1.0,0,0.0,2023,H,,,3,0.0,0.0,0.0,0,0,2.3333333333333335,1.4634146341463414,1.4227642276422765,2.0238095238095237,0.9761904761904763,2.3270615563298493,57.49382780134252
2023-10-29,Aston Villa,Luton Town,3,1,H,17,7,6,1,11,10,6,4,3,2.0,0,0.0,2023,H,,,3,0.0,0.0,0.0,0,3,2.3333333333333335,1.4758064516129032,0.5,2.0238095238095237,0.9761904761904763,1.7154761904761908,59.20930399181871
2023-11-05,Aston Villa,Nottingham Forest,0,2,H,5,13,3,3,6,9,0,10,1,,0,,2023,A,1.0,0.0,0,0.0,0.0,0.0,0,1,2.0,1.464,1.0408163265306123,2.0238095238095237,-2.0238095238095237,-5.365646258503402,53.843657733315304
2023-11-12,Aston Villa,Fulham,3,1,H,12,9,6,5,4,17,2,2,2,5.0,0,0.0,2023,H,,,3,0.0,0.0,0.0,0,2,2.0,1.4761904761904765,1.0454545454545454,2.0238095238095237,0.9761904761904763,1.883658008658009,55.727315741973314
2023-11-26,Aston Villa,Tottenham Hotspur,2,1,A,18,15,8,5,11,13,9,3,4,,0,,2023,A,0.0,0.0,3,0.0,0.0,0.0,0,4,2.0,1.4881889763779528,1.7244094488188977,2.0238095238095237,0.9761904761904763,1.2818147731533562,57.00913051512667
2023-12-03,Aston Villa,Bournemouth,2,2,D,15,11,7,3,16,12,7,7,3,,0,,2023,A,5.0,0.0,1,0.0,0.0,0.0,0,3,2.3333333333333335,1.484375,1.0,2.0238095238095237,-1.0238095238095237,-3.359523809523809,53.649606705602864
2023-12-06,Aston Villa,Manchester City,1,0,H,22,2,7,2,13,13,6,0,2,2.0,0,0.0,2023,H,,,3,0.0,0.0,0.0,1,2,2.3333333333333335,1.496124031007752,2.310077519379845,2.0238095238095237,0.9761904761904763,2.493964562569214,56.143571268172074
2023-12-09,Aston Villa,Arsenal,1,0,H,10,12,3,5,16,11,3,3,4,2.0,0,0.0,2023,H,,,3,0.0,0.0,0.0,1,4,2.3333333333333335,1.5076923076923077,1.9230769230769231,2.0238095238095237,0.9761904761904763,2.0520146520146523,58.19558592018673
2023-12-17,Aston Villa,Brentford,2,1,A,4,15,3,5,19,6,7,12,4,,1,,2023,A,6.0,1.0,3,0.0,0.0,0.0,0,6,3.0,1.5190839694656488,1.3333333333333333,2.0238095238095237,0.9761904761904763,0.8404761904761907,59.03606211066292
2023-12-22,Aston Villa,Sheffield United,1,1,D,12,5,4,2,11,16,9,1,3,3.0,0,0.0,2023,H,,,1,0.0,0.0,0.0,0,3,2.3333333333333335,1.5151515151515151,0.5714285714285714,2.0238095238095237,-1.0238095238095237,-3.295238095238095,55.74082401542482
2023-12-26,Aston Villa,Manchester United,2,3,H,13,10,7,4,10,10,3,6,3,,0,,2023,A,1.0,0.0,0,0.0,0.0,0.0,0,3,1.3333333333333333,1.5037593984962403,1.7894736842105263,2.0238095238095237,-2.0238095238095237,-5.977944862155389,49.76287915326943
2023-12-30,Aston Villa,Burnley,3,2,H,19,9,7,5,9,14,6,2,4,1.0,0,1.0,2023,H,,,3,0.0,0.0,0.0,0,4,1.3333333333333333,1.5149253731343284,0.8854166666666666,2.0238095238095237,0.9761904761904763,1.4076636904761908,51.17054284374562
2024-01-14,Aston Villa,Everton,0,0,D,10,16,2,5,13,14,4,5,4,,0,,2024,A,1.0,0.0,1,0.0,0.0,0.0,1,4,1.3333333333333333,1.511111111111111,1.1925925925925926,1.4864864864864864,-0.4864864864864864,-1.4951051051051047,49.67543773864052
2024-01-30,Aston Villa,Newcastle United,1,3,A,12,14,6,5,14,12,8,7,4,1.0,0,0.0,2024,H,,,0,0.0,0.0,0.0,0,4,1.3333333333333333,1.5,1.4485294117647058,1.4864864864864864,-1.4864864864864864,-4.833495627980922,44.841942110659595
2024-02-03,Aston Villa,Sheffield United,5,0,A,10,14,5,10,10,7,3,4,0,,0,,2024,A,1.0,0.0,3,0.0,0.0,0.0,1,0,1.3333333333333333,1.510948905109489,0.5409836065573771,1.4864864864864864,1.5135135135135136,4.602636242800177,49.444578353459775
2024-02-11,Aston Villa,Manchester United,1,2,A,23,17,10,5,9,7,10,8,3,2.0,0,0.0,2024,H,,,0,0.0,0.0,0.0,0,3,1.0,1.5,1.7971014492753623,1.4864864864864864,-1.4864864864864864,-4.63578143360752,44.808796919852256
2024-02-17,Aston Villa,Fulham,2,1,A,15,12,4,3,11,6,4,4,2,,0,,2024,A,5.0,0.0,3,0.0,0.0,0.0,0,2,2.0,1.5107913669064748,1.0792079207920793,1.4864864864864864,1.5135135135135136,3.2219025956649725,48.03069951551723
2024-02-24,Aston Villa,Nottingham Forest,4,2,H,16,10,6,3,7,16,7,2,1,2.0,0,0.0,2024,H,,,3,0.0,0.0,0.0,0,1,2.0,1.5214285714285714,0.96875,1.4864864864864864,1.5135135135135136,3.488471283783784,51.51917079930101
2024-03-02,Aston Villa,Luton Town,3,2,A,13,12,5,8,8,19,8,6,4,,0,,2024,A,1.0,0.0,3,0.0,0.0,0.0,0,4,3.0,1.5319148936170213,0.7692307692307693,1.4864864864864864,1.5135135135135136,2.768399168399169,54.28756996770018
2024-03-10,Aston Villa,Tottenham Hotspur,0,4,A,10,9,1,5,11,15,6,4,0,2.0,1,0.0,2024,H,,,0,0.0,0.0,0.0,0,2,2.0,1.5211267605633805,1.74468085106383,1.4864864864864864,-1.4864864864864864,-4.37791834387579,49.90965162382439
2024-03-17,Aston Villa,West Ham United,1,1,D,13,13,5,5,13,12,7,11,3,,0,,2024,A,3.0,0.0,1,0.0,0.0,0.0,0,3,1.3333333333333333,1.5174825174825175,1.4335664335664335,1.4864864864864864,-0.4864864864864864,-2.081251181251181,47.828400442573205
2024-03-30,Aston Villa,Wolverhampton Wanderers,2,0,H,11,13,5,3,11,19,5,4,3,4.0,0,0.0,2024,H,,,3,0.0,0.0,0.0,1,3,1.3333333333333333,1.5277777777777777,1.2447552447552448,1.4864864864864864,1.5135135135135136,3.7470704970704976,51.5754709396437
2024-04-03,Aston Villa,Manchester City,1,4,H,25,8,11,3,6,13,2,3,2,,0,,2024,A,1.0,0.0,0,0.0,0.0,0.0,0,2,1.3333333333333333,1.5172413793103448,2.326388888888889,1.4864864864864864,-1.4864864864864864,-4.465174549549549,47.11029639009415
2024-04-06,Aston Villa,Brentford,3,3,D,11,8,3,3,15,11,11,3,2,2.0,0,0.0,2024,H,,,1,0.0,0.0,0.0,0,2,1.3333333333333333,1.5136986301369864,1.2407407407407407,1.4864864864864864,-0.4864864864864864,-1.802327327327327,45.30796906276682
2024-04-14,Aston Villa,Arsenal,2,0,A,18,11,4,2,12,7,4,6,1,,0,,2024,A,3.0,0.0,3,0.0,0.0,0.0,1,1,1.3333333333333333,1.5238095238095235,1.952054794520548,1.4864864864864864,1.5135135135135136,4.140975564605702,49.448944627372526
2024-04-21,Aston Villa,Bournemouth,3,1,H,14,14,4,6,8,14,8,4,1,3.0,0,0.0,2024,H,,,3,0.0,0.0,0.0,0,1,2.3333333333333335,1.5337837837837838,1.1408450704225352,1.4864864864864864,1.5135135135135136,3.462657023220404,52.91160165059293
2024-04-27,Aston Villa,Chelsea,2,2,D,9,21,4,5,13,14,2,4,3,5.0,0,0.0,2024,H,,,1,0.0,0.0,0.0,0,3,2.3333333333333335,1.5302013422818792,1.5850340136054422,1.4864864864864864,-0.4864864864864864,-2.1039713182570323,50.8076303323359
2024-05-05,Aston Villa,Brighton and Hove Albion,0,1,H,15,2,8,1,13,10,7,3,1,,0,,2024,A,2.0,0.0,0,0.0,0.0,0.0,0,1,1.3333333333333333,1.52,1.348993288590604,1.4864864864864864,-1.4864864864864864,-4.068565209504807,46.73906512283109
2024-05-13,Aston Villa,Liverpool,3,3,D,19,14,5,7,11,15,5,4,1,1.0,0,0.0,2024,H,,,1,0.0,0.0,0.0,0,1,0.6666666666666666,1.5165562913907285,2.033112582781457,1.4864864864864864,-0.4864864864864864,-1.6711831036334344,45.06788201919766
2024-05-19,Aston Villa,Crystal Palace,0,5,H,15,8,9,2,10,8,2,4,4,,0,,2024,A,1.0,0.0,0,0.0,0.0,0.0,0,4,0.3333333333333333,1.506578947368421,1.2236842105263157,1.4864864864864864,-1.4864864864864864,-4.799768847795163,40.268113171402504
2024-08-17,Aston Villa,West Ham United,2,1,A,14,15,3,3,18,11,5,3,2,,0,,2024,A,1.0,0.0,3,0.0,0.0,0.0,0,2,1.3333333333333333,1.5163398692810457,1.392156862745098,1.4864864864864864,1.5135135135135136,3.1749602543720195,43.44307342577452
2024-08-24,Aston Villa,Arsenal,0,2,A,11,9,3,4,8,15,4,1,1,3.0,0,0.0,2024,H,,,0,0.0,0.0,0.0,0,1,1.0,1.5064935064935066,2.0064935064935066,1.4864864864864864,-1.4864864864864864,-4.167190242190242,39.275883183584284
2024-08-31,Aston Villa,Leicester City,2,1,A,9,10,3,5,13,21,1,4,5,,0,,2024,A,4.0,0.0,3,0.0,0.0,0.0,0,5,2.0,1.5161290322580645,1.3076923076923077,1.4864864864864864,1.5135135135135136,2.437629937629938,41.71351312121422
2024-09-14,Aston Villa,Everton,3,2,H,17,6,8,2,10,12,6,2,1,4.0,0,0.0,2024,H,,,3,0.0,0.0,0.0,0,1,2.0,1.5256410256410255,1.1666666666666667,1.4864864864864864,1.5135135135135136,3.4587837837837845,45.17229690499801
2024-09-21,Aston Villa,Wolverhampton Wanderers,3,1,H,9,10,4,4,11,16,6,5,3,6.0,0,0.0,2024,H,,,3,0.0,0.0,0.0,0,3,3.0,1.535031847133758,1.1719745222929936,1.4864864864864864,1.5135135135135136,2.9579876054398353,48.13028451043784
2024-09-29,Aston Villa,Ipswich Town,2,2,D,15,7,5,3,10,14,10,0,1,,0,,2024,A,4.0,0.0,1,0.0,0.0,0.0,0,1,2.3333333333333335,1.5316455696202531,0.6666666666666666,1.4864864864864864,-0.4864864864864864,-1.466216216216216,46.66406829422162
2024-10-06,Aston Villa,Manchester United,0,0,D,11,10,1,4,12,11,6,3,1,5.0,0,0.0,2024,H,,,1,0.0,0.0,0.0,1,1,1.6666666666666667,1.528301886792453,1.729559748427673,1.4864864864864864,-0.4864864864864864,-0.8256501784803669,45.838418115741256
2024-10-19,Aston Villa,Fulham,3,1,A,10,14,4,5,8,11,6,11,3,,1,,2024,A,3.0,1.0,3,0.0,0.0,0.0,0,5,1.6666666666666667,1.5375,1.1311475409836065,1.4864864864864864,1.5135135135135136,2.464111652636243,48.3025297683775
2024-10-26,Aston Villa,Bournemouth,1,1,D,18,11,8,3,12,14,9,7,7,6.0,0,0.0,2024,H,,,1,0.0,0.0,0.0,0,7,1.6666666666666667,1.5341614906832295,1.1647058823529413,1.4864864864864864,-0.4864864864864864,-3.040922098569157,45.26160766980834
2024-11-03,Aston Villa,Tottenham Hotspur,1,4,H,16,12,6,1,14,14,6,4,0,,0,,2024,A,2.0,0.0,0,0.0,0.0,0.0,0,0,1.3333333333333333,1.5246913580246917,1.6975308641975309,1.4864864864864864,-1.4864864864864864,-3.8708458458458455,41.3907618239625
2024-11-09,Aston Villa,Liverpool,0,2,H,14,12,5,2,11,15,2,9,3,,0,,2024,A,0.0,0.0,0,0.0,0.0,0.0,0,3,0.3333333333333333,1.5153374233128831,2.0736196319018405,1.4864864864864864,-1.4864864864864864,-4.677259161001492,36.713502662961005
2024-11-23,Aston Villa,Crystal Palace,2,2,D,17,13,5,6,10,11,10,1,3,2.0,0,0.0,2024,H,,,1,0.0,0.0,0.0,0,3,0.3333333333333333,1.5121951219512195,1.1829268292682926,1.4864864864864864,-0.4864864864864864,-2.04365524060646,34.66984742235455
2024-12-01,Aston Villa,Chelsea,0,3,H,17,10,8,4,21,6,3,4,2,,0,,2024,A,2.0,0.0,0,0.0,0.0,0.0,0,2,0.3333333333333333,1.503030303030303,1.6545454545454543,1.4864864864864864,-1.4864864864864864,-4.364398034398034,30.305449387956514
2024-12-04,Aston Villa,Brentford,3,1,H,20,9,10,1,11,15,10,5,2,2.0,0,0.0,2024,H,,,3,0.0,0.0,0.0,0,2,1.3333333333333333,1.5120481927710845,1.28125,1.4864864864864864,1.5135135135135136,3.191596283783784,33.497045671740295
2024-12-07,Aston Villa,Southampton,1,0,H,18,4,5,0,18,15,14,1,1,3.0,0,0.0,2024,H,,,3,0.0,0.0,0.0,1,1,2.0,1.520958083832335,0.875968992248062,1.4864864864864864,1.5135135135135136,4.302388434946574,37.799434106686874
2024-12-14,Aston Villa,Nottingham Forest,1,2,H,17,8,6,2,12,6,4,3,1,,0,,2024,A,0.0,0.0,0,0.0,0.0,0.0,0,1,2.0,1.511904761904762,1.108695652173913,1.4864864864864864,-1.4864864864864864,-4.032520564042303,33.76691354264457
2024-12-21,Aston Villa,Manchester City,2,1,H,11,12,6,6,14,7,5,4,3,3.0,0,0.0,2024,H,,,3,0.0,0.0,0.0,0,3,2.0,1.5207100591715976,2.284023668639054,1.4864864864864864,1.5135135135135136,2.791180233487926,36.558093776132495
2024-12-26,Aston Villa,Newcastle United,0,3,H,22,4,8,1,15,10,9,6,1,,1,,2024,A,2.0,0.0,0,0.0,0.0,0.0,0,3,1.0,1.511764705882353,1.4941176470588236,1.4864864864864864,-1.4864864864864864,-4.59033386327504,31.96775991285746
2024-12-30,Aston Villa,Brighton and Hove Albion,2,2,D,20,13,4,4,9,14,12,3,2,3.0,0,0.0,2024,H,,,1,0.0,0.0,0.0,0,2,1.3333333333333333,1.5087719298245614,1.3391812865497077,1.4864864864864864,-0.4864864864864864,-1.8170934091986721,30.150666503658783
2025-01-04,Aston Villa,Leicester City,2,1,H,13,4,5,2,10,11,7,2,0,1.0,0,0.0,2025,H,,,3,0.0,0.0,0.0,0,0,1.3333333333333333,1.5174418604651163,1.2388059701492538,1.8333333333333333,1.1666666666666667,2.830845771144279,32.981512274803066
2025-01-15,Aston Villa,Everton,1,0,A,10,11,3,3,17,10,8,5,1,,0,,2025,A,2.0,0.0,3,0.0,0.0,0.0,1,1,2.3333333333333335,1.5260115606936415,1.1569767441860466,1.8333333333333333,1.1666666666666667,3.3931201550387597,36.374632429841824
2025-01-18,Aston Villa,Arsenal,2,2,D,18,8,6,4,10,18,10,1,3,,0,,2025,A,2.0,0.0,1,0.0,0.0,0.0,0,3,2.3333333333333335,1.5229885057471264,1.9942528735632183,1.8333333333333333,-0.8333333333333333,-3.0324712643678158,33.34216116547401
2025-01-26,Aston Villa,West Ham United,1,1,D,14,14,4,4,13,16,4,3,2,3.0,0,0.0,2025,H,,,1,0.0,0.0,0.0,0,2,1.6666666666666667,1.52,1.3714285714285714,1.8333333333333333,-0.8333333333333333,-2.6890476190476185,30.653113546426397
2025-02-01,Aston Villa,Wolverhampton Wanderers,0,2,H,8,10,5,3,20,13,5,8,3,,0,,2025,A,2.0,0.0,0,0.0,0.0,0.0,0,3,0.6666666666666666,1.5113636363636365,1.1477272727272727,1.8333333333333333,-1.8333333333333333,-5.405492424242424,25.247621122183972
2025-02-15,Aston Villa,Ipswich Town,1,1,D,25,4,6,3,7,11,16,1,0,3.0,0,1.0,2025,H,,,1,0.0,0.0,0.0,0,0,0.6666666666666666,1.5084745762711864,0.68,1.8333333333333333,-0.8333333333333333,-2.085333333333333,23.162287788850634
2025-02-19,Aston Villa,Liverpool,2,2,D,9,17,4,3,8,6,6,8,1,0.0,0,0.0,2025,H,,,1,0.0,0.0,0.0,0,1,0.6666666666666666,1.5056179775280898,2.0842696629213484,1.8333333333333333,-0.8333333333333333,-2.545973782771535,20.616314006079094
2025-02-22,Aston Villa,Chelsea,2,1,H,12,15,6,7,15,16,2,3,1,3.0,0,0.0,2025,H,,,3,0.0,0.0,0.0,0,1,1.6666666666666667,1.5139664804469273,1.6348314606741574,1.8333333333333333,1.1666666666666667,2.5214419475655436,23.137755953644643
2025-02-25,Aston Villa,Crystal Palace,1,4,H,19,6,6,2,19,10,3,8,1,,0,,2025,A,3.0,0.0,0,0.0,0.0,0.0,0,1,1.3333333333333333,1.5055555555555555,1.2402234636871508,1.8333333333333333,-1.8333333333333333,-4.919366852886406,18.21838910075823
2025-03-08,Aston Villa,Brentford,1,0,A,13,12,3,4,10,5,6,5,2,,0,,2025,A,2.0,0.0,3,0.0,0.0,0.0,1,2,2.0,1.5138121546961325,1.2816901408450705,1.8333333333333333,1.1666666666666667,3.1244131455399065,21.342802246298135
2025-04-02,Aston Villa,Brighton and Hove Albion,3,0,A,11,8,4,5,16,11,4,0,3,,0,,2025,A,1.0,0.0,3,0.0,0.0,0.0,1,3,2.0,1.521978021978022,1.3681318681318682,1.8333333333333333,1.1666666666666667,2.8614468864468865,24.20424913274502
2025-04-05,Aston Villa,Nottingham Forest,2,1,H,17,19,8,3,7,15,4,4,2,2.0,0,0.0,2025,H,,,3,0.0,0.0,0.0,0,2,3.0,1.530054644808743,1.2242990654205608,1.8333333333333333,1.1666666666666667,2.333021806853583,26.5372709395986
2025-04-12,Aston Villa,Southampton,3,0,A,7,25,2,10,11,4,2,14,1,,0,,2025,A,3.0,0.0,3,0.0,0.0,0.0,1,1,3.0,1.5380434782608696,0.8082191780821918,1.8333333333333333,1.1666666666666667,3.445433789954338,29.982704729552935
2025-04-19,Aston Villa,Newcastle United,4,1,H,23,10,9,3,9,12,7,7,1,3.0,0,0.0,2025,H,,,3,0.0,0.0,0.0,0,1,3.0,1.545945945945946,1.5351351351351352,1.8333333333333333,1.1666666666666667,2.536396396396397,32.519101125949334
2025-04-22,Aston Villa,Manchester City,1,2,H,14,7,6,3,9,10,10,2,3,,0,,2025,A,3.0,0.0,0,0.0,0.0,0.0,0,3,2.0,1.5376344086021505,2.2580645161290325,1.8333333333333333,-1.8333333333333333,-5.572043010752688,26.94705811519664
2025-05-03,Aston Villa,Fulham,1,0,H,10,11,3,3,6,17,5,3,0,5.0,0,0.0,2025,H,,,3,0.0,0.0,0.0,1,0,2.0,1.5454545454545454,1.1946308724832215,1.8333333333333333,1.1666666666666667,3.637472035794184,30.58453015099083
2025-05-10,Aston Villa,Bournemouth,1,0,A,10,6,4,3,19,12,10,0,3,,1,,2025,A,4.0,0.0,3,0.0,0.0,0.0,1,5,2.0,1.553191489361702,1.25,1.8333333333333333,1.1666666666666667,2.379166666666667,32.96369681765749
2025-05-16,Aston Villa,Tottenham Hotspur,2,0,H,18,3,7,1,5,12,9,1,1,2.0,0,0.0,2025,H,,,3,0.0,0.0,0.0,1,1,3.0,1.560846560846561,1.5714285714285714,1.8333333333333333,1.1666666666666667,3.330952380952381,36.294649198609875
2025-05-25,Aston Villa,Manchester United,0,2,H,25,6,10,1,10,10,4,3,2,,1,,2025,A,2.0,0.0,0,0.0,0.0,0.0,0,4,2.0,1.5526315789473684,1.6263157894736842,1.8333333333333333,-1.8333333333333333,-5.727280701754386,30.567368496855494
2025-08-16,Aston Villa,Newcastle United,0,0,D,3,16,3,3,13,11,3,6,1,1.0,1,0.0,2025,H,,,1,0.0,0.0,0.0,1,3,1.3333333333333333,1.549738219895288,1.5287958115183249,1.8333333333333333,-0.8333333333333333,-2.162652705061082,28.404715791794416
2025-08-23,Aston Villa,Brentford,0,1,H,9,17,2,2,11,9,2,9,2,,0,,2025,A,1.0,0.0,0,0.0,0.0,0.0,0,2,0.3333333333333333,1.5416666666666667,1.318181818181818,1.8333333333333333,-1.8333333333333333,-5.181060606060606,23.223655185733804
2025-08-31,Aston Villa,Crystal Palace,0,3,A,13,6,4,4,7,14,10,1,2,3.0,0,0.0,2025,H,,,0,0.0,0.0,0.0,0,2,0.3333333333333333,1.5336787564766838,1.2642487046632125,1.8333333333333333,-1.8333333333333333,-5.172970639032815,18.050684546700992
2025-09-13,Aston Villa,Everton,0,0,D,20,7,2,1,17,15,10,3,3,,0,,2025,A,3.0,0.0,1,0.0,0.0,0.0,1,3,0.3333333333333333,1.5309278350515465,1.2216494845360826,1.8333333333333333,-0.8333333333333333,-2.1165807560137453,15.934103790687246
2025-09-21,Aston Villa,Sunderland,1,1,D,14,12,4,2,14,8,6,5,1,,0,,2025,A,2.0,1.0,1,0.0,0.0,0.0,0,1,0.6666666666666666,1.528205128205128,1.6,1.8333333333333333,-0.8333333333333333,-2.473333333333333,13.460770457353917
2025-09-28,Aston Villa,Fulham,3,1,H,9,11,4,4,10,13,2,8,1,4.0,0,0.0,2025,H,,,3,0.0,0.0,0.0,0,1,1.6666666666666667,1.5357142857142858,1.1962025316455696,1.8333333333333333,1.1666666666666667,2.5872362869198318,16.04800674427375
2025-10-05,Aston Villa,Burnley,2,1,H,15,5,7,2,9,15,6,4,3,1.0,0,0.0,2025,H,,,3,0.0,0.0,0.0,0,3,2.3333333333333335,1.5431472081218274,0.8429752066115702,1.8333333333333333,1.1666666666666667,2.1402203856749313,18.188227129948686
2025-10-19,Aston Villa,Tottenham Hotspur,2,1,A,9,8,3,2,11,7,6,6,0,,0,,2025,A,2.0,0.0,3,0.0,0.0,0.0,0,0,3.0,1.5505050505050506,1.5707070707070707,1.8333333333333333,1.1666666666666667,2.7810606060606067,20.969287736009292
2025-10-26,Aston Villa,Manchester City,1,0,H,9,18,3,4,8,16,5,6,1,4.0,0,0.0,2025,H,,,3,0.0,0.0,0.0,1,1,3.0,1.5577889447236182,2.241206030150754,1.8333333333333333,1.1666666666666667,3.230485762144054,24.19977349815335
2025-11-01,Aston Villa,Liverpool,0,2,H,16,10,4,3,13,11,1,4,3,,0,,2025,A,2.0,0.0,0,0.0,0.0,0.0,0,3,2.0,1.55,2.06,1.8333333333333333,-1.8333333333333333,-5.542333333333334,18.657440164820017
2025-11-09,Aston Villa,Bournemouth,4,0,H,16,13,8,4,8,20,6,9,2,2.0,0,0.0,2025,H,,,3,0.0,0.0,0.0,1,2,2.0,1.5572139303482586,1.288,1.8333333333333333,1.1666666666666667,3.123466666666667,21.78090683148669
2022-08-06,Bournemouth,Aston Villa,2,0,H,7,15,3,2,18,16,5,5,3,3.0,0,0.0,2022,H,,,3,0.0,0.0,0.0,1,3,3.0,3.0,1.2987012987012987,0.9411764705882353,2.0588235294117645,5.102253628724216,108.43558696205753
2022-08-13,Bournemouth,Manchester City,0,4,H,19,3,7,1,9,9,11,1,3,,0,,2022,A,0.0,0.0,0,0.0,0.0,0.0,0,3,1.5,1.5,2.371794871794872,0.9411764705882353,-0.9411764705882353,-3.358710407239819,105.07687655481772
2022-08-20,Bournemouth,Arsenal,0,3,A,6,14,1,6,12,10,3,4,2,1.0,0,0.0,2022,H,,,0,0.0,0.0,0.0,0,2,1.0,1.0,1.759493670886076,0.9411764705882353,-0.9411764705882353,-3.0168652271034997,102.06001132771421
2022-08-27,Bournemouth,Liverpool,0,9,H,19,5,12,2,6,5,8,1,1,,0,,2022,A,0.0,0.0,0,0.0,0.0,0.0,0,1,0.0,0.75,2.075,0.9411764705882353,-0.9411764705882353,-2.814191176470588,99.24582015124362
2022-08-31,Bournemouth,Wolverhampton Wanderers,0,0,D,5,17,2,4,12,12,2,5,2,1.0,0,0.0,2022,H,,,1,0.0,0.0,0.0,1,2,0.3333333333333333,0.8,1.2222222222222223,0.9411764705882353,0.05882352941176472,0.36372549019607847,99.60954564143971
2022-09-03,Bournemouth,Nottingham Forest,3,2,A,11,8,3,3,13,10,4,6,1,,0,,2022,A,2.0,0.0,3,0.0,0.0,0.0,0,1,1.3333333333333333,1.1666666666666667,0.6666666666666666,0.9411764705882353,2.0588235294117645,4.897058823529411,104.50660446496912
2022-09-17,Bournemouth,Newcastle United,1,1,D,20,10,7,3,10,11,8,1,2,,0,,2022,A,2.0,0.0,1,0.0,0.0,0.0,0,2,1.6666666666666667,1.1428571428571428,1.2289156626506024,0.9411764705882353,0.05882352941176472,-0.4372785258681786,104.06932593910093
2022-10-01,Bournemouth,Brentford,0,0,D,7,13,1,4,11,10,7,8,1,2.0,0,0.0,2022,H,,,1,0.0,0.0,0.0,1,1,1.6666666666666667,1.125,1.2173913043478262,0.9411764705882353,0.05882352941176472,0.614450127877238,104.68377606697817
2022-10-08,Bournemouth,Leicester City,2,1,H,10,9,4,5,8,16,7,2,1,2.0,0,0.0,2022,H,,,3,0.0,0.0,0.0,0,1,1.6666666666666667,1.3333333333333333,1.4352941176470588,0.9411764705882353,2.0588235294117645,4.7817647058823525,109.46554077286052
2022-10-15,Bournemouth,Fulham,2,2,D,19,10,4,6,9,11,5,6,0,,0,,2022,A,2.0,0.0,1,0.0,0.0,0.0,0,0,1.6666666666666667,1.3,0.8333333333333334,0.9411764705882353,0.05882352941176472,0.1220588235294118,109.58759959638994
2022-10-19,Bournemouth,Southampton,0,1,A,15,9,3,3,8,13,7,3,1,3.0,0,0.0,2022,H,,,0,0.0,0.0,0.0,0,1,1.3333333333333333,1.181818181818182,1.0804597701149423,0.9411764705882353,-0.9411764705882353,-2.6650101419878296,106.92258945440211
2022-10-24,Bournemouth,West Ham United,0,2,H,20,5,4,3,9,11,5,0,2,,0,,2022,A,0.0,0.0,0,0.0,0.0,0.0,0,2,0.3333333333333333,1.0833333333333333,1.5340909090909092,0.9411764705882353,-0.9411764705882353,-2.9830548128342245,103.93953464156789
2022-10-29,Bournemouth,Tottenham Hotspur,2,3,A,6,23,4,7,10,5,2,19,1,2.0,0,0.0,2022,H,,,0,0.0,0.0,0.0,0,1,0.0,1.0,1.7865168539325842,0.9411764705882353,-0.9411764705882353,-2.7709187045604757,101.1686159370074
2022-11-05,Bournemouth,Leeds United,3,4,H,18,9,4,6,16,10,13,3,2,,0,,2022,A,2.0,0.0,0,0.0,0.0,0.0,0,2,0.0,0.9285714285714286,1.2584269662921348,0.9411764705882353,-0.9411764705882353,-2.9417052214144084,98.226910715593
2022-11-12,Bournemouth,Everton,3,0,H,16,15,9,3,12,8,3,5,2,0.0,0,0.0,2022,H,,,3,0.0,0.0,0.0,1,2,1.0,1.0666666666666669,1.2307692307692308,0.9411764705882353,2.0588235294117645,5.362443438914026,103.58935415450702
2022-12-27,Bournemouth,Chelsea,0,2,H,15,9,5,4,8,10,6,8,0,,0,,2022,A,0.0,0.0,0,0.0,0.0,0.0,0,0,1.0,1.0,1.8131868131868132,0.9411764705882353,-0.9411764705882353,-2.52491919844861,101.06443495605842
2022-12-31,Bournemouth,Crystal Palace,0,2,A,6,15,2,6,17,11,2,7,4,1.0,0,0.0,2022,H,,,0,0.0,0.0,0.0,0,4,1.0,0.9411764705882352,1.2391304347826086,0.9411764705882353,-0.9411764705882353,-3.4388107416879796,97.62562421437043
2023-01-03,Bournemouth,Manchester United,0,3,H,18,7,6,4,13,7,6,5,3,,0,,2023,A,0.0,0.0,0,0.0,0.0,0.0,0,3,0.0,0.8888888888888888,1.7956989247311828,1.2,-1.2,-3.9193548387096775,93.70626937566075
2023-01-14,Bournemouth,Brentford,0,2,H,12,7,4,2,5,9,5,3,1,,0,,2023,A,1.0,0.0,0,0.0,0.0,0.0,0,1,0.0,0.8421052631578947,1.3157894736842106,1.2,-1.2,-3.3473684210526313,90.35890095460813
2023-01-21,Bournemouth,Nottingham Forest,1,1,D,16,20,4,5,10,7,4,6,1,2.0,0,0.0,2023,H,,,1,0.0,0.0,0.0,0,1,0.3333333333333333,0.85,1.05,1.2,-0.19999999999999996,-0.8074999999999999,89.55140095460813
2023-02-04,Bournemouth,Brighton and Hove Albion,0,1,H,20,12,6,2,14,7,7,3,1,,0,,2023,A,3.0,0.0,0,0.0,0.0,0.0,0,1,0.3333333333333333,0.8095238095238095,1.3125,1.2,-1.2,-3.346875,86.20452595460813
2023-02-11,Bournemouth,Newcastle United,1,1,D,11,15,5,7,8,10,4,6,2,3.0,0,0.0,2023,H,,,1,0.0,0.0,0.0,0,2,0.6666666666666666,0.8181818181818182,1.3775510204081634,1.2,-0.19999999999999996,-1.1066326530612243,85.0978933015469
2023-02-18,Bournemouth,Wolverhampton Wanderers,1,0,A,15,5,4,1,12,10,12,2,3,,0,,2023,A,3.0,0.0,3,0.0,0.0,0.0,1,3,1.3333333333333333,0.9130434782608696,1.202020202020202,1.2,1.8,4.469696969696969,89.56759027124387
2023-02-25,Bournemouth,Manchester City,1,4,A,13,20,2,5,10,9,4,6,2,2.0,0,0.0,2023,H,,,0,0.0,0.0,0.0,0,2,1.3333333333333333,0.875,2.3168316831683167,1.2,-1.2,-3.7475247524752473,85.82006551876863
2023-03-04,Bournemouth,Arsenal,2,3,H,31,4,9,4,6,8,17,1,2,,0,,2023,A,0.0,0.0,0,0.0,0.0,0.0,0,2,1.0,0.84,1.892156862745098,1.2,-1.2,-3.6838235294117645,82.13624198935686
2023-03-11,Bournemouth,Liverpool,1,0,H,5,15,2,6,7,9,3,8,2,1.0,0,0.0,2023,H,,,3,0.0,0.0,0.0,1,2,1.0,0.9230769230769232,1.9901960784313728,1.2,1.8,4.601470588235293,86.73771257759216
2023-03-18,Bournemouth,Aston Villa,0,3,H,20,10,9,3,8,13,9,6,4,,0,,2023,A,1.0,0.0,0,0.0,0.0,0.0,0,4,1.0,0.8888888888888888,1.3398058252427183,1.2,-1.2,-4.100970873786408,82.63674170380574
2023-04-01,Bournemouth,Fulham,2,1,H,12,10,7,2,15,13,4,3,1,4.0,0,0.0,2023,H,,,3,0.0,0.0,0.0,0,1,2.0,0.9642857142857144,1.0151515151515151,1.2,1.8,4.197727272727272,86.83446897653302
2023-04-04,Bournemouth,Brighton and Hove Albion,0,2,A,14,16,3,6,11,5,5,5,1,1.0,0,0.0,2023,H,,,0,0.0,0.0,0.0,0,1,1.0,0.9310344827586208,1.3398058252427183,1.2,-1.2,-3.3509708737864075,83.48349810274661
2023-04-08,Bournemouth,Leicester City,1,0,A,14,19,4,7,10,13,6,6,3,,0,,2023,A,0.0,0.0,3,0.0,0.0,0.0,1,3,2.0,1.0,1.349056603773585,1.2,1.8,4.447641509433962,87.93113961218057
2023-04-15,Bournemouth,Tottenham Hotspur,3,2,A,24,6,8,6,8,9,8,1,2,,0,,2023,A,1.0,0.0,3,0.0,0.0,0.0,0,2,2.0,1.064516129032258,1.7383177570093458,1.2,1.8,3.8392523364485984,91.77039194862917
2023-04-23,Bournemouth,West Ham United,0,4,A,17,18,5,10,7,8,8,5,1,2.0,0,0.0,2023,H,,,0,0.0,0.0,0.0,0,1,2.0,1.03125,1.4485981308411215,1.2,-1.2,-3.367289719626168,88.403102229003
2023-04-27,Bournemouth,Southampton,1,0,A,11,16,2,2,9,11,6,4,3,,0,,2023,A,0.0,0.0,3,0.0,0.0,0.0,1,3,2.0,1.0909090909090908,0.981651376146789,1.2,1.8,4.502752293577981,92.90585452258098
2023-04-30,Bournemouth,Leeds United,4,1,H,12,15,7,6,12,14,2,6,1,0.0,0,0.0,2023,H,,,3,0.0,0.0,0.0,0,1,2.0,1.1470588235294117,1.1545454545454543,1.2,1.8,4.176818181818182,97.08267270439916
2023-05-06,Bournemouth,Chelsea,1,3,A,10,11,4,5,9,11,7,7,1,3.0,0,0.0,2023,H,,,0,0.0,0.0,0.0,0,1,2.0,1.1142857142857143,1.6636363636363636,1.2,-1.2,-3.3995454545454544,93.68312724985371
2023-05-13,Bournemouth,Crystal Palace,0,2,H,17,5,5,0,5,12,11,2,2,,0,,2023,A,0.0,0.0,0,0.0,0.0,0.0,0,2,1.0,1.0833333333333333,1.2053571428571428,1.2,-1.2,-3.5808035714285715,90.10232367842514
2023-05-20,Bournemouth,Manchester United,0,1,A,10,20,4,5,6,7,3,6,1,0.0,0,0.0,2023,H,,,0,0.0,0.0,0.0,0,1,0.0,1.054054054054054,1.7946428571428572,1.2,-1.2,-3.4191964285714285,86.68312724985371
2023-05-28,Bournemouth,Everton,0,1,H,13,7,6,2,11,12,9,3,3,,0,,2023,A,1.0,0.0,0,0.0,0.0,0.0,0,3,0.0,1.0263157894736843,1.1754385964912282,1.2,-1.2,-3.8263157894736843,82.85681146038002
2023-08-12,Bournemouth,West Ham United,1,1,D,14,16,5,3,9,14,10,4,1,4.0,0,0.0,2023,H,,,1,0.0,0.0,0.0,0,1,0.3333333333333333,1.0256410256410255,1.4086956521739131,1.2,-0.19999999999999996,-0.8613043478260869,81.99550711255394
2023-08-19,Bournemouth,Liverpool,1,3,H,26,13,10,5,11,13,10,2,3,,0,,2023,A,1.0,1.0,0,0.0,0.0,0.0,0,3,0.3333333333333333,1.0,2.0,1.2,-1.2,-3.9499999999999997,78.04550711255393
2023-08-26,Bournemouth,Tottenham Hotspur,0,2,A,11,17,3,6,18,11,6,2,1,3.0,0,0.0,2023,H,,,0,0.0,0.0,0.0,0,1,0.3333333333333333,0.975609756097561,1.709401709401709,1.2,-1.2,-3.4064102564102563,74.63909685614368
2023-09-02,Bournemouth,Brentford,2,2,D,21,12,7,5,6,13,5,2,2,,0,,2023,A,1.0,0.0,1,0.0,0.0,0.0,0,2,0.3333333333333333,0.9761904761904762,1.3875,1.2,-0.19999999999999996,-1.1081249999999998,73.53097185614368
2023-09-17,Bournemouth,Chelsea,0,0,D,13,14,4,6,15,20,1,7,1,5.0,0,0.0,2023,H,,,1,0.0,0.0,0.0,1,1,0.6666666666666666,0.9767441860465116,1.596638655462185,1.2,-0.19999999999999996,-0.08949579831932758,73.44147605782435
2023-09-24,Bournemouth,Brighton and Hove Albion,1,3,H,13,12,4,4,12,17,4,4,3,,0,,2023,A,3.0,0.0,0,0.0,0.0,0.0,0,3,0.6666666666666666,0.9545454545454546,1.4083333333333334,1.2,-1.2,-3.86125,69.58022605782435
2023-09-30,Bournemouth,Arsenal,0,4,A,8,15,1,8,11,10,6,6,0,1.0,0,0.0,2023,H,,,0,0.0,0.0,0.0,0,0,0.3333333333333333,0.9333333333333332,1.9090909090909092,1.2,-1.2,-3.186363636363636,66.39386242146071
2023-10-07,Bournemouth,Everton,0,3,H,25,11,8,4,14,15,8,7,2,,0,,2023,A,1.0,0.0,0,0.0,0.0,0.0,0,2,0.0,0.9130434782608696,1.1557377049180328,1.2,-1.2,-3.5733606557377047,62.82050176572301
2023-10-21,Bournemouth,Wolverhampton Wanderers,1,2,A,7,20,4,7,15,10,3,12,2,6.0,1,0.0,2023,H,,,0,0.0,0.0,0.0,0,4,0.0,0.8936170212765957,1.2032520325203253,1.2,-1.2,-4.080487804878049,58.74001396084496
2023-10-28,Bournemouth,Burnley,2,1,H,13,6,6,3,9,12,10,5,2,3.0,0,0.0,2023,H,,,3,0.0,0.0,0.0,0,2,1.0,0.9375,0.9069767441860463,1.2,1.8,3.963953488372093,62.70396744921705
2023-11-04,Bournemouth,Manchester City,1,6,H,21,5,8,1,8,9,12,1,1,,0,,2023,A,0.0,0.0,0,0.0,0.0,0.0,0,1,1.0,0.9183673469387756,2.36,1.2,-1.2,-3.504,59.199967449217056
2023-11-11,Bournemouth,Newcastle United,2,0,H,19,8,10,5,10,4,6,5,2,1.0,0,0.0,2023,H,,,3,0.0,0.0,0.0,1,2,2.0,0.96,1.468253968253968,1.2,1.8,4.679761904761905,63.87972935397896
2023-11-25,Bournemouth,Sheffield United,3,1,A,10,23,2,11,6,8,4,7,1,,0,,2023,A,4.0,0.0,3,0.0,0.0,0.0,0,1,2.0,1.0,0.5490196078431373,1.2,1.8,4.267647058823529,68.14737641280249
2023-12-03,Bournemouth,Aston Villa,2,2,D,15,11,7,3,16,12,7,7,5,3.0,0,0.0,2023,H,,,1,0.0,0.0,0.0,0,5,2.3333333333333335,1.0,1.484375,1.2,-0.19999999999999996,-1.87265625,66.27472016280248
2023-12-06,Bournemouth,Crystal Palace,2,0,A,16,11,3,4,10,17,3,9,3,,0,,2023,A,1.0,0.0,3,0.0,0.0,0.0,1,3,2.3333333333333335,1.0377358490566038,1.186046511627907,1.2,1.8,4.472093023255813,70.7468131860583
2023-12-09,Bournemouth,Manchester United,3,0,A,20,10,3,4,7,10,10,4,1,,0,,2023,A,3.0,0.0,3,0.0,0.0,0.0,1,1,2.3333333333333335,1.0740740740740742,1.8,1.2,1.8,4.879999999999999,75.6268131860583
2023-12-23,Bournemouth,Nottingham Forest,3,2,A,11,18,5,7,10,10,6,6,3,,0,,2023,A,0.0,1.0,3,0.0,0.0,0.0,0,3,3.0,1.1090909090909091,0.9285714285714286,1.2,1.8,3.710714285714286,79.33752747177259
2023-12-26,Bournemouth,Fulham,3,0,H,16,8,4,3,10,10,6,5,0,2.0,0,0.0,2023,H,,,3,0.0,0.0,0.0,1,0,3.0,1.1428571428571428,1.063157894736842,1.2,1.8,5.240526315789473,84.57805378756206
2023-12-31,Bournemouth,Tottenham Hotspur,1,3,H,12,24,6,4,9,18,4,13,3,,0,,2023,A,3.0,0.0,0,0.0,0.0,0.0,0,3,2.0,1.1228070175438596,1.7313432835820894,1.2,-1.2,-3.9097014925373137,80.66835229502475
2024-01-21,Bournemouth,Liverpool,0,4,A,11,14,1,7,9,12,8,5,1,2.0,0,0.0,2024,H,,,0,0.0,0.0,0.0,0,1,1.0,1.103448275862069,2.0444444444444443,1.394736842105263,-1.394736842105263,-3.943508771929824,76.72484352309493
2024-02-01,Bournemouth,West Ham United,1,1,D,9,9,3,4,13,11,1,5,3,,0,,2024,A,1.0,0.0,1,0.0,0.0,0.0,0,3,0.3333333333333333,1.1016949152542372,1.4485294117647058,1.394736842105263,-0.39473684210526305,-1.8541215170278633,74.87072200606707
2024-02-04,Bournemouth,Nottingham Forest,1,1,D,9,8,2,6,19,12,11,6,3,2.0,1,0.0,2024,H,,,1,0.0,0.0,0.0,0,5,0.6666666666666666,1.1,0.9672131147540984,1.394736842105263,-0.39473684210526305,-2.281924072476272,72.5887979335908
2024-02-10,Bournemouth,Fulham,1,3,H,7,25,6,4,11,11,1,14,2,,0,,2024,A,1.0,0.0,0,0.0,0.0,0.0,0,2,0.6666666666666666,1.0819672131147542,1.09,1.394736842105263,-1.394736842105263,-4.050342105263158,68.53845582832764
2024-02-17,Bournemouth,Newcastle United,2,2,D,17,12,5,7,9,22,4,2,3,,0,,2024,A,1.0,0.0,1,0.0,0.0,0.0,0,3,0.6666666666666666,1.0806451612903225,1.4532374100719423,1.394736842105263,-0.39473684210526305,-1.8548277167739489,66.68362811155369
2024-02-24,Bournemouth,Manchester City,0,1,A,13,15,4,6,14,6,3,8,2,2.0,0,0.0,2024,H,,,0,0.0,0.0,0.0,0,2,0.3333333333333333,1.0634920634920637,2.335714285714286,1.394736842105263,-1.394736842105263,-4.237199248120301,62.44642886343339
2024-03-03,Bournemouth,Burnley,2,0,A,20,10,6,3,8,13,7,2,4,,0,,2024,A,2.0,0.0,3,0.0,0.0,0.0,1,4,1.3333333333333333,1.09375,0.8446601941747572,1.394736842105263,1.605263157894737,3.7864588656106286,66.23288772904402
2024-03-09,Bournemouth,Sheffield United,2,2,D,32,13,12,9,12,11,10,3,3,5.0,0,0.0,2024,H,,,1,0.0,0.0,0.0,0,3,1.3333333333333333,1.0923076923076922,0.5606060606060606,1.394736842105263,-0.39473684210526305,-1.7209330143540664,64.51195471468995
2024-03-13,Bournemouth,Luton Town,4,3,H,24,8,10,4,16,11,11,3,1,2.0,0,0.0,2024,H,,,3,0.0,0.0,0.0,0,1,2.3333333333333335,1.121212121212121,0.75,1.394736842105263,1.605263157894737,3.7506578947368427,68.26261260942678
2024-03-30,Bournemouth,Everton,2,1,H,11,7,4,3,14,11,9,8,1,2.0,0,0.0,2024,H,,,3,0.0,0.0,0.0,0,1,2.3333333333333335,1.1492537313432836,1.1538461538461535,1.394736842105263,1.605263157894737,3.6900809716599197,71.9526935810867
2024-04-02,Bournemouth,Crystal Palace,1,0,H,11,3,6,2,13,14,9,2,3,2.0,0,0.0,2024,H,,,3,0.0,0.0,0.0,1,3,3.0,1.1764705882352942,1.1597222222222223,1.394736842105263,1.605263157894737,3.989199561403509,75.94189314249022
2024-04-06,Bournemouth,Luton Town,1,2,H,19,8,9,1,7,14,7,2,0,,0,,2024,A,0.0,0.0,0,0.0,0.0,0.0,0,0,2.0,1.1594202898550725,0.78125,1.394736842105263,-1.394736842105263,-3.5040296052631574,72.43786353722706
2024-04-13,Bournemouth,Manchester United,2,2,D,20,8,5,2,13,14,7,2,4,0.0,0,0.0,2024,H,,,1,0.0,0.0,0.0,0,4,1.3333333333333333,1.1571428571428573,1.7602739726027397,1.394736842105263,-0.39473684210526305,-2.1508832011535683,70.2869803360735
2024-04-21,Bournemouth,Aston Villa,1,3,H,14,14,4,6,8,14,8,4,3,,0,,2024,A,1.0,0.0,0,0.0,0.0,0.0,0,3,0.3333333333333333,1.1408450704225352,1.5337837837837838,1.394736842105263,-1.394736842105263,-4.366909672830725,65.92007066324277
2024-04-24,Bournemouth,Wolverhampton Wanderers,1,0,A,15,21,4,6,10,17,8,12,1,,1,,2024,A,4.0,0.0,3,0.0,0.0,0.0,1,3,1.3333333333333333,1.1666666666666667,1.2162162162162162,1.394736842105263,1.605263157894737,3.98072546230441,69.90079612554719
2024-04-28,Bournemouth,Brighton and Hove Albion,3,0,H,15,13,6,1,14,10,8,2,2,2.0,0,0.0,2024,H,,,3,0.0,0.0,0.0,1,2,2.0,1.1917808219178083,1.337837837837838,1.394736842105263,1.605263157894737,4.212482219061166,74.11327834460835
2024-05-04,Bournemouth,Arsenal,0,3,H,25,7,9,2,16,12,6,1,3,,0,,2024,A,2.0,0.0,0,0.0,0.0,0.0,0,3,2.0,1.1756756756756757,1.98,1.394736842105263,-1.394736842105263,-4.433842105263158,69.6794362393452
2024-05-11,Bournemouth,Brentford,1,2,A,13,11,4,5,16,12,3,8,2,2.0,0,0.0,2024,H,,,0,0.0,0.0,0.0,0,2,1.0,1.16,1.2743362831858407,1.394736842105263,-1.394736842105263,-4.077992547741034,65.60144369160416
2024-05-19,Bournemouth,Chelsea,1,2,H,16,22,6,5,5,9,6,5,3,,0,,2024,A,2.0,0.0,0,0.0,0.0,0.0,0,3,0.0,1.144736842105263,1.631578947368421,1.394736842105263,-1.394736842105263,-4.381578947368421,61.219864744235736
2024-08-17,Bournemouth,Nottingham Forest,1,1,D,14,13,8,4,17,8,2,6,3,,0,,2024,A,1.0,0.0,1,0.0,0.0,0.0,0,3,0.3333333333333333,1.1428571428571428,0.974025974025974,1.394736842105263,-0.39473684210526305,-1.7829460013670535,59.436918742868684
2024-08-25,Bournemouth,Newcastle United,1,1,D,16,14,4,5,19,8,8,9,2,2.0,0,0.0,2024,H,,,1,0.0,0.0,0.0,0,2,0.6666666666666666,1.141025641025641,1.4870129870129871,1.394736842105263,-0.39473684210526305,-1.6098940533151054,57.82702468955358
2024-08-31,Bournemouth,Everton,3,2,A,18,17,8,7,6,1,8,4,1,,0,,2024,A,2.0,0.0,3,0.0,0.0,0.0,0,1,1.6666666666666667,1.1645569620253164,1.1741935483870969,1.394736842105263,1.605263157894737,3.687028862478778,61.51405355203236
2024-09-14,Bournemouth,Chelsea,0,1,A,19,10,7,3,16,9,6,3,6,8.0,0,0.0,2024,H,,,0,0.0,0.0,0.0,0,6,1.3333333333333333,1.15,1.6346153846153846,1.394736842105263,-1.394736842105263,-5.132034412955465,56.382019139076895
2024-09-21,Bournemouth,Liverpool,0,3,H,19,19,13,6,10,12,3,9,4,,0,,2024,A,1.0,0.0,0,0.0,0.0,0.0,0,4,1.0,1.1358024691358024,2.050955414012739,1.394736842105263,-1.394736842105263,-4.694485417365069,51.68753372171183
2024-09-30,Bournemouth,Southampton,3,1,H,14,9,6,3,19,12,7,4,2,5.0,0,0.0,2024,H,,,3,0.0,0.0,0.0,0,2,1.0,1.1585365853658536,0.9083333333333332,1.394736842105263,1.605263157894737,3.4769078947368426,55.16444161644867
2024-10-05,Bournemouth,Leicester City,0,1,H,6,17,2,2,12,14,0,9,1,,0,,2024,A,4.0,0.0,0,0.0,0.0,0.0,0,1,1.0,1.144578313253012,1.3057851239669422,1.394736842105263,-1.394736842105263,-3.8327098738581986,51.33173174259047
2024-10-19,Bournemouth,Arsenal,2,0,H,13,6,4,1,12,11,7,4,1,1.0,0,1.0,2024,H,,,3,0.0,0.0,0.0,1,1,2.0,1.1666666666666667,2.0,1.394736842105263,1.605263157894737,4.363157894736842,55.694889637327314
2024-10-26,Bournemouth,Aston Villa,1,1,D,18,11,8,3,12,14,9,7,6,,0,,2024,A,7.0,0.0,1,0.0,0.0,0.0,0,6,1.3333333333333333,1.1647058823529413,1.5341614906832295,1.394736842105263,-0.39473684210526305,-2.616966328865642,53.07792330846167
2024-11-02,Bournemouth,Manchester City,2,1,H,12,18,6,4,11,6,3,10,2,1.0,0,0.0,2024,H,,,3,0.0,0.0,0.0,0,2,2.3333333333333335,1.186046511627907,2.3580246913580245,1.394736842105263,1.605263157894737,3.259454191033139,56.337377499494806
2024-11-09,Bournemouth,Brentford,2,3,H,12,15,6,3,8,16,6,4,4,,0,,2024,A,2.0,0.0,0,0.0,0.0,0.0,0,4,1.3333333333333333,1.1724137931034482,1.28,1.394736842105263,-1.394736842105263,-4.578842105263158,51.75853539423165
2024-11-23,Bournemouth,Brighton and Hove Albion,1,2,A,19,6,5,4,13,10,7,0,2,2.0,0,1.0,2024,H,,,0,0.0,0.0,0.0,0,2,1.0,1.1590909090909092,1.3658536585365857,1.394736842105263,-1.394736842105263,-4.091720154043646,47.666815240188
2024-11-30,Bournemouth,Wolverhampton Wanderers,4,2,A,10,12,3,8,13,11,3,4,1,,0,,2024,A,4.0,0.0,3,0.0,0.0,0.0,0,1,1.0,1.1797752808988764,1.1636363636363636,1.394736842105263,1.605263157894737,3.6886124401913882,51.35542768037939
2024-12-05,Bournemouth,Tottenham Hotspur,1,0,H,21,12,8,4,15,8,5,9,2,2.0,0,0.0,2024,H,,,3,0.0,0.0,0.0,1,2,2.0,1.2,1.680722891566265,1.394736842105263,1.605263157894737,4.161049461001902,55.516477141381294
2024-12-08,Bournemouth,Ipswich Town,2,1,A,18,22,5,6,9,13,6,13,1,,0,,2024,A,2.0,0.0,3,0.0,0.0,0.0,0,1,3.0,1.21978021978022,0.6,1.394736842105263,1.605263157894737,3.7731578947368427,59.289635036118135
2024-12-16,Bournemouth,West Ham United,1,1,D,29,16,9,3,6,11,12,6,0,2.0,0,0.0,2024,H,,,1,0.0,0.0,0.0,0,0,2.3333333333333335,1.2173913043478262,1.380952380952381,1.394736842105263,-0.39473684210526305,-1.0939849624060147,58.19565007371212
2024-12-22,Bournemouth,Manchester United,3,0,A,23,10,7,5,11,11,13,1,3,,0,,2024,A,1.0,0.0,3,0.0,0.0,0.0,1,3,2.3333333333333335,1.2365591397849462,1.7100591715976332,1.394736842105263,1.605263157894737,3.9066490189971974,62.10229909270932
2024-12-26,Bournemouth,Crystal Palace,0,0,D,18,10,4,4,13,12,5,2,2,2.0,0,0.0,2024,H,,,1,0.0,0.0,0.0,1,2,1.6666666666666667,1.2340425531914894,1.1941176470588235,1.394736842105263,-0.39473684210526305,-0.7659597523219811,61.33633934038734
2024-12-29,Bournemouth,Fulham,2,2,D,11,16,6,9,7,16,1,7,3,,0,,2024,A,1.0,0.0,1,0.0,0.0,0.0,0,3,1.6666666666666667,1.231578947368421,1.1729323308270676,1.394736842105263,-0.39473684210526305,-1.8127819548872175,59.523557385500126
2025-01-04,Bournemouth,Everton,1,0,H,19,9,8,0,15,14,9,3,2,2.0,0,0.0,2025,H,,,3,0.0,0.0,0.0,1,2,1.6666666666666667,1.25,1.1637426900584795,1.4666666666666666,1.5333333333333334,4.0587719298245615,63.582329315324685
2025-01-14,Bournemouth,Chelsea,2,2,D,26,7,10,3,15,16,9,3,3,,0,,2025,A,2.0,0.0,1,0.0,0.0,0.0,0,3,1.6666666666666667,1.2474226804123711,1.6473988439306355,1.4666666666666666,-0.46666666666666656,-2.063776493256262,61.51855282206842
2025-01-18,Bournemouth,Newcastle United,4,1,A,13,19,5,10,7,18,7,6,6,,0,,2025,A,1.0,0.0,3,0.0,0.0,0.0,0,6,2.3333333333333335,1.2653061224489797,1.511494252873563,1.4666666666666666,1.5333333333333334,2.206609195402299,63.72516201747072
2025-01-25,Bournemouth,Nottingham Forest,5,0,H,16,18,10,4,9,12,3,9,2,3.0,0,0.0,2025,H,,,3,0.0,0.0,0.0,1,2,2.3333333333333335,1.2828282828282829,1.1919191919191918,1.4666666666666666,1.5333333333333334,4.054545454545455,67.77970747201618
2025-02-01,Bournemouth,Liverpool,0,2,A,14,19,3,7,15,9,3,3,2,3.0,0,0.0,2025,H,,,0,0.0,0.0,0.0,0,2,2.0,1.27,2.0914285714285716,1.4666666666666666,-1.4666666666666666,-4.3803809523809525,63.399326519635224
2025-02-15,Bournemouth,Southampton,3,1,A,11,14,4,7,13,15,4,6,3,,0,,2025,A,1.0,0.0,3,0.0,0.0,0.0,0,3,2.0,1.2871287128712872,0.841726618705036,1.4666666666666666,1.5333333333333334,3.057074340527578,66.4564008601628
2025-02-22,Bournemouth,Wolverhampton Wanderers,0,1,A,8,13,3,5,17,9,6,7,3,3.0,1,0.0,2025,H,,,0,0.0,0.0,0.0,0,5,1.0,1.2745098039215683,1.151685393258427,1.4666666666666666,-1.4666666666666666,-4.98941947565543,61.46698138450737
2025-02-25,Bournemouth,Brighton and Hove Albion,1,2,H,11,19,4,5,12,14,1,9,1,,0,,2025,A,2.0,0.0,0,0.0,0.0,0.0,0,1,1.0,1.2621359223300972,1.3687150837988826,1.4666666666666666,-1.4666666666666666,-4.021973929236499,57.44500745527087
2025-03-09,Bournemouth,Tottenham Hotspur,2,2,D,12,17,4,8,15,16,3,6,3,,0,,2025,A,3.0,0.0,1,0.0,0.0,0.0,0,3,0.3333333333333333,1.2596153846153846,1.6277777777777778,1.4666666666666666,-0.46666666666666656,-2.060833333333333,55.384174121937534
2025-03-15,Bournemouth,Brentford,1,2,A,17,10,5,4,13,7,4,3,3,0.0,0,0.0,2025,H,,,0,0.0,0.0,0.0,0,3,0.3333333333333333,1.2476190476190476,1.2937062937062938,1.4666666666666666,-1.4666666666666666,-4.510722610722611,50.873451511214924
2025-04-02,Bournemouth,Ipswich Town,1,2,A,24,10,7,2,14,15,8,3,1,2.0,0,0.0,2025,H,,,0,0.0,0.0,0.0,0,1,0.3333333333333333,1.2358490566037736,0.6666666666666666,1.4666666666666666,-1.4666666666666666,-3.9166666666666665,46.95678484454826
2025-04-05,Bournemouth,West Ham United,2,2,D,9,11,3,4,13,13,4,7,2,,0,,2025,A,2.0,0.0,1,0.0,0.0,0.0,0,2,0.3333333333333333,1.233644859813084,1.355191256830601,1.4666666666666666,-0.46666666666666656,-1.7699453551912565,45.186839489357006
2025-04-14,Bournemouth,Fulham,1,0,H,12,12,3,7,11,10,6,9,3,2.0,0,0.0,2025,H,,,3,0.0,0.0,0.0,1,3,1.3333333333333333,1.25,1.1986301369863013,1.4666666666666666,1.5333333333333334,3.803538812785389,48.990378302142396
2025-04-19,Bournemouth,Crystal Palace,0,0,D,5,15,0,4,13,10,5,4,4,,0,,2025,A,3.0,1.0,1,0.0,0.0,0.0,1,4,1.6666666666666667,1.2477064220183487,1.2432432432432432,1.4666666666666666,-0.46666666666666656,-1.4531531531531527,47.53722514898924
2025-04-27,Bournemouth,Manchester United,1,1,D,8,25,1,6,11,12,5,10,4,2.0,1,0.0,2025,H,,,1,0.0,0.0,0.0,0,6,1.6666666666666667,1.2454545454545454,1.6451612903225807,1.4666666666666666,-0.46666666666666656,-2.8134408602150534,44.72378428877419
2025-05-03,Bournemouth,Arsenal,2,1,A,13,9,4,2,7,16,2,3,2,,0,,2025,A,0.0,0.0,3,0.0,0.0,0.0,0,2,1.6666666666666667,1.2612612612612613,1.9786096256684491,1.4666666666666666,1.5333333333333334,3.136541889483066,47.86032617825725
2025-05-10,Bournemouth,Aston Villa,0,1,A,10,6,4,3,19,12,10,0,4,3.0,0,1.0,2025,H,,,0,0.0,0.0,0.0,0,4,1.3333333333333333,1.25,1.553191489361702,1.4666666666666666,-1.4666666666666666,-4.799645390070921,43.06068078818633
2025-05-20,Bournemouth,Manchester City,1,3,H,12,8,5,2,7,13,3,1,3,,1,,2025,A,1.0,1.0,0,0.0,0.0,0.0,0,5,1.0,1.238938053097345,2.259259259259259,1.4666666666666666,-1.4666666666666666,-5.155555555555555,37.90512523263078
2025-05-25,Bournemouth,Leicester City,2,0,H,20,3,7,0,19,16,6,1,0,2.0,0,0.0,2025,H,,,3,0.0,0.0,0.0,1,0,1.0,1.2543859649122806,1.1644736842105263,1.4666666666666666,1.5333333333333334,4.558662280701754,42.463787513332534
2025-08-15,Bournemouth,Liverpool,2,4,H,19,10,10,3,7,10,6,7,2,,0,,2025,A,1.0,0.0,0,0.0,0.0,0.0,0,2,1.0,1.2434782608695651,2.0785340314136125,1.4666666666666666,-1.4666666666666666,-4.378446771378709,38.08534074195383
2025-08-23,Bournemouth,Wolverhampton Wanderers,1,0,H,14,6,4,1,13,16,8,3,2,4.0,0,1.0,2025,H,,,3,0.0,0.0,0.0,1,2,2.0,1.2586206896551724,1.171875,1.4666666666666666,1.5333333333333334,4.057552083333333,42.14289282528716
2025-08-30,Bournemouth,Tottenham Hotspur,1,0,A,5,20,1,6,17,13,0,8,4,,0,,2025,A,2.0,0.0,3,0.0,0.0,0.0,1,4,2.0,1.2735042735042734,1.5699481865284974,1.4666666666666666,1.5333333333333334,3.4978411053540595,45.640733930641225
2025-09-13,Bournemouth,Brighton and Hove Albion,2,1,H,13,6,5,2,16,10,4,4,4,4.0,0,0.0,2025,H,,,3,0.0,0.0,0.0,0,4,3.0,1.2881355932203389,1.3762886597938144,1.4666666666666666,1.5333333333333334,2.7268900343642613,48.367623965005485
2025-09-21,Bournemouth,Newcastle United,0,0,D,11,4,2,1,7,10,5,2,2,1.0,0,0.0,2025,H,,,1,0.0,0.0,0.0,1,2,2.3333333333333335,1.2857142857142858,1.523076923076923,1.4666666666666666,-0.46666666666666656,-0.995128205128205,47.37249575987728
2025-09-27,Bournemouth,Leeds United,2,2,D,19,12,8,5,12,13,7,4,2,,0,,2025,A,2.0,0.0,1,0.0,0.0,0.0,0,2,1.6666666666666667,1.2833333333333334,1.1333333333333333,1.4666666666666666,-0.46666666666666656,-1.7366666666666664,45.63582909321062
2025-10-03,Bournemouth,Fulham,3,1,H,11,12,6,4,8,10,4,3,0,1.0,0,0.0,2025,H,,,3,0.0,0.0,0.0,0,0,1.6666666666666667,1.2975206611570247,1.1886792452830188,1.4666666666666666,1.5333333333333334,3.755031446540881,49.3908605397515
2025-10-18,Bournemouth,Crystal Palace,3,3,D,20,8,7,5,8,16,6,5,4,,0,,2025,A,1.0,0.0,1,0.0,0.0,0.0,0,4,1.6666666666666667,1.2950819672131149,1.2727272727272727,1.4666666666666666,-0.46666666666666656,-2.2575757575757573,47.13328478217574
2025-10-26,Bournemouth,Nottingham Forest,2,0,H,13,8,5,4,17,7,6,4,3,1.0,0,0.0,2025,H,,,3,0.0,0.0,0.0,1,3,2.3333333333333335,1.3089430894308942,1.170731707317073,1.4666666666666666,1.5333333333333334,3.8077235772357727,50.94100835941151
2025-11-02,Bournemouth,Manchester City,1,3,H,15,8,8,5,8,11,10,4,2,,0,,2025,A,2.0,0.0,0,0.0,0.0,0.0,0,2,1.3333333333333333,1.2983870967741935,2.245,1.4666666666666666,-1.4666666666666666,-4.403416666666667,46.53759169274485
2025-11-09,Bournemouth,Aston Villa,0,4,H,16,13,8,4,8,20,6,9,2,,0,,2025,A,2.0,0.0,0,0.0,0.0,0.0,0,2,1.0,1.288,1.5572139303482586,1.4666666666666666,-1.4666666666666666,-4.300248756218905,42.23734293652594
2021-08-13,Brentford,Arsenal,2,0,H,8,22,3,4,12,8,2,5,0,0.0,0,0.0,2021,H,,,3,0.0,0.0,0.0,1,0,3.0,3.0,1.564102564102564,1.1111111111111112,1.8888888888888888,5.387606837606837,95.38760683760684
2021-08-21,Brentford,Crystal Palace,0,0,D,7,14,2,3,12,9,3,5,1,,0,,2021,A,3.0,0.0,1,0.0,0.0,0.0,1,1,2.0,2.0,1.125,1.1111111111111112,-0.11111111111111116,0.20347222222222217,95.59107905982906
2021-08-28,Brentford,Aston Villa,1,1,D,7,9,5,2,15,14,3,2,3,,0,,2021,A,3.0,0.0,1,0.0,0.0,0.0,0,3,1.6666666666666667,1.6666666666666667,1.4390243902439024,1.1111111111111112,-0.11111111111111116,-1.1436314363143631,94.44744762351469
2021-09-11,Brentford,Brighton and Hove Albion,0,1,A,7,4,1,2,9,12,1,6,3,2.0,0,0.0,2021,H,,,0,0.0,0.0,0.0,0,3,0.6666666666666666,1.25,1.1904761904761905,1.1111111111111112,-1.1111111111111112,-3.606349206349206,90.84109841716548
2021-09-18,Brentford,Wolverhampton Wanderers,2,0,A,11,9,0,3,10,7,4,2,2,,1,,2021,A,4.0,0.0,3,0.0,0.0,0.0,1,4,1.3333333333333333,1.6,1.1162790697674418,1.1111111111111112,1.8888888888888888,4.454780361757106,95.2958787789226
2021-09-25,Brentford,Liverpool,3,3,D,12,16,4,6,8,7,2,11,1,1.0,0,0.0,2021,H,,,1,0.0,0.0,0.0,0,1,1.3333333333333333,1.5,1.8863636363636365,1.1111111111111112,-0.11111111111111116,-0.7107323232323234,94.58514645569028
2021-10-03,Brentford,West Ham United,2,1,A,18,13,5,6,16,13,11,6,3,,0,,2021,A,2.0,0.0,3,0.0,0.0,0.0,0,3,2.3333333333333335,1.7142857142857142,1.6888888888888889,1.1111111111111112,1.8888888888888888,3.818888888888889,98.40403534457916
2021-10-16,Brentford,Chelsea,0,1,A,17,5,7,1,13,8,5,5,1,1.0,0,0.0,2021,H,,,0,0.0,0.0,0.0,0,1,1.3333333333333333,1.5,1.8695652173913044,1.1111111111111112,-1.1111111111111112,-3.2082125603864733,95.19582278419269
2021-10-24,Brentford,Leicester City,1,2,A,15,10,5,6,13,7,9,2,1,1.0,0,0.0,2021,H,,,0,0.0,0.0,0.0,0,1,1.0,1.3333333333333333,1.702127659574468,1.1111111111111112,-1.1111111111111112,-3.1830969267139477,92.01272585747874
2021-10-30,Brentford,Burnley,1,3,H,15,12,6,5,7,10,4,2,1,,0,,2021,A,1.0,0.0,0,0.0,0.0,0.0,0,1,0.0,1.2,0.9583333333333334,1.1111111111111112,-1.1111111111111112,-3.0715277777777774,88.94119807970097
2021-11-06,Brentford,Norwich City,1,2,A,19,9,7,5,12,13,6,2,2,3.0,0,0.0,2021,H,,,0,0.0,0.0,0.0,0,2,0.0,1.0909090909090908,0.4545454545454545,1.1111111111111112,-1.1111111111111112,-3.245959595959596,85.69523848374136
2021-11-20,Brentford,Newcastle United,3,3,D,23,10,9,4,13,11,8,2,2,,0,,2021,A,2.0,0.0,1,0.0,0.0,0.0,0,2,0.3333333333333333,1.0833333333333333,1.02,1.1111111111111112,-0.11111111111111116,-0.830777777777778,84.8644607059636
2021-11-28,Brentford,Everton,1,0,H,6,14,4,5,8,11,3,3,4,3.0,0,0.0,2021,H,,,3,0.0,0.0,0.0,1,4,1.3333333333333333,1.2307692307692308,1.4509803921568627,1.1111111111111112,1.8888888888888888,4.404575163398692,89.26903586936228
2021-12-02,Brentford,Tottenham Hotspur,0,2,H,11,6,6,2,13,11,11,5,0,,0,,2021,A,0.0,0.0,0,0.0,0.0,0.0,0,0,1.3333333333333333,1.1428571428571428,1.6470588235294117,1.1111111111111112,-1.1111111111111112,-2.9248366013071894,86.34419926805509
2021-12-05,Brentford,Leeds United,2,2,D,13,9,6,3,11,9,5,1,3,,0,,2021,A,5.0,0.0,1,0.0,0.0,0.0,0,3,1.3333333333333333,1.1333333333333333,1.4150943396226414,1.1111111111111112,-0.11111111111111116,-1.140041928721174,85.20415733933392
2021-12-10,Brentford,Watford,2,1,H,14,6,5,2,12,18,8,2,4,0.0,0,0.0,2021,H,,,3,0.0,0.0,0.0,0,4,1.3333333333333333,1.25,0.8125,1.1111111111111112,1.8888888888888888,3.7003472222222222,88.90450456155614
2021-12-26,Brentford,Brighton and Hove Albion,0,2,H,15,16,5,6,8,10,6,9,3,,0,,2021,A,1.0,0.0,0,0.0,0.0,0.0,0,3,1.3333333333333333,1.1764705882352942,1.1636363636363636,1.1111111111111112,-1.1111111111111112,-3.602323232323232,85.30218132923291
2021-12-29,Brentford,Manchester City,0,1,A,6,12,2,3,12,10,3,5,0,0.0,0,0.0,2021,H,,,0,0.0,0.0,0.0,0,0,1.0,1.1111111111111112,2.3448275862068964,1.1111111111111112,-1.1111111111111112,-3.029501915708812,82.2726794135241
2022-01-02,Brentford,Aston Villa,2,1,H,10,16,4,5,17,11,3,7,2,2.0,0,0.0,2022,H,,,3,0.0,0.0,0.0,0,2,1.0,1.2105263157894737,1.350877192982456,1.3243243243243243,1.6756756756756757,3.586557610241821,85.85923702376591
2022-01-11,Brentford,Southampton,1,4,H,12,5,6,4,9,8,5,2,1,,0,,2022,A,0.0,0.0,0,0.0,0.0,0.0,0,1,1.0,1.15,1.1551724137931034,1.3243243243243243,-1.3243243243243243,-3.6340866728797763,82.22515035088614
2022-01-16,Brentford,Liverpool,0,3,H,27,6,13,1,6,6,9,0,1,,0,,2022,A,0.0,0.0,0,0.0,0.0,0.0,0,1,1.0,1.0952380952380951,1.9322033898305084,1.3243243243243243,-1.3243243243243243,-3.750641319285387,78.47450903160075
2022-01-19,Brentford,Manchester United,1,3,A,18,13,8,5,7,9,6,9,0,0.0,0,0.0,2022,H,,,0,0.0,0.0,0.0,0,0,0.0,1.0454545454545454,1.847457627118644,1.3243243243243243,-1.3243243243243243,-3.4879294548786075,74.98657957672215
2022-01-22,Brentford,Wolverhampton Wanderers,1,2,A,11,7,1,2,6,7,6,3,2,3.0,0,0.0,2022,H,,,0,0.0,0.0,0.0,0,2,0.0,1.0,1.3389830508474576,1.3243243243243243,-1.3243243243243243,-3.9116582684379293,71.07492130828422
2022-02-09,Brentford,Manchester City,0,2,H,15,6,7,2,7,13,9,3,0,,0,,2022,A,0.0,0.0,0,0.0,0.0,0.0,0,0,0.0,0.9583333333333334,2.3548387096774195,1.3243243243243243,-1.3243243243243243,-3.5640366172624236,67.5108846910218
2022-02-12,Brentford,Crystal Palace,0,0,D,9,6,2,3,10,10,3,9,1,0.0,0,0.0,2022,H,,,1,0.0,0.0,0.0,1,1,0.3333333333333333,0.96,1.1290322580645162,1.3243243243243243,-0.32432432432432434,-0.3301656495204882,67.1807190415013
2022-02-19,Brentford,Arsenal,1,2,H,24,6,8,2,10,5,14,0,1,,0,,2022,A,1.0,0.0,0,0.0,0.0,0.0,0,1,0.3333333333333333,0.9230769230769232,1.6885245901639343,1.3243243243243243,-1.3243243243243243,-3.714089499335401,63.466629542165904
2022-02-26,Brentford,Newcastle United,0,2,A,6,26,1,11,9,7,6,6,3,1.0,1,0.0,2022,H,,,0,0.0,0.0,0.0,0,5,0.3333333333333333,0.8888888888888888,1.1111111111111112,1.3243243243243243,-1.3243243243243243,-4.627477477477478,58.83915206468843
2022-03-05,Brentford,Norwich City,3,1,A,15,10,7,6,13,18,5,5,5,,0,,2022,A,2.0,0.0,3,0.0,0.0,0.0,0,5,1.0,0.9642857142857144,0.6296296296296297,1.3243243243243243,1.6756756756756757,2.944744744744745,61.78389680943317
2022-03-12,Brentford,Burnley,2,0,H,13,7,4,1,6,10,2,9,1,1.0,0,1.0,2022,H,,,3,0.0,0.0,0.0,1,1,2.0,1.0344827586206895,0.9230769230769232,1.3243243243243243,1.6756756756756757,4.70072765072765,66.48462446016083
2022-03-20,Brentford,Leicester City,1,2,H,12,15,4,6,10,10,2,5,2,,0,,2022,A,1.0,0.0,0,0.0,0.0,0.0,0,2,2.0,1.0,1.5692307692307692,1.3243243243243243,-1.3243243243243243,-3.9461954261954264,62.5384290339654
2022-04-02,Brentford,Chelsea,4,1,A,21,17,8,6,11,7,12,7,0,,0,,2022,A,0.0,0.0,3,0.0,0.0,0.0,0,0,2.0,1.064516129032258,1.8805970149253732,1.3243243243243243,1.6756756756756757,4.007099636950383,66.54552867091579
2022-04-10,Brentford,West Ham United,2,0,H,15,5,7,1,2,6,4,6,0,1.0,0,0.0,2022,H,,,3,0.0,0.0,0.0,1,0,2.0,1.125,1.6571428571428573,1.3243243243243243,1.6756756756756757,4.840617760617761,71.38614643153355
2022-04-16,Brentford,Watford,2,1,A,17,16,4,5,11,9,6,5,1,,0,,2022,A,2.0,0.0,3,0.0,0.0,0.0,0,1,3.0,1.181818181818182,0.6875,1.3243243243243243,1.6756756756756757,3.9360641891891897,75.32221062072273
2022-04-23,Brentford,Tottenham Hotspur,0,0,D,15,9,2,0,8,7,12,8,2,1.0,0,0.0,2022,H,,,1,0.0,0.0,0.0,1,2,2.3333333333333335,1.1764705882352942,1.6901408450704225,1.3243243243243243,-0.32432432432432434,-0.6643319375713742,74.65787868315135
2022-05-02,Brentford,Manchester United,0,3,H,9,12,5,4,4,6,3,8,0,,0,,2022,A,1.0,0.0,0,0.0,0.0,0.0,0,0,1.3333333333333333,1.1428571428571428,1.7837837837837838,1.3243243243243243,-1.3243243243243243,-3.4783783783783786,71.17950030477297
2022-05-07,Brentford,Southampton,3,0,H,18,19,5,4,12,9,4,7,0,1.0,0,0.0,2022,H,,,3,0.0,0.0,0.0,1,0,1.3333333333333333,1.1944444444444444,1.1216216216216215,1.3243243243243243,1.6756756756756757,4.920945945945946,76.10044625071892
2022-05-15,Brentford,Everton,3,2,A,10,18,5,7,8,8,5,2,3,,0,,2022,A,0.0,2.0,3,0.0,0.0,0.0,0,3,2.0,1.2432432432432432,1.2837837837837838,1.3243243243243243,1.6756756756756757,3.346621621621622,79.44706787234054
2022-05-22,Brentford,Leeds United,1,2,A,14,14,5,6,11,13,3,2,2,1.0,1,0.0,2022,H,,,0,0.0,0.0,0.0,0,4,2.0,1.2105263157894737,1.2763157894736843,1.3243243243243243,-1.3243243243243243,-4.402258179231864,75.04480969310868
2022-08-07,Brentford,Leicester City,2,2,D,14,8,5,3,6,5,5,6,0,,0,,2022,A,0.0,0.0,1,0.0,0.0,0.0,0,0,1.3333333333333333,1.205128205128205,1.5454545454545454,1.3243243243243243,-0.32432432432432434,-0.9426289926289927,74.10218070047969
2022-08-13,Brentford,Manchester United,4,0,H,13,15,7,4,6,15,8,2,0,4.0,0,0.0,2022,H,,,3,0.0,0.0,0.0,1,0,1.3333333333333333,1.25,1.6923076923076923,1.3243243243243243,1.6756756756756757,4.835343035343035,78.93752373582272
2022-08-20,Brentford,Fulham,2,3,H,18,13,9,5,13,7,6,3,2,,0,,2022,A,3.0,0.0,0,0.0,0.0,0.0,0,2,1.3333333333333333,1.2195121951219512,0.8048780487804879,1.3243243243243243,-1.3243243243243243,-3.831542518127884,75.10598121769483
2022-08-27,Brentford,Everton,1,1,D,19,14,5,7,8,8,8,5,2,2.0,0,0.0,2022,H,,,1,0.0,0.0,0.0,0,2,1.3333333333333333,1.2142857142857142,1.25,1.3243243243243243,-0.32432432432432434,-1.3983108108108109,73.70767040688403
2022-08-30,Brentford,Crystal Palace,1,1,D,13,9,4,3,11,8,4,6,2,,0,,2022,A,1.0,0.0,1,0.0,0.0,0.0,0,2,0.6666666666666666,1.2093023255813953,1.1975308641975309,1.3243243243243243,-0.32432432432432434,-1.3904404404404405,72.31722996644359
2022-09-03,Brentford,Leeds United,5,2,H,14,17,8,6,8,9,2,6,2,2.0,0,0.0,2022,H,,,3,0.0,0.0,0.0,0,2,1.6666666666666667,1.25,1.2804878048780488,1.3243243243243243,1.6756756756756757,3.5971160184574824,75.91434598490108
2022-09-18,Brentford,Arsenal,0,3,A,5,13,2,7,10,10,3,3,0,2.0,0,0.0,2022,H,,,0,0.0,0.0,0.0,0,0,1.3333333333333333,1.2222222222222223,1.783132530120482,1.3243243243243243,-1.3243243243243243,-3.478280690328883,72.43606529457219
2022-10-01,Brentford,Bournemouth,0,0,D,7,13,1,4,11,10,7,8,2,,0,,2022,A,1.0,0.0,1,0.0,0.0,0.0,1,2,1.3333333333333333,1.2173913043478262,1.125,1.3243243243243243,-0.32432432432432434,-0.5795608108108108,71.85650448376137
2022-10-08,Brentford,Newcastle United,1,5,H,16,6,6,3,14,9,9,5,1,,0,,2022,A,0.0,0.0,0,0.0,0.0,0.0,0,1,0.3333333333333333,1.1914893617021276,1.2705882352941176,1.3243243243243243,-1.3243243243243243,-3.6513990461049284,68.20510543765644
2022-10-14,Brentford,Brighton and Hove Albion,2,0,H,7,21,3,7,12,15,2,11,3,1.0,0,0.0,2022,H,,,3,0.0,0.0,0.0,1,3,1.3333333333333333,1.2291666666666667,1.2470588235294118,1.3243243243243243,1.6756756756756757,4.152130365659777,72.35723580331623
2022-10-19,Brentford,Chelsea,0,0,D,8,14,5,5,7,7,6,2,0,0.0,0,0.0,2022,H,,,1,0.0,0.0,0.0,1,0,1.3333333333333333,1.2244897959183674,1.872093023255814,1.3243243243243243,-0.32432432432432434,-0.19162476429918288,72.16561103901705
2022-10-23,Brentford,Aston Villa,0,4,H,19,12,11,3,14,11,7,6,0,,0,,2022,A,1.0,0.0,0,0.0,0.0,0.0,0,0,1.3333333333333333,1.2,1.2727272727272727,1.3243243243243243,-1.3243243243243243,-3.401719901719902,68.76389113729715
2022-10-29,Brentford,Wolverhampton Wanderers,1,1,D,12,14,3,4,10,17,3,6,3,3.0,0,1.0,2022,H,,,1,0.0,0.0,0.0,0,3,0.6666666666666666,1.196078431372549,1.1910112359550562,1.3243243243243243,-0.32432432432432434,-1.6394624962040694,67.12442864109308
2022-11-05,Brentford,Nottingham Forest,2,2,D,15,6,7,2,10,11,3,3,2,,0,,2022,A,2.0,0.0,1,0.0,0.0,0.0,0,2,0.6666666666666666,1.1923076923076923,0.7142857142857143,1.3243243243243243,-0.32432432432432434,-1.317953667953668,65.80647497313942
2022-11-12,Brentford,Manchester City,2,1,A,29,10,6,8,9,7,10,2,2,,0,,2022,A,2.0,0.0,3,0.0,0.0,0.0,0,2,1.6666666666666667,1.2264150943396226,2.344444444444445,1.3243243243243243,1.6756756756756757,3.437522522522523,69.24399749566193
2022-12-26,Brentford,Tottenham Hotspur,2,2,D,9,16,5,8,11,10,6,5,3,1.0,0,0.0,2022,H,,,1,0.0,0.0,0.0,0,3,1.6666666666666667,1.2222222222222223,1.7717391304347827,1.3243243243243243,-0.32432432432432434,-1.7265716803760283,67.5174258152859
2022-12-30,Brentford,West Ham United,2,0,A,20,9,5,6,9,5,8,1,0,,0,,2022,A,1.0,0.0,3,0.0,0.0,0.0,1,0,2.3333333333333335,1.2545454545454546,1.4516129032258065,1.3243243243243243,1.6756756756756757,4.871447253705318,72.38887306899122
2023-01-02,Brentford,Liverpool,3,1,H,10,16,7,6,5,8,4,9,1,3.0,0,0.0,2023,H,,,3,0.0,0.0,0.0,0,1,2.3333333333333335,1.2857142857142858,2.032258064516129,1.375,1.625,3.607661290322581,75.9965343593138
2023-01-14,Brentford,Bournemouth,2,0,H,12,7,4,2,5,9,5,3,1,1.0,0,0.0,2023,H,,,3,0.0,0.0,0.0,1,1,3.0,1.3157894736842106,0.8421052631578947,1.375,1.625,4.586184210526315,80.58271856984013
2023-01-22,Brentford,Leeds United,0,0,D,9,6,5,0,10,18,2,3,2,,0,,2023,A,2.0,0.0,1,0.0,0.0,0.0,1,2,2.3333333333333335,1.3103448275862069,1.2105263157894737,1.375,-0.375,-0.719078947368421,79.8636396224717
2023-02-04,Brentford,Southampton,3,0,H,14,14,4,6,10,9,4,4,1,2.0,0,0.0,2023,H,,,3,0.0,0.0,0.0,1,1,2.3333333333333335,1.3389830508474576,1.0103092783505154,1.375,1.625,4.560953608247422,84.42459323071913
2023-02-11,Brentford,Arsenal,1,1,D,23,9,7,2,9,9,7,4,2,,0,,2023,A,0.0,0.0,1,0.0,0.0,0.0,0,2,1.6666666666666667,1.3333333333333333,1.865979381443299,1.375,-0.375,-1.6173969072164947,82.80719632350262
2023-02-18,Brentford,Crystal Palace,1,1,D,12,10,5,4,10,8,2,6,2,2.0,0,0.0,2023,H,,,1,0.0,0.0,0.0,0,2,1.6666666666666667,1.3278688524590163,1.1919191919191918,1.375,-0.375,-1.5162878787878786,81.29090844471474
2023-03-06,Brentford,Fulham,3,2,H,14,9,6,5,12,17,2,3,0,3.0,0,0.0,2023,H,,,3,0.0,0.0,0.0,0,0,1.6666666666666667,1.3548387096774193,1.046875,1.375,1.625,4.0054687499999995,85.29637719471475
2023-03-11,Brentford,Everton,0,1,H,13,12,6,4,11,12,5,8,1,,0,,2023,A,2.0,0.0,0,0.0,0.0,0.0,0,1,1.3333333333333333,1.3333333333333333,1.194174757281553,1.375,-1.375,-3.766626213592233,81.5297509811225
2023-03-15,Brentford,Southampton,2,0,A,7,11,1,5,14,10,3,3,2,,0,,2023,A,1.0,0.0,3,0.0,0.0,0.0,1,2,2.0,1.359375,1.019417475728155,1.375,1.625,4.309587378640776,85.83933835976329
2023-03-18,Brentford,Leicester City,1,1,D,11,14,2,1,10,11,8,4,1,2.0,1,0.0,2023,H,,,1,0.0,0.0,0.0,0,3,1.3333333333333333,1.353846153846154,1.3883495145631068,1.375,-0.375,-1.7957524271844658,84.04358593257882
2023-04-01,Brentford,Brighton and Hove Albion,3,3,D,33,7,15,5,16,10,14,0,1,,0,,2023,A,2.0,0.0,1,0.0,0.0,0.0,0,1,1.6666666666666667,1.3484848484848484,1.3235294117647058,1.375,-0.375,-1.2860294117647058,82.75755652081412
2023-04-05,Brentford,Manchester United,0,1,H,18,6,3,1,8,13,12,3,2,,0,,2023,A,3.0,0.0,0,0.0,0.0,0.0,0,2,0.6666666666666666,1.328358208955224,1.7788461538461535,1.375,-1.375,-4.104326923076924,78.6532295977372
2023-04-08,Brentford,Newcastle United,1,2,A,12,10,6,4,10,15,6,5,0,0.0,0,0.0,2023,H,,,0,0.0,0.0,0.0,0,0,0.3333333333333333,1.3088235294117647,1.4285714285714286,1.375,-1.375,-3.5517857142857143,75.10144388345148
2023-04-15,Brentford,Wolverhampton Wanderers,0,2,H,11,10,9,3,12,8,5,2,1,,0,,2023,A,1.0,0.0,0,0.0,0.0,0.0,0,1,0.0,1.289855072463768,1.2149532710280373,1.375,-1.375,-3.7697429906542057,71.33170089279727
2023-04-22,Brentford,Aston Villa,1,1,D,6,14,5,2,12,8,8,4,3,2.0,0,0.0,2023,H,,,1,0.0,0.0,0.0,0,3,0.3333333333333333,1.2857142857142858,1.398148148148148,1.375,-0.375,-1.797222222222222,69.53447867057506
2023-04-26,Brentford,Chelsea,2,0,A,15,7,4,1,5,13,5,2,2,,0,,2023,A,1.0,0.0,3,0.0,0.0,0.0,1,2,1.3333333333333333,1.3098591549295775,1.6666666666666667,1.375,1.625,4.2124999999999995,73.74697867057505
2023-04-29,Brentford,Nottingham Forest,2,1,H,14,5,8,3,6,13,6,0,1,2.0,0,0.0,2023,H,,,3,0.0,0.0,0.0,0,1,2.3333333333333335,1.3333333333333333,0.8823529411764706,1.375,1.625,3.7801470588235295,77.52712572939858
2023-05-06,Brentford,Liverpool,0,1,H,15,5,5,1,19,10,7,3,2,,0,,2023,A,4.0,0.0,0,0.0,0.0,0.0,0,2,2.0,1.3150684931506849,2.009009009009009,1.375,-1.375,-4.138851351351351,73.38827437804723
2023-05-14,Brentford,West Ham United,2,0,H,24,4,10,4,5,5,7,5,1,0.0,0,0.0,2023,H,,,3,0.0,0.0,0.0,1,1,2.0,1.337837837837838,1.4107142857142858,1.375,1.625,4.500892857142857,77.88916723519009
2023-05-20,Brentford,Tottenham Hotspur,3,1,A,22,11,8,4,11,9,8,2,1,,0,,2023,A,1.0,0.0,3,0.0,0.0,0.0,0,1,2.0,1.36,1.6814159292035398,1.375,1.625,3.660287610619469,81.54945484580955
2023-05-28,Brentford,Manchester City,1,0,H,11,17,4,3,12,8,3,4,4,0.0,0,0.0,2023,H,,,3,0.0,0.0,0.0,1,4,3.0,1.381578947368421,2.3508771929824563,1.375,1.625,3.6098684210526315,85.15932326686219
2023-08-13,Brentford,Tottenham Hotspur,2,2,D,11,18,6,6,12,13,3,6,1,4.0,0,0.0,2023,H,,,1,0.0,0.0,0.0,0,1,2.3333333333333335,1.3766233766233766,1.6869565217391305,1.375,-0.375,-1.3405434782608694,83.81877978860132
2023-08-19,Brentford,Fulham,3,0,A,10,17,2,8,13,12,5,5,2,,0,,2023,A,2.0,1.0,3,0.0,0.0,0.0,1,2,2.3333333333333335,1.3974358974358974,1.064102564102564,1.375,1.625,4.302884615384615,88.12166440398593
2023-08-26,Brentford,Crystal Palace,1,1,D,12,15,1,5,9,15,8,6,0,0.0,0,0.0,2023,H,,,1,0.0,0.0,0.0,0,0,1.6666666666666667,1.3924050632911391,1.205128205128205,1.375,-0.375,-1.0182692307692307,87.1033951732167
2023-09-02,Brentford,Bournemouth,2,2,D,21,12,7,5,6,13,5,2,1,2.0,0,0.0,2023,H,,,1,0.0,0.0,0.0,0,1,1.6666666666666667,1.3875,0.9761904761904762,1.375,-0.375,-1.2339285714285713,85.86946660178813
2023-09-16,Brentford,Newcastle United,0,1,H,9,11,2,2,8,12,8,3,5,,0,,2023,A,3.0,0.0,0,0.0,0.0,0.0,0,5,0.6666666666666666,1.3703703703703705,1.4369747899159664,1.375,-1.375,-4.803046218487395,81.06642038330074
2023-09-23,Brentford,Everton,1,3,A,12,18,2,6,9,12,1,4,2,2.0,0,0.0,2023,H,,,0,0.0,0.0,0.0,0,2,0.3333333333333333,1.353658536585366,1.15,1.375,-1.375,-4.010000000000001,77.05642038330073
2023-10-01,Brentford,Nottingham Forest,1,1,D,6,18,1,5,6,10,1,11,2,,0,,2023,A,1.0,1.0,1,0.0,0.0,0.0,0,2,0.3333333333333333,1.3493975903614457,1.022222222222222,1.375,-0.375,-1.4908333333333332,75.5655870499674
2023-10-07,Brentford,Manchester United,1,2,H,21,11,8,3,10,17,7,5,5,,0,,2023,A,0.0,0.0,0,0.0,0.0,0.0,0,5,0.3333333333333333,1.3333333333333333,1.7950819672131149,1.375,-1.375,-4.8567622950819676,70.70882475488543
2023-10-21,Brentford,Burnley,3,0,H,23,6,10,1,14,12,5,5,5,2.0,0,1.0,2023,H,,,3,0.0,0.0,0.0,1,5,1.3333333333333333,1.3529411764705883,0.9176470588235294,1.375,1.625,3.5748529411764705,74.2836776960619
2023-10-28,Brentford,Chelsea,2,0,A,17,7,2,5,12,7,10,1,4,,0,,2023,A,1.0,0.0,3,0.0,0.0,0.0,1,4,2.0,1.372093023255814,1.5887096774193548,1.375,1.625,3.7241935483870967,78.007871244449
2023-11-04,Brentford,West Ham United,3,2,H,16,12,4,2,12,14,4,3,1,4.0,0,0.0,2023,H,,,3,0.0,0.0,0.0,0,1,3.0,1.3908045977011494,1.4,1.375,1.625,3.7025,81.71037124444901
2023-11-12,Brentford,Liverpool,0,3,H,17,16,10,3,16,12,6,8,2,,0,,2023,A,1.0,0.0,0,0.0,0.0,0.0,0,2,2.0,1.375,2.0238095238095237,1.375,-1.375,-4.141071428571429,77.56929981587757
2023-11-25,Brentford,Arsenal,0,1,A,9,15,3,4,9,7,1,8,1,1.0,0,0.0,2023,H,,,0,0.0,0.0,0.0,0,1,1.0,1.3595505617977528,1.921259842519685,1.375,-1.375,-3.8756889763779525,73.69361083949963
2023-12-02,Brentford,Luton Town,3,1,H,27,7,6,1,10,8,7,5,1,2.0,0,0.0,2023,H,,,3,0.0,0.0,0.0,0,1,1.0,1.3777777777777778,0.6428571428571429,1.375,1.625,3.8160714285714286,77.50968226807105
2023-12-06,Brentford,Brighton and Hove Albion,1,2,H,18,8,7,2,10,8,7,3,1,,0,,2023,A,3.0,0.0,0,0.0,0.0,0.0,0,1,1.0,1.362637362637363,1.3875968992248062,1.375,-1.375,-3.795639534883721,73.71404273318733
2023-12-09,Brentford,Sheffield United,0,1,H,9,10,4,4,14,13,3,4,1,,0,,2023,A,5.0,0.0,0,0.0,0.0,0.0,0,1,1.0,1.3478260869565215,0.5740740740740741,1.375,-1.375,-3.673611111111111,70.04043162207621
2023-12-17,Brentford,Aston Villa,1,2,A,4,15,3,5,19,6,7,12,6,4.0,1,1.0,2023,H,,,0,0.0,0.0,0.0,0,8,0.0,1.3333333333333333,1.5190839694656488,1.375,-1.375,-5.565362595419848,64.47506902665637
2023-12-27,Brentford,Wolverhampton Wanderers,1,4,A,14,11,4,5,5,14,8,2,1,1.0,0,0.0,2023,H,,,0,0.0,0.0,0.0,0,1,0.0,1.319148936170213,1.218045112781955,1.375,-1.375,-3.770206766917293,60.70486225973907
2023-12-30,Brentford,Crystal Palace,1,3,H,13,9,6,4,14,10,7,4,1,,0,,2023,A,0.0,0.0,0,0.0,0.0,0.0,0,1,0.0,1.305263157894737,1.1791044776119404,1.375,-1.375,-3.764365671641791,56.94049658809728
2024-01-20,Brentford,Nottingham Forest,3,2,H,11,12,5,3,10,14,6,4,1,3.0,0,0.0,2024,H,,,3,0.0,0.0,0.0,0,1,1.0,1.3229166666666667,0.9830508474576272,1.1891891891891893,1.8108108108108107,4.2295693999083825,61.17006598800566
2024-01-31,Brentford,Tottenham Hotspur,2,3,H,19,9,5,5,13,15,5,3,3,,0,,2024,A,2.0,0.0,0,0.0,0.0,0.0,0,3,1.0,1.309278350515464,1.7352941176470589,1.1891891891891893,-1.1891891891891893,-3.883267090620032,57.28679889738563
2024-02-05,Brentford,Manchester City,1,3,A,9,25,3,15,2,4,8,13,1,0.0,0,0.0,2024,H,,,0,0.0,0.0,0.0,0,1,1.0,1.2959183673469388,2.3308823529411766,1.1891891891891893,-1.1891891891891893,-3.4726053259141496,53.81419357147148
2024-02-10,Brentford,Wolverhampton Wanderers,2,0,A,17,9,5,6,11,9,7,4,3,,0,,2024,A,2.0,0.0,3,0.0,0.0,0.0,1,3,1.0,1.3131313131313131,1.2246376811594204,1.1891891891891893,1.8108108108108107,4.493331374853113,58.30752494632459
2024-02-17,Brentford,Liverpool,1,4,A,15,15,6,8,4,18,1,6,2,1.0,0,0.0,2024,H,,,0,0.0,0.0,0.0,0,2,1.0,1.3,2.050359712230216,1.1891891891891893,-1.1891891891891893,-3.6805269298075056,54.626998016517085
2024-02-20,Brentford,Manchester City,0,1,H,25,6,11,2,12,6,10,1,4,,0,,2024,A,2.0,0.0,0,0.0,0.0,0.0,0,4,1.0,1.2871287128712872,2.3309352517985613,1.1891891891891893,-1.1891891891891893,-4.222613260742758,50.40438475577433
2024-02-26,Brentford,West Ham United,2,4,H,17,14,6,8,5,9,1,7,2,,0,,2024,A,1.0,0.0,0,0.0,0.0,0.0,0,2,0.0,1.2745098039215683,1.4285714285714286,1.1891891891891893,-1.1891891891891893,-3.5872586872586876,46.81712606851564
2024-03-02,Brentford,Chelsea,2,2,D,14,17,5,6,10,9,0,6,3,1.0,0,0.0,2024,H,,,1,0.0,0.0,0.0,0,3,0.3333333333333333,1.2718446601941749,1.5785714285714283,1.1891891891891893,-0.18918918918918926,-1.3597586872586873,45.45736738125695
2024-03-09,Brentford,Arsenal,1,2,H,17,9,6,4,9,10,10,4,4,,0,,2024,A,2.0,0.0,0,0.0,0.0,0.0,0,4,0.3333333333333333,1.2596153846153846,1.9577464788732395,1.1891891891891893,-1.1891891891891893,-4.16663494480396,41.29073243645299
2024-03-16,Brentford,Burnley,1,2,H,17,9,6,5,14,17,5,4,4,,1,,2024,A,2.0,0.0,0,0.0,0.0,0.0,0,6,0.3333333333333333,1.2476190476190476,0.8666666666666667,1.1891891891891893,-1.1891891891891893,-4.502972972972974,36.787759463480015
2024-03-30,Brentford,Manchester United,1,1,D,31,11,5,5,7,14,14,4,2,2.0,0,0.0,2024,H,,,1,0.0,0.0,0.0,0,2,0.3333333333333333,1.2452830188679245,1.7832167832167831,1.1891891891891893,-0.18918918918918926,-1.1404554904554904,35.64730397302453
2024-04-03,Brentford,Brighton and Hove Albion,0,0,D,5,24,2,6,9,12,1,5,1,1.0,0,0.0,2024,H,,,1,0.0,0.0,0.0,1,1,0.6666666666666666,1.2429906542056075,1.3680555555555556,1.1891891891891893,-0.18918918918918926,-0.028181306306306414,35.61912266671822
2024-04-06,Brentford,Aston Villa,3,3,D,11,8,3,3,15,11,11,3,2,,0,,2024,A,2.0,0.0,1,0.0,0.0,0.0,0,2,1.0,1.2407407407407407,1.5136986301369864,1.1891891891891893,-0.18918918918918926,-1.100027767493521,34.5190948992247
2024-04-13,Brentford,Sheffield United,2,0,H,9,8,5,2,8,11,3,6,3,1.0,0,0.0,2024,H,,,3,0.0,0.0,0.0,1,3,1.6666666666666667,1.256880733944954,0.5571428571428572,1.1891891891891893,1.8108108108108107,4.5934555984555985,39.112550497680296
2024-04-20,Brentford,Luton Town,5,1,A,6,21,3,9,13,9,4,9,2,,0,,2024,A,1.0,0.0,3,0.0,0.0,0.0,0,2,2.3333333333333335,1.2727272727272727,0.7352941176470589,1.1891891891891893,1.8108108108108107,4.016732909379968,43.129283407060264
2024-04-27,Brentford,Everton,0,1,H,18,10,1,4,10,12,6,6,2,,0,,2024,A,1.0,0.0,0,0.0,0.0,0.0,0,2,2.0,1.2612612612612613,1.1946308724832215,1.1891891891891893,-1.1891891891891893,-3.5521676038454566,39.57711580321481
2024-05-04,Brentford,Fulham,0,0,D,7,15,3,3,3,6,7,6,1,1.0,0,0.0,2024,H,,,1,0.0,0.0,0.0,1,1,1.3333333333333333,1.2589285714285714,1.1071428571428572,1.1891891891891893,-0.18918918918918926,0.010955598455598348,39.588071401670405
2024-05-11,Brentford,Bournemouth,2,1,A,13,11,4,5,16,12,3,8,2,,0,,2024,A,2.0,0.0,3,0.0,0.0,0.0,0,2,1.3333333333333333,1.2743362831858407,1.16,1.1891891891891893,1.8108108108108107,3.9530270270270274,43.54109842869743
2024-05-19,Brentford,Newcastle United,2,4,A,10,12,5,7,15,11,3,0,4,4.0,0,0.0,2024,H,,,0,0.0,0.0,0.0,0,4,1.3333333333333333,1.263157894736842,1.480263157894737,1.1891891891891893,-1.1891891891891893,-4.095012446657184,39.446085982040245
2024-08-18,Brentford,Crystal Palace,2,1,H,9,14,5,6,6,15,4,7,1,5.0,0,0.0,2024,H,,,3,0.0,0.0,0.0,0,1,2.0,1.2782608695652171,1.2156862745098038,1.1891891891891893,1.8108108108108107,4.194674085850556,43.6407600678908
2024-08-25,Brentford,Liverpool,0,2,H,19,8,8,2,10,7,9,4,3,,0,,2024,A,2.0,0.0,0,0.0,0.0,0.0,0,3,1.0,1.2672413793103448,2.051948051948052,1.1891891891891893,-1.1891891891891893,-3.930765180765181,39.709994887125625
2024-08-31,Brentford,Southampton,3,1,H,20,18,7,6,10,7,2,8,2,1.0,0,0.0,2024,H,,,3,0.0,0.0,0.0,0,2,2.0,1.2820512820512822,0.9230769230769232,1.1891891891891893,1.8108108108108107,3.988565488565489,43.698560375691116
2024-09-14,Brentford,Manchester City,1,2,H,18,8,7,5,9,3,12,3,1,,0,,2024,A,3.0,0.0,0,0.0,0.0,0.0,0,1,1.0,1.271186440677966,2.378205128205128,1.1891891891891893,-1.1891891891891893,-3.4797037422037422,40.21885663348738
2024-09-21,Brentford,Tottenham Hotspur,1,3,H,23,6,10,6,11,9,9,4,1,,0,,2024,A,3.0,0.0,0,0.0,0.0,0.0,0,1,1.0,1.2605042016806722,1.694267515923567,1.1891891891891893,-1.1891891891891893,-3.377113100361508,36.84174353312587
2024-09-28,Brentford,West Ham United,1,1,D,8,19,3,3,2,11,7,7,2,3.0,0,0.0,2024,H,,,1,0.0,0.0,0.0,0,2,0.3333333333333333,1.2583333333333333,1.379746835443038,1.1891891891891893,-0.18918918918918926,-1.0799349982894286,35.76180853483644
2024-10-05,Brentford,Wolverhampton Wanderers,5,3,H,19,17,12,6,9,10,10,3,2,3.0,0,0.0,2024,H,,,3,0.0,0.0,0.0,0,2,1.3333333333333333,1.2727272727272727,1.1572327044025157,1.1891891891891893,1.8108108108108107,3.95344212136665,39.71525065620309
2024-10-19,Brentford,Manchester United,1,2,H,23,8,11,2,14,5,9,2,2,,0,,2024,A,2.0,0.0,0,0.0,0.0,0.0,0,2,1.3333333333333333,1.2622950819672132,1.7375,1.1891891891891893,-1.1891891891891893,-3.6335979729729733,36.08165268323012
2024-10-26,Brentford,Ipswich Town,4,3,H,20,11,9,5,7,10,5,5,0,1.0,0,1.0,2024,H,,,3,0.0,0.0,0.0,0,0,2.0,1.2764227642276422,0.4444444444444444,1.1891891891891893,1.8108108108108107,4.56036036036036,40.64201304359048
2024-11-04,Brentford,Fulham,1,2,H,26,5,12,2,3,10,11,3,1,,0,,2024,A,2.0,0.0,0,0.0,0.0,0.0,0,1,1.0,1.2661290322580645,1.1451612903225807,1.1891891891891893,-1.1891891891891893,-3.2947471665213603,37.34726587706912
2024-11-09,Brentford,Bournemouth,3,2,H,12,15,6,3,8,16,6,4,2,4.0,0,0.0,2024,H,,,3,0.0,0.0,0.0,0,2,2.0,1.28,1.1724137931034482,1.1891891891891893,1.8108108108108107,3.95116495806151,41.29843083513063
2024-11-23,Brentford,Everton,0,0,D,27,9,5,2,8,10,10,4,0,,1,,2024,A,0.0,0.0,1,0.0,0.0,0.0,1,2,1.3333333333333333,1.2777777777777777,1.1768292682926829,1.1891891891891893,-0.18918918918918926,-0.24949736321687552,41.048933471913756
2024-11-30,Brentford,Leicester City,4,1,H,13,7,6,3,9,10,5,4,1,1.0,0,0.0,2024,H,,,3,0.0,0.0,0.0,0,1,2.3333333333333335,1.2913385826771653,1.2755905511811023,1.1891891891891893,1.8108108108108107,4.185688444349862,45.23462191626362
2024-12-04,Brentford,Aston Villa,1,3,H,20,9,10,1,11,15,10,5,2,,0,,2024,A,2.0,0.0,0,0.0,0.0,0.0,0,2,1.3333333333333333,1.28125,1.5120481927710845,1.1891891891891893,-1.1891891891891893,-3.599780201888636,41.634841714374986
2024-12-07,Brentford,Newcastle United,4,2,H,11,16,8,3,10,7,3,4,3,0.0,0,0.0,2024,H,,,3,0.0,0.0,0.0,0,3,2.0,1.2945736434108528,1.467065868263473,1.1891891891891893,1.8108108108108107,3.6569671467875065,45.291808861162494
2024-12-15,Brentford,Chelsea,1,2,H,26,9,8,4,11,7,8,5,2,,0,,2024,A,0.0,1.0,0,0.0,0.0,0.0,0,2,1.0,1.2846153846153847,1.6785714285714286,1.1891891891891893,-1.1891891891891893,-3.6247586872586877,41.6670501739038
2024-12-21,Brentford,Nottingham Forest,0,2,A,7,10,3,6,9,14,9,5,3,4.0,0,0.0,2024,H,,,0,0.0,0.0,0.0,0,3,1.0,1.2748091603053435,1.1290322580645162,1.1891891891891893,-1.1891891891891893,-3.7923278116826507,37.87472236222115
2024-12-27,Brentford,Brighton and Hove Albion,0,0,D,24,8,7,3,6,12,5,3,2,,0,,2024,A,0.0,0.0,1,0.0,0.0,0.0,1,2,0.3333333333333333,1.2727272727272727,1.3411764705882352,1.1891891891891893,-0.18918918918918926,-0.2741494435612084,37.60057291865994
2025-01-01,Brentford,Arsenal,1,3,A,5,14,2,5,6,8,4,3,1,2.0,0,0.0,2025,H,,,0,0.0,0.0,0.0,0,1,0.3333333333333333,1.263157894736842,2.0,1.5483870967741935,-1.5483870967741935,-4.320967741935484,33.27960517672446
2025-01-04,Brentford,Southampton,5,0,A,8,20,1,11,10,4,2,2,0,,0,,2025,A,2.0,0.0,3,0.0,0.0,0.0,1,0,1.3333333333333333,1.2761194029850746,0.8507462686567164,1.5483870967741935,1.4516129032258065,4.401420317766008,37.68102549449047
2025-01-14,Brentford,Manchester City,2,2,D,18,21,6,8,4,4,4,5,0,0.0,0,0.0,2025,H,,,1,0.0,0.0,0.0,0,0,1.3333333333333333,1.274074074074074,2.277456647398844,1.5483870967741935,-0.5483870967741935,-1.6125862390453103,36.068439255445156
2025-01-18,Brentford,Liverpool,0,2,A,11,37,6,8,6,14,2,15,2,3.0,0,0.0,2025,H,,,0,0.0,0.0,0.0,0,2,1.3333333333333333,1.2647058823529411,2.0809248554913293,1.5483870967741935,-1.5483870967741935,-4.5831064702591835,31.485332785185975
2025-01-26,Brentford,Crystal Palace,2,1,A,16,13,5,6,8,11,4,7,2,,0,,2025,A,2.0,0.0,3,0.0,0.0,0.0,0,2,1.3333333333333333,1.2773722627737227,1.217142857142857,1.5483870967741935,1.4516129032258065,3.0464608294930877,34.53179361467906
2025-02-02,Brentford,Tottenham Hotspur,0,2,A,20,13,4,2,4,11,10,3,0,1.0,0,0.0,2025,H,,,0,0.0,0.0,0.0,0,0,1.0,1.2681159420289856,1.625,1.5483870967741935,-1.5483870967741935,-4.014717741935485,30.517075872743575
2025-02-15,Brentford,West Ham United,1,0,A,13,14,3,5,10,13,9,2,1,,0,,2025,A,1.0,0.0,3,0.0,0.0,0.0,1,1,2.0,1.2805755395683454,1.3559322033898304,1.5483870967741935,1.4516129032258065,4.0756424275560414,34.592718300299616
2025-02-21,Brentford,Leicester City,4,0,A,8,14,3,6,10,10,5,6,0,,0,,2025,A,4.0,0.0,3,0.0,0.0,0.0,1,0,2.0,1.292857142857143,1.207142857142857,1.5483870967741935,1.4516129032258065,4.347960829493087,38.940679129792706
2025-02-26,Brentford,Everton,1,1,D,12,14,3,4,3,6,2,5,2,1.0,0,0.0,2025,H,,,1,0.0,0.0,0.0,0,2,2.3333333333333335,1.2907801418439715,1.1955307262569832,1.5483870967741935,-0.5483870967741935,-1.950297350874031,36.990381778918675
2025-03-08,Brentford,Aston Villa,0,1,A,13,12,3,4,10,5,6,5,2,2.0,0,0.0,2025,H,,,0,0.0,0.0,0.0,0,2,1.3333333333333333,1.2816901408450705,1.5138121546961325,1.5483870967741935,-1.5483870967741935,-4.498039565139904,32.49234221377877
2025-03-15,Brentford,Bournemouth,2,1,A,17,10,5,4,13,7,4,3,0,,0,,2025,A,3.0,0.0,3,0.0,0.0,0.0,0,0,1.3333333333333333,1.2937062937062938,1.2476190476190476,1.5483870967741935,1.4516129032258065,3.541889400921659,36.03423161470043
2025-04-02,Brentford,Newcastle United,1,2,H,21,12,4,3,12,12,4,5,1,,0,,2025,A,1.0,0.0,0,0.0,0.0,0.0,0,1,1.0,1.2847222222222223,1.5193370165745856,1.5483870967741935,-1.5483870967741935,-4.248868294421672,31.785363320278762
2025-04-06,Brentford,Chelsea,0,0,D,9,21,2,5,12,12,3,6,1,3.0,0,0.0,2025,H,,,1,0.0,0.0,0.0,1,1,1.3333333333333333,1.282758620689655,1.644808743169399,1.5483870967741935,-0.5483870967741935,-0.9676890534108936,30.81767426686787
2025-04-12,Brentford,Arsenal,1,1,D,14,3,3,2,7,9,13,5,3,,0,,2025,A,1.0,0.0,1,0.0,0.0,0.0,0,3,0.6666666666666666,1.2808219178082192,1.9891304347826089,1.5483870967741935,-0.5483870967741935,-2.319337307152875,28.49833695971499
2025-04-19,Brentford,Brighton and Hove Albion,4,2,H,16,12,8,3,7,11,4,8,3,3.0,0,1.0,2025,H,,,3,0.0,0.0,0.0,0,3,1.6666666666666667,1.2925170068027212,1.351351351351351,1.5483870967741935,1.4516129032258065,2.7763295553618135,31.274666515076802
2025-05-01,Brentford,Nottingham Forest,2,0,A,14,11,5,3,10,12,4,5,5,,0,,2025,A,3.0,0.0,3,0.0,0.0,0.0,1,5,2.3333333333333335,1.304054054054054,1.2181818181818185,1.5483870967741935,1.4516129032258065,3.0963049853372433,34.37097150041404
2025-05-04,Brentford,Manchester United,4,3,H,12,14,6,5,8,10,7,4,0,2.0,0,0.0,2025,H,,,3,0.0,0.0,0.0,0,0,3.0,1.3154362416107384,1.6363636363636365,1.5483870967741935,1.4516129032258065,3.4835777126099705,37.854549213024015
2025-05-10,Brentford,Ipswich Town,1,0,A,11,15,4,5,6,12,5,6,4,,0,,2025,A,2.0,0.0,3,0.0,0.0,0.0,1,4,3.0,1.3266666666666669,0.6111111111111112,1.5483870967741935,1.4516129032258065,3.437365591397849,41.291914804421864
2025-05-18,Brentford,Fulham,2,3,A,11,16,6,7,12,8,5,3,4,4.0,0,0.0,2025,H,,,0,0.0,0.0,0.0,0,4,2.0,1.3178807947019868,1.1986754966887416,1.5483870967741935,-1.5483870967741935,-4.950769066438796,36.34114573798307
2025-05-25,Brentford,Wolverhampton Wanderers,1,1,D,18,13,6,7,7,9,8,3,1,,0,,2025,A,2.0,0.0,1,0.0,0.0,0.0,0,1,1.3333333333333333,1.3157894736842106,1.1842105263157894,1.5483870967741935,-0.5483870967741935,-1.698599320882852,34.64254641710022
2025-08-17,Brentford,Nottingham Forest,1,3,H,11,10,5,3,7,15,5,5,2,,0,,2025,A,1.0,0.0,0,0.0,0.0,0.0,0,2,0.3333333333333333,1.30718954248366,1.2347826086956522,1.5483870967741935,-1.5483870967741935,-4.456185133239832,30.186361283860386
2025-08-23,Brentford,Aston Villa,1,0,H,9,17,2,2,11,9,2,9,1,2.0,0,0.0,2025,H,,,3,0.0,0.0,0.0,1,1,1.3333333333333333,1.318181818181818,1.5416666666666667,1.5483870967741935,1.4516129032258065,4.047782258064515,34.2341435419249
2025-08-30,Brentford,Sunderland,1,2,H,12,7,3,4,11,12,3,4,2,,0,,2025,A,3.0,0.0,0,0.0,0.0,0.0,0,2,1.0,1.3096774193548386,2.0,1.5483870967741935,-1.5483870967741935,-4.570967741935484,29.663175799989418
2025-09-13,Brentford,Chelsea,2,2,D,7,16,4,6,13,9,5,6,3,2.0,0,0.0,2025,H,,,1,0.0,0.0,0.0,0,3,1.3333333333333333,1.3076923076923077,1.675257731958763,1.5483870967741935,-0.5483870967741935,-2.2722564017292983,27.390919398260117
2025-09-20,Brentford,Fulham,1,3,H,14,8,3,3,11,13,2,10,1,,0,,2025,A,4.0,0.0,0,0.0,0.0,0.0,0,1,0.3333333333333333,1.2993630573248407,1.2038216560509554,1.5483870967741935,-1.5483870967741935,-4.201540990343128,23.18937840791699
2025-09-27,Brentford,Manchester United,3,1,H,10,14,8,6,14,10,4,2,2,2.0,0,0.0,2025,H,,,3,0.0,0.0,0.0,0,2,1.3333333333333333,1.3101265822784811,1.6122448979591837,1.5483870967741935,1.4516129032258065,2.9871955233706387,26.176573931287628
2025-10-05,Brentford,Manchester City,0,1,A,6,10,1,4,10,6,3,2,3,2.0,0,0.0,2025,H,,,0,0.0,0.0,0.0,0,3,1.0,1.30188679245283,2.248730964467005,1.5483870967741935,-1.5483870967741935,-4.858277386605535,21.3182965446821
2025-10-20,Brentford,West Ham United,2,0,A,7,22,1,7,10,10,6,10,1,,0,,2025,A,1.0,0.0,3,0.0,0.0,0.0,1,1,2.0,1.3125,1.3131313131313131,1.5483870967741935,1.4516129032258065,4.082062561094819,25.400359105776914
2025-10-25,Brentford,Liverpool,3,2,H,17,18,8,5,7,10,5,4,3,2.0,0,0.0,2025,H,,,3,0.0,0.0,0.0,0,3,2.0,1.3229813664596273,2.0552763819095476,1.5483870967741935,1.4516129032258065,2.6707408007780837,28.071099906555
2025-11-01,Brentford,Crystal Palace,0,2,H,9,6,2,2,7,11,6,5,3,,0,,2025,A,0.0,0.0,0,0.0,0.0,0.0,0,3,2.0,1.3148148148148149,1.275,1.5483870967741935,-1.5483870967741935,-4.7122177419354845,23.358882164619516
2025-11-09,Brentford,Newcastle United,3,1,H,15,5,7,1,10,13,6,2,2,1.0,0,0.0,2025,H,,,3,0.0,0.0,0.0,0,2,2.0,1.3251533742331287,1.507462686567164,1.5483870967741935,1.4516129032258065,3.0029128550794417,26.36179501969896
2020-09-14,Brighton and Hove Albion,Chelsea,1,3,A,13,10,3,5,8,13,4,3,1,0.0,0,0.0,2020,H,,,0,0.0,0.0,0.0,0,1,0.0,0.0,3.0,0.8125,-0.8125,-2.63125,113.2661858974359
2020-09-20,Brighton and Hove Albion,Newcastle United,3,0,A,6,13,0,6,16,15,7,1,0,,1,,2020,A,3.0,0.0,3,0.0,0.0,0.0,1,2,1.5,1.5,1.5,0.8125,2.1875,5.64375,118.9099358974359
2020-09-26,Brighton and Hove Albion,Manchester United,2,3,A,18,7,5,3,18,16,7,1,4,2.0,0,0.0,2020,H,,,0,0.0,0.0,0.0,0,4,1.0,1.0,1.5,0.8125,-0.8125,-3.15625,115.7536858974359
2020-10-03,Brighton and Hove Albion,Everton,2,4,H,11,11,6,3,13,14,3,10,1,,0,,2020,A,0.0,0.0,0,0.0,0.0,0.0,0,1,1.0,0.75,3.0,0.8125,-0.8125,-2.63125,113.12243589743589
2020-10-18,Brighton and Hove Albion,Crystal Palace,1,1,D,1,20,1,3,13,12,2,5,2,,1,,2020,A,3.0,0.0,1,0.0,0.0,0.0,0,4,0.3333333333333333,0.8,1.4,0.8125,0.1875,-0.64125,112.48118589743589
2020-10-26,Brighton and Hove Albion,West Brom,1,1,D,5,9,3,3,14,7,6,2,2,0.0,0,0.0,2020,H,,,1,0.0,0.0,0.0,0,2,0.6666666666666666,0.8333333333333334,0.5,0.8125,0.1875,-0.006249999999999992,112.4749358974359
2020-11-01,Brighton and Hove Albion,Tottenham Hotspur,1,2,H,9,6,3,2,14,13,4,5,1,,0,,2020,A,2.0,0.0,0,0.0,0.0,0.0,0,1,0.6666666666666666,0.7142857142857143,2.0,0.8125,-0.8125,-2.4812499999999997,109.9936858974359
2020-11-06,Brighton and Hove Albion,Burnley,0,0,D,19,4,3,1,11,5,5,3,1,0.0,0,0.0,2020,H,,,1,0.0,0.0,0.0,1,1,0.6666666666666666,0.75,0.2857142857142857,0.8125,0.1875,1.0758928571428572,111.06957875457876
2020-11-21,Brighton and Hove Albion,Aston Villa,2,1,A,15,7,4,3,5,18,12,3,1,,1,,2020,A,2.0,0.0,3,0.0,0.0,0.0,0,3,1.3333333333333333,1.0,1.875,0.8125,2.1875,4.5375,115.60707875457875
2020-11-28,Brighton and Hove Albion,Liverpool,1,1,D,11,6,3,2,9,13,4,3,2,1.0,0,0.0,2020,H,,,1,0.0,0.0,0.0,0,2,1.6666666666666667,1.0,2.1,0.8125,0.1875,-0.24625,115.36082875457875
2020-12-07,Brighton and Hove Albion,Southampton,1,2,A,12,10,4,3,12,12,4,3,3,3.0,0,0.0,2020,H,,,0,0.0,0.0,0.0,0,3,1.3333333333333333,0.9090909090909092,1.818181818181818,0.8125,-0.8125,-2.9539772727272724,112.40685148185148
2020-12-13,Brighton and Hove Albion,Leicester City,0,3,H,15,12,6,4,9,11,9,5,1,,0,,2020,A,2.0,0.0,0,0.0,0.0,0.0,0,1,0.3333333333333333,0.8333333333333334,2.0,0.8125,-0.8125,-2.4812499999999997,109.92560148185149
2020-12-16,Brighton and Hove Albion,Fulham,0,0,D,9,9,4,4,15,11,1,8,0,,0,,2020,A,1.0,0.0,1,0.0,0.0,0.0,1,0,0.3333333333333333,0.8461538461538461,0.6923076923076923,0.8125,0.1875,1.2649038461538462,111.19050532800533
2020-12-20,Brighton and Hove Albion,Sheffield United,1,1,D,21,5,5,3,9,11,14,2,1,5.0,0,1.0,2020,H,,,1,0.0,0.0,0.0,0,1,0.6666666666666666,0.8571428571428571,0.1428571428571428,0.8125,0.1875,0.2973214285714286,111.48782675657675
2020-12-27,Brighton and Hove Albion,West Ham United,2,2,D,11,13,4,4,6,8,5,4,0,,0,,2020,A,0.0,0.0,1,0.0,0.0,0.0,0,0,1.0,0.8666666666666667,1.4666666666666666,0.8125,0.1875,0.34875,111.83657675657676
2020-12-29,Brighton and Hove Albion,Arsenal,0,1,A,13,11,2,3,11,4,5,4,2,0.0,0,0.0,2020,H,,,0,0.0,0.0,0.0,0,2,0.6666666666666666,0.8125,1.25,0.8125,-0.8125,-2.61875,109.21782675657676
2021-01-02,Brighton and Hove Albion,Wolverhampton Wanderers,3,3,D,13,11,4,4,13,8,5,8,2,1.0,0,0.0,2021,H,,,1,0.0,0.0,0.0,0,2,0.6666666666666666,0.8235294117647058,1.2941176470588236,1.3,-0.30000000000000004,-1.3441176470588234,107.87370910951793
2021-01-13,Brighton and Hove Albion,Manchester City,0,1,H,16,5,6,1,4,12,8,4,2,,0,,2021,A,0.0,0.0,0,0.0,0.0,0.0,0,2,0.3333333333333333,0.7777777777777778,2.0,1.3,-1.3,-3.9499999999999997,103.92370910951793
2021-01-16,Brighton and Hove Albion,Leeds United,1,0,A,7,7,2,2,8,9,5,2,1,,0,,2021,A,1.0,0.0,3,0.0,0.0,0.0,1,1,1.3333333333333333,0.8947368421052632,1.2777777777777777,1.3,1.7,4.708333333333333,108.63204244285127
2021-01-27,Brighton and Hove Albion,Fulham,0,0,D,16,10,5,3,10,14,10,0,2,1.0,0,0.0,2021,H,,,1,0.0,0.0,0.0,1,2,1.3333333333333333,0.9,0.6842105263157895,1.3,-0.30000000000000004,-0.4526315789473685,108.1794108639039
2021-01-31,Brighton and Hove Albion,Tottenham Hotspur,1,0,H,16,8,5,4,11,11,9,2,2,1.0,0,0.0,2021,H,,,3,0.0,0.0,0.0,1,2,2.3333333333333335,1.0,1.65,1.3,1.7,4.4025,112.5819108639039
2021-02-03,Brighton and Hove Albion,Liverpool,1,0,A,11,13,1,4,12,6,6,3,0,,0,,2021,A,1.0,0.0,3,0.0,0.0,0.0,1,0,2.3333333333333335,1.0909090909090908,1.818181818181818,1.3,1.7,4.877272727272727,117.45918359117663
2021-02-06,Brighton and Hove Albion,Burnley,1,1,D,20,10,7,2,8,10,8,7,0,,0,,2021,A,2.0,0.0,1,0.0,0.0,0.0,0,0,2.3333333333333335,1.0869565217391304,1.0454545454545454,1.3,-0.30000000000000004,-0.806818181818182,116.65236540935844
2021-02-13,Brighton and Hove Albion,Aston Villa,0,0,D,26,4,9,1,16,12,9,2,2,3.0,0,0.0,2021,H,,,1,0.0,0.0,0.0,1,2,1.6666666666666667,1.0833333333333333,1.6363636363636365,1.3,-0.30000000000000004,-0.5954545454545456,116.0569108639039
2021-02-22,Brighton and Hove Albion,Crystal Palace,1,2,A,25,3,5,2,11,6,13,0,2,0.0,0,0.0,2021,H,,,0,0.0,0.0,0.0,0,2,0.6666666666666666,1.04,1.28,1.3,-1.3,-3.842,112.2149108639039
2021-02-27,Brighton and Hove Albion,West Brom,0,1,H,6,15,2,6,11,12,7,4,0,,0,,2021,A,0.0,0.0,0,0.0,0.0,0.0,0,0,0.3333333333333333,1.0,0.6538461538461539,1.3,-1.3,-3.248076923076923,108.96683394082697
2021-03-06,Brighton and Hove Albion,Leicester City,1,2,A,7,8,2,4,14,8,6,6,0,1.0,0,0.0,2021,H,,,0,0.0,0.0,0.0,0,0,0.0,0.9629629629629628,1.8928571428571428,1.3,-1.3,-3.4339285714285714,105.5329053693984
2021-03-14,Brighton and Hove Albion,Southampton,2,1,A,9,8,4,6,11,10,4,5,0,,0,,2021,A,0.0,0.0,3,0.0,0.0,0.0,0,0,1.0,1.0357142857142858,1.137931034482759,1.3,1.7,4.179310344827586,109.71221571422599
2021-03-20,Brighton and Hove Albion,Newcastle United,3,0,H,11,3,6,1,12,5,3,1,0,1.0,0,0.0,2021,H,,,3,0.0,0.0,0.0,1,0,2.0,1.103448275862069,0.9655172413793104,1.3,1.7,5.005172413793103,114.7173881280191
2021-04-04,Brighton and Hove Albion,Manchester United,1,2,H,15,5,7,3,14,7,5,6,2,,0,,2021,A,2.0,0.0,0,0.0,0.0,0.0,0,2,2.0,1.0666666666666669,2.0,1.3,-1.3,-3.9499999999999997,110.76738812801909
2021-04-12,Brighton and Hove Albion,Everton,0,0,D,23,8,3,1,12,7,10,3,1,2.0,0,0.0,2021,H,,,1,0.0,0.0,0.0,1,1,1.3333333333333333,1.064516129032258,1.6,1.3,-0.30000000000000004,-0.3400000000000001,110.42738812801909
2021-04-20,Brighton and Hove Albion,Chelsea,0,0,D,7,11,4,2,8,9,0,3,0,,1,,2021,A,2.0,0.0,1,0.0,0.0,0.0,1,2,0.6666666666666666,1.0625,1.71875,1.3,-0.30000000000000004,-0.6078125000000001,109.8195756280191
2021-04-24,Brighton and Hove Albion,Sheffield United,0,1,H,7,17,3,4,13,7,2,12,0,,0,,2021,A,3.0,0.0,0,0.0,0.0,0.0,0,0,0.6666666666666666,1.0303030303030305,0.5151515151515151,1.3,-1.3,-3.227272727272727,106.59230290074636
2021-05-01,Brighton and Hove Albion,Leeds United,2,0,H,17,11,5,2,17,6,2,9,1,1.0,0,0.0,2021,H,,,3,0.0,0.0,0.0,1,1,1.3333333333333333,1.088235294117647,1.3823529411764706,1.3,1.7,4.692647058823529,111.2849499595699
2021-05-09,Brighton and Hove Albion,Wolverhampton Wanderers,1,2,H,16,5,6,3,12,7,10,5,2,,2,,2021,A,2.0,0.0,0,0.0,0.0,0.0,0,6,1.0,1.0571428571428572,1.2857142857142858,1.3,-1.3,-4.842857142857143,106.44209281671274
2021-05-15,Brighton and Hove Albion,West Ham United,1,1,D,10,15,2,3,7,5,3,3,1,1.0,0,0.0,2021,H,,,1,0.0,0.0,0.0,0,1,1.3333333333333333,1.0555555555555556,1.6388888888888888,1.3,-0.30000000000000004,-1.1458333333333333,105.29625948337942
2021-05-18,Brighton and Hove Albion,Manchester City,3,2,H,19,8,6,4,13,11,5,3,3,3.0,0,1.0,2021,H,,,3,0.0,0.0,0.0,0,3,1.3333333333333333,1.108108108108108,2.243243243243243,1.3,1.7,3.2635135135135136,108.55977299689293
2021-05-23,Brighton and Hove Albion,Arsenal,0,2,H,16,5,5,1,10,8,11,3,0,,0,,2021,A,0.0,0.0,0,0.0,0.0,0.0,0,0,1.3333333333333333,1.0789473684210529,1.605263157894737,1.3,-1.3,-3.3907894736842104,105.16898352320872
2021-08-14,Brighton and Hove Albion,Burnley,2,1,A,14,14,3,8,10,7,7,6,1,,0,,2021,A,2.0,0.0,3,0.0,0.0,0.0,0,1,2.0,1.1282051282051282,1.0,1.3,1.7,3.95,109.11898352320873
2021-08-21,Brighton and Hove Albion,Watford,2,0,H,13,10,3,1,11,6,7,2,4,0.0,0,0.0,2021,H,,,3,0.0,0.0,0.0,1,4,2.0,1.175,1.5,1.3,1.7,3.925,113.04398352320872
2021-08-28,Brighton and Hove Albion,Everton,0,2,A,14,14,3,5,7,9,4,5,1,2.0,0,0.0,2021,H,,,0,0.0,0.0,0.0,0,1,2.0,1.146341463414634,1.6097560975609757,1.3,-1.3,-3.641463414634146,109.40252010857458
2021-09-11,Brighton and Hove Albion,Brentford,1,0,A,7,4,1,2,9,12,1,6,2,,0,,2021,A,3.0,0.0,3,0.0,0.0,0.0,1,2,2.0,1.1904761904761905,1.25,1.3,1.7,4.4624999999999995,113.86502010857457
2021-09-19,Brighton and Hove Albion,Leicester City,2,1,H,12,14,5,3,8,10,4,9,2,1.0,0,0.0,2021,H,,,3,0.0,0.0,0.0,0,2,2.0,1.2325581395348837,1.6744186046511629,1.3,1.7,3.5988372093023258,117.4638573178769
2021-09-27,Brighton and Hove Albion,Crystal Palace,1,1,D,8,8,3,4,12,10,6,5,3,,0,,2021,A,2.0,0.0,1,0.0,0.0,0.0,0,3,2.3333333333333335,1.2272727272727273,1.1363636363636365,1.3,-0.30000000000000004,-1.5704545454545453,115.89340277242236
2021-10-02,Brighton and Hove Albion,Arsenal,0,0,D,21,8,2,2,8,5,8,5,2,1.0,0,0.0,2021,H,,,1,0.0,0.0,0.0,1,2,1.6666666666666667,1.2222222222222223,1.5777777777777775,1.3,-0.30000000000000004,-0.5866666666666667,115.30673610575569
2021-10-16,Brighton and Hove Albion,Norwich City,0,0,D,15,11,3,3,5,14,8,4,5,,0,,2021,A,3.0,0.0,1,0.0,0.0,0.0,1,5,1.0,1.2173913043478262,0.25,1.3,-0.30000000000000004,-1.1375000000000002,114.16923610575569
2021-10-23,Brighton and Hove Albion,Manchester City,1,4,A,10,23,5,14,10,6,7,6,2,3.0,0,0.0,2021,H,,,0,0.0,0.0,0.0,0,2,0.6666666666666666,1.1914893617021276,2.25531914893617,1.3,-1.3,-3.9882978723404254,110.18093823341526
2021-10-30,Brighton and Hove Albion,Liverpool,2,2,D,14,9,3,6,8,5,5,3,2,,0,,2021,A,2.0,0.0,1,0.0,0.0,0.0,0,2,0.6666666666666666,1.1875,1.8958333333333333,1.3,-0.30000000000000004,-1.434375,108.74656323341526
2021-11-06,Brighton and Hove Albion,Newcastle United,1,1,D,14,6,5,1,16,10,2,5,3,4.0,1,0.0,2021,H,,,1,0.0,0.0,0.0,0,5,0.6666666666666666,1.183673469387755,1.020408163265306,1.3,-0.30000000000000004,-2.0530612244897957,106.69350200892546
2021-11-20,Brighton and Hove Albion,Aston Villa,0,2,H,9,6,5,2,7,13,5,7,3,,0,,2021,A,3.0,0.0,0,0.0,0.0,0.0,0,3,0.6666666666666666,1.16,1.36,1.3,-1.3,-4.104,102.58950200892546
2021-11-27,Brighton and Hove Albion,Leeds United,0,0,D,20,11,4,4,12,14,6,1,1,3.0,0,0.0,2021,H,,,1,0.0,0.0,0.0,1,1,0.6666666666666666,1.156862745098039,1.392156862745098,1.3,-0.30000000000000004,-0.3088235294117647,102.28067847951371
2021-12-01,Brighton and Hove Albion,West Ham United,1,1,D,14,9,6,3,10,8,9,5,1,,0,,2021,A,1.0,0.0,1,0.0,0.0,0.0,0,1,0.6666666666666666,1.1538461538461535,1.7115384615384617,1.3,-0.30000000000000004,-1.1567307692307691,101.12394771028293
2021-12-04,Brighton and Hove Albion,Southampton,1,1,D,14,14,4,4,15,12,6,2,2,,0,,2021,A,4.0,0.0,1,0.0,0.0,0.0,0,2,1.0,1.150943396226415,1.1132075471698113,1.3,-0.30000000000000004,-1.3169811320754716,99.80696657820747
2021-12-15,Brighton and Hove Albion,Wolverhampton Wanderers,0,1,A,12,8,2,5,11,14,7,4,2,0.0,0,0.0,2021,H,,,0,0.0,0.0,0.0,0,2,0.6666666666666666,1.1296296296296295,1.2545454545454546,1.3,-1.3,-3.838181818181818,95.96878476002564
2021-12-26,Brighton and Hove Albion,Brentford,2,0,H,15,16,5,6,8,10,6,9,1,3.0,0,0.0,2021,H,,,3,0.0,0.0,0.0,1,1,1.3333333333333333,1.1636363636363636,1.1764705882352942,1.3,1.7,4.723529411764705,100.69231417179034
2021-12-29,Brighton and Hove Albion,Chelsea,1,1,D,11,18,5,6,14,7,10,8,1,,0,,2021,A,4.0,0.0,1,0.0,0.0,0.0,0,1,1.3333333333333333,1.1607142857142858,1.8793103448275863,1.3,-0.30000000000000004,-1.1818965517241378,99.5104176200662
2022-01-02,Brighton and Hove Albion,Everton,3,2,A,17,12,6,5,5,12,8,5,1,,0,,2022,A,1.0,0.0,3,0.0,0.0,0.0,0,1,2.3333333333333335,1.1929824561403508,1.3928571428571428,1.4166666666666667,1.5833333333333333,3.5994047619047618,103.10982238197097
2022-01-14,Brighton and Hove Albion,Crystal Palace,1,1,D,19,3,4,1,11,7,9,0,0,2.0,0,0.0,2022,H,,,1,0.0,0.0,0.0,0,0,1.6666666666666667,1.1896551724137931,1.152542372881356,1.4166666666666667,-0.41666666666666674,-1.1145480225988702,101.9952743593721
2022-01-18,Brighton and Hove Albion,Chelsea,1,1,D,10,15,2,3,8,5,5,7,1,2.0,0,0.0,2022,H,,,1,0.0,0.0,0.0,0,1,1.6666666666666667,1.1864406779661016,1.819672131147541,1.4166666666666667,-0.41666666666666674,-1.464617486338798,100.53065687303331
2022-01-23,Brighton and Hove Albion,Leicester City,1,1,D,15,14,5,5,6,8,4,5,1,,0,,2022,A,0.0,0.0,1,0.0,0.0,0.0,0,1,1.0,1.1833333333333331,1.5862068965517242,1.4166666666666667,-0.41666666666666674,-1.4295977011494254,99.10105917188388
2022-02-12,Brighton and Hove Albion,Watford,2,0,A,9,11,1,6,16,9,4,5,2,,0,,2022,A,3.0,0.0,3,0.0,0.0,0.0,1,2,1.6666666666666667,1.213114754098361,0.6521739130434783,1.4166666666666667,1.5833333333333333,4.260507246376811,103.3615664182607
2022-02-15,Brighton and Hove Albion,Manchester United,0,2,H,19,10,7,3,8,10,10,2,1,,1,,2022,A,3.0,0.0,0,0.0,0.0,0.0,0,3,1.3333333333333333,1.1935483870967742,1.8571428571428572,1.4166666666666667,-1.4166666666666667,-4.470238095238096,98.89132832302259
2022-02-19,Brighton and Hove Albion,Burnley,0,3,A,11,10,1,4,12,12,4,4,1,4.0,0,0.0,2022,H,,,0,0.0,0.0,0.0,0,1,1.0,1.1746031746031746,0.9333333333333332,1.4166666666666667,-1.4166666666666667,-3.831666666666667,95.05966165635593
2022-02-26,Brighton and Hove Albion,Aston Villa,0,2,A,12,9,1,4,17,11,7,2,4,5.0,0,0.0,2022,H,,,0,0.0,0.0,0.0,0,4,0.0,1.15625,1.3492063492063493,1.4166666666666667,-1.4166666666666667,-4.64404761904762,90.4156140373083
2022-03-05,Brighton and Hove Albion,Newcastle United,1,2,H,10,15,4,4,8,10,4,7,1,,0,,2022,A,1.0,0.0,0,0.0,0.0,0.0,0,1,0.0,1.1384615384615384,1.140625,1.4166666666666667,-1.4166666666666667,-3.8627604166666667,86.55285362064164
2022-03-12,Brighton and Hove Albion,Liverpool,0,2,A,8,18,3,9,12,15,7,6,3,1.0,0,0.0,2022,H,,,0,0.0,0.0,0.0,0,3,0.0,1.121212121212121,2.0454545454545454,1.4166666666666667,-1.4166666666666667,-4.498484848484849,82.05436877215679
2022-03-16,Brighton and Hove Albion,Tottenham Hotspur,0,2,A,15,17,0,7,11,9,6,3,2,2.0,0,0.0,2022,H,,,0,0.0,0.0,0.0,0,2,0.0,1.1044776119402986,1.6666666666666667,1.4166666666666667,-1.4166666666666667,-4.191666666666667,77.86270210549011
2022-04-02,Brighton and Hove Albion,Norwich City,0,0,D,31,6,4,0,12,11,11,2,1,1.0,0,0.0,2022,H,,,1,0.0,0.0,0.0,1,1,0.3333333333333333,1.1029411764705883,0.6,1.4166666666666667,-0.41666666666666674,-0.4816666666666669,77.38103543882346
2022-04-09,Brighton and Hove Albion,Arsenal,2,1,A,20,8,4,3,12,19,11,2,4,,0,,2022,A,3.0,0.0,3,0.0,0.0,0.0,0,4,1.3333333333333333,1.1304347826086956,1.6911764705882353,1.4166666666666667,1.5833333333333333,2.8046568627450976,80.18569230156855
2022-04-16,Brighton and Hove Albion,Tottenham Hotspur,1,0,A,5,12,0,5,14,10,4,4,3,,0,,2022,A,3.0,0.0,3,0.0,0.0,0.0,1,3,2.3333333333333335,1.1571428571428573,1.7,1.4166666666666667,1.5833333333333333,3.853333333333333,84.03902563490189
2022-04-20,Brighton and Hove Albion,Manchester City,0,3,H,17,2,5,1,12,7,7,4,3,,0,,2022,A,0.0,0.0,0,0.0,0.0,0.0,0,3,2.0,1.1408450704225352,2.3285714285714287,1.4166666666666667,-1.4166666666666667,-4.5409523809523815,79.4980732539495
2022-04-24,Brighton and Hove Albion,Southampton,2,2,D,8,18,5,5,12,7,6,6,1,0.0,0,0.0,2022,H,,,1,0.0,0.0,0.0,0,1,1.3333333333333333,1.1388888888888888,1.1527777777777777,1.4166666666666667,-0.41666666666666674,-1.3645833333333335,78.13348992061617
2022-04-30,Brighton and Hove Albion,Wolverhampton Wanderers,3,0,A,11,17,1,9,6,4,7,3,1,,0,,2022,A,2.0,0.0,3,0.0,0.0,0.0,1,1,1.3333333333333333,1.1643835616438356,1.3055555555555556,1.4166666666666667,1.5833333333333333,4.412499999999999,82.54598992061617
2022-05-07,Brighton and Hove Albion,Manchester United,4,0,H,17,15,6,5,13,9,7,6,0,2.0,0,0.0,2022,H,,,3,0.0,0.0,0.0,1,0,2.3333333333333335,1.1891891891891893,1.76,1.4166666666666667,1.5833333333333333,4.594333333333332,87.1403232539495
2022-05-15,Brighton and Hove Albion,Leeds United,1,1,D,19,16,5,6,16,8,8,1,2,,0,,2022,A,3.0,0.0,1,0.0,0.0,0.0,0,2,2.3333333333333335,1.1866666666666668,1.2533333333333334,1.4166666666666667,-0.41666666666666674,-1.6296666666666668,85.51065658728282
2022-05-22,Brighton and Hove Albion,West Ham United,3,1,H,18,7,7,2,9,9,5,6,1,1.0,0,0.0,2022,H,,,3,0.0,0.0,0.0,0,1,2.3333333333333335,1.2105263157894737,1.5921052631578947,1.4166666666666667,1.5833333333333333,3.5695175438596487,89.08017413114248
2022-08-07,Brighton and Hove Albion,Manchester United,2,1,A,17,15,5,4,7,12,6,2,1,,0,,2022,A,4.0,0.0,3,0.0,0.0,0.0,0,1,2.3333333333333335,1.2337662337662338,1.7142857142857142,1.4166666666666667,1.5833333333333333,3.551190476190476,92.63136460733296
2022-08-13,Brighton and Hove Albion,Newcastle United,0,0,D,13,4,7,1,8,6,7,3,2,3.0,0,0.0,2022,H,,,1,0.0,0.0,0.0,1,2,2.3333333333333335,1.2307692307692308,1.2564102564102564,1.4166666666666667,-0.41666666666666674,-0.8301282051282054,91.80123640220475
2022-08-21,Brighton and Hove Albion,West Ham United,2,0,A,13,11,3,2,10,7,5,4,0,,0,,2022,A,2.0,0.0,3,0.0,0.0,0.0,1,0,2.3333333333333335,1.2531645569620251,1.5316455696202531,1.4166666666666667,1.5833333333333333,4.628586497890295,96.42982290009505
2022-08-27,Brighton and Hove Albion,Leeds United,1,0,H,13,10,4,2,10,14,5,3,2,3.0,0,0.0,2022,H,,,3,0.0,0.0,0.0,1,2,2.3333333333333335,1.275,1.3,1.4166666666666667,1.5833333333333333,4.163333333333332,100.59315623342837
2022-08-30,Brighton and Hove Albion,Fulham,1,2,H,10,7,3,4,9,11,3,3,1,,0,,2022,A,2.0,0.0,0,0.0,0.0,0.0,0,1,2.0,1.2592592592592593,0.8372093023255814,1.4166666666666667,-1.4166666666666667,-3.817248062015504,96.77590817141288
2022-09-04,Brighton and Hove Albion,Leicester City,5,2,H,23,6,11,4,6,8,10,1,1,1.0,0,0.0,2022,H,,,3,0.0,0.0,0.0,0,1,2.0,1.2804878048780488,1.451219512195122,1.4166666666666667,1.5833333333333333,3.5906504065040648,100.36655857791695
2022-10-01,Brighton and Hove Albion,Liverpool,3,3,D,15,6,7,6,9,13,9,2,1,,0,,2022,A,1.0,0.0,1,0.0,0.0,0.0,0,1,1.3333333333333333,1.2771084337349397,2.0602409638554215,1.4166666666666667,-0.41666666666666674,-1.50070281124498,98.86585576667196
2022-10-08,Brighton and Hove Albion,Tottenham Hotspur,0,1,A,14,8,4,3,9,14,6,2,1,2.0,0,0.0,2022,H,,,0,0.0,0.0,0.0,0,1,1.3333333333333333,1.261904761904762,1.8,1.4166666666666667,-1.4166666666666667,-3.9616666666666673,94.9041891000053
2022-10-14,Brighton and Hove Albion,Brentford,0,2,H,7,21,3,7,12,15,2,11,1,,0,,2022,A,3.0,0.0,0,0.0,0.0,0.0,0,1,0.3333333333333333,1.2470588235294118,1.2291666666666667,1.4166666666666667,-1.4166666666666667,-3.876041666666667,91.02814743333863
2022-10-18,Brighton and Hove Albion,Nottingham Forest,0,0,D,19,3,7,0,10,14,9,1,3,1.0,0,0.0,2022,H,,,1,0.0,0.0,0.0,1,3,0.3333333333333333,1.244186046511628,0.5454545454545454,1.4166666666666667,-0.41666666666666674,-0.9734848484848487,90.05466258485379
2022-10-22,Brighton and Hove Albion,Manchester City,1,3,H,10,8,4,2,11,12,7,3,3,,0,,2022,A,1.0,0.0,0,0.0,0.0,0.0,0,3,0.3333333333333333,1.2298850574712643,2.3563218390804597,1.4166666666666667,-1.4166666666666667,-4.545114942528736,85.50954764232505
2022-10-29,Brighton and Hove Albion,Chelsea,4,1,H,19,15,9,7,16,6,8,7,1,2.0,0,0.0,2022,H,,,3,0.0,0.0,0.0,0,1,1.3333333333333333,1.25,1.8409090909090908,1.4166666666666667,1.5833333333333333,3.5321969696969693,89.04174461202201
2022-11-05,Brighton and Hove Albion,Wolverhampton Wanderers,3,2,A,8,19,5,8,15,11,4,9,0,,0,,2022,A,2.0,1.0,3,0.0,0.0,0.0,0,0,2.0,1.2696629213483146,1.1777777777777778,1.4166666666666667,1.5833333333333333,3.8816666666666664,92.92341127868869
2022-11-13,Brighton and Hove Albion,Aston Villa,1,2,A,7,8,2,2,14,11,11,4,2,7.0,0,0.0,2022,H,,,0,0.0,0.0,0.0,0,2,2.0,1.2555555555555555,1.2967032967032968,1.4166666666666667,-1.4166666666666667,-4.136172161172162,88.78723911751652
2022-12-26,Brighton and Hove Albion,Southampton,3,1,A,14,7,4,4,9,10,4,2,2,,0,,2022,A,1.0,0.0,3,0.0,0.0,0.0,0,2,2.0,1.2747252747252746,1.0326086956521738,1.4166666666666667,1.5833333333333333,3.403442028985507,92.19068114650203
2022-12-31,Brighton and Hove Albion,Arsenal,2,4,A,9,14,5,7,7,11,7,4,3,3.0,0,0.0,2022,H,,,0,0.0,0.0,0.0,0,3,1.0,1.2608695652173914,1.8804347826086956,1.4166666666666667,-1.4166666666666667,-4.473731884057972,87.71694926244405
2023-01-03,Brighton and Hove Albion,Everton,4,1,A,10,19,4,8,8,10,5,2,1,,0,,2023,A,3.0,0.0,3,0.0,0.0,0.0,0,1,2.0,1.2795698924731185,1.202127659574468,1.6585365853658536,1.3414634146341464,3.023339387649196,90.74028865009325
2023-01-14,Brighton and Hove Albion,Liverpool,3,0,H,16,6,9,2,8,15,7,1,1,3.0,0,0.0,2023,H,,,3,0.0,0.0,0.0,1,1,2.0,1.297872340425532,2.0106382978723403,1.6585365853658536,1.3414634146341464,3.7020627919045155,94.44235144199777
2023-01-21,Brighton and Hove Albion,Leicester City,2,2,D,9,13,2,4,9,9,5,6,1,,0,,2023,A,0.0,0.0,1,0.0,0.0,0.0,0,1,2.3333333333333335,1.2947368421052632,1.4166666666666667,1.6585365853658536,-0.6585365853658536,-2.0088414634146337,92.43350997858313
2023-02-04,Brighton and Hove Albion,Bournemouth,1,0,H,20,12,6,2,14,7,7,3,3,1.0,0,0.0,2023,H,,,3,0.0,0.0,0.0,1,3,2.3333333333333335,1.3125,0.8095238095238095,1.6585365853658536,1.3414634146341464,3.382229965156795,95.81573994373993
2023-02-11,Brighton and Hove Albion,Crystal Palace,1,1,D,6,17,1,7,10,11,1,6,1,,0,,2023,A,4.0,0.0,1,0.0,0.0,0.0,0,1,1.6666666666666667,1.309278350515464,1.1938775510204085,1.6585365853658536,-0.6585365853658536,-1.9754230960676948,93.84031684767223
2023-02-18,Brighton and Hove Albion,Fulham,0,1,A,21,5,7,2,12,14,10,2,0,5.0,0,0.0,2023,H,,,0,0.0,0.0,0.0,0,0,1.3333333333333333,1.2959183673469388,1.064516129032258,1.6585365853658536,-1.6585365853658536,-4.206018882769474,89.63429796490276
2023-03-04,Brighton and Hove Albion,West Ham United,4,0,H,20,3,9,2,6,8,7,3,0,3.0,0,0.0,2023,H,,,3,0.0,0.0,0.0,1,0,1.3333333333333333,1.3131313131313131,1.4257425742574257,1.6585365853658536,1.3414634146341464,4.039797150446752,93.67409511534952
2023-03-11,Brighton and Hove Albion,Leeds United,2,2,D,12,14,4,2,12,9,4,7,1,,0,,2023,A,1.0,0.0,1,0.0,0.0,0.0,0,1,1.3333333333333333,1.31,1.1764705882352942,1.6585365853658536,-0.6585365853658536,-1.9728120516499277,91.70128306369958
2023-03-15,Brighton and Hove Albion,Crystal Palace,1,0,H,11,11,5,3,13,20,1,4,1,2.0,0,0.0,2023,H,,,3,0.0,0.0,0.0,1,1,2.3333333333333335,1.3267326732673268,1.1553398058252426,1.6585365853658536,1.3414634146341464,3.83035756571158,95.53164062941116
2023-04-01,Brighton and Hove Albion,Brentford,3,3,D,33,7,15,5,16,10,14,0,2,1.0,0,0.0,2023,H,,,1,0.0,0.0,0.0,0,2,1.6666666666666667,1.3235294117647058,1.3484848484848484,1.6585365853658536,-0.6585365853658536,-2.248614190687361,93.2830264387238
2023-04-04,Brighton and Hove Albion,Bournemouth,2,0,A,14,16,3,6,11,5,5,5,1,,0,,2023,A,1.0,0.0,3,0.0,0.0,0.0,1,1,2.3333333333333335,1.3398058252427183,0.9310344827586208,1.6585365853658536,1.3414634146341464,3.8640033641715736,97.14702980289537
2023-04-08,Brighton and Hove Albion,Tottenham Hotspur,1,2,H,9,17,3,4,15,15,3,7,1,,0,,2023,A,3.0,0.0,0,0.0,0.0,0.0,0,1,1.3333333333333333,1.3269230769230769,1.7547169811320755,1.6585365853658536,-1.6585365853658536,-4.559549010584446,92.58748079231093
2023-04-15,Brighton and Hove Albion,Chelsea,2,1,A,8,26,2,10,11,11,2,8,2,,0,,2023,A,2.0,0.0,3,0.0,0.0,0.0,0,2,2.0,1.3428571428571427,1.6822429906542056,1.6585365853658536,1.3414634146341464,2.7013220879872355,95.28880288029816
2023-04-26,Brighton and Hove Albion,Nottingham Forest,1,3,H,12,17,5,7,7,8,2,7,0,,0,,2023,A,2.0,0.0,0,0.0,0.0,0.0,0,0,1.0,1.330188679245283,0.9090909090909092,1.6585365853658536,-1.6585365853658536,-4.182705099778271,91.10609778051989
2023-04-29,Brighton and Hove Albion,Wolverhampton Wanderers,6,0,H,22,10,8,2,14,11,2,5,1,1.0,0,0.0,2023,H,,,3,0.0,0.0,0.0,1,1,2.0,1.3457943925233644,1.209090909090909,1.6585365853658536,1.3414634146341464,3.8222949002217304,94.92839268074162
2023-05-04,Brighton and Hove Albion,Manchester United,1,0,H,22,16,6,5,10,14,8,6,4,4.0,0,0.0,2023,H,,,3,0.0,0.0,0.0,1,4,2.0,1.3611111111111112,1.788990825688073,1.6585365853658536,1.3414634146341464,2.9853099127321556,97.91370259347377
2023-05-08,Brighton and Hove Albion,Everton,1,5,A,23,10,5,5,11,13,15,1,1,5.0,0,0.0,2023,H,,,0,0.0,0.0,0.0,0,1,2.0,1.348623853211009,1.1711711711711712,1.6585365853658536,-1.6585365853658536,-4.47201713909031,93.44168545438347
2023-05-14,Brighton and Hove Albion,Arsenal,3,0,A,14,12,2,6,13,17,5,2,2,,0,,2023,A,1.0,0.0,3,0.0,0.0,0.0,1,2,2.0,1.3636363636363635,1.8839285714285712,1.6585365853658536,1.3414634146341464,3.4710692508710808,96.91275470525454
2023-05-18,Brighton and Hove Albion,Newcastle United,1,4,H,22,8,9,2,17,16,6,1,4,,0,,2023,A,2.0,0.0,0,0.0,0.0,0.0,0,4,1.0,1.351351351351351,1.4553571428571428,1.6585365853658536,-1.6585365853658536,-5.264645034843206,91.64810967041134
2023-05-21,Brighton and Hove Albion,Southampton,3,1,H,26,5,8,1,8,9,4,3,2,5.0,0,0.0,2023,H,,,3,0.0,0.0,0.0,0,2,2.0,1.3660714285714286,0.9469026548672568,1.6585365853658536,1.3414634146341464,2.811623138355278,94.45973280876662
2023-05-24,Brighton and Hove Albion,Manchester City,1,1,D,20,13,7,4,16,11,5,1,2,1.0,0,0.0,2023,H,,,1,0.0,0.0,0.0,0,2,1.3333333333333333,1.3628318584070795,2.3716814159292037,1.6585365853658536,-0.6585365853658536,-2.4020936758040143,92.0576391329626
2023-05-28,Brighton and Hove Albion,Aston Villa,1,2,H,12,8,5,4,15,16,4,3,4,,0,,2023,A,4.0,0.0,0,0.0,0.0,0.0,0,4,1.3333333333333333,1.350877192982456,1.412280701754386,1.6585365853658536,-1.6585365853658536,-5.258183568677793,86.79945556428481
2023-08-12,Brighton and Hove Albion,Luton Town,4,1,H,27,9,12,3,11,12,6,7,2,2.0,0,0.0,2023,H,,,3,0.0,0.0,0.0,0,2,1.3333333333333333,1.3652173913043475,0.0,1.6585365853658536,1.3414634146341464,2.9536585365853663,89.75311410087018
2023-08-19,Brighton and Hove Albion,Wolverhampton Wanderers,4,1,A,16,16,5,8,14,11,5,3,6,,0,,2023,A,3.0,1.0,3,0.0,0.0,0.0,0,6,2.0,1.3793103448275863,1.1810344827586208,1.6585365853658536,1.3414634146341464,1.776503364171573,91.52961746504175
2023-08-26,Brighton and Hove Albion,West Ham United,1,3,A,25,12,10,3,10,9,17,4,1,3.0,0,0.0,2023,H,,,0,0.0,0.0,0.0,0,1,2.0,1.3675213675213675,1.435897435897436,1.6585365853658536,-1.6585365853658536,-4.51172607879925,87.0178913862425
2023-09-02,Brighton and Hove Albion,Newcastle United,3,1,H,15,9,6,2,14,17,5,3,4,4.0,0,0.0,2023,H,,,3,0.0,0.0,0.0,0,4,2.0,1.38135593220339,1.423728813559322,1.6585365853658536,1.3414634146341464,2.240099214551468,89.25799060079397
2023-09-16,Brighton and Hove Albion,Manchester United,3,1,A,14,10,4,8,8,9,8,1,2,,0,,2023,A,2.0,0.0,3,0.0,0.0,0.0,0,2,2.0,1.3949579831932772,1.7899159663865547,1.6585365853658536,1.3414634146341464,2.685171141627383,91.94316174242135
2023-09-24,Brighton and Hove Albion,Bournemouth,3,1,H,13,12,4,4,12,17,4,4,3,3.0,0,0.0,2023,H,,,3,0.0,0.0,0.0,0,3,3.0,1.4083333333333334,0.9545454545454546,1.6585365853658536,1.3414634146341464,2.560476718403548,94.5036384608249
2023-09-30,Brighton and Hove Albion,Aston Villa,1,6,H,19,11,9,3,19,21,1,3,4,,0,,2023,A,4.0,0.0,0,0.0,0.0,0.0,0,4,2.0,1.396694214876033,1.4545454545454546,1.6585365853658536,-1.6585365853658536,-5.264523281596452,89.23911517922845
2023-10-08,Brighton and Hove Albion,Liverpool,2,2,D,14,14,3,4,12,20,8,1,1,2.0,0,0.0,2023,H,,,1,0.0,0.0,0.0,0,1,1.3333333333333333,1.3934426229508197,2.0081967213114753,1.6585365853658536,-0.6585365853658536,-2.097570971611355,87.1415442076171
2023-10-21,Brighton and Hove Albion,Manchester City,1,2,H,10,5,6,3,9,11,2,2,2,,0,,2023,A,2.0,1.0,0,0.0,0.0,0.0,0,2,0.3333333333333333,1.3821138211382114,2.3495934959349594,1.6585365853658536,-1.6585365853658536,-4.898780487804879,82.24276371981222
2023-10-29,Brighton and Hove Albion,Fulham,1,1,D,18,10,7,5,12,8,7,3,0,3.0,0,0.0,2023,H,,,1,0.0,0.0,0.0,0,0,0.6666666666666666,1.3790322580645162,1.069767441860465,1.6585365853658536,-0.6585365853658536,-1.7068065796937035,80.53595714011851
2023-11-04,Brighton and Hove Albion,Everton,1,1,D,10,7,4,2,15,5,3,3,2,,0,,2023,A,4.0,0.0,1,0.0,0.0,0.0,0,2,0.6666666666666666,1.376,1.16,1.6585365853658536,-0.6585365853658536,-2.2203414634146337,78.31561567670389
2023-11-12,Brighton and Hove Albion,Sheffield United,1,1,D,11,9,6,1,13,16,6,3,3,2.0,1,0.0,2023,H,,,1,0.0,0.0,0.0,0,5,1.0,1.373015873015873,0.56,1.6585365853658536,-0.6585365853658536,-2.880341463414634,75.43527421328925
2023-11-25,Brighton and Hove Albion,Nottingham Forest,3,2,A,18,11,5,5,12,7,6,4,4,,1,,2023,A,2.0,0.0,3,0.0,0.0,0.0,0,6,1.6666666666666667,1.3858267716535433,1.0,1.6585365853658536,1.3414634146341464,1.8036585365853663,77.2389327498746
2023-12-03,Brighton and Hove Albion,Chelsea,2,3,H,8,18,5,9,16,12,5,8,5,,0,,2023,A,3.0,1.0,0,0.0,0.0,0.0,0,5,1.3333333333333333,1.375,1.59375,1.6585365853658536,-1.6585365853658536,-5.535403963414635,71.70352878645997
2023-12-06,Brighton and Hove Albion,Brentford,2,1,H,18,8,7,2,10,8,7,3,3,1.0,0,0.0,2023,H,,,3,0.0,0.0,0.0,0,3,2.0,1.3875968992248062,1.362637362637363,1.6585365853658536,1.3414634146341464,2.4992629321897617,74.20279171864973
2023-12-09,Brighton and Hove Albion,Burnley,1,1,D,29,6,11,3,5,8,9,1,0,4.0,0,0.0,2023,H,,,1,0.0,0.0,0.0,0,0,1.3333333333333333,1.3846153846153846,0.8913043478260869,1.6585365853658536,-0.6585365853658536,-1.6800371155885467,72.52275460306119
2023-12-17,Brighton and Hove Albion,Arsenal,0,2,H,26,6,9,1,11,9,10,1,3,,0,,2023,A,1.0,0.0,0,0.0,0.0,0.0,0,3,1.3333333333333333,1.3740458015267176,1.931297709923664,1.6585365853658536,-1.6585365853658536,-5.086036119903184,67.436718483158
2023-12-21,Brighton and Hove Albion,Crystal Palace,1,1,D,11,18,3,6,12,11,3,1,2,,0,,2023,A,5.0,0.0,1,0.0,0.0,0.0,0,2,0.6666666666666666,1.371212121212121,1.1742424242424243,1.6585365853658536,-0.6585365853658536,-2.2224778270509975,65.21424065610701
2023-12-28,Brighton and Hove Albion,Tottenham Hotspur,4,2,H,15,19,9,3,18,6,7,6,3,2.0,0,0.0,2023,H,,,3,0.0,0.0,0.0,0,3,1.3333333333333333,1.3834586466165413,1.7218045112781954,1.6585365853658536,1.3414634146341464,2.445387859893637,67.65962851600065
2024-01-02,Brighton and Hove Albion,West Ham United,0,0,D,6,22,2,8,4,6,2,0,0,,0,,2024,A,1.0,0.0,1,0.0,0.0,0.0,1,0,1.6666666666666667,1.3805970149253732,1.455223880597015,1.1842105263157894,-0.18421052631578938,0.22119010212097434,67.88081861812162
2024-01-22,Brighton and Hove Albion,Wolverhampton Wanderers,0,0,D,11,8,4,3,10,13,8,2,1,4.0,0,0.0,2024,H,,,1,0.0,0.0,0.0,1,1,1.6666666666666667,1.3777777777777778,1.2296296296296296,1.1842105263157894,-0.18421052631578938,0.005029239766082161,67.8858478578877
2024-01-30,Brighton and Hove Albion,Luton Town,0,4,H,18,9,8,2,13,14,7,4,2,,0,,2024,A,2.0,0.0,0,0.0,0.0,0.0,0,2,0.6666666666666666,1.3676470588235294,0.9047619047619048,1.1842105263157894,-1.1842105263157894,-3.496240601503759,64.38960725638394
2024-02-03,Brighton and Hove Albion,Crystal Palace,4,1,H,13,7,6,5,8,14,3,2,1,3.0,0,0.0,2024,H,,,3,0.0,0.0,0.0,0,1,1.3333333333333333,1.3795620437956204,1.1751824817518248,1.1842105263157894,1.8157894736842106,4.213196311947753,68.6028035683317
2024-02-10,Brighton and Hove Albion,Tottenham Hotspur,1,2,H,16,6,6,3,14,13,9,6,3,,0,,2024,A,2.0,0.0,0,0.0,0.0,0.0,0,3,1.0,1.3695652173913044,1.7391304347826086,1.1842105263157894,-1.1842105263157894,-3.8713958810068645,64.73140768732483
2024-02-18,Brighton and Hove Albion,Sheffield United,5,0,A,6,24,1,10,3,5,5,10,4,,0,,2024,A,1.0,1.0,3,0.0,0.0,0.0,1,4,2.0,1.381294964028777,0.5714285714285714,1.1842105263157894,1.8157894736842106,4.353759398496241,69.08516708582107
2024-02-24,Brighton and Hove Albion,Everton,1,1,D,23,6,7,3,9,14,11,3,2,3.0,1,0.0,2024,H,,,1,0.0,0.0,0.0,0,4,1.3333333333333333,1.3785714285714286,1.1785714285714286,1.1842105263157894,-0.18421052631578938,-1.5373120300751877,67.54785505574588
2024-03-02,Brighton and Hove Albion,Fulham,0,3,H,12,15,5,5,16,10,2,6,2,,0,,2024,A,1.0,0.0,0,0.0,0.0,0.0,0,2,1.3333333333333333,1.3687943262411348,1.116504854368932,1.1842105263157894,-1.1842105263157894,-3.528002043944813,64.01985301180108
2024-03-10,Brighton and Hove Albion,Nottingham Forest,1,0,H,10,9,3,4,14,14,6,3,4,4.0,0,0.0,2024,H,,,3,0.0,0.0,0.0,1,4,1.3333333333333333,1.380281690140845,0.9393939393939394,1.1842105263157894,1.8157894736842106,4.298564593301435,68.31841760510251
2024-03-31,Brighton and Hove Albion,Liverpool,1,2,H,30,9,8,3,20,6,8,4,3,,0,,2024,A,5.0,0.0,0,0.0,0.0,0.0,0,3,1.0,1.3706293706293706,2.062937062937063,1.1842105263157894,-1.1842105263157894,-3.9199668752300325,64.39845072987248
2024-04-03,Brighton and Hove Albion,Brentford,0,0,D,5,24,2,6,9,12,1,5,1,,0,,2024,A,1.0,0.0,1,0.0,0.0,0.0,1,1,1.3333333333333333,1.3680555555555556,1.2429906542056075,1.1842105263157894,-0.18421052631578938,0.0030250860796854906,64.40147581595217
2024-04-06,Brighton and Hove Albion,Arsenal,0,3,A,10,20,2,7,14,13,8,7,1,2.0,0,0.0,2024,H,,,0,0.0,0.0,0.0,0,1,0.3333333333333333,1.3586206896551725,1.9655172413793105,1.1842105263157894,-1.1842105263157894,-3.40535390199637,60.9961219139558
2024-04-13,Brighton and Hove Albion,Burnley,1,1,D,11,20,3,8,18,8,4,5,2,,0,,2024,A,1.0,0.0,1,0.0,0.0,0.0,0,2,0.6666666666666666,1.356164383561644,0.8623853211009175,1.1842105263157894,-0.18421052631578938,-0.9898841139546112,60.00623780000119
2024-04-25,Brighton and Hove Albion,Manchester City,0,4,A,7,14,3,6,10,3,4,4,2,0.0,0,0.0,2024,H,,,0,0.0,0.0,0.0,0,2,0.3333333333333333,1.346938775510204,2.3401360544217686,1.1842105263157894,-1.1842105263157894,-3.7115467239527384,56.29469107604845
2024-04-28,Brighton and Hove Albion,Bournemouth,0,3,H,15,13,6,1,14,10,8,2,2,,0,,2024,A,2.0,0.0,0,0.0,0.0,0.0,0,2,0.3333333333333333,1.337837837837838,1.1917808219178083,1.1842105263157894,-1.1842105263157894,-3.5392934390771447,52.75539763697131
2024-05-05,Brighton and Hove Albion,Aston Villa,1,0,H,15,2,8,1,13,10,7,3,2,1.0,0,0.0,2024,H,,,3,0.0,0.0,0.0,1,2,1.0,1.348993288590604,1.52,1.1842105263157894,1.8157894736842106,4.711473684210526,57.466871321181834
2024-05-11,Brighton and Hove Albion,Newcastle United,1,1,D,18,15,7,4,9,16,8,4,4,,0,,2024,A,3.0,0.0,1,0.0,0.0,0.0,0,4,1.3333333333333333,1.346666666666667,1.48,1.1842105263157894,-0.18421052631578938,-1.5825263157894733,55.88434500539236
2024-05-15,Brighton and Hove Albion,Chelsea,1,2,A,12,13,2,6,13,14,4,6,2,2.0,0,1.0,2024,H,,,0,0.0,0.0,0.0,0,2,1.3333333333333333,1.3377483443708609,1.6225165562913908,1.1842105263157894,-1.1842105263157894,-3.603903799233182,52.28044120615918
2024-05-19,Brighton and Hove Albion,Manchester United,0,2,A,17,11,3,4,10,9,7,5,1,3.0,0,0.0,2024,H,,,0,0.0,0.0,0.0,0,1,0.3333333333333333,1.3289473684210529,1.756578947368421,1.1842105263157894,-1.1842105263157894,-3.3740131578947365,48.906428048264445
2024-08-17,Brighton and Hove Albion,Everton,3,0,A,9,10,1,5,8,8,1,5,1,,0,,2024,A,1.0,1.0,3,0.0,0.0,0.0,1,1,1.0,1.3398692810457515,1.1895424836601307,1.1842105263157894,1.8157894736842106,5.011042311661506,53.91747035992595
2024-08-24,Brighton and Hove Albion,Manchester United,2,1,H,14,11,5,4,9,13,4,4,1,2.0,0,0.0,2024,H,,,3,0.0,0.0,0.0,0,1,2.0,1.3506493506493509,1.7532467532467533,1.1842105263157894,1.8157894736842106,4.126486671223513,58.04395703114946
2024-08-31,Brighton and Hove Albion,Arsenal,1,1,D,11,22,7,4,12,7,3,7,2,,0,,2024,A,3.0,1.0,1,0.0,0.0,0.0,0,2,2.3333333333333335,1.3483870967741935,2.0,1.1842105263157894,-0.18421052631578938,-1.1605263157894734,56.883430715359985
2024-09-14,Brighton and Hove Albion,Ipswich Town,0,0,D,21,6,6,1,14,16,9,2,4,3.0,0,0.0,2024,H,,,1,0.0,0.0,0.0,1,4,1.6666666666666667,1.3461538461538465,0.5,1.1842105263157894,-0.18421052631578938,-0.6355263157894734,56.24790439957051
2024-09-22,Brighton and Hove Albion,Nottingham Forest,2,2,D,14,4,3,3,12,11,9,1,3,4.0,0,1.0,2024,H,,,1,0.0,0.0,0.0,0,3,1.0,1.3439490445859872,1.0246913580246917,1.1842105263157894,-0.18421052631578938,-1.264230019493177,54.98367438007733
2024-09-28,Brighton and Hove Albion,Chelsea,2,4,H,15,15,7,5,11,8,8,2,2,,0,,2024,A,3.0,0.0,0,0.0,0.0,0.0,0,2,0.6666666666666666,1.3354430379746836,1.6518987341772151,1.1842105263157894,-1.1842105263157894,-3.6083111259160554,51.37536325416127
2024-10-06,Brighton and Hove Albion,Tottenham Hotspur,3,2,H,11,13,4,3,14,10,4,7,2,2.0,0,0.0,2024,H,,,3,0.0,0.0,0.0,0,2,1.3333333333333333,1.3459119496855343,1.6918238993710693,1.1842105263157894,1.8157894736842106,3.885700099304866,55.261063353466135
2024-10-19,Brighton and Hove Albion,Newcastle United,1,0,A,21,10,6,5,11,9,9,4,2,,0,,2024,A,2.0,0.0,3,0.0,0.0,0.0,1,2,2.0,1.35625,1.48125,1.1842105263157894,1.8157894736842106,4.717286184210526,59.978349537676664
2024-10-26,Brighton and Hove Albion,Wolverhampton Wanderers,2,2,D,19,14,6,7,12,10,9,6,3,3.0,0,0.0,2024,H,,,1,0.0,0.0,0.0,0,3,2.3333333333333335,1.3540372670807452,1.1490683229813663,1.1842105263157894,-0.18421052631578938,-1.2828865642366782,58.69546297343999
2024-11-02,Brighton and Hove Albion,Liverpool,1,2,H,16,13,8,5,10,18,10,7,1,,0,,2024,A,1.0,0.0,0,0.0,0.0,0.0,0,1,1.3333333333333333,1.345679012345679,2.067901234567901,1.1842105263157894,-1.1842105263157894,-3.4207115009746585,55.274751472465326
2024-11-09,Brighton and Hove Albion,Manchester City,2,1,H,10,15,4,6,12,10,0,4,3,3.0,0,0.0,2024,H,,,3,0.0,0.0,0.0,0,3,1.3333333333333333,1.3558282208588956,2.3435582822085887,1.1842105263157894,1.8157894736842106,3.5379399418792383,58.81269141434456
2024-11-23,Brighton and Hove Albion,Bournemouth,2,1,A,19,6,5,4,13,10,7,0,2,,1,,2024,A,2.0,0.0,3,0.0,0.0,0.0,0,4,2.0,1.3658536585365857,1.1590909090909092,1.1842105263157894,1.8157894736842106,3.4656100478468903,62.27830146219145
2024-11-29,Brighton and Hove Albion,Southampton,1,1,D,22,10,5,2,20,16,7,6,2,4.0,0,0.0,2024,H,,,1,0.0,0.0,0.0,0,2,2.3333333333333335,1.3636363636363635,0.889763779527559,1.1842105263157894,-0.18421052631578938,-0.9939908827186074,61.284310579472844
2024-12-05,Brighton and Hove Albion,Fulham,1,3,H,6,13,2,3,7,8,5,6,2,,0,,2024,A,2.0,0.0,0,0.0,0.0,0.0,0,2,1.3333333333333333,1.355421686746988,1.1640625,1.1842105263157894,-1.1842105263157894,-3.5351356907894735,57.74917488868337
2024-12-08,Brighton and Hove Albion,Leicester City,2,2,D,10,16,3,7,9,10,5,5,2,,0,,2024,A,1.0,0.0,1,0.0,0.0,0.0,0,2,0.6666666666666666,1.3532934131736527,1.2868217054263569,1.1842105263157894,-0.18421052631578938,-1.0535495716034269,56.695625317079944
2024-12-15,Brighton and Hove Albion,Crystal Palace,1,3,A,17,13,5,5,11,15,8,5,1,4.0,0,0.0,2024,H,,,0,0.0,0.0,0.0,0,1,0.3333333333333333,1.3452380952380951,1.2023809523809523,1.1842105263157894,-1.1842105263157894,-3.2908834586466162,53.404741858433326
2024-12-21,Brighton and Hove Albion,West Ham United,1,1,D,11,12,4,6,14,20,8,4,2,,0,,2024,A,2.0,0.0,1,0.0,0.0,0.0,0,2,0.6666666666666666,1.343195266272189,1.378698224852071,1.1842105263157894,-0.18421052631578938,-1.067331049517284,52.33741080891604
2024-12-27,Brighton and Hove Albion,Brentford,0,0,D,24,8,7,3,6,12,5,3,0,2.0,0,0.0,2024,H,,,1,0.0,0.0,0.0,1,0,0.6666666666666666,1.3411764705882352,1.2727272727272727,1.1842105263157894,-0.18421052631578938,0.2485645933014357,52.58597540221748
2024-12-30,Brighton and Hove Albion,Aston Villa,2,2,D,20,13,4,4,9,14,12,3,3,,0,,2024,A,2.0,0.0,1,0.0,0.0,0.0,0,3,1.0,1.3391812865497077,1.5087719298245614,1.1842105263157894,-0.18421052631578938,-1.3368421052631576,51.24913329695433
2025-01-04,Brighton and Hove Albion,Arsenal,1,1,D,11,9,4,3,17,14,2,5,2,3.0,0,0.0,2025,H,,,1,0.0,0.0,0.0,0,2,1.0,1.337209302325581,1.994186046511628,1.6666666666666667,-0.6666666666666667,-2.365794573643411,48.883338723310914
2025-01-16,Brighton and Hove Albion,Ipswich Town,2,0,A,5,11,3,5,13,14,1,9,2,,0,,2025,A,2.0,0.0,3,0.0,0.0,0.0,1,2,1.6666666666666667,1.346820809248555,0.7619047619047619,1.6666666666666667,1.3333333333333333,3.6190476190476186,52.502386342358534
2025-01-19,Brighton and Hove Albion,Manchester United,3,1,A,10,6,1,3,13,12,4,2,3,,0,,2025,A,3.0,0.0,3,0.0,0.0,0.0,0,3,2.3333333333333335,1.3563218390804597,1.6839080459770115,1.6666666666666667,1.3333333333333333,2.4307471264367813,54.93313346879532
2025-01-25,Brighton and Hove Albion,Everton,0,1,A,16,3,1,1,8,11,9,1,3,4.0,0,0.0,2025,H,,,0,0.0,0.0,0.0,0,3,2.0,1.3485714285714283,1.1781609195402298,1.6666666666666667,-1.6666666666666667,-4.993390804597702,49.939742664197624
2025-02-01,Brighton and Hove Albion,Nottingham Forest,0,7,H,14,10,9,5,8,13,4,6,3,,0,,2025,A,1.0,0.0,0,0.0,0.0,0.0,0,3,1.0,1.3409090909090908,1.21,1.6666666666666667,-1.6666666666666667,-4.998166666666667,44.94157599753096
2025-02-14,Brighton and Hove Albion,Chelsea,3,0,H,13,8,5,0,12,15,2,9,1,2.0,0,0.0,2025,H,,,3,0.0,0.0,0.0,1,1,1.0,1.3502824858757063,1.6440677966101696,1.6666666666666667,1.3333333333333333,3.7367231638418077,48.67829916137276
2025-02-22,Brighton and Hove Albion,Southampton,4,0,A,6,18,1,12,11,12,5,6,0,,0,,2025,A,2.0,0.0,3,0.0,0.0,0.0,1,0,2.0,1.3595505617977528,0.8357142857142857,1.6666666666666667,1.3333333333333333,4.107976190476189,52.78627535184895
2025-02-25,Brighton and Hove Albion,Bournemouth,2,1,H,11,19,4,5,12,14,1,9,2,1.0,0,0.0,2025,H,,,3,0.0,0.0,0.0,0,2,3.0,1.3687150837988826,1.2621359223300972,1.6666666666666667,1.3333333333333333,2.7440129449838184,55.530288296832765
2025-03-08,Brighton and Hove Albion,Fulham,2,1,H,9,6,4,1,6,12,3,7,0,2.0,0,0.0,2025,H,,,3,0.0,0.0,0.0,0,0,3.0,1.3777777777777778,1.1901408450704225,1.6666666666666667,1.3333333333333333,3.25481220657277,58.78510050340554
2025-03-15,Brighton and Hove Albion,Manchester City,2,2,D,11,15,3,3,10,10,4,5,5,,0,,2025,A,2.0,0.0,1,0.0,0.0,0.0,0,5,2.3333333333333335,1.3756906077348066,2.248618784530387,1.6666666666666667,-0.6666666666666667,-3.153959484346225,55.631141019059314
2025-04-02,Brighton and Hove Albion,Aston Villa,0,3,A,11,8,4,5,16,11,4,0,1,3.0,0,0.0,2025,H,,,0,0.0,0.0,0.0,0,1,1.3333333333333333,1.3681318681318682,1.521978021978022,1.6666666666666667,-1.6666666666666667,-4.54496336996337,51.086177649095944
2025-04-05,Brighton and Hove Albion,Crystal Palace,1,2,H,8,11,3,5,12,13,2,4,1,,1,,2025,A,0.0,2.0,0,0.0,0.0,0.0,0,3,0.3333333333333333,1.360655737704918,1.2582417582417582,1.6666666666666667,-1.6666666666666667,-5.005402930402931,46.08077471869301
2025-04-12,Brighton and Hove Albion,Leicester City,2,2,D,21,15,7,6,9,11,3,6,2,5.0,0,0.0,2025,H,,,1,0.0,0.0,0.0,0,2,0.3333333333333333,1.358695652173913,1.1643835616438356,1.6666666666666667,-0.6666666666666667,-2.241324200913242,43.83945051777977
2025-04-19,Brighton and Hove Albion,Brentford,2,4,H,16,12,8,3,7,11,4,8,3,,1,,2025,A,3.0,0.0,0,0.0,0.0,0.0,0,5,0.3333333333333333,1.351351351351351,1.2925170068027212,1.6666666666666667,-1.6666666666666667,-5.510544217687076,38.3289063000927
2025-04-26,Brighton and Hove Albion,West Ham United,3,2,H,16,12,9,4,7,9,8,1,1,1.0,0,0.0,2025,H,,,3,0.0,0.0,0.0,0,1,1.3333333333333333,1.3602150537634408,1.3387096774193548,1.6666666666666667,1.3333333333333333,2.98252688172043,41.31143318181313
2025-05-04,Brighton and Hove Albion,Newcastle United,1,1,D,5,13,2,5,15,10,1,4,2,1.0,0,0.0,2025,H,,,1,0.0,0.0,0.0,0,2,1.3333333333333333,1.358288770053476,1.5401069518716577,1.6666666666666667,-0.6666666666666667,-2.2976827094474155,39.013750472365714
2025-05-10,Brighton and Hove Albion,Wolverhampton Wanderers,2,0,A,10,7,3,2,8,12,7,4,1,,0,,2025,A,1.0,0.0,3,0.0,0.0,0.0,1,1,2.3333333333333335,1.3670212765957446,1.1914893617021276,1.6666666666666667,1.3333333333333333,3.8046099290780138,42.81836040144373
2025-05-19,Brighton and Hove Albion,Liverpool,3,2,H,25,18,12,5,9,8,3,3,1,0.0,0,0.0,2025,H,,,3,0.0,0.0,0.0,0,1,2.3333333333333335,1.3756613756613756,2.0793650793650795,1.6666666666666667,1.3333333333333333,2.8714285714285714,45.68978897287229
2025-05-25,Brighton and Hove Albion,Tottenham Hotspur,4,1,A,4,23,2,8,13,8,2,11,1,,0,,2025,A,3.0,0.0,3,0.0,0.0,0.0,0,1,3.0,1.3842105263157896,1.563157894736842,1.6666666666666667,1.3333333333333333,2.9488596491228067,48.6386486219951
2025-08-16,Brighton and Hove Albion,Fulham,1,1,D,10,7,4,2,16,15,4,3,3,3.0,0,0.0,2025,H,,,1,0.0,0.0,0.0,0,3,2.3333333333333335,1.382198952879581,1.1895424836601307,1.6666666666666667,-0.6666666666666667,-2.4950980392156863,46.14355058277941
2025-08-24,Brighton and Hove Albion,Everton,0,2,H,11,13,3,4,7,15,2,2,3,,0,,2025,A,4.0,0.0,0,0.0,0.0,0.0,0,3,1.3333333333333333,1.375,1.2135416666666667,1.6666666666666667,-1.6666666666666667,-4.998697916666667,41.14485266611274
2025-08-31,Brighton and Hove Albion,Manchester City,2,1,H,12,12,7,3,16,14,3,2,2,2.0,0,0.0,2025,H,,,3,0.0,0.0,0.0,0,2,1.3333333333333333,1.383419689119171,2.243523316062176,1.6666666666666667,1.3333333333333333,2.5968048359240066,43.741657502036745
2025-09-13,Brighton and Hove Albion,Bournemouth,1,2,H,13,6,5,2,16,10,4,4,4,,0,,2025,A,4.0,0.0,0,0.0,0.0,0.0,0,4,1.0,1.3762886597938144,1.2881355932203389,1.6666666666666667,-1.6666666666666667,-5.259887005649718,38.48177049638703
2025-09-20,Brighton and Hove Albion,Tottenham Hotspur,2,2,D,12,11,4,3,10,13,2,10,1,2.0,0,0.0,2025,H,,,1,0.0,0.0,0.0,0,1,1.3333333333333333,1.3743589743589744,1.5743589743589743,1.6666666666666667,-0.6666666666666667,-2.052820512820513,36.42894998356651
2025-09-27,Brighton and Hove Albion,Chelsea,3,1,A,13,12,3,3,9,16,5,7,5,,0,,2025,A,3.0,1.0,3,0.0,0.0,0.0,0,5,1.3333333333333333,1.3826530612244898,1.6581632653061225,1.6666666666666667,1.3333333333333333,1.9346088435374147,38.36355882710393
2025-10-05,Brighton and Hove Albion,Wolverhampton Wanderers,1,1,D,6,17,3,6,13,9,2,8,4,,0,,2025,A,2.0,0.0,1,0.0,0.0,0.0,0,4,1.6666666666666667,1.380710659898477,1.1522842639593909,1.6666666666666667,-0.6666666666666667,-2.7395093062605755,35.62404952084336
2025-10-18,Brighton and Hove Albion,Newcastle United,2,1,H,13,16,5,3,9,9,8,4,0,1.0,0,0.0,2025,H,,,3,0.0,0.0,0.0,0,0,2.3333333333333335,1.3888888888888888,1.5151515151515151,1.6666666666666667,1.3333333333333333,3.206060606060606,38.83011012690396
2025-10-25,Brighton and Hove Albion,Manchester United,2,4,H,13,17,9,5,4,13,1,6,2,,0,,2025,A,2.0,0.0,0,0.0,0.0,0.0,0,2,1.3333333333333333,1.3819095477386936,1.6331658291457287,1.6666666666666667,-1.6666666666666667,-4.811641541038527,34.018468585865435
2025-11-01,Brighton and Hove Albion,Leeds United,3,0,H,14,5,7,2,10,7,4,7,0,1.0,0,0.0,2025,H,,,3,0.0,0.0,0.0,1,0,2.0,1.39,1.1209677419354838,1.6666666666666667,1.3333333333333333,4.06518817204301,38.08365675790844
2025-11-09,Brighton and Hove Albion,Crystal Palace,0,0,D,10,7,2,3,10,12,4,8,4,,0,,2025,A,1.0,0.0,1,0.0,0.0,0.0,1,4,1.3333333333333333,1.388059701492537,1.27363184079602,1.6666666666666667,-0.6666666666666667,-1.9577114427860698,36.12594531512238
2020-09-20,Burnley,Leicester City,2,4,H,14,16,6,5,11,13,15,4,2,,0,,2020,A,1.0,0.0,0,0.0,0.0,0.0,0,2,0.0,0.0,3.0,1.0666666666666667,-1.0666666666666667,-3.516666666666666,135.71410256410255
2020-09-26,Burnley,Southampton,0,1,A,10,5,2,1,8,10,8,2,1,0.0,0,0.0,2020,H,,,0,0.0,0.0,0.0,0,1,0.0,0.0,1.0,1.0666666666666667,-1.0666666666666667,-2.9666666666666663,132.7474358974359
2020-10-03,Burnley,Newcastle United,1,3,H,10,7,5,3,13,17,3,4,3,,0,,2020,A,2.0,0.0,0,0.0,0.0,0.0,0,3,0.0,0.0,1.75,1.0666666666666667,-1.0666666666666667,-3.5791666666666666,129.16826923076923
2020-10-19,Burnley,West Brom,0,0,D,13,9,6,4,15,17,8,2,2,,0,,2020,A,2.0,0.0,1,0.0,0.0,0.0,1,2,0.3333333333333333,0.25,0.4,1.0666666666666667,-0.06666666666666665,0.17333333333333342,129.34160256410257
2020-10-26,Burnley,Tottenham Hotspur,0,1,A,13,9,4,3,9,7,4,5,2,0.0,0,0.0,2020,H,,,0,0.0,0.0,0.0,0,2,0.3333333333333333,0.2,1.8333333333333333,1.0666666666666667,-1.0666666666666667,-3.3416666666666663,125.99993589743589
2020-10-31,Burnley,Chelsea,0,3,A,5,14,0,9,10,15,3,4,1,0.0,0,0.0,2020,H,,,0,0.0,0.0,0.0,0,1,0.3333333333333333,0.1666666666666666,1.7142857142857142,1.0666666666666667,-1.0666666666666667,-3.0738095238095235,122.92612637362637
2020-11-06,Burnley,Brighton and Hove Albion,0,0,D,19,4,3,1,11,5,5,3,0,,0,,2020,A,1.0,0.0,1,0.0,0.0,0.0,1,0,0.3333333333333333,0.2857142857142857,0.75,1.0666666666666667,-0.06666666666666665,0.6208333333333335,123.54695970695971
2020-11-23,Burnley,Crystal Palace,1,0,H,10,15,4,5,13,9,4,7,2,0.0,0,0.0,2020,H,,,3,0.0,0.0,0.0,1,2,1.3333333333333333,0.625,1.4444444444444444,1.0666666666666667,1.9333333333333333,5.016666666666666,128.56362637362636
2020-11-28,Burnley,Manchester City,0,5,H,19,9,6,1,12,4,6,4,0,,0,,2020,A,0.0,0.0,0,0.0,0.0,0.0,0,0,1.3333333333333333,0.5555555555555556,1.6666666666666667,1.0666666666666667,-1.0666666666666667,-2.8166666666666664,125.7469597069597
2020-12-05,Burnley,Everton,1,1,D,8,13,3,6,6,9,8,4,0,0.0,0,0.0,2020,H,,,1,0.0,0.0,0.0,0,0,1.3333333333333333,0.6,1.5454545454545454,1.0666666666666667,-0.06666666666666665,-0.29848484848484846,125.44847485847485
2020-12-13,Burnley,Arsenal,1,0,A,18,10,6,2,5,11,13,4,1,,0,,2020,A,2.0,1.0,3,0.0,0.0,0.0,1,1,1.3333333333333333,0.8181818181818182,1.0833333333333333,1.0666666666666667,1.9333333333333333,5.320833333333333,130.7693081918082
2020-12-17,Burnley,Aston Villa,0,0,D,27,6,7,4,17,19,11,1,1,,0,,2020,A,1.0,0.0,1,0.0,0.0,0.0,1,1,1.6666666666666667,0.8333333333333334,1.7272727272727273,1.0666666666666667,-0.06666666666666665,0.22424242424242433,130.9935506160506
2020-12-21,Burnley,Wolverhampton Wanderers,2,1,H,10,15,4,3,11,15,1,7,2,1.0,0,0.0,2020,H,,,3,0.0,0.0,0.0,0,2,2.3333333333333335,1.0,1.4285714285714286,1.0666666666666667,1.9333333333333333,4.219047619047618,135.21259823509823
2020-12-27,Burnley,Leeds United,0,1,H,11,14,4,6,8,14,4,12,3,,0,,2020,A,0.0,0.0,0,0.0,0.0,0.0,0,3,1.3333333333333333,0.9285714285714286,1.3333333333333333,1.0666666666666667,-1.0666666666666667,-3.5166666666666666,131.69593156843158
2020-12-29,Burnley,Sheffield United,1,0,H,5,7,3,3,13,17,3,5,1,2.0,0,0.0,2020,H,,,3,0.0,0.0,0.0,1,1,2.0,1.0666666666666669,0.125,1.0666666666666667,1.9333333333333333,5.464583333333333,137.16051490176488
2021-01-12,Burnley,Manchester United,0,1,A,11,13,0,7,15,13,3,4,1,2.0,0,0.0,2021,H,,,0,0.0,0.0,0.0,0,1,1.0,1.0,2.1176470588235294,0.8717948717948718,-0.8717948717948718,-2.647134238310709,134.5133806634542
2021-01-16,Burnley,West Ham United,0,1,H,15,10,4,2,12,9,7,4,1,,0,,2021,A,2.0,0.0,0,0.0,0.0,0.0,0,1,1.0,0.9411764705882352,1.6111111111111112,0.8717948717948718,-0.8717948717948718,-2.5711538461538463,131.94222681730034
2021-01-21,Burnley,Liverpool,1,0,A,27,6,6,4,11,8,12,0,1,,0,,2021,A,2.0,0.0,3,0.0,0.0,0.0,1,1,1.0,1.0555555555555556,1.7894736842105263,0.8717948717948718,2.128205128205128,5.702091767881241,137.6443185851816
2021-01-27,Burnley,Aston Villa,3,2,H,10,18,5,10,16,7,2,4,1,0.0,0,0.0,2021,H,,,3,0.0,0.0,0.0,0,1,2.0,1.1578947368421053,1.6111111111111112,0.8717948717948718,2.128205128205128,4.928846153846154,142.57316473902773
2021-01-31,Burnley,Chelsea,0,2,H,19,1,8,0,7,9,4,2,1,,0,,2021,A,0.0,0.0,0,0.0,0.0,0.0,0,1,2.0,1.1,1.5714285714285714,0.8717948717948718,-0.8717948717948718,-2.5652014652014654,140.00796327382628
2021-02-03,Burnley,Manchester City,0,2,A,2,17,0,6,8,5,1,3,2,1.0,0,0.0,2021,H,,,0,0.0,0.0,0.0,0,2,1.0,1.0476190476190477,2.238095238095238,0.8717948717948718,-0.8717948717948718,-2.9152014652014655,137.0927618086248
2021-02-06,Burnley,Brighton and Hove Albion,1,1,D,20,10,7,2,8,10,8,7,2,0.0,0,0.0,2021,H,,,1,0.0,0.0,0.0,0,2,0.3333333333333333,1.0454545454545454,1.0869565217391304,0.8717948717948718,0.1282051282051282,-0.24253065774804902,136.85023115087677
2021-02-13,Burnley,Crystal Palace,3,0,A,13,16,3,4,15,14,7,4,0,,0,,2021,A,0.0,0.0,3,0.0,0.0,0.0,1,0,1.3333333333333333,1.1304347826086956,1.2083333333333333,0.8717948717948718,2.128205128205128,6.039262820512819,142.88949397138958
2021-02-17,Burnley,Fulham,1,1,D,8,8,3,3,7,13,5,5,1,1.0,0,0.0,2021,H,,,1,0.0,0.0,0.0,0,1,1.6666666666666667,1.125,0.7916666666666666,0.8717948717948718,0.1282051282051282,0.051762820512820495,142.9412567919024
2021-02-20,Burnley,West Brom,0,0,D,6,10,1,3,16,10,5,5,3,0.0,0,1.0,2021,H,,,1,0.0,0.0,0.0,1,3,1.6666666666666667,1.12,0.56,0.8717948717948718,0.1282051282051282,0.38651282051282054,143.3277696124152
2021-02-28,Burnley,Tottenham Hotspur,0,4,H,16,10,7,3,6,10,3,4,0,,0,,2021,A,0.0,0.0,0,0.0,0.0,0.0,0,0,0.6666666666666666,1.0769230769230769,1.56,0.8717948717948718,-0.8717948717948718,-2.3134871794871796,141.01428243292804
2021-03-03,Burnley,Leicester City,1,1,D,12,15,7,4,6,12,5,8,0,2.0,0,0.0,2021,H,,,1,0.0,0.0,0.0,0,0,0.6666666666666666,1.0740740740740742,1.851851851851852,0.8717948717948718,0.1282051282051282,0.1427350427350427,141.15701747566308
2021-03-06,Burnley,Arsenal,1,1,D,9,15,5,3,5,12,2,4,1,1.0,0,0.0,2021,H,,,1,0.0,0.0,0.0,0,1,0.6666666666666666,1.0714285714285714,1.4074074074074074,0.8717948717948718,0.1282051282051282,-0.04059829059829062,141.11641918506479
2021-03-13,Burnley,Everton,2,1,A,14,14,4,5,9,6,7,4,4,,0,,2021,A,0.0,0.0,3,0.0,0.0,0.0,0,4,1.6666666666666667,1.137931034482759,1.6428571428571428,0.8717948717948718,2.128205128205128,4.174084249084249,145.29050343414903
2021-04-04,Burnley,Southampton,2,3,H,24,7,9,5,11,10,6,7,0,,0,,2021,A,0.0,0.0,0,0.0,0.0,0.0,0,0,1.3333333333333333,1.1,1.2,0.8717948717948718,-0.8717948717948718,-2.25948717948718,143.03101625466186
2021-04-11,Burnley,Newcastle United,1,2,A,24,10,4,5,11,12,13,3,1,0.0,0,0.0,2021,H,,,0,0.0,0.0,0.0,0,1,1.0,1.064516129032258,1.032258064516129,0.8717948717948718,-0.8717948717948718,-2.484325889164599,140.54669036549726
2021-04-18,Burnley,Manchester United,1,3,H,17,10,9,3,9,12,8,3,2,,0,,2021,A,1.0,0.0,0,0.0,0.0,0.0,0,2,0.0,1.03125,2.0625,0.8717948717948718,-0.8717948717948718,-2.88886217948718,137.65782818601008
2021-04-25,Burnley,Wolverhampton Wanderers,4,0,A,12,14,2,7,8,9,8,5,2,,0,,2021,A,1.0,0.0,3,0.0,0.0,0.0,1,2,1.0,1.0909090909090908,1.2424242424242424,0.8717948717948718,2.128205128205128,5.534149184149183,143.19197737015926
2021-05-03,Burnley,West Ham United,1,2,A,8,22,3,4,4,8,5,4,2,1.0,0,0.0,2021,H,,,0,0.0,0.0,0.0,0,2,1.0,1.0588235294117647,1.7058823529411764,0.8717948717948718,-0.8717948717948718,-2.835369532428356,140.3566078377309
2021-05-10,Burnley,Fulham,2,0,A,21,14,3,5,11,10,8,4,0,,0,,2021,A,2.0,0.0,3,0.0,0.0,0.0,1,0,2.0,1.1142857142857143,0.7714285714285715,0.8717948717948718,2.128205128205128,6.104798534798534,146.46140637252944
2021-05-15,Burnley,Leeds United,0,4,A,16,16,4,6,10,10,6,8,1,1.0,0,0.0,2021,H,,,0,0.0,0.0,0.0,0,1,1.0,1.0833333333333333,1.4722222222222223,0.8717948717948718,-0.8717948717948718,-2.550320512820513,143.91108585970892
2021-05-19,Burnley,Liverpool,0,3,A,10,20,4,3,10,7,6,7,0,0.0,0,0.0,2021,H,,,0,0.0,0.0,0.0,0,0,1.0,1.054054054054054,1.7837837837837838,0.8717948717948718,-0.8717948717948718,-2.3470547470547474,141.5640311126542
2021-05-23,Burnley,Sheffield United,0,1,H,12,10,3,3,11,1,8,9,1,,0,,2021,A,3.0,0.0,0,0.0,0.0,0.0,0,1,0.0,1.0263157894736843,0.6052631578947368,0.8717948717948718,-0.8717948717948718,-2.42027665317139,139.14375445948278
2021-08-14,Burnley,Brighton and Hove Albion,1,2,A,14,14,3,8,10,7,7,6,2,1.0,0,0.0,2021,H,,,0,0.0,0.0,0.0,0,2,0.0,1.0,1.1282051282051282,0.8717948717948718,-0.8717948717948718,-2.7487179487179487,136.39503651076484
2021-08-21,Burnley,Liverpool,0,2,H,27,9,9,3,6,12,8,4,0,,0,,2021,A,0.0,0.0,0,0.0,0.0,0.0,0,0,0.0,0.975,1.875,0.8717948717948718,-0.8717948717948718,-2.3607371794871796,134.03429933127765
2021-08-29,Burnley,Leeds United,1,1,D,12,12,3,2,13,9,5,5,4,3.0,0,0.0,2021,H,,,1,0.0,0.0,0.0,0,4,0.3333333333333333,0.975609756097561,1.4878048780487805,0.8717948717948718,0.1282051282051282,-0.8026579111944966,133.23164142008315
2021-09-13,Burnley,Everton,1,3,H,14,11,6,6,3,6,4,6,1,,0,,2021,A,1.0,0.0,0,0.0,0.0,0.0,0,1,0.3333333333333333,0.9523809523809524,1.6428571428571428,0.8717948717948718,-0.8717948717948718,-2.575915750915751,130.65572566916742
2021-09-18,Burnley,Arsenal,0,1,A,18,13,3,3,9,8,8,3,2,1.0,0,0.0,2021,H,,,0,0.0,0.0,0.0,0,2,0.3333333333333333,0.9302325581395348,1.558139534883721,0.8717948717948718,-0.8717948717948718,-2.8132081097197377,127.84251755944767
2021-09-25,Burnley,Leicester City,2,2,D,22,9,5,3,10,8,8,4,4,,0,,2021,A,2.0,0.0,1,0.0,0.0,0.0,0,4,0.3333333333333333,0.9318181818181818,1.6590909090909092,0.8717948717948718,0.1282051282051282,-0.8283508158508159,127.01416674359686
2021-10-02,Burnley,Norwich City,0,0,D,14,10,4,2,13,3,9,5,5,2.0,0,0.0,2021,H,,,1,0.0,0.0,0.0,1,5,0.6666666666666666,0.9333333333333332,0.1428571428571428,0.8717948717948718,0.1282051282051282,-0.050915750915750874,126.96325099268111
2021-10-16,Burnley,Manchester City,0,2,H,15,7,6,2,11,5,6,2,0,,0,,2021,A,1.0,0.0,0,0.0,0.0,0.0,0,0,0.6666666666666666,0.9130434782608696,2.239130434782609,0.8717948717948718,-0.8717948717948718,-2.415356744704571,124.54789424797653
2021-10-23,Burnley,Southampton,2,2,D,16,9,4,5,10,11,6,2,3,,0,,2021,A,1.0,0.0,1,0.0,0.0,0.0,0,3,0.6666666666666666,0.9148936170212766,1.0851063829787233,0.8717948717948718,0.1282051282051282,-0.4922531369339881,124.05564111104255
2021-10-30,Burnley,Brentford,3,1,H,15,12,6,5,7,10,4,2,1,1.0,0,0.0,2021,H,,,3,0.0,0.0,0.0,0,1,1.3333333333333333,0.9583333333333334,1.2,0.8717948717948718,2.128205128205128,4.99051282051282,129.04615393155538
2021-11-06,Burnley,Chelsea,1,1,D,25,5,4,2,6,9,14,2,4,,0,,2021,A,1.0,0.0,1,0.0,0.0,0.0,0,4,1.6666666666666667,0.9591836734693876,1.8979591836734695,0.8717948717948718,0.1282051282051282,-0.8641810570381999,128.18197287451716
2021-11-20,Burnley,Crystal Palace,3,3,D,15,18,9,8,14,15,3,6,2,3.0,0,0.0,2021,H,,,1,0.0,0.0,0.0,0,2,1.6666666666666667,0.96,1.2,0.8717948717948718,0.1282051282051282,-0.2594871794871795,127.92248569502999
2021-12-01,Burnley,Wolverhampton Wanderers,0,0,D,16,6,2,1,5,7,5,5,3,,0,,2021,A,2.0,0.0,1,0.0,0.0,0.0,1,3,1.0,0.9607843137254902,1.2692307692307692,0.8717948717948718,0.1282051282051282,0.28012820512820513,128.20261390015818
2021-12-04,Burnley,Newcastle United,0,1,H,19,10,4,1,11,9,10,3,1,,0,,2021,A,1.0,0.0,0,0.0,0.0,0.0,0,1,0.6666666666666666,0.9423076923076924,1.0377358490566038,0.8717948717948718,-0.8717948717948718,-2.48514755684567,125.71746634331252
2021-12-12,Burnley,West Ham United,0,0,D,9,16,1,3,13,11,6,4,2,1.0,0,0.0,2021,H,,,1,0.0,0.0,0.0,1,2,0.6666666666666666,0.9433962264150944,1.7222222222222223,0.8717948717948718,0.1282051282051282,0.4621794871794872,126.179645830492
2021-12-30,Burnley,Manchester United,1,3,H,18,10,6,3,5,10,7,5,0,,0,,2021,A,0.0,0.0,0,0.0,0.0,0.0,0,0,0.3333333333333333,0.925925925925926,1.875,0.8717948717948718,-0.8717948717948718,-2.3607371794871796,123.81890865100483
2022-01-02,Burnley,Leeds United,1,3,H,22,8,7,2,11,7,9,3,1,,0,,2022,A,2.0,0.0,0,0.0,0.0,0.0,0,1,0.3333333333333333,0.9090909090909092,1.368421052631579,1.0909090909090908,-1.0909090909090908,-3.082535885167464,120.73637276583737
2022-01-23,Burnley,Arsenal,0,0,D,20,10,5,1,9,13,12,4,2,,0,,2022,A,0.0,0.0,1,0.0,0.0,0.0,1,2,0.3333333333333333,0.9107142857142856,1.6440677966101696,1.0909090909090908,-0.09090909090909083,-0.07388289676425244,120.66248986907311
2022-02-05,Burnley,Watford,0,0,D,13,11,2,5,16,9,4,7,1,2.0,0,0.0,2022,H,,,1,0.0,0.0,0.0,1,1,0.6666666666666666,0.912280701754386,0.7142857142857143,1.0909090909090908,-0.09090909090909083,0.31558441558441586,120.97807428465754
2022-02-08,Burnley,Manchester United,1,1,D,9,22,3,5,11,10,2,10,2,1.0,0,0.0,2022,H,,,1,0.0,0.0,0.0,0,2,1.0,0.913793103448276,1.852459016393443,1.0909090909090908,-0.09090909090909083,-0.9051415797317436,120.07293270492579
2022-02-13,Burnley,Liverpool,0,1,A,8,12,5,4,7,6,5,8,0,1.0,0,0.0,2022,H,,,0,0.0,0.0,0.0,0,0,0.6666666666666666,0.8983050847457628,1.9838709677419355,1.0909090909090908,-1.0909090909090908,-2.924853372434017,117.14807933249176
2022-02-19,Burnley,Brighton and Hove Albion,3,0,A,11,10,1,4,12,12,4,4,4,,0,,2022,A,1.0,0.0,3,0.0,0.0,0.0,1,4,1.3333333333333333,0.9333333333333332,1.1746031746031746,1.0909090909090908,1.9090909090909092,4.496536796536796,121.64461612902856
2022-02-23,Burnley,Tottenham Hotspur,1,0,H,15,12,4,2,8,8,3,7,0,0.0,0,0.0,2022,H,,,3,0.0,0.0,0.0,1,0,2.0,0.9672131147540984,1.6290322580645162,1.0909090909090908,1.9090909090909092,5.428372434017596,127.07298856304615
2022-02-26,Burnley,Crystal Palace,1,1,D,11,5,4,1,5,17,5,4,2,,0,,2022,A,0.0,0.0,1,0.0,0.0,0.0,0,2,2.3333333333333335,0.967741935483871,1.1384615384615384,1.0909090909090908,-0.09090909090909083,-0.7980419580419579,126.2749466050042
2022-03-01,Burnley,Leicester City,0,2,A,9,22,2,6,10,13,6,8,1,1.0,0,0.0,2022,H,,,0,0.0,0.0,0.0,0,1,1.3333333333333333,0.9523809523809524,1.5483870967741935,1.0909090909090908,-1.0909090909090908,-3.109530791788856,123.16541581321535
2022-03-05,Burnley,Chelsea,0,4,A,6,11,1,5,12,7,5,2,2,0.0,0,0.0,2022,H,,,0,0.0,0.0,0.0,0,2,0.3333333333333333,0.9375,1.875,1.0909090909090908,-1.0909090909090908,-3.408522727272727,119.75689308594262
2022-03-12,Burnley,Brentford,0,2,H,13,7,4,1,6,10,2,9,1,,1,,2022,A,1.0,0.0,0,0.0,0.0,0.0,0,3,0.0,0.9230769230769232,1.0344827586206895,1.0909090909090908,-1.0909090909090908,-3.5324451410658306,116.22444794487679
2022-04-02,Burnley,Manchester City,0,2,A,3,18,1,6,11,6,1,8,1,0.0,0,0.0,2022,H,,,0,0.0,0.0,0.0,0,1,0.0,0.9090909090909092,2.338235294117647,1.0909090909090908,-1.0909090909090908,-3.228008021390374,112.99643992348642
2022-04-06,Burnley,Everton,3,2,H,13,16,4,4,11,16,9,6,2,2.0,0,0.0,2022,H,,,3,0.0,0.0,0.0,0,2,1.0,0.9402985074626866,1.2537313432835822,1.0909090909090908,1.9090909090909092,4.184667571234736,117.18110749472115
2022-04-10,Burnley,Norwich City,0,2,H,17,18,6,4,12,10,6,7,1,,0,,2022,A,1.0,0.0,0,0.0,0.0,0.0,0,1,1.0,0.9264705882352942,0.6774193548387096,1.0909090909090908,-1.0909090909090908,-2.9788856304985334,114.20222186422262
2022-04-17,Burnley,West Ham United,1,1,D,21,9,8,1,9,10,13,4,2,,0,,2022,A,2.0,0.0,1,0.0,0.0,0.0,0,2,1.3333333333333333,0.927536231884058,1.647887323943662,1.0909090909090908,-0.09090909090909083,-0.8744558258642764,113.32776603835835
2022-04-21,Burnley,Southampton,2,0,H,16,11,6,3,7,7,10,10,2,2.0,0,0.0,2022,H,,,3,0.0,0.0,0.0,1,2,1.3333333333333333,0.9571428571428572,1.1549295774647887,1.0909090909090908,1.9090909090909092,4.999487836107555,118.3272538744659
2022-04-24,Burnley,Wolverhampton Wanderers,1,0,H,14,10,5,4,8,7,3,6,3,1.0,0,0.0,2022,H,,,3,0.0,0.0,0.0,1,3,2.3333333333333335,0.9859154929577464,1.323943661971831,1.0909090909090908,1.9090909090909092,4.724135723431498,123.0513895978974
2022-04-30,Burnley,Watford,2,1,A,13,17,1,6,13,9,5,6,2,,0,,2022,A,1.0,0.0,3,0.0,0.0,0.0,0,2,3.0,1.0138888888888888,0.6470588235294118,1.0909090909090908,1.9090909090909092,4.275668449197862,127.32705804709526
2022-05-07,Burnley,Aston Villa,1,3,A,14,12,6,7,13,11,4,5,1,2.0,0,0.0,2022,H,,,0,0.0,0.0,0.0,0,1,2.0,1.0,1.3611111111111112,1.0909090909090908,-1.0909090909090908,-3.0814393939393936,124.24561865315587
2022-05-15,Burnley,Tottenham Hotspur,0,1,H,21,8,8,1,12,8,8,2,2,,0,,2022,A,3.0,0.0,0,0.0,0.0,0.0,0,2,1.0,0.9864864864864864,1.7333333333333334,1.0909090909090908,-1.0909090909090908,-3.387272727272727,120.85834592588314
2022-05-19,Burnley,Aston Villa,1,1,D,22,10,9,5,11,20,13,6,1,,1,,2022,A,0.0,0.0,1,0.0,0.0,0.0,0,3,0.3333333333333333,0.9866666666666668,1.3333333333333333,1.0909090909090908,-0.09090909090909083,-1.077272727272727,119.78107319861041
2022-05-22,Burnley,Newcastle United,1,2,A,12,8,5,6,8,9,8,2,1,0.0,0,0.0,2022,H,,,0,0.0,0.0,0.0,0,1,0.3333333333333333,0.9736842105263158,1.236842105263158,1.0909090909090908,-1.0909090909090908,-3.0627990430622005,116.71827415554822
2023-08-11,Burnley,Manchester City,0,3,A,6,17,1,8,11,8,6,5,0,0.0,1,0.0,2023,H,,,0,0.0,0.0,0.0,0,2,0.3333333333333333,0.961038961038961,2.356521739130435,0.55,-0.55,-2.128478260869565,114.58979589467864
2023-08-27,Burnley,Aston Villa,1,3,A,9,16,2,6,12,11,4,6,2,0.0,0,0.0,2023,H,,,0,0.0,0.0,0.0,0,2,0.0,0.9487179487179488,1.4273504273504274,0.55,-0.55,-1.9891025641025641,112.60069333057609
2023-09-02,Burnley,Tottenham Hotspur,2,5,A,16,20,4,10,15,9,7,4,4,3.0,0,0.0,2023,H,,,0,0.0,0.0,0.0,0,4,0.0,0.9367088607594936,1.7203389830508475,0.55,-0.55,-2.533050847457627,110.06764248311846
2023-09-18,Burnley,Nottingham Forest,1,1,D,14,10,4,3,16,10,5,4,3,,1,,2023,A,2.0,0.0,1,0.0,0.0,0.0,0,5,0.3333333333333333,0.9375,1.0465116279069768,0.55,0.44999999999999996,-0.1819767441860465,109.88566573893242
2023-09-23,Burnley,Manchester United,0,1,A,12,11,4,4,6,12,9,5,1,2.0,0,0.0,2023,H,,,0,0.0,0.0,0.0,0,1,0.3333333333333333,0.925925925925926,1.8,0.55,-0.55,-1.795,108.09066573893242
2023-09-30,Burnley,Newcastle United,0,2,H,20,8,8,2,7,15,5,3,3,,0,,2023,A,1.0,0.0,0,0.0,0.0,0.0,0,3,0.3333333333333333,0.9146341463414634,1.462809917355372,0.55,-0.55,-2.2444214876033057,105.84624425132911
2023-10-03,Burnley,Luton Town,2,1,A,18,14,3,4,14,6,7,6,2,,0,,2023,A,4.0,0.0,3,0.0,0.0,0.0,0,2,1.0,0.9397590361445785,0.5714285714285714,0.55,2.45,5.639285714285714,111.48552996561483
2023-10-07,Burnley,Chelsea,1,4,A,10,9,3,5,11,8,7,3,2,4.0,0,0.0,2023,H,,,0,0.0,0.0,0.0,0,2,1.0,0.9285714285714286,1.6065573770491803,0.55,-0.55,-2.015983606557377,109.46954635905745
2023-10-21,Burnley,Brentford,0,3,H,23,6,10,1,14,12,5,5,2,,1,,2023,A,5.0,0.0,0,0.0,0.0,0.0,0,4,1.0,0.9176470588235294,1.3529411764705883,0.55,-0.55,-2.4779411764705883,106.99160518258685
2023-10-28,Burnley,Bournemouth,1,2,H,13,6,6,3,9,12,10,5,3,,0,,2023,A,2.0,0.0,0,0.0,0.0,0.0,0,3,0.0,0.9069767441860463,0.9375,0.55,-0.55,-2.165625,104.82598018258686
2023-11-04,Burnley,Crystal Palace,0,2,A,17,4,5,3,9,12,12,1,0,5.0,0,0.0,2023,H,,,0,0.0,0.0,0.0,0,0,0.0,0.896551724137931,1.216,0.55,-0.55,-1.4573999999999998,103.36858018258687
2023-11-11,Burnley,Arsenal,1,3,H,16,8,6,5,8,9,3,3,1,,0,,2023,A,0.0,1.0,0,0.0,0.0,0.0,0,1,0.0,0.8863636363636364,1.9126984126984128,0.55,-0.55,-1.8119047619047617,101.5566754206821
2023-11-25,Burnley,West Ham United,1,2,A,11,11,5,3,11,7,4,5,1,3.0,0,0.0,2023,H,,,0,0.0,0.0,0.0,0,1,0.0,0.8764044943820225,1.4251968503937007,0.55,-0.55,-1.738779527559055,99.81789589312305
2023-12-02,Burnley,Sheffield United,5,0,H,19,6,7,3,9,12,6,1,2,5.0,0,1.0,2023,H,,,3,0.0,0.0,0.0,1,2,1.0,0.9,0.5384615384615384,0.55,2.45,6.444230769230769,106.26212666235381
2023-12-05,Burnley,Wolverhampton Wanderers,0,1,H,7,12,4,3,11,15,6,8,4,,0,,2023,A,2.0,0.0,0,0.0,0.0,0.0,0,4,1.0,0.8901098901098901,1.2015503875968991,0.55,-0.55,-2.4552325581395347,103.80689410421428
2023-12-09,Burnley,Brighton and Hove Albion,1,1,D,29,6,11,3,5,8,9,1,4,,0,,2023,A,0.0,0.0,1,0.0,0.0,0.0,0,4,1.3333333333333333,0.8913043478260869,1.3846153846153846,0.55,0.44999999999999996,0.01730769230769233,103.82420179652198
2023-12-16,Burnley,Everton,0,2,A,14,9,2,6,9,8,8,6,0,1.0,0,0.0,2023,H,,,0,0.0,0.0,0.0,0,0,0.3333333333333333,0.8817204301075269,1.2213740458015268,0.55,-0.55,-1.458206106870229,102.36599568965174
2023-12-23,Burnley,Fulham,2,0,A,19,7,5,2,5,17,8,6,1,,0,,2023,A,2.0,0.0,3,0.0,0.0,0.0,1,1,1.3333333333333333,0.9042553191489362,1.074468085106383,0.55,2.45,6.613829787234042,108.97982547688578
2023-12-26,Burnley,Liverpool,0,2,A,9,19,0,10,7,10,4,4,2,1.0,0,0.0,2023,H,,,0,0.0,0.0,0.0,0,2,1.0,0.8947368421052632,2.030075187969925,0.55,-0.55,-2.0795112781954885,106.9003141986903
2023-12-30,Burnley,Aston Villa,2,3,H,19,9,7,5,9,14,6,2,1,,1,,2023,A,4.0,0.0,0,0.0,0.0,0.0,0,3,1.0,0.8854166666666666,1.5149253731343284,0.55,-0.55,-2.252238805970149,104.64807539272014
2024-01-12,Burnley,Luton Town,1,1,D,13,14,7,5,7,12,2,8,1,0.0,0,0.0,2024,H,,,1,0.0,0.0,0.0,0,1,0.3333333333333333,0.8865979381443299,0.8,0.7222222222222222,0.2777777777777778,0.4244444444444444,105.07251983716459
2024-01-31,Burnley,Manchester City,1,3,H,14,8,4,3,3,13,7,3,2,,0,,2024,A,2.0,0.0,0,0.0,0.0,0.0,0,2,0.3333333333333333,0.8775510204081632,2.325925925925926,0.7222222222222222,-0.7222222222222222,-2.554444444444444,102.51807539272015
2024-02-03,Burnley,Fulham,2,2,D,12,15,4,7,11,7,2,13,2,2.0,0,0.0,2024,H,,,1,0.0,0.0,0.0,0,2,0.6666666666666666,0.8787878787878788,1.0707070707070707,0.7222222222222222,0.2777777777777778,0.1338383838383838,102.65191377655853
2024-02-10,Burnley,Liverpool,1,3,H,25,9,10,4,11,13,9,3,2,,0,,2024,A,3.0,0.0,0,0.0,0.0,0.0,0,2,0.3333333333333333,0.87,2.0434782608695654,0.7222222222222222,-0.7222222222222222,-2.51207729468599,100.13983648187255
2024-02-17,Burnley,Arsenal,0,5,A,8,16,0,7,11,8,4,6,2,1.0,0,0.0,2024,H,,,0,0.0,0.0,0.0,0,2,0.3333333333333333,0.8613861386138614,1.935251798561151,0.7222222222222222,-0.7222222222222222,-2.495843325339728,97.64399315653282
2024-02-24,Burnley,Crystal Palace,0,3,H,15,2,6,0,8,13,12,3,1,,1,,2024,A,3.0,0.0,0,0.0,0.0,0.0,0,3,0.0,0.8529411764705882,1.1785714285714286,0.7222222222222222,-0.7222222222222222,-2.6323412698412696,95.01165188669154
2024-03-03,Burnley,Bournemouth,0,2,A,20,10,6,3,8,13,7,2,2,4.0,0,0.0,2024,H,,,0,0.0,0.0,0.0,0,2,0.0,0.8446601941747572,1.09375,0.7222222222222222,-0.7222222222222222,-2.3696180555555553,92.64203383113599
2024-03-10,Burnley,West Ham United,2,2,D,22,11,4,4,11,18,4,4,4,,0,,2024,A,2.0,0.0,1,0.0,0.0,0.0,0,4,0.3333333333333333,0.8461538461538461,1.4366197183098592,0.7222222222222222,0.2777777777777778,-0.4210485133020345,92.22098531783396
2024-03-16,Burnley,Brentford,2,1,H,17,9,6,5,14,17,5,4,2,4.0,0,1.0,2024,H,,,3,0.0,0.0,0.0,0,2,1.3333333333333333,0.8666666666666667,1.2476190476190476,0.7222222222222222,2.2777777777777777,5.1073015873015875,97.32828690513554
2024-03-30,Burnley,Chelsea,2,2,D,33,18,13,7,12,7,12,4,2,,1,,2024,A,2.0,0.0,1,0.0,0.0,0.0,0,4,1.6666666666666667,0.8679245283018868,1.5845070422535212,0.7222222222222222,0.2777777777777778,-0.44323161189358384,96.88505529324195
2024-04-02,Burnley,Wolverhampton Wanderers,1,1,D,13,8,6,2,10,12,7,4,0,2.0,0,0.0,2024,H,,,1,0.0,0.0,0.0,0,0,1.6666666666666667,0.8691588785046729,1.2430555555555556,0.7222222222222222,0.2777777777777778,0.607986111111111,97.49304140435306
2024-04-06,Burnley,Everton,0,1,H,12,6,3,1,11,13,3,5,1,,1,,2024,A,2.0,0.0,0,0.0,0.0,0.0,0,3,0.6666666666666666,0.8611111111111112,1.1655172413793105,0.7222222222222222,-0.7222222222222222,-2.6303831417624517,94.86265826259061
2024-04-13,Burnley,Brighton and Hove Albion,1,1,D,11,20,3,8,18,8,4,5,1,2.0,0,0.0,2024,H,,,1,0.0,0.0,0.0,0,1,0.6666666666666666,0.8623853211009175,1.356164383561644,0.7222222222222222,0.2777777777777778,0.34101978691019785,95.20367804950081
2024-04-20,Burnley,Sheffield United,4,1,A,18,16,11,9,10,9,11,2,0,,0,,2024,A,1.0,0.0,3,0.0,0.0,0.0,0,0,1.3333333333333333,0.8818181818181818,0.5492957746478874,0.7222222222222222,2.2777777777777777,5.712050078247261,100.91572812774807
2024-04-27,Burnley,Manchester United,1,1,D,27,16,10,7,7,11,6,5,3,,0,,2024,A,1.0,0.0,1,0.0,0.0,0.0,0,3,1.6666666666666667,0.8828828828828829,1.7635135135135136,0.7222222222222222,0.2777777777777778,-0.2200825825825826,100.69564554516549
2024-05-04,Burnley,Newcastle United,1,4,A,17,23,5,11,8,8,4,11,2,2.0,0,0.0,2024,H,,,0,0.0,0.0,0.0,0,2,1.3333333333333333,0.875,1.483221476510067,0.7222222222222222,-0.7222222222222222,-2.4280387770320653,98.26760676813342
2024-05-11,Burnley,Tottenham Hotspur,1,2,H,21,7,9,3,10,14,9,3,5,,0,,2024,A,3.0,0.0,0,0.0,0.0,0.0,0,5,0.3333333333333333,0.8672566371681416,1.7066666666666668,0.7222222222222222,-0.7222222222222222,-3.2115555555555555,95.05605121257787
2024-05-19,Burnley,Nottingham Forest,1,2,A,20,12,3,6,11,5,4,3,1,0.0,0,0.0,2024,H,,,0,0.0,0.0,0.0,0,1,0.0,0.8596491228070176,0.9736842105263158,0.7222222222222222,-0.7222222222222222,-2.1016081871345027,92.95444302544337
2025-08-16,Burnley,Tottenham Hotspur,0,3,H,16,14,6,4,14,8,6,5,0,,0,,2025,A,0.0,0.0,0,0.0,0.0,0.0,0,0,0.0,0.8521739130434782,1.5706806282722514,0.9090909090909091,-0.9090909090909091,-2.4083293669681103,90.54611365847525
2025-08-23,Burnley,Sunderland,2,0,H,7,9,2,1,9,5,4,3,0,1.0,0,0.0,2025,H,,,3,0.0,0.0,0.0,1,0,1.0,0.8706896551724138,1.5,0.9090909090909091,2.090909090909091,5.9022727272727264,96.44838638574797
2025-08-30,Burnley,Manchester United,2,3,H,26,6,6,3,9,9,7,1,5,,0,,2025,A,1.0,0.0,0,0.0,0.0,0.0,0,5,1.0,0.8632478632478633,1.621761658031088,0.9090909090909091,-0.9090909090909091,-3.6659915214319354,92.78239486431605
2025-09-14,Burnley,Liverpool,0,1,A,3,27,0,4,9,9,1,13,0,2.0,0,0.0,2025,H,,,0,0.0,0.0,0.0,0,0,1.0,0.8559322033898306,2.0927835051546393,0.9090909090909091,-0.9090909090909091,-2.486644798500468,90.29575006581557
2025-09-20,Burnley,Nottingham Forest,1,1,D,12,17,5,8,12,11,4,5,1,1.0,0,0.0,2025,H,,,1,0.0,0.0,0.0,0,1,0.3333333333333333,0.8571428571428571,1.2100840336134453,0.9090909090909091,0.09090909090909094,-0.10423987776928945,90.19151018804628
2025-09-27,Burnley,Manchester City,1,5,H,21,9,8,2,5,7,10,2,3,,0,,2025,A,1.0,0.0,0,0.0,0.0,0.0,0,3,0.3333333333333333,0.85,2.2448979591836733,0.9090909090909091,-0.9090909090909091,-3.2594619666048232,86.93204822144145
2025-10-05,Burnley,Aston Villa,1,2,H,15,5,7,2,9,15,6,4,1,,0,,2025,A,3.0,0.0,0,0.0,0.0,0.0,0,1,0.3333333333333333,0.8429752066115702,1.5431472081218274,0.9090909090909091,-0.9090909090909091,-2.6541993539455464,84.27784886749592
2025-10-18,Burnley,Leeds United,2,0,H,4,19,3,4,10,7,1,5,2,1.0,0,0.0,2025,H,,,3,0.0,0.0,0.0,1,2,1.0,0.860655737704918,1.1147540983606556,0.9090909090909091,2.090909090909091,5.460059612518628,89.73790848001454
2025-10-26,Burnley,Wolverhampton Wanderers,3,2,A,15,11,7,7,12,7,5,3,0,,0,,2025,A,1.0,0.0,3,0.0,0.0,0.0,0,0,2.0,0.8780487804878049,1.1407035175879396,0.9090909090909091,2.090909090909091,5.1561671996345355,94.89407567964908
2025-11-01,Burnley,Arsenal,0,2,A,3,12,0,8,10,13,1,6,2,1.0,0,0.0,2025,H,,,0,0.0,0.0,0.0,0,2,2.0,0.8709677419354839,2.01,0.9090909090909091,-0.9090909090909091,-2.9742272727272723,91.9198484069218
2025-11-08,Burnley,West Ham United,2,3,H,15,16,6,7,15,13,7,4,2,,0,,2025,A,2.0,0.0,0,0.0,0.0,0.0,0,2,1.0,0.864,1.3233830845771144,0.9090909090909091,-0.9090909090909091,-2.8712347354138394,89.04861367150797
2020-09-14,Chelsea,Brighton and Hove Albion,3,1,A,13,10,3,5,8,13,4,3,0,,0,,2020,A,1.0,0.0,3,0.0,0.0,0.0,0,0,3.0,3.0,0.0,1.625,1.375,3.5375,164.30673076923077
2020-09-20,Chelsea,Liverpool,0,2,A,5,18,3,6,10,6,1,11,0,0.0,1,0.0,2020,H,,,0,0.0,0.0,0.0,0,2,1.5,1.5,3.0,1.625,-1.625,-4.9125000000000005,159.39423076923077
2020-09-26,Chelsea,West Brom,3,3,D,9,22,3,10,8,16,3,9,3,,0,,2020,A,1.0,0.0,1,0.0,0.0,0.0,0,3,1.3333333333333333,1.3333333333333333,0.3333333333333333,1.625,-0.625,-2.2624999999999997,157.13173076923078
2020-10-03,Chelsea,Crystal Palace,4,0,H,17,4,6,0,17,13,8,5,2,0.0,0,0.0,2020,H,,,3,0.0,0.0,0.0,1,2,1.3333333333333333,1.75,1.5,1.625,1.375,3.6125,160.74423076923077
2020-10-17,Chelsea,Southampton,3,3,D,11,13,5,6,11,9,6,2,1,1.0,0,0.0,2020,H,,,1,0.0,0.0,0.0,0,1,1.6666666666666667,1.6,1.4,1.625,-0.625,-1.9224999999999999,158.82173076923078
2020-10-24,Chelsea,Manchester United,0,0,D,14,6,4,1,8,6,9,6,1,,0,,2020,A,3.0,0.0,1,0.0,0.0,0.0,1,1,1.6666666666666667,1.5,1.4,1.625,-0.625,-1.1224999999999998,157.69923076923078
2020-10-31,Chelsea,Burnley,3,0,A,5,14,0,9,10,15,3,4,0,,0,,2020,A,1.0,0.0,3,0.0,0.0,0.0,1,0,1.6666666666666667,1.7142857142857142,0.1666666666666666,1.625,1.375,4.312499999999999,162.01173076923078
2020-11-07,Chelsea,Sheffield United,4,1,H,20,6,9,3,5,14,6,7,0,2.0,0,0.0,2020,H,,,3,0.0,0.0,0.0,0,0,2.3333333333333335,1.875,0.125,1.625,1.375,3.5187500000000003,165.53048076923076
2020-11-21,Chelsea,Newcastle United,2,0,A,8,14,1,3,11,12,7,4,0,,0,,2020,A,2.0,0.0,3,0.0,0.0,0.0,1,0,3.0,2.0,1.2222222222222223,1.625,1.375,4.154166666666666,169.68464743589743
2020-11-29,Chelsea,Tottenham Hotspur,0,0,D,13,5,3,1,20,9,3,3,4,2.0,0,0.0,2020,H,,,1,0.0,0.0,0.0,1,4,2.3333333333333335,1.9,2.1,1.625,-0.625,-1.9775,167.70714743589744
2020-12-05,Chelsea,Leeds United,3,1,H,23,8,11,3,12,9,8,4,0,2.0,0,0.0,2020,H,,,3,0.0,0.0,0.0,0,0,2.3333333333333335,2.0,1.2727272727272727,1.625,1.375,3.346590909090909,171.05373834498835
2020-12-12,Chelsea,Everton,0,1,H,9,10,4,3,10,11,6,6,3,,0,,2020,A,2.0,0.0,0,0.0,0.0,0.0,0,3,1.3333333333333333,1.8333333333333333,1.6666666666666667,1.625,-1.625,-4.9625,166.09123834498834
2020-12-15,Chelsea,Wolverhampton Wanderers,1,2,H,12,13,4,3,12,12,5,6,2,,0,,2020,A,2.0,0.0,0,0.0,0.0,0.0,0,2,1.0,1.6923076923076923,1.5384615384615383,1.625,-1.625,-4.693269230769231,161.3979691142191
2020-12-21,Chelsea,West Ham United,3,0,H,11,6,7,0,11,6,5,4,0,0.0,0,0.0,2020,H,,,3,0.0,0.0,0.0,1,0,1.0,1.7857142857142858,1.5,1.625,1.375,4.1125,165.51046911421912
2020-12-26,Chelsea,Arsenal,1,3,H,15,19,7,3,13,10,7,9,1,,0,,2020,A,2.0,0.0,0,0.0,0.0,0.0,0,1,1.0,1.6666666666666667,1.1333333333333333,1.625,-1.625,-4.3825,161.12796911421913
2020-12-28,Chelsea,Aston Villa,1,1,D,16,10,5,2,16,3,11,4,3,1.0,0,0.0,2020,H,,,1,0.0,0.0,0.0,0,3,1.3333333333333333,1.625,1.8571428571428572,1.625,-0.625,-2.4910714285714284,158.63689768564768
2021-01-03,Chelsea,Manchester City,1,3,A,9,18,2,6,11,10,5,3,3,1.0,0,0.0,2021,H,,,0,0.0,0.0,0.0,0,3,0.3333333333333333,1.5294117647058822,1.9333333333333331,1.9761904761904763,-1.9761904761904763,-5.880476190476191,152.7564214951715
2021-01-16,Chelsea,Fulham,1,0,A,10,21,3,6,11,10,1,12,3,,0,,2021,A,2.0,1.0,3,0.0,0.0,0.0,1,3,1.3333333333333333,1.6111111111111112,0.7058823529411765,1.9761904761904763,1.0238095238095237,2.6036414565826327,155.36006295175412
2021-01-19,Chelsea,Leicester City,0,2,H,8,9,6,5,7,16,6,3,3,,0,,2021,A,1.0,0.0,0,0.0,0.0,0.0,0,3,1.0,1.5263157894736843,2.0,1.9761904761904763,-1.9761904761904763,-5.890476190476191,149.46958676127792
2021-01-27,Chelsea,Wolverhampton Wanderers,0,0,D,14,4,5,0,14,7,13,1,1,1.0,0,0.0,2021,H,,,1,0.0,0.0,0.0,1,1,1.3333333333333333,1.5,1.15,1.9761904761904763,-0.9761904761904763,-1.9629761904761907,147.50661057080174
2021-01-31,Chelsea,Burnley,2,0,H,19,1,8,0,7,9,4,2,0,1.0,0,0.0,2021,H,,,3,0.0,0.0,0.0,1,0,1.3333333333333333,1.5714285714285714,1.1,1.9761904761904763,1.0238095238095237,3.294523809523809,150.80113438032555
2021-02-04,Chelsea,Tottenham Hotspur,1,0,A,7,18,2,2,20,14,2,7,3,,0,,2021,A,2.0,0.0,3,0.0,0.0,0.0,1,3,2.3333333333333335,1.6363636363636365,1.5714285714285714,1.9761904761904763,1.0238095238095237,2.4738095238095235,153.27494390413509
2021-02-07,Chelsea,Sheffield United,2,1,A,8,9,3,3,8,8,1,8,0,,0,,2021,A,1.0,0.0,3,0.0,0.0,0.0,0,0,3.0,1.6956521739130437,0.4782608695652174,1.9761904761904763,1.0238095238095237,2.587784679089027,155.8627285832241
2021-02-15,Chelsea,Newcastle United,2,0,H,18,10,5,4,9,13,10,5,0,0.0,0,0.0,2021,H,,,3,0.0,0.0,0.0,1,0,3.0,1.75,1.0416666666666667,1.9761904761904763,1.0238095238095237,3.3032738095238092,159.1660023927479
2021-02-20,Chelsea,Southampton,1,1,D,4,9,1,3,10,10,3,6,1,,0,,2021,A,1.0,0.0,1,0.0,0.0,0.0,0,1,2.3333333333333335,1.72,1.25,1.9761904761904763,-0.9761904761904763,-2.7779761904761906,156.38802620227173
2021-02-28,Chelsea,Manchester United,0,0,D,18,11,6,4,11,12,3,4,1,2.0,0,0.0,2021,H,,,1,0.0,0.0,0.0,1,1,1.6666666666666667,1.6923076923076923,1.9230769230769231,1.9761904761904763,-0.9761904761904763,-2.078937728937729,154.309088473334
2021-03-04,Chelsea,Liverpool,1,0,A,7,11,1,5,9,8,5,2,0,,0,,2021,A,0.0,0.0,3,0.0,0.0,0.0,1,0,1.6666666666666667,1.7407407407407407,1.5925925925925926,1.9761904761904763,1.0238095238095237,3.2206349206349203,157.5297233939689
2021-03-08,Chelsea,Everton,2,0,H,19,7,9,1,11,12,7,3,0,3.0,0,0.0,2021,H,,,3,0.0,0.0,0.0,1,0,2.3333333333333335,1.7857142857142858,1.7037037037037035,1.9761904761904763,1.0238095238095237,3.2039682539682537,160.73369164793718
2021-03-13,Chelsea,Leeds United,0,0,D,7,15,4,8,16,6,8,5,0,,0,,2021,A,3.0,0.0,1,0.0,0.0,0.0,1,0,2.3333333333333335,1.7586206896551724,1.2857142857142858,1.9761904761904763,-0.9761904761904763,-1.7333333333333334,159.00035831460383
2021-04-03,Chelsea,West Brom,2,5,A,18,14,8,7,11,6,10,3,1,1.0,1,0.0,2021,H,,,0,0.0,0.0,0.0,0,3,1.3333333333333333,1.7,0.7,1.9761904761904763,-1.9761904761904763,-5.6954761904761915,153.30488212412766
2021-04-10,Chelsea,Crystal Palace,4,1,A,1,23,1,10,7,12,0,8,0,,0,,2021,A,1.0,0.0,3,0.0,0.0,0.0,0,0,1.3333333333333333,1.7419354838709675,1.2258064516129032,1.9761904761904763,1.0238095238095237,2.4756528417818737,155.7805349659095
2021-04-20,Chelsea,Brighton and Hove Albion,0,0,D,7,11,4,2,8,9,0,3,2,0.0,0,1.0,2021,H,,,1,0.0,0.0,0.0,1,2,1.3333333333333333,1.71875,1.0625,1.9761904761904763,-0.9761904761904763,-2.1998511904761906,153.58068377543333
2021-04-24,Chelsea,West Ham United,1,0,A,9,17,2,6,9,11,4,2,4,,0,,2021,A,0.0,1.0,3,0.0,0.0,0.0,1,4,2.3333333333333335,1.7575757575757576,1.6666666666666667,1.9761904761904763,1.0238095238095237,2.2095238095238092,155.79020758495713
2021-05-01,Chelsea,Fulham,2,0,H,9,10,5,3,15,8,1,8,1,1.0,0,0.0,2021,H,,,3,0.0,0.0,0.0,1,1,2.3333333333333335,1.7941176470588236,0.7941176470588235,1.9761904761904763,1.0238095238095237,3.0904061624649857,158.88061374742213
2021-05-08,Chelsea,Manchester City,2,1,A,16,12,4,5,12,10,6,2,0,,0,,2021,A,2.0,0.0,3,0.0,0.0,0.0,0,0,3.0,1.8285714285714283,2.2857142857142856,1.9761904761904763,1.0238095238095237,2.3166666666666664,161.1972804140888
2021-05-12,Chelsea,Arsenal,0,1,A,19,5,5,2,7,6,9,1,0,1.0,0,0.0,2021,H,,,0,0.0,0.0,0.0,0,0,2.0,1.7777777777777777,1.5277777777777777,1.9761904761904763,-1.9761904761904763,-5.069642857142858,156.12763755694593
2021-05-18,Chelsea,Leicester City,2,1,H,17,7,6,3,15,16,6,5,2,4.0,0,0.0,2021,H,,,3,0.0,0.0,0.0,0,2,2.0,1.8108108108108107,1.7837837837837838,1.9761904761904763,1.0238095238095237,1.891956241956242,158.01959379890218
2021-05-23,Chelsea,Aston Villa,1,2,H,6,23,3,7,11,12,2,9,3,,1,,2021,A,3.0,0.0,0,0.0,0.0,0.0,0,5,1.0,1.763157894736842,1.4473684210526316,1.9761904761904763,-1.9761904761904763,-6.307581453634086,151.71201234526808
2021-08-14,Chelsea,Crystal Palace,3,0,H,13,4,6,1,15,11,5,2,0,0.0,0,0.0,2021,H,,,3,0.0,0.0,0.0,1,0,2.0,1.794871794871795,1.1282051282051282,1.9761904761904763,1.0238095238095237,3.29029304029304,155.00230538556113
2021-08-22,Chelsea,Arsenal,2,0,A,6,22,3,5,10,4,9,8,0,,0,,2021,A,3.0,0.0,3,0.0,0.0,0.0,1,0,2.0,1.825,1.525,1.9761904761904763,1.0238095238095237,3.2307738095238094,158.23307919508494
2021-08-28,Chelsea,Liverpool,1,1,D,24,6,7,3,13,4,12,3,2,,1,,2021,A,0.0,0.0,1,0.0,0.0,0.0,0,4,2.3333333333333335,1.804878048780488,1.853658536585366,1.9761904761904763,-0.9761904761904763,-3.6185249709639957,154.61455422412095
2021-09-11,Chelsea,Aston Villa,3,0,H,12,18,4,6,11,11,4,11,1,4.0,0,0.0,2021,H,,,3,0.0,0.0,0.0,1,1,2.3333333333333335,1.8333333333333333,1.4047619047619049,1.9761904761904763,1.0238095238095237,2.9988095238095234,157.61336374793046
2021-09-19,Chelsea,Tottenham Hotspur,3,0,A,8,20,2,10,4,15,5,11,1,,0,,2021,A,0.0,0.0,3,0.0,0.0,0.0,1,1,2.3333333333333335,1.8604651162790695,1.6511627906976745,1.9761904761904763,1.0238095238095237,2.961849390919158,160.57521313884962
2021-09-25,Chelsea,Manchester City,0,1,A,5,15,0,4,12,10,4,13,3,2.0,0,0.0,2021,H,,,0,0.0,0.0,0.0,0,3,2.0,1.818181818181818,2.25,1.9761904761904763,-1.9761904761904763,-5.927976190476191,154.64723694837343
2021-10-02,Chelsea,Southampton,3,1,H,20,6,9,2,11,13,7,2,1,3.0,0,1.0,2021,H,,,3,0.0,0.0,0.0,0,1,2.0,1.8444444444444448,1.0444444444444445,1.9761904761904763,1.0238095238095237,2.2528571428571427,156.90009409123059
2021-10-16,Chelsea,Brentford,1,0,A,17,5,7,1,13,8,5,5,1,,0,,2021,A,1.0,0.0,3,0.0,0.0,0.0,1,1,2.0,1.8695652173913044,1.5,1.9761904761904763,1.0238095238095237,2.984523809523809,159.8846179007544
2021-10-23,Chelsea,Norwich City,7,0,H,23,3,13,1,14,16,5,0,0,2.0,0,1.0,2021,H,,,3,0.0,0.0,0.0,1,0,3.0,1.8936170212765957,0.2222222222222222,1.9761904761904763,1.0238095238095237,3.426190476190476,163.31080837694486
2021-10-30,Chelsea,Newcastle United,3,0,A,6,19,1,6,14,12,0,2,2,,0,,2021,A,3.0,0.0,3,0.0,0.0,0.0,1,2,3.0,1.9166666666666667,1.0208333333333333,1.9761904761904763,1.0238095238095237,2.806398809523809,166.11720718646868
2021-11-06,Chelsea,Burnley,1,1,D,25,5,4,2,6,9,14,2,1,4.0,0,0.0,2021,H,,,1,0.0,0.0,0.0,0,1,2.3333333333333335,1.8979591836734695,0.9591836734693876,1.9761904761904763,-0.9761904761904763,-2.734353741496599,163.38285344497206
2021-11-20,Chelsea,Leicester City,3,0,A,4,16,3,7,15,8,3,5,1,,0,,2021,A,3.0,0.0,3,0.0,0.0,0.0,1,1,2.3333333333333335,1.92,1.62,1.9761904761904763,1.0238095238095237,2.9665238095238093,166.3493772544959
2021-11-28,Chelsea,Manchester United,1,1,D,24,3,6,2,13,14,15,2,2,5.0,0,0.0,2021,H,,,1,0.0,0.0,0.0,0,2,1.6666666666666667,1.9019607843137256,1.803921568627451,1.9761904761904763,-0.9761904761904763,-3.111064425770308,163.23831282872558
2021-12-01,Chelsea,Watford,2,1,A,13,8,6,4,18,16,6,0,3,,0,,2021,A,4.0,0.0,3,0.0,0.0,0.0,0,3,2.3333333333333335,1.9230769230769231,0.9285714285714286,1.9761904761904763,1.0238095238095237,1.7702380952380952,165.00855092396367
2021-12-04,Chelsea,West Ham United,2,3,H,11,19,5,7,10,10,1,9,3,,0,,2021,A,1.0,0.0,0,0.0,0.0,0.0,0,3,1.3333333333333333,1.8867924528301887,1.7358490566037736,1.9761904761904763,-1.9761904761904763,-5.850853548966757,159.1576973749969
2021-12-11,Chelsea,Leeds United,3,2,H,16,12,6,5,9,15,5,2,2,5.0,0,0.0,2021,H,,,3,0.0,0.0,0.0,0,2,2.0,1.9074074074074072,1.3888888888888888,1.9761904761904763,1.0238095238095237,1.9511904761904761,161.10888785118738
2021-12-16,Chelsea,Everton,1,1,D,23,5,10,3,11,11,7,1,2,3.0,0,0.0,2021,H,,,1,0.0,0.0,0.0,0,2,1.3333333333333333,1.8909090909090909,1.4181818181818182,1.9761904761904763,-0.9761904761904763,-3.0532034632034635,158.05568438798392
2021-12-19,Chelsea,Wolverhampton Wanderers,0,0,D,4,8,1,1,9,7,4,9,2,,0,,2021,A,0.0,0.0,1,0.0,0.0,0.0,1,2,1.6666666666666667,1.875,1.25,1.9761904761904763,-0.9761904761904763,-2.2279761904761908,155.82770819750772
2021-12-26,Chelsea,Aston Villa,3,1,A,8,10,1,4,8,11,2,5,1,,0,,2021,A,3.0,0.0,3,0.0,0.0,0.0,0,1,1.6666666666666667,1.894736842105263,1.375,1.9761904761904763,1.0238095238095237,2.2032738095238096,158.03098200703155
2021-12-29,Chelsea,Brighton and Hove Albion,1,1,D,11,18,5,6,14,7,10,8,4,1.0,0,0.0,2021,H,,,1,0.0,0.0,0.0,0,4,1.6666666666666667,1.8793103448275863,1.1607142857142858,1.9761904761904763,-0.9761904761904763,-3.5145833333333334,154.5163986736982
2022-01-02,Chelsea,Liverpool,2,2,D,15,10,6,6,5,13,6,7,1,2.0,0,0.0,2022,H,,,1,0.0,0.0,0.0,0,1,1.6666666666666667,1.8644067796610169,1.913793103448276,1.696969696969697,-0.696969696969697,-2.179493207941484,152.33690546575673
2022-01-15,Chelsea,Manchester City,0,1,H,11,4,6,1,11,6,9,1,2,,0,,2022,A,0.0,0.0,0,0.0,0.0,0.0,0,2,0.6666666666666666,1.8333333333333333,2.3666666666666667,1.696969696969697,-1.696969696969697,-4.997424242424243,147.33948122333248
2022-01-18,Chelsea,Brighton and Hove Albion,1,1,D,10,15,2,3,8,5,5,7,2,,0,,2022,A,1.0,0.0,1,0.0,0.0,0.0,0,2,0.6666666666666666,1.819672131147541,1.1864406779661016,1.696969696969697,-0.696969696969697,-2.320390344119158,145.0190908792133
2022-01-23,Chelsea,Tottenham Hotspur,2,0,H,15,6,7,3,17,14,10,3,2,1.0,0,0.0,2022,H,,,3,0.0,0.0,0.0,1,2,1.3333333333333333,1.8387096774193548,1.6896551724137931,1.696969696969697,1.303030303030303,3.404127481713689,148.42321836092702
2022-02-19,Chelsea,Crystal Palace,1,0,A,7,9,0,3,4,20,4,4,3,,0,,2022,A,1.0,0.0,3,0.0,0.0,0.0,1,3,2.3333333333333335,1.8571428571428572,1.1111111111111112,1.696969696969697,1.303030303030303,3.240909090909091,151.6641274518361
2022-03-05,Chelsea,Burnley,4,0,A,6,11,1,5,12,7,5,2,0,,0,,2022,A,2.0,0.0,3,0.0,0.0,0.0,1,0,3.0,1.875,0.9375,1.696969696969697,1.303030303030303,4.016950757575757,155.68107820941185
2022-03-10,Chelsea,Norwich City,3,1,A,9,15,3,7,8,15,3,8,2,,0,,2022,A,0.0,0.0,3,0.0,0.0,0.0,0,2,3.0,1.892307692307692,0.6071428571428571,1.696969696969697,1.303030303030303,2.766504329004329,158.44758253841619
2022-03-13,Chelsea,Newcastle United,1,0,H,8,7,3,2,17,16,7,2,4,3.0,0,0.0,2022,H,,,3,0.0,0.0,0.0,1,4,3.0,1.9090909090909092,1.1515151515151516,1.696969696969697,1.303030303030303,2.984848484848485,161.43243102326468
2022-04-02,Chelsea,Brentford,1,4,A,21,17,8,6,11,7,12,7,0,0.0,0,0.0,2022,H,,,0,0.0,0.0,0.0,0,0,2.0,1.8805970149253732,1.064516129032258,1.696969696969697,-1.696969696969697,-4.302101661779082,157.1303293614856
2022-04-09,Chelsea,Southampton,6,0,A,4,24,1,14,11,10,3,3,0,,0,,2022,A,1.0,0.0,3,0.0,0.0,0.0,1,0,2.0,1.8970588235294117,1.144927536231884,1.696969696969697,1.303030303030303,3.985836627140975,161.11616598862656
2022-04-20,Chelsea,Arsenal,2,4,A,11,14,2,4,7,6,6,1,3,1.0,0,0.0,2022,H,,,0,0.0,0.0,0.0,0,3,1.0,1.8695652173913044,1.6857142857142855,1.696969696969697,-1.696969696969697,-5.145281385281385,155.97088460334518
2022-04-24,Chelsea,West Ham United,1,0,H,26,6,5,2,11,9,3,1,1,0.0,0,1.0,2022,H,,,3,0.0,0.0,0.0,1,1,2.0,1.8857142857142857,1.625,1.696969696969697,1.303030303030303,3.663825757575758,159.63471036092093
2022-04-28,Chelsea,Manchester United,1,1,D,6,21,3,6,9,12,2,9,1,,0,,2022,A,0.0,0.0,1,0.0,0.0,0.0,0,1,1.3333333333333333,1.8732394366197185,1.7671232876712328,1.696969696969697,-0.696969696969697,-2.1574927355749276,157.47721762534601
2022-05-01,Chelsea,Everton,0,1,H,9,17,4,5,9,12,3,8,5,,0,,2022,A,3.0,0.0,0,0.0,0.0,0.0,0,5,1.3333333333333333,1.8472222222222223,1.2816901408450705,1.696969696969697,-1.696969696969697,-5.584677763551003,151.892539861795
2022-05-07,Chelsea,Wolverhampton Wanderers,2,2,D,19,14,6,4,7,11,9,3,1,3.0,0,0.0,2022,H,,,1,0.0,0.0,0.0,0,1,0.6666666666666666,1.8356164383561644,1.3013698630136987,1.696969696969697,-0.696969696969697,-2.0876297218762976,149.80491013991872
2022-05-11,Chelsea,Leeds United,3,0,A,5,17,0,4,10,14,1,5,0,,0,,2022,A,1.0,1.0,3,0.0,0.0,0.0,1,0,1.3333333333333333,1.851351351351351,1.2567567567567568,1.696969696969697,1.303030303030303,3.9690622440622443,153.77397238398095
2022-05-19,Chelsea,Leicester City,1,1,D,20,2,7,1,13,7,6,0,4,1.0,0,0.0,2022,H,,,1,0.0,0.0,0.0,0,4,1.6666666666666667,1.84,1.5333333333333334,1.696969696969697,-0.696969696969697,-2.8724242424242425,150.9015481415567
2022-05-22,Chelsea,Watford,2,1,H,19,8,8,3,9,9,3,3,0,0.0,0,0.0,2022,H,,,3,0.0,0.0,0.0,0,0,2.3333333333333335,1.855263157894737,0.6052631578947368,1.696969696969697,1.303030303030303,3.266786283891547,154.16833442544825
2022-08-06,Chelsea,Everton,1,0,A,8,15,4,6,14,11,4,16,2,,0,,2022,A,3.0,0.0,3,0.0,0.0,0.0,1,2,2.3333333333333335,1.87012987012987,1.2727272727272727,1.696969696969697,1.303030303030303,3.466666666666667,157.63500109211492
2022-08-14,Chelsea,Tottenham Hotspur,2,2,D,16,10,3,5,9,9,8,5,3,0.0,0,0.0,2022,H,,,1,0.0,0.0,0.0,0,3,2.3333333333333335,1.858974358974359,1.7564102564102564,1.696969696969697,-0.696969696969697,-2.655885780885781,154.97911531122915
2022-08-21,Chelsea,Leeds United,0,3,H,12,14,6,3,16,15,4,6,1,,1,,2022,A,0.0,0.0,0,0.0,0.0,0.0,0,3,1.3333333333333333,1.8354430379746836,1.3164556962025316,1.696969696969697,-1.696969696969697,-5.0898925968546225,149.8892227143745
2022-08-27,Chelsea,Leicester City,2,1,H,7,17,3,5,10,7,3,11,1,2.0,1,0.0,2022,H,,,3,0.0,0.0,0.0,0,3,1.3333333333333333,1.85,1.4875,1.696969696969697,1.303030303030303,2.3844507575757574,152.27367347195027
2022-08-30,Chelsea,Southampton,1,2,H,9,10,7,4,15,10,5,3,1,,0,,2022,A,2.0,0.0,0,0.0,0.0,0.0,0,1,1.0,1.8271604938271604,1.1111111111111112,1.696969696969697,-1.696969696969697,-4.5590909090909095,147.71458256285936
2022-09-03,Chelsea,West Ham United,2,1,H,8,6,3,3,6,11,10,3,4,2.0,0,0.0,2022,H,,,3,0.0,0.0,0.0,0,4,2.0,1.8414634146341464,1.524390243902439,1.696969696969697,1.303030303030303,2.1289172209903917,149.84349978384975
2022-10-01,Chelsea,Crystal Palace,2,1,A,7,13,3,3,11,13,5,2,3,,0,,2022,A,1.0,0.0,3,0.0,0.0,0.0,0,3,2.0,1.855421686746988,1.180722891566265,1.696969696969697,1.303030303030303,2.430467323840818,152.27396710769057
2022-10-08,Chelsea,Wolverhampton Wanderers,3,0,H,20,8,7,2,8,8,4,2,2,0.0,0,0.0,2022,H,,,3,0.0,0.0,0.0,1,2,3.0,1.869047619047619,1.2,1.696969696969697,1.303030303030303,3.4775757575757575,155.75154286526634
2022-10-16,Chelsea,Aston Villa,2,0,A,18,8,7,4,12,11,7,1,3,,0,,2022,A,0.0,0.0,3,0.0,0.0,0.0,1,3,3.0,1.8823529411764703,1.2674418604651163,1.696969696969697,1.303030303030303,3.2174594785059902,158.96900234377233
2022-10-19,Chelsea,Brentford,0,0,D,8,14,5,5,7,7,6,2,0,,0,,2022,A,0.0,0.0,1,0.0,0.0,0.0,1,0,2.3333333333333335,1.872093023255814,1.2244897959183674,1.696969696969697,-0.696969696969697,-1.0260977118119976,157.94290463196032
2022-10-22,Chelsea,Manchester United,1,1,D,6,13,2,6,8,10,6,4,1,4.0,0,0.0,2022,H,,,1,0.0,0.0,0.0,0,1,1.6666666666666667,1.862068965517241,1.7471264367816093,1.696969696969697,-0.696969696969697,-2.154493207941484,155.78841142401885
2022-10-29,Chelsea,Brighton and Hove Albion,1,4,H,19,15,9,7,16,6,8,7,2,,0,,2022,A,1.0,0.0,0,0.0,0.0,0.0,0,2,0.6666666666666666,1.8409090909090908,1.25,1.696969696969697,-1.696969696969697,-4.829924242424243,150.9584871815946
2022-11-06,Chelsea,Arsenal,0,1,A,5,14,1,2,20,13,4,6,5,2.0,0,0.0,2022,H,,,0,0.0,0.0,0.0,0,5,0.3333333333333333,1.8202247191011236,1.8426966292134832,1.696969696969697,-1.696969696969697,-5.668828736806265,145.28965844478833
2022-11-12,Chelsea,Newcastle United,0,1,H,10,5,3,2,14,11,5,3,2,,0,,2022,A,3.0,0.0,0,0.0,0.0,0.0,0,2,0.0,1.8,1.362637362637363,1.696969696969697,-1.696969696969697,-4.846819846819847,140.4428385979685
2022-12-27,Chelsea,Bournemouth,2,0,H,15,9,5,4,8,10,6,8,0,0.0,0,0.0,2022,H,,,3,0.0,0.0,0.0,1,0,1.0,1.8131868131868132,1.0,1.696969696969697,1.303030303030303,4.007575757575758,144.45041435554424
2023-01-01,Chelsea,Nottingham Forest,1,1,D,12,7,5,2,16,14,1,2,2,,0,,2023,A,2.0,0.0,1,0.0,0.0,0.0,0,2,1.3333333333333333,1.8043478260869563,0.8235294117647058,1.1162790697674418,-0.11627906976744184,-0.8142270861833105,143.63618726936093
2023-01-05,Chelsea,Manchester City,0,1,A,8,12,2,3,9,9,3,2,2,0.0,0,0.0,2023,H,,,0,0.0,0.0,0.0,0,2,1.3333333333333333,1.7849462365591398,2.3440860215053765,1.1162790697674418,-1.1162790697674418,-3.542310577644411,140.09387669171653
2023-01-12,Chelsea,Fulham,1,2,H,8,20,3,10,12,16,5,7,3,,1,,2023,A,4.0,0.0,0,0.0,0.0,0.0,0,5,0.3333333333333333,1.7659574468085106,1.0350877192982455,1.1162790697674418,-1.1162790697674418,-4.095960832313342,135.99791585940318
2023-01-15,Chelsea,Crystal Palace,1,0,H,15,10,5,5,10,17,11,7,2,5.0,0,0.0,2023,H,,,3,0.0,0.0,0.0,1,2,1.0,1.7789473684210526,1.2127659574468086,1.1162790697674418,1.8837209302325582,4.927387431964374,140.92530329136756
2023-01-21,Chelsea,Liverpool,0,0,D,15,11,3,2,16,9,5,5,1,,0,,2023,A,3.0,0.0,1,0.0,0.0,0.0,1,1,1.3333333333333333,1.7708333333333333,2.0,1.1162790697674418,-0.11627906976744184,0.05930232558139545,140.98460561694895
2023-02-03,Chelsea,Fulham,0,0,D,12,10,3,4,16,12,6,2,1,4.0,0,0.0,2023,H,,,1,0.0,0.0,0.0,1,1,1.6666666666666667,1.7628865979381445,1.0,1.1162790697674418,-0.11627906976744184,0.20930232558139544,141.19390794253036
2023-02-11,Chelsea,West Ham United,1,1,D,10,12,2,4,9,11,5,6,1,,0,,2023,A,1.0,0.0,1,0.0,0.0,0.0,0,1,1.0,1.7551020408163265,1.4387755102040816,1.1162790697674418,-0.11627906976744184,-0.6565140009492169,140.53739394158112
2023-02-18,Chelsea,Southampton,0,1,A,17,8,5,5,16,24,8,2,3,6.0,0,0.0,2023,H,,,0,0.0,0.0,0.0,0,3,0.6666666666666666,1.7373737373737377,1.02020202020202,1.1162790697674418,-1.1162790697674418,-3.5937279774489075,136.9436659641322
2023-02-26,Chelsea,Tottenham Hotspur,0,2,H,8,10,3,2,10,10,4,4,3,,0,,2023,A,2.0,0.0,0,0.0,0.0,0.0,0,3,0.3333333333333333,1.72,1.7623762376237624,1.1162790697674418,-1.1162790697674418,-3.7050541100621692,133.23861185407006
2023-03-04,Chelsea,Leeds United,1,0,H,13,11,3,2,10,7,5,7,2,0.0,0,0.0,2023,H,,,3,0.0,0.0,0.0,1,2,1.0,1.7326732673267329,1.1782178217821782,1.1162790697674418,1.8837209302325582,4.9325696523140685,138.17118150638413
2023-03-11,Chelsea,Leicester City,3,1,A,17,12,7,6,10,11,2,5,2,,0,,2023,A,1.0,1.0,3,0.0,0.0,0.0,0,2,2.0,1.7450980392156863,1.392156862745098,1.1162790697674418,1.8837209302325582,4.1004787961696305,142.27166030255376
2023-03-18,Chelsea,Everton,2,2,D,20,12,7,3,8,12,8,2,2,2.0,0,0.0,2023,H,,,1,0.0,0.0,0.0,0,2,2.3333333333333335,1.7378640776699028,1.1923076923076923,1.1162790697674418,-0.11627906976744184,-0.8695438282647585,141.402116474289
2023-04-01,Chelsea,Aston Villa,0,2,A,27,5,8,2,14,16,13,2,3,3.0,0,0.0,2023,H,,,0,0.0,0.0,0.0,0,3,1.3333333333333333,1.7211538461538465,1.3557692307692308,1.1162790697674418,-1.1162790697674418,-3.6440630590339893,137.758053415255
2023-04-04,Chelsea,Liverpool,0,0,D,12,7,3,4,6,17,3,5,1,4.0,0,0.0,2023,H,,,1,0.0,0.0,0.0,1,1,0.6666666666666666,1.7142857142857142,1.9615384615384617,1.1162790697674418,-0.11627906976744184,0.0650715563506262,137.82312497160564
2023-04-08,Chelsea,Wolverhampton Wanderers,0,1,H,9,13,4,1,14,10,8,8,5,,0,,2023,A,2.0,0.0,0,0.0,0.0,0.0,0,5,0.3333333333333333,1.69811320754717,1.19811320754717,1.1162790697674418,-1.1162790697674418,-4.12041465555068,133.70271031605495
2023-04-15,Chelsea,Brighton and Hove Albion,1,2,A,8,26,2,10,11,11,2,8,2,2.0,0,0.0,2023,H,,,0,0.0,0.0,0.0,0,2,0.3333333333333333,1.6822429906542056,1.3428571428571427,1.1162790697674418,-1.1162790697674418,-3.392126245847176,130.31058407020777
2023-04-26,Chelsea,Brentford,0,2,A,15,7,4,1,5,13,5,2,1,2.0,0,0.0,2023,H,,,0,0.0,0.0,0.0,0,1,0.0,1.6666666666666667,1.3098591549295775,1.1162790697674418,-1.1162790697674418,-3.1371765476580413,127.17340752254974
2023-05-02,Chelsea,Arsenal,1,3,H,16,7,10,4,10,10,7,2,2,,0,,2023,A,0.0,0.0,0,0.0,0.0,0.0,0,2,0.0,1.651376146788991,1.8909090909090909,1.1162790697674418,-1.1162790697674418,-3.4743340380549683,123.69907348449476
2023-05-06,Chelsea,Bournemouth,3,1,A,10,11,4,5,9,11,7,7,3,,0,,2023,A,1.0,0.0,3,0.0,0.0,0.0,0,3,1.0,1.6636363636363636,1.1142857142857143,1.1162790697674418,1.8837209302325582,3.8921594684385385,127.5912329529333
2023-05-13,Chelsea,Nottingham Forest,2,2,D,14,11,6,2,13,15,2,5,3,1.0,0,0.0,2023,H,,,1,0.0,0.0,0.0,0,3,1.3333333333333333,1.6576576576576576,0.9444444444444444,1.1162790697674418,-0.11627906976744184,-1.0823643410852712,126.50886861184803
2023-05-21,Chelsea,Manchester City,0,1,H,15,13,2,6,12,9,5,2,2,,0,,2023,A,0.0,0.0,0,0.0,0.0,0.0,0,2,1.3333333333333333,1.6428571428571428,2.3839285714285716,1.1162790697674418,-1.1162790697674418,-3.54828696013289,122.96058165171513
2023-05-25,Chelsea,Manchester United,1,4,H,18,14,9,5,12,6,3,4,1,,0,,2023,A,1.0,0.0,0,0.0,0.0,0.0,0,1,0.3333333333333333,1.6283185840707963,1.8053097345132745,1.1162790697674418,-1.1162790697674418,-3.2114941345955956,119.74908751711953
2023-05-28,Chelsea,Newcastle United,1,1,D,22,13,5,4,9,11,10,3,0,0.0,0,0.0,2023,H,,,1,0.0,0.0,0.0,0,0,0.3333333333333333,1.6228070175438596,1.4473684210526316,1.1162790697674418,-0.11627906976744184,-0.40780293757649944,119.34128457954304
2023-08-13,Chelsea,Liverpool,1,1,D,10,13,4,1,5,12,4,4,3,3.0,0,0.0,2023,H,,,1,0.0,0.0,0.0,0,3,0.6666666666666666,1.617391304347826,1.991304347826087,1.1162790697674418,-0.11627906976744184,-1.2393933265925177,118.10189125295052
2023-08-20,Chelsea,West Ham United,1,3,H,12,17,6,4,12,9,3,9,3,,0,,2023,A,2.0,1.0,0,0.0,0.0,0.0,0,3,0.6666666666666666,1.603448275862069,1.4224137931034482,1.1162790697674418,-1.1162790697674418,-3.654059743384122,114.4478315095664
2023-08-25,Chelsea,Luton Town,3,0,H,19,11,8,1,15,12,6,4,2,3.0,0,0.0,2023,H,,,3,0.0,0.0,0.0,1,2,1.3333333333333333,1.6153846153846154,0.0,1.1162790697674418,1.8837209302325582,5.109302325581395,119.5571338351478
2023-09-02,Chelsea,Nottingham Forest,0,1,A,21,7,2,3,10,9,8,0,3,4.0,0,0.0,2023,H,,,0,0.0,0.0,0.0,0,3,1.0,1.6016949152542372,1.0476190476190477,1.1162790697674418,-1.1162790697674418,-3.5978405315614617,115.95929330358634
2023-09-17,Chelsea,Bournemouth,0,0,D,13,14,4,6,15,20,1,7,5,,0,,2023,A,1.0,0.0,1,0.0,0.0,0.0,1,5,1.3333333333333333,1.596638655462185,0.9767441860465116,1.1162790697674418,-0.11627906976744184,-0.7872093023255813,115.17208400126076
2023-09-24,Chelsea,Aston Villa,0,1,A,10,15,4,7,9,11,5,11,2,3.0,0,0.0,2023,H,,,0,0.0,0.0,0.0,0,2,0.3333333333333333,1.5833333333333333,1.4416666666666669,1.1162790697674418,-1.1162790697674418,-3.4069476744186047,111.76513632684215
2023-10-02,Chelsea,Fulham,2,0,A,10,11,3,4,15,12,8,1,4,,0,,2023,A,1.0,0.0,3,0.0,0.0,0.0,1,4,1.3333333333333333,1.5950413223140496,1.0602409638554218,1.1162790697674418,1.8837209302325582,4.450266181003082,116.21540250784523
2023-10-07,Chelsea,Burnley,4,1,A,10,9,3,5,11,8,7,3,4,,0,,2023,A,2.0,0.0,3,0.0,0.0,0.0,0,4,2.0,1.6065573770491803,0.9285714285714286,1.1162790697674418,1.8837209302325582,3.6700166112956816,119.88541911914092
2023-10-21,Chelsea,Arsenal,2,2,D,11,13,5,3,7,14,2,7,3,3.0,0,0.0,2023,H,,,1,0.0,0.0,0.0,0,3,2.3333333333333335,1.6016260162601623,1.910569105691057,1.1162790697674418,-0.11627906976744184,-1.2272830402722632,118.65813607886865
2023-10-28,Chelsea,Brentford,0,2,A,17,7,2,5,12,7,10,1,1,4.0,0,0.0,2023,H,,,0,0.0,0.0,0.0,0,1,1.3333333333333333,1.5887096774193548,1.372093023255814,1.1162790697674418,-1.1162790697674418,-3.146511627906977,115.51162445096168
2023-11-06,Chelsea,Tottenham Hotspur,4,1,A,8,17,5,8,12,21,1,6,5,,0,,2023,A,1.0,2.0,3,0.0,0.0,0.0,0,5,1.3333333333333333,1.6,1.752,1.1162790697674418,1.8837209302325582,3.296502325581396,118.80812677654308
2023-11-12,Chelsea,Manchester City,4,4,D,17,15,9,10,12,15,3,3,5,3.0,0,0.0,2023,H,,,1,0.0,0.0,0.0,0,5,1.3333333333333333,1.5952380952380951,2.3492063492063493,1.1162790697674418,-0.11627906976744184,-1.793078626799557,117.0150481497435
2023-11-25,Chelsea,Newcastle United,1,4,H,14,7,5,4,13,19,4,2,4,,1,,2023,A,4.0,0.0,0,0.0,0.0,0.0,0,6,1.3333333333333333,1.5826771653543308,1.4803149606299213,1.1162790697674418,-1.1162790697674418,-4.412744918513093,112.60230323123042
2023-12-03,Chelsea,Brighton and Hove Albion,3,2,H,8,18,5,9,16,12,5,8,3,5.0,1,0.0,2023,H,,,3,0.0,0.0,0.0,0,5,1.3333333333333333,1.59375,1.375,1.1162790697674418,1.8837209302325582,3.353052325581396,115.95535555681181
2023-12-06,Chelsea,Manchester United,1,2,H,28,13,9,3,12,12,12,4,0,,0,,2023,A,4.0,0.0,0,0.0,0.0,0.0,0,0,1.0,1.5813953488372092,1.813953488372093,1.1162790697674418,-1.1162790697674418,-2.9627906976744187,112.99256485913739
2023-12-10,Chelsea,Everton,0,2,H,9,16,5,4,12,12,4,8,2,,0,,2023,A,2.0,0.0,0,0.0,0.0,0.0,0,2,1.0,1.5692307692307692,1.2076923076923076,1.1162790697674418,-1.1162790697674418,-3.371851520572451,109.62071333856494
2023-12-16,Chelsea,Sheffield United,2,0,H,15,6,6,1,9,14,7,6,1,3.0,0,0.0,2023,H,,,3,0.0,0.0,0.0,1,1,1.0,1.5801526717557253,0.5636363636363636,1.1162790697674418,1.8837209302325582,5.27475687103594,114.89547020960089
2023-12-24,Chelsea,Wolverhampton Wanderers,1,2,H,14,16,6,5,11,9,10,6,5,,0,,2023,A,3.0,0.0,0,0.0,0.0,0.0,0,5,1.0,1.568181818181818,1.2045454545454546,1.1162790697674418,-1.1162790697674418,-4.121379492600423,110.77409071700046
2023-12-27,Chelsea,Crystal Palace,2,1,H,9,13,4,5,13,16,4,3,3,2.0,0,0.0,2023,H,,,3,0.0,0.0,0.0,0,3,2.0,1.5789473684210529,1.1654135338345866,1.1162790697674418,1.8837209302325582,3.884490295506208,114.65858101250667
2023-12-30,Chelsea,Luton Town,3,2,A,15,12,6,8,14,21,7,2,2,,0,,2023,A,2.0,0.0,3,0.0,0.0,0.0,0,2,2.0,1.5895522388059702,0.7894736842105263,1.1162790697674418,1.8837209302325582,4.190881272949817,118.8494622854565
2024-01-13,Chelsea,Fulham,1,0,H,17,14,3,4,13,9,6,4,5,1.0,0,0.0,2024,H,,,3,0.0,0.0,0.0,1,5,3.0,1.6,1.0721649484536082,1.8918918918918919,1.1081081081081081,2.259445528002229,121.10890781345873
2024-01-31,Chelsea,Liverpool,1,4,H,28,4,13,3,15,16,8,1,4,,0,,2024,A,2.0,0.0,0,0.0,0.0,0.0,0,4,2.0,1.588235294117647,2.051470588235294,1.8918918918918919,-1.8918918918918919,-5.937450317965024,115.1714574954937
2024-02-04,Chelsea,Wolverhampton Wanderers,2,4,A,15,14,6,7,15,11,10,1,3,2.0,0,0.0,2024,H,,,0,0.0,0.0,0.0,0,3,1.0,1.5766423357664234,1.2335766423357664,1.8918918918918919,-1.8918918918918919,-5.564766226080095,109.6066912694136
2024-02-12,Chelsea,Crystal Palace,3,1,A,13,14,4,5,14,7,1,7,2,,0,,2024,A,2.0,0.0,3,0.0,0.0,0.0,0,2,1.0,1.5869565217391304,1.1666666666666667,1.8918918918918919,1.1081081081081081,2.1952702702702704,111.80196153968387
2024-02-17,Chelsea,Manchester City,1,1,D,31,9,5,6,7,12,12,1,3,,0,,2024,A,1.0,0.0,1,0.0,0.0,0.0,0,3,1.3333333333333333,1.5827338129496402,2.3260869565217392,1.8918918918918919,-0.8918918918918919,-3.2286427732079908,108.57331876647588
2024-03-02,Chelsea,Brentford,2,2,D,14,17,5,6,10,9,0,6,1,,0,,2024,A,3.0,0.0,1,0.0,0.0,0.0,0,1,1.6666666666666667,1.5785714285714283,1.2718446601941749,1.8918918918918919,-0.8918918918918919,-2.570506428758856,106.00281233771702
2024-03-11,Chelsea,Newcastle United,3,2,H,12,11,8,3,12,7,0,4,3,1.0,0,0.0,2024,H,,,3,0.0,0.0,0.0,0,3,1.6666666666666667,1.5886524822695036,1.443661971830986,1.8918918918918919,1.1081081081081081,1.9037209744956223,107.90653331221264
2024-03-30,Chelsea,Burnley,2,2,D,33,18,13,7,12,7,12,4,2,2.0,0,1.0,2024,H,,,1,0.0,0.0,0.0,0,2,1.6666666666666667,1.5845070422535212,0.8679245283018868,1.8918918918918919,-0.8918918918918919,-2.759918408975013,105.14661490323763
2024-04-04,Chelsea,Manchester United,4,3,H,28,19,10,5,7,15,12,3,3,0.0,0,0.0,2024,H,,,3,0.0,0.0,0.0,0,3,2.3333333333333335,1.5944055944055944,1.7708333333333333,1.8918918918918919,1.1081081081081081,1.8546452702702703,107.0012601735079
2024-04-07,Chelsea,Sheffield United,2,2,D,11,6,6,3,12,10,7,6,2,,0,,2024,A,4.0,0.0,1,0.0,0.0,0.0,0,2,1.6666666666666667,1.5902777777777777,0.5652173913043478,1.8918918918918919,-0.8918918918918919,-2.714512338425382,104.28674783508252
2024-04-15,Chelsea,Everton,6,0,H,14,10,10,2,5,21,4,8,1,4.0,0,0.0,2024,H,,,3,0.0,0.0,0.0,1,1,2.3333333333333335,1.6,1.1575342465753424,1.8918918918918919,1.1081081081081081,3.2466401332839685,107.5333879683665
2024-04-23,Chelsea,Arsenal,0,5,H,27,7,10,1,12,11,4,2,2,,0,,2024,A,2.0,0.0,0,0.0,0.0,0.0,0,2,1.3333333333333333,1.5890410958904109,1.966216216216216,1.8918918918918919,-1.8918918918918919,-5.4246621621621625,102.10872580620432
2024-04-27,Chelsea,Aston Villa,2,2,D,9,21,4,5,13,14,2,4,5,,0,,2024,A,3.0,0.0,1,0.0,0.0,0.0,0,5,1.3333333333333333,1.5850340136054422,1.5302013422818792,1.8918918918918919,-0.8918918918918919,-3.6092599310720117,98.49946587513232
2024-05-02,Chelsea,Tottenham Hotspur,2,0,H,16,19,5,3,12,16,4,9,0,1.0,0,0.0,2024,H,,,3,0.0,0.0,0.0,1,0,1.3333333333333333,1.5945945945945943,1.7094594594594594,1.8918918918918919,1.1081081081081081,3.4138513513513513,101.91331722648367
2024-05-05,Chelsea,West Ham United,5,0,H,25,13,14,2,12,10,8,6,1,3.0,0,0.0,2024,H,,,3,0.0,0.0,0.0,1,1,2.3333333333333335,1.604026845637584,1.4,1.8918918918918919,1.1081081081081081,3.21027027027027,105.12358749675394
2024-05-11,Chelsea,Nottingham Forest,3,2,A,20,12,4,5,14,8,5,6,3,,0,,2024,A,2.0,0.0,3,0.0,0.0,0.0,0,3,3.0,1.6133333333333333,0.9466666666666668,1.8918918918918919,1.1081081081081081,1.9782702702702704,107.10185776702421
2024-05-15,Chelsea,Brighton and Hove Albion,2,1,A,12,13,2,6,13,14,4,6,2,,1,,2024,A,2.0,0.0,3,0.0,0.0,0.0,0,4,3.0,1.6225165562913908,1.3377483443708609,1.8918918918918919,1.1081081081081081,1.6696080186146411,108.77146578563885
2024-05-19,Chelsea,Bournemouth,2,1,H,16,22,6,5,5,9,6,5,2,3.0,0,0.0,2024,H,,,3,0.0,0.0,0.0,0,2,3.0,1.631578947368421,1.144736842105263,1.8918918918918919,1.1081081081081081,2.1985597439544806,110.97002552959333
2024-08-18,Chelsea,Manchester City,0,2,A,10,11,3,5,12,9,4,3,1,1.0,0,0.0,2024,H,,,0,0.0,0.0,0.0,0,1,2.0,1.6209150326797386,2.366013071895425,1.8918918918918919,-1.8918918918918919,-5.2346316905140435,105.7353938390793
2024-08-25,Chelsea,Wolverhampton Wanderers,6,2,A,12,14,4,8,13,13,5,5,3,,0,,2024,A,2.0,0.0,3,0.0,0.0,0.0,0,3,2.0,1.62987012987013,1.1883116883116882,1.8918918918918919,1.1081081081081081,1.942023517023517,107.67741735610281
2024-09-01,Chelsea,Crystal Palace,1,1,D,13,9,7,3,9,13,4,5,4,2.0,0,0.0,2024,H,,,1,0.0,0.0,0.0,0,4,1.3333333333333333,1.6258064516129032,1.206451612903226,1.8918918918918919,-0.8918918918918919,-3.3106974716652138,104.3667198844376
2024-09-14,Chelsea,Bournemouth,1,0,A,19,10,7,3,16,9,6,3,8,,0,,2024,A,6.0,0.0,3,0.0,0.0,0.0,1,8,2.3333333333333335,1.6346153846153846,1.15,1.8918918918918919,1.1081081081081081,1.4977702702702702,105.86449015470787
2024-09-21,Chelsea,West Ham United,3,0,A,15,12,7,5,17,9,6,5,2,,0,,2024,A,5.0,0.0,3,0.0,0.0,0.0,1,2,2.3333333333333335,1.643312101910828,1.382165605095541,1.8918918918918919,1.1081081081081081,2.9629454295059388,108.8274355842138
2024-09-28,Chelsea,Brighton and Hove Albion,4,2,H,15,15,7,5,11,8,8,2,3,2.0,0,0.0,2024,H,,,3,0.0,0.0,0.0,0,3,3.0,1.6518987341772151,1.3354430379746836,1.8918918918918919,1.1081081081081081,1.9199538145740678,110.74738939878787
2024-10-06,Chelsea,Nottingham Forest,1,1,D,22,16,8,9,12,11,11,3,6,2.0,0,1.0,2024,H,,,1,0.0,0.0,0.0,0,6,2.3333333333333335,1.6477987421383649,1.0120481927710845,1.8918918918918919,-0.8918918918918919,-3.7815369586453924,106.96585244014247
2024-10-20,Chelsea,Liverpool,1,2,H,9,12,5,2,12,13,1,6,3,,0,,2024,A,4.0,0.0,0,0.0,0.0,0.0,0,3,1.3333333333333333,1.6375,2.06875,1.8918918918918919,-1.8918918918918919,-5.69004222972973,101.27581021041274
2024-10-27,Chelsea,Newcastle United,2,1,H,17,11,7,3,13,16,7,4,6,3.0,0,0.0,2024,H,,,3,0.0,0.0,0.0,0,6,1.3333333333333333,1.6459627329192548,1.4720496894409938,1.8918918918918919,1.1081081081081081,1.1494628168541212,102.42527302726685
2024-11-03,Chelsea,Manchester United,1,1,D,11,12,4,3,19,14,4,8,2,,0,,2024,A,6.0,0.0,1,0.0,0.0,0.0,0,2,1.3333333333333333,1.6419753086419753,1.7222222222222223,1.8918918918918919,-0.8918918918918919,-2.888063063063063,99.5372099642038
2024-11-10,Chelsea,Arsenal,1,1,D,17,13,3,3,12,12,4,3,4,2.0,0,0.0,2024,H,,,1,0.0,0.0,0.0,0,4,1.6666666666666667,1.638036809815951,1.9754601226993864,1.8918918918918919,-0.8918918918918919,-3.4260487481346376,96.11116121606916
2024-11-23,Chelsea,Leicester City,2,1,A,4,16,1,7,15,12,2,9,3,,0,,2024,A,4.0,0.0,3,0.0,0.0,0.0,0,3,1.6666666666666667,1.646341463414634,1.2857142857142858,1.8918918918918919,1.1081081081081081,1.9274131274131274,98.03857434348228
2024-12-01,Chelsea,Aston Villa,3,0,H,17,10,8,4,21,6,3,4,2,2.0,0,0.0,2024,H,,,3,0.0,0.0,0.0,1,2,2.3333333333333335,1.6545454545454543,1.503030303030303,1.8918918918918919,1.1081081081081081,2.9448157248157245,100.98339006829801
2024-12-04,Chelsea,Southampton,5,1,A,6,26,4,13,7,14,5,7,0,,0,,2024,A,1.0,1.0,3,0.0,0.0,0.0,0,0,3.0,1.6626506024096386,0.8828125,1.8918918918918919,1.1081081081081081,2.7378483952702704,103.72123846356828
2024-12-08,Chelsea,Tottenham Hotspur,4,3,A,13,17,5,8,17,11,5,10,2,,0,,2024,A,2.0,0.0,3,0.0,0.0,0.0,0,2,3.0,1.6706586826347305,1.6706586826347305,1.8918918918918919,1.1081081081081081,2.1196714678750608,105.84090993144335
2024-12-15,Chelsea,Brentford,2,1,H,26,9,8,4,11,7,8,5,0,2.0,1,0.0,2024,H,,,3,0.0,0.0,0.0,0,2,3.0,1.6785714285714286,1.2846153846153847,1.8918918918918919,1.1081081081081081,2.1775779625779625,108.0184878940213
2024-12-22,Chelsea,Everton,0,0,D,5,12,4,5,20,12,2,5,1,,0,,2024,A,4.0,0.0,1,0.0,0.0,0.0,1,1,2.3333333333333335,1.6745562130177514,1.1785714285714286,1.8918918918918919,-0.8918918918918919,-1.756515444015444,106.26197245000586
2024-12-26,Chelsea,Fulham,1,2,A,12,14,8,7,13,13,3,1,1,3.0,0,0.0,2024,H,,,0,0.0,0.0,0.0,0,1,1.3333333333333333,1.6647058823529413,1.1742424242424243,1.8918918918918919,-1.8918918918918919,-5.0558660933660935,101.20610635663976
2024-12-30,Chelsea,Ipswich Town,0,2,H,9,20,6,5,9,5,4,7,4,,0,,2024,A,4.0,0.0,0,0.0,0.0,0.0,0,4,0.3333333333333333,1.654970760233918,0.7894736842105263,1.8918918918918919,-1.8918918918918919,-5.748150782361309,95.45795557427846
2025-01-04,Chelsea,Crystal Palace,1,1,D,13,15,6,1,9,12,6,6,2,,0,,2025,A,0.0,0.0,1,0.0,0.0,0.0,0,2,0.3333333333333333,1.6511627906976745,1.2034883720930232,1.8,-0.8,-2.5805232558139535,92.8774323184645
2025-01-14,Chelsea,Bournemouth,2,2,D,26,7,10,3,15,16,9,3,2,3.0,0,0.0,2025,H,,,1,0.0,0.0,0.0,0,2,0.6666666666666666,1.6473988439306355,1.2474226804123711,1.8,-0.8,-2.587113402061856,90.29031891640264
2025-01-20,Chelsea,Wolverhampton Wanderers,3,1,H,19,9,7,4,8,14,3,6,4,2.0,0,0.0,2025,H,,,3,0.0,0.0,0.0,0,4,1.6666666666666667,1.6551724137931034,1.1436781609195403,1.8,1.2,1.9284482758620691,92.2187671922647
2025-01-25,Chelsea,Manchester City,1,3,H,15,10,6,4,6,8,2,4,2,,0,,2025,A,3.0,0.0,0,0.0,0.0,0.0,0,2,1.3333333333333333,1.6457142857142857,2.2857142857142856,1.8,-1.8,-5.242857142857143,86.97591004940756
2025-02-03,Chelsea,West Ham United,2,1,H,22,14,3,5,11,10,4,3,3,1.0,0,0.0,2025,H,,,3,0.0,0.0,0.0,0,3,2.0,1.6534090909090908,1.3636363636363635,1.8,1.2,2.1454545454545455,89.1213645948621
2025-02-14,Chelsea,Brighton and Hove Albion,0,3,H,13,8,5,0,12,15,2,9,2,,0,,2025,A,1.0,0.0,0,0.0,0.0,0.0,0,2,1.0,1.6440677966101696,1.3502824858757063,1.8,-1.8,-5.102542372881357,84.01882222198074
2025-02-22,Chelsea,Aston Villa,1,2,H,12,15,6,7,15,16,2,3,3,,0,,2025,A,1.0,0.0,0,0.0,0.0,0.0,0,3,1.0,1.6348314606741574,1.5139664804469273,1.8,-1.8,-5.37709497206704,78.6417272499137
2025-02-25,Chelsea,Southampton,4,0,H,19,7,10,2,6,9,4,2,1,2.0,0,0.0,2025,H,,,3,0.0,0.0,0.0,1,1,1.0,1.6424581005586592,0.8297872340425532,1.8,1.2,3.525531914893617,82.16725916480732
2025-03-09,Chelsea,Leicester City,1,0,H,20,3,7,3,12,13,12,2,1,0.0,0,0.0,2025,H,,,3,0.0,0.0,0.0,1,1,2.0,1.65,1.1901408450704225,1.8,1.2,3.4714788732394366,85.63873803804675
2025-03-16,Chelsea,Arsenal,0,1,H,12,8,4,2,10,13,5,4,3,,0,,2025,A,3.0,0.0,0,0.0,0.0,0.0,0,3,2.0,1.6408839779005524,1.9944751381215469,1.8,-1.8,-5.4491712707182325,80.18956676732851
2025-04-03,Chelsea,Tottenham Hotspur,1,0,H,11,8,5,2,7,16,4,6,5,5.0,0,0.0,2025,H,,,3,0.0,0.0,0.0,1,5,2.0,1.6483516483516485,1.60989010989011,1.8,1.2,2.4085164835164834,82.598083250845
2025-04-06,Chelsea,Brentford,0,0,D,9,21,2,5,12,12,3,6,3,,0,,2025,A,1.0,0.0,1,0.0,0.0,0.0,1,3,1.3333333333333333,1.644808743169399,1.282758620689655,1.8,-0.8,-2.042413793103448,80.55566945774154
2025-04-13,Chelsea,Ipswich Town,2,2,D,34,13,9,4,11,7,15,4,2,2.0,0,0.0,2025,H,,,1,0.0,0.0,0.0,0,2,1.6666666666666667,1.641304347826087,0.65625,1.8,-0.8,-2.4984375,78.05723195774155
2025-04-20,Chelsea,Fulham,2,1,A,6,13,1,8,13,9,6,4,3,,0,,2025,A,1.0,0.0,3,0.0,0.0,0.0,0,3,1.6666666666666667,1.648648648648649,1.1904761904761905,1.8,1.2,2.1714285714285717,80.22866052917013
2025-04-26,Chelsea,Everton,1,0,H,10,6,7,3,11,11,10,2,0,0.0,0,0.0,2025,H,,,3,0.0,0.0,0.0,1,0,2.3333333333333335,1.6559139784946235,1.1827956989247312,1.8,1.2,3.7225806451612904,83.95124117433141
2025-05-04,Chelsea,Liverpool,3,1,H,17,11,7,2,10,11,3,6,2,2.0,0,0.0,2025,H,,,3,0.0,0.0,0.0,0,2,3.0,1.6631016042780749,2.0962566844919786,1.8,1.2,2.2855614973262033,86.23680267165761
2025-05-11,Chelsea,Newcastle United,0,2,H,15,10,6,3,9,13,2,8,2,,1,,2025,A,4.0,0.0,0,0.0,0.0,0.0,0,4,2.0,1.6542553191489362,1.547872340425532,1.8,-1.8,-5.63218085106383,80.60462182059378
2025-05-16,Chelsea,Manchester United,1,0,H,11,4,3,1,10,14,7,2,1,6.0,0,0.0,2025,H,,,3,0.0,0.0,0.0,1,1,2.0,1.6613756613756614,1.619047619047619,1.8,1.2,3.407142857142857,84.01176467773664
2025-05-25,Chelsea,Nottingham Forest,1,0,A,10,6,2,2,10,11,7,4,2,,0,,2025,A,2.0,0.0,3,0.0,0.0,0.0,1,2,2.0,1.668421052631579,1.219298245614035,1.8,1.2,3.2171052631578947,87.22886994089453
2025-08-17,Chelsea,Crystal Palace,0,0,D,19,12,3,4,10,12,11,2,2,3.0,0,0.0,2025,H,,,1,0.0,0.0,0.0,1,2,2.3333333333333335,1.6649214659685865,1.256544502617801,1.8,-0.8,-1.78848167539267,85.44038826550185
2025-08-22,Chelsea,West Ham United,5,1,A,12,12,4,7,7,10,7,5,1,,0,,2025,A,0.0,0.0,3,0.0,0.0,0.0,0,1,2.3333333333333335,1.671875,1.3333333333333333,1.8,1.2,2.65,88.09038826550186
2025-08-30,Chelsea,Fulham,2,0,H,13,11,6,3,11,17,6,4,2,2.0,0,0.0,2025,H,,,3,0.0,0.0,0.0,1,2,2.3333333333333335,1.6787564766839378,1.1806451612903226,1.8,1.2,3.2229032258064514,91.3132914913083
2025-09-13,Chelsea,Brentford,2,2,D,7,16,4,6,13,9,5,6,2,,0,,2025,A,3.0,0.0,1,0.0,0.0,0.0,0,2,2.3333333333333335,1.675257731958763,1.3076923076923077,1.8,-0.8,-2.5961538461538463,88.71713764515447
2025-09-20,Chelsea,Manchester United,1,2,H,11,5,4,1,13,14,5,5,5,,1,,2025,A,0.0,1.0,0,0.0,0.0,0.0,0,7,1.3333333333333333,1.6666666666666667,1.6205128205128203,1.8,-1.8,-6.393076923076923,82.32406072207755
2025-09-27,Chelsea,Brighton and Hove Albion,1,3,A,13,12,3,3,9,16,5,7,3,5.0,1,0.0,2025,H,,,0,0.0,0.0,0.0,0,5,0.3333333333333333,1.6581632653061225,1.3826530612244898,1.8,-1.8,-5.857397959183674,76.46666276289388
2025-10-04,Chelsea,Liverpool,2,1,H,12,12,6,2,9,8,7,2,0,2.0,0,0.0,2025,H,,,3,0.0,0.0,0.0,0,0,1.0,1.6649746192893402,2.0761421319796955,1.8,1.2,2.7885786802030457,79.25524144309692
2025-10-18,Chelsea,Nottingham Forest,3,0,A,12,17,2,6,13,16,5,2,2,,1,,2025,A,2.0,0.0,3,0.0,0.0,0.0,1,4,2.0,1.6717171717171715,1.180327868852459,1.8,1.2,2.722950819672131,81.97819226276906
2025-10-25,Chelsea,Sunderland,1,2,A,16,10,7,4,15,13,9,1,1,1.0,0,0.0,2025,H,,,0,0.0,0.0,0.0,0,1,2.0,1.6633165829145728,1.8888888888888888,1.8,-1.8,-4.933333333333334,77.04485892943572
2025-11-01,Chelsea,Tottenham Hotspur,1,0,A,3,15,1,9,14,12,6,5,2,,0,,2025,A,4.0,0.0,3,0.0,0.0,0.0,1,2,2.0,1.67,1.57,1.8,1.2,3.1645,80.20935892943572
2025-11-08,Chelsea,Wolverhampton Wanderers,3,0,H,20,3,8,0,12,14,10,1,1,2.0,0,0.0,2025,H,,,3,0.0,0.0,0.0,1,1,2.0,1.6766169154228856,1.1293532338308458,1.8,1.2,3.480597014925373,83.6899559443611
2020-09-12,Crystal Palace,Southampton,1,0,H,5,9,3,5,14,11,7,3,2,1.0,0,0.0,2020,H,,,3,0.0,0.0,0.0,1,2,3.0,3.0,0.0,1.1875,1.8125,4.9312499999999995,124.41842948717948
2020-09-19,Crystal Palace,Manchester United,3,1,A,13,14,4,5,13,10,9,3,1,,0,,2020,A,2.0,0.0,3,0.0,0.0,0.0,0,1,3.0,3.0,0.0,1.1875,1.8125,4.38125,128.79967948717947
2020-09-26,Crystal Palace,Everton,1,2,A,8,10,1,5,16,15,7,6,3,1.0,0,0.0,2020,H,,,0,0.0,0.0,0.0,0,3,2.0,2.0,3.0,1.1875,-1.1875,-4.0687500000000005,124.73092948717948
2020-10-03,Crystal Palace,Chelsea,0,4,H,17,4,6,0,17,13,8,5,0,,0,,2020,A,2.0,0.0,0,0.0,0.0,0.0,0,0,1.0,1.5,1.75,1.1875,-1.1875,-3.13125,121.59967948717947
2020-10-18,Crystal Palace,Brighton and Hove Albion,1,1,D,1,20,1,3,13,12,2,5,3,2.0,0,1.0,2020,H,,,1,0.0,0.0,0.0,0,3,0.3333333333333333,1.4,0.8,1.1875,-0.1875,-1.23875,120.36092948717948
2020-10-24,Crystal Palace,Fulham,2,1,A,16,14,3,10,11,11,4,4,1,,0,,2020,A,0.0,1.0,3,0.0,0.0,0.0,0,1,1.3333333333333333,1.6666666666666667,0.1666666666666666,1.1875,1.8125,4.356249999999999,124.71717948717948
2020-10-30,Crystal Palace,Wolverhampton Wanderers,0,2,H,15,11,5,2,13,4,7,6,2,,1,,2020,A,0.0,0.0,0,0.0,0.0,0.0,0,4,1.3333333333333333,1.4285714285714286,1.8571428571428572,1.1875,-1.1875,-4.147321428571429,120.56985805860805
2020-11-07,Crystal Palace,Leeds United,4,1,H,10,9,6,3,9,1,3,6,0,2.0,0,0.0,2020,H,,,3,0.0,0.0,0.0,0,0,2.0,1.625,1.25,1.1875,1.8125,4.44375,125.01360805860804
2020-11-23,Crystal Palace,Burnley,0,1,H,10,15,4,5,13,9,4,7,0,,0,,2020,A,2.0,0.0,0,0.0,0.0,0.0,0,0,1.0,1.4444444444444444,0.625,1.1875,-1.1875,-2.9625,122.05110805860805
2020-11-27,Crystal Palace,Newcastle United,0,2,A,12,14,3,7,9,10,7,3,2,2.0,0,0.0,2020,H,,,0,0.0,0.0,0.0,0,2,1.0,1.3,1.4,1.1875,-1.1875,-3.57875,118.47235805860805
2020-12-06,Crystal Palace,West Brom,5,1,A,9,18,4,6,10,16,4,6,2,,0,,2020,A,2.0,1.0,3,0.0,0.0,0.0,0,2,1.0,1.4545454545454546,0.5454545454545454,1.1875,1.8125,4.049431818181818,122.52178987678987
2020-12-13,Crystal Palace,Tottenham Hotspur,1,1,D,16,14,5,6,15,11,4,7,1,1.0,0,0.0,2020,H,,,1,0.0,0.0,0.0,0,1,1.3333333333333333,1.4166666666666667,2.0833333333333335,1.1875,-0.1875,-0.93125,121.59053987678986
2020-12-16,Crystal Palace,West Ham United,1,1,D,9,8,2,2,8,12,5,3,1,,1,,2020,A,0.0,0.0,1,0.0,0.0,0.0,0,3,1.6666666666666667,1.3846153846153846,1.6153846153846154,1.1875,-0.1875,-1.3610576923076922,120.22948218448217
2020-12-19,Crystal Palace,Liverpool,0,7,A,5,14,3,8,5,11,5,4,1,0.0,0,0.0,2020,H,,,0,0.0,0.0,0.0,0,1,0.6666666666666666,1.2857142857142858,2.2142857142857144,1.1875,-1.1875,-3.450892857142857,116.77858932733932
2020-12-26,Crystal Palace,Aston Villa,0,3,H,21,13,10,6,18,16,4,4,4,,0,,2020,A,1.0,1.0,0,0.0,0.0,0.0,0,4,0.3333333333333333,1.2,1.9230769230769231,1.1875,-1.1875,-4.157211538461539,112.62137778887778
2020-12-28,Crystal Palace,Leicester City,1,1,D,4,17,1,3,10,7,2,5,0,1.0,0,0.0,2020,H,,,1,0.0,0.0,0.0,0,0,0.3333333333333333,1.1875,1.8125,1.1875,-0.1875,-0.640625,111.98075278887778
2021-01-02,Crystal Palace,Sheffield United,2,0,H,9,7,4,2,8,18,3,6,1,3.0,0,0.0,2021,H,,,3,0.0,0.0,0.0,1,1,1.3333333333333333,1.2941176470588236,0.1176470588235294,1.170731707317073,1.829268292682927,5.205523672883787,117.18627646176157
2021-01-14,Crystal Palace,Arsenal,0,0,D,11,12,4,2,10,11,7,3,1,,0,,2021,A,1.0,0.0,1,0.0,0.0,0.0,1,1,1.6666666666666667,1.2777777777777777,1.3333333333333333,1.170731707317073,-0.1707317073170731,0.023170731707317316,117.20944719346888
2021-01-17,Crystal Palace,Manchester City,0,4,H,13,2,6,0,9,8,11,1,0,,0,,2021,A,0.0,0.0,0,0.0,0.0,0.0,0,0,1.3333333333333333,1.2105263157894737,2.0588235294117645,1.170731707317073,-1.170731707317073,-3.1356527977044473,114.07379439576444
2021-01-26,Crystal Palace,West Ham United,2,3,A,6,17,3,7,9,8,3,4,0,0.0,0,0.0,2021,H,,,0,0.0,0.0,0.0,0,0,0.3333333333333333,1.15,1.75,1.170731707317073,-1.170731707317073,-3.089329268292683,110.98446512747175
2021-01-30,Crystal Palace,Wolverhampton Wanderers,1,0,H,11,6,2,4,7,10,1,6,1,2.0,0,0.0,2021,H,,,3,0.0,0.0,0.0,1,1,1.0,1.238095238095238,1.0952380952380951,1.170731707317073,1.829268292682927,5.058885017421602,116.04335014489335
2021-02-02,Crystal Palace,Newcastle United,2,1,A,21,6,5,3,14,11,9,1,3,,0,,2021,A,1.0,0.0,3,0.0,0.0,0.0,0,3,2.0,1.318181818181818,1.0,1.170731707317073,1.829268292682927,3.7731707317073173,119.81652087660066
2021-02-08,Crystal Palace,Leeds United,0,2,H,17,8,7,3,7,8,5,3,2,,0,,2021,A,0.0,0.0,0,0.0,0.0,0.0,0,2,2.0,1.2608695652173914,1.4545454545454546,1.170731707317073,-1.170731707317073,-3.545011086474501,116.27150979012617
2021-02-13,Crystal Palace,Burnley,0,3,A,13,16,3,4,15,14,7,4,0,0.0,0,0.0,2021,H,,,0,0.0,0.0,0.0,0,0,1.0,1.2083333333333333,1.1304347826086956,1.170731707317073,-1.170731707317073,-2.9963944856839873,113.27511530444218
2021-02-22,Crystal Palace,Brighton and Hove Albion,2,1,A,25,3,5,2,11,6,13,0,0,,0,,2021,A,2.0,0.0,3,0.0,0.0,0.0,0,0,1.0,1.28,1.04,1.170731707317073,1.829268292682927,4.517170731707317,117.79228603614949
2021-02-28,Crystal Palace,Fulham,0,0,D,3,16,0,4,10,14,1,3,1,1.0,0,0.0,2021,H,,,1,0.0,0.0,0.0,1,1,1.3333333333333333,1.2692307692307692,0.8846153846153846,1.170731707317073,-0.1707317073170731,0.0904784240150096,117.88276446016451
2021-03-03,Crystal Palace,Manchester United,0,0,D,8,11,2,1,4,13,4,6,1,0.0,0,0.0,2021,H,,,1,0.0,0.0,0.0,1,1,1.6666666666666667,1.2592592592592593,1.8888888888888888,1.170731707317073,-0.1707317073170731,-0.06016260162601603,117.82260185853849
2021-03-07,Crystal Palace,Tottenham Hotspur,1,4,H,12,5,5,1,8,17,1,5,3,,0,,2021,A,2.0,0.0,0,0.0,0.0,0.0,0,3,0.6666666666666666,1.2142857142857142,1.6666666666666667,1.170731707317073,-1.170731707317073,-3.8268292682926828,113.9957725902458
2021-03-13,Crystal Palace,West Brom,1,0,H,6,12,4,1,16,15,3,2,3,1.0,0,0.0,2021,H,,,3,0.0,0.0,0.0,1,3,1.3333333333333333,1.2758620689655171,0.6206896551724138,1.170731707317073,1.829268292682927,4.630067283431455,118.62583987367726
2021-04-05,Crystal Palace,Everton,1,1,D,15,13,7,6,10,10,3,4,0,,0,,2021,A,2.0,0.0,1,0.0,0.0,0.0,0,0,1.3333333333333333,1.2666666666666666,1.6206896551724137,1.170731707317073,-0.1707317073170731,-0.5699327165685448,118.05590715710872
2021-04-10,Crystal Palace,Chelsea,1,4,A,1,23,1,10,7,12,0,8,1,0.0,0,0.0,2021,H,,,0,0.0,0.0,0.0,0,1,1.3333333333333333,1.2258064516129032,1.7419354838709675,1.170731707317073,-1.170731707317073,-3.338119590873328,114.71778756623539
2021-04-26,Crystal Palace,Leicester City,1,2,H,13,4,5,2,13,12,7,2,1,,0,,2021,A,0.0,0.0,0,0.0,0.0,0.0,0,1,0.3333333333333333,1.1875,1.878787878787879,1.170731707317073,-1.170731707317073,-3.3586474501108645,111.35914011612452
2021-05-01,Crystal Palace,Manchester City,0,2,A,9,20,4,3,9,10,2,6,2,0.0,0,0.0,2021,H,,,0,0.0,0.0,0.0,0,2,0.0,1.1515151515151516,2.3529411764705883,1.170731707317073,-1.170731707317073,-3.679770444763271,107.67936967136126
2021-05-08,Crystal Palace,Sheffield United,2,0,A,7,21,0,8,11,8,5,11,1,,0,,2021,A,1.0,0.0,3,0.0,0.0,0.0,1,1,1.0,1.2058823529411764,0.4857142857142857,1.170731707317073,1.829268292682927,5.150313588850174,112.82968326021143
2021-05-11,Crystal Palace,Southampton,1,3,H,13,11,6,4,20,13,12,8,3,,0,,2021,A,2.0,0.0,0,0.0,0.0,0.0,0,3,1.0,1.1714285714285717,1.1428571428571428,1.170731707317073,-1.170731707317073,-3.748257839721254,109.08142542049018
2021-05-16,Crystal Palace,Aston Villa,3,2,H,23,19,8,5,23,13,7,7,3,2.0,0,0.0,2021,H,,,3,0.0,0.0,0.0,0,3,2.0,1.2222222222222223,1.3611111111111112,1.170731707317073,1.829268292682927,3.7190040650406506,112.80042948553083
2021-05-19,Crystal Palace,Arsenal,1,3,A,12,6,6,3,7,7,6,7,2,1.0,0,0.0,2021,H,,,0,0.0,0.0,0.0,0,2,1.0,1.1891891891891893,1.5675675675675675,1.170731707317073,-1.170731707317073,-3.561964403427818,109.238465082103
2021-05-23,Crystal Palace,Liverpool,0,2,H,19,5,5,4,10,8,14,1,2,,0,,2021,A,2.0,0.0,0,0.0,0.0,0.0,0,2,1.0,1.1578947368421053,1.8157894736842104,1.170731707317073,-1.170731707317073,-3.5991976893453144,105.63926739275769
2021-08-14,Crystal Palace,Chelsea,0,3,H,13,4,6,1,15,11,5,2,0,,0,,2021,A,0.0,0.0,0,0.0,0.0,0.0,0,0,0.0,1.1282051282051282,1.794871794871795,1.170731707317073,-1.170731707317073,-3.096060037523452,102.54320735523424
2021-08-21,Crystal Palace,Brentford,0,0,D,7,14,2,3,12,9,3,5,3,1.0,0,0.0,2021,H,,,1,0.0,0.0,0.0,1,3,0.3333333333333333,1.125,2.0,1.170731707317073,-0.1707317073170731,-0.5768292682926827,101.96637808694156
2021-08-28,Crystal Palace,West Ham United,2,2,D,14,9,4,2,10,7,5,3,0,,0,,2021,A,1.0,0.0,1,0.0,0.0,0.0,0,0,0.6666666666666666,1.1219512195121952,1.7560975609756098,1.170731707317073,-0.1707317073170731,-0.5902439024390242,101.37613418450253
2021-09-11,Crystal Palace,Tottenham Hotspur,3,0,H,18,2,4,1,13,15,8,2,2,1.0,0,1.0,2021,H,,,3,0.0,0.0,0.0,1,2,1.6666666666666667,1.1666666666666667,1.6904761904761905,1.170731707317073,1.829268292682927,4.7195993031358885,106.09573348763843
2021-09-18,Crystal Palace,Liverpool,0,3,H,25,13,10,2,17,11,10,5,1,,0,,2021,A,3.0,0.0,0,0.0,0.0,0.0,0,1,1.3333333333333333,1.1395348837209305,1.9069767441860463,1.170731707317073,-1.170731707317073,-3.3628757799205897,102.73285770771783
2021-09-27,Crystal Palace,Brighton and Hove Albion,1,1,D,8,8,3,4,12,10,6,5,2,3.0,0,0.0,2021,H,,,1,0.0,0.0,0.0,0,2,1.3333333333333333,1.1363636363636365,1.2272727272727273,1.170731707317073,-0.1707317073170731,-1.0109201773835919,101.72193753033423
2021-10-03,Crystal Palace,Leicester City,2,2,D,18,9,4,5,15,11,1,3,2,3.0,0,0.0,2021,H,,,1,0.0,0.0,0.0,0,2,0.6666666666666666,1.1333333333333333,1.6444444444444444,1.170731707317073,-0.1707317073170731,-1.0734959349593494,100.64844159537489
2021-10-18,Crystal Palace,Arsenal,2,2,D,17,9,6,6,7,4,6,4,1,,0,,2021,A,1.0,0.0,1,0.0,0.0,0.0,0,1,1.0,1.1304347826086956,1.565217391304348,1.170731707317073,-0.1707317073170731,-0.8116118769883349,99.83682971838655
2021-10-23,Crystal Palace,Newcastle United,1,1,D,15,6,3,2,13,9,3,7,3,4.0,0,0.0,2021,H,,,1,0.0,0.0,0.0,0,3,1.0,1.127659574468085,1.0425531914893618,1.170731707317073,-0.1707317073170731,-1.2332122470160871,98.60361747137047
2021-10-30,Crystal Palace,Manchester City,2,0,A,14,8,3,3,11,11,7,1,3,,0,,2021,A,2.0,1.0,3,0.0,0.0,0.0,1,3,1.6666666666666667,1.1666666666666667,2.2083333333333335,1.170731707317073,1.829268292682927,4.391920731707317,102.99553820307779
2021-11-06,Crystal Palace,Wolverhampton Wanderers,2,0,H,13,4,6,2,14,13,4,6,2,1.0,0,0.0,2021,H,,,3,0.0,0.0,0.0,1,2,2.3333333333333335,1.2040816326530612,1.2448979591836735,1.170731707317073,1.829268292682927,4.786436037829765,107.78197424090754
2021-11-20,Crystal Palace,Burnley,3,3,D,15,18,9,8,14,15,3,6,3,,0,,2021,A,2.0,0.0,1,0.0,0.0,0.0,0,3,2.3333333333333335,1.2,0.96,1.170731707317073,-0.1707317073170731,-1.2208292682926827,106.56114497261487
2021-11-27,Crystal Palace,Aston Villa,1,2,A,8,10,3,3,12,10,7,3,3,3.0,0,0.0,2021,H,,,0,0.0,0.0,0.0,0,3,1.3333333333333333,1.1764705882352942,1.392156862745098,1.170731707317073,-1.170731707317073,-3.7856527977044476,102.77549217491043
2021-11-30,Crystal Palace,Leeds United,0,1,H,15,9,3,1,15,15,7,4,3,,0,,2021,A,5.0,0.0,0,0.0,0.0,0.0,0,3,0.3333333333333333,1.1538461538461535,1.4230769230769231,1.170731707317073,-1.170731707317073,-3.7902908067542214,98.9852013681562
2021-12-05,Crystal Palace,Manchester United,0,1,H,16,8,3,2,16,9,9,6,2,,0,,2021,A,2.0,0.0,0,0.0,0.0,0.0,0,2,0.0,1.1320754716981132,1.849056603773585,1.170731707317073,-1.170731707317073,-3.6041877588587203,95.38101360929747
2021-12-12,Crystal Palace,Everton,3,1,H,17,12,6,6,15,14,8,2,0,2.0,0,0.0,2021,H,,,3,0.0,0.0,0.0,0,0,1.0,1.1666666666666667,1.4259259259259258,1.170731707317073,1.829268292682927,4.459281842818428,99.8402954521159
2021-12-15,Crystal Palace,Southampton,2,2,D,9,15,6,4,16,20,4,6,2,4.0,0,0.0,2021,H,,,1,0.0,0.0,0.0,0,2,1.3333333333333333,1.1636363636363636,1.0909090909090908,1.170731707317073,-0.1707317073170731,-0.9904656319290465,98.84982982018686
2021-12-26,Crystal Palace,Tottenham Hotspur,0,3,H,17,4,6,0,16,10,4,2,1,,1,,2021,A,1.0,0.0,0,0.0,0.0,0.0,0,3,1.3333333333333333,1.1428571428571428,1.6851851851851851,1.170731707317073,-1.170731707317073,-3.8296070460704605,95.02022277411639
2021-12-28,Crystal Palace,Norwich City,3,0,H,19,12,6,3,9,13,8,8,1,2.0,0,0.0,2021,H,,,3,0.0,0.0,0.0,1,1,1.3333333333333333,1.1754385964912282,0.5263157894736842,1.170731707317073,1.829268292682927,5.144223363286264,100.16444613740266
2022-01-01,Crystal Palace,West Ham United,2,3,A,22,10,6,5,6,16,9,1,0,2.0,0,0.0,2022,H,,,0,0.0,0.0,0.0,0,0,1.0,1.1551724137931034,1.706896551724138,1.3428571428571427,-1.3428571428571427,-3.5131773399014774,96.65126879750119
2022-01-14,Crystal Palace,Brighton and Hove Albion,1,1,D,19,3,4,1,11,7,9,0,2,,0,,2022,A,0.0,0.0,1,0.0,0.0,0.0,0,2,1.3333333333333333,1.152542372881356,1.1896551724137931,1.3428571428571427,-0.34285714285714275,-1.4355911330049256,95.21567766449625
2022-01-23,Crystal Palace,Liverpool,1,3,A,8,15,5,7,12,10,2,5,4,1.0,0,0.0,2022,H,,,0,0.0,0.0,0.0,0,4,0.3333333333333333,1.1333333333333333,1.95,1.3428571428571427,-1.3428571428571427,-4.549642857142857,90.6660348073534
2022-02-09,Crystal Palace,Norwich City,1,1,D,5,13,1,5,11,15,4,6,2,,0,,2022,A,1.0,0.0,1,0.0,0.0,0.0,0,2,0.6666666666666666,1.1311475409836065,0.7391304347826086,1.3428571428571427,-0.34285714285714275,-1.368012422360248,89.29802238499315
2022-02-12,Crystal Palace,Brentford,0,0,D,9,6,2,3,10,10,3,9,0,,0,,2022,A,1.0,0.0,1,0.0,0.0,0.0,1,0,0.6666666666666666,1.1290322580645162,0.96,1.3428571428571427,-0.34285714285714275,-0.10114285714285681,89.19687952785029
2022-02-19,Crystal Palace,Chelsea,0,1,A,7,9,0,3,4,20,4,4,1,3.0,0,0.0,2022,H,,,0,0.0,0.0,0.0,0,1,0.6666666666666666,1.1111111111111112,1.8571428571428572,1.3428571428571427,-1.3428571428571427,-3.785714285714285,85.41116524213601
2022-02-23,Crystal Palace,Watford,4,1,A,8,7,1,5,12,9,6,4,1,,0,,2022,A,2.0,0.0,3,0.0,0.0,0.0,0,1,1.3333333333333333,1.140625,0.72,1.3428571428571427,1.6571428571428573,3.8848571428571432,89.29602238499315
2022-02-26,Crystal Palace,Burnley,1,1,D,11,5,4,1,5,17,5,4,0,2.0,0,0.0,2022,H,,,1,0.0,0.0,0.0,0,0,1.3333333333333333,1.1384615384615384,0.967741935483871,1.3428571428571427,-0.34285714285714275,-0.9023041474654375,88.39371823752771
2022-03-05,Crystal Palace,Wolverhampton Wanderers,2,0,A,12,12,5,8,13,8,7,7,3,,0,,2022,A,0.0,0.0,3,0.0,0.0,0.0,1,3,2.3333333333333335,1.1666666666666667,1.3076923076923077,1.3428571428571427,1.6571428571428573,4.096703296703296,92.49042153423102
2022-03-14,Crystal Palace,Manchester City,0,0,D,7,18,1,4,6,11,2,6,3,1.0,0,0.0,2022,H,,,1,0.0,0.0,0.0,1,3,1.6666666666666667,1.164179104477612,2.328358208955224,1.3428571428571427,-0.34285714285714275,-1.0563965884861404,91.43402494574487
2022-04-04,Crystal Palace,Arsenal,3,0,H,6,12,5,3,11,15,0,2,0,2.0,0,0.0,2022,H,,,3,0.0,0.0,0.0,1,0,2.3333333333333335,1.1911764705882353,1.7164179104477613,1.3428571428571427,1.6571428571428573,4.785394456289978,96.21941940203484
2022-04-10,Crystal Palace,Leicester City,1,2,H,12,11,3,3,11,12,3,4,1,,0,,2022,A,1.0,0.0,0,0.0,0.0,0.0,0,1,1.3333333333333333,1.173913043478261,1.582089552238806,1.3428571428571427,-1.3428571428571427,-3.7444562899786775,92.47496311205617
2022-04-20,Crystal Palace,Newcastle United,0,1,H,13,10,4,2,12,12,2,5,1,,0,,2022,A,1.0,0.0,0,0.0,0.0,0.0,0,1,1.0,1.1571428571428573,1.1971830985915493,1.3428571428571427,-1.3428571428571427,-3.686720321931589,88.78824279012458
2022-04-25,Crystal Palace,Leeds United,0,0,D,17,9,7,2,12,13,6,3,2,2.0,0,0.0,2022,H,,,1,0.0,0.0,0.0,1,2,0.3333333333333333,1.1549295774647887,1.3098591549295775,1.3428571428571427,-0.34285714285714275,-0.6536217303822934,88.13462105974229
2022-04-30,Crystal Palace,Southampton,2,1,A,8,14,3,5,13,11,6,7,3,,0,,2022,A,1.0,0.0,3,0.0,0.0,0.0,0,3,1.3333333333333333,1.1805555555555556,1.1369863013698631,1.3428571428571427,1.6571428571428573,3.3223091976516637,91.45693025739395
2022-05-07,Crystal Palace,Watford,1,0,H,15,6,7,1,11,18,8,5,2,1.0,0,1.0,2022,H,,,3,0.0,0.0,0.0,1,2,2.3333333333333335,1.2054794520547945,0.6285714285714286,1.3428571428571427,1.6571428571428573,4.448571428571428,95.90550168596538
2022-05-15,Crystal Palace,Aston Villa,1,1,D,13,16,4,4,11,15,1,5,3,,0,,2022,A,1.0,0.0,1,0.0,0.0,0.0,0,3,2.3333333333333335,1.2027027027027026,1.337837837837838,1.3428571428571427,-0.34285714285714275,-1.7078185328185325,94.19768315314684
2022-05-19,Crystal Palace,Everton,2,3,H,12,7,6,5,9,13,4,5,3,,0,,2022,A,2.0,0.0,0,0.0,0.0,0.0,0,3,1.3333333333333333,1.1866666666666668,1.3066666666666666,1.3428571428571427,-1.3428571428571427,-4.203142857142857,89.99454029600399
2022-05-22,Crystal Palace,Manchester United,1,0,H,6,10,3,4,12,22,3,6,2,4.0,0,0.0,2022,H,,,3,0.0,0.0,0.0,1,2,1.3333333333333333,1.2105263157894737,1.736842105263158,1.3428571428571427,1.6571428571428573,4.282330827067669,94.27687112307166
2022-08-05,Crystal Palace,Arsenal,0,2,A,10,10,2,2,16,11,3,5,1,2.0,0,0.0,2022,H,,,0,0.0,0.0,0.0,0,1,1.0,1.1948051948051948,1.7272727272727273,1.3428571428571427,-1.3428571428571427,-3.766233766233766,90.51063735683789
2022-08-15,Crystal Palace,Liverpool,1,1,D,24,7,4,3,7,8,4,2,4,,0,,2022,A,2.0,1.0,1,0.0,0.0,0.0,0,4,1.3333333333333333,1.1923076923076923,2.08974358974359,1.3428571428571427,-0.34285714285714275,-2.0706043956043954,88.4400329612335
2022-08-20,Crystal Palace,Aston Villa,3,1,H,17,13,9,5,16,14,4,2,2,1.0,0,0.0,2022,H,,,3,0.0,0.0,0.0,0,2,1.3333333333333333,1.2151898734177216,1.3037974683544304,1.3428571428571427,1.6571428571428573,3.5472875226039786,91.98732048383746
2022-08-27,Crystal Palace,Manchester City,2,4,H,18,2,5,2,14,8,6,1,2,,0,,2022,A,1.0,0.0,0,0.0,0.0,0.0,0,2,1.3333333333333333,1.2,2.3625,1.3428571428571427,-1.3428571428571427,-4.111517857142857,87.87580262669462
2022-08-30,Crystal Palace,Brentford,1,1,D,13,9,4,3,11,8,4,6,1,2.0,0,0.0,2022,H,,,1,0.0,0.0,0.0,0,1,1.3333333333333333,1.1975308641975309,1.2093023255813953,1.3428571428571427,-0.34285714285714275,-1.188538205980066,86.68726442071454
2022-09-03,Crystal Palace,Newcastle United,0,0,D,23,19,6,9,19,12,13,5,1,,0,,2022,A,2.0,0.0,1,0.0,0.0,0.0,1,1,0.6666666666666666,1.195121951219512,1.2317073170731707,1.3428571428571427,-0.34285714285714275,-0.3918989547038324,86.29536546601071
2022-10-01,Crystal Palace,Chelsea,1,2,A,7,13,3,3,11,13,5,2,1,3.0,0,0.0,2022,H,,,0,0.0,0.0,0.0,0,1,0.6666666666666666,1.180722891566265,1.855421686746988,1.3428571428571427,-1.3428571428571427,-3.7854561101549047,82.50990935585581
2022-10-09,Crystal Palace,Leeds United,2,1,H,13,10,5,4,13,23,5,3,3,3.0,0,0.0,2022,H,,,3,0.0,0.0,0.0,0,3,1.3333333333333333,1.2023809523809523,1.261904761904762,1.3428571428571427,1.6571428571428573,3.303571428571429,85.81348078442724
2022-10-15,Crystal Palace,Leicester City,0,0,D,14,8,5,1,18,13,9,2,2,,0,,2022,A,2.0,0.0,1,0.0,0.0,0.0,1,2,1.3333333333333333,1.2,1.430232558139535,1.3428571428571427,-0.34285714285714275,-0.6716777408637871,85.14180304356346
2022-10-18,Crystal Palace,Wolverhampton Wanderers,2,1,H,14,10,4,4,14,18,4,3,3,1.0,0,0.0,2022,H,,,3,0.0,0.0,0.0,0,3,2.3333333333333335,1.2209302325581397,1.206896551724138,1.3428571428571427,1.6571428571428573,3.3118226600985228,88.45362570366197
2022-10-22,Crystal Palace,Everton,0,3,H,9,9,6,2,16,14,3,4,4,,0,,2022,A,3.0,0.0,0,0.0,0.0,0.0,0,4,1.3333333333333333,1.206896551724138,1.2613636363636365,1.3428571428571427,-1.3428571428571427,-4.446347402597403,84.00727830106457
2022-10-29,Crystal Palace,Southampton,1,0,H,12,14,3,4,13,12,8,4,3,3.0,0,0.0,2022,H,,,3,0.0,0.0,0.0,1,3,2.0,1.2272727272727273,1.0674157303370786,1.3428571428571427,1.6571428571428573,4.132744783306581,88.14002308437115
2022-11-06,Crystal Palace,West Ham United,2,1,A,5,15,2,6,10,7,2,5,1,,0,,2022,A,1.0,0.0,3,0.0,0.0,0.0,0,1,2.0,1.247191011235955,1.5,1.3428571428571427,1.6571428571428573,3.7678571428571432,91.9078802272283
2022-11-12,Crystal Palace,Nottingham Forest,0,1,H,9,8,2,0,11,13,1,5,4,,0,,2022,A,1.0,0.0,0,0.0,0.0,0.0,0,4,2.0,1.2333333333333334,0.8666666666666667,1.3428571428571427,-1.3428571428571427,-4.387142857142857,87.52073737008544
2022-12-26,Crystal Palace,Fulham,0,3,A,4,23,0,11,12,15,1,8,0,0.0,2,0.0,2022,H,,,0,0.0,0.0,0.0,0,4,1.0,1.21978021978022,0.925925925925926,1.3428571428571427,-1.3428571428571427,-4.396031746031746,83.12470562405369
2022-12-31,Crystal Palace,Bournemouth,2,0,A,6,15,2,6,17,11,2,7,1,,0,,2022,A,4.0,0.0,3,0.0,0.0,0.0,1,1,1.0,1.2391304347826086,0.9411764705882352,1.3428571428571427,1.6571428571428573,4.651680672268907,87.7763862963226
2023-01-04,Crystal Palace,Tottenham Hotspur,0,4,A,19,14,4,6,11,8,10,4,1,2.0,0,0.0,2023,H,,,0,0.0,0.0,0.0,0,1,1.0,1.2258064516129032,1.7659574468085106,1.0476190476190477,-1.0476190476190477,-3.0339412360688955,84.74244506025371
2023-01-15,Crystal Palace,Chelsea,0,1,H,15,10,5,5,10,17,11,7,5,,0,,2023,A,2.0,0.0,0,0.0,0.0,0.0,0,5,1.0,1.2127659574468086,1.7789473684210526,1.0476190476190477,-1.0476190476190477,-4.035889724310778,80.70655533594294
2023-01-18,Crystal Palace,Manchester United,1,1,D,10,15,5,4,9,10,3,3,1,2.0,0,0.0,2023,H,,,1,0.0,0.0,0.0,0,1,0.3333333333333333,1.2105263157894737,1.8,1.0476190476190477,-0.04761904761904767,-0.5390476190476192,80.1675077168953
2023-01-21,Crystal Palace,Newcastle United,0,0,D,6,16,1,7,13,7,3,15,4,2.0,0,0.0,2023,H,,,1,0.0,0.0,0.0,1,4,0.6666666666666666,1.2083333333333333,1.3854166666666667,1.0476190476190477,-0.04761904761904767,-0.4268601190476192,79.7406475978477
2023-02-04,Crystal Palace,Manchester United,1,2,H,14,10,5,3,9,9,5,5,2,,0,,2023,A,1.0,1.0,0,0.0,0.0,0.0,0,2,0.6666666666666666,1.1958762886597938,1.7938144329896908,1.0476190476190477,-1.0476190476190477,-3.2881197839960725,76.45252781385162
2023-02-11,Crystal Palace,Brighton and Hove Albion,1,1,D,6,17,1,7,10,11,1,6,4,1.0,0,0.0,2023,H,,,1,0.0,0.0,0.0,0,4,0.6666666666666666,1.1938775510204085,1.309278350515464,1.0476190476190477,-0.04761904761904767,-1.2154393716249385,75.23708844222668
2023-02-18,Crystal Palace,Brentford,1,1,D,12,10,5,4,10,8,2,6,2,,0,,2023,A,2.0,0.0,1,0.0,0.0,0.0,0,2,0.6666666666666666,1.1919191919191918,1.3278688524590163,1.0476190476190477,-0.04761904761904767,-0.7182279469164716,74.51886049531021
2023-02-25,Crystal Palace,Liverpool,0,0,D,6,12,0,4,11,14,5,3,2,5.0,0,0.0,2023,H,,,1,0.0,0.0,0.0,1,2,1.0,1.19,1.9898989898989896,1.0476190476190477,-0.04761904761904767,-0.01753246753246754,74.50132802777773
2023-03-04,Crystal Palace,Aston Villa,0,1,H,8,3,1,0,14,17,2,4,3,,1,,2023,A,2.0,0.0,0,0.0,0.0,0.0,0,5,0.6666666666666666,1.1782178217821782,1.3267326732673268,1.0476190476190477,-1.0476190476190477,-3.968057520037718,70.53327050774001
2023-03-11,Crystal Palace,Manchester City,0,1,A,4,14,0,4,11,17,2,6,2,2.0,0,0.0,2023,H,,,0,0.0,0.0,0.0,0,2,0.3333333333333333,1.1666666666666667,2.3300970873786406,1.0476190476190477,-1.0476190476190477,-3.368562182154415,67.16470832558561
2023-03-15,Crystal Palace,Brighton and Hove Albion,0,1,H,11,11,5,3,13,20,1,4,2,,0,,2023,A,1.0,0.0,0,0.0,0.0,0.0,0,2,0.0,1.1553398058252426,1.3267326732673268,1.0476190476190477,-1.0476190476190477,-3.218057520037718,63.94665080554789
2023-03-19,Crystal Palace,Arsenal,1,4,H,15,8,5,4,8,10,5,4,1,,0,,2023,A,0.0,0.0,0,0.0,0.0,0.0,0,1,0.0,1.1442307692307692,1.9134615384615383,1.0476190476190477,-1.0476190476190477,-3.0560668498168497,60.89058395573104
2023-04-01,Crystal Palace,Leicester City,2,1,H,31,3,9,2,12,16,10,1,3,4.0,0,0.0,2023,H,,,3,0.0,0.0,0.0,0,3,1.0,1.161904761904762,1.375,1.0476190476190477,1.9523809523809523,4.02470238095238,64.91528633668342
2023-04-09,Crystal Palace,Leeds United,5,1,A,11,16,7,8,11,8,2,4,1,,0,,2023,A,3.0,0.0,3,0.0,0.0,0.0,0,1,2.0,1.179245283018868,1.1886792452830188,1.0476190476190477,1.9523809523809523,4.552650494159927,69.46793683084334
2023-04-15,Crystal Palace,Southampton,2,0,A,11,9,4,2,6,13,6,2,1,,0,,2023,A,3.0,0.0,3,0.0,0.0,0.0,1,1,3.0,1.1962616822429906,0.9906542056074766,1.0476190476190477,1.9523809523809523,5.382354250111258,74.8502910809546
2023-04-22,Crystal Palace,Everton,0,0,D,12,10,2,5,12,14,8,1,1,1.0,0,1.0,2023,H,,,1,0.0,0.0,0.0,1,1,2.3333333333333335,1.1944444444444444,1.1666666666666667,1.0476190476190477,-0.04761904761904767,0.3559523809523808,75.20624346190698
2023-04-25,Crystal Palace,Wolverhampton Wanderers,0,2,H,9,14,3,4,13,14,6,11,4,,0,,2023,A,5.0,0.0,0,0.0,0.0,0.0,0,4,1.3333333333333333,1.18348623853211,1.220183486238532,1.0476190476190477,-1.0476190476190477,-3.7020751419833986,71.5041683199236
2023-04-29,Crystal Palace,West Ham United,4,3,H,16,8,6,4,9,17,8,5,1,2.0,0,0.0,2023,H,,,3,0.0,0.0,0.0,0,1,1.3333333333333333,1.2,1.4220183486238531,1.0476190476190477,1.9523809523809523,4.517649628658802,76.0218179485824
2023-05-06,Crystal Palace,Tottenham Hotspur,0,1,H,8,7,3,2,15,14,8,4,5,,0,,2023,A,3.0,0.0,0,0.0,0.0,0.0,0,5,1.0,1.1891891891891893,1.7117117117117118,1.0476190476190477,-1.0476190476190477,-4.025804375804376,71.99601357277801
2023-05-13,Crystal Palace,Bournemouth,2,0,H,17,5,5,0,5,12,11,2,0,2.0,0,0.0,2023,H,,,3,0.0,0.0,0.0,1,0,2.0,1.2053571428571428,1.0833333333333333,1.0476190476190477,1.9523809523809523,5.61845238095238,77.61446595373039
2023-05-20,Crystal Palace,Fulham,2,2,D,11,11,4,5,13,12,7,4,0,,0,,2023,A,3.0,0.0,1,0.0,0.0,0.0,0,0,1.3333333333333333,1.2035398230088497,1.0666666666666669,1.0476190476190477,-0.04761904761904767,-0.1790476190476192,77.43541833468277
2023-05-28,Crystal Palace,Nottingham Forest,1,1,D,16,7,4,4,9,13,5,4,0,2.0,0,0.0,2023,H,,,1,0.0,0.0,0.0,0,0,1.6666666666666667,1.2017543859649122,1.0,1.0476190476190477,-0.04761904761904767,-0.1690476190476192,77.26637071563515
2023-08-12,Crystal Palace,Sheffield United,1,0,A,8,24,1,8,18,11,5,5,0,,0,,2023,A,3.0,0.0,3,0.0,0.0,0.0,1,0,1.6666666666666667,1.2173913043478262,0.5897435897435898,1.0476190476190477,1.9523809523809523,5.692490842490842,82.95886155812599
2023-08-21,Crystal Palace,Arsenal,0,1,A,14,14,2,3,14,10,1,8,2,1.0,0,1.0,2023,H,,,0,0.0,0.0,0.0,0,2,1.3333333333333333,1.206896551724138,1.896551724137931,1.0476190476190477,-1.0476190476190477,-3.3035303776683085,79.65533118045768
2023-08-26,Crystal Palace,Brentford,1,1,D,12,15,1,5,9,15,8,6,0,,0,,2023,A,0.0,0.0,1,0.0,0.0,0.0,0,0,1.3333333333333333,1.205128205128205,1.3924050632911391,1.0476190476190477,-0.04761904761904767,-0.22790837854129006,79.42742280191639
2023-09-03,Crystal Palace,Wolverhampton Wanderers,3,2,H,16,12,11,4,12,12,4,2,1,3.0,0,0.0,2023,H,,,3,0.0,0.0,0.0,0,1,1.3333333333333333,1.2203389830508475,1.1864406779661016,1.0476190476190477,1.9523809523809523,4.552986279257465,83.98040908117386
2023-09-16,Crystal Palace,Aston Villa,1,3,H,16,6,5,3,13,9,4,2,3,,0,,2023,A,5.0,0.0,0,0.0,0.0,0.0,0,3,1.3333333333333333,1.2100840336134453,1.4285714285714286,1.0476190476190477,-1.0476190476190477,-3.4833333333333334,80.49707574784053
2023-09-23,Crystal Palace,Fulham,0,0,D,7,10,3,5,10,15,3,2,3,2.0,0,0.0,2023,H,,,1,0.0,0.0,0.0,1,3,1.3333333333333333,1.2083333333333333,1.0731707317073171,1.0476190476190477,-0.04761904761904767,-0.1300232288037167,80.3670525190368
2023-09-30,Crystal Palace,Manchester United,1,0,A,19,8,4,2,10,8,10,4,2,,0,,2023,A,3.0,0.0,3,0.0,0.0,0.0,1,2,1.3333333333333333,1.2231404958677683,1.7851239669421488,1.0476190476190477,1.9523809523809523,5.013183785911058,85.38023630494787
2023-10-07,Crystal Palace,Nottingham Forest,0,0,D,8,16,2,5,7,12,3,7,0,1.0,0,0.0,2023,H,,,1,0.0,0.0,0.0,1,0,1.6666666666666667,1.221311475409836,1.0217391304347827,1.0476190476190477,-0.04761904761904767,0.6276915113871634,86.00792781633504
2023-10-21,Crystal Palace,Newcastle United,0,4,H,10,17,7,3,7,12,6,8,3,,0,,2023,A,2.0,0.0,0,0.0,0.0,0.0,0,3,1.3333333333333333,1.2113821138211385,1.4715447154471544,1.0476190476190477,-1.0476190476190477,-3.489779326364692,82.51814848997034
2023-10-27,Crystal Palace,Tottenham Hotspur,1,2,A,13,10,3,1,19,11,11,2,2,1.0,0,0.0,2023,H,,,0,0.0,0.0,0.0,0,2,0.3333333333333333,1.2016129032258065,1.7661290322580645,1.0476190476190477,-1.0476190476190477,-3.283966973886329,79.23418151608402
2023-11-04,Crystal Palace,Burnley,2,0,A,17,4,5,3,9,12,12,1,5,,0,,2023,A,0.0,0.0,3,0.0,0.0,0.0,1,5,1.0,1.216,0.896551724137931,1.0476190476190477,1.9523809523809523,4.39646962233169,83.6306511384157
2023-11-11,Crystal Palace,Everton,2,3,A,13,8,4,4,9,18,9,2,1,4.0,0,0.0,2023,H,,,0,0.0,0.0,0.0,0,1,1.0,1.2063492063492065,1.1746031746031746,1.0476190476190477,-1.0476190476190477,-2.945238095238095,80.6854130431776
2023-11-25,Crystal Palace,Luton Town,1,2,H,8,16,3,8,15,12,4,5,1,,0,,2023,A,6.0,0.0,0,0.0,0.0,0.0,0,1,1.0,1.1968503937007875,0.6923076923076923,1.0476190476190477,-1.0476190476190477,-2.872893772893773,77.81251927028383
2023-12-03,Crystal Palace,West Ham United,1,1,D,9,9,3,2,17,7,2,3,0,,0,,2023,A,2.0,0.0,1,0.0,0.0,0.0,0,0,0.3333333333333333,1.1953125,1.421875,1.0476190476190477,-0.04761904761904767,-0.23232886904761915,77.58019040123621
2023-12-06,Crystal Palace,Bournemouth,0,2,A,16,11,3,4,10,17,3,9,1,3.0,0,0.0,2023,H,,,0,0.0,0.0,0.0,0,1,0.3333333333333333,1.186046511627907,1.0377358490566038,1.0476190476190477,-1.0476190476190477,-2.9247079964061093,74.6554824048301
2023-12-09,Crystal Palace,Liverpool,1,2,A,8,14,4,2,17,17,6,5,5,2.0,1,0.0,2023,H,,,0,0.0,0.0,0.0,0,7,0.3333333333333333,1.176923076923077,2.0384615384615383,1.0476190476190477,-1.0476190476190477,-4.57481684981685,70.08066555501324
2023-12-16,Crystal Palace,Manchester City,2,2,D,19,5,9,2,12,9,6,1,1,,0,,2023,A,1.0,0.0,1,0.0,0.0,0.0,0,1,0.3333333333333333,1.1755725190839694,2.3053435114503817,1.0476190476190477,-0.04761904761904767,-0.6148491457651765,69.46581640924808
2023-12-21,Crystal Palace,Brighton and Hove Albion,1,1,D,11,18,3,6,12,11,3,1,5,2.0,0,0.0,2023,H,,,1,0.0,0.0,0.0,0,5,0.6666666666666666,1.1742424242424243,1.371212121212121,1.0476190476190477,-0.04761904761904767,-1.474729437229437,67.99108697201864
2023-12-27,Crystal Palace,Chelsea,1,2,H,9,13,4,5,13,16,4,3,2,,0,,2023,A,3.0,0.0,0,0.0,0.0,0.0,0,2,0.6666666666666666,1.1654135338345866,1.5789473684210529,1.0476190476190477,-1.0476190476190477,-3.255889724310777,64.73519724770786
2023-12-30,Crystal Palace,Brentford,3,1,H,13,9,6,4,14,10,7,4,0,1.0,0,0.0,2023,H,,,3,0.0,0.0,0.0,0,0,1.3333333333333333,1.1791044776119404,1.305263157894737,1.0476190476190477,1.9523809523809523,4.78516290726817,69.52036015497603
2024-01-20,Crystal Palace,Arsenal,0,5,H,21,12,6,5,8,12,6,7,0,,0,,2024,A,0.0,0.0,0,0.0,0.0,0.0,0,0,1.0,1.1703703703703705,1.9037037037037037,1.2972972972972974,-1.2972972972972974,-3.4287987987987987,66.09156135617724
2024-01-30,Crystal Palace,Sheffield United,3,2,H,12,9,4,5,8,18,11,1,1,4.0,0,0.0,2024,H,,,3,0.0,0.0,0.0,0,1,2.0,1.1838235294117647,0.55,1.2972972972972974,1.7027027027027026,4.024256756756756,70.115818112934
2024-02-03,Crystal Palace,Brighton and Hove Albion,1,4,H,13,7,6,5,8,14,3,2,3,,0,,2024,A,1.0,0.0,0,0.0,0.0,0.0,0,3,1.0,1.1751824817518248,1.3795620437956204,1.2972972972972974,-1.2972972972972974,-4.100177549812587,66.0156405631214
2024-02-12,Crystal Palace,Chelsea,1,3,A,13,14,4,5,14,7,1,7,2,2.0,0,0.0,2024,H,,,0,0.0,0.0,0.0,0,2,1.0,1.1666666666666667,1.5869565217391304,1.2972972972972974,-1.2972972972972974,-3.8812867215041127,62.13435384161729
2024-02-19,Crystal Palace,Everton,1,1,D,19,10,4,4,8,12,3,6,2,,0,,2024,A,0.0,0.0,1,0.0,0.0,0.0,0,2,0.3333333333333333,1.1654676258992809,1.1798561151079137,1.2972972972972974,-0.29729729729729737,-1.3202216605094304,60.81413218110786
2024-02-24,Crystal Palace,Burnley,3,0,H,15,2,6,0,8,13,12,3,3,1.0,0,1.0,2024,H,,,3,0.0,0.0,0.0,1,3,1.3333333333333333,1.1785714285714286,0.8529411764705882,1.2972972972972974,1.7027027027027026,4.278815580286167,65.09294776139403
2024-03-02,Crystal Palace,Tottenham Hotspur,1,3,H,14,4,6,1,7,16,11,1,2,,0,,2024,A,1.0,0.0,0,0.0,0.0,0.0,0,2,1.3333333333333333,1.1702127659574468,1.7357142857142858,1.2972972972972974,-1.2972972972972974,-3.903600386100386,61.18934737529364
2024-03-09,Crystal Palace,Luton Town,1,1,D,21,8,4,2,20,11,8,6,2,3.0,0,0.0,2024,H,,,1,0.0,0.0,0.0,0,2,1.3333333333333333,1.1690140845070425,0.7777777777777778,1.2972972972972974,-0.29729729729729737,-1.25990990990991,59.929437465383735
2024-03-30,Crystal Palace,Nottingham Forest,1,1,D,12,10,5,3,14,12,4,6,1,,0,,2024,A,1.0,0.0,1,0.0,0.0,0.0,0,1,0.6666666666666666,1.167832167832168,0.9411764705882352,1.2972972972972974,-0.29729729729729737,-1.0344197138314786,58.89501775155226
2024-04-02,Crystal Palace,Bournemouth,0,1,H,11,3,6,2,13,14,9,2,2,,0,,2024,A,3.0,0.0,0,0.0,0.0,0.0,0,2,0.6666666666666666,1.1597222222222223,1.1764705882352942,1.2972972972972974,-1.2972972972972974,-3.8197138314785373,55.07530392007372
2024-04-06,Crystal Palace,Manchester City,2,4,A,7,18,4,8,13,3,2,9,1,1.0,0,0.0,2024,H,,,0,0.0,0.0,0.0,0,1,0.3333333333333333,1.1517241379310346,2.331034482758621,1.2972972972972974,-1.2972972972972974,-3.7428984156570366,51.332405504416684
2024-04-14,Crystal Palace,Liverpool,1,0,A,21,8,6,5,10,10,11,1,1,,0,,2024,A,1.0,0.0,3,0.0,0.0,0.0,1,1,1.0,1.1643835616438356,2.047945205479452,1.2972972972972974,1.7027027027027026,4.599564975934838,55.931970480351524
2024-04-21,Crystal Palace,West Ham United,5,2,H,18,4,7,1,9,9,4,0,3,2.0,0,0.0,2024,H,,,3,0.0,0.0,0.0,0,3,2.0,1.1768707482993197,1.412162162162162,1.2972972972972974,1.7027027027027026,3.394932432432432,59.32690291278396
2024-04-24,Crystal Palace,Newcastle United,2,0,H,20,7,7,2,10,15,7,2,3,3.0,0,0.0,2024,H,,,3,0.0,0.0,0.0,1,3,3.0,1.1891891891891893,1.4625850340136055,1.2972972972972974,1.7027027027027026,4.187369001654715,63.51427191443867
2024-04-27,Crystal Palace,Fulham,1,1,D,9,14,2,4,11,15,5,9,2,,0,,2024,A,0.0,0.0,1,0.0,0.0,0.0,0,2,2.3333333333333335,1.1879194630872485,1.108108108108108,1.2972972972972974,-0.29729729729729737,-1.3094594594594595,62.20481245497921
2024-05-06,Crystal Palace,Manchester United,4,0,H,18,7,10,2,12,8,6,3,1,1.0,0,0.0,2024,H,,,3,0.0,0.0,0.0,1,1,2.3333333333333335,1.2,1.751677852348993,1.2972972972972974,1.7027027027027026,4.6440050789044065,66.84881753388362
2024-05-11,Crystal Palace,Wolverhampton Wanderers,3,1,A,13,13,7,3,13,12,8,3,2,,1,,2024,A,3.0,0.0,3,0.0,0.0,0.0,0,4,2.3333333333333335,1.2119205298013245,1.2119205298013245,1.2972972972972974,1.7027027027027026,3.1749686772865577,70.02378621117018
2024-05-19,Crystal Palace,Aston Villa,5,0,H,15,8,9,2,10,8,2,4,1,4.0,0,0.0,2024,H,,,3,0.0,0.0,0.0,1,1,3.0,1.2236842105263157,1.506578947368421,1.2972972972972974,1.7027027027027026,4.680769914651492,74.70455612582167
2024-08-18,Crystal Palace,Brentford,1,2,H,9,14,5,6,6,15,4,7,5,,0,,2024,A,1.0,0.0,0,0.0,0.0,0.0,0,5,2.0,1.2156862745098038,1.2782608695652171,1.2972972972972974,-1.2972972972972974,-4.584982373678026,70.11957375214365
2024-08-24,Crystal Palace,West Ham United,0,2,A,14,18,2,3,9,17,3,3,1,1.0,0,0.0,2024,H,,,0,0.0,0.0,0.0,0,1,1.0,1.207792207792208,1.4025974025974026,1.2972972972972974,-1.2972972972972974,-3.603632853632854,66.51594089851079
2024-09-01,Crystal Palace,Chelsea,1,1,D,13,9,7,3,9,13,4,5,2,,0,,2024,A,4.0,0.0,1,0.0,0.0,0.0,0,2,0.3333333333333333,1.206451612903226,1.6258064516129032,1.2972972972972974,-0.29729729729729737,-1.3871142109851788,65.12882668752562
2024-09-14,Crystal Palace,Leicester City,2,2,D,20,9,4,4,11,15,5,2,0,3.0,0,0.0,2024,H,,,1,0.0,0.0,0.0,0,0,0.6666666666666666,1.205128205128205,1.305084745762712,1.2972972972972974,-0.29729729729729737,-0.8390059551076502,64.28982073241795
2024-09-21,Crystal Palace,Manchester United,0,0,D,9,15,4,6,7,12,4,11,3,1.0,0,0.0,2024,H,,,1,0.0,0.0,0.0,1,3,1.0,1.2038216560509554,1.7452229299363058,1.2972972972972974,-0.29729729729729737,-0.8550266827336893,63.43479404968427
2024-09-28,Crystal Palace,Everton,1,2,H,8,17,2,5,13,11,5,8,1,,0,,2024,A,2.0,0.0,0,0.0,0.0,0.0,0,1,0.6666666666666666,1.1962025316455696,1.1772151898734178,1.2972972972972974,-1.2972972972972974,-3.569825521724256,59.864968527960016
2024-10-05,Crystal Palace,Liverpool,0,1,A,9,16,5,4,7,15,3,8,4,2.0,0,0.0,2024,H,,,0,0.0,0.0,0.0,0,4,0.3333333333333333,1.1886792452830188,2.0628930817610063,1.2972972972972974,-1.2972972972972974,-4.4526772055073955,55.41229132245262
2024-10-21,Crystal Palace,Nottingham Forest,0,1,H,20,20,6,7,9,12,6,6,3,,0,,2024,A,2.0,0.0,0,0.0,0.0,0.0,0,3,0.0,1.18125,1.0357142857142858,1.2972972972972974,-1.2972972972972974,-4.048600386100387,51.36369093635223
2024-10-27,Crystal Palace,Tottenham Hotspur,1,0,H,14,11,6,3,16,12,8,8,4,4.0,0,0.0,2024,H,,,3,0.0,0.0,0.0,1,4,1.0,1.1925465838509317,1.68944099378882,1.2972972972972974,1.7027027027027026,3.903340607688433,55.26703154404066
2024-11-02,Crystal Palace,Wolverhampton Wanderers,2,2,D,11,19,6,7,7,9,3,6,2,,0,,2024,A,1.0,0.0,1,0.0,0.0,0.0,0,2,1.3333333333333333,1.191358024691358,1.148148148148148,1.2972972972972974,-0.29729729729729737,-1.3154654654654656,53.9515660785752
2024-11-09,Crystal Palace,Fulham,0,2,A,13,17,5,7,10,11,1,8,1,1.0,1,0.0,2024,H,,,0,0.0,0.0,0.0,0,3,1.3333333333333333,1.1840490797546013,1.16,1.2972972972972974,-1.2972972972972974,-4.067243243243244,49.88432283533196
2024-11-23,Crystal Palace,Aston Villa,2,2,D,17,13,5,6,10,11,10,1,2,,0,,2024,A,3.0,0.0,1,0.0,0.0,0.0,0,2,0.6666666666666666,1.1829268292682926,1.5121951219512195,1.2972972972972974,-0.29729729729729737,-1.3700725115359262,48.514250323796034
2024-11-30,Crystal Palace,Newcastle United,1,1,D,16,1,4,0,12,11,8,9,3,3.0,0,0.0,2024,H,,,1,0.0,0.0,0.0,0,3,0.6666666666666666,1.181818181818182,1.4787878787878788,1.2972972972972974,-0.29729729729729737,-1.615061425061425,46.89918889873461
2024-12-03,Crystal Palace,Ipswich Town,1,0,A,9,13,2,3,14,13,4,7,4,,0,,2024,A,2.0,0.0,3,0.0,0.0,0.0,1,4,1.6666666666666667,1.1927710843373494,0.6428571428571429,1.2972972972972974,1.7027027027027026,4.060328185328184,50.959517084062796
2024-12-07,Crystal Palace,Manchester City,2,2,D,12,12,3,4,4,10,6,8,1,0.0,0,1.0,2024,H,,,1,0.0,0.0,0.0,0,1,1.6666666666666667,1.1916167664670658,2.311377245508982,1.2972972972972974,-0.29729729729729737,-1.2399498300695906,49.719567253993205
2024-12-15,Crystal Palace,Brighton and Hove Albion,3,1,A,17,13,5,5,11,15,8,5,4,,0,,2024,A,1.0,0.0,3,0.0,0.0,0.0,0,4,2.3333333333333335,1.2023809523809523,1.3452380952380951,1.2972972972972974,1.7027027027027026,3.154971042471042,52.87453829646425
2024-12-21,Crystal Palace,Arsenal,1,5,A,15,14,6,6,9,8,3,3,2,2.0,0,0.0,2024,H,,,0,0.0,0.0,0.0,0,2,1.3333333333333333,1.1952662721893492,1.9881656804733727,1.2972972972972974,-1.2972972972972974,-3.941468095314249,48.93307020115
2024-12-26,Crystal Palace,Bournemouth,0,0,D,18,10,4,4,13,12,5,2,2,,0,,2024,A,2.0,0.0,1,0.0,0.0,0.0,1,2,1.3333333333333333,1.1941176470588235,1.2340425531914894,1.2972972972972974,-0.29729729729729737,-0.5283496262219668,48.404720574928035
2024-12-29,Crystal Palace,Southampton,2,1,H,19,7,10,3,18,19,8,7,2,3.0,0,0.0,2024,H,,,3,0.0,0.0,0.0,0,2,1.3333333333333333,1.2046783625730997,0.8571428571428571,1.2972972972972974,1.7027027027027026,3.7281853281853277,52.13290590311337
2025-01-04,Crystal Palace,Chelsea,1,1,D,13,15,6,1,9,12,6,6,0,2.0,0,0.0,2025,H,,,1,0.0,0.0,0.0,0,0,1.6666666666666667,1.2034883720930232,1.6511627906976745,1.6666666666666667,-0.6666666666666667,-1.814341085271318,50.318564817842045
2025-01-15,Crystal Palace,Leicester City,2,0,A,21,9,4,4,7,6,4,3,0,,0,,2025,A,0.0,0.0,3,0.0,0.0,0.0,1,0,2.3333333333333335,1.213872832369942,1.2296296296296296,1.6666666666666667,1.3333333333333333,4.0488888888888885,54.36745370673093
2025-01-18,Crystal Palace,West Ham United,2,0,A,7,12,0,7,13,10,2,4,0,,0,,2025,A,1.0,1.0,3,0.0,0.0,0.0,1,0,2.3333333333333335,1.2241379310344829,1.3735632183908046,1.6666666666666667,1.3333333333333333,4.027298850574712,58.39475255730564
2025-01-26,Crystal Palace,Brentford,1,2,A,16,13,5,6,8,11,4,7,2,2.0,0,0.0,2025,H,,,0,0.0,0.0,0.0,0,2,2.0,1.217142857142857,1.2773722627737227,1.6666666666666667,-1.6666666666666667,-4.758272506082726,53.63648005122292
2025-02-02,Crystal Palace,Manchester United,2,0,A,17,11,2,3,12,13,11,0,1,,0,,2025,A,3.0,0.0,3,0.0,0.0,0.0,1,1,2.0,1.2272727272727273,1.681818181818182,1.6666666666666667,1.3333333333333333,3.7310606060606055,57.36754065728353
2025-02-15,Crystal Palace,Everton,1,2,A,17,11,6,6,9,12,6,2,0,1.0,0,0.0,2025,H,,,0,0.0,0.0,0.0,0,0,1.0,1.2203389830508475,1.1977401129943503,1.6666666666666667,-1.6666666666666667,-4.24632768361582,53.12121297366771
2025-02-22,Crystal Palace,Fulham,2,0,A,10,10,0,5,10,7,7,7,3,,0,,2025,A,1.0,0.0,3,0.0,0.0,0.0,1,3,2.0,1.2303370786516854,1.1857142857142855,1.6666666666666667,1.3333333333333333,3.30547619047619,56.4266891641439
2025-02-25,Crystal Palace,Aston Villa,4,1,H,19,6,6,2,19,10,3,8,3,1.0,0,0.0,2025,H,,,3,0.0,0.0,0.0,0,3,2.0,1.2402234636871508,1.5055555555555555,1.6666666666666667,1.3333333333333333,2.4575,58.884189164143905
2025-03-08,Crystal Palace,Ipswich Town,1,0,H,19,15,4,8,8,7,5,4,4,3.0,0,0.0,2025,H,,,3,0.0,0.0,0.0,1,4,3.0,1.25,0.6071428571428571,1.6666666666666667,1.3333333333333333,3.1422619047619045,62.02645106890581
2025-04-02,Crystal Palace,Southampton,1,1,D,8,9,2,3,14,9,2,2,1,,0,,2025,A,2.0,0.0,1,0.0,0.0,0.0,0,1,2.3333333333333335,1.2486187845303869,0.8194444444444444,1.6666666666666667,-0.6666666666666667,-1.9395833333333337,60.086867735572476
2025-04-05,Crystal Palace,Brighton and Hove Albion,2,1,H,8,11,3,5,12,13,2,4,0,1.0,2,1.0,2025,H,,,3,0.0,0.0,0.0,0,4,2.3333333333333335,1.2582417582417582,1.360655737704918,1.6666666666666667,1.3333333333333333,2.2292349726775953,62.31610270825007
2025-04-12,Crystal Palace,Manchester City,2,5,H,21,8,9,3,10,16,1,4,3,,0,,2025,A,2.0,0.0,0,0.0,0.0,0.0,0,3,1.3333333333333333,1.2513661202185793,2.25,1.6666666666666667,-1.6666666666666667,-5.154166666666668,57.1619360415834
2025-04-16,Crystal Palace,Newcastle United,0,5,H,14,11,7,4,9,15,5,4,3,,0,,2025,A,2.0,0.0,0,0.0,0.0,0.0,0,3,1.0,1.2445652173913044,1.5434782608695652,1.6666666666666667,-1.6666666666666667,-5.048188405797102,52.1137476357863
2025-04-19,Crystal Palace,Bournemouth,0,0,D,5,15,0,4,13,10,5,4,3,4.0,1,0.0,2025,H,,,1,0.0,0.0,0.0,1,5,0.3333333333333333,1.2432432432432432,1.2477064220183487,1.6666666666666667,-0.6666666666666667,-2.2038226299694195,49.90992500581687
2025-04-23,Crystal Palace,Arsenal,2,2,D,12,15,6,4,4,6,3,6,1,,0,,2025,A,1.0,0.0,1,0.0,0.0,0.0,0,1,0.6666666666666666,1.2419354838709675,1.989247311827957,1.6666666666666667,-0.6666666666666667,-2.1150537634408604,47.79487124237602
2025-05-05,Crystal Palace,Nottingham Forest,1,1,D,20,12,3,4,9,15,7,4,3,8.0,0,0.0,2025,H,,,1,0.0,0.0,0.0,0,3,1.0,1.2406417112299466,1.2162162162162162,1.6666666666666667,-0.6666666666666667,-2.4990990990990993,45.29577214327692
2025-05-11,Crystal Palace,Tottenham Hotspur,2,0,A,8,23,1,10,12,10,4,8,1,,0,,2025,A,1.0,0.0,3,0.0,0.0,0.0,1,1,1.6666666666666667,1.25,1.5797872340425532,1.6666666666666667,1.3333333333333333,3.74636524822695,49.04213739150387
2025-05-20,Crystal Palace,Wolverhampton Wanderers,4,2,H,14,12,10,3,14,8,0,10,1,2.0,0,0.0,2025,H,,,3,0.0,0.0,0.0,0,1,2.3333333333333335,1.2592592592592593,1.1851851851851851,1.6666666666666667,1.3333333333333333,3.0055555555555555,52.04769294705943
2025-05-25,Crystal Palace,Liverpool,1,1,D,14,8,3,5,7,10,11,0,0,,0,,2025,A,1.0,1.0,1,0.0,0.0,0.0,0,0,2.3333333333333335,1.2578947368421052,2.0736842105263156,1.6666666666666667,-0.6666666666666667,-1.8777192982456141,50.16997364881382
2025-08-17,Crystal Palace,Chelsea,0,0,D,19,12,3,4,10,12,11,2,3,,0,,2025,A,2.0,0.0,1,0.0,0.0,0.0,1,3,1.6666666666666667,1.256544502617801,1.6649214659685865,1.6666666666666667,-0.6666666666666667,-1.7664048865619548,48.403568762251865
2025-08-24,Crystal Palace,Nottingham Forest,1,1,D,8,9,4,1,11,11,1,3,3,3.0,0,0.0,2025,H,,,1,0.0,0.0,0.0,0,3,1.0,1.2552083333333333,1.2327586206896552,1.6666666666666667,-0.6666666666666667,-2.501580459770115,45.901988302481755
2025-08-31,Crystal Palace,Aston Villa,3,0,A,13,6,4,4,7,14,10,1,3,,0,,2025,A,2.0,0.0,3,0.0,0.0,0.0,1,3,1.6666666666666667,1.2642487046632125,1.5336787564766838,1.6666666666666667,1.3333333333333333,3.2532815198618303,49.155269822343584
2025-09-13,Crystal Palace,Sunderland,0,0,D,14,6,6,0,10,8,5,3,1,1.0,0,0.0,2025,H,,,1,0.0,0.0,0.0,1,1,1.6666666666666667,1.2628865979381445,1.75,1.6666666666666667,-0.6666666666666667,-1.2791666666666668,47.876103155676915
2025-09-20,Crystal Palace,West Ham United,2,1,A,8,18,3,3,15,5,8,8,3,,0,,2025,A,3.0,0.0,3,0.0,0.0,0.0,0,3,2.3333333333333335,1.2717948717948715,1.328205128205128,1.6666666666666667,1.3333333333333333,2.484102564102564,50.360205719779486
2025-09-27,Crystal Palace,Liverpool,2,1,H,16,20,7,4,10,8,2,6,1,3.0,0,0.0,2025,H,,,3,0.0,0.0,0.0,0,1,2.3333333333333335,1.280612244897959,2.086734693877551,1.6666666666666667,1.3333333333333333,2.8703231292517004,53.23052884903119
2025-10-05,Crystal Palace,Everton,1,2,H,14,15,7,8,13,16,2,4,3,,0,,2025,A,2.0,0.0,0,0.0,0.0,0.0,0,3,2.0,1.2741116751269037,1.2233502538071066,1.6666666666666667,-1.6666666666666667,-5.000169204737733,48.23035964429346
2025-10-18,Crystal Palace,Bournemouth,3,3,D,20,8,7,5,8,16,6,5,1,4.0,0,0.0,2025,H,,,1,0.0,0.0,0.0,0,1,1.3333333333333333,1.2727272727272727,1.2950819672131149,1.6666666666666667,-0.6666666666666667,-2.010928961748634,46.219430682544825
2025-10-26,Crystal Palace,Arsenal,0,1,H,10,7,3,1,6,11,4,3,0,,0,,2025,A,0.0,0.0,0,0.0,0.0,0.0,0,0,0.3333333333333333,1.2663316582914572,2.0050251256281406,1.6666666666666667,-1.6666666666666667,-4.367420435510889,41.85201024703393
2025-11-01,Crystal Palace,Brentford,2,0,H,9,6,2,2,7,11,6,5,0,3.0,0,0.0,2025,H,,,3,0.0,0.0,0.0,1,0,1.3333333333333333,1.275,1.3148148148148149,1.6666666666666667,1.3333333333333333,4.0361111111111105,45.88812135814504
2025-11-09,Crystal Palace,Brighton and Hove Albion,0,0,D,10,7,2,3,10,12,4,8,1,4.0,0,0.0,2025,H,,,1,0.0,0.0,0.0,1,1,1.3333333333333333,1.27363184079602,1.388059701492537,1.6666666666666667,-0.6666666666666667,-1.2248756218905474,44.663245736254495
2020-09-13,Everton,Tottenham Hotspur,1,0,A,9,15,5,4,15,7,5,3,0,,0,,2020,A,1.0,0.0,3,0.0,0.0,0.0,1,0,3.0,3.0,0.0,1.9333333333333333,1.0666666666666667,3.566666666666667,133.8230769230769
2020-09-19,Everton,West Brom,5,2,H,17,6,7,4,9,11,11,1,1,0.0,0,1.0,2020,H,,,3,0.0,0.0,0.0,0,1,3.0,3.0,0.0,1.9333333333333333,1.0666666666666667,2.5166666666666666,136.3397435897436
2020-09-26,Everton,Crystal Palace,2,1,A,8,10,1,5,16,15,7,6,1,,0,,2020,A,3.0,0.0,3,0.0,0.0,0.0,0,1,3.0,3.0,2.0,1.9333333333333333,1.0666666666666667,2.216666666666667,138.55641025641026
2020-10-03,Everton,Brighton and Hove Albion,4,2,H,11,11,6,3,13,14,3,10,0,1.0,0,0.0,2020,H,,,3,0.0,0.0,0.0,0,0,3.0,3.0,0.75,1.9333333333333333,1.0666666666666667,2.654166666666667,141.21057692307693
2020-10-17,Everton,Liverpool,2,2,D,11,22,5,8,15,9,2,5,3,2.0,1,0.0,2020,H,,,1,0.0,0.0,0.0,0,5,2.3333333333333335,2.6,2.0,1.9333333333333333,-0.9333333333333333,-3.783333333333333,137.42724358974357
2020-10-25,Everton,Southampton,0,2,H,12,6,6,2,11,11,4,5,2,,1,,2020,A,1.0,0.0,0,0.0,0.0,0.0,0,4,1.3333333333333333,2.1666666666666665,1.6666666666666667,1.9333333333333333,-1.9333333333333333,-5.983333333333333,131.44391025641025
2020-11-01,Everton,Newcastle United,1,2,H,11,15,4,4,9,10,5,4,4,,0,,2020,A,2.0,0.0,0,0.0,0.0,0.0,0,4,0.3333333333333333,1.8571428571428572,1.5714285714285714,1.9333333333333333,-1.9333333333333333,-5.969047619047619,125.47486263736263
2020-11-07,Everton,Manchester United,1,3,A,7,13,1,5,12,19,5,2,4,2.0,0,0.0,2020,H,,,0,0.0,0.0,0.0,0,4,0.0,1.625,1.4285714285714286,1.9333333333333333,-1.9333333333333333,-5.947619047619048,119.52724358974358
2020-11-22,Everton,Fulham,3,2,A,14,9,6,7,14,10,2,5,0,,0,,2020,A,2.0,0.0,3,0.0,0.0,0.0,0,0,1.0,1.7777777777777777,0.4444444444444444,1.9333333333333333,1.0666666666666667,2.6999999999999997,122.22724358974358
2020-11-28,Everton,Leeds United,0,1,A,15,23,8,7,8,14,4,2,1,2.0,0,0.0,2020,H,,,0,0.0,0.0,0.0,0,1,1.0,1.6,1.4,1.9333333333333333,-1.9333333333333333,-5.193333333333333,117.03391025641025
2020-12-05,Everton,Burnley,1,1,D,8,13,3,6,6,9,8,4,0,,0,,2020,A,0.0,0.0,1,0.0,0.0,0.0,0,0,1.3333333333333333,1.5454545454545454,0.6,1.9333333333333333,-0.9333333333333333,-2.3233333333333333,114.71057692307691
2020-12-12,Everton,Chelsea,1,0,H,9,10,4,3,10,11,6,6,2,3.0,0,0.0,2020,H,,,3,0.0,0.0,0.0,1,2,1.3333333333333333,1.6666666666666667,1.8333333333333333,1.9333333333333333,1.0666666666666667,2.791666666666667,117.50224358974359
2020-12-16,Everton,Leicester City,2,0,A,14,11,2,6,12,9,4,6,3,,0,,2020,A,2.0,0.0,3,0.0,0.0,0.0,1,3,2.3333333333333335,1.7692307692307692,1.8461538461538465,1.9333333333333333,1.0666666666666667,2.53974358974359,120.04198717948717
2020-12-19,Everton,Arsenal,2,1,H,9,13,2,2,9,9,4,3,1,3.0,0,0.0,2020,H,,,3,0.0,0.0,0.0,0,1,3.0,1.8571428571428572,1.0,1.9333333333333333,1.0666666666666667,2.3666666666666667,122.40865384615384
2020-12-26,Everton,Sheffield United,1,0,A,10,7,2,3,11,10,6,3,4,,0,,2020,A,2.0,0.0,3,0.0,0.0,0.0,1,4,3.0,1.9333333333333331,0.1333333333333333,1.9333333333333333,1.0666666666666667,2.546666666666667,124.9553205128205
2021-01-01,Everton,West Ham United,0,1,A,10,11,2,5,9,7,5,4,2,0.0,0,0.0,2021,H,,,0,0.0,0.0,0.0,0,2,2.0,1.8125,1.5294117647058822,1.225,-1.225,-3.6919117647058823,121.26340874811463
2021-01-12,Everton,Wolverhampton Wanderers,2,1,A,12,5,3,3,6,11,6,5,2,,0,,2021,A,2.0,0.0,3,0.0,0.0,0.0,0,2,2.0,1.8823529411764703,1.2222222222222223,1.225,1.775,3.8541666666666665,125.11757541478129
2021-01-27,Everton,Leicester City,1,1,D,8,19,2,6,12,10,5,11,1,1.0,0,0.0,2021,H,,,1,0.0,0.0,0.0,0,1,1.3333333333333333,1.8333333333333333,1.95,1.225,-0.2250000000000001,-1.0050000000000001,124.11257541478129
2021-01-30,Everton,Newcastle United,0,2,A,11,13,3,3,13,6,7,12,3,4.0,0,0.0,2021,H,,,0,0.0,0.0,0.0,0,3,1.3333333333333333,1.736842105263158,1.0476190476190477,1.225,-1.225,-3.869642857142857,120.24293255763843
2021-02-03,Everton,Leeds United,2,1,A,16,10,7,6,12,12,7,1,3,,0,,2021,A,2.0,0.0,3,0.0,0.0,0.0,0,3,1.3333333333333333,1.8,1.380952380952381,1.225,1.775,3.580357142857143,123.82328970049558
2021-02-06,Everton,Manchester United,3,3,D,14,6,5,3,14,10,5,1,1,,0,,2021,A,2.0,0.0,1,0.0,0.0,0.0,0,1,1.3333333333333333,1.761904761904762,1.9565217391304348,1.225,-0.2250000000000001,-1.0059782608695653,122.81731143962601
2021-02-14,Everton,Fulham,0,2,A,7,12,2,3,7,16,5,4,1,1.0,0,0.0,2021,H,,,0,0.0,0.0,0.0,0,1,1.3333333333333333,1.681818181818182,0.782608695652174,1.225,-1.225,-3.329891304347826,119.48742013527819
2021-02-17,Everton,Manchester City,1,3,A,3,16,2,7,8,8,0,10,2,1.0,0,0.0,2021,H,,,0,0.0,0.0,0.0,0,2,0.3333333333333333,1.608695652173913,2.3333333333333335,1.225,-1.225,-3.8125,115.67492013527819
2021-02-20,Everton,Liverpool,2,0,A,15,9,6,6,10,10,7,2,1,,0,,2021,A,2.0,0.0,3,0.0,0.0,0.0,1,1,1.0,1.6666666666666667,1.6,1.225,1.775,4.847499999999999,120.52242013527818
2021-03-01,Everton,Southampton,1,0,H,7,9,1,1,13,9,4,10,0,2.0,0,0.0,2021,H,,,3,0.0,0.0,0.0,1,0,2.0,1.72,1.1538461538461535,1.225,1.775,5.164423076923076,125.68684321220127
2021-03-04,Everton,West Brom,1,0,A,11,11,3,3,9,7,3,3,1,,0,,2021,A,3.0,0.0,3,0.0,0.0,0.0,1,1,3.0,1.7692307692307692,0.6296296296296297,1.225,1.775,4.993055555555555,130.6798987677568
2021-03-08,Everton,Chelsea,0,2,H,19,7,9,1,11,12,7,3,3,,0,,2021,A,0.0,0.0,0,0.0,0.0,0.0,0,3,2.0,1.7037037037037035,1.7857142857142858,1.225,-1.225,-3.980357142857143,126.69954162489968
2021-03-13,Everton,Burnley,1,2,A,14,14,4,5,9,6,7,4,0,4.0,0,0.0,2021,H,,,0,0.0,0.0,0.0,0,0,1.0,1.6428571428571428,1.137931034482759,1.225,-1.225,-3.133189655172414,123.56635196972726
2021-04-05,Everton,Crystal Palace,1,1,D,15,13,7,6,10,10,3,4,2,0.0,0,0.0,2021,H,,,1,0.0,0.0,0.0,0,2,0.3333333333333333,1.6206896551724137,1.2666666666666666,1.225,-0.2250000000000001,-1.1525,122.41385196972726
2021-04-12,Everton,Brighton and Hove Albion,0,0,D,23,8,3,1,12,7,10,3,2,,0,,2021,A,1.0,0.0,1,0.0,0.0,0.0,1,2,0.6666666666666666,1.6,1.064516129032258,1.225,-0.2250000000000001,-0.3221774193548389,122.09167455037242
2021-04-16,Everton,Tottenham Hotspur,2,2,D,18,12,7,3,8,8,6,3,1,1.0,0,0.0,2021,H,,,1,0.0,0.0,0.0,0,1,1.0,1.5806451612903225,1.5625,1.225,-0.2250000000000001,-0.9468750000000002,121.14479955037243
2021-04-23,Everton,Arsenal,1,0,A,14,8,3,1,13,10,7,3,3,,0,,2021,A,1.0,0.0,3,0.0,0.0,0.0,1,3,1.6666666666666667,1.625,1.393939393939394,1.225,1.775,4.3784090909090905,125.52320864128151
2021-05-01,Everton,Aston Villa,1,2,A,16,13,3,5,10,13,3,6,0,2.0,0,0.0,2021,H,,,0,0.0,0.0,0.0,0,0,1.3333333333333333,1.5757575757575757,1.4545454545454546,1.225,-1.225,-3.180681818181818,122.34252682309969
2021-05-09,Everton,West Ham United,1,0,A,11,9,0,3,8,10,5,6,1,,0,,2021,A,2.0,0.0,3,0.0,0.0,0.0,1,1,2.0,1.6176470588235294,1.6571428571428573,1.225,1.775,4.838928571428571,127.18145539452826
2021-05-13,Everton,Aston Villa,0,0,D,13,15,2,5,9,12,9,1,0,,0,,2021,A,2.0,0.0,1,0.0,0.0,0.0,1,0,1.3333333333333333,1.6,1.4,1.225,-0.2250000000000001,0.12749999999999984,127.30895539452827
2021-05-16,Everton,Sheffield United,0,1,A,16,10,6,3,8,12,11,4,1,3.0,0,0.0,2021,H,,,0,0.0,0.0,0.0,0,1,1.3333333333333333,1.5555555555555556,0.5555555555555556,1.225,-1.225,-3.2958333333333334,124.01312206119493
2021-05-19,Everton,Wolverhampton Wanderers,1,0,H,14,9,4,3,11,11,7,12,0,2.0,0,0.0,2021,H,,,3,0.0,0.0,0.0,1,0,1.3333333333333333,1.5945945945945943,1.2162162162162162,1.225,1.775,5.155067567567567,129.1681896287625
2021-05-23,Everton,Manchester City,0,5,H,21,8,11,3,8,10,7,5,2,,0,,2021,A,2.0,0.0,0,0.0,0.0,0.0,0,2,1.0,1.5526315789473684,2.263157894736842,1.225,-1.225,-3.8019736842105263,125.36621594455197
2021-08-14,Everton,Southampton,3,1,H,14,6,6,3,13,15,6,8,2,0.0,0,0.0,2021,H,,,3,0.0,0.0,0.0,0,2,2.0,1.5897435897435896,1.1025641025641026,1.225,1.775,3.872115384615385,129.23833132916735
2021-08-21,Everton,Leeds United,2,2,D,17,17,4,8,6,13,8,5,4,,0,,2021,A,2.0,0.0,1,0.0,0.0,0.0,0,4,1.3333333333333333,1.575,1.5,1.225,-0.2250000000000001,-1.6875,127.55083132916735
2021-08-28,Everton,Brighton and Hove Albion,2,0,A,14,14,3,5,7,9,4,5,2,,0,,2021,A,1.0,0.0,3,0.0,0.0,0.0,1,2,2.3333333333333335,1.6097560975609757,1.146341463414634,1.225,1.775,4.665548780487804,132.21638010965515
2021-09-13,Everton,Burnley,3,1,H,14,11,6,6,3,6,4,6,1,1.0,0,0.0,2021,H,,,3,0.0,0.0,0.0,0,1,2.3333333333333335,1.6428571428571428,0.9523809523809524,1.225,1.775,4.144642857142856,136.361022966798
2021-09-18,Everton,Aston Villa,0,3,H,15,11,3,1,7,10,5,4,1,,0,,2021,A,1.0,0.0,0,0.0,0.0,0.0,0,1,2.0,1.6046511627906976,1.441860465116279,1.225,-1.225,-3.4287790697674416,132.9322438970306
2021-09-25,Everton,Norwich City,2,0,H,11,10,4,2,12,9,6,4,2,3.0,0,0.0,2021,H,,,3,0.0,0.0,0.0,1,2,2.0,1.6363636363636365,0.0,1.225,1.775,4.8374999999999995,137.76974389703057
2021-10-02,Everton,Manchester United,1,1,D,13,12,6,2,10,9,10,1,1,,0,,2021,A,1.0,0.0,1,0.0,0.0,0.0,0,1,1.3333333333333333,1.6222222222222222,1.9555555555555555,1.225,-0.2250000000000001,-1.0058333333333334,136.76391056369724
2021-10-17,Everton,West Ham United,0,1,A,15,16,2,4,3,3,7,9,0,2.0,0,0.0,2021,H,,,0,0.0,0.0,0.0,0,0,1.3333333333333333,1.5869565217391304,1.7173913043478262,1.225,-1.225,-3.220108695652174,133.54380186804508
2021-10-23,Everton,Watford,2,5,A,15,20,4,8,9,13,3,5,4,3.0,0,0.0,2021,H,,,0,0.0,0.0,0.0,0,4,0.3333333333333333,1.553191489361702,1.1111111111111112,1.225,-1.225,-4.129166666666667,129.4146352013784
2021-11-01,Everton,Wolverhampton Wanderers,1,2,H,10,14,4,5,10,8,4,3,1,,0,,2021,A,1.0,0.0,0,0.0,0.0,0.0,0,1,0.0,1.5208333333333333,1.2708333333333333,1.225,-1.225,-3.4031249999999997,126.0115102013784
2021-11-07,Everton,Tottenham Hotspur,0,0,D,12,8,2,0,13,17,4,2,2,4.0,1,0.0,2021,H,,,1,0.0,0.0,0.0,1,4,0.3333333333333333,1.510204081632653,1.5918367346938775,1.225,-0.2250000000000001,-0.9012755102040818,125.11023469117431
2021-11-21,Everton,Manchester City,0,3,H,17,4,7,1,5,7,7,1,1,,0,,2021,A,1.0,0.0,0,0.0,0.0,0.0,0,1,0.3333333333333333,1.48,2.24,1.225,-1.225,-3.5484999999999998,121.56173469117432
2021-11-28,Everton,Brentford,0,1,H,6,14,4,5,8,11,3,3,3,,0,,2021,A,4.0,0.0,0,0.0,0.0,0.0,0,3,0.3333333333333333,1.4509803921568627,1.2307692307692308,1.225,-1.225,-3.8971153846153848,117.66461930655893
2021-12-01,Everton,Liverpool,1,4,A,8,16,2,7,8,16,3,11,4,3.0,0,0.0,2021,H,,,0,0.0,0.0,0.0,0,4,0.0,1.4230769230769231,1.9230769230769231,1.225,-1.225,-4.250961538461539,113.4136577680974
2021-12-06,Everton,Arsenal,2,1,H,11,10,5,3,8,12,3,3,2,2.0,0,0.0,2021,H,,,3,0.0,0.0,0.0,0,2,1.0,1.4528301886792452,1.5849056603773586,1.225,1.775,3.799764150943396,117.2134219190408
2021-12-12,Everton,Crystal Palace,1,3,H,17,12,6,6,15,14,8,2,2,,0,,2021,A,0.0,0.0,0,0.0,0.0,0.0,0,2,1.0,1.4259259259259258,1.1666666666666667,1.225,-1.225,-3.6374999999999997,113.5759219190408
2021-12-16,Everton,Chelsea,1,1,D,23,5,10,3,11,11,7,1,3,,0,,2021,A,2.0,0.0,1,0.0,0.0,0.0,0,3,1.3333333333333333,1.4181818181818182,1.8909090909090909,1.225,-0.2250000000000001,-1.4961363636363638,112.07978555540443
2022-01-02,Everton,Brighton and Hove Albion,2,3,A,17,12,6,5,5,12,8,5,1,1.0,0,0.0,2022,H,,,0,0.0,0.0,0.0,0,1,0.3333333333333333,1.3928571428571428,1.1929824561403508,0.9210526315789473,-0.9210526315789473,-2.631578947368421,109.448206608036
2022-01-15,Everton,Norwich City,1,2,H,14,12,3,5,12,14,8,8,1,,0,,2022,A,3.0,0.0,0,0.0,0.0,0.0,0,1,0.3333333333333333,1.368421052631579,0.6190476190476191,0.9210526315789473,-0.9210526315789473,-2.545488721804511,106.9027178862315
2022-01-22,Everton,Aston Villa,0,1,A,15,8,1,3,14,16,9,2,5,3.0,0,0.0,2022,H,,,0,0.0,0.0,0.0,0,5,0.0,1.3448275862068966,1.3728813559322033,0.9210526315789473,-0.9210526315789473,-3.6585637823371986,103.24415410389429
2022-02-08,Everton,Newcastle United,1,3,H,20,11,9,3,13,13,6,2,3,,0,,2022,A,2.0,0.0,0,0.0,0.0,0.0,0,3,0.0,1.3220338983050848,1.05,0.9210526315789473,-0.9210526315789473,-3.1101315789473682,100.13402252494693
2022-02-12,Everton,Leeds United,3,0,H,21,7,10,0,8,9,5,3,1,1.0,0,0.0,2022,H,,,3,0.0,0.0,0.0,1,1,1.0,1.35,1.3442622950819672,0.9210526315789473,2.0789473684210527,5.645729076790336,105.77975160173726
2022-02-19,Everton,Southampton,0,2,H,19,9,11,0,6,9,4,4,2,,0,,2022,A,0.0,0.0,0,0.0,0.0,0.0,0,2,1.0,1.3278688524590163,1.1904761904761905,0.9210526315789473,-0.9210526315789473,-2.8812030075187964,102.89854859421847
2022-02-26,Everton,Manchester City,0,1,A,6,13,2,8,7,14,3,4,3,2.0,0,0.0,2022,H,,,0,0.0,0.0,0.0,0,3,1.0,1.3064516129032258,2.3384615384615386,0.9210526315789473,-0.9210526315789473,-3.303400809716599,99.59514778450188
2022-03-07,Everton,Tottenham Hotspur,0,5,H,14,6,7,0,15,10,5,2,0,,0,,2022,A,2.0,0.0,0,0.0,0.0,0.0,0,0,0.0,1.2857142857142858,1.671875,0.9210526315789473,-0.9210526315789473,-2.4534128289473682,97.1417349555545
2022-03-13,Everton,Wolverhampton Wanderers,0,1,A,8,14,2,3,13,11,5,2,2,1.0,1,0.0,2022,H,,,0,0.0,0.0,0.0,0,4,0.0,1.265625,1.3582089552238803,0.9210526315789473,-0.9210526315789473,-3.40636292223095,93.73537203332356
2022-03-17,Everton,Newcastle United,1,0,H,9,17,3,6,13,11,5,7,2,1.0,1,0.0,2022,H,,,3,0.0,0.0,0.0,1,4,1.0,1.2923076923076924,1.1343283582089552,0.9210526315789473,2.0789473684210527,4.927219167321288,98.66259120064484
2022-04-03,Everton,West Ham United,1,2,H,11,13,5,2,9,12,2,4,1,,1,,2022,A,1.0,0.0,0,0.0,0.0,0.0,0,3,1.0,1.2727272727272727,1.681159420289855,0.9210526315789473,-0.9210526315789473,-3.204805491990846,95.457785708654
2022-04-06,Everton,Burnley,2,3,H,13,16,4,4,11,16,9,6,2,,0,,2022,A,2.0,0.0,0,0.0,0.0,0.0,0,2,1.0,1.2537313432835822,0.9402985074626866,0.9210526315789473,-0.9210526315789473,-2.843676355066771,92.61410935358722
2022-04-09,Everton,Manchester United,1,0,H,7,12,3,4,4,10,5,7,2,2.0,0,0.0,2022,H,,,3,0.0,0.0,0.0,1,2,1.0,1.2794117647058822,1.8115942028985508,0.9210526315789473,2.0789473684210527,5.325629290617849,97.93973864420508
2022-04-20,Everton,Leicester City,1,1,D,13,11,3,3,8,17,5,4,3,1.0,0,0.0,2022,H,,,1,0.0,0.0,0.0,0,3,1.3333333333333333,1.2753623188405796,1.5507246376811594,0.9210526315789473,0.07894736842105265,-0.6852402745995423,97.25449836960553
2022-04-24,Everton,Liverpool,0,2,H,18,9,4,1,8,8,13,1,5,,0,,2022,A,2.0,0.0,0,0.0,0.0,0.0,0,5,1.3333333333333333,1.2571428571428571,2.084507042253521,0.9210526315789473,-0.9210526315789473,-3.7653076352853962,93.48919073432013
2022-05-01,Everton,Chelsea,1,0,H,9,17,4,5,9,12,3,8,3,5.0,0,0.0,2022,H,,,3,0.0,0.0,0.0,1,3,1.3333333333333333,1.2816901408450705,1.8472222222222223,0.9210526315789473,2.0789473684210527,5.070285087719298,98.55947582203943
2022-05-08,Everton,Leicester City,2,1,A,16,10,9,4,11,6,6,1,0,,0,,2022,A,3.0,0.0,3,0.0,0.0,0.0,0,0,2.0,1.3055555555555556,1.5,0.9210526315789473,2.0789473684210527,5.072368421052632,103.63184424309206
2022-05-11,Everton,Watford,0,0,D,6,16,0,5,5,12,1,13,2,,0,,2022,A,1.0,0.0,1,0.0,0.0,0.0,1,2,2.3333333333333335,1.3013698630136987,0.6388888888888888,0.9210526315789473,0.07894736842105265,0.5015350877192983,104.13337933081135
2022-05-15,Everton,Brentford,2,3,A,10,18,5,7,8,8,5,2,0,3.0,2,0.0,2022,H,,,0,0.0,0.0,0.0,0,4,1.3333333333333333,1.2837837837837838,1.2432432432432432,0.9210526315789473,-0.9210526315789473,-3.3891180654338546,100.7442612653775
2022-05-19,Everton,Crystal Palace,3,2,H,12,7,6,5,9,13,4,5,2,3.0,0,0.0,2022,H,,,3,0.0,0.0,0.0,0,2,1.3333333333333333,1.3066666666666666,1.1866666666666668,0.9210526315789473,2.0789473684210527,4.619368421052632,105.36362968643013
2022-05-22,Everton,Arsenal,1,5,H,26,6,9,2,8,9,12,2,1,,0,,2022,A,0.0,0.0,0,0.0,0.0,0.0,0,1,1.0,1.2894736842105263,1.7105263157894737,0.9210526315789473,-0.9210526315789473,-2.7092105263157893,102.65441916011434
2022-08-06,Everton,Chelsea,0,1,A,8,15,4,6,14,11,4,16,3,2.0,0,0.0,2022,H,,,0,0.0,0.0,0.0,0,3,1.0,1.2727272727272727,1.87012987012987,0.9210526315789473,-0.9210526315789473,-3.2331510594668487,99.4212681006475
2022-08-13,Everton,Aston Villa,1,2,H,12,15,4,4,9,7,5,8,1,,0,,2022,A,4.0,0.0,0,0.0,0.0,0.0,0,1,0.0,1.2564102564102564,1.3205128205128205,0.9210526315789473,-0.9210526315789473,-2.6507085020242913,96.77055959862321
2022-08-20,Everton,Nottingham Forest,1,1,D,19,14,8,5,6,9,6,2,3,2.0,0,0.0,2022,H,,,1,0.0,0.0,0.0,0,3,0.3333333333333333,1.2531645569620251,1.3333333333333333,0.9210526315789473,0.07894736842105265,-0.6526315789473683,96.11792801967583
2022-08-27,Everton,Brentford,1,1,D,19,14,5,7,8,8,8,5,2,,0,,2022,A,2.0,0.0,1,0.0,0.0,0.0,0,2,0.6666666666666666,1.25,1.2142857142857142,0.9210526315789473,0.07894736842105265,-0.38477443609022555,95.7331535835856
2022-08-30,Everton,Leeds United,1,1,D,14,7,5,2,10,9,10,2,3,,0,,2022,A,3.0,0.0,1,0.0,0.0,0.0,0,3,1.0,1.2469135802469136,1.2962962962962965,0.9210526315789473,0.07894736842105265,-0.6470760233918128,95.08607756019379
2022-09-03,Everton,Liverpool,0,0,D,14,23,3,8,7,11,7,9,2,2.0,0,0.0,2022,H,,,1,0.0,0.0,0.0,1,2,1.0,1.2439024390243902,2.073170731707317,0.9210526315789473,0.07894736842105265,0.28639281129653416,95.37247037149032
2022-09-18,Everton,West Ham United,1,0,H,7,14,2,4,8,11,5,14,3,1.0,0,0.0,2022,H,,,3,0.0,0.0,0.0,1,3,1.6666666666666667,1.2650602409638554,1.5060240963855422,0.9210526315789473,2.0789473684210527,5.1214648065948,100.49393517808514
2022-10-01,Everton,Southampton,2,1,A,22,12,6,5,11,10,7,6,2,,0,,2022,A,2.0,0.0,3,0.0,0.0,0.0,0,2,2.3333333333333335,1.2857142857142858,1.0714285714285714,0.9210526315789473,2.0789473684210527,4.636654135338346,105.13058931342349
2022-10-09,Everton,Manchester United,1,2,A,11,12,2,4,7,13,5,4,2,1.0,0,0.0,2022,H,,,0,0.0,0.0,0.0,0,2,2.0,1.2705882352941176,1.75,0.9210526315789473,-0.9210526315789473,-2.9651315789473682,102.1654577344761
2022-10-15,Everton,Tottenham Hotspur,0,2,H,21,4,7,0,12,13,7,1,4,,0,,2022,A,1.0,0.0,0,0.0,0.0,0.0,0,4,1.0,1.255813953488372,1.813953488372093,0.9210526315789473,-0.9210526315789473,-3.474724602203182,98.69073313227292
2022-10-19,Everton,Newcastle United,0,1,H,16,1,4,0,9,12,8,2,4,,0,,2022,A,2.0,0.0,0,0.0,0.0,0.0,0,4,0.0,1.2413793103448276,1.2873563218390804,0.9210526315789473,-0.9210526315789473,-3.39573502722323,95.2949981050497
2022-10-22,Everton,Crystal Palace,3,0,H,9,9,6,2,16,14,3,4,3,4.0,0,0.0,2022,H,,,3,0.0,0.0,0.0,1,3,1.0,1.2613636363636365,1.206896551724138,0.9210526315789473,2.0789473684210527,5.16633393829401,100.4613320433437
2022-10-29,Everton,Fulham,0,0,D,24,9,6,4,10,8,13,4,1,,0,,2022,A,2.0,0.0,1,0.0,0.0,0.0,1,1,1.3333333333333333,1.2584269662921348,0.9215686274509804,0.9210526315789473,0.07894736842105265,0.7091331269349846,101.17046517027869
2022-11-05,Everton,Leicester City,0,2,A,12,22,2,8,9,5,8,3,0,0.0,0,0.0,2022,H,,,0,0.0,0.0,0.0,0,0,1.3333333333333333,1.2444444444444445,1.4666666666666666,0.9210526315789473,-0.9210526315789473,-2.422631578947368,98.74783359133133
2022-11-12,Everton,Bournemouth,0,3,H,16,15,9,3,12,8,3,5,0,,0,,2022,A,2.0,0.0,0,0.0,0.0,0.0,0,0,0.3333333333333333,1.2307692307692308,1.0666666666666669,0.9210526315789473,-0.9210526315789473,-2.362631578947368,96.38520201238396
2022-12-26,Everton,Wolverhampton Wanderers,1,2,A,12,7,6,4,9,22,2,2,1,6.0,0,0.0,2022,H,,,0,0.0,0.0,0.0,0,1,0.0,1.2173913043478262,1.184782608695652,0.9210526315789473,-0.9210526315789473,-2.630348970251716,93.75485304213224
2022-12-31,Everton,Manchester City,1,1,D,16,2,3,1,13,14,7,1,4,,0,,2022,A,3.0,0.0,1,0.0,0.0,0.0,0,4,0.3333333333333333,1.2150537634408602,2.3369565217391304,0.9210526315789473,0.07894736842105265,-1.053175057208238,92.701677984924
2023-01-03,Everton,Brighton and Hove Albion,1,4,A,10,19,4,8,8,10,5,2,3,1.0,0,0.0,2023,H,,,0,0.0,0.0,0.0,0,3,0.3333333333333333,1.202127659574468,1.2795698924731185,1.146341463414634,-1.146341463414634,-3.707789142407553,88.99388884251644
2023-01-14,Everton,Southampton,1,2,A,12,13,4,5,7,19,6,4,0,3.0,0,0.0,2023,H,,,0,0.0,0.0,0.0,0,0,0.3333333333333333,1.1894736842105262,1.0315789473684212,1.146341463414634,-1.146341463414634,-2.920590500641848,86.07329834187459
2023-01-21,Everton,West Ham United,0,2,H,11,5,4,2,9,6,4,9,1,,0,,2023,A,1.0,0.0,0,0.0,0.0,0.0,0,1,0.0,1.1770833333333333,1.4479166666666667,1.146341463414634,-1.146341463414634,-3.2330411585365852,82.84025718333801
2023-02-04,Everton,Arsenal,1,0,H,12,15,4,3,13,8,7,5,4,1.0,0,0.0,2023,H,,,3,0.0,0.0,0.0,1,4,1.0,1.1958762886597938,1.875,1.146341463414634,1.853658536585366,4.252896341463415,87.09315352480142
2023-02-13,Everton,Liverpool,0,2,H,15,6,6,1,8,16,3,3,3,,0,,2023,A,1.0,0.0,0,0.0,0.0,0.0,0,3,1.0,1.183673469387755,1.9896907216494848,1.146341463414634,-1.146341463414634,-3.814307266784008,83.27884625801741
2023-02-18,Everton,Leeds United,1,0,H,15,8,6,0,8,6,6,4,2,3.0,0,0.0,2023,H,,,3,0.0,0.0,0.0,1,2,2.0,1.202020202020202,1.1717171717171715,1.146341463414634,1.853658536585366,4.858388765705839,88.13723502372326
2023-02-25,Everton,Aston Villa,0,2,A,15,9,5,5,12,12,5,1,2,1.0,0,0.0,2023,H,,,0,0.0,0.0,0.0,0,2,1.0,1.19,1.31,1.146341463414634,-1.146341463414634,-3.462353658536585,84.67488136518668
2023-03-01,Everton,Arsenal,0,4,H,15,8,5,5,5,12,5,1,2,,0,,2023,A,0.0,0.0,0,0.0,0.0,0.0,0,2,1.0,1.1782178217821782,1.881188118811881,1.146341463414634,-1.146341463414634,-3.548031876358367,81.1268494888283
2023-03-05,Everton,Nottingham Forest,2,2,D,10,10,4,3,11,17,3,3,5,,0,,2023,A,3.0,0.0,1,0.0,0.0,0.0,0,5,0.3333333333333333,1.1764705882352942,1.04,1.146341463414634,-0.14634146341463405,-1.671853658536585,79.45499583029172
2023-03-11,Everton,Brentford,1,0,H,13,12,6,4,11,12,5,8,2,1.0,0,0.0,2023,H,,,3,0.0,0.0,0.0,1,2,1.3333333333333333,1.194174757281553,1.3333333333333333,1.146341463414634,1.853658536585366,4.8341463414634145,84.28914217175515
2023-03-18,Everton,Chelsea,2,2,D,20,12,7,3,8,12,8,2,2,,0,,2023,A,2.0,0.0,1,0.0,0.0,0.0,0,2,1.6666666666666667,1.1923076923076923,1.7378640776699028,1.146341463414634,-0.14634146341463405,-1.0265332701870704,83.26260890156806
2023-04-03,Everton,Tottenham Hotspur,1,1,D,15,8,6,2,10,14,3,3,0,3.0,1,1.0,2023,H,,,1,0.0,0.0,0.0,0,2,1.6666666666666667,1.1904761904761905,1.7428571428571429,1.146341463414634,-0.14634146341463405,-1.0272822299651565,82.2353266716029
2023-04-08,Everton,Manchester United,0,2,H,29,15,11,1,10,9,10,4,0,,0,,2023,A,0.0,0.0,0,0.0,0.0,0.0,0,0,0.6666666666666666,1.179245283018868,1.7904761904761906,1.146341463414634,-1.146341463414634,-3.034425087108014,79.20090158449489
2023-04-15,Everton,Fulham,1,3,A,15,21,7,7,10,6,4,8,3,2.0,0,0.0,2023,H,,,0,0.0,0.0,0.0,0,3,0.3333333333333333,1.1682242990654206,1.0294117647058822,1.146341463414634,-1.146341463414634,-3.6702654232424674,75.53063616125243
2023-04-22,Everton,Crystal Palace,0,0,D,12,10,2,5,12,14,8,1,1,,1,,2023,A,1.0,0.0,1,0.0,0.0,0.0,1,3,0.3333333333333333,1.1666666666666667,1.1944444444444444,1.146341463414634,-0.14634146341463405,-0.3950203252032518,75.13561583604917
2023-04-27,Everton,Newcastle United,1,4,A,13,15,5,8,8,6,3,14,2,1.0,0,0.0,2023,H,,,0,0.0,0.0,0.0,0,2,0.3333333333333333,1.1559633027522935,1.4444444444444444,1.146341463414634,-1.146341463414634,-3.482520325203252,71.65309551084592
2023-05-01,Everton,Leicester City,2,2,D,15,23,6,8,10,12,2,9,1,,0,,2023,A,4.0,0.0,1,0.0,0.0,0.0,0,1,0.6666666666666666,1.1545454545454543,1.3454545454545457,1.146341463414634,-0.14634146341463405,-0.7176718403547669,70.93542367049115
2023-05-08,Everton,Brighton and Hove Albion,5,1,A,23,10,5,5,11,13,15,1,5,,0,,2023,A,1.0,0.0,3,0.0,0.0,0.0,0,5,1.3333333333333333,1.1711711711711712,1.348623853211009,1.146341463414634,1.853658536585366,3.281852763481764,74.21727643397291
2023-05-14,Everton,Manchester City,0,3,A,7,9,3,4,12,4,8,6,1,0.0,0,0.0,2023,H,,,0,0.0,0.0,0.0,0,1,1.3333333333333333,1.1607142857142858,2.3783783783783785,1.146341463414634,-1.146341463414634,-3.372610415293342,70.84466601867956
2023-05-20,Everton,Wolverhampton Wanderers,1,1,D,13,19,5,4,18,10,1,7,1,,0,,2023,A,5.0,0.0,1,0.0,0.0,0.0,0,1,1.3333333333333333,1.15929203539823,1.2123893805309736,1.146341463414634,-0.14634146341463405,-0.6977120656162312,70.14695395306333
2023-05-28,Everton,Bournemouth,1,0,H,13,7,6,2,11,12,9,3,1,3.0,0,0.0,2023,H,,,3,0.0,0.0,0.0,1,1,1.3333333333333333,1.1754385964912282,1.0263157894736843,1.146341463414634,1.853658536585366,5.130198973042362,75.2771529261057
2023-08-12,Everton,Fulham,0,1,A,19,9,9,2,12,6,10,4,0,2.0,0,0.0,2023,H,,,0,0.0,0.0,0.0,0,0,1.3333333333333333,1.1652173913043478,1.077922077922078,1.146341463414634,-1.146341463414634,-2.927541970224897,72.3496109558808
2023-08-20,Everton,Aston Villa,0,4,H,13,9,7,2,8,12,7,6,4,,0,,2023,A,3.0,0.0,0,0.0,0.0,0.0,0,4,1.0,1.1551724137931034,1.4137931034482758,1.146341463414634,-1.146341463414634,-3.9779226240538264,68.37168833182699
2023-08-26,Everton,Wolverhampton Wanderers,0,1,A,15,11,7,2,10,14,7,0,3,4.0,0,0.0,2023,H,,,0,0.0,0.0,0.0,0,3,0.0,1.1452991452991452,1.1965811965811963,1.146341463414634,-1.146341463414634,-3.6953408380237645,64.67634749380322
2023-09-02,Everton,Sheffield United,2,2,D,13,16,8,6,11,13,4,6,2,,0,,2023,A,1.0,0.0,1,0.0,0.0,0.0,0,2,0.3333333333333333,1.1440677966101696,0.5714285714285714,1.146341463414634,-0.14634146341463405,-0.8515679442508709,63.824779549552346
2023-09-17,Everton,Arsenal,0,1,A,8,13,1,4,12,10,1,11,1,1.0,0,0.0,2023,H,,,0,0.0,0.0,0.0,0,1,0.3333333333333333,1.134453781512605,1.907563025210084,1.146341463414634,-1.146341463414634,-3.3019881123180976,60.52279143723425
2023-09-23,Everton,Brentford,3,1,A,12,18,2,6,9,12,1,4,2,,0,,2023,A,2.0,0.0,3,0.0,0.0,0.0,0,2,1.3333333333333333,1.15,1.353658536585366,1.146341463414634,1.853658536585366,4.03109756097561,64.55388899820986
2023-09-30,Everton,Luton Town,1,2,A,23,9,5,2,8,10,3,6,0,1.0,0,0.0,2023,H,,,0,0.0,0.0,0.0,0,0,1.0,1.140495867768595,0.6666666666666666,1.146341463414634,-1.146341463414634,-2.8658536585365852,61.68803533967328
2023-10-07,Everton,Bournemouth,3,0,H,25,11,8,4,14,15,8,7,1,2.0,0,0.0,2023,H,,,3,0.0,0.0,0.0,1,1,2.0,1.1557377049180328,0.9130434782608696,1.146341463414634,1.853658536585366,5.147189819724284,66.83522515939757
2023-10-21,Everton,Liverpool,0,2,H,26,6,6,1,9,9,12,4,1,,1,,2023,A,1.0,0.0,0,0.0,0.0,0.0,0,3,1.0,1.146341463414634,2.016260162601626,1.146341463414634,-1.146341463414634,-3.818292682926829,63.01693247647073
2023-10-29,Everton,West Ham United,1,0,A,12,10,2,4,7,11,4,3,1,,0,,2023,A,4.0,0.0,3,0.0,0.0,0.0,1,1,2.0,1.1612903225806452,1.4112903225806452,1.146341463414634,1.853658536585366,5.072452793076318,68.08938526954705
2023-11-04,Everton,Brighton and Hove Albion,1,1,D,10,7,4,2,15,5,3,3,4,2.0,0,0.0,2023,H,,,1,0.0,0.0,0.0,0,4,1.3333333333333333,1.16,1.376,1.146341463414634,-0.14634146341463405,-1.472253658536585,66.61713161101045
2023-11-11,Everton,Crystal Palace,3,2,A,13,8,4,4,9,18,9,2,4,,0,,2023,A,1.0,0.0,3,0.0,0.0,0.0,0,4,2.3333333333333335,1.1746031746031746,1.2063492063492065,1.146341463414634,1.853658536585366,3.553193960511034,70.17032557152149
2023-11-26,Everton,Manchester United,0,3,A,24,9,6,4,10,8,6,5,3,0.0,0,0.0,2023,H,,,0,0.0,0.0,0.0,0,3,1.3333333333333333,1.1653543307086611,1.8188976377952757,1.146341463414634,-1.146341463414634,-3.7886883042058765,66.38163726731561
2023-12-02,Everton,Nottingham Forest,1,0,A,13,12,2,3,15,14,4,3,0,,0,,2023,A,1.0,0.0,3,0.0,0.0,0.0,1,0,2.0,1.1796875,0.9807692307692308,1.146341463414634,1.853658536585366,5.38703095684803,71.76866822416363
2023-12-07,Everton,Newcastle United,3,0,H,21,13,6,3,18,8,5,2,3,0.0,0,0.0,2023,H,,,3,0.0,0.0,0.0,1,3,2.0,1.193798449612403,1.4806201550387597,1.146341463414634,1.853658536585366,4.5620533182076,76.33072154237124
2023-12-10,Everton,Chelsea,2,0,H,9,16,5,4,12,12,4,8,2,2.0,0,0.0,2023,H,,,3,0.0,0.0,0.0,1,2,3.0,1.2076923076923076,1.5692307692307692,1.146341463414634,1.853658536585366,4.7987617260788,81.12948326845004
2023-12-16,Everton,Burnley,2,0,A,14,9,2,6,9,8,8,6,1,,0,,2023,A,0.0,0.0,3,0.0,0.0,0.0,1,1,3.0,1.2213740458015268,0.8817204301075269,1.146341463414634,1.853658536585366,5.151888276947286,86.28137154539733
2023-12-23,Everton,Tottenham Hotspur,1,2,H,13,18,6,8,6,18,3,8,4,,0,,2023,A,1.0,0.0,0,0.0,0.0,0.0,0,4,2.0,1.2121212121212122,1.7348484848484849,1.146341463414634,-1.146341463414634,-4.026080931263858,82.25529061413349
2023-12-27,Everton,Manchester City,1,3,A,7,23,2,9,13,5,8,4,4,2.0,0,0.0,2023,H,,,0,0.0,0.0,0.0,0,4,1.0,1.2030075187969924,2.310606060606061,1.146341463414634,-1.146341463414634,-4.112444567627494,78.14284604650598
2023-12-30,Everton,Wolverhampton Wanderers,0,3,H,12,10,6,0,9,14,5,2,3,,0,,2023,A,2.0,0.0,0,0.0,0.0,0.0,0,3,0.0,1.1940298507462686,1.2313432835820894,1.146341463414634,-1.146341463414634,-3.7005551510738988,74.44229089543208
2024-01-14,Everton,Aston Villa,0,0,D,10,16,2,5,13,14,4,5,1,4.0,0,0.0,2024,H,,,1,0.0,0.0,0.0,1,1,0.3333333333333333,1.1925925925925926,1.511111111111111,1.0833333333333333,-0.08333333333333326,0.21500000000000025,74.65729089543208
2024-01-30,Everton,Fulham,0,0,D,25,21,6,4,6,13,15,6,2,,0,,2024,A,1.0,0.0,1,0.0,0.0,0.0,1,2,0.6666666666666666,1.1911764705882353,1.0714285714285714,1.0833333333333333,-0.08333333333333326,0.030952380952381203,74.68824327638447
2024-02-03,Everton,Tottenham Hotspur,2,2,D,14,9,5,6,8,14,9,5,3,0.0,0,0.0,2024,H,,,1,0.0,0.0,0.0,0,3,1.0,1.1897810218978102,1.72992700729927,1.0833333333333333,-0.08333333333333326,-1.1178223844282236,73.57042089195625
2024-02-10,Everton,Manchester City,0,2,H,19,5,3,1,6,11,9,0,2,,0,,2024,A,0.0,0.0,0,0.0,0.0,0.0,0,2,0.6666666666666666,1.181159420289855,2.335766423357664,1.0833333333333333,-1.0833333333333333,-3.4586982968369826,70.11172259511926
2024-02-19,Everton,Crystal Palace,1,1,D,19,10,4,4,8,12,3,6,0,2.0,0,0.0,2024,H,,,1,0.0,0.0,0.0,0,0,0.6666666666666666,1.1798561151079137,1.1654676258992809,1.0833333333333333,-0.08333333333333326,-0.28315347721822526,69.82856911790103
2024-02-24,Everton,Brighton and Hove Albion,1,1,D,23,6,7,3,9,14,11,3,3,,0,,2024,A,2.0,1.0,1,0.0,0.0,0.0,0,3,0.6666666666666666,1.1785714285714286,1.3785714285714286,1.0833333333333333,-0.08333333333333326,-1.0651190476190473,68.76345007028198
2024-03-02,Everton,West Ham United,1,3,A,22,12,11,5,9,6,4,5,1,2.0,0,0.0,2024,H,,,0,0.0,0.0,0.0,0,1,0.6666666666666666,1.1702127659574468,1.4397163120567376,1.0833333333333333,-1.0833333333333333,-3.0742907801418435,65.68915929014014
2024-03-09,Everton,Manchester United,0,2,H,15,23,8,6,13,11,5,8,2,,0,,2024,A,1.0,0.0,0,0.0,0.0,0.0,0,2,0.3333333333333333,1.1619718309859155,1.7887323943661972,1.0833333333333333,-1.0833333333333333,-3.3766431924882627,62.31251609765188
2024-03-30,Everton,Bournemouth,1,2,H,11,7,4,3,14,11,9,8,2,,0,,2024,A,1.0,0.0,0,0.0,0.0,0.0,0,2,0.0,1.1538461538461535,1.1492537313432836,1.0833333333333333,-1.0833333333333333,-3.2807213930348254,59.031794704617056
2024-04-02,Everton,Newcastle United,1,1,D,18,10,6,3,9,14,7,3,3,,0,,2024,A,0.0,0.0,1,0.0,0.0,0.0,0,3,0.3333333333333333,1.1527777777777777,1.4513888888888888,1.0833333333333333,-0.08333333333333326,-1.0760416666666663,57.95575303795039
2024-04-06,Everton,Burnley,1,0,H,12,6,3,1,11,13,3,5,2,1.0,0,1.0,2024,H,,,3,0.0,0.0,0.0,1,2,1.3333333333333333,1.1655172413793105,0.8611111111111112,1.0833333333333333,1.9166666666666667,5.0625,63.01825303795039
2024-04-15,Everton,Chelsea,0,6,H,14,10,10,2,5,21,4,8,4,,0,,2024,A,1.0,0.0,0,0.0,0.0,0.0,0,4,1.3333333333333333,1.1575342465753424,1.6,1.0833333333333333,-1.0833333333333333,-3.848333333333333,59.16991970461706
2024-04-21,Everton,Nottingham Forest,2,0,H,7,8,4,3,15,9,6,4,3,2.0,0,0.0,2024,H,,,3,0.0,0.0,0.0,1,3,2.0,1.1700680272108843,0.9444444444444444,1.0833333333333333,1.9166666666666667,4.8,63.969919704617055
2024-04-24,Everton,Liverpool,2,0,H,16,23,6,7,6,13,4,13,0,3.0,0,0.0,2024,H,,,3,0.0,0.0,0.0,1,0,2.0,1.1824324324324325,2.0405405405405403,1.0833333333333333,1.9166666666666667,5.385585585585585,69.35550529020264
2024-04-27,Everton,Brentford,1,0,H,18,10,1,4,10,12,6,6,1,2.0,0,0.0,2024,H,,,3,0.0,0.0,0.0,1,1,3.0,1.1946308724832215,1.2612612612612613,1.0833333333333333,1.9166666666666667,5.252477477477477,74.60798276768011
2024-05-03,Everton,Luton Town,1,1,D,18,10,5,3,14,12,8,7,3,,0,,2024,A,1.0,0.0,1,0.0,0.0,0.0,0,3,2.3333333333333335,1.1933333333333334,0.7222222222222222,1.0833333333333333,-0.08333333333333326,-0.9666666666666665,73.64131610101344
2024-05-11,Everton,Sheffield United,1,0,H,15,13,6,1,6,11,3,6,1,2.0,0,0.0,2024,H,,,3,0.0,0.0,0.0,1,1,2.3333333333333335,1.205298013245033,0.52,1.0833333333333333,1.9166666666666667,5.363666666666666,79.00498276768012
2024-05-19,Everton,Arsenal,1,2,H,26,5,5,2,8,11,8,1,3,,0,,2024,A,4.0,0.0,0,0.0,0.0,0.0,0,3,1.3333333333333333,1.1973684210526316,1.993421052631579,1.0833333333333333,-1.0833333333333333,-3.6573464912280698,75.34763627645205
2024-08-17,Everton,Brighton and Hove Albion,0,3,A,9,10,1,5,8,8,1,5,1,1.0,1,0.0,2024,H,,,0,0.0,0.0,0.0,0,3,1.0,1.1895424836601307,1.3398692810457515,1.0833333333333333,-1.0833333333333333,-3.559313725490196,71.78832255096185
2024-08-24,Everton,Tottenham Hotspur,0,4,H,13,10,7,1,11,15,12,5,0,,0,,2024,A,0.0,0.0,0,0.0,0.0,0.0,0,0,0.0,1.181818181818182,1.707792207792208,1.0833333333333333,-1.0833333333333333,-2.864502164502164,68.92382038645968
2024-08-31,Everton,Bournemouth,2,3,A,18,17,8,7,6,1,8,4,2,1.0,0,0.0,2024,H,,,0,0.0,0.0,0.0,0,2,0.0,1.1741935483870969,1.1645569620253164,1.0833333333333333,-1.0833333333333333,-3.2830168776371305,65.64080350882256
2024-09-14,Everton,Aston Villa,2,3,H,17,6,8,2,10,12,6,2,4,,0,,2024,A,1.0,0.0,0,0.0,0.0,0.0,0,4,0.0,1.1666666666666667,1.5256410256410255,1.0833333333333333,-1.0833333333333333,-3.837179487179487,61.803624021643074
2024-09-21,Everton,Leicester City,1,1,D,12,16,2,5,11,12,6,1,2,,0,,2024,A,1.0,0.0,1,0.0,0.0,0.0,0,2,0.3333333333333333,1.1656050955414012,1.3025210084033614,1.0833333333333333,-0.08333333333333326,-0.8037114845938373,60.99991253704924
2024-09-28,Everton,Crystal Palace,2,1,H,8,17,2,5,13,11,5,8,2,1.0,0,0.0,2024,H,,,3,0.0,0.0,0.0,0,2,1.3333333333333333,1.1772151898734178,1.1962025316455696,1.0833333333333333,1.9166666666666667,4.212236286919831,65.21214882396907
2024-10-05,Everton,Newcastle United,0,0,D,8,14,2,3,12,8,0,10,1,2.0,0,0.0,2024,H,,,1,0.0,0.0,0.0,1,1,1.6666666666666667,1.1761006289308176,1.490566037735849,1.0833333333333333,-0.08333333333333326,0.21808176100628957,65.43023058497536
2024-10-19,Everton,Ipswich Town,2,0,A,13,11,2,8,12,10,5,8,1,,0,,2024,A,1.0,0.0,3,0.0,0.0,0.0,1,1,2.3333333333333335,1.1875,0.5,1.0833333333333333,1.9166666666666667,5.366666666666666,70.79689725164204
2024-10-26,Everton,Fulham,1,1,D,10,14,5,3,8,8,4,2,1,0.0,0,0.0,2024,H,,,1,0.0,0.0,0.0,0,1,1.6666666666666667,1.186335403726708,1.1300813008130082,1.0833333333333333,-0.08333333333333326,-0.5278455284552844,70.26905172318675
2024-11-02,Everton,Southampton,0,1,H,9,16,2,5,14,18,3,6,2,,0,,2024,A,4.0,0.0,0,0.0,0.0,0.0,0,2,1.3333333333333333,1.1790123456790125,0.9032258064516128,1.0833333333333333,-1.0833333333333333,-3.2438172043010747,67.02523451888567
2024-11-09,Everton,West Ham United,0,0,D,11,18,6,4,10,9,7,6,2,,0,,2024,A,1.0,0.0,1,0.0,0.0,0.0,1,2,0.6666666666666666,1.177914110429448,1.3803680981595092,1.0833333333333333,-0.08333333333333326,-0.015388548057259477,67.00984597082841
2024-11-23,Everton,Brentford,0,0,D,27,9,5,2,8,10,10,4,0,0.0,0,1.0,2024,H,,,1,0.0,0.0,0.0,1,0,0.6666666666666666,1.1768292682926829,1.2777777777777777,1.0833333333333333,-0.08333333333333326,0.5000000000000002,67.50984597082841
2024-12-01,Everton,Manchester United,0,4,H,11,8,5,2,12,12,2,2,3,,0,,2024,A,2.0,0.0,0,0.0,0.0,0.0,0,3,0.6666666666666666,1.1696969696969697,1.7333333333333334,1.0833333333333333,-1.0833333333333333,-3.6183333333333327,63.89151263749507
2024-12-04,Everton,Wolverhampton Wanderers,4,0,H,13,6,4,2,10,8,3,4,2,0.0,0,0.0,2024,H,,,3,0.0,0.0,0.0,1,2,1.3333333333333333,1.180722891566265,1.1566265060240963,1.0833333333333333,1.9166666666666667,5.018172690763052,68.90968532825812
2024-12-14,Everton,Arsenal,0,0,D,13,2,5,0,6,9,8,2,3,,0,,2024,A,0.0,0.0,1,0.0,0.0,0.0,1,3,1.3333333333333333,1.1796407185628743,1.9821428571428572,1.0833333333333333,-0.08333333333333326,-0.35565476190476164,68.55403056635336
2024-12-22,Everton,Chelsea,0,0,D,5,12,4,5,20,12,2,5,4,1.0,0,0.0,2024,H,,,1,0.0,0.0,0.0,1,4,1.6666666666666667,1.1785714285714286,1.6745562130177514,1.0833333333333333,-0.08333333333333326,-0.5595167652859958,67.99451380106737
2024-12-26,Everton,Manchester City,1,1,D,24,8,5,3,5,10,8,5,4,,0,,2024,A,1.0,0.0,1,0.0,0.0,0.0,0,4,1.0,1.1775147928994083,2.276470588235294,1.0833333333333333,-0.08333333333333326,-1.449803921568627,66.54470987949874
2024-12-29,Everton,Nottingham Forest,0,2,A,13,11,2,7,13,10,5,4,4,1.0,0,0.0,2024,H,,,0,0.0,0.0,0.0,0,4,0.6666666666666666,1.1705882352941177,1.168421052631579,1.0833333333333333,-1.0833333333333333,-3.78359649122807,62.76111338827067
2025-01-04,Everton,Bournemouth,0,1,H,19,9,8,0,15,14,9,3,2,,0,,2025,A,2.0,0.0,0,0.0,0.0,0.0,0,2,0.3333333333333333,1.1637426900584795,1.25,1.4838709677419355,-1.4838709677419355,-4.297177419354839,58.463935968915834
2025-01-15,Everton,Aston Villa,0,1,A,10,11,3,3,17,10,8,5,2,1.0,0,0.0,2025,H,,,0,0.0,0.0,0.0,0,2,0.0,1.1569767441860466,1.5260115606936415,1.4838709677419355,-1.4838709677419355,-4.338579153458886,54.12535681545695
2025-01-19,Everton,Tottenham Hotspur,3,2,H,12,11,6,6,14,14,3,8,2,1.0,0,0.0,2025,H,,,3,0.0,0.0,0.0,0,2,1.0,1.1676300578034682,1.6264367816091954,1.4838709677419355,1.5161290322580645,3.146357063403782,57.27171387886074
2025-01-25,Everton,Brighton and Hove Albion,1,0,A,16,3,1,1,8,11,9,1,4,,0,,2025,A,3.0,0.0,3,0.0,0.0,0.0,1,4,2.0,1.1781609195402298,1.3485714285714283,1.4838709677419355,1.5161290322580645,3.4880368663594465,60.75975074522019
2025-02-01,Everton,Leicester City,4,0,H,13,9,7,1,7,13,5,6,0,0.0,0,0.0,2025,H,,,3,0.0,0.0,0.0,1,0,3.0,1.1885714285714286,1.2246376811594204,1.4838709677419355,1.5161290322580645,4.506626928471247,65.26637767369144
2025-02-12,Everton,Liverpool,2,2,D,10,6,3,4,9,20,2,3,2,2.0,1,1.0,2025,H,,,1,0.0,0.0,0.0,0,4,2.3333333333333335,1.1875,2.085227272727273,1.4838709677419355,-0.4838709677419355,-2.42246151026393,62.84391616342751
2025-02-15,Everton,Crystal Palace,2,1,A,17,11,6,6,9,12,6,2,1,,0,,2025,A,0.0,0.0,3,0.0,0.0,0.0,0,1,2.3333333333333335,1.1977401129943503,1.2203389830508475,1.4838709677419355,1.5161290322580645,3.457271733187534,66.30118789661503
2025-02-22,Everton,Manchester United,2,2,D,9,9,8,3,12,9,7,9,4,1.0,0,0.0,2025,H,,,1,0.0,0.0,0.0,0,4,1.6666666666666667,1.196629213483146,1.6685393258426966,1.4838709677419355,-0.4838709677419355,-2.3599583182312434,63.9412295783838
2025-02-26,Everton,Brentford,1,1,D,12,14,3,4,3,6,2,5,1,,0,,2025,A,2.0,0.0,1,0.0,0.0,0.0,0,1,1.6666666666666667,1.1955307262569832,1.2907801418439715,1.4838709677419355,-0.4838709677419355,-1.5532944406314344,62.387935137752365
2025-03-08,Everton,Wolverhampton Wanderers,1,1,D,11,12,3,4,11,16,5,5,2,,0,,2025,A,2.0,0.0,1,0.0,0.0,0.0,0,2,1.0,1.1944444444444444,1.1444444444444444,1.4838709677419355,-0.4838709677419355,-1.7813440860215053,60.60659105173086
2025-03-15,Everton,West Ham United,1,1,D,13,10,5,5,12,8,6,5,1,2.0,0,0.0,2025,H,,,1,0.0,0.0,0.0,0,1,1.0,1.1933701657458564,1.3646408839779005,1.4838709677419355,-0.4838709677419355,-1.5643735519515238,59.04221749977934
2025-04-02,Everton,Liverpool,0,1,H,17,5,3,0,7,11,11,5,2,,0,,2025,A,2.0,0.0,0,0.0,0.0,0.0,0,2,0.6666666666666666,1.1868131868131868,2.1043956043956045,1.4838709677419355,-1.4838709677419355,-4.42533676001418,54.616880739765165
2025-04-05,Everton,Arsenal,1,1,D,5,14,2,5,17,13,3,8,3,1.0,0,0.0,2025,H,,,1,0.0,0.0,0.0,0,3,0.6666666666666666,1.185792349726776,1.994535519125683,1.4838709677419355,-0.4838709677419355,-2.158857747223691,52.45802299254147
2025-04-12,Everton,Nottingham Forest,1,0,A,10,13,5,5,9,13,1,7,3,,0,,2025,A,0.0,0.0,3,0.0,0.0,0.0,1,3,1.3333333333333333,1.1956521739130437,1.212962962962963,1.4838709677419355,1.5161290322580645,3.7583781362007165,56.21640112874219
2025-04-19,Everton,Manchester City,0,2,A,8,12,3,7,7,6,2,5,4,0.0,0,0.0,2025,H,,,0,0.0,0.0,0.0,0,4,1.3333333333333333,1.1891891891891893,2.254054054054054,1.4838709677419355,-1.4838709677419355,-4.947785527462948,51.26861560127924
2025-04-26,Everton,Chelsea,0,1,H,10,6,7,3,11,11,10,2,0,,0,,2025,A,0.0,0.0,0,0.0,0.0,0.0,0,0,1.0,1.1827956989247312,1.6559139784946235,1.4838709677419355,-1.4838709677419355,-3.8580645161290326,47.4105510851502
2025-05-03,Everton,Ipswich Town,2,2,D,8,12,3,5,12,15,3,3,4,4.0,0,0.0,2025,H,,,1,0.0,0.0,0.0,0,4,0.3333333333333333,1.181818181818182,0.6285714285714286,1.4838709677419355,-0.4838709677419355,-2.203963133640553,45.20658795150965
2025-05-10,Everton,Fulham,3,1,A,18,11,6,7,15,9,5,5,0,,0,,2025,A,1.0,0.0,3,0.0,0.0,0.0,0,0,1.3333333333333333,1.1914893617021276,1.1866666666666668,1.4838709677419355,1.5161290322580645,3.712322580645161,48.91891053215481
2025-05-18,Everton,Southampton,2,0,H,13,6,5,2,6,10,4,5,1,1.0,0,0.0,2025,H,,,3,0.0,0.0,0.0,1,1,2.3333333333333335,1.2010582010582012,0.7947019867549668,1.4838709677419355,1.5161290322580645,4.321117282631915,53.24002781478673
2025-05-25,Everton,Newcastle United,1,0,A,17,14,6,6,12,9,12,3,4,,0,,2025,A,1.0,0.0,3,0.0,0.0,0.0,1,4,3.0,1.2105263157894737,1.5315789473684212,1.4838709677419355,1.5161290322580645,3.4605857385398977,56.70061355332663
2025-08-18,Everton,Leeds United,0,1,H,21,7,3,1,6,8,7,2,2,,0,,2025,A,0.0,0.0,0,0.0,0.0,0.0,0,2,2.0,1.2041884816753927,1.1391304347826088,1.4838709677419355,-1.4838709677419355,-4.280546984572231,52.42006656875441
2025-08-24,Everton,Brighton and Hove Albion,2,0,H,11,13,3,4,7,15,2,2,4,3.0,0,0.0,2025,H,,,3,0.0,0.0,0.0,1,4,2.0,1.2135416666666667,1.375,1.4838709677419355,1.5161290322580645,3.484072580645161,55.90413914939957
2025-08-30,Everton,Wolverhampton Wanderers,3,2,A,12,10,4,4,15,10,2,2,1,,0,,2025,A,0.0,0.0,3,0.0,0.0,0.0,0,1,2.0,1.2227979274611398,1.16580310880829,1.4838709677419355,1.5161290322580645,3.4654521143239174,59.36959126372349
2025-09-13,Everton,Aston Villa,0,0,D,20,7,2,1,17,15,10,3,3,3.0,0,0.0,2025,H,,,1,0.0,0.0,0.0,1,3,2.3333333333333335,1.2216494845360826,1.5309278350515465,1.4838709677419355,-0.4838709677419355,-1.2893165946125706,58.08027466911092
2025-09-20,Everton,Liverpool,1,2,H,11,9,3,2,11,10,5,4,3,,0,,2025,A,2.0,0.0,0,0.0,0.0,0.0,0,3,1.3333333333333333,1.2153846153846153,2.0974358974358975,1.4838709677419355,-1.4838709677419355,-4.674292803970224,53.4059818651407
2025-09-29,Everton,West Ham United,1,1,D,12,14,6,3,7,16,3,5,3,4.0,0,0.0,2025,H,,,1,0.0,0.0,0.0,0,3,0.6666666666666666,1.2142857142857142,1.326530612244898,1.4838709677419355,-0.4838709677419355,-2.058657011191573,51.34732485394913
2025-10-05,Everton,Crystal Palace,2,1,H,14,15,7,8,13,16,2,4,2,3.0,0,0.0,2025,H,,,3,0.0,0.0,0.0,0,2,1.3333333333333333,1.2233502538071066,1.2741116751269037,1.4838709677419355,1.5161290322580645,3.1992058293761256,54.54653068332526
2025-10-18,Everton,Manchester City,0,2,H,19,5,7,1,8,14,11,3,2,,0,,2025,A,0.0,0.0,0,0.0,0.0,0.0,0,2,1.3333333333333333,1.2171717171717171,2.2525252525252526,1.4838709677419355,-1.4838709677419355,-4.447556207233627,50.09897447609163
2025-10-26,Everton,Tottenham Hotspur,0,3,A,12,7,2,4,9,8,9,8,2,0.0,0,0.0,2025,H,,,0,0.0,0.0,0.0,0,2,1.0,1.2110552763819096,1.5778894472361809,1.4838709677419355,-1.4838709677419355,-4.346360836440266,45.75261363965136
2025-11-03,Everton,Sunderland,1,1,D,17,8,3,2,10,12,4,1,2,,0,,2025,A,3.0,0.0,1,0.0,0.0,0.0,0,2,0.3333333333333333,1.21,1.8,1.4838709677419355,-0.4838709677419355,-1.8796774193548387,43.87293622029652
2025-11-08,Everton,Fulham,2,0,H,14,8,5,4,11,14,7,5,2,2.0,0,0.0,2025,H,,,3,0.0,0.0,0.0,1,2,1.3333333333333333,1.2189054726368158,1.177914110429448,1.4838709677419355,1.5161290322580645,4.0136354640807435,47.88657168437727
2020-09-12,Fulham,Arsenal,0,3,A,5,13,2,6,12,12,2,3,2,2.0,0,0.0,2020,H,,,0,0.0,0.0,0.0,0,2,0.0,0.0,3.0,0.7333333333333333,-0.7333333333333333,-2.683333333333333,87.31666666666666
2020-09-19,Fulham,Leeds United,3,4,H,10,14,7,6,13,18,5,3,2,,0,,2020,A,1.0,0.0,0,0.0,0.0,0.0,0,2,0.0,0.0,1.5,0.7333333333333333,-0.7333333333333333,-2.458333333333333,84.85833333333333
2020-09-28,Fulham,Aston Villa,0,3,A,16,12,3,5,18,14,5,3,6,3.0,0,0.0,2020,H,,,0,0.0,0.0,0.0,0,6,0.0,0.0,3.0,0.7333333333333333,-0.7333333333333333,-3.683333333333333,81.175
2020-10-04,Fulham,Wolverhampton Wanderers,0,1,H,14,10,5,2,15,8,6,2,1,,0,,2020,A,1.0,0.0,0,0.0,0.0,0.0,0,1,0.0,0.0,1.5,0.7333333333333333,-0.7333333333333333,-2.208333333333333,78.96666666666667
2020-10-18,Fulham,Sheffield United,1,1,D,10,15,6,6,5,9,2,5,2,,0,,2020,A,0.0,0.0,1,0.0,0.0,0.0,0,2,0.3333333333333333,0.2,0.2,0.7333333333333333,0.2666666666666667,0.23666666666666675,79.20333333333333
2020-10-24,Fulham,Crystal Palace,1,2,A,16,14,3,10,11,11,4,4,0,1.0,1,0.0,2020,H,,,0,0.0,0.0,0.0,0,2,0.3333333333333333,0.1666666666666666,1.6666666666666667,0.7333333333333333,-0.7333333333333333,-2.483333333333333,76.72
2020-11-02,Fulham,West Brom,2,0,H,13,10,6,1,13,11,5,2,3,2.0,0,0.0,2020,H,,,3,0.0,0.0,0.0,1,3,1.3333333333333333,0.5714285714285714,0.4285714285714285,0.7333333333333333,2.2666666666666666,5.7523809523809515,82.47238095238096
2020-11-07,Fulham,West Ham United,0,1,H,16,13,7,3,10,9,9,5,2,,0,,2020,A,2.0,0.0,0,0.0,0.0,0.0,0,2,1.0,0.5,1.375,0.7333333333333333,-0.7333333333333333,-2.4395833333333328,80.03279761904761
2020-11-22,Fulham,Everton,2,3,A,14,9,6,7,14,10,2,5,2,0.0,0,0.0,2020,H,,,0,0.0,0.0,0.0,0,2,1.0,0.4444444444444444,1.7777777777777777,0.7333333333333333,-0.7333333333333333,-2.4999999999999996,77.53279761904761
2020-11-30,Fulham,Leicester City,2,1,A,16,10,3,5,9,21,6,5,2,,0,,2020,A,0.0,0.0,3,0.0,0.0,0.0,0,2,1.0,0.7,1.8,0.7333333333333333,2.2666666666666666,4.996666666666666,82.52946428571428
2020-12-05,Fulham,Manchester City,0,2,H,16,6,6,1,7,6,9,3,0,,0,,2020,A,0.0,0.0,0,0.0,0.0,0.0,0,0,1.0,0.6363636363636364,1.8,0.7333333333333333,-0.7333333333333333,-2.0033333333333334,80.52613095238095
2020-12-13,Fulham,Liverpool,1,1,D,10,12,5,6,9,5,6,8,3,1.0,0,0.0,2020,H,,,1,0.0,0.0,0.0,0,3,1.3333333333333333,0.6666666666666666,2.0833333333333335,0.7333333333333333,0.2666666666666667,-0.2958333333333333,80.23029761904762
2020-12-16,Fulham,Brighton and Hove Albion,0,0,D,9,9,4,4,15,11,1,8,1,0.0,0,0.0,2020,H,,,1,0.0,0.0,0.0,1,1,0.6666666666666666,0.6923076923076923,0.8461538461538461,0.7333333333333333,0.2666666666666667,1.18974358974359,81.42004120879122
2020-12-19,Fulham,Newcastle United,1,1,D,12,11,5,4,7,17,2,9,2,,1,,2020,A,1.0,0.0,1,0.0,0.0,0.0,0,4,1.0,0.7142857142857143,1.3846153846153846,0.7333333333333333,0.2666666666666667,-0.4410256410256409,80.97901556776557
2020-12-26,Fulham,Southampton,0,0,D,10,3,1,2,15,12,6,3,2,0.0,0,0.0,2020,H,,,1,0.0,0.0,0.0,1,2,1.0,0.7333333333333333,1.6666666666666667,0.7333333333333333,0.2666666666666667,0.8166666666666668,81.79568223443223
2021-01-13,Fulham,Tottenham Hotspur,1,1,D,15,15,6,4,13,15,6,5,2,,0,,2021,A,1.0,0.0,1,0.0,0.0,0.0,0,2,1.0,0.75,1.7647058823529411,0.7391304347826086,0.26086956521739135,-0.012531969309462793,81.78315026512277
2021-01-16,Fulham,Chelsea,0,1,A,10,21,3,6,11,10,1,12,2,3.0,1,0.0,2021,H,,,0,0.0,0.0,0.0,0,4,0.6666666666666666,0.7058823529411765,1.6111111111111112,0.7391304347826086,-0.7391304347826086,-2.989492753623188,78.79365751149959
2021-01-20,Fulham,Manchester United,1,2,A,12,15,5,5,6,10,2,8,3,1.0,0,0.0,2021,H,,,0,0.0,0.0,0.0,0,3,0.3333333333333333,0.6666666666666666,2.1052631578947367,0.7391304347826086,-0.7391304347826086,-2.813615560640732,75.98004195085885
2021-01-27,Fulham,Brighton and Hove Albion,0,0,D,16,10,5,3,10,14,10,0,1,,0,,2021,A,2.0,0.0,1,0.0,0.0,0.0,1,1,0.3333333333333333,0.6842105263157895,0.9,0.7391304347826086,0.26086956521739135,1.1671739130434784,77.14721586390233
2021-01-30,Fulham,West Brom,2,2,D,5,12,3,7,9,10,2,3,0,,0,,2021,A,1.0,0.0,1,0.0,0.0,0.0,0,0,0.6666666666666666,0.7,0.5714285714285714,0.7391304347826086,0.26086956521739135,0.6664596273291926,77.81367549123152
2021-02-03,Fulham,Leicester City,0,2,A,8,9,1,5,17,10,5,2,3,1.0,0,0.0,2021,H,,,0,0.0,0.0,0.0,0,3,0.6666666666666666,0.6666666666666666,1.9090909090909092,0.7391304347826086,-0.7391304347826086,-2.7841897233201576,75.02948576791137
2021-02-06,Fulham,West Ham United,0,0,D,20,8,2,1,11,10,7,3,1,2.0,0,1.0,2021,H,,,1,0.0,0.0,0.0,1,1,0.6666666666666666,0.6818181818181818,1.6956521739130437,0.7391304347826086,0.26086956521739135,1.047826086956522,76.07731185486789
2021-02-14,Fulham,Everton,2,0,A,7,12,2,3,7,16,5,4,1,,0,,2021,A,1.0,0.0,3,0.0,0.0,0.0,1,1,1.3333333333333333,0.782608695652174,1.681818181818182,0.7391304347826086,2.2608695652173916,6.049901185770751,82.12721304063864
2021-02-17,Fulham,Burnley,1,1,D,8,8,3,3,7,13,5,5,1,,0,,2021,A,1.0,0.0,1,0.0,0.0,0.0,0,1,1.6666666666666667,0.7916666666666666,1.125,0.7391304347826086,0.26086956521739135,0.3334239130434784,82.46063695368213
2021-02-20,Fulham,Sheffield United,1,0,H,15,4,7,2,11,14,6,4,1,2.0,0,0.0,2021,H,,,3,0.0,0.0,0.0,1,1,2.3333333333333335,0.88,0.44,0.7391304347826086,2.2608695652173916,6.236173913043478,88.6968108667256
2021-02-28,Fulham,Crystal Palace,0,0,D,3,16,0,4,10,14,1,3,1,,0,,2021,A,1.0,0.0,1,0.0,0.0,0.0,1,1,1.6666666666666667,0.8846153846153846,1.2692307692307692,0.7391304347826086,0.26086956521739135,1.111789297658863,89.80860016438446
2021-03-04,Fulham,Tottenham Hotspur,0,1,A,11,9,3,2,13,9,4,1,2,1.0,0,0.0,2021,H,,,0,0.0,0.0,0.0,0,2,1.3333333333333333,0.8518518518518519,1.6153846153846154,0.7391304347826086,-0.7391304347826086,-2.4901337792642138,87.31846638512025
2021-03-07,Fulham,Liverpool,1,0,A,16,10,3,3,10,8,9,4,3,,0,,2021,A,2.0,0.0,3,0.0,0.0,0.0,1,3,1.3333333333333333,0.9285714285714286,1.5357142857142858,0.7391304347826086,2.2608695652173916,5.571816770186335,92.89028315530658
2021-03-13,Fulham,Manchester City,0,3,A,3,8,0,7,14,13,4,2,0,0.0,0,0.0,2021,H,,,0,0.0,0.0,0.0,0,0,1.0,0.896551724137931,2.3666666666666667,0.7391304347826086,-0.7391304347826086,-2.1028260869565214,90.78745706835007
2021-03-19,Fulham,Leeds United,1,2,A,13,13,6,4,13,12,13,7,2,2.0,0,0.0,2021,H,,,0,0.0,0.0,0.0,0,2,1.0,0.8666666666666667,1.3448275862068966,0.7391304347826086,-0.7391304347826086,-2.449550224887556,88.3379068434625
2021-04-04,Fulham,Aston Villa,1,3,H,14,15,4,7,14,20,4,4,2,,0,,2021,A,1.0,0.0,0,0.0,0.0,0.0,0,2,0.0,0.8387096774193549,1.5172413793103448,0.7391304347826086,-0.7391304347826086,-2.475412293853073,85.86249454960944
2021-04-09,Fulham,Wolverhampton Wanderers,0,1,A,14,7,3,3,11,8,3,4,0,0.0,0,0.0,2021,H,,,0,0.0,0.0,0.0,0,0,0.0,0.8125,1.2258064516129032,0.7391304347826086,-0.7391304347826086,-1.931697054698457,83.93079749491098
2021-04-18,Fulham,Arsenal,1,1,D,18,3,5,1,9,11,11,1,3,,0,,2021,A,0.0,0.0,1,0.0,0.0,0.0,0,3,0.3333333333333333,0.8181818181818182,1.4375,0.7391304347826086,0.26086956521739135,-0.21345108695652157,83.71734640795445
2021-05-01,Fulham,Chelsea,0,2,H,9,10,5,3,15,8,1,8,1,,0,,2021,A,1.0,0.0,0,0.0,0.0,0.0,0,1,0.3333333333333333,0.7941176470588235,1.7941176470588236,0.7391304347826086,-0.7391304347826086,-2.266943734015345,81.45040267393911
2021-05-10,Fulham,Burnley,0,2,A,21,14,3,5,11,10,8,4,2,0.0,0,0.0,2021,H,,,0,0.0,0.0,0.0,0,2,0.3333333333333333,0.7714285714285715,1.1142857142857143,0.7391304347826086,-0.7391304347826086,-2.4149689440993787,79.03543372983972
2021-05-15,Fulham,Southampton,1,3,H,11,10,7,3,9,15,6,5,1,,0,,2021,A,0.0,0.0,0,0.0,0.0,0.0,0,1,0.0,0.75,1.1944444444444444,0.7391304347826086,-0.7391304347826086,-2.176992753623188,76.85844097621654
2021-05-18,Fulham,Manchester United,1,1,D,13,8,6,5,10,15,6,1,3,,0,,2021,A,2.0,0.0,1,0.0,0.0,0.0,0,3,0.3333333333333333,0.7567567567567568,1.9189189189189189,0.7391304347826086,0.26086956521739135,-0.2856639247943594,76.57277705142218
2021-05-23,Fulham,Newcastle United,0,2,A,14,10,0,4,12,6,5,4,1,0.0,0,0.0,2021,H,,,0,0.0,0.0,0.0,0,1,0.3333333333333333,0.7368421052631579,1.1842105263157894,0.7391304347826086,-0.7391304347826086,-2.17545766590389,74.39731938551829
2022-08-06,Fulham,Liverpool,2,2,D,9,11,3,4,7,9,4,4,2,0.0,0,0.0,2022,H,,,1,0.0,0.0,0.0,0,2,0.6666666666666666,0.7435897435897436,2.103896103896104,1.4705882352941178,-0.47058823529411775,-1.89205500381971,72.50526438169858
2022-08-13,Fulham,Wolverhampton Wanderers,0,0,D,7,9,1,3,7,14,5,3,3,,0,,2022,A,3.0,0.0,1,0.0,0.0,0.0,1,3,0.6666666666666666,0.75,1.2435897435897436,1.4705882352941178,-0.47058823529411775,-1.2130090497737558,71.29225533192482
2022-08-20,Fulham,Brentford,3,2,H,18,13,9,5,13,7,6,3,3,2.0,0,0.0,2022,H,,,3,0.0,0.0,0.0,0,3,1.6666666666666667,0.8048780487804879,1.2195121951219512,1.4705882352941178,1.5294117647058822,2.990602582496413,74.28285791442124
2022-08-27,Fulham,Arsenal,1,2,H,22,11,8,3,6,12,9,2,3,,0,,2022,A,2.0,0.0,0,0.0,0.0,0.0,0,3,1.3333333333333333,0.7857142857142857,1.775,1.4705882352941178,-1.4705882352941178,-4.592720588235295,69.69013732618595
2022-08-30,Fulham,Brighton and Hove Albion,2,1,H,10,7,3,4,9,11,3,3,2,1.0,0,0.0,2022,H,,,3,0.0,0.0,0.0,0,2,2.0,0.8372093023255814,1.2592592592592593,1.4705882352941178,1.5294117647058822,3.2346405228758166,72.92477784906175
2022-09-03,Fulham,Tottenham Hotspur,1,2,H,23,9,10,3,9,6,10,3,4,,0,,2022,A,3.0,0.0,0,0.0,0.0,0.0,0,4,1.0,0.8181818181818182,1.7926829268292683,1.4705882352941178,-1.4705882352941178,-4.845373027259685,68.07940482180207
2022-09-16,Fulham,Nottingham Forest,3,2,A,11,15,3,7,11,10,2,10,4,,0,,2022,A,2.0,0.0,3,0.0,0.0,0.0,0,4,2.0,0.8666666666666667,0.5714285714285714,1.4705882352941178,1.5294117647058822,2.83781512605042,70.91721994785249
2022-10-01,Fulham,Newcastle United,1,4,A,3,19,1,10,9,10,1,8,2,0.0,1,0.0,2022,H,,,0,0.0,0.0,0.0,0,4,1.0,0.8478260869565217,1.25,1.4705882352941178,-1.4705882352941178,-4.763970588235295,66.15324935961719
2022-10-09,Fulham,West Ham United,1,3,H,17,8,8,2,9,7,4,2,3,,0,,2022,A,1.0,0.0,0,0.0,0.0,0.0,0,3,1.0,0.8297872340425532,1.5411764705882354,1.4705882352941178,-1.4705882352941178,-4.55764705882353,61.595602300793665
2022-10-15,Fulham,Bournemouth,2,2,D,19,10,4,6,9,11,5,6,2,0.0,0,0.0,2022,H,,,1,0.0,0.0,0.0,0,2,0.3333333333333333,0.8333333333333334,1.3,1.4705882352941178,-0.47058823529411775,-1.7714705882352944,59.82413171255837
2022-10-20,Fulham,Aston Villa,3,0,H,18,12,8,6,11,11,9,7,0,2.0,0,1.0,2022,H,,,3,0.0,0.0,0.0,1,0,1.3333333333333333,0.8775510204081632,1.2528735632183907,1.4705882352941178,1.5294117647058822,4.535598377281946,64.35973008984031
2022-10-23,Fulham,Leeds United,3,2,A,14,11,5,5,12,8,3,6,1,,0,,2022,A,1.0,0.0,3,0.0,0.0,0.0,0,1,2.3333333333333335,0.92,1.2183908045977012,1.4705882352941178,1.5294117647058822,3.4907707910750507,67.85050088091536
2022-10-29,Fulham,Everton,0,0,D,24,9,6,4,10,8,13,4,2,1.0,0,0.0,2022,H,,,1,0.0,0.0,0.0,1,2,2.3333333333333335,0.9215686274509804,1.2584269662921348,1.4705882352941178,-0.47058823529411775,-0.9652346331791145,66.88526624773625
2022-11-05,Fulham,Manchester City,1,2,H,16,4,5,2,6,11,9,0,4,,0,,2022,A,2.0,1.0,0,0.0,0.0,0.0,0,4,1.3333333333333333,0.903846153846154,2.3707865168539324,1.4705882352941178,-1.4705882352941178,-4.932088565763385,61.95317768197287
2022-11-13,Fulham,Manchester United,1,2,A,14,14,7,9,9,10,10,3,1,1.0,0,0.0,2022,H,,,0,0.0,0.0,0.0,0,1,0.3333333333333333,0.8867924528301887,1.7555555555555555,1.4705882352941178,-1.4705882352941178,-4.089803921568628,57.86337376040424
2022-12-26,Fulham,Crystal Palace,3,0,A,4,23,0,11,12,15,1,8,0,,0,,2022,A,0.0,2.0,3,0.0,0.0,0.0,1,0,1.0,0.925925925925926,1.21978021978022,1.4705882352941178,1.5294117647058822,4.540562378797672,62.40393613920191
2022-12-31,Fulham,Southampton,2,1,H,8,9,2,3,8,13,4,4,0,1.0,0,0.0,2022,H,,,3,0.0,0.0,0.0,0,0,2.0,0.9636363636363636,1.021505376344086,1.4705882352941178,1.5294117647058822,3.7703036053130927,66.174239744515
2023-01-03,Fulham,Leicester City,1,0,A,15,11,6,2,12,11,6,3,6,,0,,2023,A,2.0,0.0,3,0.0,0.0,0.0,1,6,3.0,1.0,1.4361702127659577,1.2439024390243902,1.7560975609756098,3.574818370524131,69.74905811503913
2023-01-12,Fulham,Chelsea,2,1,H,8,20,3,10,12,16,5,7,4,3.0,0,1.0,2023,H,,,3,0.0,0.0,0.0,0,4,3.0,1.0350877192982455,1.7659574468085106,1.2439024390243902,1.7560975609756098,3.2253502854177483,72.97440840045688
2023-01-15,Fulham,Newcastle United,0,1,H,20,5,5,0,6,14,10,5,3,,0,,2023,A,1.0,0.0,0,0.0,0.0,0.0,0,3,2.0,1.0172413793103448,1.3894736842105264,1.2439024390243902,-1.2439024390243902,-3.9681771501925547,69.00623125026432
2023-01-23,Fulham,Tottenham Hotspur,0,1,A,10,10,5,3,10,10,3,8,1,3.0,0,0.0,2023,H,,,0,0.0,0.0,0.0,0,1,1.0,1.0,1.7422680412371134,1.2439024390243902,-1.2439024390243902,-3.5210963037465426,65.48513494651777
2023-02-03,Fulham,Chelsea,0,0,D,12,10,3,4,16,12,6,2,4,,0,,2023,A,1.0,0.0,1,0.0,0.0,0.0,1,4,0.3333333333333333,1.0,1.7628865979381445,1.2439024390243902,-0.24390243902439024,-0.9741890872516973,64.51094585926609
2023-02-11,Fulham,Nottingham Forest,2,0,H,16,10,3,1,9,11,5,4,0,1.0,0,0.0,2023,H,,,3,0.0,0.0,0.0,1,0,1.3333333333333333,1.0327868852459017,1.0909090909090908,1.2439024390243902,1.7560975609756098,5.12660753880266,69.63755339806875
2023-02-18,Fulham,Brighton and Hove Albion,1,0,A,21,5,7,2,12,14,10,2,5,,0,,2023,A,0.0,0.0,3,0.0,0.0,0.0,1,5,2.3333333333333335,1.064516129032258,1.2959183673469388,1.2439024390243902,1.7560975609756098,3.845856147336984,73.48340954540572
2023-02-24,Fulham,Wolverhampton Wanderers,1,1,D,10,8,5,2,12,17,4,3,2,0.0,0,0.0,2023,H,,,1,0.0,0.0,0.0,0,2,2.3333333333333335,1.0634920634920637,1.2,1.2439024390243902,-0.24390243902439024,-1.1897560975609756,72.29365344784475
2023-03-06,Fulham,Brentford,2,3,H,14,9,6,5,12,17,2,3,3,,0,,2023,A,0.0,0.0,0,0.0,0.0,0.0,0,3,1.3333333333333333,1.046875,1.3548387096774193,1.2439024390243902,-1.2439024390243902,-3.962981904012589,68.33067154383215
2023-03-12,Fulham,Arsenal,0,3,A,12,15,2,7,10,9,4,8,0,1.0,0,0.0,2023,H,,,0,0.0,0.0,0.0,0,0,0.3333333333333333,1.0307692307692309,1.9029126213592231,1.2439024390243902,-1.2439024390243902,-3.295192990764859,65.03547855306729
2023-04-01,Fulham,Bournemouth,1,2,H,12,10,7,2,15,13,4,3,4,,0,,2023,A,1.0,0.0,0,0.0,0.0,0.0,0,4,0.0,1.0151515151515151,0.9642857142857144,1.2439024390243902,-1.2439024390243902,-4.154398954703833,60.88107959836347
2023-04-08,Fulham,West Ham United,0,1,A,16,9,3,5,10,12,11,4,1,1.0,0,0.0,2023,H,,,0,0.0,0.0,0.0,0,1,0.0,1.0,1.438095238095238,1.2439024390243902,-1.2439024390243902,-3.4754703832752614,57.405609215088205
2023-04-15,Fulham,Everton,3,1,A,15,21,7,7,10,6,4,8,2,,0,,2023,A,3.0,0.0,3,0.0,0.0,0.0,0,2,1.0,1.0294117647058822,1.1682242990654206,1.2439024390243902,1.7560975609756098,3.8150102575792117,61.220619472667416
2023-04-22,Fulham,Leeds United,2,1,H,12,10,5,2,10,15,8,6,1,4.0,0,0.0,2023,H,,,3,0.0,0.0,0.0,0,1,2.0,1.0579710144927537,1.1666666666666667,1.2439024390243902,1.7560975609756098,4.065243902439025,65.28586337510644
2023-04-25,Fulham,Aston Villa,0,1,H,14,1,3,0,6,18,8,2,2,,0,,2023,A,3.0,0.0,0,0.0,0.0,0.0,0,2,2.0,1.042857142857143,1.4128440366972477,1.2439024390243902,-1.2439024390243902,-3.7216827030655626,61.56418067204088
2023-04-30,Fulham,Manchester City,1,2,A,4,12,1,9,9,10,2,5,1,3.0,0,0.0,2023,H,,,0,0.0,0.0,0.0,0,1,1.0,1.028169014084507,2.361111111111111,1.2439024390243902,-1.2439024390243902,-3.613922764227642,57.95025790781323
2023-05-03,Fulham,Liverpool,0,1,H,15,9,3,3,10,8,7,5,0,,0,,2023,A,0.0,0.0,0,0.0,0.0,0.0,0,0,0.0,1.0138888888888888,2.0,1.2439024390243902,-1.2439024390243902,-3.3097560975609754,54.64050181025225
2023-05-08,Fulham,Leicester City,5,3,H,17,18,7,9,13,15,2,7,0,3.0,0,0.0,2023,H,,,3,0.0,0.0,0.0,0,0,1.0,1.0410958904109588,1.3333333333333333,1.2439024390243902,1.7560975609756098,4.290243902439024,58.93074571269128
2023-05-13,Fulham,Southampton,2,0,A,5,9,1,4,17,12,1,8,0,,0,,2023,A,2.0,0.0,3,0.0,0.0,0.0,1,0,2.0,1.0675675675675675,0.9553571428571428,1.2439024390243902,1.7560975609756098,5.146940331010453,64.07768604370173
2023-05-20,Fulham,Crystal Palace,2,2,D,11,11,4,5,13,12,7,4,3,0.0,0,0.0,2023,H,,,1,0.0,0.0,0.0,0,3,2.3333333333333335,1.0666666666666669,1.2035398230088497,1.2439024390243902,-0.24390243902439024,-1.440287071012303,62.637398972689425
2023-05-28,Fulham,Manchester United,1,2,H,21,10,8,3,14,10,5,4,2,,0,,2023,A,1.0,0.0,0,0.0,0.0,0.0,0,2,1.3333333333333333,1.0526315789473684,1.8157894736842104,1.2439024390243902,-1.2439024390243902,-3.782124518613607,58.85527445407582
2023-08-12,Fulham,Everton,1,0,A,19,9,9,2,12,6,10,4,2,,0,,2023,A,0.0,0.0,3,0.0,0.0,0.0,1,2,1.3333333333333333,1.077922077922078,1.1652173913043478,1.2439024390243902,1.7560975609756098,4.615461293743372,63.47073574781919
2023-08-19,Fulham,Brentford,0,3,A,10,17,2,8,13,12,5,5,2,2.0,1,0.0,2023,H,,,0,0.0,0.0,0.0,0,4,1.0,1.064102564102564,1.3974358974358974,1.2439024390243902,-1.2439024390243902,-4.21937148217636,59.251364265642835
2023-08-26,Fulham,Arsenal,2,2,D,19,8,11,3,6,5,8,3,3,,1,,2023,A,0.0,0.0,1,0.0,0.0,0.0,0,5,1.3333333333333333,1.0632911392405062,1.8888888888888888,1.2439024390243902,-0.24390243902439024,-2.043089430894309,57.20827483474852
2023-09-02,Fulham,Manchester City,1,5,H,7,6,5,4,12,12,4,5,4,,0,,2023,A,2.0,0.0,0,0.0,0.0,0.0,0,4,0.3333333333333333,1.05,2.3728813559322033,1.2439024390243902,-1.2439024390243902,-4.365688300950806,52.842586533797714
2023-09-16,Fulham,Luton Town,1,0,H,13,7,2,2,6,14,6,2,2,2.0,0,0.0,2023,H,,,3,0.0,0.0,0.0,1,2,1.3333333333333333,1.0740740740740742,0.0,1.2439024390243902,1.7560975609756098,4.790243902439024,57.63283043623674
2023-09-23,Fulham,Crystal Palace,0,0,D,7,10,3,5,10,15,3,2,2,,0,,2023,A,3.0,0.0,1,0.0,0.0,0.0,1,2,1.3333333333333333,1.0731707317073171,1.2083333333333333,1.2439024390243902,-0.24390243902439024,-0.3910060975609756,57.24182433867576
2023-10-02,Fulham,Chelsea,0,2,A,10,11,3,4,15,12,8,1,1,4.0,0,0.0,2023,H,,,0,0.0,0.0,0.0,0,1,1.3333333333333333,1.0602409638554218,1.5950413223140496,1.2439024390243902,-1.2439024390243902,-3.499012295908083,53.74281204276768
2023-10-07,Fulham,Sheffield United,3,1,H,20,5,6,2,8,10,9,4,1,2.0,0,0.0,2023,H,,,3,0.0,0.0,0.0,0,1,1.3333333333333333,1.0833333333333333,0.5217391304347826,1.2439024390243902,1.7560975609756098,4.161983032873807,57.90479507564149
2023-10-23,Fulham,Tottenham Hotspur,0,2,H,15,10,5,3,10,14,3,5,0,,0,,2023,A,2.0,0.0,0,0.0,0.0,0.0,0,0,1.0,1.0705882352941176,1.7560975609756098,1.2439024390243902,-1.2439024390243902,-3.273170731707317,54.63162434393417
2023-10-29,Fulham,Brighton and Hove Albion,1,1,D,18,10,7,5,12,8,7,3,3,,0,,2023,A,0.0,0.0,1,0.0,0.0,0.0,0,3,1.3333333333333333,1.069767441860465,1.3790322580645162,1.2439024390243902,-0.24390243902439024,-1.466610936270653,53.165013407663515
2023-11-04,Fulham,Manchester United,0,1,A,18,12,3,5,9,15,9,4,5,2.0,0,0.0,2023,H,,,0,0.0,0.0,0.0,0,5,0.3333333333333333,1.057471264367816,1.8,1.2439024390243902,-1.2439024390243902,-4.529756097560975,48.63525731010254
2023-11-12,Fulham,Aston Villa,1,3,H,12,9,6,5,4,17,2,2,5,,0,,2023,A,2.0,0.0,0,0.0,0.0,0.0,0,5,0.3333333333333333,1.0454545454545454,1.4761904761904765,1.2439024390243902,-1.2439024390243902,-4.481184668989547,44.15407264111299
2023-11-27,Fulham,Wolverhampton Wanderers,3,2,H,12,10,6,6,13,13,6,2,2,2.0,0,0.0,2023,H,,,3,0.0,0.0,0.0,0,2,1.0,1.0674157303370786,1.1968503937007875,1.2439024390243902,1.7560975609756098,3.810716343383907,47.9647889844969
2023-12-03,Fulham,Liverpool,3,4,H,26,9,12,5,6,7,3,4,0,,0,,2023,A,0.0,0.0,0,0.0,0.0,0.0,0,0,1.0,1.0555555555555556,2.0234375,1.2439024390243902,-1.2439024390243902,-3.313271722560976,44.65151726193592
2023-12-06,Fulham,Nottingham Forest,5,0,H,14,4,6,1,7,10,6,1,0,1.0,0,0.0,2023,H,,,3,0.0,0.0,0.0,1,0,2.0,1.0769230769230769,0.9622641509433962,1.2439024390243902,1.7560975609756098,5.145904279797515,49.797421541733435
2023-12-10,Fulham,West Ham United,5,0,H,14,9,8,5,5,10,3,6,2,1.0,0,0.0,2023,H,,,3,0.0,0.0,0.0,1,2,2.0,1.0978260869565215,1.4230769230769231,1.2439024390243902,1.7560975609756098,4.576782363977486,54.37420390571092
2023-12-16,Fulham,Newcastle United,0,3,H,27,6,10,4,7,12,5,1,2,,1,,2023,A,0.0,0.0,0,0.0,0.0,0.0,0,4,2.0,1.086021505376344,1.4809160305343512,1.2439024390243902,-1.2439024390243902,-4.231893502141128,50.142310403569795
2023-12-23,Fulham,Burnley,0,2,A,19,7,5,2,5,17,8,6,2,1.0,0,0.0,2023,H,,,0,0.0,0.0,0.0,0,2,1.0,1.074468085106383,0.9042553191489362,1.2439024390243902,-1.2439024390243902,-3.645394395433316,46.49691600813648
2023-12-26,Fulham,Bournemouth,0,3,H,16,8,4,3,10,10,6,5,2,,0,,2023,A,0.0,0.0,0,0.0,0.0,0.0,0,2,0.0,1.063157894736842,1.1428571428571428,1.2439024390243902,-1.2439024390243902,-3.681184668989547,42.815731339146936
2023-12-31,Fulham,Arsenal,2,1,H,15,13,4,3,11,10,5,4,4,1.0,0,0.0,2023,H,,,3,0.0,0.0,0.0,0,4,1.0,1.0833333333333333,1.8955223880597016,1.2439024390243902,1.7560975609756098,3.2059155442300695,46.021646883377
2024-01-13,Fulham,Chelsea,0,1,H,17,14,3,4,13,9,6,4,1,,0,,2024,A,5.0,0.0,0,0.0,0.0,0.0,0,1,1.0,1.0721649484536082,1.6,1.4054054054054055,-1.4054054054054055,-3.9035135135135133,42.118133369863486
2024-01-30,Fulham,Everton,0,0,D,25,21,6,4,6,13,15,6,1,2.0,0,0.0,2024,H,,,1,0.0,0.0,0.0,1,1,1.3333333333333333,1.0714285714285714,1.1911764705882353,1.4054054054054055,-0.4054054054054055,-0.5421899841017489,41.57594338576174
2024-02-03,Fulham,Burnley,2,2,D,12,15,4,7,11,7,2,13,2,,0,,2024,A,2.0,0.0,1,0.0,0.0,0.0,0,2,0.6666666666666666,1.0707070707070707,0.8787878787878788,1.4054054054054055,-0.4054054054054055,-1.5453316953316953,40.03061169043004
2024-02-10,Fulham,Bournemouth,3,1,H,7,25,6,4,11,11,1,14,1,2.0,0,0.0,2024,H,,,3,0.0,0.0,0.0,0,1,1.6666666666666667,1.09,1.0819672131147542,1.4054054054054055,1.5945945945945945,3.674191404519273,43.70480309494931
2024-02-17,Fulham,Aston Villa,1,2,A,15,12,4,3,11,6,4,4,5,2.0,0,0.0,2024,H,,,0,0.0,0.0,0.0,0,5,1.3333333333333333,1.0792079207920793,1.5107913669064748,1.4054054054054055,-1.4054054054054055,-4.8901322185494855,38.81467087639983
2024-02-24,Fulham,Manchester United,2,1,A,21,17,9,5,6,11,10,9,5,,0,,2024,A,2.0,0.0,3,0.0,0.0,0.0,0,5,2.0,1.0980392156862746,1.792857142857143,1.4054054054054055,1.5945945945945945,2.567557915057915,41.38222879145775
2024-03-02,Fulham,Brighton and Hove Albion,3,0,H,12,15,5,5,16,10,2,6,1,2.0,0,0.0,2024,H,,,3,0.0,0.0,0.0,1,1,2.0,1.116504854368932,1.3687943262411348,1.4054054054054055,1.5945945945945945,4.431167337550316,45.81339612900806
2024-03-09,Fulham,Wolverhampton Wanderers,1,2,H,8,23,3,6,7,11,3,4,2,,0,,2024,A,2.0,0.0,0,0.0,0.0,0.0,0,2,2.0,1.1057692307692308,1.2535211267605637,1.4054054054054055,-1.4054054054054055,-4.101541682527599,41.711854446480466
2024-03-16,Fulham,Tottenham Hotspur,3,0,H,16,14,7,5,9,10,4,5,2,3.0,0,0.0,2024,H,,,3,0.0,0.0,0.0,1,2,2.0,1.1238095238095238,1.732394366197183,1.4054054054054055,1.5945945945945945,4.126627331556909,45.83848177803738
2024-03-30,Fulham,Sheffield United,3,3,D,8,24,4,9,10,13,2,15,1,,0,,2024,A,4.0,0.0,1,0.0,0.0,0.0,0,1,1.3333333333333333,1.1226415094339623,0.5671641791044776,1.4054054054054055,-0.4054054054054055,-1.2485881403791852,44.58989363765819
2024-04-02,Fulham,Nottingham Forest,1,3,H,16,18,4,3,7,8,3,8,0,,0,,2024,A,0.0,0.0,0,0.0,0.0,0.0,0,0,1.3333333333333333,1.1121495327102804,0.9710144927536232,1.4054054054054055,-1.4054054054054055,-3.559165687426557,41.030727950231636
2024-04-06,Fulham,Newcastle United,0,1,A,14,12,4,5,10,13,14,3,1,2.0,0,0.0,2024,H,,,0,0.0,0.0,0.0,0,1,0.3333333333333333,1.101851851851852,1.4620689655172414,1.4054054054054055,-1.4054054054054055,-3.8828238583410997,37.14790409189054
2024-04-14,Fulham,West Ham United,2,0,A,15,18,4,10,6,13,8,3,2,,0,,2024,A,1.0,0.0,3,0.0,0.0,0.0,1,2,1.0,1.1192660550458715,1.4217687074829932,1.4054054054054055,1.5945945945945945,4.173221180364037,41.32112527225458
2024-04-21,Fulham,Liverpool,1,3,A,12,14,5,7,5,11,1,4,3,0.0,0,0.0,2024,H,,,0,0.0,0.0,0.0,0,3,1.0,1.1090909090909091,2.054421768707483,1.4054054054054055,-1.4054054054054055,-4.471676778819637,36.84944849343494
2024-04-27,Fulham,Crystal Palace,1,1,D,9,14,2,4,11,15,5,9,0,2.0,0,0.0,2024,H,,,1,0.0,0.0,0.0,0,0,1.3333333333333333,1.108108108108108,1.1879194630872485,1.4054054054054055,-0.4054054054054055,-1.0917014329766008,35.75774706045834
2024-05-04,Fulham,Brentford,0,0,D,7,15,3,3,3,6,7,6,1,,0,,2024,A,1.0,0.0,1,0.0,0.0,0.0,1,1,0.6666666666666666,1.1071428571428572,1.2589285714285714,1.4054054054054055,-0.4054054054054055,-0.5523527992277993,35.205394261230545
2024-05-11,Fulham,Manchester City,0,4,A,1,16,1,9,9,6,1,7,1,0.0,1,0.0,2024,H,,,0,0.0,0.0,0.0,0,3,0.6666666666666666,1.0973451327433628,2.3533333333333335,1.4054054054054055,-1.4054054054054055,-4.516513513513514,30.68888074771703
2024-05-19,Fulham,Luton Town,4,2,A,15,15,6,7,15,20,4,4,4,,0,,2024,A,5.0,0.0,3,0.0,0.0,0.0,0,4,1.3333333333333333,1.1140350877192982,0.6842105263157895,1.4054054054054055,1.5945945945945945,2.983854907539118,33.67273565525615
2024-08-16,Fulham,Manchester United,0,1,H,14,10,5,2,12,10,7,8,3,,0,,2024,A,2.0,0.0,0,0.0,0.0,0.0,0,3,1.0,1.1043478260869566,1.7647058823529411,1.4054054054054055,-1.4054054054054055,-4.4282193958664555,29.24451625938969
2024-08-24,Fulham,Leicester City,2,1,H,18,10,6,4,14,13,7,5,2,2.0,0,0.0,2024,H,,,3,0.0,0.0,0.0,0,2,2.0,1.1206896551724137,1.3189655172413792,1.4054054054054055,1.5945945945945945,3.3886416589002795,32.63315791828997
2024-08-31,Fulham,Ipswich Town,1,1,D,11,9,4,4,15,15,8,6,3,,0,,2024,A,2.0,0.0,1,0.0,0.0,0.0,0,3,1.3333333333333333,1.1196581196581197,0.3333333333333333,1.4054054054054055,-0.4054054054054055,-1.7135135135135136,30.919644404776456
2024-09-14,Fulham,West Ham United,1,1,D,21,11,5,3,15,18,3,2,2,3.0,0,0.0,2024,H,,,1,0.0,0.0,0.0,0,2,1.6666666666666667,1.11864406779661,1.391025641025641,1.4054054054054055,-0.4054054054054055,-1.6221673596673596,29.297477045109098
2024-09-21,Fulham,Newcastle United,3,1,H,22,15,11,4,16,8,6,0,6,0.0,0,0.0,2024,H,,,3,0.0,0.0,0.0,0,6,1.6666666666666667,1.134453781512605,1.4968152866242035,1.4054054054054055,1.5945945945945945,2.361964193492856,31.659441238601957
2024-09-28,Fulham,Nottingham Forest,1,0,A,11,14,1,2,11,15,6,5,4,,0,,2024,A,2.0,0.0,3,0.0,0.0,0.0,1,4,2.3333333333333335,1.15,1.0121951219512195,1.4054054054054055,1.5945945945945945,3.734657218193804,35.39409845679576
2024-10-05,Fulham,Manchester City,2,3,H,20,11,7,4,4,10,8,3,1,,0,,2024,A,2.0,0.0,0,0.0,0.0,0.0,0,1,2.0,1.140495867768595,2.3647798742138364,1.4054054054054055,-1.4054054054054055,-4.018230494645589,31.375867962150167
2024-10-19,Fulham,Aston Villa,1,3,A,10,14,4,5,8,11,6,11,3,3.0,1,1.0,2024,H,,,0,0.0,0.0,0.0,0,5,1.0,1.1311475409836065,1.5375,1.4054054054054055,-1.4054054054054055,-4.894138513513514,26.481729448636656
2024-10-26,Fulham,Everton,1,1,D,10,14,5,3,8,8,4,2,0,,0,,2024,A,1.0,0.0,1,0.0,0.0,0.0,0,0,0.3333333333333333,1.1300813008130082,1.186335403726708,1.4054054054054055,-0.4054054054054055,-1.0914638240725196,25.390265624564137
2024-11-04,Fulham,Brentford,2,1,H,26,5,12,2,3,10,11,3,2,1.0,0,0.0,2024,H,,,3,0.0,0.0,0.0,0,2,1.3333333333333333,1.1451612903225807,1.2661290322580645,1.4054054054054055,1.5945945945945945,3.396567131647777,28.786832756211915
2024-11-09,Fulham,Crystal Palace,2,0,A,13,17,5,7,10,11,1,8,1,,0,,2024,A,1.0,1.0,3,0.0,0.0,0.0,1,1,2.3333333333333335,1.16,1.1840490797546013,1.4054054054054055,1.5945945945945945,4.458879124523296,33.245711880735215
2024-11-23,Fulham,Wolverhampton Wanderers,1,4,A,10,10,3,5,14,14,7,2,3,0.0,0,0.0,2024,H,,,0,0.0,0.0,0.0,0,3,2.0,1.1507936507936507,1.170731707317073,1.4054054054054055,-1.4054054054054055,-4.3391232696110755,28.906588611124135
2024-12-01,Fulham,Tottenham Hotspur,1,1,D,8,14,3,6,4,14,7,11,1,,1,,2024,A,0.0,0.0,1,0.0,0.0,0.0,0,3,1.3333333333333333,1.1496062992125984,1.690909090909091,1.4054054054054055,-0.4054054054054055,-1.917149877149877,26.98943873397426
2024-12-05,Fulham,Brighton and Hove Albion,3,1,H,6,13,2,3,7,8,5,6,2,2.0,0,0.0,2024,H,,,3,0.0,0.0,0.0,0,2,1.3333333333333333,1.1640625,1.355421686746988,1.4054054054054055,1.5945945945945945,3.383173233474438,30.372611967448698
2024-12-08,Fulham,Arsenal,1,1,D,2,12,2,4,10,9,0,6,4,2.0,0,0.0,2024,H,,,1,0.0,0.0,0.0,0,4,1.6666666666666667,1.162790697674419,1.9880239520958085,1.4054054054054055,-0.4054054054054055,-2.211717106327885,28.160894861120816
2024-12-14,Fulham,Liverpool,2,2,D,16,12,4,3,10,7,5,4,4,,0,,2024,A,3.0,1.0,1,0.0,0.0,0.0,0,4,1.6666666666666667,1.1615384615384616,2.07185628742515,1.4054054054054055,-0.4054054054054055,-2.224291956627286,25.936602904493526
2024-12-22,Fulham,Southampton,0,0,D,16,5,5,1,8,15,6,5,1,3.0,0,0.0,2024,H,,,1,0.0,0.0,0.0,1,1,1.0,1.1603053435114503,0.8702290076335878,1.4054054054054055,-0.4054054054054055,-0.49404786465855177,25.44255503983497
2024-12-26,Fulham,Chelsea,2,1,A,12,14,8,7,13,13,3,1,3,,0,,2024,A,1.0,0.0,3,0.0,0.0,0.0,0,3,1.6666666666666667,1.1742424242424243,1.6647058823529413,1.4054054054054055,1.5945945945945945,3.0867806041335455,28.529335643968516
2024-12-29,Fulham,Bournemouth,2,2,D,11,16,6,9,7,16,1,7,1,3.0,0,0.0,2024,H,,,1,0.0,0.0,0.0,0,1,1.6666666666666667,1.1729323308270676,1.231578947368421,1.4054054054054055,-0.4054054054054055,-1.3482503556187766,27.181085288349742
2025-01-05,Fulham,Ipswich Town,2,2,D,15,7,4,3,10,14,9,2,1,5.0,0,0.0,2025,H,,,1,0.0,0.0,0.0,0,1,1.6666666666666667,1.171641791044776,0.8,1.2,-0.19999999999999996,-0.7699999999999999,26.41108528834974
2025-01-14,Fulham,West Ham United,2,3,H,4,21,3,5,9,18,0,3,3,,0,,2025,A,3.0,0.0,0,0.0,0.0,0.0,0,3,0.6666666666666666,1.162962962962963,1.3815028901734103,1.2,-1.2,-3.8572254335260117,22.553859854823727
2025-01-18,Fulham,Leicester City,2,0,A,8,17,4,2,8,8,5,2,1,,0,,2025,A,3.0,0.0,3,0.0,0.0,0.0,1,1,1.3333333333333333,1.1764705882352942,1.2205882352941178,1.2,1.8,4.966911764705882,27.52077161952961
2025-01-26,Fulham,Manchester United,0,1,A,9,4,3,1,7,9,3,0,0,1.0,0,0.0,2025,H,,,0,0.0,0.0,0.0,0,0,1.0,1.167883211678832,1.6914285714285715,1.2,-1.2,-3.1537142857142855,24.367057333815325
2025-02-01,Fulham,Newcastle United,2,1,A,11,15,4,4,10,15,4,7,4,,0,,2025,A,4.0,0.0,3,0.0,0.0,0.0,0,4,2.0,1.181159420289855,1.5113636363636365,1.2,1.8,3.3732954545454548,27.74035278836078
2025-02-15,Fulham,Nottingham Forest,2,1,H,24,8,10,2,13,8,8,4,0,0.0,0,0.0,2025,H,,,3,0.0,0.0,0.0,0,0,2.0,1.1942446043165469,1.198019801980198,1.2,1.8,4.42029702970297,32.16064981806375
2025-02-22,Fulham,Crystal Palace,0,2,A,10,10,0,5,10,7,7,7,1,3.0,0,0.0,2025,H,,,0,0.0,0.0,0.0,0,1,2.0,1.1857142857142855,1.2303370786516854,1.2,-1.2,-3.334550561797753,28.826099256265998
2025-02-25,Fulham,Wolverhampton Wanderers,2,1,A,18,11,5,5,8,15,7,5,3,,0,,2025,A,1.0,0.0,3,0.0,0.0,0.0,0,3,2.0,1.198581560283688,1.1452513966480449,1.2,1.8,3.678212290502793,32.50431154676879
2025-03-08,Fulham,Brighton and Hove Albion,1,2,H,9,6,4,1,6,12,3,7,2,,0,,2025,A,0.0,0.0,0,0.0,0.0,0.0,0,2,1.0,1.1901408450704225,1.3777777777777778,1.2,-1.2,-3.6066666666666665,28.89764488010212
2025-03-16,Fulham,Tottenham Hotspur,2,0,H,13,12,4,4,13,10,6,5,0,0.0,0,0.0,2025,H,,,3,0.0,0.0,0.0,1,0,2.0,1.2027972027972027,1.6187845303867403,1.2,1.8,5.157182320441988,34.05482720054411
2025-04-01,Fulham,Arsenal,1,2,H,17,9,4,3,2,10,5,4,2,,0,,2025,A,1.0,0.0,0,0.0,0.0,0.0,0,2,1.0,1.1944444444444444,2.0,1.2,-1.2,-3.6999999999999997,30.354827200544108
2025-04-06,Fulham,Liverpool,3,2,H,12,14,6,6,10,9,4,4,3,0.0,0,0.0,2025,H,,,3,0.0,0.0,0.0,0,3,2.0,1.206896551724138,2.092896174863388,1.2,1.8,3.536065573770492,33.8908927743146
2025-04-14,Fulham,Bournemouth,0,1,H,12,12,3,7,11,10,6,9,2,,0,,2025,A,3.0,0.0,0,0.0,0.0,0.0,0,2,1.0,1.1986301369863013,1.25,1.2,-1.2,-3.5875,30.303392774314602
2025-04-20,Fulham,Chelsea,1,2,A,6,13,1,8,13,9,6,4,1,3.0,0,0.0,2025,H,,,0,0.0,0.0,0.0,0,1,1.0,1.1904761904761905,1.648648648648649,1.2,-1.2,-3.3972972972972975,26.906095477017303
2025-04-26,Fulham,Southampton,2,1,A,7,26,3,5,10,12,0,13,1,,0,,2025,A,1.0,0.0,3,0.0,0.0,0.0,0,1,1.0,1.2027027027027026,0.8040540540540541,1.2,1.8,4.229391891891892,31.135487368909196
2025-05-03,Fulham,Aston Villa,0,1,H,10,11,3,3,6,17,5,3,5,,0,,2025,A,0.0,0.0,0,0.0,0.0,0.0,0,5,1.0,1.1946308724832215,1.5454545454545454,1.2,-1.2,-4.381818181818182,26.753669187091013
2025-05-10,Fulham,Everton,1,3,A,18,11,6,7,15,9,5,5,1,0.0,0,0.0,2025,H,,,0,0.0,0.0,0.0,0,1,1.0,1.1866666666666668,1.1914893617021276,1.2,-1.2,-3.328723404255319,23.424945782835692
2025-05-18,Fulham,Brentford,3,2,A,11,16,6,7,12,8,5,3,4,,0,,2025,A,4.0,0.0,3,0.0,0.0,0.0,0,4,1.0,1.1986754966887416,1.3178807947019868,1.2,1.8,3.402317880794702,26.827263663630397
2025-05-25,Fulham,Manchester City,0,2,A,13,20,3,5,11,5,1,6,0,0.0,0,0.0,2025,H,,,0,0.0,0.0,0.0,0,0,1.0,1.1907894736842106,2.263157894736842,1.2,-1.2,-3.2394736842105263,23.587789979419867
2025-08-16,Fulham,Brighton and Hove Albion,1,1,D,10,7,4,2,16,15,4,3,3,,0,,2025,A,3.0,0.0,1,0.0,0.0,0.0,0,3,1.3333333333333333,1.1895424836601307,1.382198952879581,1.2,-0.19999999999999996,-1.3573298429319371,22.230460136487935
2025-08-24,Fulham,Manchester United,1,1,D,13,10,4,3,12,10,9,6,1,1.0,0,0.0,2025,H,,,1,0.0,0.0,0.0,0,1,0.6666666666666666,1.1883116883116882,1.6145833333333333,1.2,-0.19999999999999996,-0.8921874999999999,21.33827263648793
2025-08-30,Fulham,Chelsea,0,2,H,13,11,6,3,11,17,6,4,2,,0,,2025,A,2.0,0.0,0,0.0,0.0,0.0,0,2,0.6666666666666666,1.1806451612903226,1.6787564766839378,1.2,-1.2,-3.6518134715025905,17.686459164985337
2025-09-13,Fulham,Leeds United,1,0,H,5,10,3,3,20,15,3,3,1,2.0,0,0.0,2025,H,,,3,0.0,0.0,0.0,1,1,1.3333333333333333,1.1923076923076923,1.11864406779661,1.2,1.8,4.982203389830508,22.66866255481584
2025-09-20,Fulham,Brentford,3,1,H,14,8,3,3,11,13,2,10,4,1.0,0,0.0,2025,H,,,3,0.0,0.0,0.0,0,4,2.0,1.2038216560509554,1.2993630573248407,1.2,1.8,3.405095541401274,26.073758096217112
2025-09-28,Fulham,Aston Villa,1,3,H,9,11,4,4,10,13,2,8,4,,0,,2025,A,1.0,0.0,0,0.0,0.0,0.0,0,4,2.0,1.1962025316455696,1.5357142857142858,1.2,-1.2,-4.130357142857143,21.94340095335997
2025-10-03,Fulham,Bournemouth,1,3,H,11,12,6,4,8,10,4,3,1,,0,,2025,A,0.0,0.0,0,0.0,0.0,0.0,0,1,1.0,1.1886792452830188,1.2975206611570247,1.2,-1.2,-3.3446280991735535,18.59877285418642
2025-10-18,Fulham,Arsenal,0,1,A,9,16,0,5,11,4,6,10,0,0.0,0,0.0,2025,H,,,0,0.0,0.0,0.0,0,0,0.0,1.18125,2.0,1.2,-1.2,-3.1999999999999997,15.398772854186419
2025-10-25,Fulham,Newcastle United,1,2,H,18,12,7,5,11,18,4,3,2,,0,,2025,A,0.0,0.0,0,0.0,0.0,0.0,0,2,0.0,1.173913043478261,1.5226130653266332,1.2,-1.2,-3.628391959798995,11.77038089438743
2025-11-01,Fulham,Wolverhampton Wanderers,3,0,H,19,5,6,2,13,14,10,1,1,3.0,0,1.0,2025,H,,,3,0.0,0.0,0.0,1,1,1.0,1.1851851851851851,1.135,1.2,1.8,4.979749999999999,16.750130894387425
2025-11-08,Fulham,Everton,0,2,H,14,8,5,4,11,14,7,5,2,,0,,2025,A,2.0,0.0,0,0.0,0.0,0.0,0,2,1.0,1.177914110429448,1.2189054726368158,1.2,-1.2,-3.5828358208955224,13.1672950734919
2020-09-12,Leeds United,Liverpool,3,4,H,22,6,6,3,9,6,9,0,0,,0,,2020,A,1.0,0.0,0,0.0,0.0,0.0,0,0,0.0,0.0,3.0,1.4375,-1.4375,-3.94375,86.05625
2020-09-19,Leeds United,Fulham,4,3,H,10,14,7,6,13,18,5,3,1,2.0,0,0.0,2020,H,,,3,0.0,0.0,0.0,0,1,1.5,1.5,0.0,1.4375,1.5625,3.75625,89.8125
2020-09-27,Leeds United,Sheffield United,1,0,A,14,17,4,9,18,4,5,7,1,,0,,2020,A,2.0,0.0,3,0.0,0.0,0.0,1,1,2.0,2.0,0.0,1.4375,1.5625,4.5562499999999995,94.36875
2020-10-03,Leeds United,Manchester City,1,1,D,12,23,7,2,11,12,7,10,2,1.0,0,0.0,2020,H,,,1,0.0,0.0,0.0,0,2,2.3333333333333335,1.75,1.3333333333333333,1.4375,-0.4375,-1.6937499999999999,92.675
2020-10-19,Leeds United,Wolverhampton Wanderers,0,1,A,13,7,2,3,13,12,8,3,2,1.0,0,0.0,2020,H,,,0,0.0,0.0,0.0,0,2,1.3333333333333333,1.4,1.8,1.4375,-1.4375,-4.26375,88.41125
2020-10-23,Leeds United,Aston Villa,3,0,A,12,27,4,9,14,17,6,5,2,,0,,2020,A,2.0,0.0,3,0.0,0.0,0.0,1,2,1.3333333333333333,1.6666666666666667,2.4,1.4375,1.5625,3.94625,92.3575
2020-11-02,Leeds United,Leicester City,1,4,A,11,10,4,8,9,5,10,3,1,1.0,0,0.0,2020,H,,,0,0.0,0.0,0.0,0,1,1.0,1.4285714285714286,2.142857142857143,1.4375,-1.4375,-4.0651785714285715,88.29232142857143
2020-11-07,Leeds United,Crystal Palace,1,4,H,10,9,6,3,9,1,3,6,2,,0,,2020,A,0.0,0.0,0,0.0,0.0,0.0,0,2,1.0,1.25,1.625,1.4375,-1.4375,-4.237500000000001,84.05482142857143
2020-11-22,Leeds United,Arsenal,0,0,D,25,9,4,2,9,8,5,3,3,0.0,0,1.0,2020,H,,,1,0.0,0.0,0.0,1,3,0.3333333333333333,1.2222222222222223,1.4444444444444444,1.4375,-0.4375,-1.1604166666666664,82.89440476190477
2020-11-28,Leeds United,Everton,1,0,A,15,23,8,7,8,14,4,2,2,,0,,2020,A,1.0,0.0,3,0.0,0.0,0.0,1,2,1.3333333333333333,1.4,1.6,1.4375,1.5625,4.066249999999999,86.96065476190476
2020-12-05,Leeds United,Chelsea,1,3,H,23,8,11,3,12,9,8,4,2,,0,,2020,A,0.0,0.0,0,0.0,0.0,0.0,0,2,1.3333333333333333,1.2727272727272727,2.0,1.4375,-1.4375,-4.29375,82.66690476190476
2020-12-11,Leeds United,West Ham United,1,2,A,13,19,7,8,12,10,5,6,1,2.0,0,0.0,2020,H,,,0,0.0,0.0,0.0,0,1,1.0,1.1666666666666667,1.6666666666666667,1.4375,-1.4375,-3.99375,78.67315476190475
2020-12-16,Leeds United,Newcastle United,5,2,H,25,10,10,4,10,13,7,4,3,1.0,0,0.0,2020,H,,,3,0.0,0.0,0.0,0,3,1.0,1.3076923076923077,1.4166666666666667,1.4375,1.5625,3.04375,81.71690476190476
2020-12-20,Leeds United,Manchester United,2,6,H,26,17,14,3,6,6,11,13,0,,0,,2020,A,1.0,0.0,0,0.0,0.0,0.0,0,0,1.0,1.2142857142857142,2.0,1.4375,-1.4375,-3.7937499999999997,77.92315476190475
2020-12-27,Leeds United,Burnley,1,0,H,11,14,4,6,8,14,4,12,0,3.0,0,0.0,2020,H,,,3,0.0,0.0,0.0,1,0,2.0,1.3333333333333333,0.9285714285714286,1.4375,1.5625,4.666964285714285,82.59011904761904
2020-12-29,Leeds United,West Brom,5,0,A,4,14,1,6,7,10,3,10,1,,0,,2020,A,0.0,0.0,3,0.0,0.0,0.0,1,1,2.0,1.4375,0.5,1.4375,1.5625,4.481249999999999,87.07136904761904
2021-01-02,Leeds United,Tottenham Hotspur,0,3,H,20,18,7,5,15,13,3,5,1,,0,,2021,A,2.0,1.0,0,0.0,0.0,0.0,0,1,2.0,1.3529411764705883,1.8125,1.3,-1.3,-3.671875,83.39949404761904
2021-01-16,Leeds United,Brighton and Hove Albion,0,1,A,7,7,2,2,8,9,5,2,1,1.0,0,0.0,2021,H,,,0,0.0,0.0,0.0,0,1,1.0,1.2777777777777777,0.8947368421052632,1.3,-1.3,-3.5342105263157895,79.86528352130325
2021-01-26,Leeds United,Newcastle United,2,1,A,22,9,5,2,10,15,9,5,3,,0,,2021,A,1.0,0.0,3,0.0,0.0,0.0,0,3,1.0,1.368421052631579,0.95,1.3,1.7,3.4575,83.32278352130325
2021-01-31,Leeds United,Leicester City,3,1,A,18,8,8,7,17,16,6,4,3,,0,,2021,A,0.0,0.0,3,0.0,0.0,0.0,0,3,2.0,1.45,1.8571428571428572,1.3,1.7,3.3214285714285716,86.64421209273183
2021-02-03,Leeds United,Everton,1,2,A,16,10,7,6,12,12,7,1,2,3.0,0,0.0,2021,H,,,0,0.0,0.0,0.0,0,2,2.0,1.380952380952381,1.8,1.3,-1.3,-3.9199999999999995,82.72421209273183
2021-02-08,Leeds United,Crystal Palace,2,0,H,17,8,7,3,7,8,5,3,0,2.0,0,0.0,2021,H,,,3,0.0,0.0,0.0,1,0,2.0,1.4545454545454546,1.2608695652173914,1.3,1.7,4.960869565217391,87.68508165794921
2021-02-14,Leeds United,Arsenal,2,4,H,13,9,5,5,8,17,4,5,2,,0,,2021,A,0.0,0.0,0,0.0,0.0,0.0,0,2,1.0,1.391304347826087,1.4166666666666667,1.3,-1.3,-3.8625,83.82258165794921
2021-02-19,Leeds United,Wolverhampton Wanderers,0,1,H,15,18,5,7,13,8,7,9,0,,0,,2021,A,1.0,0.0,0,0.0,0.0,0.0,0,0,1.0,1.3333333333333333,1.32,1.3,-1.3,-3.348,80.47458165794922
2021-02-23,Leeds United,Southampton,3,0,H,11,13,7,5,11,13,2,4,1,2.0,0,0.0,2021,H,,,3,0.0,0.0,0.0,1,1,1.0,1.4,1.2,1.3,1.7,4.72,85.19458165794921
2021-02-27,Leeds United,Aston Villa,0,1,A,13,9,3,4,14,14,7,5,3,2.0,0,0.0,2021,H,,,0,0.0,0.0,0.0,0,3,1.0,1.3461538461538465,1.625,1.3,-1.3,-4.143750000000001,81.05083165794922
2021-03-08,Leeds United,West Ham United,0,2,H,16,17,5,2,9,9,6,6,1,,0,,2021,A,1.0,0.0,0,0.0,0.0,0.0,0,1,1.0,1.2962962962962965,1.7777777777777777,1.3,-1.3,-3.6666666666666665,77.38416499128255
2021-03-13,Leeds United,Chelsea,0,0,D,7,15,4,8,16,6,8,5,3,0.0,0,0.0,2021,H,,,1,0.0,0.0,0.0,1,3,0.3333333333333333,1.2857142857142858,1.7586206896551724,1.3,-0.30000000000000004,-0.8637931034482759,76.52037188783427
2021-03-19,Leeds United,Fulham,2,1,A,13,13,6,4,13,12,13,7,2,,0,,2021,A,2.0,0.0,3,0.0,0.0,0.0,0,2,1.3333333333333333,1.3448275862068966,0.8666666666666667,1.3,1.7,3.72,80.24037188783427
2021-04-03,Leeds United,Sheffield United,2,1,H,23,9,8,1,12,13,5,7,1,2.0,0,0.0,2021,H,,,3,0.0,0.0,0.0,0,1,2.3333333333333335,1.4,0.4666666666666667,1.3,1.7,4.03,84.27037188783427
2021-04-10,Leeds United,Manchester City,2,1,A,29,2,7,2,12,15,9,3,1,,1,,2021,A,3.0,0.0,3,0.0,0.0,0.0,0,3,3.0,1.4516129032258065,2.3125,1.3,1.7,3.2531250000000003,87.52349688783428
2021-04-19,Leeds United,Liverpool,1,1,D,12,17,5,7,17,15,10,8,2,1.0,0,0.0,2021,H,,,1,0.0,0.0,0.0,0,2,2.3333333333333335,1.4375,1.65625,1.3,-0.30000000000000004,-1.3984375,86.12505938783428
2021-04-25,Leeds United,Manchester United,0,0,D,6,16,3,4,21,11,2,6,4,1.0,0,0.0,2021,H,,,1,0.0,0.0,0.0,1,4,1.6666666666666667,1.4242424242424243,2.0303030303030303,1.3,-0.30000000000000004,-1.1545454545454545,84.97051393328883
2021-05-01,Leeds United,Brighton and Hove Albion,0,2,H,17,11,5,2,17,6,2,9,1,,0,,2021,A,1.0,0.0,0,0.0,0.0,0.0,0,1,0.6666666666666666,1.3823529411764706,1.088235294117647,1.3,-1.3,-3.563235294117647,81.40727863917118
2021-05-08,Leeds United,Tottenham Hotspur,3,1,H,16,11,7,3,12,10,8,6,1,2.0,0,0.0,2021,H,,,3,0.0,0.0,0.0,0,1,1.3333333333333333,1.4285714285714286,1.6,1.3,1.7,3.86,85.26727863917118
2021-05-15,Leeds United,Burnley,4,0,A,16,16,4,6,10,10,6,8,1,,0,,2021,A,1.0,0.0,3,0.0,0.0,0.0,1,1,2.0,1.4722222222222223,1.0833333333333333,1.3,1.7,4.7375,90.00477863917118
2021-05-18,Leeds United,Southampton,2,0,A,18,15,3,7,10,12,4,5,3,,0,,2021,A,0.0,0.0,3,0.0,0.0,0.0,1,3,3.0,1.5135135135135136,1.162162162162162,1.3,1.7,4.225675675675675,94.23045431484685
2021-05-23,Leeds United,West Brom,3,1,H,17,14,9,5,12,12,8,3,2,1.0,0,0.0,2021,H,,,3,0.0,0.0,0.0,0,2,3.0,1.5526315789473684,0.6842105263157895,1.3,1.7,3.7473684210526317,97.97782273589948
2021-08-14,Leeds United,Manchester United,1,5,H,16,10,8,3,11,9,5,4,2,,0,,2021,A,1.0,0.0,0,0.0,0.0,0.0,0,2,2.0,1.5128205128205128,1.9743589743589745,1.3,-1.3,-3.946153846153846,94.03166888974563
2021-08-21,Leeds United,Everton,2,2,D,17,17,4,8,6,13,8,5,2,4.0,0,0.0,2021,H,,,1,0.0,0.0,0.0,0,2,1.3333333333333333,1.5,1.575,1.3,-0.30000000000000004,-1.38625,92.64541888974564
2021-08-29,Leeds United,Burnley,1,1,D,12,12,3,2,13,9,5,5,3,,0,,2021,A,4.0,0.0,1,0.0,0.0,0.0,0,3,0.6666666666666666,1.4878048780487805,0.975609756097561,1.3,-0.30000000000000004,-1.546341463414634,91.09907742633101
2021-09-12,Leeds United,Liverpool,0,3,A,9,30,4,9,9,8,2,11,2,1.0,1,0.0,2021,H,,,0,0.0,0.0,0.0,0,4,0.6666666666666666,1.4523809523809523,1.880952380952381,1.3,-1.3,-4.432142857142858,86.66693456918814
2021-09-17,Leeds United,Newcastle United,1,1,D,17,22,7,9,9,11,4,5,2,,0,,2021,A,2.0,0.0,1,0.0,0.0,0.0,0,2,0.6666666666666666,1.441860465116279,1.0930232558139534,1.3,-0.30000000000000004,-1.313953488372093,85.35298108081605
2021-09-25,Leeds United,West Ham United,1,2,A,15,20,5,7,10,6,5,7,3,2.0,0,0.0,2021,H,,,0,0.0,0.0,0.0,0,3,0.3333333333333333,1.4090909090909092,1.7272727272727273,1.3,-1.3,-4.159090909090909,81.19389017172514
2021-10-02,Leeds United,Watford,1,0,H,20,5,4,1,10,16,6,3,0,3.0,0,0.0,2021,H,,,3,0.0,0.0,0.0,1,0,1.3333333333333333,1.4444444444444444,1.0,1.3,1.7,4.999999999999999,86.19389017172514
2021-10-16,Leeds United,Southampton,0,1,H,19,3,5,0,16,14,8,1,3,,0,,2021,A,2.0,0.0,0,0.0,0.0,0.0,0,3,1.0,1.4130434782608696,1.0869565217391304,1.3,-1.3,-4.0630434782608695,82.13084669346428
2021-10-23,Leeds United,Wolverhampton Wanderers,1,1,D,18,8,4,4,15,14,6,3,2,3.0,0,0.0,2021,H,,,1,0.0,0.0,0.0,0,2,1.3333333333333333,1.4042553191489362,1.2340425531914894,1.3,-0.30000000000000004,-1.3351063829787233,80.79574031048556
2021-10-31,Leeds United,Norwich City,2,1,A,14,13,3,6,14,23,5,0,4,,0,,2021,A,1.0,0.0,3,0.0,0.0,0.0,0,4,1.3333333333333333,1.4375,0.2,1.3,1.7,3.3200000000000003,84.11574031048555
2021-11-07,Leeds United,Leicester City,1,1,D,18,9,5,3,12,5,10,5,1,1.0,0,0.0,2021,H,,,1,0.0,0.0,0.0,0,1,1.6666666666666667,1.4285714285714286,1.653061224489796,1.3,-0.30000000000000004,-1.1479591836734693,82.96778112681208
2021-11-21,Leeds United,Tottenham Hotspur,1,2,H,13,18,4,7,11,12,4,8,4,,0,,2021,A,1.0,0.0,0,0.0,0.0,0.0,0,4,1.3333333333333333,1.4,1.62,1.3,-1.3,-4.393000000000001,78.57478112681208
2021-11-27,Leeds United,Brighton and Hove Albion,0,0,D,20,11,4,4,12,14,6,1,3,,0,,2021,A,1.0,0.0,1,0.0,0.0,0.0,1,3,0.6666666666666666,1.392156862745098,1.156862745098039,1.3,-0.30000000000000004,-0.7735294117647059,77.80125171504737
2021-11-30,Leeds United,Crystal Palace,1,0,H,15,9,3,1,15,15,7,4,5,3.0,0,0.0,2021,H,,,3,0.0,0.0,0.0,1,5,1.3333333333333333,1.4230769230769231,1.1538461538461535,1.3,1.7,3.726923076923077,81.52817479197046
2021-12-05,Leeds United,Brentford,2,2,D,13,9,6,3,11,9,5,1,5,3.0,0,0.0,2021,H,,,1,0.0,0.0,0.0,0,5,1.6666666666666667,1.4150943396226414,1.1333333333333333,1.3,-0.30000000000000004,-2.07,79.45817479197045
2021-12-11,Leeds United,Chelsea,2,3,H,16,12,6,5,9,15,5,2,5,,0,,2021,A,2.0,0.0,0,0.0,0.0,0.0,0,5,1.3333333333333333,1.3888888888888888,1.9074074074074072,1.3,-1.3,-4.686111111111112,74.77206368085933
2021-12-14,Leeds United,Manchester City,0,7,H,31,6,15,3,5,9,6,2,1,,0,,2021,A,1.0,0.0,0,0.0,0.0,0.0,0,1,0.3333333333333333,1.3636363636363635,2.309090909090909,1.3,-1.3,-3.746363636363636,71.02570004449571
2021-12-18,Leeds United,Arsenal,1,4,A,9,21,2,12,11,7,1,4,3,1.0,0,0.0,2021,H,,,0,0.0,0.0,0.0,0,3,0.0,1.3392857142857142,1.6607142857142858,1.3,-1.3,-4.149107142857143,66.87659290163856
2022-01-02,Leeds United,Burnley,3,1,H,22,8,7,2,11,7,9,3,2,1.0,0,0.0,2022,H,,,3,0.0,0.0,0.0,0,2,1.0,1.368421052631579,0.9090909090909092,1.0555555555555556,1.9444444444444444,4.324747474747474,71.20134037638604
2022-01-16,Leeds United,West Ham United,3,2,A,15,18,5,5,6,9,4,3,2,,0,,2022,A,3.0,0.0,3,0.0,0.0,0.0,0,2,2.0,1.396551724137931,1.7,1.0555555555555556,1.9444444444444444,4.2061111111111105,75.40745148749714
2022-01-22,Leeds United,Newcastle United,0,1,A,13,15,4,3,9,9,6,7,4,2.0,0,0.0,2022,H,,,0,0.0,0.0,0.0,0,4,2.0,1.3728813559322033,1.0169491525423728,1.0555555555555556,-1.0555555555555556,-3.6914312617702447,71.71602022572691
2022-02-09,Leeds United,Aston Villa,3,3,D,12,16,4,8,11,9,6,11,3,,0,,2022,A,1.0,1.0,1,0.0,0.0,0.0,0,3,1.3333333333333333,1.3666666666666667,1.3666666666666667,1.0555555555555556,-0.05555555555555558,-0.9938888888888889,70.722131336838
2022-02-12,Leeds United,Everton,0,3,H,21,7,10,0,8,9,5,3,1,,0,,2022,A,1.0,0.0,0,0.0,0.0,0.0,0,1,0.3333333333333333,1.3442622950819672,1.35,1.0555555555555556,-1.0555555555555556,-2.991388888888889,67.73074244794913
2022-02-20,Leeds United,Manchester United,2,4,A,16,15,6,9,13,19,3,3,6,3.0,0,0.0,2022,H,,,0,0.0,0.0,0.0,0,6,0.3333333333333333,1.3225806451612905,1.875,1.0555555555555556,-1.0555555555555556,-4.32013888888889,63.410603559060235
2022-02-23,Leeds United,Liverpool,0,6,H,23,3,15,2,5,11,4,0,3,,0,,2022,A,0.0,0.0,0,0.0,0.0,0.0,0,3,0.0,1.3015873015873016,2.015625,1.0555555555555556,-1.0555555555555556,-3.5912326388888887,59.819370920171345
2022-02-26,Leeds United,Tottenham Hotspur,0,4,A,19,15,3,11,16,11,3,6,4,2.0,0,0.0,2022,H,,,0,0.0,0.0,0.0,0,4,0.0,1.28125,1.6507936507936507,1.0555555555555556,-1.0555555555555556,-3.7865079365079364,56.03286298366341
2022-03-05,Leeds United,Leicester City,0,1,H,7,19,4,4,9,12,5,10,2,,0,,2022,A,1.0,0.0,0,0.0,0.0,0.0,0,2,0.0,1.2615384615384615,1.5714285714285714,1.0555555555555556,-1.0555555555555556,-3.2746031746031745,52.758259809060235
2022-03-10,Leeds United,Aston Villa,0,3,A,4,15,1,9,17,11,3,5,5,3.0,0,0.0,2022,H,,,0,0.0,0.0,0.0,0,5,0.0,1.2424242424242424,1.4,1.0555555555555556,-1.0555555555555556,-3.998888888888889,48.75937092017134
2022-03-13,Leeds United,Norwich City,2,1,H,13,12,7,4,18,8,6,2,3,1.0,0,0.0,2022,H,,,3,0.0,0.0,0.0,0,3,1.0,1.2686567164179106,0.5862068965517241,1.0555555555555556,1.9444444444444444,4.123180076628352,52.882550996799694
2022-03-18,Leeds United,Wolverhampton Wanderers,3,2,A,14,15,8,6,13,14,2,5,4,,0,,2022,A,1.0,1.0,3,0.0,0.0,0.0,0,4,2.0,1.2941176470588236,1.338235294117647,1.0555555555555556,1.9444444444444444,3.760375816993464,56.64292681379316
2022-04-02,Leeds United,Southampton,1,1,D,12,14,3,6,14,7,4,7,1,1.0,0,0.0,2022,H,,,1,0.0,0.0,0.0,0,1,2.3333333333333335,1.289855072463768,1.161764705882353,1.0555555555555556,-0.05555555555555558,-0.46315359477124196,56.17977321902192
2022-04-09,Leeds United,Watford,3,0,A,8,10,1,5,8,12,3,8,0,,0,,2022,A,2.0,0.0,3,0.0,0.0,0.0,1,0,2.3333333333333335,1.3142857142857145,0.7096774193548387,1.0555555555555556,1.9444444444444444,5.654659498207884,61.8344327172298
2022-04-25,Leeds United,Crystal Palace,0,0,D,17,9,7,2,12,13,6,3,2,,0,,2022,A,2.0,0.0,1,0.0,0.0,0.0,1,2,1.6666666666666667,1.3098591549295775,1.1549295774647887,1.0555555555555556,-0.05555555555555558,0.0878716744913928,61.9223043917212
2022-04-30,Leeds United,Manchester City,0,4,A,7,19,2,6,13,3,3,6,1,2.0,0,0.0,2022,H,,,0,0.0,0.0,0.0,0,1,1.3333333333333333,1.2916666666666667,2.3472222222222223,1.0555555555555556,-1.0555555555555556,-3.140972222222222,58.781332169498974
2022-05-08,Leeds United,Arsenal,1,2,H,19,3,9,2,13,15,8,2,2,,1,,2022,A,2.0,0.0,0,0.0,0.0,0.0,0,4,0.3333333333333333,1.273972602739726,1.7397260273972603,1.0555555555555556,-1.0555555555555556,-3.7998477929984777,54.9814843765005
2022-05-11,Leeds United,Chelsea,0,3,A,5,17,0,4,10,14,1,5,1,0.0,1,0.0,2022,H,,,0,0.0,0.0,0.0,0,3,0.0,1.2567567567567568,1.851351351351351,1.0555555555555556,-1.0555555555555556,-3.5665915915915916,51.41489278490891
2022-05-15,Leeds United,Brighton and Hove Albion,1,1,D,19,16,5,6,16,8,8,1,3,2.0,0,0.0,2022,H,,,1,0.0,0.0,0.0,0,3,0.3333333333333333,1.2533333333333334,1.1866666666666668,1.0555555555555556,-0.05555555555555558,-0.966888888888889,50.44800389602002
2022-05-22,Leeds United,Brentford,2,1,A,14,14,5,6,11,13,3,2,1,,0,,2022,A,2.0,1.0,3,0.0,0.0,0.0,0,1,1.3333333333333333,1.2763157894736843,1.2105263157894737,1.0555555555555556,1.9444444444444444,4.529532163742689,54.977536059762706
2022-08-06,Leeds United,Wolverhampton Wanderers,2,1,H,12,15,4,6,13,9,6,4,2,0.0,0,0.0,2022,H,,,3,0.0,0.0,0.0,0,2,2.3333333333333335,1.2987012987012987,1.2467532467532467,1.0555555555555556,1.9444444444444444,4.274098124098123,59.25163418386083
2022-08-13,Leeds United,Southampton,2,2,D,14,13,4,5,10,12,2,5,3,,0,,2022,A,1.0,0.0,1,0.0,0.0,0.0,0,3,2.3333333333333335,1.294871794871795,1.0769230769230769,1.0555555555555556,-0.05555555555555558,-0.9504273504273505,58.30120683343348
2022-08-21,Leeds United,Chelsea,3,0,H,12,14,6,3,16,15,4,6,0,1.0,0,1.0,2022,H,,,3,0.0,0.0,0.0,1,0,2.3333333333333335,1.3164556962025316,1.8354430379746836,1.0555555555555556,1.9444444444444444,5.4857946554149075,63.78700148884839
2022-08-27,Leeds United,Brighton and Hove Albion,0,1,H,13,10,4,2,10,14,5,3,3,,0,,2022,A,2.0,0.0,0,0.0,0.0,0.0,0,3,1.3333333333333333,1.3,1.275,1.0555555555555556,-1.0555555555555556,-3.480138888888889,60.3068625999595
2022-08-30,Leeds United,Everton,1,1,D,14,7,5,2,10,9,10,2,3,3.0,0,0.0,2022,H,,,1,0.0,0.0,0.0,0,3,1.3333333333333333,1.2962962962962965,1.2469135802469136,1.0555555555555556,-0.05555555555555558,-0.975925925925926,59.33093667403357
2022-09-03,Leeds United,Brentford,2,5,H,14,17,8,6,8,9,2,6,2,,0,,2022,A,2.0,0.0,0,0.0,0.0,0.0,0,2,0.3333333333333333,1.2804878048780488,1.25,1.0555555555555556,-1.0555555555555556,-3.2263888888888888,56.10454778514468
2022-10-02,Leeds United,Aston Villa,0,0,D,9,19,1,7,23,12,2,9,3,2.0,1,0.0,2022,H,,,1,0.0,0.0,0.0,1,5,0.6666666666666666,1.2771084337349397,1.2857142857142858,1.0555555555555556,-0.05555555555555558,-0.6817460317460318,55.42280175339865
2022-10-09,Leeds United,Crystal Palace,1,2,H,13,10,5,4,13,23,5,3,3,,0,,2022,A,3.0,0.0,0,0.0,0.0,0.0,0,3,0.3333333333333333,1.261904761904762,1.2023809523809523,1.0555555555555556,-1.0555555555555556,-3.4692460317460316,51.95355572165262
2022-10-16,Leeds United,Arsenal,0,1,A,16,9,4,4,10,11,6,3,0,2.0,0,0.0,2022,H,,,0,0.0,0.0,0.0,0,0,0.3333333333333333,1.2470588235294118,1.8255813953488371,1.0555555555555556,-1.0555555555555556,-2.8127260981912143,49.14082962346141
2022-10-20,Leeds United,Leicester City,0,2,H,5,14,1,2,15,11,2,9,1,,0,,2022,A,2.0,0.0,0,0.0,0.0,0.0,0,1,0.0,1.2325581395348837,1.4482758620689655,1.0555555555555556,-1.0555555555555556,-3.0061302681992337,46.13469935526217
2022-10-23,Leeds United,Fulham,2,3,A,14,11,5,5,12,8,3,6,1,1.0,0,0.0,2022,H,,,0,0.0,0.0,0.0,0,1,0.0,1.2183908045977012,0.92,1.0555555555555556,-1.0555555555555556,-2.9268888888888887,43.20781046637328
2022-10-29,Leeds United,Liverpool,2,1,A,22,14,10,6,9,3,14,5,1,,0,,2022,A,0.0,0.0,3,0.0,0.0,0.0,0,1,1.0,1.2386363636363635,2.011363636363636,1.0555555555555556,1.9444444444444444,4.409406565656565,47.61721703202985
2022-11-05,Leeds United,Bournemouth,4,3,H,18,9,4,6,16,10,13,3,2,2.0,0,0.0,2022,H,,,3,0.0,0.0,0.0,0,2,2.0,1.2584269662921348,0.9285714285714286,1.0555555555555556,1.9444444444444444,4.321825396825396,51.939042428855245
2022-11-12,Leeds United,Tottenham Hotspur,3,4,H,14,12,8,5,8,7,9,2,1,,1,,2022,A,1.0,0.0,0,0.0,0.0,0.0,0,3,2.0,1.2444444444444445,1.78021978021978,1.0555555555555556,-1.0555555555555556,-3.5559218559218557,48.38312057293339
2022-12-28,Leeds United,Manchester City,1,3,A,9,26,1,9,11,14,3,5,3,3.0,0,0.0,2022,H,,,0,0.0,0.0,0.0,0,3,1.0,1.2307692307692308,2.3516483516483517,1.0555555555555556,-1.0555555555555556,-3.6416361416361416,44.74148443129725
2022-12-31,Leeds United,Newcastle United,0,0,D,16,8,5,1,13,19,9,3,5,,0,,2022,A,3.0,0.0,1,0.0,0.0,0.0,1,5,0.3333333333333333,1.2282608695652173,1.3763440860215057,1.0555555555555556,-0.05555555555555558,-0.6953405017921148,44.046143929505135
2023-01-04,Leeds United,West Ham United,2,2,D,14,15,6,2,11,18,8,1,3,1.0,0,0.0,2023,H,,,1,0.0,0.0,0.0,0,3,0.6666666666666666,1.2258064516129032,1.446808510638298,0.6818181818181818,0.31818181818181823,-0.07156673114119905,43.97457719836394
2023-01-13,Leeds United,Aston Villa,1,2,H,11,16,5,4,12,8,0,11,2,,0,,2023,A,2.0,0.0,0,0.0,0.0,0.0,0,2,0.6666666666666666,1.2127659574468086,1.3157894736842106,0.6818181818181818,-0.6818181818181818,-2.3019138755980855,41.67266332276586
2023-01-22,Leeds United,Brentford,0,0,D,9,6,5,0,10,18,2,3,2,2.0,0,0.0,2023,H,,,1,0.0,0.0,0.0,1,2,0.6666666666666666,1.2105263157894737,1.3103448275862069,0.6818181818181818,0.31818181818181823,0.9989028213166147,42.67156614408247
2023-02-05,Leeds United,Nottingham Forest,0,1,H,6,10,2,4,15,14,0,2,2,,0,,2023,A,4.0,0.0,0,0.0,0.0,0.0,0,2,0.3333333333333333,1.1979166666666667,1.1428571428571428,0.6818181818181818,-0.6818181818181818,-2.2759740259740253,40.395592118108446
2023-02-08,Leeds United,Manchester United,2,2,D,24,8,7,2,7,11,6,5,3,,0,,2023,A,1.0,0.0,1,0.0,0.0,0.0,0,3,0.6666666666666666,1.1958762886597938,1.7857142857142858,0.6818181818181818,0.31818181818181823,-0.12240259740259721,40.27318952070585
2023-02-12,Leeds United,Manchester United,0,2,A,16,11,6,5,10,13,7,3,2,1.0,0,0.0,2023,H,,,0,0.0,0.0,0.0,0,2,0.3333333333333333,1.183673469387755,1.797979797979798,0.6818181818181818,-0.6818181818181818,-2.3742424242424236,37.898947096463424
2023-02-18,Leeds United,Everton,0,1,H,15,8,6,0,8,6,6,4,3,,0,,2023,A,2.0,0.0,0,0.0,0.0,0.0,0,3,0.3333333333333333,1.1717171717171715,1.202020202020202,0.6818181818181818,-0.6818181818181818,-2.5348484848484842,35.36409861161494
2023-02-25,Leeds United,Southampton,1,0,H,14,8,4,2,15,13,9,2,2,4.0,0,0.0,2023,H,,,3,0.0,0.0,0.0,1,2,1.0,1.19,1.01,0.6818181818181818,2.3181818181818183,6.043954545454545,41.40805315706949
2023-03-04,Leeds United,Chelsea,0,1,H,13,11,3,2,10,7,5,7,0,,0,,2023,A,2.0,0.0,0,0.0,0.0,0.0,0,0,1.0,1.1782178217821782,1.7326732673267329,0.6818181818181818,-0.6818181818181818,-1.8644464446444642,39.543606712425024
2023-03-11,Leeds United,Brighton and Hove Albion,2,2,D,12,14,4,2,12,9,4,7,1,1.0,0,0.0,2023,H,,,1,0.0,0.0,0.0,0,1,1.3333333333333333,1.1764705882352942,1.31,0.6818181818181818,0.31818181818181823,0.4489545454545456,39.99256125787957
2023-03-18,Leeds United,Wolverhampton Wanderers,4,2,A,23,11,8,4,15,9,5,4,5,,0,,2023,A,3.0,1.0,3,0.0,0.0,0.0,0,5,1.3333333333333333,1.194174757281553,1.1826923076923077,0.6818181818181818,2.3181818181818183,4.468050699300699,44.46061195718027
2023-04-01,Leeds United,Arsenal,1,4,H,13,7,6,5,11,13,4,3,2,,0,,2023,A,0.0,0.0,0,0.0,0.0,0.0,0,2,1.3333333333333333,1.1826923076923077,1.923809523809524,0.6818181818181818,-0.6818181818181818,-2.3931168831168828,42.06749507406339
2023-04-04,Leeds United,Nottingham Forest,2,1,H,21,13,6,1,11,13,11,4,1,4.0,0,0.0,2023,H,,,3,0.0,0.0,0.0,0,1,2.0,1.2,0.9310344827586208,0.6818181818181818,2.3181818181818183,5.505799373040753,47.57329444710414
2023-04-09,Leeds United,Crystal Palace,1,5,A,11,16,7,8,11,8,2,4,3,1.0,0,0.0,2023,H,,,0,0.0,0.0,0.0,0,3,1.0,1.1886792452830188,1.179245283018868,0.6818181818181818,-0.6818181818181818,-2.531432246998284,45.041862200105854
2023-04-17,Leeds United,Liverpool,1,6,A,13,13,3,7,6,12,4,2,0,1.0,0,0.0,2023,H,,,0,0.0,0.0,0.0,0,0,1.0,1.1775700934579438,1.962264150943396,0.6818181818181818,-0.6818181818181818,-1.8988850771869636,43.14297712291889
2023-04-22,Leeds United,Fulham,1,2,H,12,10,5,2,10,15,8,6,4,,0,,2023,A,1.0,0.0,0,0.0,0.0,0.0,0,4,0.0,1.1666666666666667,1.0579710144927537,0.6818181818181818,-0.6818181818181818,-2.763241106719367,40.37973601619952
2023-04-25,Leeds United,Leicester City,1,1,D,13,15,3,3,14,15,3,6,4,2.0,0,0.0,2023,H,,,1,0.0,0.0,0.0,0,4,0.3333333333333333,1.165137614678899,1.348623853211009,0.6818181818181818,0.31818181818181823,-0.30683903252710576,40.072896983672415
2023-04-30,Leeds United,Bournemouth,1,4,H,12,15,7,6,12,14,2,6,0,,0,,2023,A,1.0,0.0,0,0.0,0.0,0.0,0,0,0.3333333333333333,1.1545454545454543,1.1470588235294117,0.6818181818181818,-0.6818181818181818,-1.776604278074866,38.29629270559755
2023-05-06,Leeds United,Manchester City,1,2,H,18,4,6,2,3,16,10,1,3,,0,,2023,A,0.0,0.0,0,0.0,0.0,0.0,0,3,0.3333333333333333,1.1441441441441442,2.372727272727273,0.6818181818181818,-0.6818181818181818,-2.710454545454545,35.585838160143005
2023-05-13,Leeds United,Newcastle United,2,2,D,9,18,4,5,16,14,2,6,3,2.0,1,0.0,2023,H,,,1,0.0,0.0,0.0,0,5,0.3333333333333333,1.1428571428571428,1.4414414414414414,0.6818181818181818,0.31818181818181823,-0.5707616707616706,35.015076489381336
2023-05-21,Leeds United,West Ham United,1,3,H,19,12,9,3,6,11,9,5,3,,0,,2023,A,1.0,0.0,0,0.0,0.0,0.0,0,3,0.3333333333333333,1.1327433628318584,1.424778761061947,0.6818181818181818,-0.6818181818181818,-2.5682622687047463,32.446814220676586
2023-05-28,Leeds United,Tottenham Hotspur,1,4,A,19,11,2,7,7,5,12,3,3,0.0,0,0.0,2023,H,,,0,0.0,0.0,0.0,0,3,0.3333333333333333,1.1228070175438596,1.6929824561403508,0.6818181818181818,-0.6818181818181818,-2.6084928229665065,29.838321397710082
2025-08-18,Leeds United,Everton,1,0,H,21,7,3,1,6,8,7,2,0,2.0,0,0.0,2025,H,,,3,0.0,0.0,0.0,1,0,1.0,1.1391304347826088,1.2041884816753927,1.0,2.0,5.71937172774869,35.55769312545877
2025-08-23,Leeds United,Arsenal,0,5,H,18,3,5,1,8,11,2,2,2,,0,,2025,A,0.0,0.0,0,0.0,0.0,0.0,0,2,1.0,1.1293103448275863,1.9947916666666667,1.0,-1.0,-3.19921875,32.35847437545877
2025-08-30,Leeds United,Newcastle United,0,0,D,10,8,1,2,10,15,5,5,1,1.0,0,0.0,2025,H,,,1,0.0,0.0,0.0,1,1,1.3333333333333333,1.1282051282051282,1.5181347150259068,1.0,0.0,0.42227979274611405,32.780754168204886
2025-09-13,Leeds United,Fulham,0,1,H,5,10,3,3,20,15,3,3,2,,0,,2025,A,1.0,0.0,0,0.0,0.0,0.0,0,2,0.3333333333333333,1.11864406779661,1.1923076923076923,1.0,-1.0,-3.0788461538461536,29.701908014358736
2025-09-20,Leeds United,Wolverhampton Wanderers,3,1,A,16,6,6,4,11,9,4,0,1,,0,,2025,A,1.0,0.0,3,0.0,0.0,0.0,0,1,1.3333333333333333,1.134453781512605,1.1538461538461535,1.0,2.0,4.676923076923076,34.37883109128181
2025-09-27,Leeds United,Bournemouth,2,2,D,19,12,8,5,12,13,7,4,2,2.0,0,0.0,2025,H,,,1,0.0,0.0,0.0,0,2,1.3333333333333333,1.1333333333333333,1.2833333333333334,1.0,0.0,-0.5925,33.78633109128181
2025-10-04,Leeds United,Tottenham Hotspur,1,2,A,16,9,4,3,10,12,4,1,2,3.0,0,0.0,2025,H,,,0,0.0,0.0,0.0,0,2,1.3333333333333333,1.1239669421487604,1.5786802030456852,1.0,-1.0,-3.136802030456853,30.649529060824953
2025-10-18,Leeds United,Burnley,0,2,H,4,19,3,4,10,7,1,5,1,,0,,2025,A,2.0,0.0,0,0.0,0.0,0.0,0,1,0.3333333333333333,1.1147540983606556,0.860655737704918,1.0,-1.0,-2.7790983606557376,27.870430700169216
2025-10-24,Leeds United,West Ham United,2,1,H,13,9,5,3,12,11,3,4,3,3.0,0,0.0,2025,H,,,3,0.0,0.0,0.0,0,3,1.0,1.1300813008130082,1.306532663316583,1.0,2.0,4.154020100502512,32.02445080067173
2025-11-01,Leeds United,Brighton and Hove Albion,0,3,H,14,5,7,2,10,7,4,7,1,,0,,2025,A,0.0,0.0,0,0.0,0.0,0.0,0,1,1.0,1.1209677419354838,1.39,1.0,-1.0,-2.8585,29.16595080067173
2025-11-09,Leeds United,Nottingham Forest,1,3,H,14,10,6,3,10,11,6,4,1,,0,,2025,A,2.0,0.0,0,0.0,0.0,0.0,0,1,1.0,1.112,1.184,1.0,-1.0,-2.8276,26.338350800671734
2020-09-12,Liverpool,Leeds United,4,3,H,22,6,6,3,9,6,9,0,1,0.0,0,0.0,2020,H,,,3,0.0,0.0,0.0,0,1,3.0,3.0,0.0,2.0625,0.9375,2.19375,222.19375
2020-09-20,Liverpool,Chelsea,2,0,A,5,18,3,6,10,6,1,11,0,,0,,2020,A,0.0,1.0,3,0.0,0.0,0.0,1,0,3.0,3.0,1.5,2.0625,0.9375,3.01875,225.2125
2020-09-28,Liverpool,Arsenal,3,1,H,21,4,8,3,11,7,7,3,2,2.0,0,0.0,2020,H,,,3,0.0,0.0,0.0,0,2,3.0,3.0,2.0,2.0625,0.9375,1.64375,226.85625
2020-10-04,Liverpool,Aston Villa,2,7,H,18,14,11,8,7,10,2,7,1,,0,,2020,A,2.0,0.0,0,0.0,0.0,0.0,0,1,2.0,2.25,3.0,2.0625,-2.0625,-5.7562500000000005,221.1
2020-10-17,Liverpool,Everton,2,2,D,11,22,5,8,15,9,2,5,2,,0,,2020,A,3.0,1.0,1,0.0,0.0,0.0,0,2,1.3333333333333333,2.0,2.6,2.0625,-1.0625,-3.44625,217.65375
2020-10-24,Liverpool,Sheffield United,2,1,H,17,13,5,2,7,15,7,3,0,3.0,0,0.0,2020,H,,,3,0.0,0.0,0.0,0,0,1.3333333333333333,2.1666666666666665,0.1666666666666666,2.0625,0.9375,2.41875,220.0725
2020-10-31,Liverpool,West Ham United,2,1,H,9,4,5,3,13,14,1,2,0,1.0,0,0.0,2020,H,,,3,0.0,0.0,0.0,0,0,2.3333333333333335,2.2857142857142856,1.1428571428571428,2.0625,0.9375,2.272321428571429,222.34482142857144
2020-11-08,Liverpool,Manchester City,1,1,D,7,10,2,3,19,11,1,2,1,,0,,2020,A,3.0,0.0,1,0.0,0.0,0.0,0,1,2.3333333333333335,2.125,1.7142857142857142,2.0625,-1.0625,-3.063392857142857,219.28142857142856
2020-11-22,Liverpool,Leicester City,3,0,H,24,11,13,4,15,6,10,3,0,2.0,0,0.0,2020,H,,,3,0.0,0.0,0.0,1,0,2.3333333333333335,2.2222222222222223,2.0,2.0625,0.9375,2.94375,222.22517857142856
2020-11-28,Liverpool,Brighton and Hove Albion,1,1,D,11,6,3,2,9,13,4,3,1,,0,,2020,A,2.0,0.0,1,0.0,0.0,0.0,0,1,1.6666666666666667,2.1,1.0,2.0625,-1.0625,-2.95625,219.26892857142857
2020-12-06,Liverpool,Wolverhampton Wanderers,4,0,H,11,9,6,3,8,14,4,6,1,1.0,0,0.0,2020,H,,,3,0.0,0.0,0.0,1,1,2.3333333333333335,2.1818181818181817,1.5454545454545454,2.0625,0.9375,2.761931818181818,222.03086038961038
2020-12-13,Liverpool,Fulham,1,1,D,10,12,5,6,9,5,6,8,1,,0,,2020,A,3.0,0.0,1,0.0,0.0,0.0,0,1,1.6666666666666667,2.0833333333333335,0.6666666666666666,2.0625,-1.0625,-2.90625,219.12461038961038
2020-12-16,Liverpool,Tottenham Hotspur,2,1,H,17,8,11,2,8,9,7,4,0,2.0,0,0.0,2020,H,,,3,0.0,0.0,0.0,0,0,2.3333333333333335,2.1538461538461537,1.9230769230769231,2.0625,0.9375,2.1552884615384618,221.27989885114886
2020-12-19,Liverpool,Crystal Palace,7,0,A,5,14,3,8,5,11,5,4,0,,0,,2020,A,1.0,0.0,3,0.0,0.0,0.0,1,0,2.3333333333333335,2.2142857142857144,1.2857142857142858,2.0625,0.9375,3.050892857142857,224.3307917082917
2020-12-27,Liverpool,West Brom,1,1,D,17,5,2,3,8,5,8,3,0,1.0,0,0.0,2020,H,,,1,0.0,0.0,0.0,0,0,2.3333333333333335,2.1333333333333333,0.5333333333333333,2.0625,-1.0625,-2.63625,221.6945417082917
2020-12-30,Liverpool,Newcastle United,0,0,D,8,11,2,4,9,13,5,12,3,,0,,2020,A,2.0,0.0,1,0.0,0.0,0.0,1,3,1.6666666666666667,2.0625,1.2666666666666666,2.0625,-1.0625,-2.69625,218.9982917082917
2021-01-04,Liverpool,Southampton,0,1,H,7,17,3,1,5,12,1,10,3,,0,,2021,A,1.0,0.0,0,0.0,0.0,0.0,0,3,0.6666666666666666,1.9411764705882353,1.7058823529411764,1.8780487804878048,-1.8780487804878048,-5.601004304160689,213.39728740413102
2021-01-17,Liverpool,Manchester United,0,0,D,17,8,3,4,15,6,7,3,2,1.0,0,0.0,2021,H,,,1,0.0,0.0,0.0,1,2,0.6666666666666666,1.8888888888888888,2.0555555555555554,1.8780487804878048,-0.8780487804878048,-2.103455284552845,211.29383211957818
2021-01-21,Liverpool,Burnley,0,1,A,27,6,6,4,11,8,12,0,2,1.0,0,0.0,2021,H,,,0,0.0,0.0,0.0,0,2,0.3333333333333333,1.7894736842105263,1.0555555555555556,1.8780487804878048,-1.8780487804878048,-5.253455284552846,206.0403768350253
2021-01-28,Liverpool,Tottenham Hotspur,3,1,A,3,14,2,7,9,11,1,2,2,,0,,2021,A,1.0,0.0,3,0.0,0.0,0.0,0,2,1.3333333333333333,1.85,1.736842105263158,1.8780487804878048,1.1219512195121952,2.1443517329910144,208.18472856801634
2021-01-31,Liverpool,West Ham United,3,1,A,8,14,2,5,7,8,6,5,0,,0,,2021,A,2.0,0.0,3,0.0,0.0,0.0,0,0,2.0,1.9047619047619049,1.6666666666666667,1.8780487804878048,1.1219512195121952,2.654878048780488,210.83960661679683
2021-02-03,Liverpool,Brighton and Hove Albion,0,1,A,11,13,1,4,12,6,6,3,1,0.0,0,0.0,2021,H,,,0,0.0,0.0,0.0,0,1,2.0,1.818181818181818,1.0909090909090908,1.8780487804878048,-1.8780487804878048,-5.008758314855877,205.83084830194096
2021-02-07,Liverpool,Manchester City,1,4,A,8,8,3,5,13,8,6,1,2,1.0,0,0.0,2021,H,,,0,0.0,0.0,0.0,0,2,1.0,1.7391304347826086,2.272727272727273,1.8780487804878048,-1.8780487804878048,-5.4360310421286036,200.39481725981236
2021-02-13,Liverpool,Leicester City,1,3,H,11,15,6,4,9,6,2,12,2,,0,,2021,A,1.0,0.0,0,0.0,0.0,0.0,0,2,0.0,1.6666666666666667,1.9166666666666667,1.8780487804878048,-1.8780487804878048,-5.382621951219512,195.01219530859282
2021-02-20,Liverpool,Everton,0,2,A,15,9,6,6,10,10,7,2,2,1.0,0,0.0,2021,H,,,0,0.0,0.0,0.0,0,2,0.0,1.6,1.6666666666666667,1.8780487804878048,-1.8780487804878048,-5.345121951219513,189.66707335737334
2021-02-28,Liverpool,Sheffield United,2,0,A,8,16,2,8,9,9,4,3,0,,0,,2021,A,0.0,0.0,3,0.0,0.0,0.0,1,0,1.0,1.6538461538461535,0.4230769230769231,1.8780487804878048,1.1219512195121952,3.6414165103189498,193.3084898676923
2021-03-04,Liverpool,Chelsea,0,1,A,7,11,1,5,9,8,5,2,0,0.0,0,0.0,2021,H,,,0,0.0,0.0,0.0,0,0,1.0,1.5925925925925926,1.7407407407407407,1.8780487804878048,-1.8780487804878048,-4.856233062330624,188.45225680536166
2021-03-07,Liverpool,Fulham,0,1,A,16,10,3,3,10,8,9,4,2,3.0,0,0.0,2021,H,,,0,0.0,0.0,0.0,0,2,1.0,1.5357142857142858,0.9285714285714286,1.8780487804878048,-1.8780487804878048,-5.234407665505227,183.2178491398564
2021-03-15,Liverpool,Wolverhampton Wanderers,1,0,A,10,12,5,4,17,10,3,2,1,,0,,2021,A,2.0,0.0,3,0.0,0.0,0.0,1,1,1.0,1.5862068965517242,1.206896551724138,1.8780487804878048,1.1219512195121952,3.273843566021868,186.49169270587828
2021-04-03,Liverpool,Arsenal,3,0,A,3,16,2,7,10,10,1,2,1,,0,,2021,A,1.0,0.0,3,0.0,0.0,0.0,1,1,2.0,1.6333333333333333,1.4,1.8780487804878048,1.1219512195121952,3.2448780487804885,189.73657075465877
2021-04-10,Liverpool,Aston Villa,2,1,H,23,9,10,5,16,11,7,0,2,4.0,0,0.0,2021,H,,,3,0.0,0.0,0.0,0,2,3.0,1.6774193548387095,1.4666666666666666,1.8780487804878048,1.1219512195121952,2.184878048780488,191.92144880343926
2021-04-19,Liverpool,Leeds United,1,1,D,12,17,5,7,17,15,10,8,1,,0,,2021,A,2.0,0.0,1,0.0,0.0,0.0,0,1,2.3333333333333335,1.65625,1.4375,1.8780487804878048,-0.8780487804878048,-2.560746951219512,189.36070185221976
2021-04-24,Liverpool,Newcastle United,1,1,D,22,7,9,4,9,7,6,3,2,1.0,0,0.0,2021,H,,,1,0.0,0.0,0.0,0,2,1.6666666666666667,1.6363636363636365,1.0909090909090908,1.8780487804878048,-0.8780487804878048,-2.7587583148558754,186.60194353736387
2021-05-08,Liverpool,Southampton,2,0,H,14,12,6,6,10,6,8,4,0,1.0,0,0.0,2021,H,,,3,0.0,0.0,0.0,1,0,1.6666666666666667,1.6764705882352942,1.088235294117647,1.8780487804878048,1.1219512195121952,3.5416427546628415,190.14358629202673
2021-05-13,Liverpool,Manchester United,4,2,A,18,17,3,8,10,12,6,4,0,,0,,2021,A,3.0,0.0,3,0.0,0.0,0.0,0,0,2.3333333333333335,1.7142857142857142,1.9444444444444444,1.8780487804878048,1.1219512195121952,2.6132113821138216,192.75679767414056
2021-05-16,Liverpool,West Brom,2,1,A,10,26,3,6,7,14,9,13,0,,0,,2021,A,0.0,0.0,3,0.0,0.0,0.0,0,0,3.0,1.75,0.7222222222222222,1.8780487804878048,1.1219512195121952,2.7965447154471548,195.5533423895877
2021-05-19,Liverpool,Burnley,3,0,A,10,20,4,3,10,7,6,7,0,,0,,2021,A,0.0,0.0,3,0.0,0.0,0.0,1,0,3.0,1.7837837837837838,1.054054054054054,1.8780487804878048,1.1219512195121952,3.5467699406723803,199.1001123302601
2021-05-23,Liverpool,Crystal Palace,2,0,H,19,5,5,4,10,8,14,1,2,2.0,0,0.0,2021,H,,,3,0.0,0.0,0.0,1,2,3.0,1.8157894736842104,1.1578947368421053,1.8780487804878048,1.1219512195121952,3.0311938382541728,202.13130616851424
2021-08-14,Liverpool,Norwich City,3,0,A,14,19,3,8,4,14,3,11,1,,0,,2021,A,1.0,0.0,3,0.0,0.0,0.0,1,1,3.0,1.8461538461538465,0.0,1.8780487804878048,1.1219512195121952,3.4548780487804884,205.58618421729474
2021-08-21,Liverpool,Burnley,2,0,H,27,9,9,3,6,12,8,4,0,0.0,0,0.0,2021,H,,,3,0.0,0.0,0.0,1,0,3.0,1.875,0.975,1.8780487804878048,1.1219512195121952,3.558628048780488,209.14481226607523
2021-08-28,Liverpool,Chelsea,1,1,D,24,6,7,3,13,4,12,3,0,2.0,0,1.0,2021,H,,,1,0.0,0.0,0.0,0,0,2.3333333333333335,1.853658536585366,1.804878048780488,1.8780487804878048,-0.8780487804878048,-2.3658536585365852,206.77895860753864
2021-09-12,Liverpool,Leeds United,3,0,A,9,30,4,9,9,8,2,11,1,,0,,2021,A,2.0,1.0,3,0.0,0.0,0.0,1,1,2.3333333333333335,1.880952380952381,1.4523809523809523,1.8780487804878048,1.1219512195121952,3.2370209059233455,210.01597951346199
2021-09-18,Liverpool,Crystal Palace,3,0,H,25,13,10,2,17,11,10,5,3,1.0,0,0.0,2021,H,,,3,0.0,0.0,0.0,1,3,2.3333333333333335,1.9069767441860463,1.1395348837209305,1.8780487804878048,1.1219512195121952,2.7839478162223488,212.79992732968432
2021-09-25,Liverpool,Brentford,3,3,D,12,16,4,6,8,7,2,11,1,,0,,2021,A,1.0,0.0,1,0.0,0.0,0.0,0,1,2.3333333333333335,1.8863636363636365,1.5,1.8780487804878048,-0.8780487804878048,-2.570121951219512,210.22980537846482
2021-10-03,Liverpool,Manchester City,2,2,D,6,12,4,3,10,12,3,4,3,3.0,0,0.0,2021,H,,,1,0.0,0.0,0.0,0,3,1.6666666666666667,1.8666666666666667,2.2222222222222223,1.8780487804878048,-0.8780487804878048,-3.1784552845528453,207.051350093912
2021-10-16,Liverpool,Watford,5,0,A,6,19,2,8,4,10,1,9,0,,0,,2021,A,0.0,0.0,3,0.0,0.0,0.0,1,0,1.6666666666666667,1.891304347826087,0.875,1.8780487804878048,1.1219512195121952,3.5736280487804883,210.62497814269247
2021-10-24,Liverpool,Manchester United,5,0,A,12,19,4,8,10,8,6,3,0,,0,,2021,A,6.0,1.0,3,0.0,0.0,0.0,1,0,2.3333333333333335,1.9148936170212767,1.872340425531915,1.8780487804878048,1.1219512195121952,3.424026984950701,214.04900512764317
2021-10-30,Liverpool,Brighton and Hove Albion,2,2,D,14,9,3,6,8,5,5,3,2,2.0,0,0.0,2021,H,,,1,0.0,0.0,0.0,0,2,2.3333333333333335,1.8958333333333333,1.1875,1.8780487804878048,-0.8780487804878048,-2.773246951219512,211.27575817642366
2021-11-07,Liverpool,West Ham United,2,3,H,7,16,3,5,11,6,3,2,1,,0,,2021,A,1.0,0.0,0,0.0,0.0,0.0,0,1,1.3333333333333333,1.8571428571428572,1.7959183673469388,1.8780487804878048,-1.8780487804878048,-5.114509706321553,206.1612484701021
2021-11-20,Liverpool,Arsenal,4,0,H,19,5,9,3,15,12,6,1,2,0.0,0,0.0,2021,H,,,3,0.0,0.0,0.0,1,2,1.3333333333333333,1.88,1.62,1.8780487804878048,1.1219512195121952,2.9618780487804885,209.1231265188826
2021-11-27,Liverpool,Southampton,4,0,H,20,7,6,3,7,14,5,7,0,1.0,0,0.0,2021,H,,,3,0.0,0.0,0.0,1,0,2.0,1.9019607843137256,1.1176470588235294,1.8780487804878048,1.1219512195121952,3.537230989956959,212.66035750883955
2021-12-01,Liverpool,Everton,4,1,A,8,16,2,7,8,16,3,11,3,,0,,2021,A,4.0,0.0,3,0.0,0.0,0.0,0,3,3.0,1.9230769230769231,1.4230769230769231,1.8780487804878048,1.1219512195121952,1.9414165103189498,214.6017740191585
2021-12-04,Liverpool,Wolverhampton Wanderers,1,0,A,3,17,1,5,4,7,2,8,2,,0,,2021,A,2.0,0.0,3,0.0,0.0,0.0,1,2,3.0,1.9433962264150944,1.2452830188679245,1.8780487804878048,1.1219512195121952,3.0180855959503,217.6198596151088
2021-12-11,Liverpool,Aston Villa,1,0,H,20,4,5,0,13,6,11,3,1,2.0,0,0.0,2021,H,,,3,0.0,0.0,0.0,1,1,3.0,1.962962962962963,1.3703703703703705,1.8780487804878048,1.1219512195121952,3.2493224932249327,220.86918210833372
2021-12-16,Liverpool,Newcastle United,3,1,H,23,4,8,2,9,4,11,0,1,3.0,0,0.0,2021,H,,,3,0.0,0.0,0.0,0,1,3.0,1.981818181818182,1.0,1.8780487804878048,1.1219512195121952,2.5048780487804883,223.37406015711423
2021-12-19,Liverpool,Tottenham Hotspur,2,2,D,10,18,5,6,12,11,6,4,4,,1,,2021,A,4.0,0.0,1,0.0,0.0,0.0,0,6,2.3333333333333335,1.9642857142857144,1.660377358490566,1.8780487804878048,-0.8780487804878048,-3.8441785549930967,219.52988160212112
2021-12-28,Liverpool,Leicester City,0,1,H,6,21,1,4,8,11,1,12,1,,0,,2021,A,0.0,0.0,0,0.0,0.0,0.0,0,1,1.3333333333333333,1.9298245614035088,1.625,1.8780487804878048,-1.8780487804878048,-5.088871951219513,214.4410096509016
2022-01-02,Liverpool,Chelsea,2,2,D,15,10,6,6,5,13,6,7,2,,0,,2022,A,1.0,0.0,1,0.0,0.0,0.0,0,2,0.6666666666666666,1.913793103448276,1.8644067796610169,2.257142857142857,-1.2571428571428571,-3.8225181598062954,210.6184914910953
2022-01-16,Liverpool,Brentford,3,0,H,27,6,13,1,6,6,9,0,0,1.0,0,0.0,2022,H,,,3,0.0,0.0,0.0,1,0,1.3333333333333333,1.9322033898305084,1.0952380952380951,2.257142857142857,0.7428571428571429,2.5928571428571434,213.21134863395247
2022-01-23,Liverpool,Crystal Palace,3,1,A,8,15,5,7,12,10,2,5,1,,0,,2022,A,4.0,0.0,3,0.0,0.0,0.0,0,1,2.3333333333333335,1.95,1.1333333333333333,2.257142857142857,0.7428571428571429,1.5371428571428574,214.7484914910953
2022-02-10,Liverpool,Leicester City,2,0,H,22,5,11,1,11,7,7,6,1,0.0,0,0.0,2022,H,,,3,0.0,0.0,0.0,1,1,3.0,1.9672131147540983,1.5593220338983051,2.257142857142857,0.7428571428571429,2.2732445520581117,217.02173604315342
2022-02-13,Liverpool,Burnley,1,0,A,8,12,5,4,7,6,5,8,1,,0,,2022,A,0.0,0.0,3,0.0,0.0,0.0,1,1,3.0,1.9838709677419355,0.8983050847457628,2.257142857142857,0.7428571428571429,2.372397094430993,219.39413313758442
2022-02-19,Liverpool,Norwich City,3,1,H,29,6,8,1,7,8,9,4,0,1.0,0,0.0,2022,H,,,3,0.0,0.0,0.0,0,0,3.0,2.0,0.68,2.257142857142857,0.7428571428571429,1.8551428571428572,221.24927599472727
2022-02-23,Liverpool,Leeds United,6,0,H,23,3,15,2,5,11,4,0,0,3.0,0,0.0,2022,H,,,3,0.0,0.0,0.0,1,0,3.0,2.015625,1.3015873015873016,2.257142857142857,0.7428571428571429,2.561904761904762,223.81118075663204
2022-03-05,Liverpool,West Ham United,1,0,H,22,13,5,5,7,7,4,6,2,1.0,0,0.0,2022,H,,,3,0.0,0.0,0.0,1,2,3.0,2.0307692307692307,1.6666666666666667,2.257142857142857,0.7428571428571429,2.0071428571428576,225.8183236137749
2022-03-12,Liverpool,Brighton and Hove Albion,2,0,A,8,18,3,9,12,15,7,6,1,,0,,2022,A,3.0,0.0,3,0.0,0.0,0.0,1,1,3.0,2.0454545454545454,1.121212121212121,2.257142857142857,0.7428571428571429,2.3389610389610396,228.15728465273594
2022-03-16,Liverpool,Arsenal,2,0,A,9,9,2,3,9,9,1,6,1,,0,,2022,A,0.0,0.0,3,0.0,0.0,0.0,1,1,3.0,2.0597014925373136,1.7230769230769232,2.257142857142857,0.7428571428571429,2.248681318681319,230.40596597141726
2022-04-02,Liverpool,Watford,2,0,H,20,5,3,2,9,8,9,3,1,1.0,0,0.0,2022,H,,,3,0.0,0.0,0.0,1,1,3.0,2.073529411764706,0.7333333333333333,2.257142857142857,0.7428571428571429,2.3971428571428577,232.8031088285601
2022-04-10,Liverpool,Manchester City,2,2,D,11,6,5,4,9,11,4,1,4,,0,,2022,A,1.0,0.0,1,0.0,0.0,0.0,0,4,2.3333333333333335,2.0579710144927534,2.318840579710145,2.257142857142857,-1.2571428571428571,-4.390683229813664,228.41242559874644
2022-04-19,Liverpool,Manchester United,4,0,H,14,2,5,1,3,6,10,2,1,2.0,0,0.0,2022,H,,,3,0.0,0.0,0.0,1,1,2.3333333333333335,2.0714285714285716,1.8028169014084507,2.257142857142857,0.7428571428571429,2.23672032193159,230.64914592067805
2022-04-24,Liverpool,Everton,2,0,H,18,9,4,1,8,8,13,1,2,5.0,0,0.0,2022,H,,,3,0.0,0.0,0.0,1,2,2.3333333333333335,2.084507042253521,1.2571428571428571,2.257142857142857,0.7428571428571429,2.068571428571429,232.71771734924945
2022-04-30,Liverpool,Newcastle United,1,0,A,4,24,2,10,11,11,0,6,3,,0,,2022,A,1.0,0.0,3,0.0,0.0,0.0,1,3,3.0,2.0972222222222223,1.2054794520547945,2.257142857142857,0.7428571428571429,1.8263209393346385,234.5440382885841
2022-05-07,Liverpool,Tottenham Hotspur,1,1,D,22,8,3,3,12,8,11,5,3,2.0,0,0.0,2022,H,,,1,0.0,0.0,0.0,0,3,2.3333333333333335,2.0821917808219177,1.6986301369863013,2.257142857142857,-1.2571428571428571,-4.047651663405088,230.496386625179
2022-05-10,Liverpool,Aston Villa,2,1,A,9,17,4,6,10,12,2,3,0,,0,,2022,A,0.0,0.0,3,0.0,0.0,0.0,0,0,2.3333333333333335,2.0945945945945947,1.3424657534246576,2.257142857142857,0.7428571428571429,1.7557729941291587,232.25215961930817
2022-05-17,Liverpool,Southampton,2,1,A,4,24,2,5,6,6,1,9,0,,0,,2022,A,2.0,0.0,3,0.0,0.0,0.0,0,0,2.3333333333333335,2.1066666666666665,1.106666666666667,2.257142857142857,0.7428571428571429,1.7911428571428574,234.04330247645103
2022-05-22,Liverpool,Wolverhampton Wanderers,3,1,H,29,7,8,5,6,3,5,3,1,0.0,0,0.0,2022,H,,,3,0.0,0.0,0.0,0,1,3.0,2.1184210526315788,1.263157894736842,2.257142857142857,0.7428571428571429,1.517669172932331,235.56097164938336
2022-08-06,Liverpool,Fulham,2,2,D,9,11,3,4,7,9,4,4,0,,0,,2022,A,2.0,0.0,1,0.0,0.0,0.0,0,0,2.3333333333333335,2.103896103896104,0.7435897435897436,2.257142857142857,-1.2571428571428571,-3.1543956043956043,232.40657604498776
2022-08-15,Liverpool,Crystal Palace,1,1,D,24,7,4,3,7,8,4,2,2,4.0,1,0.0,2022,H,,,1,0.0,0.0,0.0,0,4,1.6666666666666667,2.08974358974359,1.1923076923076923,2.257142857142857,-1.2571428571428571,-4.221703296703296,228.18487274828448
2022-08-22,Liverpool,Manchester United,1,2,H,12,17,4,5,11,7,6,8,1,,0,,2022,A,3.0,0.0,0,0.0,0.0,0.0,0,1,0.6666666666666666,2.0632911392405062,1.7088607594936709,2.257142857142857,-2.257142857142857,-6.049186256781193,222.13568649150326
2022-08-27,Liverpool,Bournemouth,9,0,H,19,5,12,2,6,5,8,1,0,1.0,0,0.0,2022,H,,,3,0.0,0.0,0.0,1,0,1.3333333333333333,2.075,0.75,2.257142857142857,0.7428571428571429,2.6446428571428577,224.78032934864612
2022-08-31,Liverpool,Newcastle United,2,1,H,23,5,6,2,9,10,13,0,0,2.0,0,0.0,2022,H,,,3,0.0,0.0,0.0,0,0,2.0,2.0864197530864197,1.2345679012345678,2.257142857142857,0.7428571428571429,1.7719576719576722,226.55228702060379
2022-09-03,Liverpool,Everton,0,0,D,14,23,3,8,7,11,7,9,2,,0,,2022,A,2.0,0.0,1,0.0,0.0,0.0,1,2,2.3333333333333335,2.073170731707317,1.2439024390243902,2.257142857142857,-1.2571428571428571,-2.929442508710801,223.622844511893
2022-10-01,Liverpool,Brighton and Hove Albion,3,3,D,15,6,7,6,9,13,9,2,1,1.0,0,0.0,2022,H,,,1,0.0,0.0,0.0,0,1,1.6666666666666667,2.0602409638554215,1.2771084337349397,2.257142857142857,-1.2571428571428571,-3.4844234079173835,220.13842110397562
2022-10-09,Liverpool,Arsenal,2,3,H,11,8,7,3,11,11,4,3,2,,0,,2022,A,1.0,0.0,0,0.0,0.0,0.0,0,2,0.6666666666666666,2.0357142857142856,1.811764705882353,2.257142857142857,-2.257142857142857,-6.314621848739495,213.8237992552361
2022-10-16,Liverpool,Manchester City,1,0,H,13,16,2,6,10,7,5,6,3,1.0,0,0.0,2022,H,,,3,0.0,0.0,0.0,1,3,1.3333333333333333,2.0470588235294116,2.3488372093023258,2.257142857142857,0.7428571428571429,1.6548172757475088,215.47861653098363
2022-10-19,Liverpool,West Ham United,1,0,H,22,8,7,3,9,8,8,3,0,0.0,0,0.0,2022,H,,,3,0.0,0.0,0.0,1,0,2.0,2.058139534883721,1.5172413793103448,2.257142857142857,0.7428571428571429,2.529556650246306,218.00817318122992
2022-10-22,Liverpool,Nottingham Forest,0,1,H,10,15,7,7,14,8,2,11,1,,0,,2022,A,2.0,0.0,0,0.0,0.0,0.0,0,1,2.0,2.0344827586206895,0.75,2.257142857142857,-2.257142857142857,-5.9053571428571425,212.1028160383728
2022-10-29,Liverpool,Leeds United,1,2,A,22,14,10,6,9,3,14,5,0,1.0,0,0.0,2022,H,,,0,0.0,0.0,0.0,0,0,1.0,2.011363636363636,1.2386363636363635,2.257142857142857,-2.257142857142857,-5.728652597402597,206.3741634409702
2022-11-06,Liverpool,Tottenham Hotspur,2,1,A,14,13,5,6,10,8,5,3,0,,0,,2022,A,0.0,0.0,3,0.0,0.0,0.0,0,0,1.0,2.0224719101123596,1.7666666666666666,2.257142857142857,0.7428571428571429,1.6921428571428574,208.06630629811306
2022-11-12,Liverpool,Southampton,3,1,H,15,9,7,5,8,8,6,0,0,2.0,0,0.0,2022,H,,,3,0.0,0.0,0.0,0,0,2.0,2.033333333333333,1.043956043956044,2.257142857142857,0.7428571428571429,1.8005494505494508,209.8668557486625
2022-12-26,Liverpool,Aston Villa,3,1,A,12,16,6,9,7,12,0,6,0,,0,,2022,A,0.0,0.0,3,0.0,0.0,0.0,0,0,3.0,2.043956043956044,1.2826086956521738,2.257142857142857,0.7428571428571429,1.7647515527950313,211.63160730145754
2022-12-30,Liverpool,Leicester City,2,1,H,21,7,5,2,8,15,4,5,0,1.0,0,0.0,2022,H,,,3,0.0,0.0,0.0,0,0,3.0,2.0543478260869565,1.4516129032258065,2.257142857142857,0.7428571428571429,1.7394009216589863,213.37100822311652
2023-01-02,Liverpool,Brentford,1,3,H,10,16,7,6,5,8,4,9,3,,0,,2023,A,1.0,0.0,0,0.0,0.0,0.0,0,3,2.0,2.032258064516129,1.2857142857142858,1.975609756097561,-1.975609756097561,-5.781881533101046,207.58912669001546
2023-01-14,Liverpool,Brighton and Hove Albion,0,3,H,16,6,9,2,8,15,7,1,3,,0,,2023,A,1.0,0.0,0,0.0,0.0,0.0,0,3,1.0,2.0106382978723403,1.297872340425532,1.975609756097561,-1.975609756097561,-5.783705241307733,201.80542144870773
2023-01-21,Liverpool,Chelsea,0,0,D,15,11,3,2,16,9,5,5,3,1.0,0,0.0,2023,H,,,1,0.0,0.0,0.0,1,3,0.3333333333333333,2.0,1.7708333333333333,1.975609756097561,-0.975609756097561,-2.554649390243902,199.25077205846384
2023-02-04,Liverpool,Wolverhampton Wanderers,0,3,H,12,22,6,4,9,7,2,7,1,,0,,2023,A,1.0,0.0,0,0.0,0.0,0.0,0,1,0.3333333333333333,1.9791666666666667,1.1958762886597938,1.975609756097561,-1.975609756097561,-5.2684058335428725,193.98236622492095
2023-02-13,Liverpool,Everton,2,0,H,15,6,6,1,8,16,3,3,1,3.0,0,0.0,2023,H,,,3,0.0,0.0,0.0,1,1,1.3333333333333333,1.9896907216494848,1.183673469387755,1.975609756097561,1.024390243902439,3.0334245893479346,197.0157908142689
2023-02-18,Liverpool,Newcastle United,2,0,A,14,13,4,7,3,8,6,7,1,,0,,2023,A,1.0,1.0,3,0.0,0.0,0.0,1,1,2.0,2.0,1.3636363636363635,1.975609756097561,1.024390243902439,3.0064301552106434,200.02222096947955
2023-02-25,Liverpool,Crystal Palace,0,0,D,6,12,0,4,11,14,5,3,5,,0,,2023,A,2.0,0.0,1,0.0,0.0,0.0,1,5,2.3333333333333335,1.9898989898989896,1.19,1.975609756097561,-0.975609756097561,-2.967524390243902,197.05469657923564
2023-03-01,Liverpool,Wolverhampton Wanderers,2,0,H,15,4,6,1,13,14,5,2,2,3.0,0,0.0,2023,H,,,3,0.0,0.0,0.0,1,2,2.3333333333333335,2.0,1.188118811881188,1.975609756097561,1.024390243902439,2.7827577879739196,199.83745436720957
2023-03-05,Liverpool,Manchester United,7,0,H,18,8,8,4,13,14,4,3,2,3.0,0,0.0,2023,H,,,3,0.0,0.0,0.0,1,2,2.3333333333333335,2.00990099009901,1.792079207920792,1.975609756097561,1.024390243902439,2.692163728567979,202.52961809577755
2023-03-11,Liverpool,Bournemouth,0,1,H,5,15,2,6,7,9,3,8,1,,0,,2023,A,2.0,0.0,0,0.0,0.0,0.0,0,1,2.0,1.9901960784313728,0.9230769230769232,1.975609756097561,-1.975609756097561,-5.227485928705442,197.3021321670721
2023-04-01,Liverpool,Manchester City,1,4,H,17,4,8,1,9,12,7,1,1,,0,,2023,A,1.0,0.0,0,0.0,0.0,0.0,0,1,1.0,1.970873786407767,2.3365384615384617,1.975609756097561,-1.975609756097561,-5.439505159474672,191.86262700759744
2023-04-04,Liverpool,Chelsea,0,0,D,12,7,3,4,6,17,3,5,4,,0,,2023,A,1.0,0.0,1,0.0,0.0,0.0,1,4,0.3333333333333333,1.9615384615384617,1.7142857142857142,1.975609756097561,-0.975609756097561,-2.796167247386759,189.06645976021068
2023-04-09,Liverpool,Arsenal,2,2,D,21,9,6,5,11,11,5,4,4,4.0,0,0.0,2023,H,,,1,0.0,0.0,0.0,0,4,0.6666666666666666,1.9523809523809523,1.9150943396226416,1.975609756097561,-0.975609756097561,-3.6262885411872987,185.44017121902337
2023-04-17,Liverpool,Leeds United,6,1,A,13,13,3,7,6,12,4,2,1,,0,,2023,A,0.0,0.0,3,0.0,0.0,0.0,0,1,1.6666666666666667,1.962264150943396,1.1775700934579438,1.975609756097561,1.024390243902439,2.234340095737406,187.6745113147608
2023-04-22,Liverpool,Nottingham Forest,3,2,H,18,11,6,5,9,12,9,3,0,1.0,0,0.0,2023,H,,,3,0.0,0.0,0.0,0,0,2.3333333333333335,1.97196261682243,0.84375,1.975609756097561,1.024390243902439,2.534413109756098,190.20892442451688
2023-04-26,Liverpool,West Ham United,2,1,A,7,20,2,4,6,8,3,6,0,,0,,2023,A,0.0,0.0,3,0.0,0.0,0.0,0,0,3.0,1.9814814814814816,1.4351851851851851,1.975609756097561,1.024390243902439,2.44569783197832,192.6546222564952
2023-04-30,Liverpool,Tottenham Hotspur,4,3,H,12,10,4,7,12,6,5,2,3,2.0,0,0.0,2023,H,,,3,0.0,0.0,0.0,0,3,3.0,1.9908256880733943,1.7,1.975609756097561,1.024390243902439,1.6559756097560978,194.3105978662513
2023-05-03,Liverpool,Fulham,1,0,H,15,9,3,3,10,8,7,5,0,0.0,0,0.0,2023,H,,,3,0.0,0.0,0.0,1,0,3.0,2.0,1.0138888888888888,1.975609756097561,1.024390243902439,3.308892276422765,197.61949014267407
2023-05-06,Liverpool,Brentford,1,0,H,15,5,5,1,19,10,7,3,4,2.0,0,0.0,2023,H,,,3,0.0,0.0,0.0,1,4,3.0,2.009009009009009,1.3150684931506849,1.975609756097561,1.024390243902439,2.263715335783495,199.88320547845757
2023-05-15,Liverpool,Leicester City,3,0,A,4,16,4,5,11,17,4,4,1,,0,,2023,A,2.0,0.0,3,0.0,0.0,0.0,1,1,3.0,2.017857142857143,1.3214285714285714,1.975609756097561,1.024390243902439,3.0127613240418123,202.89596680249937
2023-05-20,Liverpool,Aston Villa,1,1,D,10,6,5,3,16,13,9,4,3,5.0,0,0.0,2023,H,,,1,0.0,0.0,0.0,0,3,2.3333333333333335,2.0088495575221237,1.3982300884955752,1.975609756097561,-0.975609756097561,-3.2987589035182387,199.59720789898114
2023-05-28,Liverpool,Southampton,4,4,D,15,30,10,8,4,10,2,9,2,,0,,2023,A,0.0,0.0,1,0.0,0.0,0.0,0,2,1.6666666666666667,2.0,0.9473684210526316,1.975609756097561,-0.975609756097561,-2.9811296534017973,196.61607824557933
2023-08-13,Liverpool,Chelsea,1,1,D,10,13,4,1,5,12,4,4,3,,0,,2023,A,3.0,0.0,1,0.0,0.0,0.0,0,3,1.0,1.991304347826087,1.617391304347826,1.975609756097561,-0.975609756097561,-3.331633085896076,193.28444515968326
2023-08-19,Liverpool,Bournemouth,3,1,H,26,13,10,5,11,13,10,2,1,3.0,1,0.0,2023,H,,,3,0.0,0.0,0.0,0,3,1.6666666666666667,2.0,1.0,1.975609756097561,1.024390243902439,1.7609756097560978,195.04542076943935
2023-08-27,Liverpool,Newcastle United,2,1,A,23,9,8,4,16,10,5,9,2,,1,,2023,A,1.0,0.0,3,0.0,0.0,0.0,0,4,2.3333333333333335,2.0085470085470085,1.435897435897436,1.975609756097561,1.024390243902439,1.4455909943714824,196.49101176381083
2023-09-03,Liverpool,Aston Villa,3,0,H,17,9,4,3,12,7,7,3,0,1.0,0,0.0,2023,H,,,3,0.0,0.0,0.0,1,0,3.0,2.016949152542373,1.4152542372881356,1.975609756097561,1.024390243902439,3.2486874741628777,199.73969923797372
2023-09-16,Liverpool,Wolverhampton Wanderers,3,1,A,11,16,2,6,10,4,4,4,3,,0,,2023,A,1.0,0.0,3,0.0,0.0,0.0,0,3,3.0,2.025210084033614,1.1764705882352942,1.975609756097561,1.024390243902439,1.7345050215208035,201.4742042594945
2023-09-24,Liverpool,West Ham United,3,1,H,22,11,7,4,12,13,7,4,0,2.0,0,0.0,2023,H,,,3,0.0,0.0,0.0,0,0,3.0,2.033333333333333,1.425,1.975609756097561,1.024390243902439,2.4472256097560976,203.92142986925063
2023-09-30,Liverpool,Tottenham Hotspur,1,2,H,24,12,8,4,11,17,12,5,4,,2,,2023,A,5.0,0.0,0,0.0,0.0,0.0,0,8,2.0,2.0165289256198347,1.7355371900826446,1.975609756097561,-1.975609756097561,-7.0993549687563,196.82207490049433
2023-10-08,Liverpool,Brighton and Hove Albion,2,2,D,14,14,3,4,12,20,8,1,2,,0,,2023,A,1.0,0.0,1,0.0,0.0,0.0,0,2,1.3333333333333333,2.0081967213114753,1.3934426229508197,1.975609756097561,-0.975609756097561,-3.0480407836865253,193.7740341168078
2023-10-21,Liverpool,Everton,2,0,H,26,6,6,1,9,9,12,4,1,1.0,0,1.0,2023,H,,,3,0.0,0.0,0.0,1,1,1.3333333333333333,2.016260162601626,1.146341463414634,1.975609756097561,1.024390243902439,3.039024390243903,196.8130585070517
2023-10-29,Liverpool,Nottingham Forest,3,0,H,21,9,8,1,9,13,8,3,2,3.0,0,0.0,2023,H,,,3,0.0,0.0,0.0,1,2,2.3333333333333335,2.024193548387097,1.0,1.975609756097561,1.024390243902439,2.810975609756098,199.6240341168078
2023-11-05,Liverpool,Luton Town,1,1,D,8,24,5,6,7,13,4,7,1,,0,,2023,A,1.0,0.0,1,0.0,0.0,0.0,0,1,2.3333333333333335,2.016,0.5454545454545454,1.975609756097561,-0.975609756097561,-2.6708425720620843,196.95319154474572
2023-11-12,Liverpool,Brentford,3,0,H,17,16,10,3,16,12,6,8,1,2.0,0,0.0,2023,H,,,3,0.0,0.0,0.0,1,1,2.3333333333333335,2.0238095238095237,1.375,1.975609756097561,1.024390243902439,3.004725609756098,199.9579171545018
2023-11-25,Liverpool,Manchester City,1,1,D,16,8,5,3,9,11,9,6,3,,0,,2023,A,1.0,0.0,1,0.0,0.0,0.0,0,3,1.6666666666666667,2.015748031496063,2.338582677165354,1.975609756097561,-0.975609756097561,-3.4398117918187054,196.5181053626831
2023-12-03,Liverpool,Fulham,4,3,H,26,9,12,5,6,7,3,4,0,0.0,0,0.0,2023,H,,,3,0.0,0.0,0.0,0,0,2.3333333333333335,2.0234375,1.0555555555555556,1.975609756097561,1.024390243902439,2.5026422764227645,199.02074763910588
2023-12-06,Liverpool,Sheffield United,2,0,A,6,15,1,8,12,8,2,12,3,,0,,2023,A,2.0,0.0,3,0.0,0.0,0.0,1,3,2.3333333333333335,2.031007751937985,0.5283018867924528,1.975609756097561,1.024390243902439,2.63173032673723,201.6524779658431
2023-12-09,Liverpool,Crystal Palace,2,1,A,8,14,4,2,17,17,6,5,2,,0,,2023,A,5.0,1.0,3,0.0,0.0,0.0,0,2,3.0,2.0384615384615383,1.176923076923077,1.975609756097561,1.024390243902439,1.9844371482176362,203.63691511406074
2023-12-17,Liverpool,Manchester United,0,0,D,34,6,8,1,13,8,12,0,2,4.0,0,1.0,2023,H,,,1,0.0,0.0,0.0,1,2,2.3333333333333335,2.030534351145038,1.7938931297709924,1.975609756097561,-0.975609756097561,-2.308108359709551,201.32880675435118
2023-12-23,Liverpool,Arsenal,1,1,D,13,13,3,2,13,14,4,5,2,5.0,0,0.0,2023,H,,,1,0.0,0.0,0.0,0,2,1.6666666666666667,2.022727272727273,1.9242424242424243,1.975609756097561,-0.975609756097561,-3.127660753880266,198.2011460004709
2023-12-26,Liverpool,Burnley,2,0,A,9,19,0,10,7,10,4,4,1,,0,,2023,A,2.0,0.0,3,0.0,0.0,0.0,1,1,1.6666666666666667,2.030075187969925,0.8947368421052632,1.975609756097561,1.024390243902439,3.0767650834403084,201.27791108391122
2024-01-01,Liverpool,Newcastle United,4,2,H,34,5,15,3,16,15,7,3,3,5.0,0,0.0,2024,H,,,3,0.0,0.0,0.0,0,3,2.3333333333333335,2.037313432835821,1.4477611940298507,2.2972972972972974,0.7027027027027026,0.889592577652279,202.1675036615635
2024-01-21,Liverpool,Bournemouth,4,0,A,11,14,1,7,9,12,8,5,2,,0,,2024,A,1.0,0.0,3,0.0,0.0,0.0,1,2,3.0,2.0444444444444443,1.103448275862069,2.2972972972972974,0.7027027027027026,1.9912395153774467,204.15874317694096
2024-01-31,Liverpool,Chelsea,4,1,H,28,4,13,3,15,16,8,1,2,4.0,0,0.0,2024,H,,,3,0.0,0.0,0.0,0,2,3.0,2.051470588235294,1.588235294117647,2.2972972972972974,0.7027027027027026,1.1185214626391096,205.27726463958007
2024-02-04,Liverpool,Arsenal,1,3,H,15,10,7,1,11,11,2,4,2,,1,,2024,A,6.0,0.0,0,0.0,0.0,0.0,0,4,2.0,2.0364963503649633,1.9197080291970805,2.2972972972972974,-2.2972972972972974,-6.931199447622806,198.34606519195725
2024-02-10,Liverpool,Burnley,3,1,H,25,9,10,4,11,13,9,3,3,2.0,0,0.0,2024,H,,,3,0.0,0.0,0.0,0,3,2.0,2.0434782608695654,0.87,2.2972972972972974,0.7027027027027026,0.9762567567567565,199.322321948714
2024-02-17,Liverpool,Brentford,4,1,A,15,15,6,8,4,18,1,6,1,,0,,2024,A,2.0,0.0,3,0.0,0.0,0.0,0,1,2.0,2.050359712230216,1.3,2.2972972972972974,0.7027027027027026,1.4117567567567566,200.73407870547078
2024-02-21,Liverpool,Luton Town,4,1,H,29,12,13,3,15,14,13,4,1,4.0,0,0.0,2024,H,,,3,0.0,0.0,0.0,0,1,3.0,2.057142857142857,0.8,2.2972972972972974,0.7027027027027026,1.4867567567567566,202.2208354622275
2024-03-02,Liverpool,Nottingham Forest,1,0,A,8,22,2,2,11,12,3,12,2,,0,,2024,A,2.0,0.0,3,0.0,0.0,0.0,1,2,3.0,2.0638297872340425,0.953846153846154,2.2972972972972974,0.7027027027027026,2.013679833679834,204.23451529590736
2024-03-10,Liverpool,Manchester City,1,1,D,19,10,6,6,6,10,7,4,0,3.0,0,0.0,2024,H,,,1,0.0,0.0,0.0,0,0,2.3333333333333335,2.056338028169014,2.3309859154929575,2.2972972972972974,-1.2972972972972974,-3.492891130567187,200.74162416534017
2024-03-31,Liverpool,Brighton and Hove Albion,2,1,H,30,9,8,3,20,6,8,4,5,3.0,0,0.0,2024,H,,,3,0.0,0.0,0.0,0,5,2.3333333333333335,2.062937062937063,1.3706293706293706,2.2972972972972974,0.7027027027027026,0.401162351162351,201.14278651650253
2024-04-04,Liverpool,Sheffield United,3,1,H,29,8,9,3,6,9,13,1,0,1.0,0,0.0,2024,H,,,3,0.0,0.0,0.0,0,0,2.3333333333333335,2.0694444444444446,0.5588235294117647,2.2972972972972974,0.7027027027027026,1.772933227344992,202.91571974384752
2024-04-07,Liverpool,Manchester United,2,2,D,9,28,5,7,9,10,6,11,2,,0,,2024,A,5.0,0.0,1,0.0,0.0,0.0,0,2,2.3333333333333335,2.0620689655172413,1.7655172413793103,2.2972972972972974,-1.2972972972972974,-3.9080708294501396,199.00764891439738
2024-04-14,Liverpool,Crystal Palace,0,1,A,21,8,6,5,10,10,11,1,1,1.0,0,0.0,2024,H,,,0,0.0,0.0,0.0,0,1,1.3333333333333333,2.047945205479452,1.1643835616438356,2.2972972972972974,-2.2972972972972974,-6.06790077748982,192.93974813690755
2024-04-21,Liverpool,Fulham,3,1,A,12,14,5,7,5,11,1,4,0,,0,,2024,A,3.0,0.0,3,0.0,0.0,0.0,0,0,1.3333333333333333,2.054421768707483,1.1090909090909091,2.2972972972972974,0.7027027027027026,1.6903931203931204,194.63014125730066
2024-04-24,Liverpool,Everton,0,2,H,16,23,6,7,6,13,4,13,3,,0,,2024,A,0.0,0.0,0,0.0,0.0,0.0,0,3,1.0,2.0405405405405403,1.1824324324324325,2.2972972972972974,-2.2972972972972974,-6.570608108108109,188.05953314919256
2024-04-27,Liverpool,West Ham United,2,2,D,11,28,8,8,8,10,5,8,2,,0,,2024,A,0.0,0.0,1,0.0,0.0,0.0,0,2,1.3333333333333333,2.033557046979866,1.4093959731543624,2.2972972972972974,-1.2972972972972974,-3.854652639216398,184.20488050997616
2024-05-05,Liverpool,Tottenham Hotspur,4,2,H,25,11,13,6,14,12,8,3,1,4.0,0,0.0,2024,H,,,3,0.0,0.0,0.0,0,1,1.3333333333333333,2.04,1.6979865771812082,2.2972972972972974,0.7027027027027026,1.3520587701795754,185.55693928015575
2024-05-13,Liverpool,Aston Villa,3,3,D,19,14,5,7,11,15,5,4,1,,0,,2024,A,1.0,0.0,1,0.0,0.0,0.0,0,1,1.6666666666666667,2.033112582781457,1.5165562913907285,2.2972972972972974,-1.2972972972972974,-3.6207266869518526,181.9362125932039
2024-05-19,Liverpool,Wolverhampton Wanderers,2,0,H,36,4,14,3,14,11,10,2,1,1.0,0,1.0,2024,H,,,3,0.0,0.0,0.0,1,1,2.3333333333333335,2.039473684210526,1.2039473684210529,2.2972972972972974,0.7027027027027026,2.226164651493599,184.1623772446975
2024-08-17,Liverpool,Ipswich Town,2,0,A,7,18,2,5,9,18,2,10,1,,0,,2024,A,3.0,0.0,3,0.0,0.0,0.0,1,1,2.3333333333333335,2.045751633986928,0.0,2.2972972972972974,0.7027027027027026,2.406756756756757,186.56913400145424
2024-08-25,Liverpool,Brentford,2,0,H,19,8,8,2,10,7,9,4,2,3.0,0,0.0,2024,H,,,3,0.0,0.0,0.0,1,2,3.0,2.051948051948052,1.2672413793103448,2.2972972972972974,0.7027027027027026,1.9666705498602053,188.53580455131444
2024-09-01,Liverpool,Manchester United,3,0,A,8,11,3,3,7,7,5,2,1,,0,,2024,A,4.0,0.0,3,0.0,0.0,0.0,1,1,3.0,2.0580645161290323,1.7419354838709675,2.2972972972972974,0.7027027027027026,2.145466434176112,190.68127098549056
2024-09-14,Liverpool,Nottingham Forest,0,1,A,14,5,5,3,15,6,7,2,4,4.0,0,0.0,2024,H,,,0,0.0,0.0,0.0,0,4,2.0,2.0448717948717947,1.025,2.2972972972972974,-2.2972972972972974,-6.796993243243244,183.88427774224732
2024-09-21,Liverpool,Bournemouth,3,0,H,19,19,13,6,10,12,3,9,1,4.0,0,0.0,2024,H,,,3,0.0,0.0,0.0,1,1,2.0,2.050955414012739,1.1358024691358024,2.2972972972972974,0.7027027027027026,2.2363863863863864,186.1206641286337
2024-09-28,Liverpool,Wolverhampton Wanderers,2,1,A,8,10,3,6,16,8,2,10,3,,0,,2024,A,2.0,0.0,3,0.0,0.0,0.0,0,3,2.0,2.0569620253164556,1.1645569620253164,2.2972972972972974,0.7027027027027026,0.932073212452959,187.05273734108664
2024-10-05,Liverpool,Crystal Palace,1,0,A,9,16,5,4,7,15,3,8,2,,0,,2024,A,4.0,0.0,3,0.0,0.0,0.0,1,2,3.0,2.0628930817610063,1.1886792452830188,2.2972972972972974,0.7027027027027026,1.978454869964304,189.03119221105095
2024-10-20,Liverpool,Chelsea,2,1,H,9,12,5,2,12,13,1,6,4,3.0,0,0.0,2024,H,,,3,0.0,0.0,0.0,0,4,3.0,2.06875,1.6375,2.2972972972972974,0.7027027027027026,0.6111317567567566,189.64232396780773
2024-10-27,Liverpool,Arsenal,2,2,D,9,9,3,4,14,14,1,3,2,,0,,2024,A,2.0,0.0,1,0.0,0.0,0.0,0,2,2.3333333333333335,2.062111801242236,1.9937888198757765,2.2972972972972974,-1.2972972972972974,-3.94231156622461,185.7000124015831
2024-11-02,Liverpool,Brighton and Hove Albion,2,1,H,16,13,8,5,10,18,10,7,1,1.0,0,0.0,2024,H,,,3,0.0,0.0,0.0,0,1,2.3333333333333335,2.067901234567901,1.345679012345679,2.2972972972972974,0.7027027027027026,1.404904904904905,187.104917306488
2024-11-09,Liverpool,Aston Villa,2,0,H,14,12,5,2,11,15,2,9,0,3.0,0,0.0,2024,H,,,3,0.0,0.0,0.0,1,0,2.3333333333333335,2.0736196319018405,1.5153374233128831,2.2972972972972974,0.7027027027027026,2.4294561432598245,189.53437344974782
2024-11-24,Liverpool,Southampton,3,2,A,7,27,5,11,11,9,3,10,4,,0,,2024,A,3.0,0.0,3,0.0,0.0,0.0,0,4,3.0,2.0792682926829267,0.8888888888888888,2.2972972972972974,0.7027027027027026,0.7234234234234233,190.25779687317126
2024-12-01,Liverpool,Manchester City,2,0,H,18,8,7,2,9,8,7,4,1,3.0,0,0.0,2024,H,,,3,0.0,0.0,0.0,1,1,3.0,2.084848484848485,2.315151515151515,2.2972972972972974,0.7027027027027026,2.0594840294840298,192.31728090265528
2024-12-04,Liverpool,Newcastle United,3,3,D,17,16,6,5,9,17,5,6,5,,0,,2024,A,2.0,0.0,1,0.0,0.0,0.0,0,5,2.3333333333333335,2.0783132530120483,1.4759036144578312,2.2972972972972974,-1.2972972972972974,-4.614628785411919,187.70265211724336
2024-12-14,Liverpool,Fulham,2,2,D,16,12,4,3,10,7,5,4,3,4.0,1,0.0,2024,H,,,1,0.0,0.0,0.0,0,5,1.6666666666666667,2.07185628742515,1.1615384615384616,2.2972972972972974,-1.2972972972972974,-4.567474012474014,183.13517810476935
2024-12-22,Liverpool,Tottenham Hotspur,6,3,A,9,24,5,12,7,9,7,5,2,,0,,2024,A,1.0,0.0,3,0.0,0.0,0.0,0,2,1.6666666666666667,2.077380952380953,1.668639053254438,2.2972972972972974,0.7027027027027026,1.1064608987685909,184.24163900353793
2024-12-26,Liverpool,Leicester City,3,1,H,19,4,7,1,17,5,14,1,3,2.0,0,0.0,2024,H,,,3,0.0,0.0,0.0,0,3,2.3333333333333335,2.0828402366863905,1.2575757575757576,2.2972972972972974,0.7027027027027026,0.918120393120393,185.15975939665833
2024-12-29,Liverpool,West Ham United,5,0,A,7,22,0,13,7,10,3,6,0,,0,,2024,A,0.0,0.0,3,0.0,0.0,0.0,1,0,3.0,2.088235294117647,1.3801169590643274,2.2972972972972974,0.7027027027027026,2.4497392128971076,187.60949860955543
2025-01-05,Liverpool,Manchester United,2,2,D,19,13,6,4,10,13,6,9,2,4.0,0,0.0,2025,H,,,1,0.0,0.0,0.0,0,2,2.3333333333333335,2.08187134502924,1.686046511627907,1.8387096774193548,-0.8387096774193548,-2.749681170292573,184.85981743926286
2025-01-14,Liverpool,Nottingham Forest,1,1,D,6,23,3,7,7,10,0,9,1,,0,,2025,A,2.0,0.0,1,0.0,0.0,0.0,0,1,1.6666666666666667,2.0755813953488373,1.1855670103092784,1.8387096774193548,-0.8387096774193548,-2.4246092450947785,182.43520819416807
2025-01-18,Liverpool,Brentford,2,0,A,11,37,6,8,6,14,2,15,3,,0,,2025,A,2.0,0.0,3,0.0,0.0,0.0,1,3,1.6666666666666667,2.0809248554913293,1.2647058823529411,1.8387096774193548,1.1612903225806452,2.863519924098672,185.29872811826675
2025-01-25,Liverpool,Ipswich Town,4,1,H,16,3,6,3,10,11,3,4,0,2.0,0,0.0,2025,H,,,3,0.0,0.0,0.0,0,0,2.3333333333333335,2.086206896551724,0.6956521739130435,1.8387096774193548,1.1612903225806452,2.8988779803646567,188.1976060986314
2025-02-01,Liverpool,Bournemouth,2,0,A,14,19,3,7,15,9,3,3,3,,0,,2025,A,2.0,0.0,3,0.0,0.0,0.0,1,3,3.0,2.0914285714285716,1.27,1.8387096774193548,1.1612903225806452,2.862725806451613,191.06033190508302
2025-02-12,Liverpool,Everton,2,2,D,10,6,3,4,9,20,2,3,2,,1,,2025,A,2.0,1.0,1,0.0,0.0,0.0,0,4,2.3333333333333335,2.085227272727273,1.1875,1.8387096774193548,-0.8387096774193548,-3.174899193548387,187.88543271153463
2025-02-16,Liverpool,Wolverhampton Wanderers,2,1,H,10,16,3,4,15,13,4,3,2,2.0,0,0.0,2025,H,,,3,0.0,0.0,0.0,0,2,2.3333333333333335,2.0903954802259888,1.1412429378531073,1.8387096774193548,1.1612903225806452,2.332039365773647,190.2174720773083
2025-02-19,Liverpool,Aston Villa,2,2,D,9,17,4,3,8,6,6,8,0,,0,,2025,A,1.0,0.0,1,0.0,0.0,0.0,0,0,1.6666666666666667,2.0842696629213484,1.5056179775280898,1.8387096774193548,-0.8387096774193548,-2.2226168901776004,187.99485518713067
2025-02-23,Liverpool,Manchester City,2,0,A,16,8,5,4,3,10,7,5,0,,0,,2025,A,0.0,0.0,3,0.0,0.0,0.0,1,0,2.3333333333333335,2.089385474860335,2.264044943820225,1.8387096774193548,1.1612903225806452,3.463619064878579,191.45847425200927
2025-02-26,Liverpool,Newcastle United,2,0,H,12,3,3,0,12,11,4,2,0,1.0,0,0.0,2025,H,,,3,0.0,0.0,0.0,1,0,2.3333333333333335,2.094444444444445,1.5027932960893855,1.8387096774193548,1.1612903225806452,3.577806812038205,195.03628106404747
2025-03-08,Liverpool,Southampton,3,1,H,28,6,7,4,10,9,6,4,2,1.0,0,0.0,2025,H,,,3,0.0,0.0,0.0,0,2,3.0,2.0994475138121547,0.823943661971831,1.8387096774193548,1.1612903225806452,2.3796342571558387,197.4159153212033
2025-04-02,Liverpool,Everton,1,0,H,17,5,3,0,7,11,11,5,2,2.0,0,0.0,2025,H,,,3,0.0,0.0,0.0,1,2,3.0,2.1043956043956045,1.1868131868131868,1.8387096774193548,1.1612903225806452,3.125203828429635,200.54111914963295
2025-04-06,Liverpool,Fulham,2,3,H,12,14,6,6,10,9,4,4,0,,0,,2025,A,3.0,0.0,0,0.0,0.0,0.0,0,0,2.0,2.092896174863388,1.206896551724138,1.8387096774193548,-1.8387096774193548,-4.677808676307008,195.86331047332592
2025-04-13,Liverpool,West Ham United,2,1,H,15,11,6,4,15,8,10,3,0,2.0,0,0.0,2025,H,,,3,0.0,0.0,0.0,0,0,2.0,2.097826086956522,1.3478260869565215,1.8387096774193548,1.1612903225806452,2.8010518934081348,198.66436236673405
2025-04-20,Liverpool,Leicester City,1,0,A,5,28,0,10,11,7,1,13,2,,0,,2025,A,1.0,0.0,3,0.0,0.0,0.0,1,2,2.0,2.1027027027027025,1.1564625850340136,1.8387096774193548,1.1612903225806452,3.129756418696511,201.79411878543058
2025-04-27,Liverpool,Tottenham Hotspur,5,1,H,25,8,8,3,16,9,8,2,2,1.0,0,0.0,2025,H,,,3,0.0,0.0,0.0,0,2,3.0,2.10752688172043,1.5913978494623655,1.8387096774193548,1.1612903225806452,2.264516129032258,204.05863491446283
2025-05-04,Liverpool,Chelsea,1,3,H,17,11,7,2,10,11,3,6,2,,0,,2025,A,2.0,0.0,0,0.0,0.0,0.0,0,2,2.0,2.0962566844919786,1.6631016042780749,1.8387096774193548,-1.8387096774193548,-5.246239434190098,198.81239548027273
2025-05-11,Liverpool,Arsenal,2,2,D,14,15,5,7,13,10,3,1,1,1.0,0,1.0,2025,H,,,1,0.0,0.0,0.0,0,1,1.3333333333333333,2.0904255319148937,1.9734042553191489,1.8387096774193548,-0.8387096774193548,-2.542784831846259,196.26961064842646
2025-05-19,Liverpool,Brighton and Hove Albion,2,3,H,25,18,12,5,9,8,3,3,0,,0,,2025,A,1.0,0.0,0,0.0,0.0,0.0,0,0,0.3333333333333333,2.0793650793650795,1.3756613756613756,1.8387096774193548,-1.8387096774193548,-4.703123399897594,191.5664872485289
2025-05-25,Liverpool,Crystal Palace,1,1,D,14,8,3,5,7,10,11,0,1,0.0,1,0.0,2025,H,,,1,0.0,0.0,0.0,0,3,0.6666666666666666,2.0736842105263156,1.2578947368421052,1.8387096774193548,-0.8387096774193548,-2.9354584040747027,188.6310288444542
2025-08-15,Liverpool,Bournemouth,4,2,H,19,10,10,3,7,10,6,7,1,2.0,0,0.0,2025,H,,,3,0.0,0.0,0.0,0,1,1.3333333333333333,2.0785340314136125,1.2434782608695651,1.8387096774193548,1.1612903225806452,2.5667040673211785,191.19773291177538
2025-08-25,Liverpool,Newcastle United,3,2,A,10,5,3,4,17,15,7,1,3,,0,,2025,A,2.0,1.0,3,0.0,0.0,0.0,0,3,2.3333333333333335,2.0833333333333335,1.5208333333333333,1.8387096774193548,1.1612903225806452,2.025100806451613,193.22283371822698
2025-08-31,Liverpool,Arsenal,1,0,H,9,11,3,1,7,10,3,8,2,2.0,0,0.0,2025,H,,,3,0.0,0.0,0.0,1,2,3.0,2.088082901554404,1.9844559585492227,1.8387096774193548,1.1612903225806452,3.0055574126692295,196.2283911308962
2025-09-14,Liverpool,Burnley,1,0,A,3,27,0,4,9,9,1,13,2,,0,,2025,A,0.0,0.0,3,0.0,0.0,0.0,1,2,3.0,2.0927835051546393,0.8559322033898306,1.8387096774193548,1.1612903225806452,3.174835975943138,199.40322710683935
2025-09-20,Liverpool,Everton,2,1,H,11,9,3,2,11,10,5,4,2,3.0,0,0.0,2025,H,,,3,0.0,0.0,0.0,0,2,3.0,2.0974358974358975,1.2153846153846153,1.8387096774193548,1.1612903225806452,2.320918114143921,201.72414522098327
2025-09-27,Liverpool,Crystal Palace,1,2,H,16,20,7,4,10,8,2,6,3,,0,,2025,A,1.0,0.0,0,0.0,0.0,0.0,0,3,2.0,2.086734693877551,1.280612244897959,1.8387096774193548,-1.8387096774193548,-5.438866030283081,196.28527919070018
2025-10-04,Liverpool,Chelsea,1,2,H,12,12,6,2,9,8,7,2,2,,0,,2025,A,0.0,0.0,0,0.0,0.0,0.0,0,2,1.0,2.0761421319796955,1.6649746192893402,1.8387096774193548,-1.8387096774193548,-5.246520386441788,191.0387588042584
2025-10-19,Liverpool,Manchester United,1,2,A,19,12,6,4,8,14,9,4,0,2.0,0,0.0,2025,H,,,0,0.0,0.0,0.0,0,0,0.0,2.0656565656565657,1.6262626262626263,1.8387096774193548,-1.8387096774193548,-4.7407135874877815,186.29804521677062
2025-10-25,Liverpool,Brentford,2,3,H,17,18,8,5,7,10,5,4,2,,0,,2025,A,3.0,0.0,0,0.0,0.0,0.0,0,2,0.0,2.0552763819095476,1.3229813664596273,1.8387096774193548,-1.8387096774193548,-5.195221398517331,181.10282381825328
2025-11-01,Liverpool,Aston Villa,2,0,H,16,10,4,3,13,11,1,4,2,3.0,0,0.0,2025,H,,,3,0.0,0.0,0.0,1,2,1.0,2.06,1.55,1.8387096774193548,1.1612903225806452,3.070725806451613,184.1735496247049
2025-11-09,Liverpool,Manchester City,0,3,H,14,7,6,1,14,15,7,7,4,,0,,2025,A,2.0,0.0,0,0.0,0.0,0.0,0,4,1.0,2.0497512437810945,2.2487562189054726,1.8387096774193548,-1.8387096774193548,-5.834087626384208,178.3394619983207
2020-09-21,Manchester City,Wolverhampton Wanderers,3,1,A,10,14,1,9,6,8,4,6,3,,0,,2020,A,0.0,0.0,3,0.0,0.0,0.0,0,3,3.0,3.0,1.5,1.8571428571428572,1.1428571428571428,1.9821428571428568,189.67445054945054
2020-09-27,Manchester City,Leicester City,2,5,A,16,7,5,7,13,8,3,4,1,3.0,0,0.0,2020,H,,,0,0.0,0.0,0.0,0,1,1.5,1.5,3.0,1.8571428571428572,-1.8571428571428572,-5.242857142857144,184.43159340659338
2020-10-03,Manchester City,Leeds United,1,1,D,12,23,7,2,11,12,7,10,1,,0,,2020,A,2.0,0.0,1,0.0,0.0,0.0,0,1,1.3333333333333333,1.3333333333333333,1.75,1.8571428571428572,-0.8571428571428572,-2.5553571428571433,181.87623626373625
2020-10-17,Manchester City,Arsenal,1,0,H,13,11,5,3,15,10,6,6,4,1.0,0,0.0,2020,H,,,3,0.0,0.0,0.0,1,4,1.3333333333333333,1.75,1.8,1.8571428571428572,1.1428571428571428,2.4871428571428567,184.3633791208791
2020-10-24,Manchester City,West Ham United,1,1,D,6,14,2,7,14,6,2,10,0,,0,,2020,A,2.0,0.0,1,0.0,0.0,0.0,0,0,1.6666666666666667,1.6,1.3333333333333333,1.8571428571428572,-0.8571428571428572,-2.2428571428571433,182.12052197802197
2020-10-31,Manchester City,Sheffield United,1,0,A,5,16,1,8,14,6,2,5,0,,0,,2020,A,0.0,0.0,3,0.0,0.0,0.0,1,0,2.3333333333333335,1.8333333333333333,0.1428571428571428,1.8571428571428572,1.1428571428571428,3.7357142857142853,185.85623626373624
2020-11-08,Manchester City,Liverpool,1,1,D,7,10,2,3,19,11,1,2,3,1.0,0,0.0,2020,H,,,1,0.0,0.0,0.0,0,3,1.6666666666666667,1.7142857142857142,2.125,1.8571428571428572,-0.8571428571428572,-3.1116071428571432,182.7446291208791
2020-11-21,Manchester City,Tottenham Hotspur,0,2,H,4,22,2,5,13,19,0,10,2,,0,,2020,A,2.0,0.0,0,0.0,0.0,0.0,0,2,1.3333333333333333,1.5,2.2222222222222223,1.8571428571428572,-1.8571428571428572,-5.376190476190477,177.36843864468864
2020-11-28,Manchester City,Burnley,5,0,H,19,9,6,1,12,4,6,4,0,0.0,0,0.0,2020,H,,,3,0.0,0.0,0.0,1,0,1.3333333333333333,1.6666666666666667,0.5555555555555556,1.8571428571428572,1.1428571428571428,3.673809523809523,181.04224816849816
2020-12-05,Manchester City,Fulham,2,0,H,16,6,6,1,7,6,9,3,0,0.0,0,0.0,2020,H,,,3,0.0,0.0,0.0,1,0,2.0,1.8,0.6363636363636364,1.8571428571428572,1.1428571428571428,3.6616883116883114,184.70393648018646
2020-12-12,Manchester City,Manchester United,0,0,D,11,9,2,2,13,6,4,3,1,,0,,2020,A,1.0,0.0,1,0.0,0.0,0.0,1,1,2.3333333333333335,1.7272727272727273,1.818181818181818,1.8571428571428572,-0.8571428571428572,-1.7655844155844158,182.93835206460204
2020-12-15,Manchester City,West Brom,1,1,D,26,5,7,1,5,8,13,2,2,3.0,0,0.0,2020,H,,,1,0.0,0.0,0.0,0,2,1.6666666666666667,1.6666666666666667,0.5384615384615384,1.8571428571428572,-0.8571428571428572,-2.623626373626374,180.31472569097568
2020-12-19,Manchester City,Southampton,1,0,A,9,11,3,5,9,11,6,6,2,,0,,2020,A,2.0,0.0,3,0.0,0.0,0.0,1,2,1.6666666666666667,1.7692307692307692,1.7142857142857142,1.8571428571428572,1.1428571428571428,2.9999999999999996,183.31472569097568
2020-12-26,Manchester City,Newcastle United,2,0,H,11,7,6,2,5,12,7,3,2,2.0,0,0.0,2020,H,,,3,0.0,0.0,0.0,1,2,2.3333333333333335,1.8571428571428572,1.2857142857142858,1.8571428571428572,1.1428571428571428,3.0642857142857136,186.3790114052614
2021-01-03,Manchester City,Chelsea,3,1,A,9,18,2,6,11,10,5,3,1,,0,,2021,A,3.0,0.0,3,0.0,0.0,0.0,0,1,3.0,1.9333333333333331,1.5294117647058822,2.5,0.5,0.8705882352941177,187.24959964055552
2021-01-13,Manchester City,Brighton and Hove Albion,1,0,H,16,5,6,1,4,12,8,4,0,2.0,0,0.0,2021,H,,,3,0.0,0.0,0.0,1,0,3.0,2.0,0.7777777777777778,2.5,0.5,2.033333333333333,189.28293297388885
2021-01-17,Manchester City,Crystal Palace,4,0,H,13,2,6,0,9,8,11,1,0,0.0,0,0.0,2021,H,,,3,0.0,0.0,0.0,1,0,3.0,2.0588235294117645,1.2105263157894737,2.5,0.5,1.9684210526315788,191.2513540265204
2021-01-20,Manchester City,Aston Villa,2,0,H,28,11,9,4,10,9,16,2,0,2.0,0,0.0,2021,H,,,3,0.0,0.0,0.0,1,0,3.0,2.111111111111111,1.625,2.5,0.5,1.90625,193.1576040265204
2021-01-26,Manchester City,West Brom,5,0,A,4,18,1,7,8,8,3,8,0,,0,,2021,A,2.0,0.0,3,0.0,0.0,0.0,1,0,3.0,2.1578947368421053,0.55,2.5,0.5,2.0675,195.22510402652043
2021-01-30,Manchester City,Sheffield United,1,0,H,10,4,5,1,7,10,10,0,0,3.0,0,0.0,2021,H,,,3,0.0,0.0,0.0,1,0,3.0,2.2,0.3809523809523809,2.5,0.5,2.0928571428571425,197.31796116937755
2021-02-03,Manchester City,Burnley,2,0,A,2,17,0,6,8,5,1,3,1,,0,,2021,A,2.0,0.0,3,0.0,0.0,0.0,1,1,3.0,2.238095238095238,1.0476190476190477,2.5,0.5,1.7428571428571429,199.0608183122347
2021-02-07,Manchester City,Liverpool,4,1,A,8,8,3,5,13,8,6,1,1,,0,,2021,A,2.0,0.0,3,0.0,0.0,0.0,0,1,3.0,2.272727272727273,1.7391304347826086,2.5,0.5,0.8391304347826086,199.8999487470173
2021-02-13,Manchester City,Tottenham Hotspur,3,0,H,15,7,6,3,12,13,4,2,1,3.0,0,0.0,2021,H,,,3,0.0,0.0,0.0,1,1,3.0,2.3043478260869565,1.565217391304348,2.5,0.5,1.6652173913043478,201.56516613832167
2021-02-17,Manchester City,Everton,3,1,A,3,16,2,7,8,8,0,10,1,,0,,2021,A,2.0,0.0,3,0.0,0.0,0.0,0,1,3.0,2.3333333333333335,1.608695652173913,2.5,0.5,0.858695652173913,202.42386179049558
2021-02-21,Manchester City,Arsenal,1,0,A,7,15,1,3,11,9,1,3,2,,0,,2021,A,2.0,0.0,3,0.0,0.0,0.0,1,2,3.0,2.36,1.36,2.5,0.5,1.446,203.86986179049558
2021-02-27,Manchester City,West Ham United,2,1,H,10,9,3,3,8,11,4,2,1,1.0,0,0.0,2021,H,,,3,0.0,0.0,0.0,0,1,3.0,2.3846153846153846,1.7307692307692308,2.5,0.5,0.8403846153846154,204.71024640588018
2021-03-02,Manchester City,Wolverhampton Wanderers,4,1,H,22,6,10,1,9,5,10,2,0,1.0,0,0.0,2021,H,,,3,0.0,0.0,0.0,0,0,3.0,2.407407407407407,1.2592592592592593,2.5,0.5,1.1611111111111112,205.87135751699128
2021-03-07,Manchester City,Manchester United,0,2,A,23,8,6,6,9,12,6,2,0,3.0,0,0.0,2021,H,,,0,0.0,0.0,0.0,0,0,2.0,2.3214285714285716,1.9285714285714288,2.5,-2.5,-6.439285714285715,199.4320718027056
2021-03-10,Manchester City,Southampton,5,2,H,17,11,10,6,6,4,5,5,1,0.0,0,0.0,2021,H,,,3,0.0,0.0,0.0,0,1,2.0,2.3448275862068964,1.1785714285714286,2.5,0.5,0.9232142857142857,200.35528608841986
2021-03-13,Manchester City,Fulham,3,0,A,3,8,0,7,14,13,4,2,0,,0,,2021,A,0.0,0.0,3,0.0,0.0,0.0,1,0,2.0,2.3666666666666667,0.896551724137931,2.5,0.5,2.0155172413793103,202.37080332979917
2021-04-03,Manchester City,Leicester City,2,0,A,5,11,2,4,13,12,1,1,3,,0,,2021,A,2.0,0.0,3,0.0,0.0,0.0,1,3,3.0,2.3870967741935485,1.8666666666666667,2.5,0.5,1.1199999999999999,203.49080332979918
2021-04-10,Manchester City,Leeds United,1,2,A,29,2,7,2,12,15,9,3,3,1.0,0,1.0,2021,H,,,0,0.0,0.0,0.0,0,3,2.0,2.3125,1.4516129032258065,2.5,-2.5,-7.117741935483871,196.3730613943153
2021-04-21,Manchester City,Aston Villa,2,1,A,8,13,3,3,12,7,1,11,1,,1,,2021,A,0.0,1.0,3,0.0,0.0,0.0,0,3,2.0,2.3333333333333335,1.4193548387096775,2.5,0.5,0.3870967741935484,196.76015816850884
2021-05-01,Manchester City,Crystal Palace,2,0,A,9,20,4,3,9,10,2,6,0,,0,,2021,A,2.0,0.0,3,0.0,0.0,0.0,1,0,2.0,2.3529411764705883,1.1515151515151516,2.5,0.5,1.977272727272727,198.73743089578159
2021-05-08,Manchester City,Chelsea,1,2,A,16,12,4,5,12,10,6,2,2,0.0,0,0.0,2021,H,,,0,0.0,0.0,0.0,0,2,2.0,2.2857142857142856,1.8285714285714283,2.5,-2.5,-6.924285714285714,191.81314518149586
2021-05-14,Manchester City,Newcastle United,4,3,A,11,15,5,6,11,10,4,5,2,,0,,2021,A,2.0,0.0,3,0.0,0.0,0.0,0,2,2.0,2.3055555555555554,1.0833333333333333,2.5,0.5,0.6875,192.50064518149586
2021-05-18,Manchester City,Brighton and Hove Albion,2,3,H,19,8,6,4,13,11,5,3,3,,1,,2021,A,3.0,0.0,0,0.0,0.0,0.0,0,5,1.0,2.243243243243243,1.108108108108108,2.5,-2.5,-7.566216216216216,184.93442896527964
2021-05-23,Manchester City,Everton,5,0,H,21,8,11,3,8,10,7,5,2,2.0,0,0.0,2021,H,,,3,0.0,0.0,0.0,1,2,2.0,2.263157894736842,1.5526315789473684,2.5,0.5,1.4171052631578946,186.35153422843754
2021-08-15,Manchester City,Tottenham Hotspur,0,1,H,13,18,3,4,11,8,3,11,1,,0,,2021,A,2.0,0.0,0,0.0,0.0,0.0,0,1,1.0,2.2051282051282053,1.6666666666666667,2.5,-2.5,-6.65,179.70153422843754
2021-08-21,Manchester City,Norwich City,5,0,H,16,1,4,0,13,7,6,1,1,0.0,0,0.0,2021,H,,,3,0.0,0.0,0.0,1,1,2.0,2.225,0.0,2.5,0.5,1.9,181.60153422843754
2021-08-28,Manchester City,Arsenal,5,0,H,25,1,10,0,5,7,14,0,1,2.0,0,1.0,2021,H,,,3,0.0,0.0,0.0,1,1,2.0,2.2439024390243905,1.4878048780487805,2.5,0.5,1.6768292682926829,183.27836349673024
2021-09-11,Manchester City,Leicester City,1,0,A,6,25,1,8,4,11,5,8,2,,0,,2021,A,1.0,0.0,3,0.0,0.0,0.0,1,2,3.0,2.261904761904762,1.7142857142857142,2.5,0.5,1.3928571428571428,184.67122063958737
2021-09-18,Manchester City,Southampton,0,0,D,18,10,1,2,5,12,8,5,0,2.0,0,0.0,2021,H,,,1,0.0,0.0,0.0,1,0,2.3333333333333335,2.2325581395348837,1.0930232558139534,2.5,-1.5,-3.0139534883720933,181.65726715121528
2021-09-25,Manchester City,Chelsea,1,0,A,5,15,0,4,12,10,4,13,2,,0,,2021,A,3.0,0.0,3,0.0,0.0,0.0,1,2,2.3333333333333335,2.25,1.818181818181818,2.5,0.5,1.3772727272727272,183.034539878488
2021-10-03,Manchester City,Liverpool,2,2,D,6,12,4,3,10,12,3,4,3,,0,,2021,A,3.0,0.0,1,0.0,0.0,0.0,0,3,1.6666666666666667,2.2222222222222223,1.8666666666666667,2.5,-1.5,-4.680000000000001,178.354539878488
2021-10-16,Manchester City,Burnley,2,0,H,15,7,6,2,11,5,6,2,1,0.0,0,0.0,2021,H,,,3,0.0,0.0,0.0,1,1,2.3333333333333335,2.239130434782609,0.9130434782608696,2.5,0.5,1.7630434782608695,180.11758335674887
2021-10-23,Manchester City,Brighton and Hove Albion,4,1,A,10,23,5,14,10,6,7,6,3,,0,,2021,A,2.0,0.0,3,0.0,0.0,0.0,0,3,2.3333333333333335,2.25531914893617,1.1914893617021276,2.5,0.5,0.4212765957446809,180.53885995249354
2021-10-30,Manchester City,Crystal Palace,0,2,A,14,8,3,3,11,11,7,1,2,3.0,1,0.0,2021,H,,,0,0.0,0.0,0.0,0,4,2.0,2.2083333333333335,1.1666666666666667,2.5,-2.5,-7.325,173.21385995249355
2021-11-06,Manchester City,Manchester United,2,0,A,5,16,1,5,9,12,1,9,2,,0,,2021,A,1.0,0.0,3,0.0,0.0,0.0,1,2,2.0,2.2244897959183674,1.8571428571428572,2.5,0.5,1.3714285714285714,174.58528852392212
2021-11-21,Manchester City,Everton,3,0,H,17,4,7,1,5,7,7,1,1,1.0,0,0.0,2021,H,,,3,0.0,0.0,0.0,1,1,2.0,2.24,1.48,2.5,0.5,1.678,176.2632885239221
2021-11-28,Manchester City,West Ham United,2,1,H,19,5,9,3,7,6,8,4,2,0.0,0,0.0,2021,H,,,3,0.0,0.0,0.0,0,2,3.0,2.2549019607843137,1.7254901960784317,2.5,0.5,0.5911764705882353,176.85446499451035
2021-12-01,Manchester City,Aston Villa,2,1,A,9,17,3,7,8,12,4,11,0,,0,,2021,A,0.0,0.0,3,0.0,0.0,0.0,0,0,3.0,2.269230769230769,1.3653846153846154,2.5,0.5,1.1451923076923078,177.99965730220268
2021-12-04,Manchester City,Watford,3,1,A,11,26,4,13,10,7,5,11,0,,0,,2021,A,3.0,0.0,3,0.0,0.0,0.0,0,0,3.0,2.2830188679245285,0.8666666666666667,2.5,0.5,1.2200000000000002,179.21965730220268
2021-12-11,Manchester City,Wolverhampton Wanderers,1,0,H,24,2,10,1,12,5,14,1,3,2.0,0,1.0,2021,H,,,3,0.0,0.0,0.0,1,3,3.0,2.2962962962962963,1.2222222222222223,2.5,0.5,1.2166666666666666,180.43632396886935
2021-12-14,Manchester City,Leeds United,7,0,H,31,6,15,3,5,9,6,2,1,1.0,0,0.0,2021,H,,,3,0.0,0.0,0.0,1,1,3.0,2.309090909090909,1.3636363636363635,2.5,0.5,1.6954545454545453,182.13177851432388
2021-12-19,Manchester City,Newcastle United,4,0,A,5,18,1,7,9,6,3,6,2,,0,,2021,A,1.0,0.0,3,0.0,0.0,0.0,1,2,3.0,2.3214285714285716,0.9821428571428572,2.5,0.5,1.5026785714285713,183.63445708575244
2021-12-26,Manchester City,Leicester City,6,3,H,17,14,9,8,11,9,14,4,1,2.0,0,0.0,2021,H,,,3,0.0,0.0,0.0,0,1,3.0,2.3333333333333335,1.6,2.5,0.5,0.86,184.49445708575246
2021-12-29,Manchester City,Brentford,1,0,A,6,12,2,3,12,10,3,5,0,,0,,2021,A,0.0,0.0,3,0.0,0.0,0.0,1,0,3.0,2.3448275862068964,1.1111111111111112,2.5,0.5,1.9833333333333332,186.47779041908578
2022-01-01,Manchester City,Arsenal,2,1,A,7,15,2,2,13,5,5,5,2,,0,,2022,A,3.0,1.0,3,0.0,0.0,0.0,0,2,3.0,2.3559322033898304,1.6551724137931034,2.323529411764706,0.6764705882352939,1.0429006085192694,187.52069102760507
2022-01-15,Manchester City,Chelsea,1,0,H,11,4,6,1,11,6,9,1,0,2.0,0,0.0,2022,H,,,3,0.0,0.0,0.0,1,0,3.0,2.3666666666666667,1.8333333333333333,2.323529411764706,0.6764705882352939,2.316176470588235,189.8368674981933
2022-01-22,Manchester City,Southampton,1,1,D,7,20,3,5,13,5,2,11,0,,0,,2022,A,3.0,0.0,1,0.0,0.0,0.0,0,0,2.3333333333333335,2.3442622950819674,1.1333333333333333,2.323529411764706,-1.323529411764706,-3.3788235294117652,186.4580439687815
2022-02-09,Manchester City,Brentford,2,0,H,15,6,7,2,7,13,9,3,0,0.0,0,0.0,2022,H,,,3,0.0,0.0,0.0,1,0,2.3333333333333335,2.3548387096774195,0.9583333333333334,2.323529411764706,0.6764705882352939,2.447426470588235,188.90547043936976
2022-02-12,Manchester City,Norwich City,4,0,A,8,22,3,9,7,8,4,12,2,,0,,2022,A,0.0,0.0,3,0.0,0.0,0.0,1,2,2.3333333333333335,2.365079365079365,0.7083333333333334,2.323529411764706,0.6764705882352939,1.984926470588235,190.89039690995799
2022-02-19,Manchester City,Tottenham Hotspur,2,3,A,21,6,4,5,5,7,10,0,0,3.0,0,0.0,2022,H,,,0,0.0,0.0,0.0,0,0,2.0,2.328125,1.6557377049180328,2.323529411764706,-2.323529411764706,-5.957184185149471,184.93321272480853
2022-02-26,Manchester City,Everton,1,0,A,6,13,2,8,7,14,3,4,2,,0,,2022,A,3.0,0.0,3,0.0,0.0,0.0,1,2,2.0,2.3384615384615386,1.3064516129032258,2.323529411764706,0.6764705882352939,1.895208728652751,186.8284214534613
2022-03-06,Manchester City,Manchester United,4,1,H,24,5,10,2,10,14,9,3,0,1.0,0,0.0,2022,H,,,3,0.0,0.0,0.0,0,0,2.0,2.3484848484848486,1.8333333333333333,2.323529411764706,0.6764705882352939,1.516176470588235,188.3445979240495
2022-03-14,Manchester City,Crystal Palace,0,0,D,7,18,1,4,6,11,2,6,1,,0,,2022,A,3.0,0.0,1,0.0,0.0,0.0,1,1,2.3333333333333335,2.328358208955224,1.164179104477612,2.323529411764706,-1.323529411764706,-2.8334503950834073,185.5111475289661
2022-04-02,Manchester City,Burnley,2,0,A,3,18,1,6,11,6,1,8,0,,0,,2022,A,1.0,0.0,3,0.0,0.0,0.0,1,0,2.3333333333333335,2.338235294117647,0.9090909090909092,2.323529411764706,0.6764705882352939,2.4548128342245987,187.9659603631907
2022-04-10,Manchester City,Liverpool,2,2,D,11,6,5,4,9,11,4,1,1,4.0,0,0.0,2022,H,,,1,0.0,0.0,0.0,0,1,1.6666666666666667,2.318840579710145,2.0579710144927534,2.323529411764706,-1.323529411764706,-3.767519181585678,184.19844118160503
2022-04-20,Manchester City,Brighton and Hove Albion,3,0,H,17,2,5,1,12,7,7,4,0,3.0,0,0.0,2022,H,,,3,0.0,0.0,0.0,1,0,2.3333333333333335,2.3285714285714287,1.1408450704225352,2.323529411764706,0.6764705882352939,2.4200497100248546,186.61849089162988
2022-04-23,Manchester City,Watford,5,1,H,21,5,8,2,9,7,11,4,1,0.0,0,0.0,2022,H,,,3,0.0,0.0,0.0,0,1,2.3333333333333335,2.3380281690140845,0.6666666666666666,2.323529411764706,0.6764705882352939,1.4411764705882348,188.0596673622181
2022-04-30,Manchester City,Leeds United,4,0,A,7,19,2,6,13,3,3,6,2,,0,,2022,A,1.0,0.0,3,0.0,0.0,0.0,1,2,3.0,2.3472222222222223,1.2916666666666667,2.323529411764706,0.6764705882352939,1.8974264705882349,189.95709383280635
2022-05-08,Manchester City,Newcastle United,5,0,H,21,7,9,3,6,11,8,2,1,3.0,0,0.0,2022,H,,,3,0.0,0.0,0.0,1,1,3.0,2.356164383561644,1.1891891891891893,2.323529411764706,0.6764705882352939,2.1627980922098566,192.1198919250162
2022-05-11,Manchester City,Wolverhampton Wanderers,5,1,A,7,16,3,5,2,10,6,2,1,,0,,2022,A,0.0,0.0,3,0.0,0.0,0.0,0,1,3.0,2.364864864864865,1.2837837837837838,2.323529411764706,0.6764705882352939,1.3486089030206674,193.46850082803687
2022-05-15,Manchester City,West Ham United,2,2,D,6,31,2,8,9,5,4,9,1,,0,,2022,A,3.0,0.0,1,0.0,0.0,0.0,0,1,2.3333333333333335,2.3466666666666667,1.6133333333333333,2.323529411764706,-1.323529411764706,-3.7008235294117653,189.7676772986251
2022-05-22,Manchester City,Aston Villa,3,2,H,24,4,5,2,5,11,13,1,0,1.0,0,0.0,2022,H,,,3,0.0,0.0,0.0,0,0,2.3333333333333335,2.3552631578947367,1.3157894736842106,2.323529411764706,0.6764705882352939,1.5938080495356033,191.3614853481607
2022-08-07,Manchester City,West Ham United,2,0,A,6,14,1,2,8,4,1,4,1,,0,,2022,A,0.0,0.0,3,0.0,0.0,0.0,1,1,2.3333333333333335,2.363636363636364,1.5714285714285714,2.323529411764706,0.6764705882352939,2.105462184873949,193.46694753303467
2022-08-13,Manchester City,Bournemouth,4,0,H,19,3,7,1,9,9,11,1,0,3.0,0,0.0,2022,H,,,3,0.0,0.0,0.0,1,0,3.0,2.371794871794872,1.5,2.323529411764706,0.6764705882352939,2.366176470588235,195.83312400362288
2022-08-21,Manchester City,Newcastle United,3,3,D,12,21,6,10,14,7,5,5,2,,0,,2022,A,4.0,0.0,1,0.0,0.0,0.0,0,2,2.3333333333333335,2.3544303797468356,1.2531645569620251,2.323529411764706,-1.323529411764706,-3.896798212956069,191.9363257906668
2022-08-27,Manchester City,Crystal Palace,4,2,H,18,2,5,2,14,8,6,1,1,2.0,0,0.0,2022,H,,,3,0.0,0.0,0.0,0,1,2.3333333333333335,2.3625,1.2,2.323529411764706,0.6764705882352939,1.361176470588235,193.29750226125506
2022-08-31,Manchester City,Nottingham Forest,6,0,H,17,8,9,1,9,7,10,1,0,1.0,0,0.0,2022,H,,,3,0.0,0.0,0.0,1,0,2.3333333333333335,2.3703703703703702,0.8,2.323529411764706,0.6764705882352939,2.471176470588235,195.7686787318433
2022-09-03,Manchester City,Aston Villa,1,1,D,3,13,1,4,7,6,1,4,0,,0,,2022,A,2.0,0.0,1,0.0,0.0,0.0,0,0,2.3333333333333335,2.3536585365853657,1.2682926829268293,2.323529411764706,-1.323529411764706,-3.39906743185079,192.3696112999925
2022-09-17,Manchester City,Wolverhampton Wanderers,3,0,A,6,16,1,7,7,9,5,7,1,,0,,2022,A,2.0,1.0,3,0.0,0.0,0.0,1,1,2.3333333333333335,2.36144578313253,1.2289156626506024,2.323529411764706,0.6764705882352939,2.156839121190645,194.52645042118314
2022-10-02,Manchester City,Manchester United,6,3,H,22,12,10,8,3,9,5,1,0,3.0,0,0.0,2022,H,,,3,0.0,0.0,0.0,0,0,2.3333333333333335,2.369047619047619,1.7349397590361446,2.323529411764706,0.6764705882352939,1.5309355067328132,196.05738592791596
2022-10-08,Manchester City,Southampton,4,0,H,21,5,8,0,4,8,9,1,0,1.0,0,0.0,2022,H,,,3,0.0,0.0,0.0,1,0,3.0,2.376470588235294,1.0588235294117647,2.323529411764706,0.6764705882352939,2.4323529411764704,198.48973886909243
2022-10-16,Manchester City,Liverpool,0,1,H,13,16,2,6,10,7,5,6,1,,0,,2022,A,3.0,0.0,0,0.0,0.0,0.0,0,1,2.0,2.3488372093023258,2.0470588235294116,2.323529411764706,-2.323529411764706,-6.265882352941177,192.22385651615124
2022-10-22,Manchester City,Brighton and Hove Albion,3,1,H,10,8,4,2,11,12,7,3,1,3.0,0,0.0,2022,H,,,3,0.0,0.0,0.0,0,1,2.0,2.3563218390804597,1.2298850574712643,2.323529411764706,0.6764705882352939,1.3566937119675453,193.5805502281188
2022-10-29,Manchester City,Leicester City,1,0,A,10,15,5,5,5,10,3,10,0,,0,,2022,A,0.0,0.0,3,0.0,0.0,0.0,1,0,2.0,2.363636363636364,1.449438202247191,2.323529411764706,0.6764705882352939,2.3737607402511562,195.95431096836995
2022-11-05,Manchester City,Fulham,2,1,H,16,4,5,2,6,11,9,0,2,4.0,1,0.0,2022,H,,,3,0.0,0.0,0.0,0,4,3.0,2.3707865168539324,0.903846153846154,2.323529411764706,0.6764705882352939,0.6555995475113118,196.60991051588127
2022-11-12,Manchester City,Brentford,1,2,A,29,10,6,8,9,7,10,2,2,2.0,0,0.0,2022,H,,,0,0.0,0.0,0.0,0,2,2.0,2.344444444444445,1.2264150943396226,2.323529411764706,-2.323529411764706,-6.392785793562709,190.21712472231854
2022-12-28,Manchester City,Leeds United,3,1,A,9,26,1,9,11,14,3,5,3,,0,,2022,A,3.0,0.0,3,0.0,0.0,0.0,0,3,2.0,2.3516483516483517,1.2307692307692308,2.323529411764706,0.6764705882352939,0.8565610859728502,191.0736858082914
2022-12-31,Manchester City,Everton,1,1,D,16,2,3,1,13,14,7,1,3,4.0,0,0.0,2022,H,,,1,0.0,0.0,0.0,0,3,1.3333333333333333,2.3369565217391304,1.2150537634408602,2.323529411764706,-1.323529411764706,-4.141081593927895,186.93260421436352
2023-01-05,Manchester City,Chelsea,1,0,A,8,12,2,3,9,9,3,2,0,,0,,2023,A,2.0,0.0,3,0.0,0.0,0.0,1,0,2.3333333333333335,2.3440860215053765,1.7849462365591398,2.268292682926829,0.7317073170731709,2.4615263571990567,189.39413057156258
2023-01-14,Manchester City,Manchester United,1,2,H,8,5,4,1,15,5,1,2,0,,0,,2023,A,3.0,0.0,0,0.0,0.0,0.0,0,0,1.3333333333333333,2.3191489361702127,1.8085106382978724,2.268292682926829,-2.268292682926829,-5.842008303061753,183.55212226850082
2023-01-19,Manchester City,Tottenham Hotspur,4,2,H,16,9,6,3,10,14,8,3,1,2.0,0,0.0,2023,H,,,3,0.0,0.0,0.0,0,1,2.0,2.3263157894736843,1.7291666666666667,2.268292682926829,0.7317073170731709,1.4198932926829273,184.97201556118375
2023-01-22,Manchester City,Wolverhampton Wanderers,3,0,H,13,10,7,1,10,10,5,7,1,2.0,0,0.0,2023,H,,,3,0.0,0.0,0.0,1,1,2.0,2.3333333333333335,1.1770833333333333,2.268292682926829,0.7317073170731709,2.3027057926829273,187.27472135386668
2023-02-05,Manchester City,Tottenham Hotspur,0,1,H,12,15,3,5,19,14,4,6,3,,0,,2023,A,2.0,1.0,0,0.0,0.0,0.0,0,3,2.0,2.3092783505154637,1.7551020408163265,2.268292682926829,-2.268292682926829,-6.583997013439522,180.69072434042715
2023-02-12,Manchester City,Aston Villa,3,1,H,17,6,9,2,13,14,8,4,1,2.0,0,0.0,2023,H,,,3,0.0,0.0,0.0,0,1,2.0,2.316326530612245,1.3061224489795915,2.268292682926829,0.7317073170731709,1.4833499253359888,182.17407426576312
2023-02-15,Manchester City,Arsenal,3,1,A,10,9,1,6,11,15,1,3,3,,0,,2023,A,2.0,0.0,3,0.0,0.0,0.0,0,3,2.0,2.323232323232323,1.846938775510204,2.268292682926829,0.7317073170731709,0.9022274763563968,183.07630174211954
2023-02-18,Manchester City,Nottingham Forest,1,1,D,4,26,1,6,8,6,0,10,0,,0,,2023,A,1.0,0.0,1,0.0,0.0,0.0,0,0,2.3333333333333335,2.31,1.0869565217391304,2.268292682926829,-1.268292682926829,-3.233775185577942,179.8425265565416
2023-02-25,Manchester City,Bournemouth,4,1,A,13,20,2,5,10,9,4,6,2,,0,,2023,A,2.0,0.0,3,0.0,0.0,0.0,0,2,2.3333333333333335,2.3168316831683167,0.875,2.268292682926829,0.7317073170731709,1.2980182926829273,181.1405448492245
2023-03-04,Manchester City,Newcastle United,2,0,H,11,5,3,2,8,13,8,4,2,4.0,0,0.0,2023,H,,,3,0.0,0.0,0.0,1,2,2.3333333333333335,2.323529411764706,1.35,2.268292682926829,0.7317073170731709,2.0267682926829274,183.16731314190744
2023-03-11,Manchester City,Crystal Palace,1,0,A,4,14,0,4,11,17,2,6,2,,0,,2023,A,2.0,0.0,3,0.0,0.0,0.0,1,2,3.0,2.3300970873786406,1.1666666666666667,2.268292682926829,0.7317073170731709,2.054268292682927,185.22158143459038
2023-04-01,Manchester City,Liverpool,4,1,H,17,4,8,1,9,12,7,1,1,1.0,0,0.0,2023,H,,,3,0.0,0.0,0.0,0,1,3.0,2.3365384615384617,1.970873786407767,2.268292682926829,0.7317073170731709,1.3836372247217623,186.60521865931213
2023-04-08,Manchester City,Southampton,4,1,A,4,13,1,8,6,10,0,10,2,,0,,2023,A,0.0,0.0,3,0.0,0.0,0.0,0,2,3.0,2.342857142857143,1.0,2.268292682926829,0.7317073170731709,1.2792682926829275,187.88448695199506
2023-04-15,Manchester City,Leicester City,3,1,H,12,10,4,4,8,8,6,2,1,1.0,0,0.0,2023,H,,,3,0.0,0.0,0.0,0,1,3.0,2.349056603773585,1.3364485981308412,2.268292682926829,0.7317073170731709,1.4788010029633012,189.36328795495837
2023-04-26,Manchester City,Arsenal,4,1,H,14,8,9,2,13,13,1,3,3,1.0,0,0.0,2023,H,,,3,0.0,0.0,0.0,0,3,3.0,2.3551401869158877,1.8807339449541285,2.268292682926829,0.7317073170731709,0.8971582009398081,190.26044615589817
2023-04-30,Manchester City,Fulham,2,1,A,4,12,1,9,9,10,2,5,3,,0,,2023,A,1.0,0.0,3,0.0,0.0,0.0,0,3,3.0,2.361111111111111,1.028169014084507,2.268292682926829,0.7317073170731709,1.0250429405702512,191.28548909646844
2023-05-03,Manchester City,West Ham United,3,0,H,16,6,7,2,8,8,6,3,0,1.0,0,0.0,2023,H,,,3,0.0,0.0,0.0,1,0,3.0,2.36697247706422,1.4090909090909092,2.268292682926829,0.7317073170731709,2.517904656319291,193.8033937527877
2023-05-06,Manchester City,Leeds United,2,1,H,18,4,6,2,3,16,10,1,0,3.0,0,0.0,2023,H,,,3,0.0,0.0,0.0,0,0,3.0,2.372727272727273,1.1441441441441442,2.268292682926829,0.7317073170731709,1.757646671061306,195.56104042384902
2023-05-14,Manchester City,Everton,3,0,A,7,9,3,4,12,4,8,6,0,,0,,2023,A,1.0,0.0,3,0.0,0.0,0.0,1,0,3.0,2.3783783783783785,1.1607142857142858,2.268292682926829,0.7317073170731709,2.5551611498257847,198.1162015736748
2023-05-21,Manchester City,Chelsea,1,0,H,15,13,2,6,12,9,5,2,0,2.0,0,0.0,2023,H,,,3,0.0,0.0,0.0,1,0,3.0,2.3839285714285716,1.6428571428571428,2.268292682926829,0.7317073170731709,2.482839721254356,200.59904129492915
2023-05-24,Manchester City,Brighton and Hove Albion,1,1,D,20,13,7,4,16,11,5,1,1,,0,,2023,A,2.0,0.0,1,0.0,0.0,0.0,0,1,2.3333333333333335,2.3716814159292037,1.3628318584070795,2.268292682926829,-1.268292682926829,-3.525156486078134,197.07388480885103
2023-05-28,Manchester City,Brentford,0,1,H,11,17,4,3,12,8,3,4,0,,0,,2023,A,4.0,0.0,0,0.0,0.0,0.0,0,0,1.3333333333333333,2.3508771929824563,1.381578947368421,2.268292682926829,-2.268292682926829,-5.777968549422336,191.2959162594287
2023-08-11,Manchester City,Burnley,3,0,A,6,17,1,8,11,8,6,5,0,,0,,2023,A,0.0,1.0,3,0.0,0.0,0.0,1,0,1.3333333333333333,2.356521739130435,0.961038961038961,2.268292682926829,0.7317073170731709,2.585112448527083,193.88102870795578
2023-08-19,Manchester City,Newcastle United,1,0,H,14,7,4,1,12,11,3,0,1,5.0,0,0.0,2023,H,,,3,0.0,0.0,0.0,1,1,2.0,2.3620689655172415,1.4482758620689655,2.268292682926829,0.7317073170731709,2.2620269133725825,196.14305562132836
2023-08-27,Manchester City,Sheffield United,2,1,A,6,30,2,9,11,2,1,12,0,,0,,2023,A,3.0,0.0,3,0.0,0.0,0.0,0,0,3.0,2.3675213675213675,0.5609756097560976,2.268292682926829,0.7317073170731709,1.8451219512195127,197.98817757254787
2023-09-02,Manchester City,Fulham,5,1,H,7,6,5,4,12,12,4,5,2,4.0,0,0.0,2023,H,,,3,0.0,0.0,0.0,0,2,3.0,2.3728813559322033,1.05,2.268292682926829,0.7317073170731709,1.2717682926829275,199.2599458652308
2023-09-16,Manchester City,West Ham United,3,1,A,6,29,3,15,7,11,4,11,2,,0,,2023,A,3.0,0.0,3,0.0,0.0,0.0,0,2,3.0,2.3781512605042017,1.4369747899159664,2.268292682926829,0.7317073170731709,1.2137220741955326,200.47366793942632
2023-09-23,Manchester City,Nottingham Forest,2,0,H,7,10,4,3,5,17,6,6,3,7.0,1,0.0,2023,H,,,3,0.0,0.0,0.0,1,5,3.0,2.3833333333333333,1.0227272727272727,2.268292682926829,0.7317073170731709,1.3258592017738366,201.79952714120017
2023-09-30,Manchester City,Wolverhampton Wanderers,1,2,H,3,23,1,8,18,12,0,6,4,,0,,2023,A,5.0,0.0,0,0.0,0.0,0.0,0,4,2.0,2.363636363636364,1.1900826446280992,2.268292682926829,-2.268292682926829,-6.749244104011288,195.05028303718888
2023-10-08,Manchester City,Arsenal,0,1,H,12,4,2,1,8,7,5,4,3,,0,,2023,A,2.0,0.0,0,0.0,0.0,0.0,0,3,1.0,2.3442622950819674,1.9180327868852456,2.268292682926829,-2.268292682926829,-6.608436625349859,188.441846411839
2023-10-21,Manchester City,Brighton and Hove Albion,2,1,H,10,5,6,3,9,11,2,2,2,2.0,1,0.0,2023,H,,,3,0.0,0.0,0.0,0,4,1.0,2.3495934959349594,1.3821138211382114,2.268292682926829,0.7317073170731709,0.7219512195121957,189.16379763135123
2023-10-29,Manchester City,Manchester United,3,0,A,7,21,3,10,9,4,7,12,1,,0,,2023,A,4.0,0.0,3,0.0,0.0,0.0,1,1,2.0,2.3548387096774195,1.7903225806451613,2.268292682926829,0.7317073170731709,2.2107199055861533,191.37451753693736
2023-11-04,Manchester City,Bournemouth,6,1,H,21,5,8,1,8,9,12,1,0,1.0,0,0.0,2023,H,,,3,0.0,0.0,0.0,0,0,3.0,2.36,0.9183673469387756,2.268292682926829,0.7317073170731709,1.7915131906421111,193.16603072757948
2023-11-12,Manchester City,Chelsea,4,4,D,17,15,9,10,12,15,3,3,3,,0,,2023,A,5.0,0.0,1,0.0,0.0,0.0,0,3,2.3333333333333335,2.3492063492063493,1.5952380952380951,2.268292682926829,-1.268292682926829,-4.060017421602787,189.1060133059767
2023-11-25,Manchester City,Liverpool,1,1,D,16,8,5,3,9,11,9,6,1,3.0,0,0.0,2023,H,,,1,0.0,0.0,0.0,0,1,1.6666666666666667,2.338582677165354,2.015748031496063,2.268292682926829,-1.268292682926829,-3.623093912041482,185.48291939393522
2023-12-03,Manchester City,Tottenham Hotspur,3,3,D,18,8,4,4,14,14,10,8,4,4.0,0,0.0,2023,H,,,1,0.0,0.0,0.0,0,4,1.0,2.328125,1.71875,2.268292682926829,-1.268292682926829,-4.328544207317073,181.15437518661815
2023-12-06,Manchester City,Aston Villa,0,1,H,22,2,7,2,13,13,6,0,2,,0,,2023,A,2.0,0.0,0,0.0,0.0,0.0,0,2,0.6666666666666666,2.310077519379845,1.496124031007752,2.268292682926829,-2.268292682926829,-6.295150311968236,174.8592248746499
2023-12-10,Manchester City,Luton Town,2,1,A,4,18,2,6,16,6,6,3,1,,0,,2023,A,2.0,0.0,3,0.0,0.0,0.0,0,1,1.3333333333333333,2.3153846153846156,0.5625,2.268292682926829,0.7317073170731709,1.5948932926829273,176.45411816733284
2023-12-16,Manchester City,Crystal Palace,2,2,D,19,5,9,2,12,9,6,1,1,1.0,0,0.0,2023,H,,,1,0.0,0.0,0.0,0,1,1.3333333333333333,2.3053435114503817,1.1755725190839694,2.268292682926829,-1.268292682926829,-3.4970675851796678,172.95705058215316
2023-12-27,Manchester City,Everton,3,1,A,7,23,2,9,13,5,8,4,2,,0,,2023,A,4.0,0.0,3,0.0,0.0,0.0,0,2,2.3333333333333335,2.310606060606061,1.2030075187969924,2.268292682926829,0.7317073170731709,1.2488171648633786,174.20586774701655
2023-12-30,Manchester City,Sheffield United,2,0,H,18,4,4,2,5,6,12,2,1,1.0,0,0.0,2023,H,,,3,0.0,0.0,0.0,1,1,2.3333333333333335,2.3157894736842106,0.5517241379310345,2.268292682926829,0.7317073170731709,2.396509671993272,176.60237741900983
2024-01-13,Manchester City,Newcastle United,3,2,A,12,27,5,11,7,7,3,13,2,,0,,2024,A,1.0,0.0,3,0.0,0.0,0.0,0,2,3.0,2.3208955223880596,1.4370370370370371,2.1578947368421053,0.8421052631578947,1.4897076023391813,178.092085021349
2024-01-31,Manchester City,Burnley,3,1,H,14,8,4,3,3,13,7,3,2,2.0,0,0.0,2024,H,,,3,0.0,0.0,0.0,0,2,3.0,2.325925925925926,0.8775510204081632,2.1578947368421053,0.8421052631578947,1.5736305048335124,179.6657155261825
2024-02-05,Manchester City,Brentford,3,1,A,9,25,3,15,2,4,8,13,0,,0,,2024,A,1.0,0.0,3,0.0,0.0,0.0,0,0,3.0,2.3308823529411766,1.2959183673469388,2.1578947368421053,0.8421052631578947,2.010875402792696,181.6765909289752
2024-02-10,Manchester City,Everton,2,0,H,19,5,3,1,6,11,9,0,0,2.0,0,0.0,2024,H,,,3,0.0,0.0,0.0,1,0,3.0,2.335766423357664,1.181159420289855,2.1578947368421053,0.8421052631578947,2.8280892448512587,184.50468017382647
2024-02-17,Manchester City,Chelsea,1,1,D,31,9,5,6,7,12,12,1,1,3.0,0,0.0,2024,H,,,1,0.0,0.0,0.0,0,1,2.3333333333333335,2.3260869565217392,1.5827338129496402,2.1578947368421053,-1.1578947368421053,-3.282146914047709,181.22253325977874
2024-02-20,Manchester City,Brentford,1,0,H,25,6,11,2,12,6,10,1,2,4.0,0,0.0,2024,H,,,3,0.0,0.0,0.0,1,2,2.3333333333333335,2.3309352517985613,1.2871287128712872,2.1578947368421053,0.8421052631578947,2.312193850964044,183.5347271107428
2024-02-24,Manchester City,Bournemouth,1,0,A,13,15,4,6,14,6,3,8,2,,0,,2024,A,2.0,0.0,3,0.0,0.0,0.0,1,2,2.3333333333333335,2.335714285714286,1.0634920634920637,2.1578947368421053,0.8421052631578947,2.3457393483709277,185.88046645911373
2024-03-03,Manchester City,Manchester United,3,1,H,27,3,8,1,5,10,15,2,0,1.0,0,0.0,2024,H,,,3,0.0,0.0,0.0,0,0,3.0,2.3404255319148937,1.7801418439716312,2.1578947368421053,0.8421052631578947,1.938241881298992,187.8187083404127
2024-03-10,Manchester City,Liverpool,1,1,D,19,10,6,6,6,10,7,4,3,,0,,2024,A,0.0,0.0,1,0.0,0.0,0.0,0,3,2.3333333333333335,2.3309859154929575,2.056338028169014,2.1578947368421053,-1.1578947368421053,-3.853187546330615,183.9655207940821
2024-03-31,Manchester City,Arsenal,0,0,D,12,6,1,2,9,20,7,4,0,2.0,0,0.0,2024,H,,,1,0.0,0.0,0.0,1,0,1.6666666666666667,2.3216783216783217,1.951048951048951,2.1578947368421053,-1.1578947368421053,-2.2873941847626056,181.6781266093195
2024-04-03,Manchester City,Aston Villa,4,1,H,25,8,11,3,6,13,2,3,1,2.0,0,0.0,2024,H,,,3,0.0,0.0,0.0,0,1,1.6666666666666667,2.326388888888889,1.5172413793103448,2.1578947368421053,0.8421052631578947,1.727676950998185,183.40580356031768
2024-04-06,Manchester City,Crystal Palace,4,2,A,7,18,4,8,13,3,2,9,1,,0,,2024,A,1.0,0.0,3,0.0,0.0,0.0,0,1,2.3333333333333335,2.331034482758621,1.1517241379310346,2.1578947368421053,0.8421052631578947,1.7825045372050816,185.18830809752276
2024-04-13,Manchester City,Luton Town,5,1,H,33,4,13,2,7,6,12,1,1,0.0,0,0.0,2024,H,,,3,0.0,0.0,0.0,0,1,3.0,2.335616438356164,0.7575757575757576,2.1578947368421053,0.8421052631578947,1.8416267942583733,187.02993489178112
2024-04-25,Manchester City,Brighton and Hove Albion,4,0,A,7,14,3,6,10,3,4,4,0,,0,,2024,A,2.0,0.0,3,0.0,0.0,0.0,1,0,3.0,2.3401360544217686,1.346938775510204,2.1578947368421053,0.8421052631578947,2.8032223415682065,189.83315723334934
2024-04-28,Manchester City,Nottingham Forest,2,0,A,14,11,2,5,8,6,4,5,0,,0,,2024,A,0.0,0.0,3,0.0,0.0,0.0,1,0,3.0,2.3445945945945947,0.9315068493150684,2.1578947368421053,0.8421052631578947,2.865537130497477,192.6986943638468
2024-05-04,Manchester City,Wolverhampton Wanderers,5,1,H,20,2,12,1,4,17,6,0,0,4.0,0,0.0,2024,H,,,3,0.0,0.0,0.0,0,0,3.0,2.348993288590604,1.22,2.1578947368421053,0.8421052631578947,2.0222631578947365,194.72095752174155
2024-05-11,Manchester City,Fulham,4,0,A,1,16,1,9,9,6,1,7,0,,0,,2024,A,1.0,1.0,3,0.0,0.0,0.0,1,0,3.0,2.3533333333333335,1.0973451327433628,2.1578947368421053,0.8421052631578947,2.8406613879832325,197.56161890972479
2024-05-14,Manchester City,Tottenham Hotspur,2,0,A,10,8,5,5,14,11,7,4,3,,0,,2024,A,3.0,0.0,3,0.0,0.0,0.0,1,3,3.0,2.357615894039735,1.695364238410596,2.1578947368421053,0.8421052631578947,2.0009585221331476,199.56257743185793
2024-05-19,Manchester City,West Ham United,3,1,H,28,3,12,2,3,12,11,2,0,1.0,0,0.0,2024,H,,,3,0.0,0.0,0.0,0,0,3.0,2.361842105263158,1.4013157894736843,2.1578947368421053,0.8421052631578947,1.995065789473684,201.55764322133163
2024-08-18,Manchester City,Chelsea,2,0,A,10,11,3,5,12,9,4,3,1,,0,,2024,A,1.0,0.0,3,0.0,0.0,0.0,1,1,3.0,2.366013071895425,1.6209150326797386,2.1578947368421053,0.8421052631578947,2.5121259029927763,204.0697691243244
2024-08-24,Manchester City,Ipswich Town,4,1,H,14,1,5,1,4,15,10,1,2,3.0,0,0.0,2024,H,,,3,0.0,0.0,0.0,0,2,3.0,2.3701298701298703,0.0,2.1578947368421053,0.8421052631578947,1.7052631578947368,205.77503228221914
2024-08-31,Manchester City,West Ham United,3,1,A,10,23,2,8,10,3,3,11,2,,0,,2024,A,3.0,0.0,3,0.0,0.0,0.0,0,2,3.0,2.3741935483870966,1.3935483870967742,2.1578947368421053,0.8421052631578947,1.4962308998302207,207.27126318204935
2024-09-14,Manchester City,Brentford,2,1,H,18,8,7,5,9,3,12,3,3,1.0,0,0.0,2024,H,,,3,0.0,0.0,0.0,0,3,3.0,2.378205128205128,1.271186440677966,2.1578947368421053,0.8421052631578947,1.264585191793042,208.53584837384238
2024-09-22,Manchester City,Arsenal,2,2,D,33,5,11,3,7,10,8,2,3,4.0,0,1.0,2024,H,,,1,0.0,0.0,0.0,0,3,2.3333333333333335,2.3694267515923566,2.0,2.1578947368421053,-1.1578947368421053,-3.844736842105263,204.69111153173714
2024-09-28,Manchester City,Newcastle United,1,1,D,11,16,4,6,14,10,5,6,4,,0,,2024,A,4.0,0.0,1,0.0,0.0,0.0,0,4,1.6666666666666667,2.3607594936708862,1.4936708860759491,2.1578947368421053,-1.1578947368421053,-4.018787475016656,200.67232405672047
2024-10-05,Manchester City,Fulham,3,2,H,20,11,7,4,4,10,8,3,2,1.0,0,0.0,2024,H,,,3,0.0,0.0,0.0,0,2,1.6666666666666667,2.3647798742138364,1.140495867768595,2.1578947368421053,0.8421052631578947,1.5341887777294476,202.20651283444994
2024-10-20,Manchester City,Wolverhampton Wanderers,2,1,A,3,22,2,7,8,5,1,18,1,,0,,2024,A,4.0,0.0,3,0.0,0.0,0.0,0,1,2.3333333333333335,2.36875,1.15,2.1578947368421053,0.8421052631578947,1.782763157894737,203.98927599234466
2024-10-26,Manchester City,Southampton,1,0,H,22,5,8,2,9,9,12,1,1,3.0,0,0.0,2024,H,,,3,0.0,0.0,0.0,1,1,3.0,2.372670807453416,0.8861788617886179,2.1578947368421053,0.8421052631578947,2.6223363286264445,206.61161232097112
2024-11-02,Manchester City,Bournemouth,1,2,H,12,18,6,4,11,6,3,10,1,,0,,2024,A,2.0,0.0,0,0.0,0.0,0.0,0,1,2.0,2.3580246913580245,1.186046511627907,2.1578947368421053,-2.1578947368421053,-5.72264381884945,200.88896850212166
2024-11-09,Manchester City,Brighton and Hove Albion,1,2,H,10,15,4,6,12,10,0,4,3,,0,,2024,A,3.0,0.0,0,0.0,0.0,0.0,0,3,1.0,2.3435582822085887,1.3558282208588956,2.1578947368421053,-2.1578947368421053,-6.248111075234099,194.64085742688755
2024-11-23,Manchester City,Tottenham Hotspur,0,4,A,23,9,5,7,19,9,9,3,4,2.0,0,0.0,2024,H,,,0,0.0,0.0,0.0,0,4,0.0,2.3292682926829267,1.695121951219512,2.1578947368421053,-2.1578947368421053,-6.549005134788191,188.09185229209936
2024-12-01,Manchester City,Liverpool,0,2,H,18,8,7,2,9,8,7,4,3,,0,,2024,A,1.0,0.0,0,0.0,0.0,0.0,0,3,0.0,2.315151515151515,2.084848484848485,2.1578947368421053,-2.1578947368421053,-6.357464114832537,181.73438817726682
2024-12-04,Manchester City,Nottingham Forest,3,0,H,17,12,7,3,7,15,8,2,2,4.0,0,0.0,2024,H,,,3,0.0,0.0,0.0,1,2,1.0,2.319277108433735,1.0666666666666669,2.1578947368421053,0.8421052631578947,2.345263157894737,184.07965133516157
2024-12-07,Manchester City,Crystal Palace,2,2,D,12,12,3,4,4,10,6,8,0,,1,,2024,A,1.0,0.0,1,0.0,0.0,0.0,0,2,1.3333333333333333,2.311377245508982,1.1916167664670658,2.1578947368421053,-1.1578947368421053,-3.473479357075323,180.60617197808625
2024-12-15,Manchester City,Manchester United,1,2,A,10,10,3,3,5,14,8,2,1,1.0,0,0.0,2024,H,,,0,0.0,0.0,0.0,0,1,1.3333333333333333,2.297619047619047,1.7202380952380951,2.1578947368421053,-2.1578947368421053,-5.802772556390979,174.80339942169527
2024-12-21,Manchester City,Aston Villa,1,2,H,11,12,6,6,14,7,5,4,3,,0,,2024,A,3.0,0.0,0,0.0,0.0,0.0,0,3,0.3333333333333333,2.284023668639054,1.5207100591715976,2.1578947368421053,-2.1578947368421053,-6.272843350981003,168.53055607071428
2024-12-26,Manchester City,Everton,1,1,D,24,8,5,3,5,10,8,5,1,4.0,0,0.0,2024,H,,,1,0.0,0.0,0.0,0,1,0.3333333333333333,2.276470588235294,1.1775147928994083,2.1578947368421053,-1.1578947368421053,-3.2213640610401746,165.3091920096741
2024-12-29,Manchester City,Leicester City,2,0,A,11,14,4,5,11,6,4,4,1,,0,,2024,A,2.0,0.0,3,0.0,0.0,0.0,1,1,1.3333333333333333,2.280701754385965,1.2481203007518795,2.1578947368421053,0.8421052631578947,2.568045112781955,167.87723712245605
2025-01-04,Manchester City,West Ham United,4,1,H,10,17,7,4,8,13,7,1,2,1.0,0,0.0,2025,H,,,3,0.0,0.0,0.0,0,2,2.3333333333333335,2.2848837209302326,1.372093023255814,2.066666666666667,0.9333333333333331,1.727519379844961,169.604756502301
2025-01-14,Manchester City,Brentford,2,2,D,18,21,6,8,4,4,4,5,0,,0,,2025,A,0.0,0.0,1,0.0,0.0,0.0,0,0,2.3333333333333335,2.277456647398844,1.274074074074074,2.066666666666667,-1.0666666666666669,-2.757777777777778,166.84697872452324
2025-01-19,Manchester City,Ipswich Town,6,0,A,8,17,4,9,4,7,4,7,1,,0,,2025,A,0.0,0.0,3,0.0,0.0,0.0,1,1,2.3333333333333335,2.281609195402299,0.7272727272727273,2.066666666666667,0.9333333333333331,2.874242424242424,169.72122114876566
2025-01-25,Manchester City,Chelsea,3,1,H,15,10,6,4,6,8,2,4,3,2.0,0,0.0,2025,H,,,3,0.0,0.0,0.0,0,3,2.3333333333333335,2.2857142857142856,1.6457142857142857,2.066666666666667,0.9333333333333331,1.4364761904761902,171.15769733924185
2025-02-02,Manchester City,Arsenal,1,5,H,12,7,7,4,6,7,5,2,0,,0,,2025,A,2.0,0.0,0,0.0,0.0,0.0,0,0,2.0,2.272727272727273,2.0056818181818183,2.066666666666667,-2.066666666666667,-5.36751893939394,165.79017839984792
2025-02-15,Manchester City,Newcastle United,4,0,H,11,3,7,1,5,13,7,4,0,1.0,0,0.0,2025,H,,,3,0.0,0.0,0.0,1,0,2.0,2.2768361581920904,1.502824858757062,2.066666666666667,0.9333333333333331,3.0079096045197735,168.79808800436768
2025-02-23,Manchester City,Liverpool,0,2,A,16,8,5,4,3,10,7,5,0,0.0,0,0.0,2025,H,,,0,0.0,0.0,0.0,0,0,1.0,2.264044943820225,2.089385474860335,2.066666666666667,-2.066666666666667,-5.380074487895717,163.41801351647197
2025-02-26,Manchester City,Tottenham Hotspur,1,0,A,11,12,6,5,12,15,8,3,0,,0,,2025,A,3.0,0.0,3,0.0,0.0,0.0,1,0,2.0,2.2681564245810057,1.6312849162011174,2.066666666666667,0.9333333333333331,2.988640595903165,166.40665411237512
2025-03-08,Manchester City,Nottingham Forest,0,1,H,9,14,4,3,9,7,3,2,2,,0,,2025,A,3.0,0.0,0,0.0,0.0,0.0,0,2,1.0,2.2555555555555555,1.2019230769230769,2.066666666666667,-2.066666666666667,-5.746955128205129,160.65969898417
2025-03-15,Manchester City,Brighton and Hove Albion,2,2,D,11,15,3,3,10,10,4,5,2,5.0,0,0.0,2025,H,,,1,0.0,0.0,0.0,0,2,1.3333333333333333,2.248618784530387,1.3756906077348066,2.066666666666667,-1.0666666666666669,-3.2730202578268877,157.38667872634312
2025-04-02,Manchester City,Leicester City,2,0,H,18,2,5,0,11,8,5,0,1,4.0,0,0.0,2025,H,,,3,0.0,0.0,0.0,1,1,1.3333333333333333,2.2527472527472527,1.1736111111111112,2.066666666666667,0.9333333333333331,2.807291666666666,160.19397039300978
2025-04-06,Manchester City,Manchester United,0,0,D,13,9,2,5,13,9,5,3,2,,0,,2025,A,3.0,0.0,1,0.0,0.0,0.0,1,2,1.6666666666666667,2.2459016393442623,1.6666666666666667,2.066666666666667,-1.0666666666666669,-2.516666666666667,157.6773037263431
2025-04-12,Manchester City,Crystal Palace,5,2,H,21,8,9,3,10,16,1,4,2,3.0,0,0.0,2025,H,,,3,0.0,0.0,0.0,0,2,2.3333333333333335,2.25,1.2513661202185793,2.066666666666667,0.9333333333333331,1.7456284153005464,159.42293214164366
2025-04-19,Manchester City,Everton,2,0,A,8,12,3,7,7,6,2,5,0,,0,,2025,A,4.0,0.0,3,0.0,0.0,0.0,1,0,2.3333333333333335,2.254054054054054,1.1891891891891893,2.066666666666667,0.9333333333333331,3.0549549549549546,162.4778870965986
2025-04-22,Manchester City,Aston Villa,2,1,H,14,7,6,3,9,10,10,2,3,3.0,0,0.0,2025,H,,,3,0.0,0.0,0.0,0,3,3.0,2.2580645161290325,1.5376344086021505,2.066666666666667,0.9333333333333331,1.4526881720430105,163.93057526864163
2025-05-02,Manchester City,Wolverhampton Wanderers,1,0,H,9,6,2,1,7,11,4,5,0,0.0,0,0.0,2025,H,,,3,0.0,0.0,0.0,1,0,3.0,2.2620320855614975,1.1978609625668448,2.066666666666667,0.9333333333333331,3.053654188948306,166.98422945758995
2025-05-10,Manchester City,Southampton,0,0,D,2,26,0,5,9,8,1,15,0,,0,,2025,A,2.0,0.0,1,0.0,0.0,0.0,1,0,2.3333333333333335,2.25531914893617,0.8,2.066666666666667,-1.0666666666666669,-1.8866666666666667,165.09756279092326
2025-05-20,Manchester City,Bournemouth,3,1,H,12,8,5,2,7,13,3,1,1,3.0,1,1.0,2025,H,,,3,0.0,0.0,0.0,0,3,2.3333333333333335,2.259259259259259,1.238938053097345,2.066666666666667,0.9333333333333331,1.4974926253687313,166.59505541629198
2025-05-25,Manchester City,Fulham,2,0,A,13,20,3,5,11,5,1,6,0,,0,,2025,A,0.0,0.0,3,0.0,0.0,0.0,1,0,2.3333333333333335,2.263157894736842,1.1907894736842106,2.066666666666667,0.9333333333333331,3.0547149122807014,169.64977032857269
2025-08-16,Manchester City,Wolverhampton Wanderers,4,0,A,9,15,3,4,13,7,4,6,2,,0,,2025,A,1.0,0.0,3,0.0,0.0,0.0,1,2,3.0,2.2670157068062826,1.1780104712041886,2.066666666666667,0.9333333333333331,2.556631762652705,172.2064020912254
2025-08-23,Manchester City,Tottenham Hotspur,0,2,A,10,12,4,5,7,12,7,2,1,4.0,0,0.0,2025,H,,,0,0.0,0.0,0.0,0,1,2.0,2.2552083333333335,1.578125,2.066666666666667,-2.066666666666667,-5.553385416666667,166.65301667455873
2025-08-31,Manchester City,Brighton and Hove Albion,1,2,H,12,12,7,3,16,14,3,2,2,,0,,2025,A,2.0,0.0,0,0.0,0.0,0.0,0,2,1.0,2.243523316062176,1.383419689119171,2.066666666666667,-2.066666666666667,-5.774179620034543,160.87883705452418
2025-09-14,Manchester City,Manchester United,3,0,H,13,12,6,2,8,8,2,4,0,0.0,0,0.0,2025,H,,,3,0.0,0.0,0.0,1,0,1.0,2.247422680412371,1.61340206185567,2.066666666666667,0.9333333333333331,2.9913230240549824,163.87016007857918
2025-09-21,Manchester City,Arsenal,1,1,D,12,5,3,3,11,10,11,2,2,,0,,2025,A,1.0,0.0,1,0.0,0.0,0.0,0,2,1.3333333333333333,2.241025641025641,1.984615384615385,2.066666666666667,-1.0666666666666669,-3.3643589743589746,160.5058011042202
2025-09-27,Manchester City,Burnley,5,1,H,21,9,8,2,5,7,10,2,1,3.0,0,0.0,2025,H,,,3,0.0,0.0,0.0,0,1,2.3333333333333335,2.2448979591836733,0.85,2.066666666666667,0.9333333333333331,2.055833333333333,162.56163443755355
2025-10-05,Manchester City,Brentford,1,0,A,6,10,1,4,10,6,3,2,2,,0,,2025,A,3.0,0.0,3,0.0,0.0,0.0,1,2,2.3333333333333335,2.248730964467005,1.30188679245283,2.066666666666667,0.9333333333333331,2.5380503144654085,165.09968475201896
2025-10-18,Manchester City,Everton,2,0,H,19,5,7,1,8,14,11,3,0,2.0,0,0.0,2025,H,,,3,0.0,0.0,0.0,1,0,3.0,2.2525252525252526,1.2171717171717171,2.066666666666667,0.9333333333333331,3.0507575757575753,168.15044232777652
2025-10-26,Manchester City,Aston Villa,0,1,H,9,18,3,4,8,16,5,6,4,,0,,2025,A,1.0,0.0,0,0.0,0.0,0.0,0,4,2.0,2.241206030150754,1.5577889447236182,2.066666666666667,-2.066666666666667,-6.30033500837521,161.8501073194013
2025-11-02,Manchester City,Bournemouth,3,1,H,15,8,8,5,8,11,10,4,2,2.0,0,0.0,2025,H,,,3,0.0,0.0,0.0,0,2,2.0,2.245,1.2983870967741935,2.066666666666667,0.9333333333333331,1.738575268817204,163.58868258821852
2025-11-09,Manchester City,Liverpool,3,0,H,14,7,6,1,14,15,7,7,2,4.0,0,0.0,2025,H,,,3,0.0,0.0,0.0,1,2,2.0,2.2487562189054726,2.0497512437810945,2.066666666666667,0.9333333333333331,2.425870646766169,166.01455323498467
2020-09-19,Manchester United,Crystal Palace,1,3,A,13,14,4,5,13,10,9,3,2,1.0,0,0.0,2020,H,,,0,0.0,0.0,0.0,0,2,0.0,0.0,3.0,2.0,-2.0,-5.8500000000000005,154.91923076923078
2020-09-26,Manchester United,Brighton and Hove Albion,3,2,A,18,7,5,3,18,16,7,1,2,,0,,2020,A,4.0,0.0,3,0.0,0.0,0.0,0,2,1.5,1.5,1.0,2.0,1.0,1.9500000000000002,156.86923076923077
2020-10-04,Manchester United,Tottenham Hotspur,1,6,A,5,22,2,8,14,10,2,4,2,1.0,1,0.0,2020,H,,,0,0.0,0.0,0.0,0,4,1.0,1.0,1.75,2.0,-2.0,-6.1625000000000005,150.70673076923077
2020-10-17,Manchester United,Newcastle United,4,1,A,7,28,4,14,9,12,0,7,1,,0,,2020,A,1.0,0.0,3,0.0,0.0,0.0,0,1,2.0,1.5,1.4,2.0,1.0,2.14,152.84673076923076
2020-10-24,Manchester United,Chelsea,0,0,D,14,6,4,1,8,6,9,6,3,1.0,0,0.0,2020,H,,,1,0.0,0.0,0.0,1,3,1.3333333333333333,1.4,1.5,2.0,-1.0,-2.575,150.27173076923077
2020-11-01,Manchester United,Arsenal,0,1,A,8,7,2,2,12,12,6,3,3,3.0,0,0.0,2020,H,,,0,0.0,0.0,0.0,0,3,1.3333333333333333,1.1666666666666667,1.7142857142857142,2.0,-2.0,-5.9071428571428575,144.36458791208793
2020-11-07,Manchester United,Everton,3,1,A,7,13,1,5,12,19,5,2,2,,0,,2020,A,4.0,0.0,3,0.0,0.0,0.0,0,2,1.3333333333333333,1.4285714285714286,1.625,2.0,1.0,1.8562500000000002,146.22083791208792
2020-11-21,Manchester United,West Brom,1,0,H,17,7,7,2,12,17,8,2,1,1.0,0,0.0,2020,H,,,3,0.0,0.0,0.0,1,1,2.0,1.625,0.3333333333333333,2.0,1.0,3.1,149.3208379120879
2020-11-29,Manchester United,Southampton,3,2,A,10,15,5,6,12,12,5,9,0,,0,,2020,A,1.0,0.0,3,0.0,0.0,0.0,0,0,3.0,1.7777777777777777,1.7,2.0,1.0,2.345,151.6658379120879
2020-12-05,Manchester United,West Ham United,3,1,A,19,15,6,6,9,10,5,4,0,,0,,2020,A,0.0,0.0,3,0.0,0.0,0.0,0,0,3.0,1.9,1.5454545454545454,2.0,1.0,2.368181818181818,154.03401973026973
2020-12-12,Manchester United,Manchester City,0,0,D,11,9,2,2,13,6,4,3,1,1.0,0,0.0,2020,H,,,1,0.0,0.0,0.0,1,1,2.3333333333333335,1.818181818181818,1.7272727272727273,2.0,-1.0,-2.109090909090909,151.92492882117884
2020-12-17,Manchester United,Sheffield United,3,2,A,12,14,6,8,17,8,6,3,2,,0,,2020,A,3.0,0.0,3,0.0,0.0,0.0,0,2,2.3333333333333335,1.9166666666666667,0.0769230769230769,2.0,1.0,2.0884615384615386,154.01339035964037
2020-12-20,Manchester United,Leeds United,6,2,H,26,17,14,3,6,6,11,13,1,0.0,0,0.0,2020,H,,,3,0.0,0.0,0.0,0,1,2.3333333333333335,2.0,1.2142857142857142,2.0,1.0,2.167857142857143,156.1812475024975
2020-12-26,Manchester United,Leicester City,2,2,D,10,9,2,4,10,17,5,0,1,,0,,2020,A,2.0,0.0,1,0.0,0.0,0.0,0,1,2.3333333333333335,1.9285714285714288,1.8666666666666667,2.0,-1.0,-2.9299999999999997,153.2512475024975
2020-12-29,Manchester United,Wolverhampton Wanderers,1,0,H,11,9,3,5,11,7,2,2,1,1.0,0,0.0,2020,H,,,3,0.0,0.0,0.0,1,1,2.3333333333333335,2.0,1.3125,2.0,1.0,2.953125,156.2043725024975
2021-01-01,Manchester United,Aston Villa,2,1,H,19,5,9,5,22,10,5,10,4,0.0,0,0.0,2021,H,,,3,0.0,0.0,0.0,0,4,2.3333333333333335,2.0625,1.7333333333333334,1.829268292682927,1.170731707317073,1.766829268292683,157.9712017707902
2021-01-12,Manchester United,Burnley,1,0,A,11,13,0,7,15,13,3,4,2,,0,,2021,A,1.0,0.0,3,0.0,0.0,0.0,1,2,3.0,2.1176470588235294,1.0,1.829268292682927,1.170731707317073,3.176829268292683,161.14803103908287
2021-01-17,Manchester United,Liverpool,0,0,D,17,8,3,4,15,6,7,3,1,,0,,2021,A,2.0,0.0,1,0.0,0.0,0.0,1,1,2.3333333333333335,2.0555555555555554,1.8888888888888888,1.829268292682927,-0.8292682926829269,-1.7065040650406504,159.44152697404223
2021-01-20,Manchester United,Fulham,2,1,A,12,15,5,5,6,10,2,8,1,,0,,2021,A,3.0,0.0,3,0.0,0.0,0.0,0,1,2.3333333333333335,2.1052631578947367,0.6666666666666666,1.829268292682927,1.170731707317073,2.676829268292683,162.1183562423349
2021-01-27,Manchester United,Sheffield United,1,2,A,16,5,4,3,10,12,7,2,1,1.0,0,0.0,2021,H,,,0,0.0,0.0,0.0,0,1,1.3333333333333333,2.0,0.4,1.829268292682927,-1.829268292682927,-4.783170731707317,157.33518551062758
2021-01-30,Manchester United,Arsenal,0,0,D,17,14,3,3,9,16,4,7,3,,0,,2021,A,1.0,0.0,1,0.0,0.0,0.0,1,3,1.3333333333333333,1.9523809523809523,1.4761904761904765,1.829268292682927,-0.8292682926829269,-2.1445993031358888,155.1905862074917
2021-02-02,Manchester United,Southampton,9,0,H,24,3,14,1,11,6,5,3,2,3.0,0,2.0,2021,H,,,3,0.0,0.0,0.0,1,2,1.3333333333333333,2.0,1.380952380952381,1.829268292682927,1.170731707317073,3.1196864111498255,158.31027261864153
2021-02-06,Manchester United,Everton,3,3,D,14,6,5,3,14,10,5,1,2,1.0,0,0.0,2021,H,,,1,0.0,0.0,0.0,0,2,1.6666666666666667,1.9565217391304348,1.761904761904762,1.829268292682927,-0.8292682926829269,-2.7374564459930313,155.5728161726485
2021-02-14,Manchester United,West Brom,1,1,D,7,10,3,7,13,10,4,5,0,,0,,2021,A,5.0,0.0,1,0.0,0.0,0.0,0,0,1.6666666666666667,1.9166666666666667,0.5416666666666666,1.829268292682927,-0.8292682926829269,-2.054420731707317,153.51839544094116
2021-02-21,Manchester United,Newcastle United,3,1,H,15,10,7,6,9,11,6,4,1,2.0,0,0.0,2021,H,,,3,0.0,0.0,0.0,0,1,1.6666666666666667,1.96,1.0,1.829268292682927,1.170731707317073,2.626829268292683,156.14522470923387
2021-02-28,Manchester United,Chelsea,0,0,D,18,11,6,4,11,12,3,4,2,,0,,2021,A,1.0,0.0,1,0.0,0.0,0.0,1,2,1.6666666666666667,1.9230769230769231,1.6923076923076923,1.829268292682927,-0.8292682926829269,-1.927016885553471,154.2182078236804
2021-03-03,Manchester United,Crystal Palace,0,0,D,8,11,2,1,4,13,4,6,0,,0,,2021,A,1.0,0.0,1,0.0,0.0,0.0,1,0,1.6666666666666667,1.8888888888888888,1.2592592592592593,1.829268292682927,-0.8292682926829269,-1.3620596205962059,152.8561482030842
2021-03-07,Manchester United,Manchester City,2,0,A,23,8,6,6,9,12,6,2,3,,0,,2021,A,0.0,0.0,3,0.0,0.0,0.0,1,3,1.6666666666666667,1.9285714285714288,2.3214285714285716,1.829268292682927,1.170731707317073,2.728614982578397,155.58476318566258
2021-03-14,Manchester United,West Ham United,1,0,H,15,7,4,0,12,2,6,3,4,0.0,0,0.0,2021,H,,,3,0.0,0.0,0.0,1,4,2.3333333333333335,1.9655172413793105,1.7142857142857142,1.829268292682927,1.170731707317073,2.5696864111498257,158.1544495968124
2021-04-04,Manchester United,Brighton and Hove Albion,2,1,H,15,5,7,3,14,7,5,6,2,2.0,0,0.0,2021,H,,,3,0.0,0.0,0.0,0,2,3.0,2.0,1.0666666666666669,1.829268292682927,1.170731707317073,2.366829268292683,160.5212788651051
2021-04-11,Manchester United,Tottenham Hotspur,3,1,A,12,12,3,7,11,15,7,5,5,,0,,2021,A,1.0,0.0,3,0.0,0.0,0.0,0,5,3.0,2.032258064516129,1.5806451612903225,1.829268292682927,1.170731707317073,1.5397324940991346,162.06101135920423
2021-04-18,Manchester United,Burnley,3,1,H,17,10,9,3,9,12,8,3,1,2.0,0,0.0,2021,H,,,3,0.0,0.0,0.0,0,1,3.0,2.0625,1.03125,1.829268292682927,1.170731707317073,2.622141768292683,164.6831531274969
2021-04-25,Manchester United,Leeds United,0,0,D,6,16,3,4,21,11,2,6,1,,0,,2021,A,4.0,0.0,1,0.0,0.0,0.0,1,1,2.3333333333333335,2.0303030303030303,1.4242424242424243,1.829268292682927,-0.8292682926829269,-1.6368070953436806,163.04634603215322
2021-05-09,Manchester United,Aston Villa,3,1,A,11,18,5,7,13,18,5,6,1,,0,,2021,A,1.0,1.0,3,0.0,0.0,0.0,0,1,2.3333333333333335,2.0588235294117645,1.411764705882353,1.829268292682927,1.170731707317073,2.56506456241033,165.61141059456355
2021-05-11,Manchester United,Leicester City,1,2,A,4,12,1,3,9,12,3,4,0,0.0,0,0.0,2021,H,,,0,0.0,0.0,0.0,0,0,1.3333333333333333,2.0,1.8333333333333333,1.829268292682927,-1.829268292682927,-4.748170731707318,160.86323986285623
2021-05-13,Manchester United,Liverpool,2,4,A,18,17,3,8,10,12,6,4,3,0.0,0,0.0,2021,H,,,0,0.0,0.0,0.0,0,3,1.0,1.9444444444444444,1.7142857142857142,1.829268292682927,-1.829268292682927,-5.480313588850175,155.38292627400605
2021-05-18,Manchester United,Fulham,1,1,D,13,8,6,5,10,15,6,1,2,3.0,0,0.0,2021,H,,,1,0.0,0.0,0.0,0,2,0.3333333333333333,1.9189189189189189,0.7567567567567568,1.829268292682927,-0.8292682926829269,-2.5866842452208307,152.79624202878523
2021-05-23,Manchester United,Wolverhampton Wanderers,2,1,A,14,9,4,4,14,3,6,2,1,,0,,2021,A,4.0,0.0,3,0.0,0.0,0.0,0,1,1.3333333333333333,1.9473684210526316,1.1842105263157894,1.829268292682927,1.170731707317073,2.5991976893453144,155.39543971813055
2021-08-14,Manchester United,Leeds United,5,1,H,16,10,8,3,11,9,5,4,1,2.0,0,0.0,2021,H,,,3,0.0,0.0,0.0,0,1,2.3333333333333335,1.9743589743589745,1.5128205128205128,1.829268292682927,1.170731707317073,2.549906191369606,157.94534590950016
2021-08-22,Manchester United,Southampton,1,1,D,8,15,3,4,12,10,7,7,3,,0,,2021,A,2.0,0.0,1,0.0,0.0,0.0,0,3,2.3333333333333335,1.95,1.1,1.829268292682927,-0.8292682926829269,-2.888170731707317,155.05717517779283
2021-08-29,Manchester United,Wolverhampton Wanderers,1,0,A,15,10,6,3,7,9,5,7,4,,0,,2021,A,3.0,0.0,3,0.0,0.0,0.0,1,4,2.3333333333333335,1.975609756097561,1.0975609756097562,1.829268292682927,1.170731707317073,2.6621951219512194,157.71937029974404
2021-09-11,Manchester United,Newcastle United,4,1,H,21,12,7,3,9,2,7,3,1,0.0,0,0.0,2021,H,,,3,0.0,0.0,0.0,0,1,2.3333333333333335,2.0,1.0952380952380951,1.829268292682927,1.170731707317073,2.612543554006969,160.33191385375102
2021-09-19,Manchester United,West Ham United,2,1,A,13,17,4,10,5,8,2,11,0,,0,,2021,A,0.0,0.0,3,0.0,0.0,0.0,0,0,3.0,2.0232558139534884,1.697674418604651,1.829268292682927,1.170731707317073,2.772178105501985,163.104091959253
2021-09-25,Manchester United,Aston Villa,0,1,A,28,7,4,3,9,13,5,5,2,2.0,0,0.0,2021,H,,,0,0.0,0.0,0.0,0,2,2.0,1.9772727272727273,1.4772727272727273,1.829268292682927,-1.829268292682927,-5.194761640798227,157.90933031845478
2021-10-02,Manchester United,Everton,1,1,D,13,12,6,2,10,9,10,1,1,1.0,0,0.0,2021,H,,,1,0.0,0.0,0.0,0,1,1.3333333333333333,1.9555555555555555,1.6222222222222222,1.829268292682927,-0.8292682926829269,-2.4665040650406502,155.44282625341413
2021-10-16,Manchester United,Leicester City,2,4,H,22,18,11,6,5,17,4,3,3,,0,,2021,A,0.0,0.0,0,0.0,0.0,0.0,0,3,0.3333333333333333,1.9130434782608696,1.673913043478261,1.829268292682927,-1.829268292682927,-5.474257688229057,149.96856856518508
2021-10-24,Manchester United,Liverpool,0,5,A,12,19,4,8,10,8,6,3,6,0.0,1,0.0,2021,H,,,0,0.0,0.0,0.0,0,8,0.3333333333333333,1.872340425531915,1.9148936170212767,1.829268292682927,-1.829268292682927,-6.760404774260509,143.20816379092457
2021-10-30,Manchester United,Tottenham Hotspur,3,0,A,9,10,0,4,12,14,10,2,3,,0,,2021,A,2.0,0.0,3,0.0,0.0,0.0,1,3,1.0,1.8958333333333333,1.6041666666666667,1.829268292682927,1.170731707317073,2.8362042682926827,146.04436805921725
2021-11-06,Manchester United,Manchester City,0,2,A,5,16,1,5,9,12,1,9,1,2.0,0,0.0,2021,H,,,0,0.0,0.0,0.0,0,1,1.0,1.8571428571428572,2.2244897959183674,1.829268292682927,-1.829268292682927,-5.056844201095073,140.9875238581222
2021-11-20,Manchester United,Watford,1,4,H,20,9,7,3,7,5,9,3,1,,1,,2021,A,2.0,0.0,0,0.0,0.0,0.0,0,3,1.0,1.82,1.0833333333333333,1.829268292682927,-1.829268292682927,-5.385670731707317,135.60185312641485
2021-11-28,Manchester United,Chelsea,1,1,D,24,3,6,2,13,14,15,2,5,,0,,2021,A,2.0,0.0,1,0.0,0.0,0.0,0,5,0.3333333333333333,1.803921568627451,1.9019607843137256,1.829268292682927,-0.8292682926829269,-3.5084648493543757,132.09338827706048
2021-12-02,Manchester United,Arsenal,3,2,H,14,17,10,8,9,10,3,8,1,0.0,0,0.0,2021,H,,,3,0.0,0.0,0.0,0,1,1.3333333333333333,1.8269230769230769,1.6153846153846154,1.829268292682927,1.170731707317073,2.5345215759849906,134.62790985304548
2021-12-05,Manchester United,Crystal Palace,1,0,H,16,8,3,2,16,9,9,6,2,2.0,0,0.0,2021,H,,,3,0.0,0.0,0.0,1,2,2.3333333333333335,1.849056603773585,1.1320754716981132,1.829268292682927,1.170731707317073,3.1570179475379656,137.78492780058343
2021-12-11,Manchester United,Norwich City,1,0,A,11,13,5,5,6,17,8,6,1,,0,,2021,A,1.0,0.0,3,0.0,0.0,0.0,1,1,3.0,1.8703703703703705,0.625,1.829268292682927,1.170731707317073,3.4830792682926828,141.26800706887613
2021-12-27,Manchester United,Newcastle United,1,1,D,13,13,8,4,11,8,2,4,3,,0,,2021,A,3.0,0.0,1,0.0,0.0,0.0,0,3,2.3333333333333335,1.8545454545454545,0.9824561403508772,1.829268292682927,-0.8292682926829269,-2.8705391527599486,138.39746791611617
2021-12-30,Manchester United,Burnley,3,1,H,18,10,6,3,5,10,7,5,0,0.0,0,0.0,2021,H,,,3,0.0,0.0,0.0,0,0,2.3333333333333335,1.875,0.925925925925926,1.829268292682927,1.170731707317073,2.887940379403794,141.28540829551997
2022-01-03,Manchester United,Wolverhampton Wanderers,0,1,A,9,19,2,6,9,8,3,8,3,1.0,0,0.0,2022,H,,,0,0.0,0.0,0.0,0,3,1.3333333333333333,1.8421052631578947,1.280701754385965,1.6388888888888888,-1.6388888888888888,-4.939327485380117,136.34608081013985
2022-01-15,Manchester United,Aston Villa,2,2,D,13,13,9,6,8,13,3,6,2,,0,,2022,A,1.0,0.0,1,0.0,0.0,0.0,0,2,1.3333333333333333,1.827586206896552,1.3448275862068966,1.6388888888888888,-0.6388888888888888,-2.198946360153257,134.1471344499866
2022-01-19,Manchester United,Brentford,3,1,A,18,13,8,5,7,9,6,9,0,,0,,2022,A,0.0,0.0,3,0.0,0.0,0.0,0,0,1.3333333333333333,1.847457627118644,1.0454545454545454,1.6388888888888888,1.3611111111111112,3.345959595959596,137.49309404594618
2022-01-22,Manchester United,West Ham United,1,0,H,18,6,3,1,9,8,3,3,1,1.0,0,0.0,2022,H,,,3,0.0,0.0,0.0,1,1,2.3333333333333335,1.8666666666666667,1.6721311475409837,1.6388888888888888,1.3611111111111112,3.80195810564663,141.2950521515928
2022-02-08,Manchester United,Burnley,1,1,D,9,22,3,5,11,10,2,10,1,,0,,2022,A,2.0,0.0,1,0.0,0.0,0.0,0,1,2.3333333333333335,1.852459016393443,0.913793103448276,1.6388888888888888,-0.6388888888888888,-1.8842911877394635,139.41076096385336
2022-02-12,Manchester United,Southampton,1,1,D,12,13,8,4,12,13,1,4,4,0.0,0,0.0,2022,H,,,1,0.0,0.0,0.0,0,4,1.6666666666666667,1.8387096774193548,1.1612903225806452,1.6388888888888888,-0.6388888888888888,-2.671415770609319,136.73934519324402
2022-02-15,Manchester United,Brighton and Hove Albion,2,0,H,19,10,7,3,8,10,10,2,3,1.0,0,1.0,2022,H,,,3,0.0,0.0,0.0,1,3,1.6666666666666667,1.8571428571428572,1.1935483870967742,1.6388888888888888,1.3611111111111112,3.3737455197132613,140.1130907129573
2022-02-20,Manchester United,Leeds United,4,2,A,16,15,6,9,13,19,3,3,3,,0,,2022,A,6.0,0.0,3,0.0,0.0,0.0,0,3,2.3333333333333335,1.875,1.3225806451612905,1.6388888888888888,1.3611111111111112,2.5543906810035844,142.66748139396088
2022-02-26,Manchester United,Watford,0,0,D,22,10,3,2,2,7,4,3,0,0.0,0,0.0,2022,H,,,1,0.0,0.0,0.0,1,0,2.3333333333333335,1.8615384615384616,0.7307692307692307,1.6388888888888888,-0.6388888888888888,-0.8068376068376066,141.86064378712328
2022-03-06,Manchester United,Manchester City,1,4,H,24,5,10,2,10,14,9,3,1,,0,,2022,A,0.0,0.0,0,0.0,0.0,0.0,0,1,1.3333333333333333,1.8333333333333333,2.3484848484848486,1.6388888888888888,-1.6388888888888888,-4.59949494949495,137.26114883762833
2022-03-12,Manchester United,Tottenham Hotspur,3,2,H,10,10,6,3,8,7,4,5,2,1.0,0,0.0,2022,H,,,3,0.0,0.0,0.0,0,2,1.3333333333333333,1.8507462686567164,1.646153846153846,1.6388888888888888,1.3611111111111112,2.7558547008547007,140.017003538483
2022-04-02,Manchester United,Leicester City,1,1,D,11,11,5,3,13,6,6,5,2,2.0,0,0.0,2022,H,,,1,0.0,0.0,0.0,0,2,1.3333333333333333,1.838235294117647,1.5606060606060606,1.6388888888888888,-0.6388888888888888,-2.231313131313131,137.78569040716988
2022-04-09,Manchester United,Everton,0,1,H,7,12,3,4,4,10,5,7,2,,0,,2022,A,2.0,0.0,0,0.0,0.0,0.0,0,2,1.3333333333333333,1.8115942028985508,1.2794117647058822,1.6388888888888888,-1.6388888888888888,-4.6891339869281055,133.09655642024177
2022-04-16,Manchester United,Norwich City,3,2,H,20,15,9,4,7,6,6,7,0,0.0,0,0.0,2022,H,,,3,0.0,0.0,0.0,0,0,1.3333333333333333,1.8285714285714283,0.65625,1.6388888888888888,1.3611111111111112,3.4043402777777776,136.50089669801957
2022-04-19,Manchester United,Liverpool,0,4,H,14,2,5,1,3,6,10,2,2,,0,,2022,A,1.0,0.0,0,0.0,0.0,0.0,0,2,1.0,1.8028169014084507,2.0714285714285716,1.6388888888888888,-1.6388888888888888,-4.807936507936509,131.69296019008306
2022-04-23,Manchester United,Arsenal,1,3,H,14,14,7,5,9,12,1,7,4,,0,,2022,A,3.0,0.0,0,0.0,0.0,0.0,0,4,1.0,1.7777777777777777,1.704225352112676,1.6388888888888888,-1.6388888888888888,-5.252856025039124,126.44010416504392
2022-04-28,Manchester United,Chelsea,1,1,D,6,21,3,6,9,12,2,9,0,1.0,0,0.0,2022,H,,,1,0.0,0.0,0.0,0,0,0.3333333333333333,1.7671232876712328,1.8732394366197185,1.6388888888888888,-0.6388888888888888,-1.7782081377151797,124.66189602732874
2022-05-02,Manchester United,Brentford,3,0,H,9,12,5,4,4,6,3,8,1,0.0,0,0.0,2022,H,,,3,0.0,0.0,0.0,1,1,1.3333333333333333,1.7837837837837838,1.1428571428571428,1.6388888888888888,1.3611111111111112,3.8813492063492063,128.54324523367796
2022-05-07,Manchester United,Brighton and Hove Albion,0,4,H,17,15,6,5,13,9,7,6,2,,0,,2022,A,0.0,0.0,0,0.0,0.0,0.0,0,2,1.3333333333333333,1.76,1.1891891891891893,1.6388888888888888,-1.6388888888888888,-4.6756006006006015,123.86764463307735
2022-05-22,Manchester United,Crystal Palace,0,1,H,6,10,3,4,12,22,3,6,4,,0,,2022,A,2.0,0.0,0,0.0,0.0,0.0,0,4,1.0,1.736842105263158,1.2105263157894737,1.6388888888888888,-1.6388888888888888,-5.178801169590644,118.6888434634867
2022-08-07,Manchester United,Brighton and Hove Albion,1,2,A,17,15,5,4,7,12,6,2,4,1.0,0,0.0,2022,H,,,0,0.0,0.0,0.0,0,4,0.0,1.7142857142857142,1.2337662337662338,1.6388888888888888,-1.6388888888888888,-5.182287157287158,113.50655630619954
2022-08-13,Manchester United,Brentford,0,4,H,13,15,7,4,6,15,8,2,4,,0,,2022,A,0.0,0.0,0,0.0,0.0,0.0,0,4,0.0,1.6923076923076923,1.25,1.6388888888888888,-1.6388888888888888,-5.184722222222223,108.32183408397734
2022-08-22,Manchester United,Liverpool,2,1,H,12,17,4,5,11,7,6,8,3,1.0,0,0.0,2022,H,,,3,0.0,0.0,0.0,0,3,1.0,1.7088607594936709,2.0632911392405062,1.6388888888888888,1.3611111111111112,2.443284106891702,110.76511819086903
2022-08-27,Manchester United,Southampton,1,0,A,17,11,5,6,4,14,5,3,3,,0,,2022,A,0.0,0.0,3,0.0,0.0,0.0,1,3,2.0,1.725,1.0875,1.6388888888888888,1.3611111111111112,3.3896527777777776,114.1547709686468
2022-09-01,Manchester United,Leicester City,1,0,A,10,9,2,2,7,15,1,3,3,,0,,2022,A,1.0,0.0,3,0.0,0.0,0.0,1,3,3.0,1.7407407407407407,1.469135802469136,1.6388888888888888,1.3611111111111112,3.3324074074074073,117.48717837605422
2022-09-04,Manchester United,Arsenal,3,1,H,10,16,6,3,13,9,2,5,3,3.0,0,0.0,2022,H,,,3,0.0,0.0,0.0,0,3,3.0,1.7560975609756098,1.7682926829268293,1.6388888888888888,1.3611111111111112,2.4875338753387535,119.97471225139297
2022-10-02,Manchester United,Manchester City,3,6,H,22,12,10,8,3,9,5,1,3,,0,,2022,A,0.0,0.0,0,0.0,0.0,0.0,0,3,2.0,1.7349397590361446,2.369047619047619,1.6388888888888888,-1.6388888888888888,-5.102579365079365,114.87213288631361
2022-10-09,Manchester United,Everton,2,1,A,11,12,2,4,7,13,5,4,1,,0,,2022,A,2.0,0.0,3,0.0,0.0,0.0,0,1,2.0,1.75,1.2705882352941176,1.6388888888888888,1.3611111111111112,3.0621895424836603,117.93432242879726
2022-10-16,Manchester United,Newcastle United,0,0,D,15,9,2,2,13,11,4,4,3,1.0,0,0.0,2022,H,,,1,0.0,0.0,0.0,1,3,1.3333333333333333,1.741176470588235,1.2674418604651163,1.6388888888888888,-0.6388888888888888,-1.6373385012919894,116.29698392750527
2022-10-19,Manchester United,Tottenham Hotspur,2,0,H,28,9,10,2,7,7,8,3,1,0.0,0,0.0,2022,H,,,3,0.0,0.0,0.0,1,1,2.3333333333333335,1.755813953488372,1.793103448275862,1.6388888888888888,1.3611111111111112,3.7838122605363984,120.08079618804167
2022-10-22,Manchester United,Chelsea,1,1,D,6,13,2,6,8,10,6,4,4,,0,,2022,A,1.0,0.0,1,0.0,0.0,0.0,0,4,1.6666666666666667,1.7471264367816093,1.862068965517241,1.6388888888888888,-0.6388888888888888,-2.7765325670498084,117.30426362099186
2022-10-30,Manchester United,West Ham United,1,0,H,16,13,3,5,12,10,5,10,1,3.0,0,0.0,2022,H,,,3,0.0,0.0,0.0,1,1,2.3333333333333335,1.7613636363636365,1.5168539325842696,1.6388888888888888,1.3611111111111112,3.825249687890137,121.129513308882
2022-11-06,Manchester United,Aston Villa,1,3,H,6,8,4,3,6,12,3,5,3,,0,,2022,A,3.0,0.0,0,0.0,0.0,0.0,0,3,1.3333333333333333,1.7415730337078652,1.2777777777777777,1.6388888888888888,-1.6388888888888888,-4.938888888888889,116.19062441999311
2022-11-13,Manchester United,Fulham,2,1,A,14,14,7,9,9,10,10,3,1,,0,,2022,A,1.0,0.0,3,0.0,0.0,0.0,0,1,2.0,1.7555555555555555,0.8867924528301887,1.6388888888888888,1.3611111111111112,3.1197589098532497,119.31038332984636
2022-12-27,Manchester United,Nottingham Forest,3,0,H,17,8,8,3,13,4,9,9,3,1.0,0,0.0,2022,H,,,3,0.0,0.0,0.0,1,3,2.0,1.7692307692307692,0.8125,1.6388888888888888,1.3611111111111112,3.4309027777777774,122.74128610762413
2022-12-31,Manchester United,Wolverhampton Wanderers,1,0,A,10,16,3,6,11,11,7,5,3,,0,,2022,A,1.0,0.0,3,0.0,0.0,0.0,1,3,3.0,1.7826086956521738,1.1720430107526882,1.6388888888888888,1.3611111111111112,3.3769713261648744,126.11825743378901
2023-01-03,Manchester United,Bournemouth,3,0,H,18,7,6,4,13,7,6,5,0,3.0,0,0.0,2023,H,,,3,0.0,0.0,0.0,1,0,3.0,1.7956989247311828,0.8888888888888888,1.7619047619047619,1.2380952380952381,3.8619047619047624,129.98016219569377
2023-01-14,Manchester United,Manchester City,2,1,H,8,5,4,1,15,5,1,2,3,0.0,0,0.0,2023,H,,,3,0.0,0.0,0.0,0,3,3.0,1.8085106382978724,2.3191489361702127,1.7619047619047619,1.2380952380952381,2.0973657548125635,132.07752795050635
2023-01-18,Manchester United,Crystal Palace,1,1,D,10,15,5,4,9,10,3,3,2,,0,,2023,A,1.0,0.0,1,0.0,0.0,0.0,0,2,2.3333333333333335,1.8,1.2105263157894737,1.7619047619047619,-0.7619047619047619,-2.4863408521303256,129.591187098376
2023-01-22,Manchester United,Arsenal,2,3,H,25,6,5,4,8,9,12,4,2,,0,,2023,A,1.0,0.0,0,0.0,0.0,0.0,0,2,1.3333333333333333,1.78125,1.894736842105263,1.7619047619047619,-1.7619047619047619,-5.0889724310776945,124.50221466729832
2023-02-04,Manchester United,Crystal Palace,2,1,H,14,10,5,3,9,9,5,5,1,2.0,1,0.0,2023,H,,,3,0.0,0.0,0.0,0,3,1.3333333333333333,1.7938144329896908,1.1958762886597938,1.7619047619047619,1.2380952380952381,2.2658566519391266,126.76807131923744
2023-02-08,Manchester United,Leeds United,2,2,D,24,8,7,2,7,11,6,5,1,3.0,0,0.0,2023,H,,,1,0.0,0.0,0.0,0,1,1.3333333333333333,1.7857142857142858,1.1958762886597938,1.7619047619047619,-0.7619047619047619,-2.2341433480608734,124.53392797117657
2023-02-12,Manchester United,Leeds United,2,0,A,16,11,6,5,10,13,7,3,1,,0,,2023,A,2.0,0.0,3,0.0,0.0,0.0,1,1,2.3333333333333335,1.797979797979798,1.183673469387755,1.7619047619047619,1.2380952380952381,3.5676870748299323,128.1016150460065
2023-02-19,Manchester United,Leicester City,3,0,H,26,19,8,3,9,9,6,6,0,2.0,0,0.0,2023,H,,,3,0.0,0.0,0.0,1,0,2.3333333333333335,1.81,1.4343434343434345,1.7619047619047619,1.2380952380952381,3.7800865800865804,131.88170162609308
2023-03-05,Manchester United,Liverpool,0,7,H,18,8,8,4,13,14,4,3,3,,0,,2023,A,2.0,0.0,0,0.0,0.0,0.0,0,3,2.0,1.792079207920792,2.00990099009901,1.7619047619047619,-1.7619047619047619,-5.356247053276757,126.52545457281633
2023-03-12,Manchester United,Southampton,0,0,D,10,17,4,4,12,9,7,8,2,0.0,0,0.0,2023,H,,,1,0.0,0.0,0.0,1,2,1.3333333333333333,1.7843137254901962,1.0294117647058822,1.7619047619047619,-0.7619047619047619,-1.6591736694677868,124.86628090334855
2023-04-02,Manchester United,Newcastle United,0,2,H,22,6,6,1,8,12,7,4,0,,0,,2023,A,0.0,0.0,0,0.0,0.0,0.0,0,0,0.3333333333333333,1.766990291262136,1.3980582524271843,1.7619047619047619,-1.7619047619047619,-4.514470642625983,120.35181026072257
2023-04-05,Manchester United,Brentford,1,0,H,18,6,3,1,8,13,12,3,3,2.0,0,0.0,2023,H,,,3,0.0,0.0,0.0,1,3,1.3333333333333333,1.7788461538461535,1.328358208955224,1.7619047619047619,1.2380952380952381,3.0459843638948123,123.39779462461738
2023-04-08,Manchester United,Everton,2,0,H,29,15,11,1,10,9,10,4,0,0.0,0,0.0,2023,H,,,3,0.0,0.0,0.0,1,0,2.0,1.7904761904761906,1.179245283018868,1.7619047619047619,1.2380952380952381,3.8183513027852656,127.21614592740264
2023-04-16,Manchester United,Nottingham Forest,2,0,A,6,22,0,8,9,9,4,9,2,,0,,2023,A,2.0,0.0,3,0.0,0.0,0.0,1,2,3.0,1.80188679245283,0.8709677419354839,1.7619047619047619,1.2380952380952381,3.364592933947773,130.58073886135043
2023-04-27,Manchester United,Tottenham Hotspur,2,2,D,18,17,7,8,8,7,6,8,2,,0,,2023,A,1.0,0.0,1,0.0,0.0,0.0,0,2,2.3333333333333335,1.794392523364486,1.7155963302752293,1.7619047619047619,-0.7619047619047619,-2.562101354303189,128.01863750704723
2023-04-30,Manchester United,Aston Villa,1,0,H,14,7,6,1,16,7,1,4,2,0.0,0,0.0,2023,H,,,3,0.0,0.0,0.0,1,2,2.3333333333333335,1.8055555555555556,1.4,1.7619047619047619,1.2380952380952381,3.2852380952380957,131.30387560228533
2023-05-04,Manchester United,Brighton and Hove Albion,0,1,H,22,16,6,5,10,14,8,6,4,,0,,2023,A,4.0,0.0,0,0.0,0.0,0.0,0,4,1.3333333333333333,1.788990825688073,1.3611111111111112,1.7619047619047619,-1.7619047619047619,-5.508928571428572,125.79494703085675
2023-05-07,Manchester United,West Ham United,0,1,H,15,19,4,4,4,9,5,6,2,,0,,2023,A,0.0,0.0,0,0.0,0.0,0.0,0,2,1.0,1.7727272727272727,1.423423423423423,1.7619047619047619,-1.7619047619047619,-5.018275418275419,120.77667161258132
2023-05-13,Manchester United,Wolverhampton Wanderers,2,0,H,27,5,9,0,9,9,11,7,3,2.0,0,0.0,2023,H,,,3,0.0,0.0,0.0,1,3,1.0,1.7837837837837838,1.2142857142857142,1.7619047619047619,1.2380952380952381,3.0630952380952388,123.83976685067657
2023-05-20,Manchester United,Bournemouth,1,0,A,10,20,4,5,6,7,3,6,0,,0,,2023,A,1.0,0.0,3,0.0,0.0,0.0,1,0,2.0,1.7946428571428572,1.054054054054054,1.7619047619047619,1.2380952380952381,3.8371299871299875,127.67689683780655
2023-05-25,Manchester United,Chelsea,4,1,H,18,14,9,5,12,6,3,4,1,1.0,0,0.0,2023,H,,,3,0.0,0.0,0.0,0,1,3.0,1.8053097345132745,1.6283185840707963,1.7619047619047619,1.2380952380952381,2.700990307627476,130.37788714543402
2023-05-28,Manchester United,Fulham,2,1,H,21,10,8,3,14,10,5,4,1,2.0,0,0.0,2023,H,,,3,0.0,0.0,0.0,0,1,3.0,1.8157894736842104,1.0526315789473684,1.7619047619047619,1.2380952380952381,2.78734335839599,133.16523050383
2023-08-14,Manchester United,Wolverhampton Wanderers,1,0,H,15,23,3,6,14,10,8,7,2,3.0,0,0.0,2023,H,,,3,0.0,0.0,0.0,1,2,3.0,1.826086956521739,1.191304347826087,1.7619047619047619,1.2380952380952381,3.3165424430641828,136.4817729468942
2023-08-19,Manchester United,Tottenham Hotspur,0,2,H,17,22,6,6,9,8,5,6,3,,0,,2023,A,1.0,0.0,0,0.0,0.0,0.0,0,3,2.0,1.8103448275862069,1.6982758620689655,1.7619047619047619,-1.7619047619047619,-5.3095032840722505,131.17226966282195
2023-08-26,Manchester United,Nottingham Forest,3,2,H,18,9,9,4,13,11,11,3,4,4.0,0,1.0,2023,H,,,3,0.0,0.0,0.0,0,4,2.0,1.8205128205128205,1.0,1.7619047619047619,1.2380952380952381,2.0452380952380955,133.21750775806004
2023-09-03,Manchester United,Arsenal,1,3,H,17,10,5,2,8,7,12,3,3,,0,,2023,A,2.0,0.0,0,0.0,0.0,0.0,0,3,1.0,1.805084745762712,1.8983050847457628,1.7619047619047619,-1.7619047619047619,-5.33950766747377,127.87800009058628
2023-09-16,Manchester United,Brighton and Hove Albion,1,3,A,14,10,4,8,8,9,8,1,2,2.0,0,0.0,2023,H,,,0,0.0,0.0,0.0,0,2,1.0,1.7899159663865547,1.3949579831932772,1.7619047619047619,-1.7619047619047619,-5.014005602240897,122.86399448834538
2023-09-23,Manchester United,Burnley,1,0,A,12,11,4,4,6,12,9,5,2,,0,,2023,A,1.0,0.0,3,0.0,0.0,0.0,1,2,1.0,1.8,0.925925925925926,1.7619047619047619,1.2380952380952381,3.356349206349207,126.22034369469458
2023-09-30,Manchester United,Crystal Palace,0,1,A,19,8,4,2,10,8,10,4,3,2.0,0,0.0,2023,H,,,0,0.0,0.0,0.0,0,3,1.0,1.7851239669421488,1.2231404958677683,1.7619047619047619,-1.7619047619047619,-5.2382329791420705,120.98211071555252
2023-10-07,Manchester United,Brentford,2,1,H,21,11,8,3,10,17,7,5,0,5.0,0,0.0,2023,H,,,3,0.0,0.0,0.0,0,0,2.0,1.7950819672131149,1.3333333333333333,1.7619047619047619,1.2380952380952381,2.9952380952380953,123.9773488107906
2023-10-21,Manchester United,Sheffield United,2,1,A,12,14,6,5,12,10,5,4,1,,0,,2023,A,3.0,0.0,3,0.0,0.0,0.0,0,1,2.0,1.804878048780488,0.5106382978723404,1.7619047619047619,1.2380952380952381,2.8686423505572445,126.84599116134785
2023-10-29,Manchester United,Manchester City,0,3,A,7,21,3,10,9,4,7,12,4,1.0,0,0.0,2023,H,,,0,0.0,0.0,0.0,0,4,2.0,1.7903225806451613,2.3548387096774195,1.7619047619047619,-1.7619047619047619,-5.657987711213519,121.18800345013433
2023-11-04,Manchester United,Fulham,1,0,A,18,12,3,5,9,15,9,4,2,,0,,2023,A,5.0,0.0,3,0.0,0.0,0.0,1,2,2.0,1.8,1.057471264367816,1.7619047619047619,1.2380952380952381,3.336617405582923,124.52462085571725
2023-11-11,Manchester United,Luton Town,1,0,H,15,10,4,4,9,11,11,3,0,2.0,0,0.0,2023,H,,,3,0.0,0.0,0.0,1,0,2.0,1.8095238095238095,0.5,1.7619047619047619,1.2380952380952381,3.9202380952380955,128.44485895095534
2023-11-26,Manchester United,Everton,3,0,A,24,9,6,4,10,8,6,5,0,,0,,2023,A,3.0,0.0,3,0.0,0.0,0.0,1,0,3.0,1.8188976377952757,1.1653543307086611,1.7619047619047619,1.2380952380952381,3.8204349456317965,132.26529389658714
2023-12-02,Manchester United,Newcastle United,0,1,H,22,8,4,1,6,13,7,3,2,,0,,2023,A,1.0,0.0,0,0.0,0.0,0.0,0,2,2.0,1.8046875,1.4921875,1.7619047619047619,-1.7619047619047619,-5.028590029761905,127.23670386682524
2023-12-06,Manchester United,Chelsea,2,1,H,28,13,9,3,12,12,12,4,4,0.0,0,0.0,2023,H,,,3,0.0,0.0,0.0,0,4,2.0,1.813953488372093,1.5813953488372092,1.7619047619047619,1.2380952380952381,1.958028792912514,129.19473265973775
2023-12-09,Manchester United,Bournemouth,0,3,A,20,10,3,4,7,10,10,4,3,1.0,0,0.0,2023,H,,,0,0.0,0.0,0.0,0,3,1.0,1.8,1.0740740740740742,1.7619047619047619,-1.7619047619047619,-5.215873015873017,123.97885964386474
2023-12-17,Manchester United,Liverpool,0,0,D,34,6,8,1,13,8,12,0,4,,1,,2023,A,2.0,0.0,1,0.0,0.0,0.0,1,6,1.3333333333333333,1.7938931297709924,2.030534351145038,1.7619047619047619,-0.7619047619047619,-2.80934205743366,121.16951758643108
2023-12-23,Manchester United,West Ham United,0,2,H,12,11,5,3,13,15,4,4,3,,0,,2023,A,2.0,0.0,0,0.0,0.0,0.0,0,3,0.3333333333333333,1.7803030303030305,1.446969696969697,1.7619047619047619,-1.7619047619047619,-5.27180735930736,115.89771022712372
2023-12-26,Manchester United,Aston Villa,3,2,H,13,10,7,4,10,10,3,6,1,3.0,0,0.0,2023,H,,,3,0.0,0.0,0.0,0,1,1.3333333333333333,1.7894736842105263,1.5037593984962403,1.7619047619047619,1.2380952380952381,2.7196741854636595,118.61738441258737
2023-12-30,Manchester United,Nottingham Forest,1,2,H,8,10,2,5,9,11,4,5,4,,0,,2023,A,2.0,0.0,0,0.0,0.0,0.0,0,4,1.0,1.7761194029850746,1.0,1.7619047619047619,-1.7619047619047619,-5.454761904761906,113.16262250782547
2024-01-14,Manchester United,Tottenham Hotspur,2,2,D,9,16,2,6,8,5,8,13,2,1.0,0,0.0,2024,H,,,1,0.0,0.0,0.0,0,2,1.3333333333333333,1.7703703703703704,1.725925925925926,1.3783783783783783,-0.3783783783783783,-1.6048348348348345,111.55778767299064
2024-02-01,Manchester United,Wolverhampton Wanderers,4,3,A,16,21,7,8,10,10,4,5,5,,0,,2024,A,2.0,0.0,3,0.0,0.0,0.0,0,5,1.3333333333333333,1.7794117647058822,1.2205882352941178,1.3783783783783783,1.6216216216216217,2.720965818759937,114.27875349175058
2024-02-04,Manchester United,West Ham United,3,0,H,12,22,5,3,10,5,5,8,0,1.0,0,0.0,2024,H,,,3,0.0,0.0,0.0,1,0,2.3333333333333335,1.7883211678832116,1.437956204379562,1.3783783783783783,1.6216216216216217,4.73836062339712,119.0171141151477
2024-02-11,Manchester United,Aston Villa,2,1,A,23,17,10,5,9,7,10,8,2,,0,,2024,A,3.0,0.0,3,0.0,0.0,0.0,0,2,3.0,1.7971014492753623,1.5,1.3783783783783783,1.6216216216216217,3.4290540540540544,122.44616816920175
2024-02-18,Manchester United,Luton Town,2,1,A,22,21,4,9,7,21,8,6,5,,0,,2024,A,3.0,0.0,3,0.0,0.0,0.0,0,5,3.0,1.8057553956834531,0.8333333333333334,1.3783783783783783,1.6216216216216217,2.7790540540540545,125.22522222325581
2024-02-24,Manchester United,Fulham,1,2,A,21,17,9,5,6,11,10,9,2,5.0,0,0.0,2024,H,,,0,0.0,0.0,0.0,0,2,2.0,1.792857142857143,1.0980392156862746,1.3783783783783783,-1.3783783783783783,-4.0106518282988874,121.21457039495692
2024-03-03,Manchester United,Manchester City,1,3,H,27,3,8,1,5,10,15,2,1,,0,,2024,A,0.0,0.0,0,0.0,0.0,0.0,0,1,1.0,1.7801418439716312,2.3404255319148937,1.3783783783783783,-1.3783783783783783,-3.94700977573318,117.26756061922374
2024-03-09,Manchester United,Everton,2,0,H,15,23,8,6,13,11,5,8,1,2.0,0,0.0,2024,H,,,3,0.0,0.0,0.0,1,1,1.0,1.7887323943661972,1.1619718309859155,1.3783783783783783,1.6216216216216217,4.529758279406167,121.79731889862991
2024-03-30,Manchester United,Brentford,1,1,D,31,11,5,5,7,14,14,4,2,,0,,2024,A,2.0,0.0,1,0.0,0.0,0.0,0,2,1.3333333333333333,1.7832167832167831,1.2452830188679245,1.3783783783783783,-0.3783783783783783,-1.5327383987761343,120.26458049985378
2024-04-04,Manchester United,Chelsea,3,4,H,28,19,10,5,7,15,12,3,0,,0,,2024,A,3.0,0.0,0,0.0,0.0,0.0,0,0,1.3333333333333333,1.7708333333333333,1.5944055944055944,1.3783783783783783,-1.3783783783783783,-3.5851067851067846,116.67947371474699
2024-04-07,Manchester United,Liverpool,2,2,D,9,28,5,7,9,10,6,11,5,2.0,0,0.0,2024,H,,,1,0.0,0.0,0.0,0,5,0.6666666666666666,1.7655172413793103,2.0620689655172413,1.3783783783783783,-0.3783783783783783,-2.4052562907735315,114.27421742397345
2024-04-13,Manchester United,Bournemouth,2,2,D,20,8,5,2,13,14,7,2,0,,0,,2024,A,4.0,0.0,1,0.0,0.0,0.0,0,0,0.6666666666666666,1.7602739726027397,1.1571428571428573,1.3783783783783783,-0.3783783783783783,-1.0195173745173742,113.25470004945609
2024-04-24,Manchester United,Sheffield United,4,2,H,25,10,13,4,7,9,9,4,0,1.0,0,0.0,2024,H,,,3,0.0,0.0,0.0,0,0,1.6666666666666667,1.7687074829931972,0.5416666666666666,1.3783783783783783,1.6216216216216217,4.072804054054054,117.32750410351014
2024-04-27,Manchester United,Burnley,1,1,D,27,16,10,7,7,11,6,5,1,3.0,0,0.0,2024,H,,,1,0.0,0.0,0.0,0,1,1.6666666666666667,1.7635135135135136,0.8828828828828829,1.3783783783783783,-0.3783783783783783,-1.228378378378378,116.09912572513176
2024-05-06,Manchester United,Crystal Palace,0,4,H,18,7,10,2,12,8,6,3,1,,0,,2024,A,1.0,0.0,0,0.0,0.0,0.0,0,1,1.3333333333333333,1.751677852348993,1.2,1.3783783783783783,-1.3783783783783783,-3.7759459459459457,112.3231797791858
2024-05-12,Manchester United,Arsenal,0,1,A,14,11,2,5,5,6,4,7,0,2.0,0,0.0,2024,H,,,0,0.0,0.0,0.0,0,0,0.3333333333333333,1.74,1.9867549668874172,1.3783783783783783,-1.3783783783783783,-3.643959190979058,108.67922058820675
2024-05-15,Manchester United,Newcastle United,3,2,H,17,21,8,8,16,7,9,9,3,3.0,0,0.0,2024,H,,,3,0.0,0.0,0.0,0,3,1.0,1.7483443708609272,1.4701986754966887,1.3783783783783783,1.6216216216216217,3.1835242527295513,111.8627448409363
2024-05-19,Manchester United,Brighton and Hove Albion,2,0,A,17,11,3,4,10,9,7,5,3,,0,,2024,A,1.0,0.0,3,0.0,0.0,0.0,1,3,2.0,1.756578947368421,1.3289473684210529,1.3783783783783783,1.6216216216216217,4.004711948790896,115.8674567897272
2024-08-16,Manchester United,Fulham,1,0,H,14,10,5,2,12,10,7,8,2,3.0,0,0.0,2024,H,,,3,0.0,0.0,0.0,1,2,3.0,1.7647058823529411,1.1043478260869566,1.3783783783783783,1.6216216216216217,4.28840188014101,120.15585866986821
2024-08-24,Manchester United,Brighton and Hove Albion,1,2,H,14,11,5,4,9,13,4,4,2,,0,,2024,A,1.0,0.0,0,0.0,0.0,0.0,0,2,2.0,1.7532467532467533,1.3506493506493509,1.3783783783783783,-1.3783783783783783,-4.048543348543348,116.10731532132486
2024-09-01,Manchester United,Liverpool,0,3,A,8,11,3,3,7,7,5,2,4,1.0,0,0.0,2024,H,,,0,0.0,0.0,0.0,0,4,1.0,1.7419354838709675,2.0580645161290323,1.3783783783783783,-1.3783783783783783,-4.654655623365301,111.45265969795956
2024-09-14,Manchester United,Southampton,3,0,A,6,20,4,10,11,14,0,7,4,,0,,2024,A,1.0,1.0,3,0.0,0.0,0.0,1,4,1.0,1.75,0.9152542372881356,1.3783783783783783,1.6216216216216217,3.816765918460834,115.26942561642039
2024-09-21,Manchester United,Crystal Palace,0,0,D,9,15,4,6,7,12,4,11,1,,0,,2024,A,3.0,0.0,1,0.0,0.0,0.0,1,1,1.3333333333333333,1.7452229299363058,1.2038216560509554,1.3783783783783783,-0.3783783783783783,-0.476519194353589,114.7929064220668
2024-09-29,Manchester United,Tottenham Hotspur,0,3,A,11,24,2,10,16,14,5,3,5,3.0,1,0.0,2024,H,,,0,0.0,0.0,0.0,0,7,1.3333333333333333,1.7341772151898731,1.7025316455696202,1.3783783783783783,-1.3783783783783783,-5.351325692781389,109.44158072928542
2024-10-06,Manchester United,Aston Villa,0,0,D,11,10,1,4,12,11,6,3,5,,0,,2024,A,1.0,0.0,1,0.0,0.0,0.0,1,5,0.6666666666666666,1.729559748427673,1.528301886792453,1.3783783783783783,-0.3783783783783783,-1.5251912289648137,107.9163895003206
2024-10-19,Manchester United,Brentford,2,1,H,23,8,11,2,14,5,9,2,2,2.0,0,0.0,2024,H,,,3,0.0,0.0,0.0,0,2,1.3333333333333333,1.7375,1.2622950819672132,1.3783783783783783,1.6216216216216217,3.4647097917589726,111.38109929207957
2024-10-27,Manchester United,West Ham United,1,2,H,12,18,3,5,6,7,6,5,1,,0,,2024,A,5.0,0.0,0,0.0,0.0,0.0,0,1,1.3333333333333333,1.7267080745341614,1.391304347826087,1.3783783783783783,-1.3783783783783783,-3.8046415981198587,107.57645769395971
2024-11-03,Manchester United,Chelsea,1,1,D,11,12,4,3,19,14,4,8,6,2.0,0,0.0,2024,H,,,1,0.0,0.0,0.0,0,6,1.3333333333333333,1.7222222222222223,1.6419753086419753,1.3783783783783783,-0.3783783783783783,-2.592242242242242,104.98421545171746
2024-11-10,Manchester United,Leicester City,3,0,H,13,6,3,5,9,5,1,5,0,1.0,0,0.0,2024,H,,,3,0.0,0.0,0.0,1,0,1.3333333333333333,1.7300613496932515,1.296,1.3783783783783783,1.6216216216216217,4.759654054054054,109.74386950577153
2024-11-24,Manchester United,Ipswich Town,1,1,D,11,11,6,4,11,10,4,3,0,,0,,2024,A,0.0,0.0,1,0.0,0.0,0.0,0,0,1.6666666666666667,1.725609756097561,0.75,1.3783783783783783,-0.3783783783783783,-0.9584459459459457,108.78542355982557
2024-12-01,Manchester United,Everton,4,0,H,11,8,5,2,12,12,2,2,2,3.0,0,0.0,2024,H,,,3,0.0,0.0,0.0,1,2,2.3333333333333335,1.7333333333333334,1.1696969696969697,1.3783783783783783,1.6216216216216217,4.278599508599508,113.06402306842509
2024-12-04,Manchester United,Arsenal,0,2,H,14,5,6,2,12,8,13,0,3,,0,,2024,A,1.0,0.0,0,0.0,0.0,0.0,0,3,1.3333333333333333,1.7228915662650603,1.9939759036144575,1.3783783783783783,-1.3783783783783783,-4.395042331488114,108.66898073693696
2024-12-07,Manchester United,Nottingham Forest,2,3,A,17,11,7,3,10,13,5,3,0,2.0,0,0.0,2024,H,,,0,0.0,0.0,0.0,0,0,1.0,1.7125748502994012,1.0879120879120878,1.3783783783783783,-1.3783783783783783,-3.5091327591327586,105.1598479778042
2024-12-15,Manchester United,Manchester City,2,1,A,10,10,3,3,5,14,8,2,1,,0,,2024,A,1.0,0.0,3,0.0,0.0,0.0,0,1,1.0,1.7202380952380951,2.297619047619047,1.3783783783783783,1.6216216216216217,3.5594111969111975,108.7192591747154
2024-12-22,Manchester United,Bournemouth,0,3,A,23,10,7,5,11,11,13,1,1,3.0,0,0.0,2024,H,,,0,0.0,0.0,0.0,0,1,1.0,1.7100591715976332,1.2365591397849462,1.3783783783783783,-1.3783783783783783,-3.7814298169136875,104.93782935780172
2024-12-26,Manchester United,Wolverhampton Wanderers,0,2,H,7,11,4,4,12,12,4,4,2,,1,,2024,A,2.0,0.0,0,0.0,0.0,0.0,0,4,1.0,1.7,1.1647058823529413,1.3783783783783783,-1.3783783783783783,-4.520651828298887,100.41717752950282
2024-12-30,Manchester United,Newcastle United,0,2,A,10,12,0,4,13,8,2,3,1,1.0,0,0.0,2024,H,,,0,0.0,0.0,0.0,0,1,0.0,1.6900584795321638,1.5029239766081872,1.3783783783783783,-1.3783783783783783,-3.8213845424371735,96.59579298706565
2025-01-05,Manchester United,Liverpool,2,2,D,19,13,6,4,10,13,6,9,4,,0,,2025,A,2.0,0.0,1,0.0,0.0,0.0,0,4,0.3333333333333333,1.686046511627907,2.08187134502924,1.2666666666666666,-0.2666666666666666,-1.8789473684210525,94.7168456186446
2025-01-16,Manchester United,Southampton,3,1,H,23,13,9,5,7,10,5,4,1,3.0,0,0.0,2025,H,,,3,0.0,0.0,0.0,0,1,1.3333333333333333,1.69364161849711,0.8444444444444444,1.2666666666666666,1.7333333333333334,4.0566666666666675,98.77351228531126
2025-01-19,Manchester United,Brighton and Hove Albion,1,3,A,10,6,1,3,13,12,4,2,3,3.0,0,0.0,2025,H,,,0,0.0,0.0,0.0,0,3,1.3333333333333333,1.6839080459770115,1.3563218390804597,1.2666666666666666,-1.2666666666666666,-4.0201149425287355,94.75339734278253
2025-01-26,Manchester United,Fulham,1,0,A,9,4,3,1,7,9,3,0,1,,0,,2025,A,0.0,0.0,3,0.0,0.0,0.0,1,1,2.0,1.6914285714285715,1.167883211678832,1.2666666666666666,1.7333333333333334,4.808150851581509,99.56154819436404
2025-02-02,Manchester United,Crystal Palace,0,2,A,17,11,2,3,12,13,11,0,3,1.0,0,0.0,2025,H,,,0,0.0,0.0,0.0,0,3,1.0,1.681818181818182,1.2272727272727273,1.2666666666666666,-1.2666666666666666,-4.000757575757576,95.56079061860646
2025-02-16,Manchester United,Tottenham Hotspur,0,1,H,22,16,7,6,13,9,10,5,2,,0,,2025,A,1.0,0.0,0,0.0,0.0,0.0,0,2,1.0,1.6723163841807909,1.6327683615819208,1.2666666666666666,-1.2666666666666666,-3.8115819209039548,91.7492086977025
2025-02-22,Manchester United,Everton,2,2,D,9,9,8,3,12,9,7,9,1,,0,,2025,A,4.0,0.0,1,0.0,0.0,0.0,0,1,0.3333333333333333,1.6685393258426966,1.196629213483146,1.2666666666666666,-0.2666666666666666,-0.9961610486891385,90.75304764901337
2025-02-26,Manchester United,Ipswich Town,3,2,H,10,12,6,3,9,16,5,6,4,4.0,1,0.0,2025,H,,,3,0.0,0.0,0.0,0,6,1.3333333333333333,1.675977653631285,0.6296296296296297,1.2666666666666666,1.7333333333333334,2.8388888888888895,93.59193653790226
2025-03-09,Manchester United,Arsenal,1,1,D,10,17,6,6,8,11,2,9,0,1.0,0,0.0,2025,H,,,1,0.0,0.0,0.0,0,0,1.6666666666666667,1.6722222222222225,1.988888888888889,1.2666666666666666,-0.2666666666666666,-0.8649999999999999,92.72693653790226
2025-03-16,Manchester United,Leicester City,3,0,A,11,18,3,5,6,6,6,4,0,,0,,2025,A,2.0,0.0,3,0.0,0.0,0.0,1,0,2.3333333333333335,1.6795580110497237,1.181818181818182,1.2666666666666666,1.7333333333333334,5.056060606060606,97.78299714396286
2025-04-01,Manchester United,Nottingham Forest,0,1,H,8,23,2,6,5,12,3,10,3,,0,,2025,A,1.0,0.0,0,0.0,0.0,0.0,0,3,1.3333333333333333,1.6703296703296704,1.2358490566037736,1.2666666666666666,-1.2666666666666666,-4.002044025157233,93.78095311880563
2025-04-06,Manchester United,Manchester City,0,0,D,13,9,2,5,13,9,5,3,3,2.0,0,0.0,2025,H,,,1,0.0,0.0,0.0,1,3,1.3333333333333333,1.6666666666666667,2.2459016393442623,1.2666666666666666,-0.2666666666666666,-0.8535519125683059,92.92740120623732
2025-04-13,Manchester United,Newcastle United,1,4,H,13,9,6,5,7,9,7,2,2,,0,,2025,A,0.0,0.0,0,0.0,0.0,0.0,0,2,0.3333333333333333,1.6576086956521738,1.53551912568306,1.2666666666666666,-1.2666666666666666,-3.7969945355191252,89.1304066707182
2025-04-20,Manchester United,Wolverhampton Wanderers,0,1,A,12,4,2,2,11,18,9,2,2,3.0,0,0.0,2025,H,,,0,0.0,0.0,0.0,0,2,0.3333333333333333,1.648648648648649,1.1945945945945946,1.2666666666666666,-1.2666666666666666,-3.7458558558558557,85.38455081486235
2025-04-27,Manchester United,Bournemouth,1,1,D,8,25,1,6,11,12,5,10,2,,0,,2025,A,4.0,1.0,1,0.0,0.0,0.0,0,2,0.3333333333333333,1.6451612903225807,1.2454545454545454,1.2666666666666666,-0.2666666666666666,-1.2534848484848482,84.1310659663775
2025-05-04,Manchester United,Brentford,3,4,H,12,14,6,5,8,10,7,4,2,,0,,2025,A,0.0,0.0,0,0.0,0.0,0.0,0,2,0.3333333333333333,1.6363636363636365,1.3154362416107384,1.2666666666666666,-1.2666666666666666,-3.7639821029082774,80.36708386346923
2025-05-11,Manchester United,West Ham United,0,2,A,20,9,5,4,3,13,8,5,0,1.0,0,0.0,2025,H,,,0,0.0,0.0,0.0,0,0,0.3333333333333333,1.627659574468085,1.3457446808510638,1.2666666666666666,-1.2666666666666666,-3.268528368794326,77.09855549467491
2025-05-16,Manchester United,Chelsea,0,1,H,11,4,3,1,10,14,7,2,6,,0,,2025,A,1.0,0.0,0,0.0,0.0,0.0,0,6,0.0,1.619047619047619,1.6613756613756614,1.2666666666666666,-1.2666666666666666,-4.815873015873016,72.2826824788019
2025-05-25,Manchester United,Aston Villa,2,0,H,25,6,10,1,10,10,4,3,2,2.0,0,1.0,2025,H,,,3,0.0,0.0,0.0,1,2,1.0,1.6263157894736842,1.5526315789473684,1.2666666666666666,1.7333333333333334,4.500438596491228,76.78312107529312
2025-08-17,Manchester United,Arsenal,0,1,A,22,9,7,3,10,19,3,4,1,4.0,0,0.0,2025,H,,,0,0.0,0.0,0.0,0,1,1.0,1.617801047120419,1.9895287958115184,1.2666666666666666,-1.2666666666666666,-3.615095986038394,73.16802508925473
2025-08-24,Manchester United,Fulham,1,1,D,13,10,4,3,12,10,9,6,1,,0,,2025,A,1.0,0.0,1,0.0,0.0,0.0,0,1,1.3333333333333333,1.6145833333333333,1.1883116883116882,1.2666666666666666,-0.2666666666666666,-0.9949134199134199,72.17311166934131
2025-08-30,Manchester United,Burnley,3,2,H,26,6,6,3,9,9,7,1,1,5.0,0,0.0,2025,H,,,3,0.0,0.0,0.0,0,1,1.3333333333333333,1.621761658031088,0.8632478632478633,1.2666666666666666,1.7333333333333334,4.0538461538461545,76.22695782318746
2025-09-14,Manchester United,Manchester City,0,3,H,13,12,6,2,8,8,2,4,0,,0,,2025,A,0.0,0.0,0,0.0,0.0,0.0,0,0,1.3333333333333333,1.61340206185567,2.247422680412371,1.2666666666666666,-1.2666666666666666,-3.4037800687285222,72.82317775445894
2025-09-20,Manchester United,Chelsea,2,1,H,11,5,4,1,13,14,5,5,0,5.0,1,1.0,2025,H,,,3,0.0,0.0,0.0,0,2,2.0,1.6205128205128203,1.6666666666666667,1.2666666666666666,1.7333333333333334,3.683333333333334,76.50651108779228
2025-09-27,Manchester United,Brentford,1,3,H,10,14,8,6,14,10,4,2,2,,0,,2025,A,2.0,0.0,0,0.0,0.0,0.0,0,2,1.0,1.6122448979591837,1.3101265822784811,1.2666666666666666,-1.2666666666666666,-3.7631856540084385,72.74332543378384
2025-10-04,Manchester United,Sunderland,2,0,H,15,8,6,3,10,12,2,3,1,4.0,0,0.0,2025,H,,,3,0.0,0.0,0.0,1,1,2.0,1.619289340101523,1.5714285714285714,1.2666666666666666,1.7333333333333334,4.747619047619048,77.49094448140289
2025-10-19,Manchester United,Liverpool,2,1,A,19,12,6,4,8,14,9,4,2,,0,,2025,A,0.0,0.0,3,0.0,0.0,0.0,0,2,2.0,1.6262626262626263,2.0656565656565657,1.2666666666666666,1.7333333333333334,3.623484848484849,81.11442932988774
2025-10-25,Manchester United,Brighton and Hove Albion,4,2,H,13,17,9,5,4,13,1,6,2,2.0,0,0.0,2025,H,,,3,0.0,0.0,0.0,0,2,3.0,1.6331658291457287,1.3819095477386936,1.2666666666666666,1.7333333333333334,3.72604690117253,84.84047623106026
2025-11-01,Manchester United,Nottingham Forest,2,2,D,17,18,3,7,10,7,8,5,1,,0,,2025,A,1.0,0.0,1,0.0,0.0,0.0,0,1,2.3333333333333335,1.63,1.1693548387096775,1.2666666666666666,-0.2666666666666666,-0.992069892473118,83.84840633858715
2025-11-08,Manchester United,Tottenham Hotspur,2,2,D,10,5,4,2,10,8,5,3,1,,0,,2025,A,5.0,0.0,1,0.0,0.0,0.0,0,1,1.6666666666666667,1.626865671641791,1.5671641791044777,1.2666666666666666,-0.2666666666666666,-1.051741293532338,82.79666504505481
2020-09-12,Newcastle United,West Ham United,2,0,A,15,15,3,2,13,7,8,7,2,,0,,2020,A,2.0,0.0,3,0.0,0.0,0.0,1,2,3.0,3.0,0.0,1.2666666666666666,1.7333333333333334,4.733333333333333,126.01538461538462
2020-09-20,Newcastle United,Brighton and Hove Albion,0,3,A,6,13,0,6,16,15,7,1,3,0.0,0,1.0,2020,H,,,0,0.0,0.0,0.0,0,3,1.5,1.5,1.5,1.2666666666666666,-1.2666666666666666,-4.041666666666667,121.97371794871795
2020-09-27,Newcastle United,Tottenham Hotspur,1,1,D,23,6,12,1,15,9,10,4,4,,0,,2020,A,1.0,0.0,1,0.0,0.0,0.0,0,4,1.3333333333333333,1.3333333333333333,1.3333333333333333,1.2666666666666666,-0.2666666666666666,-1.7666666666666664,120.20705128205128
2020-10-03,Newcastle United,Burnley,3,1,H,10,7,5,3,13,17,3,4,2,3.0,0,0.0,2020,H,,,3,0.0,0.0,0.0,0,2,1.3333333333333333,1.75,0.0,1.2666666666666666,1.7333333333333334,3.933333333333334,124.14038461538462
2020-10-17,Newcastle United,Manchester United,1,4,A,7,28,4,14,9,12,0,7,1,1.0,0,0.0,2020,H,,,0,0.0,0.0,0.0,0,1,1.3333333333333333,1.4,1.5,1.2666666666666666,-1.2666666666666666,-3.5416666666666665,120.59871794871795
2020-10-25,Newcastle United,Wolverhampton Wanderers,1,1,D,16,5,3,2,10,10,2,3,1,,0,,2020,A,0.0,0.0,1,0.0,0.0,0.0,0,1,1.3333333333333333,1.3333333333333333,1.6666666666666667,1.2666666666666666,-0.2666666666666666,-1.0666666666666664,119.53205128205128
2020-11-01,Newcastle United,Everton,2,1,H,11,15,4,4,9,10,5,4,2,4.0,0,0.0,2020,H,,,3,0.0,0.0,0.0,0,2,1.3333333333333333,1.5714285714285714,1.8571428571428572,1.2666666666666666,1.7333333333333334,3.6547619047619055,123.1868131868132
2020-11-06,Newcastle United,Southampton,0,2,H,15,4,8,2,12,11,8,3,2,,0,,2020,A,1.0,0.0,0,0.0,0.0,0.0,0,2,1.3333333333333333,1.375,2.0,1.2666666666666666,-1.2666666666666666,-3.8666666666666663,119.32014652014652
2020-11-21,Newcastle United,Chelsea,0,2,A,8,14,1,3,11,12,7,4,2,0.0,0,0.0,2020,H,,,0,0.0,0.0,0.0,0,2,1.0,1.2222222222222223,2.0,1.2666666666666666,-1.2666666666666666,-3.8666666666666663,115.45347985347986
2020-11-27,Newcastle United,Crystal Palace,2,0,A,12,14,3,7,9,10,7,3,2,,0,,2020,A,2.0,0.0,3,0.0,0.0,0.0,1,2,1.0,1.4,1.3,1.2666666666666666,1.7333333333333334,4.538333333333333,119.99181318681319
2020-12-12,Newcastle United,West Brom,2,1,H,12,13,7,3,9,12,4,3,2,3.0,0,0.0,2020,H,,,3,0.0,0.0,0.0,0,2,2.0,1.5454545454545454,0.5,1.2666666666666666,1.7333333333333334,3.858333333333334,123.85014652014652
2020-12-16,Newcastle United,Leeds United,2,5,H,25,10,10,4,10,13,7,4,1,,0,,2020,A,3.0,0.0,0,0.0,0.0,0.0,0,1,2.0,1.4166666666666667,1.3076923076923077,1.2666666666666666,-1.2666666666666666,-3.5128205128205128,120.33732600732601
2020-12-19,Newcastle United,Fulham,1,1,D,12,11,5,4,7,17,2,9,1,2.0,0,1.0,2020,H,,,1,0.0,0.0,0.0,0,1,1.3333333333333333,1.3846153846153846,0.7142857142857143,1.2666666666666666,-0.2666666666666666,-0.9238095238095237,119.41351648351649
2020-12-26,Newcastle United,Manchester City,0,2,H,11,7,6,2,5,12,7,3,2,,0,,2020,A,2.0,0.0,0,0.0,0.0,0.0,0,2,0.3333333333333333,1.2857142857142858,1.8571428571428572,1.2666666666666666,-1.2666666666666666,-3.845238095238095,115.5682783882784
2020-12-30,Newcastle United,Liverpool,0,0,D,8,11,2,4,9,13,5,12,2,3.0,0,0.0,2020,H,,,1,0.0,0.0,0.0,1,2,0.6666666666666666,1.2666666666666666,2.0625,1.2666666666666666,-0.2666666666666666,-0.5760416666666665,114.99223672161173
2021-01-03,Newcastle United,Leicester City,1,2,A,8,9,2,3,10,11,3,6,0,2.0,0,0.0,2021,H,,,0,0.0,0.0,0.0,0,0,0.3333333333333333,1.1875,1.8823529411764703,0.8809523809523809,-0.8809523809523809,-2.384733893557423,112.60750282805431
2021-01-12,Newcastle United,Sheffield United,0,1,H,17,7,4,3,13,12,5,2,3,,1,,2021,A,2.0,0.0,0,0.0,0.0,0.0,0,5,0.3333333333333333,1.1176470588235294,0.2777777777777778,0.8809523809523809,-0.8809523809523809,-3.394047619047619,109.21345520900668
2021-01-18,Newcastle United,Arsenal,0,3,H,20,4,6,1,9,8,7,2,0,,0,,2021,A,0.0,0.0,0,0.0,0.0,0.0,0,0,0.0,1.0555555555555556,1.4210526315789471,0.8809523809523809,-0.8809523809523809,-2.3155388471177947,106.89791636188889
2021-01-23,Newcastle United,Aston Villa,0,2,H,14,7,5,1,9,18,5,4,3,,0,,2021,A,0.0,0.0,0,0.0,0.0,0.0,0,3,0.0,1.0,1.7058823529411764,0.8809523809523809,-0.8809523809523809,-3.108263305322129,103.78965305656676
2021-01-26,Newcastle United,Leeds United,1,2,A,22,9,5,2,10,15,9,5,1,3.0,0,0.0,2021,H,,,0,0.0,0.0,0.0,0,1,0.0,0.95,1.368421052631579,0.8809523809523809,-0.8809523809523809,-2.5576441102756893,101.23200894629107
2021-01-30,Newcastle United,Everton,2,0,A,11,13,3,3,13,6,7,12,4,,0,,2021,A,3.0,0.0,3,0.0,0.0,0.0,1,4,1.0,1.0476190476190477,1.736842105263158,0.8809523809523809,2.119047619047619,4.937092731829574,106.16910167812065
2021-02-02,Newcastle United,Crystal Palace,1,2,A,21,6,5,3,14,11,9,1,1,3.0,0,0.0,2021,H,,,0,0.0,0.0,0.0,0,1,1.0,1.0,1.318181818181818,0.8809523809523809,-0.8809523809523809,-2.550108225108225,103.61899345301242
2021-02-06,Newcastle United,Southampton,3,2,H,6,14,4,5,11,14,0,7,2,1.0,1,0.0,2021,H,,,3,0.0,0.0,0.0,0,4,2.0,1.0869565217391304,1.318181818181818,0.8809523809523809,2.119047619047619,4.199891774891775,107.81888522790419
2021-02-15,Newcastle United,Chelsea,0,2,H,18,10,5,4,9,13,10,5,0,,0,,2021,A,0.0,0.0,0,0.0,0.0,0.0,0,0,1.0,1.0416666666666667,1.75,0.8809523809523809,-0.8809523809523809,-2.3648809523809526,105.45400427552325
2021-02-21,Newcastle United,Manchester United,1,3,H,15,10,7,6,9,11,6,4,2,,0,,2021,A,1.0,0.0,0,0.0,0.0,0.0,0,2,1.0,1.0,1.96,0.8809523809523809,-0.8809523809523809,-2.8963809523809525,102.5576233231423
2021-02-27,Newcastle United,Wolverhampton Wanderers,1,1,D,19,14,7,4,11,13,3,5,2,0.0,0,0.0,2021,H,,,1,0.0,0.0,0.0,0,2,0.3333333333333333,1.0,1.3076923076923077,0.8809523809523809,0.11904761904761907,-0.2985347985347985,102.25908852460749
2021-03-07,Newcastle United,West Brom,0,0,D,13,9,3,5,11,10,9,7,0,,0,,2021,A,0.0,0.0,1,0.0,0.0,0.0,1,0,0.6666666666666666,1.0,0.6428571428571429,0.8809523809523809,0.11904761904761907,1.1011904761904763,103.36027900079796
2021-03-12,Newcastle United,Aston Villa,1,1,D,12,15,3,6,10,10,2,2,2,3.0,0,0.0,2021,H,,,1,0.0,0.0,0.0,0,2,1.0,1.0,1.5185185185185186,0.8809523809523809,0.11904761904761907,-0.3301587301587301,103.03012027063923
2021-03-20,Newcastle United,Brighton and Hove Albion,0,3,H,11,3,6,1,12,5,3,1,1,,0,,2021,A,0.0,0.0,0,0.0,0.0,0.0,0,1,0.6666666666666666,0.9655172413793104,1.103448275862069,0.8809523809523809,-0.8809523809523809,-2.5178981937602627,100.51222207687897
2021-04-04,Newcastle United,Tottenham Hotspur,2,2,D,22,11,6,5,13,14,7,3,3,2.0,0,0.0,2021,H,,,1,0.0,0.0,0.0,0,3,0.6666666666666666,0.9666666666666668,1.6333333333333333,0.8809523809523809,0.11904761904761907,-0.5973809523809523,99.91484112449803
2021-04-11,Newcastle United,Burnley,2,1,A,24,10,4,5,11,12,13,3,0,,0,,2021,A,1.0,0.0,3,0.0,0.0,0.0,0,0,1.3333333333333333,1.032258064516129,1.064516129032258,0.8809523809523809,2.119047619047619,5.237941628264208,105.15278275276222
2021-04-17,Newcastle United,West Ham United,3,2,H,16,16,8,6,9,7,3,8,2,0.0,0,1.0,2021,H,,,3,0.0,0.0,0.0,0,2,2.3333333333333335,1.09375,1.71875,0.8809523809523809,2.119047619047619,4.639806547619047,109.79258930038128
2021-04-24,Newcastle United,Liverpool,1,1,D,22,7,9,4,9,7,6,3,1,,0,,2021,A,2.0,0.0,1,0.0,0.0,0.0,0,1,2.3333333333333335,1.0909090909090908,1.6363636363636365,0.8809523809523809,0.11904761904761907,-0.09783549783549778,109.69475380254578
2021-05-02,Newcastle United,Arsenal,0,2,A,5,19,1,5,10,9,3,7,2,1.0,1,0.0,2021,H,,,0,0.0,0.0,0.0,0,4,1.3333333333333333,1.0588235294117647,1.4411764705882353,0.8809523809523809,-0.8809523809523809,-3.318557422969188,106.37619637957658
2021-05-07,Newcastle United,Leicester City,4,2,A,25,14,9,6,12,9,9,6,1,,0,,2021,A,1.0,0.0,3,0.0,0.0,0.0,0,1,1.3333333333333333,1.1142857142857143,1.8,0.8809523809523809,2.119047619047619,4.8776190476190475,111.25381542719563
2021-05-14,Newcastle United,Manchester City,3,4,A,11,15,5,6,11,10,4,5,2,2.0,0,0.0,2021,H,,,0,0.0,0.0,0.0,0,2,1.0,1.0833333333333333,2.3055555555555554,0.8809523809523809,-0.8809523809523809,-2.9482142857142857,108.30560114148135
2021-05-19,Newcastle United,Sheffield United,1,0,H,16,11,5,1,7,7,5,2,0,2.0,0,0.0,2021,H,,,3,0.0,0.0,0.0,1,0,2.0,1.135135135135135,0.5405405405405406,0.8809523809523809,2.119047619047619,6.116537966537966,114.42213910801932
2021-05-23,Newcastle United,Fulham,2,0,A,14,10,0,4,12,6,5,4,0,,0,,2021,A,1.0,0.0,3,0.0,0.0,0.0,1,0,2.0,1.1842105263157894,0.7368421052631579,0.8809523809523809,2.119047619047619,6.087092731829573,120.5092318398489
2021-08-15,Newcastle United,West Ham United,2,4,A,17,8,3,9,4,3,7,6,1,0.0,0,0.0,2021,H,,,0,0.0,0.0,0.0,0,1,2.0,1.1538461538461535,1.7435897435897436,0.8809523809523809,-0.8809523809523809,-2.613919413919414,117.89531242592948
2021-08-21,Newcastle United,Aston Villa,0,2,H,10,9,2,1,8,18,3,4,4,,0,,2021,A,3.0,0.0,0,0.0,0.0,0.0,0,4,1.0,1.125,1.45,0.8809523809523809,-0.8809523809523809,-3.3198809523809523,114.57543147354852
2021-08-28,Newcastle United,Southampton,2,2,D,10,22,5,6,11,6,4,4,3,3.0,0,0.0,2021,H,,,1,0.0,0.0,0.0,0,3,0.3333333333333333,1.1219512195121952,1.0975609756097562,0.8809523809523809,0.11904761904761907,-0.5170150987224158,114.05841637482611
2021-09-11,Newcastle United,Manchester United,1,4,H,21,12,7,3,9,2,7,3,0,,0,,2021,A,1.0,0.0,0,0.0,0.0,0.0,0,0,0.3333333333333333,1.0952380952380951,2.0,0.8809523809523809,-0.8809523809523809,-2.4023809523809523,111.65603542244516
2021-09-17,Newcastle United,Leeds United,1,1,D,17,22,7,9,9,11,4,5,2,2.0,0,0.0,2021,H,,,1,0.0,0.0,0.0,0,2,0.6666666666666666,1.0930232558139534,1.441860465116279,0.8809523809523809,0.11904761904761907,-0.3186600221483942,111.33737540029676
2021-09-25,Newcastle United,Watford,1,1,D,15,20,4,6,19,12,5,6,3,,0,,2021,A,4.0,0.0,1,0.0,0.0,0.0,0,3,0.6666666666666666,1.0909090909090908,1.1666666666666667,0.8809523809523809,0.11904761904761907,-0.5273809523809524,110.80999444791581
2021-10-02,Newcastle United,Wolverhampton Wanderers,1,2,H,7,8,3,2,15,5,0,4,2,,0,,2021,A,0.0,0.0,0,0.0,0.0,0.0,0,2,0.6666666666666666,1.0666666666666669,1.2,0.8809523809523809,-0.8809523809523809,-2.7823809523809526,108.02761349553487
2021-10-17,Newcastle United,Tottenham Hotspur,2,3,A,7,14,1,4,13,4,2,9,4,1.0,1,0.0,2021,H,,,0,0.0,0.0,0.0,0,6,0.3333333333333333,1.0434782608695652,1.673913043478261,0.8809523809523809,-0.8809523809523809,-3.8534679089026915,104.17414558663216
2021-10-23,Newcastle United,Crystal Palace,1,1,D,15,6,3,2,13,9,3,7,4,,0,,2021,A,3.0,0.0,1,0.0,0.0,0.0,0,4,0.3333333333333333,1.0425531914893618,1.127659574468085,0.8809523809523809,0.11904761904761907,-0.7715298885511651,103.40261569808101
2021-10-30,Newcastle United,Chelsea,0,3,A,6,19,1,6,14,12,0,2,3,2.0,0,0.0,2021,H,,,0,0.0,0.0,0.0,0,3,0.3333333333333333,1.0208333333333333,1.9166666666666667,0.8809523809523809,-0.8809523809523809,-3.1398809523809526,100.26273474570004
2021-11-06,Newcastle United,Brighton and Hove Albion,1,1,D,14,6,5,1,16,10,2,5,4,,0,,2021,A,3.0,1.0,1,0.0,0.0,0.0,0,4,0.6666666666666666,1.020408163265306,1.183673469387755,0.8809523809523809,0.11904761904761907,-0.7799319727891156,99.48280277291093
2021-11-20,Newcastle United,Brentford,3,3,D,23,10,9,4,13,11,8,2,2,2.0,0,0.0,2021,H,,,1,0.0,0.0,0.0,0,2,0.6666666666666666,1.02,1.0833333333333333,0.8809523809523809,0.11904761904761907,-0.26488095238095233,99.21792182052998
2021-11-27,Newcastle United,Arsenal,0,2,H,24,9,6,5,6,12,4,4,3,,0,,2021,A,1.0,0.0,0,0.0,0.0,0.0,0,3,0.6666666666666666,1.0,1.6470588235294117,0.8809523809523809,-0.8809523809523809,-3.0994397759103642,96.11848204461961
2021-11-30,Newcastle United,Norwich City,1,1,D,9,16,1,6,8,11,2,5,0,0.0,0,1.0,2021,H,,,1,0.0,0.0,0.0,0,0,0.6666666666666666,1.0,0.7142857142857143,0.8809523809523809,0.11904761904761907,0.29047619047619055,96.40895823509581
2021-12-04,Newcastle United,Burnley,1,0,H,19,10,4,1,11,9,10,3,1,1.0,0,0.0,2021,H,,,3,0.0,0.0,0.0,1,1,1.3333333333333333,1.0377358490566038,0.9423076923076924,0.8809523809523809,2.119047619047619,5.806272893772893,102.21523112886871
2021-12-12,Newcastle United,Leicester City,0,4,H,8,12,5,3,9,16,4,6,3,,0,,2021,A,2.0,0.0,0,0.0,0.0,0.0,0,3,1.3333333333333333,1.0185185185185186,1.6296296296296295,0.8809523809523809,-0.8809523809523809,-3.096825396825397,99.1184057320433
2021-12-16,Newcastle United,Liverpool,1,3,H,23,4,8,2,9,4,11,0,3,,0,,2021,A,1.0,0.0,0,0.0,0.0,0.0,0,3,1.0,1.0,1.981818181818182,0.8809523809523809,-0.8809523809523809,-3.14965367965368,95.96875205238962
2021-12-19,Newcastle United,Manchester City,0,4,A,5,18,1,7,9,6,3,6,1,2.0,0,0.0,2021,H,,,0,0.0,0.0,0.0,0,1,0.0,0.9821428571428572,2.3214285714285716,0.8809523809523809,-0.8809523809523809,-2.700595238095238,93.26815681429439
2021-12-27,Newcastle United,Manchester United,1,1,D,13,13,8,4,11,8,2,4,3,3.0,0,0.0,2021,H,,,1,0.0,0.0,0.0,0,3,0.3333333333333333,0.9824561403508772,1.8545454545454545,0.8809523809523809,0.11904761904761907,-0.6305627705627704,92.63759404373161
2022-01-15,Newcastle United,Watford,1,1,D,12,18,1,5,13,13,4,6,3,2.0,0,0.0,2022,H,,,1,0.0,0.0,0.0,0,3,0.6666666666666666,0.9827586206896552,0.7368421052631579,2.0,-1.0,-3.2605263157894737,89.37706772794215
2022-01-22,Newcastle United,Leeds United,1,0,A,13,15,4,3,9,9,6,7,2,,0,,2022,A,4.0,0.0,3,0.0,0.0,0.0,1,2,1.6666666666666667,1.0169491525423728,1.3728813559322033,2.0,1.0,2.6940677966101694,92.07113552455232
2022-02-08,Newcastle United,Everton,3,1,H,20,11,9,3,13,13,6,2,2,3.0,0,0.0,2022,H,,,3,0.0,0.0,0.0,0,2,2.3333333333333335,1.05,1.3220338983050848,2.0,1.0,1.9016949152542373,93.97283043980654
2022-02-13,Newcastle United,Aston Villa,1,0,H,10,11,2,1,22,15,3,6,3,4.0,0,0.0,2022,H,,,3,0.0,0.0,0.0,1,3,3.0,1.0819672131147542,1.3442622950819672,2.0,1.0,2.4483606557377047,96.42119109554426
2022-02-19,Newcastle United,West Ham United,1,1,D,11,14,3,3,3,7,3,7,3,,0,,2022,A,3.0,0.0,1,0.0,0.0,0.0,0,3,2.3333333333333335,1.0806451612903225,1.671875,2.0,-1.0,-3.40078125,93.02040984554425
2022-02-26,Newcastle United,Brentford,2,0,A,6,26,1,11,9,7,6,6,1,,0,,2022,A,3.0,1.0,3,0.0,0.0,0.0,1,1,2.3333333333333335,1.1111111111111112,0.8888888888888888,2.0,1.0,3.0166666666666666,96.03707651221092
2022-03-05,Newcastle United,Brighton and Hove Albion,2,1,H,10,15,4,4,8,10,4,7,1,1.0,0,0.0,2022,H,,,3,0.0,0.0,0.0,0,1,2.3333333333333335,1.140625,1.1384615384615384,2.0,1.0,2.1792307692307693,98.21630728144169
2022-03-10,Newcastle United,Southampton,2,1,A,14,8,5,4,6,7,12,5,1,,0,,2022,A,1.0,0.0,3,0.0,0.0,0.0,0,1,3.0,1.1692307692307693,1.181818181818182,2.0,1.0,2.172727272727273,100.38903455416896
2022-03-13,Newcastle United,Chelsea,0,1,H,8,7,3,2,17,16,7,2,3,,0,,2022,A,4.0,0.0,0,0.0,0.0,0.0,0,3,2.0,1.1515151515151516,1.9090909090909092,2.0,-2.0,-5.9363636363636365,94.45267091780532
2022-03-17,Newcastle United,Everton,0,1,H,9,17,3,6,13,11,5,7,1,,0,,2022,A,2.0,1.0,0,0.0,0.0,0.0,0,1,1.0,1.1343283582089552,1.2923076923076924,2.0,-2.0,-5.343846153846155,89.10882476395916
2022-04-03,Newcastle United,Tottenham Hotspur,1,5,H,19,8,6,1,10,7,2,3,3,,0,,2022,A,2.0,0.0,0,0.0,0.0,0.0,0,3,0.0,1.1176470588235294,1.7058823529411764,2.0,-2.0,-5.905882352941177,83.20294241101799
2022-04-08,Newcastle United,Wolverhampton Wanderers,1,0,H,12,5,4,2,6,13,1,2,1,1.0,0,0.0,2022,H,,,3,0.0,0.0,0.0,1,1,1.0,1.144927536231884,1.3428571428571427,2.0,1.0,2.9485714285714284,86.15151383958941
2022-04-17,Newcastle United,Leicester City,2,1,H,16,8,7,2,10,10,3,5,2,2.0,0,0.0,2022,H,,,3,0.0,0.0,0.0,0,2,2.0,1.1714285714285717,1.5588235294117647,2.0,1.0,1.8661764705882353,88.01769031017764
2022-04-20,Newcastle United,Crystal Palace,1,0,H,13,10,4,2,12,12,2,5,1,1.0,0,0.0,2022,H,,,3,0.0,0.0,0.0,1,1,3.0,1.1971830985915493,1.1571428571428573,2.0,1.0,2.9764285714285714,90.99411888160623
2022-04-23,Newcastle United,Norwich City,3,0,A,5,13,2,7,11,10,2,3,2,,0,,2022,A,0.0,0.0,3,0.0,0.0,0.0,1,2,3.0,1.2222222222222223,0.6363636363636364,2.0,1.0,2.8045454545454547,93.79866433615167
2022-04-30,Newcastle United,Liverpool,0,1,A,4,24,2,10,11,11,0,6,1,3.0,0,0.0,2022,H,,,0,0.0,0.0,0.0,0,1,2.0,1.2054794520547945,2.0972222222222223,2.0,-2.0,-5.464583333333334,88.33408100281834
2022-05-08,Newcastle United,Manchester City,0,5,H,21,7,9,3,6,11,8,2,3,,0,,2022,A,1.0,0.0,0,0.0,0.0,0.0,0,3,1.0,1.1891891891891893,2.356164383561644,2.0,-2.0,-6.0034246575342465,82.3306563452841
2022-05-16,Newcastle United,Arsenal,2,0,H,16,11,4,2,11,8,12,8,0,3.0,0,0.0,2022,H,,,3,0.0,0.0,0.0,1,0,1.0,1.2133333333333334,1.6933333333333334,2.0,1.0,3.146,85.47665634528408
2022-05-22,Newcastle United,Burnley,2,1,A,12,8,5,6,8,9,8,2,0,,0,,2022,A,1.0,0.0,3,0.0,0.0,0.0,0,0,2.0,1.236842105263158,0.9736842105263158,2.0,1.0,2.4539473684210527,87.93060371370515
2022-08-06,Newcastle United,Nottingham Forest,2,0,H,23,5,10,0,9,14,11,1,0,3.0,0,0.0,2022,H,,,3,0.0,0.0,0.0,1,0,3.0,1.2597402597402598,0.0,2.0,1.0,3.4,91.33060371370514
2022-08-13,Newcastle United,Brighton and Hove Albion,0,0,D,13,4,7,1,8,6,7,3,3,,0,,2022,A,2.0,0.0,1,0.0,0.0,0.0,1,3,2.3333333333333335,1.2564102564102564,1.2307692307692308,2.0,-1.0,-2.534615384615385,88.79598832908977
2022-08-21,Newcastle United,Manchester City,3,3,D,12,21,6,10,14,7,5,5,4,2.0,0,0.0,2022,H,,,1,0.0,0.0,0.0,0,4,1.6666666666666667,1.2531645569620251,2.3544303797468356,2.0,-1.0,-3.7531645569620253,85.04282377212773
2022-08-28,Newcastle United,Wolverhampton Wanderers,1,1,D,10,21,4,6,10,11,4,13,1,,0,,2022,A,2.0,0.0,1,0.0,0.0,0.0,0,1,1.0,1.25,1.225,2.0,-1.0,-2.8337499999999998,82.20907377212774
2022-08-31,Newcastle United,Liverpool,1,2,H,23,5,6,2,9,10,13,0,2,,0,,2022,A,0.0,0.0,0,0.0,0.0,0.0,0,2,0.6666666666666666,1.2345679012345678,2.0864197530864197,2.0,-2.0,-5.712962962962964,76.49611080916478
2022-09-03,Newcastle United,Crystal Palace,0,0,D,23,19,6,9,19,12,13,5,2,1.0,0,0.0,2022,H,,,1,0.0,0.0,0.0,1,2,0.6666666666666666,1.2317073170731707,1.195121951219512,2.0,-1.0,-2.279268292682927,74.21684251648185
2022-09-17,Newcastle United,Bournemouth,1,1,D,20,10,7,3,10,11,8,1,2,2.0,0,0.0,2022,H,,,1,0.0,0.0,0.0,0,2,0.6666666666666666,1.2289156626506024,1.1428571428571428,2.0,-1.0,-3.071428571428571,71.14541394505326
2022-10-01,Newcastle United,Fulham,4,1,A,3,19,1,10,9,10,1,8,0,,0,,2022,A,2.0,1.0,3,0.0,0.0,0.0,0,0,1.6666666666666667,1.25,0.8478260869565217,2.0,1.0,2.472826086956522,73.6182400320098
2022-10-08,Newcastle United,Brentford,5,1,H,16,6,6,3,14,9,9,5,0,1.0,0,0.0,2022,H,,,3,0.0,0.0,0.0,0,0,2.3333333333333335,1.2705882352941176,1.1914893617021276,2.0,1.0,2.421276595744681,76.03951662775447
2022-10-16,Newcastle United,Manchester United,0,0,D,15,9,2,2,13,11,4,4,1,,0,,2022,A,3.0,0.0,1,0.0,0.0,0.0,1,1,2.3333333333333335,1.2674418604651163,1.741176470588235,2.0,-1.0,-2.111176470588235,73.92834015716625
2022-10-19,Newcastle United,Everton,1,0,H,16,1,4,0,9,12,8,2,2,4.0,0,0.0,2022,H,,,3,0.0,0.0,0.0,1,2,2.3333333333333335,1.2873563218390804,1.2413793103448276,2.0,1.0,2.7137931034482756,76.64213326061451
2022-10-23,Newcastle United,Tottenham Hotspur,2,1,A,17,13,5,5,12,6,6,7,2,,0,,2022,A,4.0,0.0,3,0.0,0.0,0.0,0,2,2.3333333333333335,1.306818181818182,1.7727272727272727,2.0,1.0,1.8340909090909092,78.47622416970543
2022-10-29,Newcastle United,Aston Villa,4,0,H,20,3,7,0,11,11,3,0,1,1.0,0,0.0,2022,H,,,3,0.0,0.0,0.0,1,1,3.0,1.3258426966292134,1.2584269662921348,2.0,1.0,2.9612359550561798,81.4374601247616
2022-11-06,Newcastle United,Southampton,4,1,A,16,7,5,4,7,10,8,2,0,,0,,2022,A,1.0,0.0,3,0.0,0.0,0.0,0,0,3.0,1.3444444444444446,1.0555555555555556,2.0,1.0,2.441666666666667,83.87912679142828
2022-11-12,Newcastle United,Chelsea,1,0,H,10,5,3,2,14,11,5,3,3,2.0,0,0.0,2022,H,,,3,0.0,0.0,0.0,1,3,3.0,1.362637362637363,1.8,2.0,1.0,2.38,86.25912679142829
2022-12-26,Newcastle United,Leicester City,3,0,A,8,12,2,5,9,6,5,5,0,,0,,2022,A,0.0,0.0,3,0.0,0.0,0.0,1,0,3.0,1.3804347826086956,1.4673913043478262,2.0,1.0,3.179891304347826,89.4390180957761
2022-12-31,Newcastle United,Leeds United,0,0,D,16,8,5,1,13,19,9,3,3,5.0,0,0.0,2022,H,,,1,0.0,0.0,0.0,1,3,2.3333333333333335,1.3763440860215057,1.2282608695652173,2.0,-1.0,-2.534239130434783,86.90477896534132
2023-01-03,Newcastle United,Arsenal,0,0,D,17,8,4,1,10,16,5,5,4,,0,,2023,A,4.0,0.0,1,0.0,0.0,0.0,1,4,1.6666666666666667,1.372340425531915,1.870967741935484,1.65,-0.6499999999999999,-2.0056451612903223,84.89913380405099
2023-01-15,Newcastle United,Fulham,1,0,H,20,5,5,0,6,14,10,5,1,3.0,0,0.0,2023,H,,,3,0.0,0.0,0.0,1,1,1.6666666666666667,1.3894736842105264,1.0172413793103448,1.65,1.35,3.872413793103448,88.77154759715444
2023-01-21,Newcastle United,Crystal Palace,0,0,D,6,16,1,7,13,7,3,15,2,,0,,2023,A,4.0,0.0,1,0.0,0.0,0.0,1,2,1.6666666666666667,1.3854166666666667,1.2083333333333333,1.65,-0.6499999999999999,-1.4062499999999996,87.36529759715444
2023-02-04,Newcastle United,West Ham United,1,1,D,8,10,2,1,11,13,4,2,2,1.0,0,0.0,2023,H,,,1,0.0,0.0,0.0,0,2,1.6666666666666667,1.381443298969072,1.443298969072165,1.65,-0.6499999999999999,-2.2414948453608248,85.12380275179362
2023-02-11,Newcastle United,Bournemouth,1,1,D,11,15,5,7,8,10,4,6,3,,0,,2023,A,2.0,0.0,1,0.0,0.0,0.0,0,3,1.0,1.3775510204081634,0.8181818181818182,1.65,-0.6499999999999999,-2.3977272727272725,82.72607547906634
2023-02-18,Newcastle United,Liverpool,0,2,A,14,13,4,7,3,8,6,7,1,1.0,1,0.0,2023,H,,,0,0.0,0.0,0.0,0,3,0.6666666666666666,1.3636363636363635,2.0,1.65,-1.65,-5.075,77.65107547906635
2023-03-04,Newcastle United,Manchester City,0,2,H,11,5,3,2,8,13,8,4,4,,0,,2023,A,2.0,0.0,0,0.0,0.0,0.0,0,4,0.3333333333333333,1.35,2.323529411764706,1.65,-1.65,-5.373529411764706,72.27754606730164
2023-03-12,Newcastle United,Wolverhampton Wanderers,2,1,H,19,7,8,4,11,10,10,3,1,2.0,0,0.0,2023,H,,,3,0.0,0.0,0.0,0,1,1.0,1.3663366336633664,1.194174757281553,1.65,1.35,3.045873786407767,75.3234198537094
2023-03-17,Newcastle United,Nottingham Forest,2,1,A,5,15,3,4,17,9,3,7,1,,0,,2023,A,5.0,0.0,3,0.0,0.0,0.0,0,1,2.0,1.3823529411764706,0.9629629629629628,1.65,1.35,3.0805555555555557,78.40397540926496
2023-04-02,Newcastle United,Manchester United,2,0,H,22,6,6,1,8,12,7,4,0,0.0,0,0.0,2023,H,,,3,0.0,0.0,0.0,1,0,3.0,1.3980582524271843,1.766990291262136,1.65,1.35,4.009951456310679,82.41392686557563
2023-04-05,Newcastle United,West Ham United,5,1,A,7,15,2,8,11,12,7,6,1,,0,,2023,A,2.0,0.0,3,0.0,0.0,0.0,0,1,3.0,1.4134615384615383,1.4230769230769231,1.65,1.35,3.0115384615384615,85.4254653271141
2023-04-08,Newcastle United,Brentford,2,1,A,12,10,6,4,10,15,6,5,0,,0,,2023,A,0.0,0.0,3,0.0,0.0,0.0,0,0,3.0,1.4285714285714286,1.3088235294117647,1.65,1.35,3.2786764705882354,88.70414179770233
2023-04-15,Newcastle United,Aston Villa,0,3,H,16,8,6,2,13,15,7,2,1,,0,,2023,A,1.0,0.0,0,0.0,0.0,0.0,0,1,2.0,1.4150943396226414,1.4018691588785046,1.65,-1.65,-4.485280373831776,84.21886142387056
2023-04-23,Newcastle United,Tottenham Hotspur,6,1,H,25,11,8,3,7,13,9,3,0,3.0,0,0.0,2023,H,,,3,0.0,0.0,0.0,0,0,2.0,1.4299065420560748,1.7222222222222223,1.65,1.35,3.216666666666667,87.43552809053723
2023-04-27,Newcastle United,Everton,4,1,A,13,15,5,8,8,6,3,14,1,,0,,2023,A,2.0,0.0,3,0.0,0.0,0.0,0,1,2.0,1.4444444444444444,1.1559633027522935,1.65,1.35,3.051605504587156,90.48713359512439
2023-04-30,Newcastle United,Southampton,3,1,H,22,4,5,3,7,10,11,2,1,4.0,0,0.0,2023,H,,,3,0.0,0.0,0.0,0,1,3.0,1.4587155963302751,0.9727272727272728,1.65,1.35,3.079090909090909,93.5662245042153
2023-05-07,Newcastle United,Arsenal,0,2,A,12,10,5,6,16,12,9,4,2,1.0,0,0.0,2023,H,,,0,0.0,0.0,0.0,0,2,2.0,1.4454545454545455,1.9009009009009008,1.65,-1.65,-4.810135135135136,88.75608936908016
2023-05-13,Newcastle United,Leeds United,2,2,D,9,18,4,5,16,14,2,6,2,,0,,2023,A,3.0,1.0,1,0.0,0.0,0.0,0,2,1.3333333333333333,1.4414414414414414,1.1428571428571428,1.65,-0.6499999999999999,-2.196428571428571,86.55966079765159
2023-05-18,Newcastle United,Brighton and Hove Albion,4,1,H,22,8,9,2,17,16,6,1,2,4.0,0,0.0,2023,H,,,3,0.0,0.0,0.0,0,2,1.3333333333333333,1.4553571428571428,1.351351351351351,1.65,1.35,2.7722972972972975,89.33195809494889
2023-05-22,Newcastle United,Leicester City,0,0,D,23,1,4,1,9,5,12,1,2,0.0,0,0.0,2023,H,,,1,0.0,0.0,0.0,1,2,1.6666666666666667,1.4513274336283186,1.3185840707964602,1.65,-0.6499999999999999,-1.4227876106194688,87.90917048432942
2023-05-28,Newcastle United,Chelsea,1,1,D,22,13,5,4,9,11,10,3,0,,0,,2023,A,0.0,0.0,1,0.0,0.0,0.0,0,0,1.6666666666666667,1.4473684210526316,1.6228070175438596,1.65,-0.6499999999999999,-1.7684210526315787,86.14074943169783
2023-08-12,Newcastle United,Aston Villa,5,1,H,17,16,13,6,12,17,6,5,4,4.0,0,0.0,2023,H,,,3,0.0,0.0,0.0,0,4,1.6666666666666667,1.4608695652173913,1.4,1.65,1.35,2.265,88.40574943169784
2023-08-19,Newcastle United,Manchester City,0,1,H,14,7,4,1,12,11,3,0,5,,0,,2023,A,1.0,0.0,0,0.0,0.0,0.0,0,5,1.3333333333333333,1.4482758620689655,2.3620689655172415,1.65,-1.65,-5.629310344827586,82.77643908687025
2023-08-27,Newcastle United,Liverpool,1,2,A,23,9,8,4,16,10,5,9,1,2.0,0,1.0,2023,H,,,0,0.0,0.0,0.0,0,1,1.0,1.435897435897436,2.0085470085470085,1.65,-1.65,-4.5762820512820515,78.2001570355882
2023-09-02,Newcastle United,Brighton and Hove Albion,1,3,H,15,9,6,2,14,17,5,3,4,,0,,2023,A,4.0,0.0,0,0.0,0.0,0.0,0,4,0.0,1.423728813559322,1.38135593220339,1.65,-1.65,-5.2322033898305085,72.96795364575769
2023-09-16,Newcastle United,Brentford,1,0,H,9,11,2,2,8,12,8,3,3,5.0,0,0.0,2023,H,,,3,0.0,0.0,0.0,1,3,1.0,1.4369747899159664,1.3703703703703705,1.65,1.35,3.319444444444444,76.28739809020213
2023-09-24,Newcastle United,Sheffield United,8,0,A,9,22,1,15,12,8,2,6,0,,0,,2023,A,3.0,0.0,3,0.0,0.0,0.0,1,0,2.0,1.45,0.5454545454545454,1.65,1.35,4.1931818181818175,80.48057990838396
2023-09-30,Newcastle United,Burnley,2,0,H,20,8,8,2,7,15,5,3,1,3.0,0,0.0,2023,H,,,3,0.0,0.0,0.0,1,1,3.0,1.462809917355372,0.9146341463414634,1.65,1.35,3.8878048780487804,84.36838478643273
2023-10-08,Newcastle United,West Ham United,2,2,D,5,10,3,3,11,18,4,2,3,,0,,2023,A,3.0,0.0,1,0.0,0.0,0.0,0,3,2.3333333333333335,1.459016393442623,1.4344262295081966,1.65,-0.6499999999999999,-2.490163934426229,81.8782208520065
2023-10-21,Newcastle United,Crystal Palace,4,0,H,10,17,7,3,7,12,6,8,2,3.0,0,0.0,2023,H,,,3,0.0,0.0,0.0,1,2,2.3333333333333335,1.4715447154471544,1.2113821138211385,1.65,1.35,3.5932926829268292,85.47151353493334
2023-10-28,Newcastle United,Wolverhampton Wanderers,2,2,D,11,13,6,5,13,15,8,7,4,,0,,2023,A,1.0,0.0,1,0.0,0.0,0.0,0,4,1.6666666666666667,1.467741935483871,1.2016129032258065,1.65,-0.6499999999999999,-2.705241935483871,82.76627159944947
2023-11-04,Newcastle United,Arsenal,1,0,H,9,14,2,1,14,9,0,11,5,1.0,0,0.0,2023,H,,,3,0.0,0.0,0.0,1,5,2.3333333333333335,1.48,1.904,1.65,1.35,2.7394,85.50567159944947
2023-11-11,Newcastle United,Bournemouth,0,2,H,19,8,10,5,10,4,6,5,1,,0,,2023,A,2.0,0.0,0,0.0,0.0,0.0,0,1,1.3333333333333333,1.468253968253968,0.96,1.65,-1.65,-4.4190000000000005,81.08667159944947
2023-11-25,Newcastle United,Chelsea,4,1,H,14,7,5,4,13,19,4,2,4,4.0,0,1.0,2023,H,,,3,0.0,0.0,0.0,0,4,2.0,1.4803149606299213,1.5826771653543308,1.65,1.35,2.2375984251968504,83.32427002464632
2023-12-02,Newcastle United,Manchester United,1,0,H,22,8,4,1,6,13,7,3,1,2.0,0,0.0,2023,H,,,3,0.0,0.0,0.0,1,1,2.0,1.4921875,1.8046875,1.65,1.35,3.754296875,87.07856689964632
2023-12-07,Newcastle United,Everton,0,3,H,21,13,6,3,18,8,5,2,0,,0,,2023,A,3.0,0.0,0,0.0,0.0,0.0,0,0,2.0,1.4806201550387597,1.193798449612403,1.65,-1.65,-4.204069767441861,82.87449713220447
2023-12-10,Newcastle United,Tottenham Hotspur,1,4,H,23,9,12,3,10,12,3,6,3,,0,,2023,A,1.0,0.0,0,0.0,0.0,0.0,0,3,1.0,1.4692307692307691,1.7153846153846153,1.65,-1.65,-5.032307692307692,77.84218943989677
2023-12-16,Newcastle United,Fulham,3,0,H,27,6,10,4,7,12,5,1,0,2.0,0,1.0,2023,H,,,3,0.0,0.0,0.0,1,0,1.0,1.4809160305343512,1.086021505376344,1.65,1.35,4.112096774193548,81.95428621409033
2023-12-23,Newcastle United,Luton Town,0,1,H,16,15,5,2,11,5,6,7,1,,0,,2023,A,2.0,0.0,0,0.0,0.0,0.0,0,1,1.0,1.4696969696969695,0.7058823529411765,1.65,-1.65,-4.3808823529411764,77.57340386114915
2023-12-26,Newcastle United,Nottingham Forest,1,3,A,19,15,7,6,10,11,10,2,3,3.0,0,0.0,2023,H,,,0,0.0,0.0,0.0,0,3,1.0,1.4586466165413534,0.9649122807017544,1.65,-1.65,-4.919736842105263,72.65366701904388
2024-01-01,Newcastle United,Liverpool,2,4,H,34,5,15,3,16,15,7,3,5,,0,,2024,A,3.0,0.0,0,0.0,0.0,0.0,0,5,0.0,1.4477611940298507,2.037313432835821,1.6578947368421053,-1.6578947368421053,-5.600333857030638,67.05333316201325
2024-01-13,Newcastle United,Manchester City,2,3,A,12,27,5,11,7,7,3,13,1,2.0,0,0.0,2024,H,,,0,0.0,0.0,0.0,0,1,0.0,1.4370370370370371,2.3208955223880596,1.6578947368421053,-1.6578947368421053,-4.642871170463473,62.410461991549774
2024-01-30,Newcastle United,Aston Villa,3,1,A,12,14,6,5,14,12,8,7,1,,0,,2024,A,4.0,0.0,3,0.0,0.0,0.0,0,1,1.0,1.4485294117647058,1.5,1.6578947368421053,1.3421052631578947,2.9802631578947367,65.3907251494445
2024-02-03,Newcastle United,Luton Town,4,4,D,19,11,6,8,13,16,8,2,2,2.0,0,0.0,2024,H,,,1,0.0,0.0,0.0,0,2,1.3333333333333333,1.4452554744525548,0.9090909090909092,1.6578947368421053,-0.6578947368421053,-2.1811004784688994,63.209624670975614
2024-02-10,Newcastle United,Nottingham Forest,3,2,A,13,7,3,5,9,6,4,4,2,,0,,2024,A,1.0,0.0,3,0.0,0.0,0.0,0,2,2.3333333333333335,1.4565217391304348,0.9516129032258064,1.6578947368421053,1.3421052631578947,2.812521222410866,66.02214589338648
2024-02-17,Newcastle United,Bournemouth,2,2,D,17,12,5,7,9,22,4,2,1,3.0,0,0.0,2024,H,,,1,0.0,0.0,0.0,0,1,1.6666666666666667,1.4532374100719423,1.0806451612903225,1.6578947368421053,-0.6578947368421053,-1.9568336162988116,64.06531227708767
2024-02-24,Newcastle United,Arsenal,1,4,H,18,3,8,2,15,6,9,0,0,,0,,2024,A,1.0,0.0,0,0.0,0.0,0.0,0,0,1.3333333333333333,1.4428571428571428,1.9428571428571428,1.6578947368421053,-1.6578947368421053,-4.336165413533836,59.72914686355384
2024-03-02,Newcastle United,Wolverhampton Wanderers,3,0,H,14,12,7,3,8,11,3,5,0,1.0,0,0.0,2024,H,,,3,0.0,0.0,0.0,1,0,1.3333333333333333,1.453900709219858,1.2411347517730495,1.6578947368421053,1.3421052631578947,4.069092945128779,63.79823980868262
2024-03-11,Newcastle United,Chelsea,2,3,H,12,11,8,3,12,7,0,4,1,,0,,2024,A,3.0,0.0,0,0.0,0.0,0.0,0,1,1.0,1.443661971830986,1.5886524822695036,1.6578947368421053,-1.6578947368421053,-4.53303471444569,59.265205094236926
2024-03-30,Newcastle United,West Ham United,4,3,H,24,10,9,4,9,8,3,4,1,1.0,1,0.0,2024,H,,,3,0.0,0.0,0.0,0,3,2.0,1.4545454545454546,1.4236111111111112,1.6578947368421053,1.3421052631578947,2.4917214912280703,61.756926585464996
2024-04-02,Newcastle United,Everton,1,1,D,18,10,6,3,9,14,7,3,0,3.0,0,0.0,2024,H,,,1,0.0,0.0,0.0,0,0,1.3333333333333333,1.4513888888888888,1.1527777777777777,1.6578947368421053,-0.6578947368421053,-1.7176535087719298,60.039273076693064
2024-04-06,Newcastle United,Fulham,1,0,A,14,12,4,5,10,13,14,3,2,,0,,2024,A,1.0,0.0,3,0.0,0.0,0.0,1,2,2.3333333333333335,1.4620689655172414,1.101851851851852,1.6578947368421053,1.3421052631578947,3.5899853801169592,63.62925845681002
2024-04-13,Newcastle United,Tottenham Hotspur,4,0,H,18,11,5,2,14,12,16,3,0,4.0,0,0.0,2024,H,,,3,0.0,0.0,0.0,1,0,2.3333333333333335,1.4726027397260273,1.7328767123287672,1.6578947368421053,1.3421052631578947,3.995331651045422,67.62459010785544
2024-04-24,Newcastle United,Crystal Palace,0,2,H,20,7,7,2,10,15,7,2,3,,0,,2024,A,3.0,0.0,0,0.0,0.0,0.0,0,3,2.0,1.4625850340136055,1.1891891891891893,1.6578947368421053,-1.6578947368421053,-4.973115220483643,62.6514748873718
2024-04-27,Newcastle United,Sheffield United,5,1,H,20,15,7,5,9,10,4,5,0,0.0,0,0.0,2024,H,,,3,0.0,0.0,0.0,0,0,2.0,1.472972972972973,0.5342465753424658,1.6578947368421053,1.3421052631578947,3.375126171593367,66.02660105896516
2024-05-04,Newcastle United,Burnley,4,1,A,17,23,5,11,8,8,4,11,2,,0,,2024,A,2.0,0.0,3,0.0,0.0,0.0,0,2,2.0,1.483221476510067,0.875,1.6578947368421053,1.3421052631578947,2.8240131578947367,68.8506142168599
2024-05-11,Newcastle United,Brighton and Hove Albion,1,1,D,18,15,7,4,9,16,8,4,3,4.0,0,0.0,2024,H,,,1,0.0,0.0,0.0,0,3,2.3333333333333335,1.48,1.346666666666667,1.6578947368421053,-0.6578947368421053,-2.496736842105263,66.35387737475463
2024-05-15,Newcastle United,Manchester United,2,3,H,17,21,8,8,16,7,9,9,3,,0,,2024,A,3.0,0.0,0,0.0,0.0,0.0,0,3,1.3333333333333333,1.4701986754966887,1.7483443708609272,1.6578947368421053,-1.6578947368421053,-5.0569884977344035,61.29688887702024
2024-05-19,Newcastle United,Brentford,4,2,A,10,12,5,7,15,11,3,0,4,,0,,2024,A,4.0,0.0,3,0.0,0.0,0.0,0,4,1.3333333333333333,1.480263157894737,1.263157894736842,1.6578947368421053,1.3421052631578947,2.2657894736842104,63.562678350704445
2024-08-17,Newcastle United,Southampton,1,0,H,3,19,1,4,15,16,3,12,2,4.0,1,0.0,2024,H,,,3,0.0,0.0,0.0,1,4,2.0,1.4901960784313726,0.9391304347826088,1.6578947368421053,1.3421052631578947,3.1143935926773456,66.67707194338179
2024-08-25,Newcastle United,Bournemouth,1,1,D,16,14,4,5,19,8,8,9,2,,0,,2024,A,2.0,0.0,1,0.0,0.0,0.0,0,2,2.3333333333333335,1.4870129870129871,1.141025641025641,1.6578947368421053,-0.6578947368421053,-2.215890688259109,64.46118125512268
2024-09-01,Newcastle United,Tottenham Hotspur,2,1,H,9,20,3,6,16,13,7,12,4,4.0,0,0.0,2024,H,,,3,0.0,0.0,0.0,0,4,2.3333333333333335,1.4967741935483871,1.696774193548387,1.6578947368421053,1.3421052631578947,2.200747028862479,66.66192828398516
2024-09-15,Newcastle United,Wolverhampton Wanderers,2,1,A,12,14,5,6,17,6,4,7,3,,0,,2024,A,3.0,0.0,3,0.0,0.0,0.0,0,3,2.3333333333333335,1.5064102564102564,1.1794871794871795,1.6578947368421053,1.3421052631578947,2.52834008097166,69.19026836495682
2024-09-21,Newcastle United,Fulham,1,3,H,22,15,11,4,16,8,6,0,0,,0,,2024,A,6.0,0.0,0,0.0,0.0,0.0,0,0,2.0,1.4968152866242035,1.134453781512605,1.6578947368421053,-1.6578947368421053,-4.214904909332155,64.97536345562466
2024-09-28,Newcastle United,Manchester City,1,1,D,11,16,4,6,14,10,5,6,4,4.0,0,0.0,2024,H,,,1,0.0,0.0,0.0,0,4,1.3333333333333333,1.4936708860759491,2.3607594936708862,1.6578947368421053,-0.6578947368421053,-2.898850766155896,62.07651268946877
2024-10-05,Newcastle United,Everton,0,0,D,8,14,2,3,12,8,0,10,2,,0,,2024,A,1.0,0.0,1,0.0,0.0,0.0,1,2,0.6666666666666666,1.490566037735849,1.1761006289308176,1.6578947368421053,-0.6578947368421053,-1.4211519364448857,60.655360753023885
2024-10-19,Newcastle United,Brighton and Hove Albion,0,1,A,21,10,6,5,11,9,9,4,2,2.0,0,0.0,2024,H,,,0,0.0,0.0,0.0,0,2,0.6666666666666666,1.48125,1.35625,1.6578947368421053,-1.6578947368421053,-4.748174342105264,55.90718641091863
2024-10-27,Newcastle United,Chelsea,1,2,H,17,11,7,3,13,16,7,4,3,,0,,2024,A,6.0,0.0,0,0.0,0.0,0.0,0,3,0.3333333333333333,1.4720496894409938,1.6459627329192548,1.6578947368421053,-1.6578947368421053,-5.041631252043152,50.86555515887548
2024-11-02,Newcastle United,Arsenal,1,0,H,9,10,4,1,16,18,4,6,4,4.0,0,0.0,2024,H,,,3,0.0,0.0,0.0,1,4,1.0,1.4814814814814814,1.9814814814814816,1.6578947368421053,1.3421052631578947,2.958040935672515,53.823596094547995
2024-11-10,Newcastle United,Nottingham Forest,3,1,A,9,17,3,6,13,6,4,5,1,,0,,2024,A,1.0,0.0,3,0.0,0.0,0.0,0,1,2.0,1.49079754601227,1.0689655172413792,1.6578947368421053,1.3421052631578947,3.04491833030853,56.86851442485653
2024-11-25,Newcastle United,West Ham United,0,2,A,18,15,2,6,11,8,8,3,1,0.0,0,0.0,2024,H,,,0,0.0,0.0,0.0,0,1,2.0,1.4817073170731707,1.3902439024390243,1.6578947368421053,-1.6578947368421053,-4.503273427471118,52.36524099738541
2024-11-30,Newcastle United,Crystal Palace,1,1,D,16,1,4,0,12,11,8,9,3,,0,,2024,A,3.0,0.0,1,0.0,0.0,0.0,0,3,1.3333333333333333,1.4787878787878788,1.181818181818182,1.6578947368421053,-0.6578947368421053,-2.4720095693779904,49.893231428007425
2024-12-04,Newcastle United,Liverpool,3,3,D,17,16,6,5,9,17,5,6,2,5.0,0,0.0,2024,H,,,1,0.0,0.0,0.0,0,2,0.6666666666666666,1.4759036144578312,2.0783132530120483,1.6578947368421053,-0.6578947368421053,-2.3564838300570705,47.53674759795035
2024-12-07,Newcastle United,Brentford,2,4,H,11,16,8,3,10,7,3,4,0,,0,,2024,A,3.0,0.0,0,0.0,0.0,0.0,0,0,0.6666666666666666,1.467065868263473,1.2945736434108528,1.6578947368421053,-1.6578947368421053,-4.238922888616892,43.297824709333455
2024-12-14,Newcastle United,Leicester City,4,0,H,27,4,11,1,7,16,5,2,3,3.0,0,0.0,2024,H,,,3,0.0,0.0,0.0,1,3,1.3333333333333333,1.4761904761904765,1.2769230769230768,1.6578947368421053,1.3421052631578947,3.3137246963562754,46.61154940568973
2024-12-21,Newcastle United,Ipswich Town,4,0,A,10,15,2,7,9,7,2,1,0,,0,,2024,A,2.0,0.0,3,0.0,0.0,0.0,1,0,2.0,1.485207100591716,0.7058823529411765,1.6578947368421053,1.3421052631578947,4.1493808049535605,50.760930210643295
2024-12-26,Newcastle United,Aston Villa,3,0,H,22,4,8,1,15,10,9,6,2,1.0,0,1.0,2024,H,,,3,0.0,0.0,0.0,1,2,3.0,1.4941176470588236,1.511764705882353,1.6578947368421053,1.3421052631578947,3.5284984520123843,54.28942866265568
2024-12-30,Newcastle United,Manchester United,2,0,A,10,12,0,4,13,8,2,3,1,,0,,2024,A,1.0,0.0,3,0.0,0.0,0.0,1,1,3.0,1.5029239766081872,1.6900584795321638,1.6578947368421053,1.3421052631578947,3.7517543859649125,58.041183048620596
2025-01-04,Newcastle United,Tottenham Hotspur,2,1,A,13,14,4,4,11,15,9,10,4,,0,,2025,A,1.0,0.0,3,0.0,0.0,0.0,0,4,3.0,1.5116279069767442,1.6453488372093024,1.5333333333333334,1.4666666666666666,2.5198643410852712,60.56104738970587
2025-01-15,Newcastle United,Wolverhampton Wanderers,3,0,H,17,13,5,7,10,13,4,2,0,2.0,0,0.0,2025,H,,,3,0.0,0.0,0.0,1,0,3.0,1.5202312138728324,1.1502890173410405,1.5333333333333334,1.4666666666666666,4.39412331406551,64.95517070377139
2025-01-18,Newcastle United,Bournemouth,1,4,A,13,19,5,10,7,18,7,6,1,6.0,0,0.0,2025,H,,,0,0.0,0.0,0.0,0,1,2.0,1.511494252873563,1.2653061224489797,1.5333333333333334,-1.5333333333333334,-4.173129251700681,60.7820414520707
2025-01-25,Newcastle United,Southampton,3,1,A,12,17,5,9,10,5,3,8,0,,0,,2025,A,1.0,0.0,3,0.0,0.0,0.0,0,0,2.0,1.52,0.8321167883211679,1.5333333333333334,1.4666666666666666,3.6418491484184914,64.42389060048919
2025-02-01,Newcastle United,Fulham,1,2,A,11,15,4,4,10,15,4,7,4,4.0,0,0.0,2025,H,,,0,0.0,0.0,0.0,0,4,1.0,1.5113636363636365,1.181159420289855,1.5333333333333334,-1.5333333333333334,-4.910507246376812,59.513383354112385
2025-02-15,Newcastle United,Manchester City,0,4,H,11,3,7,1,5,13,7,4,1,,0,,2025,A,0.0,0.0,0,0.0,0.0,0.0,0,1,1.0,1.502824858757062,2.2768361581920904,1.5333333333333334,-1.5333333333333334,-4.324858757062148,55.18852459705023
2025-02-23,Newcastle United,Nottingham Forest,4,3,H,13,17,5,5,11,13,7,6,1,4.0,0,0.0,2025,H,,,3,0.0,0.0,0.0,0,1,1.0,1.5112359550561798,1.1862745098039216,1.5333333333333334,1.4666666666666666,3.3387254901960786,58.52725008724631
2025-02-26,Newcastle United,Liverpool,0,2,H,12,3,3,0,12,11,4,2,1,,0,,2025,A,0.0,0.0,0,0.0,0.0,0.0,0,1,1.0,1.5027932960893855,2.094444444444445,1.5333333333333334,-1.5333333333333334,-4.297500000000001,54.2297500872463
2025-03-10,Newcastle United,West Ham United,1,0,A,9,9,2,3,7,15,3,4,1,,0,,2025,A,0.0,0.0,3,0.0,0.0,0.0,1,1,2.0,1.511111111111111,1.3666666666666667,1.5333333333333334,1.4666666666666666,4.111666666666666,58.341416753912966
2025-04-02,Newcastle United,Brentford,2,1,H,21,12,4,3,12,12,4,5,1,1.0,0,0.0,2025,H,,,3,0.0,0.0,0.0,0,1,2.0,1.5193370165745856,1.2847222222222223,1.5333333333333334,1.4666666666666666,3.323958333333333,61.6653750872463
2025-04-07,Newcastle United,Leicester City,3,0,A,7,16,2,5,8,9,12,2,0,,0,,2025,A,2.0,0.0,3,0.0,0.0,0.0,1,0,3.0,1.5274725274725274,1.1655172413793105,1.5333333333333334,1.4666666666666666,4.39183908045977,66.05721416770606
2025-04-13,Newcastle United,Manchester United,4,1,H,13,9,6,5,7,9,7,2,0,2.0,0,0.0,2025,H,,,3,0.0,0.0,0.0,0,0,3.0,1.53551912568306,1.6576086956521738,1.5333333333333334,1.4666666666666666,3.5180253623188404,69.5752395300249
2025-04-16,Newcastle United,Crystal Palace,5,0,H,14,11,7,4,9,15,5,4,2,3.0,0,0.0,2025,H,,,3,0.0,0.0,0.0,1,2,3.0,1.5434782608695652,1.2445652173913044,1.5333333333333334,1.4666666666666666,3.879981884057971,73.45522141408287
2025-04-19,Newcastle United,Aston Villa,1,4,H,23,10,9,3,9,12,7,7,3,,0,,2025,A,1.0,0.0,0,0.0,0.0,0.0,0,3,2.0,1.5351351351351352,1.545945945945946,1.5333333333333334,-1.5333333333333334,-4.715225225225226,68.73999618885765
2025-04-26,Newcastle United,Ipswich Town,3,0,H,25,4,5,0,9,9,11,2,1,2.0,0,1.0,2025,H,,,3,0.0,0.0,0.0,1,1,2.0,1.543010752688172,0.6176470588235294,1.5333333333333334,1.4666666666666666,4.224019607843137,72.96401579670078
2025-05-04,Newcastle United,Brighton and Hove Albion,1,1,D,5,13,2,5,15,10,1,4,1,,0,,2025,A,2.0,0.0,1,0.0,0.0,0.0,0,1,1.3333333333333333,1.5401069518716577,1.358288770053476,1.5333333333333334,-0.5333333333333334,-1.6870766488413549,71.27693914785942
2025-05-11,Newcastle United,Chelsea,2,0,H,15,10,6,3,9,13,2,8,4,2.0,0,1.0,2025,H,,,3,0.0,0.0,0.0,1,4,2.3333333333333335,1.547872340425532,1.6542553191489362,1.5333333333333334,1.4666666666666666,3.3185283687943263,74.59546751665376
2025-05-18,Newcastle United,Arsenal,0,1,H,12,14,4,5,9,9,10,7,3,,0,,2025,A,3.0,0.0,0,0.0,0.0,0.0,0,3,1.3333333333333333,1.5396825396825398,1.9788359788359788,1.5333333333333334,-1.5333333333333334,-4.780158730158731,69.81530878649502
2025-05-25,Newcastle United,Everton,0,1,A,17,14,6,6,12,9,12,3,1,4.0,0,0.0,2025,H,,,0,0.0,0.0,0.0,0,1,1.0,1.5315789473684212,1.2105263157894737,1.5333333333333334,-1.5333333333333334,-4.164912280701755,65.65039650579327
2025-08-16,Newcastle United,Aston Villa,0,0,D,3,16,3,3,13,11,3,6,1,,0,,2025,A,1.0,1.0,1,0.0,0.0,0.0,1,1,0.3333333333333333,1.5287958115183249,1.549738219895288,1.5333333333333334,-0.5333333333333334,-0.9157940663176266,64.73460243947565
2025-08-25,Newcastle United,Liverpool,2,3,A,10,5,3,4,17,15,7,1,2,3.0,1,0.0,2025,H,,,0,0.0,0.0,0.0,0,4,0.3333333333333333,1.5208333333333333,2.0833333333333335,1.5333333333333334,-1.5333333333333334,-5.045833333333334,59.68876910614231
2025-08-30,Newcastle United,Leeds United,0,0,D,10,8,1,2,10,15,5,5,1,,0,,2025,A,1.0,0.0,1,0.0,0.0,0.0,1,1,0.6666666666666666,1.5181347150259068,1.1282051282051282,1.5333333333333334,-0.5333333333333334,-0.8525641025641026,58.83620500357821
2025-09-13,Newcastle United,Wolverhampton Wanderers,1,0,H,16,8,4,3,10,17,10,4,1,4.0,0,0.0,2025,H,,,3,0.0,0.0,0.0,1,1,1.3333333333333333,1.5257731958762886,1.1597938144329898,1.5333333333333334,1.4666666666666666,4.142697594501718,62.97890259807993
2025-09-21,Newcastle United,Bournemouth,0,0,D,11,4,2,1,7,10,5,2,1,,0,,2025,A,2.0,0.0,1,0.0,0.0,0.0,1,1,1.6666666666666667,1.523076923076923,1.2857142857142858,1.5333333333333334,-0.5333333333333334,-0.8761904761904763,62.102712121889454
2025-09-28,Newcastle United,Arsenal,1,2,A,8,20,3,7,8,9,7,12,2,1.0,0,0.0,2025,H,,,0,0.0,0.0,0.0,0,2,1.3333333333333333,1.5153061224489797,1.989795918367347,1.5333333333333334,-1.5333333333333334,-4.531802721088436,57.570909400801014
2025-10-05,Newcastle United,Nottingham Forest,2,0,H,18,5,9,4,16,15,8,1,0,4.0,0,0.0,2025,H,,,3,0.0,0.0,0.0,1,0,1.3333333333333333,1.5228426395939083,1.1900826446280992,1.5333333333333334,1.4666666666666666,4.388154269972452,61.95906367077347
2025-10-18,Newcastle United,Brighton and Hove Albion,1,2,H,13,16,5,3,9,9,8,4,1,,0,,2025,A,0.0,0.0,0,0.0,0.0,0.0,0,1,1.0,1.5151515151515151,1.3888888888888888,1.5333333333333334,-1.5333333333333334,-4.191666666666667,57.7673970041068
2025-10-25,Newcastle United,Fulham,2,1,H,18,12,7,5,11,18,4,3,0,2.0,0,0.0,2025,H,,,3,0.0,0.0,0.0,0,0,2.0,1.5226130653266332,1.173913043478261,1.5333333333333334,1.4666666666666666,3.5905797101449273,61.35797671425173
2025-11-02,Newcastle United,West Ham United,1,3,H,15,12,9,4,5,10,7,6,2,,0,,2025,A,1.0,0.0,0,0.0,0.0,0.0,0,2,1.0,1.515,1.315,1.5333333333333334,-1.5333333333333334,-4.430583333333335,56.92739338091839
2025-11-09,Newcastle United,Brentford,1,3,H,15,5,7,1,10,13,6,2,1,,0,,2025,A,2.0,0.0,0,0.0,0.0,0.0,0,1,1.0,1.507462686567164,1.3251533742331287,1.5333333333333334,-1.5333333333333334,-4.182106339468303,52.745287041450084
2022-08-06,Nottingham Forest,Newcastle United,0,2,H,23,5,10,0,9,14,11,1,3,,0,,2022,A,0.0,0.0,0,0.0,0.0,0.0,0,3,0.0,0.0,1.2597402597402598,0.8125,-0.8125,-2.8702110389610387,87.12978896103895
2022-08-14,Nottingham Forest,West Ham United,1,0,H,13,19,6,5,10,11,6,7,4,1.0,0,0.0,2022,H,,,3,0.0,0.0,0.0,1,4,1.5,1.5,1.551282051282051,0.8125,2.1875,5.136057692307692,92.26584665334666
2022-08-20,Nottingham Forest,Everton,1,1,D,19,14,8,5,6,9,6,2,2,,0,,2022,A,3.0,0.0,1,0.0,0.0,0.0,0,2,1.3333333333333333,1.3333333333333333,1.2531645569620251,0.8125,0.1875,-0.11922468354430377,92.14662196980235
2022-08-28,Nottingham Forest,Tottenham Hotspur,0,2,A,17,18,1,7,11,13,6,1,6,1.0,0,0.0,2022,H,,,0,0.0,0.0,0.0,0,6,1.3333333333333333,1.0,1.7875,0.8125,-0.8125,-3.699375,88.44724696980235
2022-08-31,Nottingham Forest,Manchester City,0,6,H,17,8,9,1,9,7,10,1,1,,0,,2022,A,0.0,0.0,0,0.0,0.0,0.0,0,1,0.3333333333333333,0.8,2.3703703703703702,0.8125,-0.8125,-2.5368055555555555,85.91044141424679
2022-09-03,Nottingham Forest,Bournemouth,2,3,A,11,8,3,3,13,10,4,6,2,1.0,0,0.0,2022,H,,,0,0.0,0.0,0.0,0,2,0.0,0.6666666666666666,1.1666666666666667,0.8125,-0.8125,-2.6062499999999997,83.30419141424679
2022-09-16,Nottingham Forest,Fulham,2,3,A,11,15,3,7,11,10,2,10,2,4.0,0,0.0,2022,H,,,0,0.0,0.0,0.0,0,2,0.0,0.5714285714285714,0.8666666666666667,0.8125,-0.8125,-2.56125,80.7429414142468
2022-10-03,Nottingham Forest,Leicester City,0,4,H,17,10,7,3,13,12,6,6,4,,0,,2022,A,2.0,0.0,0,0.0,0.0,0.0,0,4,0.0,0.5,1.4523809523809523,0.8125,-0.8125,-3.149107142857143,77.59383427138965
2022-10-10,Nottingham Forest,Aston Villa,1,1,D,6,12,3,2,13,19,1,4,3,3.0,0,0.0,2022,H,,,1,0.0,0.0,0.0,0,3,0.3333333333333333,0.5555555555555556,1.2823529411764707,0.8125,0.1875,-0.37360294117647064,77.22023133021318
2022-10-15,Nottingham Forest,Wolverhampton Wanderers,0,1,H,9,10,2,2,17,13,4,5,2,,0,,2022,A,2.0,0.0,0,0.0,0.0,0.0,0,2,0.3333333333333333,0.5,1.2209302325581397,0.8125,-0.8125,-2.614389534883721,74.60584179532947
2022-10-18,Nottingham Forest,Brighton and Hove Albion,0,0,D,19,3,7,0,10,14,9,1,1,,0,,2022,A,3.0,0.0,1,0.0,0.0,0.0,1,1,0.6666666666666666,0.5454545454545454,1.244186046511628,0.8125,0.1875,0.9321220930232559,75.53796388835272
2022-10-22,Nottingham Forest,Liverpool,1,0,H,10,15,7,7,14,8,2,11,2,1.0,0,0.0,2022,H,,,3,0.0,0.0,0.0,1,2,1.3333333333333333,0.75,2.0344827586206895,0.8125,2.1875,5.563577586206896,81.10154147455961
2022-10-30,Nottingham Forest,Arsenal,0,5,H,24,5,10,2,9,8,9,4,1,,0,,2022,A,0.0,0.0,0,0.0,0.0,0.0,0,1,1.3333333333333333,0.6923076923076923,1.8295454545454544,0.8125,-0.8125,-2.455681818181818,78.6458596563778
2022-11-05,Nottingham Forest,Brentford,2,2,D,15,6,7,2,10,11,3,3,2,2.0,0,0.0,2022,H,,,1,0.0,0.0,0.0,0,2,1.3333333333333333,0.7142857142857143,1.1923076923076923,0.8125,0.1875,-0.11009615384615384,78.53576350253164
2022-11-12,Nottingham Forest,Crystal Palace,1,0,H,9,8,2,0,11,13,1,5,1,4.0,0,0.0,2022,H,,,3,0.0,0.0,0.0,1,1,1.3333333333333333,0.8666666666666667,1.2333333333333334,0.8125,2.1875,5.93375,84.46951350253164
2022-12-27,Nottingham Forest,Manchester United,0,3,H,17,8,8,3,13,4,9,9,1,,0,,2022,A,3.0,0.0,0,0.0,0.0,0.0,0,1,1.3333333333333333,0.8125,1.7692307692307692,0.8125,-0.8125,-2.4466346153846152,82.02287888714703
2023-01-01,Nottingham Forest,Chelsea,1,1,D,12,7,5,2,16,14,1,2,2,2.0,0,0.0,2023,H,,,1,0.0,0.0,0.0,0,2,1.3333333333333333,0.8235294117647058,1.8043478260869563,1.0714285714285714,-0.0714285714285714,-0.8492236024844719,81.17365528466256
2023-01-04,Nottingham Forest,Southampton,1,0,A,8,11,0,1,14,17,6,2,2,,0,,2023,A,2.0,0.0,3,0.0,0.0,0.0,1,2,1.3333333333333333,0.9444444444444444,1.0106382978723405,1.0714285714285714,1.9285714285714286,5.06983282674772,86.24348811141027
2023-01-14,Nottingham Forest,Leicester City,2,0,H,15,6,5,1,11,12,3,5,1,2.0,0,0.0,2023,H,,,3,0.0,0.0,0.0,1,1,2.3333333333333335,1.0526315789473684,1.4210526315789471,1.0714285714285714,1.9285714285714286,5.258270676691729,91.50175878810201
2023-01-21,Nottingham Forest,Bournemouth,1,1,D,16,20,4,5,10,7,4,6,2,,0,,2023,A,1.0,0.0,1,0.0,0.0,0.0,0,2,2.3333333333333335,1.05,0.85,1.0714285714285714,-0.0714285714285714,-0.7060714285714286,90.79568735953058
2023-02-05,Nottingham Forest,Leeds United,1,0,H,6,10,2,4,15,14,0,2,4,2.0,0,0.0,2023,H,,,3,0.0,0.0,0.0,1,4,2.3333333333333335,1.1428571428571428,1.1979166666666667,1.0714285714285714,1.9285714285714286,4.541741071428571,95.33742843095915
2023-02-11,Nottingham Forest,Fulham,0,2,H,16,10,3,1,9,11,5,4,1,,0,,2023,A,0.0,0.0,0,0.0,0.0,0.0,0,1,1.3333333333333333,1.0909090909090908,1.0327868852459017,1.0714285714285714,-1.0714285714285714,-2.9834894613583134,92.35393896960083
2023-02-18,Nottingham Forest,Manchester City,1,1,D,4,26,1,6,8,6,0,10,1,0.0,0,0.0,2023,H,,,1,0.0,0.0,0.0,0,1,1.3333333333333333,1.0869565217391304,2.31,1.0714285714285714,-0.0714285714285714,-0.6750714285714284,91.6788675410294
2023-02-25,Nottingham Forest,West Ham United,0,4,H,18,8,5,3,8,5,12,3,0,,0,,2023,A,0.0,0.0,0,0.0,0.0,0.0,0,0,0.3333333333333333,1.0416666666666667,1.44,1.0714285714285714,-1.0714285714285714,-2.7945714285714285,88.88429611245797
2023-03-05,Nottingham Forest,Everton,2,2,D,10,10,4,3,11,17,3,3,3,5.0,0,0.0,2023,H,,,1,0.0,0.0,0.0,0,3,0.6666666666666666,1.04,1.1764705882352942,1.0714285714285714,-0.0714285714285714,-1.0050420168067224,87.87925409565125
2023-03-11,Nottingham Forest,Tottenham Hotspur,1,3,H,15,9,7,5,13,13,2,10,1,,0,,2023,A,3.0,0.0,0,0.0,0.0,0.0,0,1,0.3333333333333333,1.0,1.7572815533980584,1.0714285714285714,-1.0714285714285714,-3.092163661581137,84.78709043407011
2023-03-17,Nottingham Forest,Newcastle United,1,2,A,5,15,3,4,17,9,3,7,5,1.0,0,0.0,2023,H,,,0,0.0,0.0,0.0,0,5,0.3333333333333333,0.9629629629629628,1.3823529411764706,1.0714285714285714,-1.0714285714285714,-4.0359243697478995,80.75116606432222
2023-04-01,Nottingham Forest,Wolverhampton Wanderers,1,1,D,17,8,7,1,14,13,4,3,3,5.0,0,0.0,2023,H,,,1,0.0,0.0,0.0,0,3,0.3333333333333333,0.9642857142857144,1.180952380952381,1.0714285714285714,-0.0714285714285714,-1.0057142857142856,79.74545177860793
2023-04-04,Nottingham Forest,Leeds United,1,2,H,21,13,6,1,11,13,11,4,4,,0,,2023,A,1.0,0.0,0,0.0,0.0,0.0,0,4,0.3333333333333333,0.9310344827586208,1.2,1.0714285714285714,-1.0714285714285714,-3.7585714285714285,75.9868803500365
2023-04-08,Nottingham Forest,Aston Villa,0,2,H,8,6,3,2,7,17,1,8,4,,0,,2023,A,3.0,0.0,0,0.0,0.0,0.0,0,4,0.3333333333333333,0.9,1.3867924528301887,1.0714285714285714,-1.0714285714285714,-3.7865902964959566,72.20029005354054
2023-04-16,Nottingham Forest,Manchester United,0,2,A,6,22,0,8,9,9,4,9,2,2.0,0,0.0,2023,H,,,0,0.0,0.0,0.0,0,2,0.0,0.8709677419354839,1.80188679245283,1.0714285714285714,-1.0714285714285714,-3.348854447439353,68.85143560610119
2023-04-22,Nottingham Forest,Liverpool,2,3,H,18,11,6,5,9,12,9,3,1,,0,,2023,A,0.0,0.0,0,0.0,0.0,0.0,0,1,0.0,0.84375,1.97196261682243,1.0714285714285714,-1.0714285714285714,-3.1243658210947927,65.72706978500639
2023-04-26,Nottingham Forest,Brighton and Hove Albion,3,1,H,12,17,5,7,7,8,2,7,2,0.0,0,0.0,2023,H,,,3,0.0,0.0,0.0,0,2,1.0,0.9090909090909092,1.330188679245283,1.0714285714285714,1.9285714285714286,4.221900269541778,69.94897005454817
2023-04-29,Nottingham Forest,Brentford,1,2,H,14,5,8,3,6,13,6,0,2,,0,,2023,A,1.0,0.0,0,0.0,0.0,0.0,0,2,1.0,0.8823529411764706,1.3333333333333333,1.0714285714285714,-1.0714285714285714,-3.2785714285714285,66.67039862597674
2023-05-08,Nottingham Forest,Southampton,4,3,H,9,19,4,5,16,10,2,11,1,0.0,0,0.0,2023,H,,,3,0.0,0.0,0.0,0,1,2.0,0.9428571428571428,0.963963963963964,1.0714285714285714,1.9285714285714286,4.526833976833976,71.19723260281073
2023-05-13,Nottingham Forest,Chelsea,2,2,D,14,11,6,2,13,15,2,5,1,,0,,2023,A,3.0,0.0,1,0.0,0.0,0.0,0,1,1.3333333333333333,0.9444444444444444,1.6576576576576576,1.0714285714285714,-0.0714285714285714,-0.5772200772200772,70.62001252559065
2023-05-20,Nottingham Forest,Arsenal,1,0,H,6,11,2,3,11,12,3,6,3,2.0,0,0.0,2023,H,,,3,0.0,0.0,0.0,1,3,2.3333333333333335,1.0,1.8672566371681416,1.0714285714285714,1.9285714285714286,4.69134007585335,75.311352601444
2023-05-28,Nottingham Forest,Crystal Palace,1,1,D,16,7,4,4,9,13,5,4,2,,0,,2023,A,0.0,0.0,1,0.0,0.0,0.0,0,2,1.6666666666666667,1.0,1.2017543859649122,1.0714285714285714,-0.0714285714285714,-0.7588345864661653,74.55251801497784
2023-08-12,Nottingham Forest,Arsenal,1,2,H,15,6,7,2,12,12,8,3,2,,0,,2023,A,2.0,0.0,0,0.0,0.0,0.0,0,2,1.3333333333333333,0.9743589743589745,1.8869565217391304,1.0714285714285714,-1.0714285714285714,-3.361614906832298,71.19090310814553
2023-08-18,Nottingham Forest,Sheffield United,2,1,H,16,7,4,3,5,9,6,7,2,3.0,0,0.0,2023,H,,,3,0.0,0.0,0.0,0,2,1.3333333333333333,1.025,0.575,1.0714285714285714,1.9285714285714286,4.335178571428571,75.5260816795741
2023-08-26,Nottingham Forest,Manchester United,2,3,H,18,9,9,4,13,11,11,3,4,,1,,2023,A,4.0,0.0,0,0.0,0.0,0.0,0,6,1.0,1.0,1.8205128205128205,1.0714285714285714,-1.0714285714285714,-4.351648351648352,71.17443332792575
2023-09-02,Nottingham Forest,Chelsea,1,0,A,21,7,2,3,10,9,8,0,4,,0,,2023,A,3.0,0.0,3,0.0,0.0,0.0,1,4,2.0,1.0476190476190477,1.6016949152542372,1.0714285714285714,1.9285714285714286,4.481174334140435,75.65560766206619
2023-09-18,Nottingham Forest,Burnley,1,1,D,14,10,4,3,16,10,5,4,2,3.0,0,1.0,2023,H,,,1,0.0,0.0,0.0,0,2,1.3333333333333333,1.0465116279069768,0.9375,1.0714285714285714,-0.0714285714285714,-0.7191964285714285,74.93641123349477
2023-09-23,Nottingham Forest,Manchester City,0,2,H,7,10,4,3,5,17,6,6,7,,0,,2023,A,3.0,1.0,0,0.0,0.0,0.0,0,7,1.3333333333333333,1.0227272727272727,2.3833333333333333,1.0714285714285714,-1.0714285714285714,-4.686071428571429,70.25033980492333
2023-10-01,Nottingham Forest,Brentford,1,1,D,6,18,1,5,6,10,1,11,1,2.0,1,0.0,2023,H,,,1,0.0,0.0,0.0,0,3,0.6666666666666666,1.022222222222222,1.3493975903614457,1.0714285714285714,-0.0714285714285714,-1.0309810671256452,69.21935873779768
2023-10-07,Nottingham Forest,Crystal Palace,0,0,D,8,16,2,5,7,12,3,7,1,,0,,2023,A,0.0,0.0,1,0.0,0.0,0.0,1,1,0.6666666666666666,1.0217391304347827,1.221311475409836,1.0714285714285714,-0.0714285714285714,0.2882318501170962,69.50759058791478
2023-10-21,Nottingham Forest,Luton Town,2,2,D,19,13,8,4,12,11,4,2,3,0.0,0,0.0,2023,H,,,1,0.0,0.0,0.0,0,3,1.0,1.0212765957446808,0.5555555555555556,1.0714285714285714,-0.0714285714285714,-0.9119047619047619,68.59568582601003
2023-10-29,Nottingham Forest,Liverpool,0,3,H,21,9,8,1,9,13,8,3,3,,0,,2023,A,2.0,0.0,0,0.0,0.0,0.0,0,3,0.6666666666666666,1.0,2.024193548387097,1.0714285714285714,-1.0714285714285714,-3.632200460829493,64.96348536518053
2023-11-05,Nottingham Forest,Aston Villa,2,0,H,5,13,3,3,6,9,0,10,1,1.0,0,0.0,2023,H,,,3,0.0,0.0,0.0,1,1,1.3333333333333333,1.0408163265306123,1.464,1.0714285714285714,1.9285714285714286,5.251828571428571,70.21531393660909
2023-11-12,Nottingham Forest,West Ham United,2,3,H,16,10,6,5,9,12,9,4,2,,0,,2023,A,2.0,0.0,0,0.0,0.0,0.0,0,2,1.0,1.02,1.4126984126984128,1.0714285714285714,-1.0714285714285714,-3.2904761904761903,66.92483774613291
2023-11-25,Nottingham Forest,Brighton and Hove Albion,2,3,A,18,11,5,5,12,7,6,4,2,4.0,0,1.0,2023,H,,,0,0.0,0.0,0.0,0,2,1.0,1.0,1.3858267716535433,1.0714285714285714,-1.0714285714285714,-3.28644544431946,63.63839230181345
2023-12-02,Nottingham Forest,Everton,0,1,A,13,12,2,3,15,14,4,3,1,0.0,0,0.0,2023,H,,,0,0.0,0.0,0.0,0,1,0.0,0.9807692307692308,1.1796875,1.0714285714285714,-1.0714285714285714,-3.005524553571428,60.63286774824202
2023-12-06,Nottingham Forest,Fulham,0,5,H,14,4,6,1,7,10,6,1,1,,0,,2023,A,0.0,0.0,0,0.0,0.0,0.0,0,1,0.0,0.9622641509433962,1.0769230769230769,1.0714285714285714,-1.0714285714285714,-2.9901098901098897,57.64275785813213
2023-12-09,Nottingham Forest,Wolverhampton Wanderers,1,1,D,10,8,4,2,9,11,4,3,1,,0,,2023,A,0.0,0.0,1,0.0,0.0,0.0,0,1,0.3333333333333333,0.9629629629629628,1.2,1.0714285714285714,-0.0714285714285714,-0.5085714285714286,57.1341864295607
2023-12-15,Nottingham Forest,Tottenham Hotspur,0,2,A,15,12,1,6,16,11,6,4,2,4.0,0,1.0,2023,H,,,0,0.0,0.0,0.0,0,2,0.3333333333333333,0.9454545454545454,1.7251908396946565,1.0714285714285714,-1.0714285714285714,-3.337350054525627,53.79683637503507
2023-12-23,Nottingham Forest,Bournemouth,2,3,A,11,18,5,7,10,10,6,6,0,3.0,1,0.0,2023,H,,,0,0.0,0.0,0.0,0,2,0.3333333333333333,0.9285714285714286,1.1090909090909091,1.0714285714285714,-1.0714285714285714,-3.244935064935065,50.55190131010001
2023-12-26,Nottingham Forest,Newcastle United,3,1,A,19,15,7,6,10,11,10,2,3,,0,,2023,A,3.0,0.0,3,0.0,0.0,0.0,0,3,1.0,0.9649122807017544,1.4586466165413534,1.0714285714285714,1.9285714285714286,3.952631578947368,54.504532889047375
2023-12-30,Nottingham Forest,Manchester United,2,1,H,8,10,2,5,9,11,4,5,2,4.0,0,0.0,2023,H,,,3,0.0,0.0,0.0,0,2,2.0,1.0,1.7761194029850746,1.0714285714285714,1.9285714285714286,4.1550106609808095,58.65954355002819
2024-01-20,Nottingham Forest,Brentford,2,3,H,11,12,5,3,10,14,6,4,3,,0,,2024,A,1.0,0.0,0,0.0,0.0,0.0,0,3,2.0,0.9830508474576272,1.3229166666666667,1.4324324324324325,-1.4324324324324325,-4.429518581081081,54.230024968947106
2024-01-30,Nottingham Forest,Arsenal,1,2,A,9,19,3,3,6,7,2,11,0,1.0,0,0.0,2024,H,,,0,0.0,0.0,0.0,0,0,1.0,0.9666666666666668,1.911764705882353,1.4324324324324325,-1.4324324324324325,-3.767845786963434,50.46217918198367
2024-02-04,Nottingham Forest,Bournemouth,1,1,D,9,8,2,6,19,12,11,6,2,,0,,2024,A,3.0,1.0,1,0.0,0.0,0.0,0,2,0.3333333333333333,0.9672131147540984,1.1,1.4324324324324325,-0.43243243243243246,-1.646081081081081,48.81609810090259
2024-02-10,Nottingham Forest,Newcastle United,2,3,A,13,7,3,5,9,6,4,4,1,2.0,0,0.0,2024,H,,,0,0.0,0.0,0.0,0,1,0.3333333333333333,0.9516129032258064,1.4565217391304348,1.4324324324324325,-1.4324324324324325,-3.949559341950646,44.86653875895195
2024-02-17,Nottingham Forest,West Ham United,2,0,H,19,10,8,3,13,15,5,3,4,4.0,0,1.0,2024,H,,,3,0.0,0.0,0.0,1,4,1.3333333333333333,0.984126984126984,1.4172661870503598,1.4324324324324325,1.5675675675675675,3.6063289908613654,48.47286774981331
2024-02-24,Nottingham Forest,Aston Villa,2,4,H,16,10,6,3,7,16,7,2,2,,0,,2024,A,1.0,0.0,0,0.0,0.0,0.0,0,2,1.0,0.96875,1.5214285714285714,1.4324324324324325,-1.4324324324324325,-4.2092953667953665,44.263572383017944
2024-03-02,Nottingham Forest,Liverpool,0,1,A,8,22,2,2,11,12,3,12,2,2.0,0,0.0,2024,H,,,0,0.0,0.0,0.0,0,2,1.0,0.953846153846154,2.0638297872340425,1.4324324324324325,-1.4324324324324325,-4.290655549166187,39.972916833851755
2024-03-10,Nottingham Forest,Brighton and Hove Albion,0,1,H,10,9,3,4,14,14,6,3,4,,0,,2024,A,4.0,0.0,0,0.0,0.0,0.0,0,4,0.0,0.9393939393939394,1.380281690140845,1.4324324324324325,-1.4324324324324325,-4.688123334602208,35.284793499249545
2024-03-16,Nottingham Forest,Luton Town,1,1,D,10,16,4,6,10,17,6,7,2,,0,,2024,A,1.0,0.0,1,0.0,0.0,0.0,0,2,0.3333333333333333,0.9402985074626866,0.7586206896551724,1.4324324324324325,-0.43243243243243246,-1.5948741845293568,33.689919314720186
2024-03-30,Nottingham Forest,Crystal Palace,1,1,D,12,10,5,3,14,12,4,6,1,1.0,0,0.0,2024,H,,,1,0.0,0.0,0.0,0,1,0.6666666666666666,0.9411764705882352,1.167832167832168,1.4324324324324325,-0.43243243243243246,-1.4062559062559061,32.28366340846428
2024-04-02,Nottingham Forest,Fulham,3,1,H,16,18,4,3,7,8,3,8,0,0.0,0,0.0,2024,H,,,3,0.0,0.0,0.0,0,0,1.6666666666666667,0.9710144927536232,1.1121495327102804,1.4324324324324325,1.5675675675675675,3.852096489012377,36.13575989747665
2024-04-07,Nottingham Forest,Tottenham Hotspur,1,3,H,17,13,7,6,11,12,12,2,3,,0,,2024,A,2.0,0.0,0,0.0,0.0,0.0,0,3,1.3333333333333333,0.9571428571428572,1.7448275862068965,1.4324324324324325,-1.4324324324324325,-4.492805219012116,31.642954678464534
2024-04-13,Nottingham Forest,Wolverhampton Wanderers,2,2,D,18,11,9,4,15,10,10,1,2,3.0,0,0.0,2024,H,,,1,0.0,0.0,0.0,0,2,1.3333333333333333,0.9577464788732394,1.2328767123287672,1.4324324324324325,-0.43243243243243246,-1.6660125879303962,29.976942090534138
2024-04-21,Nottingham Forest,Everton,0,2,H,7,8,4,3,15,9,6,4,2,,0,,2024,A,3.0,0.0,0,0.0,0.0,0.0,0,2,0.3333333333333333,0.9444444444444444,1.1700680272108843,1.4324324324324325,-1.4324324324324325,-4.156591285162714,25.82035080537142
2024-04-28,Nottingham Forest,Manchester City,0,2,A,14,11,2,5,8,6,4,5,0,0.0,0,0.0,2024,H,,,0,0.0,0.0,0.0,0,0,0.3333333333333333,0.9315068493150684,2.3445945945945947,1.4324324324324325,-1.4324324324324325,-3.83277027027027,21.987580535101145
2024-05-04,Nottingham Forest,Sheffield United,3,1,A,17,15,5,4,9,7,5,3,1,,0,,2024,A,0.0,1.0,3,0.0,0.0,0.0,0,1,1.0,0.9594594594594594,0.527027027027027,1.4324324324324325,1.5675675675675675,3.689864864864865,25.677445399966004
2024-05-11,Nottingham Forest,Chelsea,2,3,A,20,12,4,5,14,8,5,6,2,3.0,0,0.0,2024,H,,,0,0.0,0.0,0.0,0,2,1.0,0.9466666666666668,1.6133333333333333,1.4324324324324325,-1.4324324324324325,-4.223081081081081,21.454364318884927
2024-05-19,Nottingham Forest,Burnley,2,1,A,20,12,3,6,11,5,4,3,0,,0,,2024,A,1.0,0.0,3,0.0,0.0,0.0,0,0,2.0,0.9736842105263158,0.8596491228070176,1.4324324324324325,1.5675675675675675,3.8899715504978665,25.34433586938279
2024-08-17,Nottingham Forest,Bournemouth,1,1,D,14,13,8,4,17,8,2,6,1,3.0,0,0.0,2024,H,,,1,0.0,0.0,0.0,0,1,1.3333333333333333,0.974025974025974,1.1428571428571428,1.4324324324324325,-0.43243243243243246,-1.4025096525096525,23.94182621687314
2024-08-24,Nottingham Forest,Southampton,1,0,A,5,23,1,8,14,14,4,10,3,,0,,2024,A,3.0,0.0,3,0.0,0.0,0.0,1,3,2.3333333333333335,1.0,0.9310344827586208,1.4324324324324325,1.5675675675675675,3.9292637465051263,27.871089963378267
2024-08-31,Nottingham Forest,Wolverhampton Wanderers,1,1,D,16,11,5,3,15,18,7,3,3,4.0,0,0.0,2024,H,,,1,0.0,0.0,0.0,0,3,1.6666666666666667,1.0,1.1870967741935483,1.4324324324324325,-0.43243243243243246,-1.9091455972101135,25.961944366168154
2024-09-14,Nottingham Forest,Liverpool,1,0,A,14,5,5,3,15,6,7,2,4,,0,,2024,A,4.0,0.0,3,0.0,0.0,0.0,1,4,2.3333333333333335,1.025,2.0448717948717947,1.4324324324324325,1.5675675675675675,3.51218814968815,29.474132515856304
2024-09-22,Nottingham Forest,Brighton and Hove Albion,2,2,D,14,4,3,3,12,11,9,1,4,,1,,2024,A,3.0,0.0,1,0.0,0.0,0.0,0,6,1.6666666666666667,1.0246913580246917,1.3439490445859872,1.4324324324324325,-0.43243243243243246,-2.682673437768979,26.79145907808733
2024-09-28,Nottingham Forest,Fulham,0,1,A,11,14,1,2,11,15,6,5,2,4.0,0,0.0,2024,H,,,0,0.0,0.0,0.0,0,2,1.3333333333333333,1.0121951219512195,1.15,1.4324324324324325,-1.4324324324324325,-4.153581081081081,22.637877997006242
2024-10-06,Nottingham Forest,Chelsea,1,1,D,22,16,8,9,12,11,11,3,2,,1,,2024,A,6.0,0.0,1,0.0,0.0,0.0,0,4,0.6666666666666666,1.0120481927710845,1.6477987421383649,1.4324324324324325,-0.43243243243243246,-2.2282508924018356,20.40962710460441
2024-10-21,Nottingham Forest,Crystal Palace,1,0,H,20,20,6,7,9,12,6,6,2,3.0,0,0.0,2024,H,,,3,0.0,0.0,0.0,1,2,1.3333333333333333,1.0357142857142858,1.18125,1.4324324324324325,1.5675675675675675,4.141731418918919,24.551358523523334
2024-10-25,Nottingham Forest,Leicester City,3,1,A,11,20,1,5,16,9,6,7,2,,0,,2024,A,5.0,0.0,3,0.0,0.0,0.0,0,2,2.3333333333333335,1.0588235294117647,1.3089430894308942,1.4324324324324325,1.5675675675675675,3.322577455504285,27.87393597902762
2024-11-02,Nottingham Forest,West Ham United,3,0,H,19,4,6,2,7,9,11,6,1,2.0,0,1.0,2024,H,,,3,0.0,0.0,0.0,1,1,3.0,1.0813953488372092,1.382716049382716,1.4324324324324325,1.5675675675675675,4.3615115115115115,32.23544749053913
2024-11-10,Nottingham Forest,Newcastle United,1,3,A,9,17,3,6,13,6,4,5,1,1.0,0,0.0,2024,H,,,0,0.0,0.0,0.0,0,1,2.0,1.0689655172413792,1.49079754601227,1.4324324324324325,-1.4324324324324325,-3.954700712982922,28.28074677755621
2024-11-23,Nottingham Forest,Arsenal,0,3,H,19,7,7,0,10,1,8,1,2,,0,,2024,A,3.0,0.0,0,0.0,0.0,0.0,0,2,1.0,1.056818181818182,1.9817073170731707,1.4324324324324325,-1.4324324324324325,-4.278337178642056,24.002409598914156
2024-11-30,Nottingham Forest,Ipswich Town,1,0,H,12,7,5,3,5,16,8,7,1,3.0,0,0.0,2024,H,,,3,0.0,0.0,0.0,1,1,1.0,1.0786516853932584,0.6923076923076923,1.4324324324324325,1.5675675675675675,4.465072765072765,28.467482363986917
2024-12-04,Nottingham Forest,Manchester City,0,3,H,17,12,7,3,7,15,8,2,4,,0,,2024,A,2.0,0.0,0,0.0,0.0,0.0,0,4,1.0,1.0666666666666669,2.319277108433735,1.4324324324324325,-1.4324324324324325,-4.828972647346141,23.638509716640783
2024-12-07,Nottingham Forest,Manchester United,3,2,A,17,11,7,3,10,13,5,3,2,,0,,2024,A,0.0,0.0,3,0.0,0.0,0.0,0,2,2.0,1.0879120879120878,1.7125748502994012,1.4324324324324325,1.5675675675675675,3.2620326913740088,26.900542408014793
2024-12-14,Nottingham Forest,Aston Villa,2,1,H,17,8,6,2,12,6,4,3,0,1.0,0,0.0,2024,H,,,3,0.0,0.0,0.0,0,0,2.0,1.108695652173913,1.511904761904762,1.4324324324324325,1.5675675675675675,3.792133204633205,30.692675612647996
2024-12-21,Nottingham Forest,Brentford,2,0,A,7,10,3,6,9,14,9,5,4,,0,,2024,A,3.0,0.0,3,0.0,0.0,0.0,1,4,3.0,1.1290322580645162,1.2748091603053435,1.4324324324324325,1.5675675675675675,3.6276975448731177,34.32037315752111
2024-12-26,Nottingham Forest,Tottenham Hotspur,1,0,H,10,13,3,4,12,13,2,7,3,2.0,0,1.0,2024,H,,,3,0.0,0.0,0.0,1,3,3.0,1.148936170212766,1.6588235294117648,1.4324324324324325,1.5675675675675675,3.8200953895071543,38.14046854702826
2024-12-29,Nottingham Forest,Everton,2,0,A,13,11,2,7,13,10,5,4,1,,0,,2024,A,4.0,0.0,3,0.0,0.0,0.0,1,1,3.0,1.168421052631579,1.1705882352941177,1.4324324324324325,1.5675675675675675,4.393330683624801,42.53379923065307
2025-01-06,Nottingham Forest,Wolverhampton Wanderers,3,0,A,13,11,6,3,10,8,5,3,2,,0,,2025,A,1.0,0.0,3,0.0,0.0,0.0,1,2,3.0,1.1875,1.1569767441860466,1.2333333333333334,1.7666666666666666,4.643120155038758,47.176919385691825
2025-01-14,Nottingham Forest,Liverpool,1,1,D,6,23,3,7,7,10,0,9,2,1.0,0,0.0,2025,H,,,1,0.0,0.0,0.0,0,2,2.3333333333333335,1.1855670103092784,2.0755813953488373,1.2333333333333334,-0.2333333333333334,-1.294670542635659,45.88224884305617
2025-01-19,Nottingham Forest,Southampton,3,2,H,14,10,5,4,4,18,2,8,0,4.0,0,0.0,2025,H,,,3,0.0,0.0,0.0,0,0,2.3333333333333335,1.2040816326530612,0.8382352941176471,1.2333333333333334,1.7666666666666666,4.390931372549018,50.27318021560519
2025-01-25,Nottingham Forest,Bournemouth,0,5,H,16,18,10,4,9,12,3,9,3,,0,,2025,A,2.0,0.0,0,0.0,0.0,0.0,0,3,1.3333333333333333,1.1919191919191918,1.2828282828282829,1.2333333333333334,-1.2333333333333334,-3.9257575757575762,46.34742263984761
2025-02-01,Nottingham Forest,Brighton and Hove Albion,7,0,H,14,10,9,5,8,13,4,6,1,3.0,0,0.0,2025,H,,,3,0.0,0.0,0.0,1,1,2.0,1.21,1.3409090909090908,1.2333333333333334,1.7666666666666666,4.865530303030302,51.21295294287791
2025-02-15,Nottingham Forest,Fulham,1,2,H,24,8,10,2,13,8,8,4,0,,0,,2025,A,0.0,0.0,0,0.0,0.0,0.0,0,0,1.0,1.198019801980198,1.1942446043165469,1.2333333333333334,-1.2333333333333334,-3.1624700239808154,48.050482918897096
2025-02-23,Nottingham Forest,Newcastle United,3,4,H,13,17,5,5,11,13,7,6,4,,0,,2025,A,1.0,0.0,0,0.0,0.0,0.0,0,4,1.0,1.1862745098039216,1.5112359550561798,1.2333333333333334,-1.2333333333333334,-4.210018726591761,43.84046419230533
2025-02-26,Nottingham Forest,Arsenal,0,0,D,6,13,2,1,10,17,3,11,1,1.0,0,0.0,2025,H,,,1,0.0,0.0,0.0,1,1,0.3333333333333333,1.1844660194174756,1.994413407821229,1.2333333333333334,-0.2333333333333334,-0.2324953445065178,43.607968847798816
2025-03-08,Nottingham Forest,Manchester City,1,0,H,9,14,4,3,9,7,3,2,3,2.0,0,0.0,2025,H,,,3,0.0,0.0,0.0,1,3,1.3333333333333333,1.2019230769230769,2.2555555555555555,1.2333333333333334,1.7666666666666666,4.228333333333333,47.83630218113215
2025-03-15,Nottingham Forest,Ipswich Town,4,2,A,11,11,4,6,4,13,6,3,1,,0,,2025,A,1.0,0.0,3,0.0,0.0,0.0,0,1,2.3333333333333335,1.2190476190476192,0.5862068965517241,1.2333333333333334,1.7666666666666666,4.1787356321839075,52.015037813316056
2025-04-01,Nottingham Forest,Manchester United,1,0,H,8,23,2,6,5,12,3,10,1,3.0,0,0.0,2025,H,,,3,0.0,0.0,0.0,1,1,3.0,1.2358490566037736,1.6703296703296704,1.2333333333333334,1.7666666666666666,4.816117216117215,56.83115502943327
2025-04-05,Nottingham Forest,Aston Villa,1,2,H,17,19,8,3,7,15,4,4,2,,0,,2025,A,2.0,0.0,0,0.0,0.0,0.0,0,2,2.0,1.2242990654205608,1.530054644808743,1.2333333333333334,-1.2333333333333334,-3.7128415300546447,53.11831349937862
2025-04-12,Nottingham Forest,Everton,0,1,A,10,13,5,5,9,13,1,7,0,3.0,0,0.0,2025,H,,,0,0.0,0.0,0.0,0,0,1.0,1.212962962962963,1.1956521739130437,1.2333333333333334,-1.2333333333333334,-3.16268115942029,49.955632339958335
2025-04-21,Nottingham Forest,Tottenham Hotspur,2,1,A,22,4,6,3,11,12,7,1,4,,0,,2025,A,1.0,0.0,3,0.0,0.0,0.0,0,4,1.0,1.2293577981651376,1.6,1.2333333333333334,1.7666666666666666,3.276666666666666,53.232299006625
2025-05-01,Nottingham Forest,Brentford,0,2,A,14,11,5,3,10,12,4,5,3,5.0,0,0.0,2025,H,,,0,0.0,0.0,0.0,0,3,1.0,1.2181818181818185,1.304054054054054,1.2333333333333334,-1.2333333333333334,-3.928941441441441,49.30335756518356
2025-05-05,Nottingham Forest,Crystal Palace,1,1,D,20,12,3,4,9,15,7,4,8,,0,,2025,A,3.0,0.0,1,0.0,0.0,0.0,0,8,1.3333333333333333,1.2162162162162162,1.2406417112299466,1.2333333333333334,-0.2333333333333334,-2.6694295900178253,46.63392797516573
2025-05-11,Nottingham Forest,Leicester City,2,2,D,15,10,4,6,11,11,4,4,3,3.0,0,0.0,2025,H,,,1,0.0,0.0,0.0,0,3,0.6666666666666666,1.2142857142857142,1.16,1.2333333333333334,-0.2333333333333334,-1.4073333333333333,45.2265946418324
2025-05-18,Nottingham Forest,West Ham United,2,1,A,16,10,5,5,14,7,8,7,3,,0,,2025,A,6.0,0.0,3,0.0,0.0,0.0,0,3,1.6666666666666667,1.2300884955752212,1.3386243386243386,1.2333333333333334,1.7666666666666666,3.565873015873015,48.792467657705416
2025-05-25,Nottingham Forest,Chelsea,0,1,A,10,6,2,2,10,11,7,4,2,2.0,0,0.0,2025,H,,,0,0.0,0.0,0.0,0,2,1.3333333333333333,1.219298245614035,1.668421052631579,1.2333333333333334,-1.2333333333333334,-3.73359649122807,45.058871166477346
2025-08-17,Nottingham Forest,Brentford,3,1,H,11,10,5,3,7,15,5,5,1,2.0,0,0.0,2025,H,,,3,0.0,0.0,0.0,0,1,2.0,1.2347826086956522,1.30718954248366,1.2333333333333334,1.7666666666666666,4.0705882352941165,49.12945940177146
2025-08-24,Nottingham Forest,Crystal Palace,1,1,D,8,9,4,1,11,11,1,3,3,,0,,2025,A,3.0,0.0,1,0.0,0.0,0.0,0,3,1.3333333333333333,1.2327586206896552,1.2552083333333333,1.2333333333333334,-0.2333333333333334,-1.4216145833333333,47.70784481843813
2025-08-31,Nottingham Forest,West Ham United,0,3,A,11,12,3,8,14,6,9,7,0,0.0,0,0.0,2025,H,,,0,0.0,0.0,0.0,0,0,1.3333333333333333,1.2222222222222223,1.3419689119170986,1.2333333333333334,-1.2333333333333334,-3.1846286701208983,44.52321614831723
2025-09-13,Nottingham Forest,Arsenal,0,3,H,16,5,5,1,8,11,8,4,1,,0,,2025,A,1.0,0.0,0,0.0,0.0,0.0,0,1,0.3333333333333333,1.2118644067796611,1.9896907216494848,1.2333333333333334,-1.2333333333333334,-3.5317869415807563,40.99142920673648
2025-09-20,Nottingham Forest,Burnley,1,1,D,12,17,5,8,12,11,4,5,1,,0,,2025,A,1.0,0.0,1,0.0,0.0,0.0,0,1,0.3333333333333333,1.2100840336134453,0.8571428571428571,1.2333333333333334,-0.2333333333333334,-0.8619047619047621,40.129524444831716
2025-09-27,Nottingham Forest,Sunderland,0,1,A,22,11,6,3,11,6,7,4,4,2.0,0,0.0,2025,H,,,0,0.0,0.0,0.0,0,4,0.3333333333333333,1.2,1.8333333333333333,1.2333333333333334,-1.2333333333333334,-4.258333333333335,35.87119111149838
2025-10-05,Nottingham Forest,Newcastle United,0,2,H,18,5,9,4,16,15,8,1,4,,0,,2025,A,0.0,0.0,0,0.0,0.0,0.0,0,4,0.3333333333333333,1.1900826446280992,1.5228426395939083,1.2333333333333334,-1.2333333333333334,-4.211759729272421,31.65943138222596
2025-10-18,Nottingham Forest,Chelsea,0,3,A,12,17,2,6,13,16,5,2,2,2.0,0,1.0,2025,H,,,0,0.0,0.0,0.0,0,2,0.0,1.180327868852459,1.6717171717171715,1.2333333333333334,-1.2333333333333334,-3.734090909090909,27.92534047313505
2025-10-26,Nottingham Forest,Bournemouth,0,2,H,13,8,5,4,17,7,6,4,1,,0,,2025,A,3.0,0.0,0,0.0,0.0,0.0,0,1,0.0,1.170731707317073,1.3089430894308942,1.2333333333333334,-1.2333333333333334,-3.4296747967479675,24.49566567638709
2025-11-01,Nottingham Forest,Manchester United,2,2,D,17,18,3,7,10,7,8,5,1,1.0,0,0.0,2025,H,,,1,0.0,0.0,0.0,0,1,0.3333333333333333,1.1693548387096775,1.63,1.2333333333333334,-0.2333333333333334,-0.9778333333333334,23.517832343053755
2025-11-09,Nottingham Forest,Leeds United,3,1,H,14,10,6,3,10,11,6,4,2,1.0,0,0.0,2025,H,,,3,0.0,0.0,0.0,0,2,1.3333333333333333,1.184,1.112,1.2333333333333334,1.7666666666666666,3.8498666666666663,27.36769900972042
2025-08-16,Sunderland,West Ham United,3,0,H,10,12,5,4,8,10,5,7,0,1.0,0,0.0,2025,H,,,3,0.0,0.0,0.0,1,0,3.0,3.0,1.3403141361256543,1.7272727272727273,1.2727272727272727,3.8807710613993334,93.88077106139933
2025-08-23,Sunderland,Burnley,0,2,H,7,9,2,1,9,5,4,3,1,,0,,2025,A,0.0,0.0,0,0.0,0.0,0.0,0,1,1.5,1.5,0.8706896551724138,1.7272727272727273,-1.7272727272727273,-4.598785266457681,89.28198579494165
2025-08-30,Sunderland,Brentford,2,1,H,12,7,3,4,11,12,3,4,3,2.0,0,0.0,2025,H,,,3,0.0,0.0,0.0,0,3,2.0,2.0,1.3096774193548386,1.7272727272727273,1.2727272727272727,2.335366568914956,91.61735236385661
2025-09-13,Sunderland,Crystal Palace,0,0,D,14,6,6,0,10,8,5,3,1,,0,,2025,A,1.0,0.0,1,0.0,0.0,0.0,1,1,1.3333333333333333,1.75,1.2628865979381445,1.7272727272727273,-0.7272727272727273,-1.3576148078725399,90.25973755598407
2025-09-21,Sunderland,Aston Villa,1,1,D,14,12,4,2,14,8,6,5,2,1.0,1,0.0,2025,H,,,1,0.0,0.0,0.0,0,4,1.6666666666666667,1.6,1.528205128205128,1.7272727272727273,-0.7272727272727273,-2.9474125874125874,87.31232496857149
2025-09-27,Sunderland,Nottingham Forest,1,0,A,22,11,6,3,11,6,7,4,2,,0,,2025,A,4.0,0.0,3,0.0,0.0,0.0,1,2,1.6666666666666667,1.8333333333333333,1.2,1.7272727272727273,1.2727272727272727,3.4018181818181814,90.71414315038966
2025-10-04,Sunderland,Manchester United,0,2,H,15,8,6,3,10,12,2,3,4,,0,,2025,A,1.0,0.0,0,0.0,0.0,0.0,0,4,1.3333333333333333,1.5714285714285714,1.619289340101523,1.7272727272727273,-1.7272727272727273,-5.461075219197047,85.25306793119262
2025-10-18,Sunderland,Wolverhampton Wanderers,2,0,H,8,16,2,3,5,12,3,2,0,0.0,0,0.0,2025,H,,,3,0.0,0.0,0.0,1,0,2.0,1.75,1.1464646464646464,1.7272727272727273,1.2727272727272727,3.9098484848484847,89.1629164160411
2025-10-25,Sunderland,Chelsea,2,1,A,16,10,7,4,15,13,9,1,1,,0,,2025,A,1.0,0.0,3,0.0,0.0,0.0,0,1,2.0,1.8888888888888888,1.6633165829145728,1.7272727272727273,1.2727272727272727,2.7823206943809957,91.9452371104221
2025-11-03,Sunderland,Everton,1,1,D,17,8,3,2,10,12,4,1,3,2.0,0,0.0,2025,H,,,1,0.0,0.0,0.0,0,3,2.3333333333333335,1.8,1.21,1.7272727272727273,-0.7272727272727273,-2.649681818181818,89.29555529224028
2025-11-08,Sunderland,Arsenal,2,2,D,6,17,2,7,13,13,2,2,2,1.0,0,0.0,2025,H,,,1,0.0,0.0,0.0,0,2,1.6666666666666667,1.7272727272727273,2.0049751243781095,1.7272727272727273,-0.7272727272727273,-2.518928086838535,86.77662720540174
2020-09-13,Tottenham Hotspur,Everton,0,1,A,9,15,5,4,15,7,5,3,1,0.0,0,0.0,2020,H,,,0,0.0,0.0,0.0,0,1,0.0,0.0,3.0,1.7333333333333334,-1.7333333333333334,-4.9333333333333345,143.27179487179487
2020-09-20,Tottenham Hotspur,Southampton,5,2,A,14,9,7,6,16,18,3,2,3,,0,,2020,A,4.0,0.0,3,0.0,0.0,0.0,0,3,1.5,1.5,0.0,1.7333333333333334,1.2666666666666666,2.5166666666666666,145.78846153846155
2020-09-27,Tottenham Hotspur,Newcastle United,1,1,D,23,6,12,1,15,9,10,4,1,4.0,0,0.0,2020,H,,,1,0.0,0.0,0.0,0,1,1.3333333333333333,1.3333333333333333,1.3333333333333333,1.7333333333333334,-0.7333333333333334,-2.1833333333333336,143.6051282051282
2020-10-04,Tottenham Hotspur,Manchester United,6,1,A,5,22,2,8,14,10,2,4,1,,0,,2020,A,2.0,1.0,3,0.0,0.0,0.0,0,1,2.3333333333333335,1.75,1.0,1.7333333333333334,1.2666666666666666,2.8666666666666667,146.47179487179486
2020-10-18,Tottenham Hotspur,West Ham United,3,3,D,11,13,6,4,13,12,3,7,0,5.0,0,0.0,2020,H,,,1,0.0,0.0,0.0,0,0,1.6666666666666667,1.6,1.4,1.7333333333333334,-0.7333333333333334,-1.9433333333333334,144.52846153846153
2020-10-26,Tottenham Hotspur,Burnley,1,0,A,13,9,4,3,9,7,4,5,0,,0,,2020,A,2.0,0.0,3,0.0,0.0,0.0,1,0,2.3333333333333335,1.8333333333333333,0.2,1.7333333333333334,1.2666666666666666,4.036666666666667,148.5651282051282
2020-11-01,Tottenham Hotspur,Brighton and Hove Albion,2,1,H,9,6,3,2,14,13,4,5,2,1.0,0,0.0,2020,H,,,3,0.0,0.0,0.0,0,2,2.3333333333333335,2.0,0.7142857142857143,1.7333333333333334,1.2666666666666666,2.6595238095238094,151.224652014652
2020-11-08,Tottenham Hotspur,West Brom,1,0,A,12,19,2,5,17,12,9,6,0,,0,,2020,A,1.0,0.0,3,0.0,0.0,0.0,1,0,3.0,2.125,0.375,1.7333333333333334,1.2666666666666666,4.010416666666667,155.2350686813187
2020-11-21,Tottenham Hotspur,Manchester City,2,0,H,4,22,2,5,13,19,0,10,2,2.0,0,0.0,2020,H,,,3,0.0,0.0,0.0,1,2,3.0,2.2222222222222223,1.5,1.7333333333333334,1.2666666666666666,3.341666666666667,158.57673534798533
2020-11-29,Tottenham Hotspur,Chelsea,0,0,D,13,5,3,1,20,9,3,3,2,,0,,2020,A,4.0,0.0,1,0.0,0.0,0.0,1,2,2.3333333333333335,2.1,1.9,1.7333333333333334,-0.7333333333333334,-1.7183333333333333,156.858402014652
2020-12-06,Tottenham Hotspur,Arsenal,2,0,H,6,11,3,2,16,12,3,9,1,2.0,0,0.0,2020,H,,,3,0.0,0.0,0.0,1,1,2.3333333333333335,2.1818181818181817,1.181818181818182,1.7333333333333334,1.2666666666666666,3.6393939393939396,160.49779595404596
2020-12-13,Tottenham Hotspur,Crystal Palace,1,1,D,16,14,5,6,15,11,4,7,1,,0,,2020,A,1.0,0.0,1,0.0,0.0,0.0,0,1,1.6666666666666667,2.0833333333333335,1.4166666666666667,1.7333333333333334,-0.7333333333333334,-2.1958333333333333,158.30196262071263
2020-12-16,Tottenham Hotspur,Liverpool,1,2,H,17,8,11,2,8,9,7,4,2,,0,,2020,A,0.0,0.0,0,0.0,0.0,0.0,0,2,1.3333333333333333,1.9230769230769231,2.1538461538461537,1.7333333333333334,-1.7333333333333334,-5.056410256410257,153.24555236430237
2020-12-20,Tottenham Hotspur,Leicester City,0,2,A,8,17,3,4,15,14,5,3,2,2.0,0,0.0,2020,H,,,0,0.0,0.0,0.0,0,2,0.3333333333333333,1.7857142857142858,1.9285714285714288,1.7333333333333334,-1.7333333333333334,-5.022619047619049,148.2229333166833
2020-12-27,Tottenham Hotspur,Wolverhampton Wanderers,1,1,D,11,6,6,3,20,13,9,2,1,,0,,2020,A,4.0,0.0,1,0.0,0.0,0.0,0,1,0.3333333333333333,1.7333333333333334,1.4,1.7333333333333334,-0.7333333333333334,-2.1933333333333334,146.02959998334998
2021-01-02,Tottenham Hotspur,Leeds United,3,0,H,20,18,7,5,15,13,3,5,2,1.0,1,0.0,2021,H,,,3,0.0,0.0,0.0,1,4,1.3333333333333333,1.8125,1.3529411764705883,1.65,1.35,3.0720588235294115,149.10165880687939
2021-01-13,Tottenham Hotspur,Fulham,1,1,D,15,15,6,4,13,15,6,5,1,2.0,0,0.0,2021,H,,,1,0.0,0.0,0.0,0,1,1.6666666666666667,1.7647058823529411,0.75,1.65,-0.6499999999999999,-1.8874999999999997,147.2141588068794
2021-01-17,Tottenham Hotspur,Sheffield United,3,1,A,15,14,5,5,13,4,5,7,0,,0,,2021,A,4.0,0.0,3,0.0,0.0,0.0,0,0,2.3333333333333335,1.8333333333333333,0.2631578947368421,1.65,1.35,3.435526315789474,150.64968512266887
2021-01-28,Tottenham Hotspur,Liverpool,1,3,A,3,14,2,7,9,11,1,2,1,2.0,0,0.0,2021,H,,,0,0.0,0.0,0.0,0,1,1.3333333333333333,1.736842105263158,1.85,1.65,-1.65,-4.5525,146.09718512266886
2021-01-31,Tottenham Hotspur,Brighton and Hove Albion,0,1,H,16,8,5,4,11,11,9,2,1,,0,,2021,A,2.0,0.0,0,0.0,0.0,0.0,0,1,1.0,1.65,1.0,1.65,-1.65,-4.425000000000001,141.67218512266885
2021-02-04,Tottenham Hotspur,Chelsea,0,1,A,7,18,2,2,20,14,2,7,2,3.0,0,0.0,2021,H,,,0,0.0,0.0,0.0,0,2,0.0,1.5714285714285714,1.6363636363636365,1.65,-1.65,-4.7704545454545455,136.90173057721432
2021-02-07,Tottenham Hotspur,West Brom,2,0,H,13,4,6,1,16,12,8,0,1,2.0,0,0.0,2021,H,,,3,0.0,0.0,0.0,1,1,1.0,1.6363636363636365,0.5217391304347826,1.65,1.35,3.9467391304347825,140.8484697076491
2021-02-13,Tottenham Hotspur,Manchester City,0,3,H,15,7,6,3,12,13,4,2,3,,0,,2021,A,1.0,0.0,0,0.0,0.0,0.0,0,3,1.0,1.565217391304348,2.3043478260869565,1.65,-1.65,-5.120652173913044,135.72781753373607
2021-02-21,Tottenham Hotspur,West Ham United,1,2,H,4,20,4,4,14,7,5,7,3,,0,,2021,A,4.0,0.0,0,0.0,0.0,0.0,0,3,1.0,1.5,1.8,1.65,-1.65,-5.045,130.68281753373606
2021-02-28,Tottenham Hotspur,Burnley,4,0,H,16,10,7,3,6,10,3,4,0,0.0,0,0.0,2021,H,,,3,0.0,0.0,0.0,1,0,1.0,1.56,1.0769230769230769,1.65,1.35,4.113461538461538,134.7962790721976
2021-03-04,Tottenham Hotspur,Fulham,1,0,A,11,9,3,2,13,9,4,1,1,,0,,2021,A,2.0,0.0,3,0.0,0.0,0.0,1,1,2.0,1.6153846153846154,0.8518518518518519,1.65,1.35,3.897222222222222,138.6935012944198
2021-03-07,Tottenham Hotspur,Crystal Palace,4,1,H,12,5,5,1,8,17,1,5,2,3.0,0,0.0,2021,H,,,3,0.0,0.0,0.0,0,2,3.0,1.6666666666666667,1.2142857142857142,1.65,1.35,2.792857142857143,141.48635843727695
2021-03-14,Tottenham Hotspur,Arsenal,1,2,H,13,6,3,3,12,14,6,3,2,,1,,2021,A,1.0,0.0,0,0.0,0.0,0.0,0,4,2.0,1.6071428571428572,1.4642857142857142,1.65,-1.65,-5.244642857142858,136.2417155801341
2021-03-21,Tottenham Hotspur,Aston Villa,2,0,A,8,9,1,3,18,13,5,8,2,,0,,2021,A,3.0,0.0,3,0.0,0.0,0.0,1,2,2.0,1.6551724137931034,1.4642857142857142,1.65,1.35,3.555357142857143,139.79707272299123
2021-04-04,Tottenham Hotspur,Newcastle United,2,2,D,22,11,6,5,13,14,7,3,2,,0,,2021,A,3.0,0.0,1,0.0,0.0,0.0,0,2,1.3333333333333333,1.6333333333333333,0.9666666666666668,1.65,-0.6499999999999999,-2.17,137.62707272299124
2021-04-11,Tottenham Hotspur,Manchester United,1,3,A,12,12,3,7,11,15,7,5,1,5.0,0,0.0,2021,H,,,0,0.0,0.0,0.0,0,1,1.3333333333333333,1.5806451612903225,2.032258064516129,1.65,-1.65,-4.57983870967742,133.0472340133138
2021-04-16,Tottenham Hotspur,Everton,2,2,D,18,12,7,3,8,8,6,3,1,,0,,2021,A,1.0,0.0,1,0.0,0.0,0.0,0,1,0.6666666666666666,1.5625,1.5806451612903225,1.65,-0.6499999999999999,-2.012096774193548,131.03513723912027
2021-04-21,Tottenham Hotspur,Southampton,2,1,H,12,10,3,5,10,14,5,5,2,1.0,0,0.0,2021,H,,,3,0.0,0.0,0.0,0,2,1.3333333333333333,1.606060606060606,1.125,1.65,1.35,2.80625,133.84138723912028
2021-05-02,Tottenham Hotspur,Sheffield United,4,0,H,20,8,11,1,8,9,6,6,1,1.0,0,0.0,2021,H,,,3,0.0,0.0,0.0,1,1,2.3333333333333335,1.6470588235294117,0.5,1.65,1.35,3.9499999999999997,137.79138723912027
2021-05-08,Tottenham Hotspur,Leeds United,1,3,H,16,11,7,3,12,10,8,6,2,,0,,2021,A,1.0,0.0,0,0.0,0.0,0.0,0,2,2.0,1.6,1.4285714285714286,1.65,-1.65,-4.739285714285715,133.05210152483457
2021-05-16,Tottenham Hotspur,Wolverhampton Wanderers,2,0,H,24,15,13,3,8,11,10,3,1,0.0,0,0.0,2021,H,,,3,0.0,0.0,0.0,1,1,2.0,1.6388888888888888,1.25,1.65,1.35,3.8375,136.88960152483457
2021-05-19,Tottenham Hotspur,Aston Villa,1,2,A,10,20,4,4,14,13,4,5,1,1.0,0,0.0,2021,H,,,0,0.0,0.0,0.0,0,1,1.0,1.5945945945945943,1.4054054054054057,1.65,-1.65,-4.485810810810811,132.40379071402376
2021-05-23,Tottenham Hotspur,Leicester City,4,2,A,10,11,6,4,9,8,8,7,2,,0,,2021,A,0.0,0.0,3,0.0,0.0,0.0,0,2,2.0,1.631578947368421,1.736842105263158,1.65,1.35,2.7144736842105264,135.1182643982343
2021-08-15,Tottenham Hotspur,Manchester City,1,0,H,13,18,3,4,11,8,3,11,2,1.0,0,0.0,2021,H,,,3,0.0,0.0,0.0,1,2,2.0,1.6666666666666667,2.2051282051282053,1.65,1.35,3.444230769230769,138.56249516746504
2021-08-22,Tottenham Hotspur,Wolverhampton Wanderers,1,0,A,25,8,6,6,9,7,5,4,4,,0,,2021,A,1.0,0.0,3,0.0,0.0,0.0,1,4,3.0,1.7,1.125,1.65,1.35,3.1062499999999997,141.66874516746503
2021-08-29,Tottenham Hotspur,Watford,1,0,H,15,9,8,2,8,14,10,3,3,3.0,0,0.0,2021,H,,,3,0.0,0.0,0.0,1,3,3.0,1.7317073170731707,1.0,1.65,1.35,3.375,145.04374516746503
2021-09-11,Tottenham Hotspur,Crystal Palace,0,3,H,18,2,4,1,13,15,8,2,1,,1,,2021,A,2.0,0.0,0,0.0,0.0,0.0,0,3,2.0,1.6904761904761905,1.1666666666666667,1.65,-1.65,-4.95,140.09374516746504
2021-09-19,Tottenham Hotspur,Chelsea,0,3,A,8,20,2,10,4,15,5,11,0,1.0,0,0.0,2021,H,,,0,0.0,0.0,0.0,0,0,1.0,1.6511627906976745,1.8604651162790695,1.65,-1.65,-4.30406976744186,135.78967540002319
2021-09-26,Tottenham Hotspur,Arsenal,1,3,H,12,10,7,4,12,13,4,4,1,,0,,2021,A,2.0,0.0,0,0.0,0.0,0.0,0,1,0.0,1.6136363636363635,1.5909090909090908,1.65,-1.65,-4.513636363636364,131.2760390363868
2021-10-03,Tottenham Hotspur,Aston Villa,2,1,H,17,14,8,3,11,14,5,8,2,1.0,0,0.0,2021,H,,,3,0.0,0.0,0.0,0,2,1.0,1.6444444444444444,1.4444444444444444,1.65,1.35,2.7583333333333333,134.03437236972016
2021-10-17,Tottenham Hotspur,Newcastle United,3,2,A,7,14,1,4,13,4,2,9,1,,0,,2021,A,4.0,1.0,3,0.0,0.0,0.0,0,1,2.0,1.673913043478261,1.0434782608695652,1.65,1.35,3.0684782608695653,137.10285063058973
2021-10-24,Tottenham Hotspur,West Ham United,0,1,H,13,7,4,4,11,4,2,4,1,,0,,2021,A,2.0,0.0,0,0.0,0.0,0.0,0,1,2.0,1.6382978723404256,1.74468085106383,1.65,-1.65,-4.5367021276595745,132.56614850293013
2021-10-30,Tottenham Hotspur,Manchester United,0,3,A,9,10,0,4,12,14,10,2,2,3.0,0,0.0,2021,H,,,0,0.0,0.0,0.0,0,2,1.0,1.6041666666666667,1.8958333333333333,1.65,-1.65,-4.809375,127.75677350293014
2021-11-07,Tottenham Hotspur,Everton,0,0,D,12,8,2,0,13,17,4,2,4,,0,,2021,A,2.0,1.0,1,0.0,0.0,0.0,1,4,0.3333333333333333,1.5918367346938775,1.510204081632653,1.65,-0.6499999999999999,-1.9515306122448974,125.80524289068525
2021-11-21,Tottenham Hotspur,Leeds United,2,1,H,13,18,4,7,11,12,4,8,1,4.0,0,0.0,2021,H,,,3,0.0,0.0,0.0,0,1,1.3333333333333333,1.62,1.4,1.65,1.35,3.015,128.82024289068525
2021-12-02,Tottenham Hotspur,Brentford,2,0,H,11,6,6,2,13,11,11,5,0,0.0,0,0.0,2021,H,,,3,0.0,0.0,0.0,1,0,2.3333333333333335,1.6470588235294117,1.1428571428571428,1.65,1.35,4.103571428571428,132.92381431925668
2021-12-05,Tottenham Hotspur,Norwich City,3,0,H,17,10,7,1,11,4,6,4,1,2.0,0,0.0,2021,H,,,3,0.0,0.0,0.0,1,1,3.0,1.6730769230769231,0.6666666666666666,1.65,1.35,3.925,136.8488143192567
2021-12-19,Tottenham Hotspur,Liverpool,2,2,D,10,18,5,6,12,11,6,4,4,4.0,0,1.0,2021,H,,,1,0.0,0.0,0.0,0,4,2.3333333333333335,1.660377358490566,1.9642857142857144,1.65,-0.6499999999999999,-2.819642857142857,134.02917146211382
2021-12-26,Tottenham Hotspur,Crystal Palace,3,0,H,17,4,6,0,16,10,4,2,1,1.0,0,1.0,2021,H,,,3,0.0,0.0,0.0,1,1,2.3333333333333335,1.6851851851851851,1.1428571428571428,1.65,1.35,3.8535714285714286,137.88274289068525
2021-12-28,Tottenham Hotspur,Southampton,1,1,D,9,21,2,11,15,5,3,7,2,,0,,2021,A,2.0,1.0,1,0.0,0.0,0.0,0,2,1.6666666666666667,1.6727272727272726,1.1228070175438596,1.65,-0.6499999999999999,-2.193421052631579,135.68932183805367
2022-01-01,Tottenham Hotspur,Watford,1,0,A,6,21,4,9,6,9,3,7,1,,0,,2022,A,0.0,0.0,3,0.0,0.0,0.0,1,1,2.3333333333333335,1.6964285714285714,0.7222222222222222,1.9189189189189189,1.0810810810810811,3.244369369369369,138.93369120742304
2022-01-19,Tottenham Hotspur,Leicester City,3,2,A,14,27,4,10,6,12,3,8,2,,0,,2022,A,1.0,0.0,3,0.0,0.0,0.0,0,2,2.3333333333333335,1.719298245614035,1.5964912280701755,1.9189189189189189,1.0810810810810811,2.0632290184921764,140.9969202259152
2022-01-23,Tottenham Hotspur,Chelsea,0,2,H,15,6,7,3,17,14,10,3,1,,0,,2022,A,2.0,0.0,0,0.0,0.0,0.0,0,1,2.0,1.6896551724137931,1.8387096774193548,1.9189189189189189,-1.9189189189189189,-5.223103748910201,135.77381647700503
2022-02-09,Tottenham Hotspur,Southampton,2,3,A,8,23,3,10,7,13,2,8,2,3.0,0,0.0,2022,H,,,0,0.0,0.0,0.0,0,2,1.0,1.6610169491525424,1.1639344262295082,1.9189189189189189,-1.9189189189189189,-5.371887461231724,130.4019290157733
2022-02-13,Tottenham Hotspur,Wolverhampton Wanderers,0,2,A,17,11,7,7,13,13,7,3,3,1.0,0,0.0,2022,H,,,0,0.0,0.0,0.0,0,3,0.0,1.6333333333333333,1.3442622950819672,1.9189189189189189,-1.9189189189189189,-5.648936641559593,124.7529923742137
2022-02-19,Tottenham Hotspur,Manchester City,3,2,A,21,6,4,5,5,7,10,0,3,,0,,2022,A,0.0,0.0,3,0.0,0.0,0.0,0,3,1.0,1.6557377049180328,2.328125,1.9189189189189189,1.0810810810810811,1.7034839527027028,126.4564763269164
2022-02-23,Tottenham Hotspur,Burnley,0,1,H,15,12,4,2,8,8,3,7,0,,0,,2022,A,0.0,0.0,0,0.0,0.0,0.0,0,0,1.0,1.6290322580645162,0.9672131147540984,1.9189189189189189,-1.9189189189189189,-4.842379264510413,121.61409706240599
2022-02-26,Tottenham Hotspur,Leeds United,4,0,A,19,15,3,11,16,11,3,6,2,,0,,2022,A,4.0,0.0,3,0.0,0.0,0.0,1,2,2.0,1.6507936507936507,1.28125,1.9189189189189189,1.0810810810810811,2.9105152027027024,124.52461226510869
2022-03-07,Tottenham Hotspur,Everton,5,0,H,14,6,7,0,15,10,5,2,2,0.0,0,0.0,2022,H,,,3,0.0,0.0,0.0,1,2,2.0,1.671875,1.2857142857142858,1.9189189189189189,1.0810810810810811,2.9098455598455595,127.43445782495425
2022-03-12,Tottenham Hotspur,Manchester United,2,3,H,10,10,6,3,8,7,4,5,1,,0,,2022,A,2.0,0.0,0,0.0,0.0,0.0,0,1,2.0,1.646153846153846,1.8507462686567164,1.9189189189189189,-1.9189189189189189,-5.2249092375958055,122.20954858735844
2022-03-16,Tottenham Hotspur,Brighton and Hove Albion,2,0,A,15,17,0,7,11,9,6,3,2,,0,,2022,A,2.0,0.0,3,0.0,0.0,0.0,1,2,2.0,1.6666666666666667,1.1044776119402986,1.9189189189189189,1.0810810810810811,2.9370310609116577,125.1465796482701
2022-03-20,Tottenham Hotspur,West Ham United,3,1,H,17,6,4,1,7,7,5,3,0,1.0,0,0.0,2022,H,,,3,0.0,0.0,0.0,0,0,2.0,1.6865671641791045,1.661764705882353,1.9189189189189189,1.0810810810810811,2.55343799682035,127.70001764509045
2022-04-03,Tottenham Hotspur,Newcastle United,5,1,H,19,8,6,1,10,7,2,3,2,3.0,0,0.0,2022,H,,,3,0.0,0.0,0.0,0,2,3.0,1.7058823529411764,1.1176470588235294,1.9189189189189189,1.0810810810810811,2.1350556438791735,129.83507328896962
2022-04-09,Tottenham Hotspur,Aston Villa,4,0,A,9,11,8,5,12,14,9,3,3,,0,,2022,A,2.0,0.0,3,0.0,0.0,0.0,1,3,3.0,1.7246376811594204,1.318840579710145,1.9189189189189189,1.0810810810810811,2.654876615746181,132.48994990471581
2022-04-16,Tottenham Hotspur,Brighton and Hove Albion,0,1,A,5,12,0,5,14,10,4,4,3,3.0,0,0.0,2022,H,,,0,0.0,0.0,0.0,0,3,2.0,1.7,1.1571428571428573,1.9189189189189189,-1.9189189189189189,-5.620868725868727,126.86908117884708
2022-04-23,Tottenham Hotspur,Brentford,0,0,D,15,9,2,0,8,7,12,8,1,,0,,2022,A,2.0,0.0,1,0.0,0.0,0.0,1,1,1.3333333333333333,1.6901408450704225,1.1764705882352942,1.9189189189189189,-0.9189189189189189,-1.8237678855325914,125.04531329331448
2022-05-01,Tottenham Hotspur,Leicester City,3,1,H,13,6,7,2,13,8,7,3,2,3.0,0,0.0,2022,H,,,3,0.0,0.0,0.0,0,2,1.3333333333333333,1.7083333333333333,1.5211267605633805,1.9189189189189189,1.0810810810810811,2.0745336886181955,127.11984698193268
2022-05-07,Tottenham Hotspur,Liverpool,1,1,D,22,8,3,3,12,8,11,5,2,,0,,2022,A,3.0,0.0,1,0.0,0.0,0.0,0,2,1.6666666666666667,1.6986301369863013,2.0821917808219177,1.9189189189189189,-0.9189189189189189,-3.009626064420585,124.1102209175121
2022-05-12,Tottenham Hotspur,Arsenal,3,0,H,16,8,6,4,8,15,2,2,1,3.0,0,1.0,2022,H,,,3,0.0,0.0,0.0,1,1,2.3333333333333335,1.7162162162162162,1.7162162162162162,1.9189189189189189,1.0810810810810811,3.09527027027027,127.20549118778237
2022-05-15,Tottenham Hotspur,Burnley,1,0,H,21,8,8,1,12,8,8,2,3,2.0,0,0.0,2022,H,,,3,0.0,0.0,0.0,1,3,2.3333333333333335,1.7333333333333334,0.9864864864864864,1.9189189189189189,1.0810810810810811,2.7047297297297295,129.9102209175121
2022-05-22,Tottenham Hotspur,Norwich City,5,0,A,9,19,0,13,13,7,3,2,1,,0,,2022,A,3.0,0.0,3,0.0,0.0,0.0,1,1,3.0,1.75,0.5789473684210527,1.9189189189189189,1.0810810810810811,3.2658605974395445,133.17608151495165
2022-08-06,Tottenham Hotspur,Southampton,4,1,H,18,10,8,2,11,6,10,2,3,0.0,0,0.0,2022,H,,,3,0.0,0.0,0.0,0,3,3.0,1.7662337662337662,1.077922077922078,1.9189189189189189,1.0810810810810811,1.891014391014391,135.06709590596603
2022-08-14,Tottenham Hotspur,Chelsea,2,2,D,16,10,3,5,9,9,8,5,0,,0,,2022,A,3.0,0.0,1,0.0,0.0,0.0,0,0,2.3333333333333335,1.7564102564102564,1.858974358974359,1.9189189189189189,-0.9189189189189189,-2.476143451143451,132.59095245482257
2022-08-20,Tottenham Hotspur,Wolverhampton Wanderers,1,0,H,11,20,4,3,10,8,8,6,2,2.0,0,0.0,2022,H,,,3,0.0,0.0,0.0,1,2,2.3333333333333335,1.7721518987341771,1.2278481012658229,1.9189189189189189,1.0810810810810811,2.918525487512829,135.50947794233542
2022-08-28,Tottenham Hotspur,Nottingham Forest,2,0,A,17,18,1,7,11,13,6,1,1,,0,,2022,A,6.0,0.0,3,0.0,0.0,0.0,1,1,2.3333333333333335,1.7875,1.0,1.9189189189189189,1.0810810810810811,3.2027027027027026,138.71218064503813
2022-08-31,Tottenham Hotspur,West Ham United,1,1,D,14,13,4,4,10,9,3,4,5,,0,,2022,A,2.0,0.0,1,0.0,0.0,0.0,0,5,2.3333333333333335,1.7777777777777777,1.5432098765432098,1.9189189189189189,-0.9189189189189189,-3.6787787787787787,135.03340186625934
2022-09-03,Tottenham Hotspur,Fulham,2,1,H,23,9,10,3,9,6,10,3,3,4.0,0,0.0,2022,H,,,3,0.0,0.0,0.0,0,3,2.3333333333333335,1.7926829268292683,0.8181818181818182,1.9189189189189189,1.0810810810810811,1.92997542997543,136.96337729623477
2022-09-17,Tottenham Hotspur,Leicester City,6,2,H,16,19,11,7,9,9,6,1,1,2.0,0,0.0,2022,H,,,3,0.0,0.0,0.0,0,1,2.3333333333333335,1.8072289156626504,1.4337349397590362,1.9189189189189189,1.0810810810810811,2.3376424617388474,139.30101975797362
2022-10-01,Tottenham Hotspur,Arsenal,1,3,H,22,7,9,3,10,10,5,2,1,,1,,2022,A,2.0,0.0,0,0.0,0.0,0.0,0,3,2.0,1.7857142857142858,1.7976190476190477,1.9189189189189189,-1.9189189189189189,-5.716940154440155,133.58407960353347
2022-10-08,Tottenham Hotspur,Brighton and Hove Albion,1,0,A,14,8,4,3,9,14,6,2,2,,0,,2022,A,1.0,0.0,3,0.0,0.0,0.0,1,2,2.0,1.8,1.261904761904762,1.9189189189189189,1.0810810810810811,2.913416988416988,136.49749659195044
2022-10-15,Tottenham Hotspur,Everton,2,0,H,21,4,7,0,12,13,7,1,1,4.0,0,0.0,2022,H,,,3,0.0,0.0,0.0,1,1,2.0,1.813953488372093,1.255813953488372,1.9189189189189189,1.0810810810810811,3.1643306096794466,139.6618272016299
2022-10-19,Tottenham Hotspur,Manchester United,0,2,H,28,9,10,2,7,7,8,3,0,,0,,2022,A,1.0,0.0,0,0.0,0.0,0.0,0,0,2.0,1.793103448275862,1.755813953488372,1.9189189189189189,-1.9189189189189189,-4.960669390320554,134.70115781130934
2022-10-23,Tottenham Hotspur,Newcastle United,1,2,A,17,13,5,5,12,6,6,7,4,2.0,0,0.0,2022,H,,,0,0.0,0.0,0.0,0,4,1.0,1.7727272727272727,1.306818181818182,1.9189189189189189,-1.9189189189189189,-5.893320024570025,128.8078377867393
2022-10-29,Tottenham Hotspur,Bournemouth,3,2,A,6,23,4,7,10,5,2,19,2,,0,,2022,A,1.0,0.0,3,0.0,0.0,0.0,0,2,1.0,1.7865168539325842,1.0,1.9189189189189189,1.0810810810810811,2.152702702702703,130.96054048944202
2022-11-06,Tottenham Hotspur,Liverpool,1,2,A,14,13,5,6,10,8,5,3,0,0.0,0,0.0,2022,H,,,0,0.0,0.0,0.0,0,0,1.0,1.7666666666666666,2.0224719101123596,1.9189189189189189,-1.9189189189189189,-5.000668083814151,125.95987240562786
2022-11-12,Tottenham Hotspur,Leeds United,4,3,H,14,12,8,5,8,7,9,2,1,1.0,0,1.0,2022,H,,,3,0.0,0.0,0.0,0,1,2.0,1.78021978021978,1.2444444444444445,1.9189189189189189,1.0810810810810811,2.366036036036036,128.3259084416639
2022-12-26,Tottenham Hotspur,Brentford,2,2,D,9,16,5,8,11,10,6,5,1,,0,,2022,A,3.0,0.0,1,0.0,0.0,0.0,0,1,1.3333333333333333,1.7717391304347827,1.2222222222222223,1.9189189189189189,-0.9189189189189189,-2.630630630630631,125.69527781103326
2023-01-01,Tottenham Hotspur,Aston Villa,0,2,A,6,13,2,4,15,10,5,3,4,3.0,0,0.0,2023,H,,,0,0.0,0.0,0.0,0,4,1.3333333333333333,1.7526881720430108,1.3010752688172045,1.6428571428571428,-1.6428571428571428,-5.202304147465438,120.49297366356784
2023-01-04,Tottenham Hotspur,Crystal Palace,4,0,A,19,14,4,6,11,8,10,4,2,,0,,2023,A,1.0,0.0,3,0.0,0.0,0.0,1,2,1.3333333333333333,1.7659574468085106,1.2258064516129032,1.6428571428571428,1.3571428571428572,3.6089861751152075,124.10195983868304
2023-01-15,Tottenham Hotspur,Arsenal,0,2,A,17,14,7,5,16,15,4,3,4,2.0,0,0.0,2023,H,,,0,0.0,0.0,0.0,0,4,1.0,1.7473684210526317,1.8829787234042552,1.6428571428571428,-1.6428571428571428,-5.289589665653495,118.81237017302955
2023-01-19,Tottenham Hotspur,Manchester City,2,4,H,16,9,6,3,10,14,8,3,2,,0,,2023,A,1.0,0.0,0,0.0,0.0,0.0,0,2,1.0,1.7291666666666667,2.3263157894736843,1.6428571428571428,-1.6428571428571428,-4.85609022556391,113.95627994746565
2023-01-23,Tottenham Hotspur,Fulham,1,0,A,10,10,5,3,10,10,3,8,3,,0,,2023,A,1.0,0.0,3,0.0,0.0,0.0,1,3,1.0,1.7422680412371134,1.0,1.6428571428571428,1.3571428571428572,3.3928571428571432,117.34913709032278
2023-02-05,Tottenham Hotspur,Manchester City,1,0,H,12,15,3,5,19,14,4,6,2,3.0,1,0.0,2023,H,,,3,0.0,0.0,0.0,1,4,2.0,1.7551020408163265,2.3092783505154637,1.6428571428571428,1.3571428571428572,2.9464653902798235,120.29560248060261
2023-02-11,Tottenham Hotspur,Leicester City,1,4,H,15,11,7,4,14,9,1,5,2,,0,,2023,A,5.0,0.0,0,0.0,0.0,0.0,0,2,2.0,1.7373737373737377,1.4489795918367347,1.6428571428571428,-1.6428571428571428,-4.724489795918367,115.57111268468424
2023-02-19,Tottenham Hotspur,West Ham United,2,0,H,16,6,6,1,16,10,4,7,2,1.0,0,0.0,2023,H,,,3,0.0,0.0,0.0,1,2,2.0,1.75,1.4242424242424243,1.6428571428571428,1.3571428571428572,3.5792207792207793,119.15033346390501
2023-02-26,Tottenham Hotspur,Chelsea,2,0,H,8,10,3,2,10,10,4,4,2,3.0,0,0.0,2023,H,,,3,0.0,0.0,0.0,1,2,2.0,1.7623762376237624,1.72,1.6428571428571428,1.3571428571428572,3.534857142857143,122.68519060676216
2023-03-04,Tottenham Hotspur,Wolverhampton Wanderers,0,1,H,8,21,5,6,11,18,4,8,1,,0,,2023,A,1.0,0.0,0,0.0,0.0,0.0,0,1,2.0,1.7450980392156863,1.2058823529411764,1.6428571428571428,-1.6428571428571428,-4.438025210084033,118.24716539667813
2023-03-11,Tottenham Hotspur,Nottingham Forest,3,1,H,15,9,7,5,13,13,2,10,3,1.0,0,0.0,2023,H,,,3,0.0,0.0,0.0,0,3,2.0,1.7572815533980584,1.0,1.6428571428571428,1.3571428571428572,2.5928571428571434,120.84002253953527
2023-03-18,Tottenham Hotspur,Southampton,3,3,D,19,17,7,3,13,8,10,3,1,,0,,2023,A,1.0,0.0,1,0.0,0.0,0.0,0,1,1.3333333333333333,1.75,1.0192307692307692,1.6428571428571428,-0.6428571428571428,-1.9100274725274722,118.9299950670078
2023-04-03,Tottenham Hotspur,Everton,1,1,D,15,8,6,2,10,14,3,3,3,,1,,2023,A,0.0,1.0,1,0.0,0.0,0.0,0,5,1.6666666666666667,1.7428571428571429,1.1904761904761905,1.6428571428571428,-0.6428571428571428,-2.935714285714285,115.99428078129351
2023-04-08,Tottenham Hotspur,Brighton and Hove Albion,2,1,H,9,17,3,4,15,15,3,7,3,1.0,0,0.0,2023,H,,,3,0.0,0.0,0.0,0,3,1.6666666666666667,1.7547169811320755,1.3269230769230769,1.6428571428571428,1.3571428571428572,2.543818681318682,118.5380994626122
2023-04-15,Tottenham Hotspur,Bournemouth,2,3,A,24,6,8,6,8,9,8,1,1,2.0,0,0.0,2023,H,,,0,0.0,0.0,0.0,0,1,1.3333333333333333,1.7383177570093458,1.064516129032258,1.6428571428571428,-1.6428571428571428,-4.416820276497695,114.12127918611449
2023-04-23,Tottenham Hotspur,Newcastle United,1,6,H,25,11,8,3,7,13,9,3,3,,0,,2023,A,0.0,0.0,0,0.0,0.0,0.0,0,3,1.0,1.7222222222222223,1.4299065420560748,1.6428571428571428,-1.6428571428571428,-4.971628838451268,109.14965034766323
2023-04-27,Tottenham Hotspur,Manchester United,2,2,D,18,17,7,8,8,7,6,8,1,2.0,0,0.0,2023,H,,,1,0.0,0.0,0.0,0,1,0.3333333333333333,1.7155963302752293,1.794392523364486,1.6428571428571428,-0.6428571428571428,-2.0263017356475297,107.1233486120157
2023-04-30,Tottenham Hotspur,Liverpool,3,4,H,12,10,4,7,12,6,5,2,2,,0,,2023,A,3.0,0.0,0,0.0,0.0,0.0,0,2,0.3333333333333333,1.7,1.9908256880733943,1.6428571428571428,-1.6428571428571428,-4.805766710353867,102.31758190166184
2023-05-06,Tottenham Hotspur,Crystal Palace,1,0,H,8,7,3,2,15,14,8,4,3,5.0,0,0.0,2023,H,,,3,0.0,0.0,0.0,1,3,1.3333333333333333,1.7117117117117118,1.1891891891891893,1.6428571428571428,1.3571428571428572,3.364478764478765,105.6820606661406
2023-05-13,Tottenham Hotspur,Aston Villa,1,2,H,8,5,4,2,9,14,8,3,3,,0,,2023,A,3.0,0.0,0,0.0,0.0,0.0,0,3,1.0,1.6964285714285714,1.4017857142857142,1.6428571428571428,-1.6428571428571428,-4.967410714285714,100.71464995185488
2023-05-20,Tottenham Hotspur,Brentford,1,3,A,22,11,8,4,11,9,8,2,1,1.0,0,0.0,2023,H,,,0,0.0,0.0,0.0,0,1,1.0,1.6814159292035398,1.36,1.6428571428571428,-1.6428571428571428,-4.461142857142857,96.25350709471203
2023-05-28,Tottenham Hotspur,Leeds United,4,1,A,19,11,2,7,7,5,12,3,0,,0,,2023,A,3.0,0.0,3,0.0,0.0,0.0,0,0,1.0,1.6929824561403508,1.1228070175438596,1.6428571428571428,1.3571428571428572,3.3244360902255643,99.5779431849376
2023-08-13,Tottenham Hotspur,Brentford,2,2,D,11,18,6,6,12,13,3,6,4,,0,,2023,A,1.0,0.0,1,0.0,0.0,0.0,0,4,1.3333333333333333,1.6869565217391305,1.3766233766233766,1.6428571428571428,-0.6428571428571428,-2.713636363636363,96.86430682130123
2023-08-19,Tottenham Hotspur,Manchester United,2,0,H,17,22,6,6,9,8,5,6,1,3.0,0,0.0,2023,H,,,3,0.0,0.0,0.0,1,1,2.3333333333333335,1.6982758620689655,1.8103448275862069,1.6428571428571428,1.3571428571428572,3.771305418719212,100.63561224002045
2023-08-26,Tottenham Hotspur,Bournemouth,2,0,A,11,17,3,6,18,11,6,2,3,,0,,2023,A,1.0,0.0,3,0.0,0.0,0.0,1,3,2.3333333333333335,1.709401709401709,0.975609756097561,1.6428571428571428,1.3571428571428572,3.396515679442509,104.03212791946297
2023-09-02,Tottenham Hotspur,Burnley,5,2,A,16,20,4,10,15,9,7,4,3,,0,,2023,A,4.0,0.0,3,0.0,0.0,0.0,0,3,3.0,1.7203389830508475,0.9367088607594936,1.6428571428571428,1.3571428571428572,2.6023508137432194,106.63447873320618
2023-09-16,Tottenham Hotspur,Sheffield United,2,1,H,28,7,10,5,13,14,15,2,6,5.0,0,1.0,2023,H,,,3,0.0,0.0,0.0,0,6,3.0,1.73109243697479,0.5581395348837209,1.6428571428571428,1.3571428571428572,1.9091362126245852,108.54361494583077
2023-09-24,Tottenham Hotspur,Arsenal,2,2,D,13,13,6,5,12,19,11,4,4,,0,,2023,A,3.0,0.0,1,0.0,0.0,0.0,0,4,2.3333333333333335,1.725,1.9,1.6428571428571428,-0.6428571428571428,-2.792142857142857,105.7514720886879
2023-09-30,Tottenham Hotspur,Liverpool,2,1,H,24,12,8,4,11,17,12,5,5,4.0,0,2.0,2023,H,,,3,0.0,0.0,0.0,0,5,2.3333333333333335,1.7355371900826446,2.0165289256198347,1.6428571428571428,1.3571428571428572,1.9403778040141682,107.69184989270208
2023-10-07,Tottenham Hotspur,Luton Town,1,0,A,12,15,2,4,16,7,5,6,1,,1,,2023,A,2.0,0.0,3,0.0,0.0,0.0,1,3,2.3333333333333335,1.7459016393442623,0.5,1.6428571428571428,1.3571428571428572,3.467857142857143,111.15970703555922
2023-10-23,Tottenham Hotspur,Fulham,2,0,H,15,10,5,3,10,14,3,5,2,0.0,0,0.0,2023,H,,,3,0.0,0.0,0.0,1,2,3.0,1.7560975609756098,1.0705882352941176,1.6428571428571428,1.3571428571428572,3.6322689075630255,114.79197594312225
2023-10-27,Tottenham Hotspur,Crystal Palace,2,1,A,13,10,3,1,19,11,11,2,1,,0,,2023,A,2.0,0.0,3,0.0,0.0,0.0,0,1,3.0,1.7661290322580645,1.2016129032258065,1.6428571428571428,1.3571428571428572,3.0626152073732724,117.85459115049552
2023-11-06,Tottenham Hotspur,Chelsea,1,4,A,8,17,5,8,12,21,1,6,1,5.0,2,0.0,2023,H,,,0,0.0,0.0,0.0,0,5,2.0,1.752,1.6,1.6428571428571428,-1.6428571428571428,-5.497142857142857,112.35744829335266
2023-11-11,Tottenham Hotspur,Wolverhampton Wanderers,1,2,H,17,6,4,2,19,15,11,3,3,,0,,2023,A,4.0,0.0,0,0.0,0.0,0.0,0,3,1.0,1.738095238095238,1.2063492063492065,1.6428571428571428,-1.6428571428571428,-4.938095238095238,107.41935305525743
2023-11-26,Tottenham Hotspur,Aston Villa,1,2,A,18,15,8,5,11,13,9,3,0,4.0,0,0.0,2023,H,,,0,0.0,0.0,0.0,0,0,0.0,1.7244094488188977,1.4881889763779528,1.6428571428571428,-1.6428571428571428,-4.23037120359955,103.18898185165787
2023-12-03,Tottenham Hotspur,Manchester City,3,3,D,18,8,4,4,14,14,10,8,4,,0,,2023,A,4.0,0.0,1,0.0,0.0,0.0,0,4,0.3333333333333333,1.71875,2.328125,1.6428571428571428,-0.6428571428571428,-2.8563616071428566,100.33262024451501
2023-12-07,Tottenham Hotspur,West Ham United,1,2,A,23,11,7,5,11,12,8,4,3,3.0,0,0.0,2023,H,,,0,0.0,0.0,0.0,0,3,0.3333333333333333,1.7054263565891472,1.434108527131783,1.6428571428571428,-1.6428571428571428,-4.9722591362126245,95.36036110830238
2023-12-10,Tottenham Hotspur,Newcastle United,4,1,H,23,9,12,3,10,12,3,6,1,3.0,0,0.0,2023,H,,,3,0.0,0.0,0.0,0,1,1.3333333333333333,1.7153846153846153,1.4692307692307691,1.6428571428571428,1.3571428571428572,3.022472527472528,98.38283363577492
2023-12-15,Tottenham Hotspur,Nottingham Forest,2,0,A,15,12,1,6,16,11,6,4,4,,1,,2023,A,2.0,0.0,3,0.0,0.0,0.0,1,6,2.0,1.7251908396946565,0.9454545454545454,1.6428571428571428,1.3571428571428572,2.6510389610389615,101.03387259681388
2023-12-23,Tottenham Hotspur,Everton,2,1,H,13,18,6,8,6,18,3,8,1,4.0,0,0.0,2023,H,,,3,0.0,0.0,0.0,0,1,3.0,1.7348484848484849,1.2121212121212122,1.6428571428571428,1.3571428571428572,3.0610389610389617,104.09491155785284
2023-12-28,Tottenham Hotspur,Brighton and Hove Albion,2,4,H,15,19,9,3,18,6,7,6,2,,0,,2023,A,3.0,0.0,0,0.0,0.0,0.0,0,2,2.0,1.7218045112781954,1.3834586466165413,1.6428571428571428,-1.6428571428571428,-4.714661654135338,99.3802499037175
2023-12-31,Tottenham Hotspur,Bournemouth,3,1,H,12,24,6,4,9,18,4,13,3,3.0,0,0.0,2023,H,,,3,0.0,0.0,0.0,0,3,2.0,1.7313432835820894,1.1228070175438596,1.6428571428571428,1.3571428571428572,2.5744360902255643,101.95468599394306
2024-01-14,Tottenham Hotspur,Manchester United,2,2,D,9,16,2,6,8,5,8,13,1,,0,,2024,A,2.0,0.0,1,0.0,0.0,0.0,0,1,1.3333333333333333,1.725925925925926,1.7703703703703704,1.3783783783783783,-0.3783783783783783,-1.361501501501501,100.59318449244157
2024-01-31,Tottenham Hotspur,Brentford,3,2,H,19,9,5,5,13,15,5,3,2,3.0,0,0.0,2024,H,,,3,0.0,0.0,0.0,0,2,2.3333333333333335,1.7352941176470589,1.309278350515464,1.3783783783783783,1.6216216216216217,3.4576623014767347,104.0508467939183
2024-02-03,Tottenham Hotspur,Everton,2,2,D,14,9,5,6,8,14,9,5,0,,0,,2024,A,3.0,0.0,1,0.0,0.0,0.0,0,0,1.6666666666666667,1.72992700729927,1.1897810218978102,1.3783783783783783,-0.3783783783783783,-1.024413099230617,103.02643369468768
2024-02-10,Tottenham Hotspur,Brighton and Hove Albion,2,1,H,16,6,6,3,14,13,9,6,2,3.0,0,0.0,2024,H,,,3,0.0,0.0,0.0,0,2,2.3333333333333335,1.7391304347826086,1.3695652173913044,1.3783783783783783,1.6216216216216217,3.448619271445359,106.47505296613303
2024-02-17,Tottenham Hotspur,Wolverhampton Wanderers,1,2,A,15,12,4,7,8,13,10,4,0,1.0,0,0.0,2024,H,,,0,0.0,0.0,0.0,0,0,1.3333333333333333,1.7266187050359711,1.237410071942446,1.3783783783783783,-1.3783783783783783,-3.5315574567373123,102.94349550939573
2024-03-02,Tottenham Hotspur,Crystal Palace,3,1,H,14,4,6,1,7,16,11,1,1,2.0,0,0.0,2024,H,,,3,0.0,0.0,0.0,0,1,2.0,1.7357142857142858,1.1702127659574468,1.3783783783783783,1.6216216216216217,3.7285221391604373,106.67201764855616
2024-03-10,Tottenham Hotspur,Aston Villa,4,0,A,10,9,1,5,11,15,6,4,2,,0,,2024,A,0.0,1.0,3,0.0,0.0,0.0,1,2,2.0,1.74468085106383,1.5211267605633805,1.3783783783783783,1.6216216216216217,4.225885039969547,110.89790268852572
2024-03-16,Tottenham Hotspur,Fulham,0,3,H,16,14,7,5,9,10,4,5,3,,0,,2024,A,2.0,0.0,0,0.0,0.0,0.0,0,3,2.0,1.732394366197183,1.1238095238095238,1.3783783783783783,-1.3783783783783783,-4.264517374517374,106.63338531400834
2024-03-30,Tottenham Hotspur,Luton Town,2,1,H,17,7,4,3,16,14,3,6,2,4.0,0,0.0,2024,H,,,3,0.0,0.0,0.0,0,2,2.0,1.7412587412587412,0.7333333333333333,1.3783783783783783,1.6216216216216217,3.5440540540540546,110.1774393680624
2024-04-02,Tottenham Hotspur,West Ham United,1,1,D,11,13,4,4,13,9,9,5,4,,0,,2024,A,1.0,0.0,1,0.0,0.0,0.0,0,4,1.3333333333333333,1.7361111111111112,1.4206896551724135,1.3783783783783783,-0.3783783783783783,-2.0590493942218075,108.11838997384058
2024-04-07,Tottenham Hotspur,Nottingham Forest,3,1,H,17,13,7,6,11,12,12,2,2,3.0,0,0.0,2024,H,,,3,0.0,0.0,0.0,0,2,2.3333333333333335,1.7448275862068965,0.9571428571428572,1.3783783783783783,1.6216216216216217,3.510482625482626,111.62887259932322
2024-04-13,Tottenham Hotspur,Newcastle United,0,4,H,18,11,5,2,14,12,16,3,4,,0,,2024,A,0.0,0.0,0,0.0,0.0,0.0,0,4,1.3333333333333333,1.7328767123287672,1.4726027397260273,1.3783783783783783,-1.3783783783783783,-4.56683635690485,107.06203624241836
2024-04-28,Tottenham Hotspur,Arsenal,2,3,A,14,9,2,3,12,16,8,6,2,1.0,0,0.0,2024,H,,,0,0.0,0.0,0.0,0,2,1.0,1.7210884353741496,1.9731543624161072,1.3783783783783783,-1.3783783783783783,-4.141919100308362,102.92011714211
2024-05-02,Tottenham Hotspur,Chelsea,0,2,H,16,19,5,3,12,16,4,9,1,,0,,2024,A,0.0,0.0,0,0.0,0.0,0.0,0,1,0.0,1.7094594594594594,1.5945945945945943,1.3783783783783783,-1.3783783783783783,-3.835135135135135,99.08498200697485
2024-05-05,Tottenham Hotspur,Liverpool,2,4,H,25,11,13,6,14,12,8,3,4,,0,,2024,A,1.0,0.0,0,0.0,0.0,0.0,0,4,0.0,1.6979865771812082,2.04,1.3783783783783783,-1.3783783783783783,-4.651945945945946,94.43303606102891
2024-05-11,Tottenham Hotspur,Burnley,2,1,H,21,7,9,3,10,14,9,3,3,5.0,0,0.0,2024,H,,,3,0.0,0.0,0.0,0,3,1.0,1.7066666666666668,0.8672566371681416,1.3783783783783783,1.6216216216216217,3.2739655584788334,97.70700161950775
2024-05-14,Tottenham Hotspur,Manchester City,0,2,A,10,8,5,5,14,11,7,4,3,3.0,0,0.0,2024,H,,,0,0.0,0.0,0.0,0,3,1.0,1.695364238410596,2.357615894039735,1.3783783783783783,-1.3783783783783783,-4.449588330051906,93.25741328945584
2024-05-19,Tottenham Hotspur,Sheffield United,3,0,A,6,18,1,9,11,9,2,6,0,,0,,2024,A,2.0,0.0,3,0.0,0.0,0.0,1,0,2.0,1.7039473684210529,0.5131578947368421,1.3783783783783783,1.6216216216216217,4.877080369843528,98.13449365929937
2024-08-19,Tottenham Hotspur,Leicester City,1,1,D,7,15,3,7,11,12,2,13,1,,0,,2024,A,1.0,0.0,1,0.0,0.0,0.0,0,1,1.3333333333333333,1.699346405228758,1.3304347826086955,1.3783783783783783,-0.3783783783783783,-1.2955111633372498,96.83898249596211
2024-08-24,Tottenham Hotspur,Everton,4,0,H,13,10,7,1,11,15,12,5,0,0.0,0,0.0,2024,H,,,3,0.0,0.0,0.0,1,0,2.3333333333333335,1.707792207792208,1.181818181818182,1.3783783783783783,1.6216216216216217,4.776781326781326,101.61576382274345
2024-09-01,Tottenham Hotspur,Newcastle United,1,2,H,9,20,3,6,16,13,7,12,4,,0,,2024,A,4.0,0.0,0,0.0,0.0,0.0,0,4,1.3333333333333333,1.696774193548387,1.4967741935483871,1.3783783783783783,-1.3783783783783783,-4.570462074978204,97.04530174776524
2024-09-15,Tottenham Hotspur,Arsenal,0,1,A,15,7,5,4,13,10,7,6,5,3.0,0,0.0,2024,H,,,0,0.0,0.0,0.0,0,5,1.0,1.685897435897436,2.0064102564102564,1.3783783783783783,-1.3783783783783783,-4.8969074844074845,92.14839426335774
2024-09-21,Tottenham Hotspur,Brentford,3,1,H,23,6,10,6,11,9,9,4,3,1.0,0,0.0,2024,H,,,3,0.0,0.0,0.0,0,3,1.0,1.694267515923567,1.2605042016806722,1.3783783783783783,1.6216216216216217,3.2149784238019534,95.36337268715971
2024-09-29,Tottenham Hotspur,Manchester United,3,0,A,11,24,2,10,16,14,5,3,3,,0,,2024,A,5.0,1.0,3,0.0,0.0,0.0,1,3,2.0,1.7025316455696202,1.7341772151898731,1.3783783783783783,1.6216216216216217,3.9439274717755732,99.30730015893528
2024-10-06,Tottenham Hotspur,Brighton and Hove Albion,2,3,H,11,13,4,3,14,10,4,7,2,,0,,2024,A,2.0,0.0,0,0.0,0.0,0.0,0,2,2.0,1.6918238993710693,1.3459119496855343,1.3783783783783783,-1.3783783783783783,-4.047832738398776,95.25946742053651
2024-10-19,Tottenham Hotspur,West Ham United,4,1,H,22,11,7,4,10,15,13,5,1,3.0,0,1.0,2024,H,,,3,0.0,0.0,0.0,0,1,2.0,1.7,1.38125,1.3783783783783783,1.6216216216216217,3.6968665540540546,98.95633397459056
2024-10-27,Tottenham Hotspur,Crystal Palace,0,1,H,14,11,6,3,16,12,8,8,4,,0,,2024,A,4.0,0.0,0,0.0,0.0,0.0,0,4,1.0,1.68944099378882,1.1925465838509317,1.3783783783783783,-1.3783783783783783,-4.524827933523586,94.43150604106697
2024-11-03,Tottenham Hotspur,Aston Villa,4,1,H,16,12,6,1,14,14,6,4,2,0.0,0,0.0,2024,H,,,3,0.0,0.0,0.0,0,2,2.0,1.6975308641975309,1.5246913580246917,1.3783783783783783,1.6216216216216217,3.425350350350351,97.85685639141732
2024-11-10,Tottenham Hotspur,Ipswich Town,1,2,A,17,8,5,3,10,19,12,2,1,5.0,0,0.0,2024,H,,,0,0.0,0.0,0.0,0,1,1.0,1.687116564417178,0.7272727272727273,1.3783783783783783,-1.3783783783783783,-3.7050368550368544,94.15181953638046
2024-11-23,Tottenham Hotspur,Manchester City,4,0,A,23,9,5,7,19,9,9,3,2,,0,,2024,A,4.0,0.0,3,0.0,0.0,0.0,1,2,2.0,1.695121951219512,2.3292682926829267,1.3783783783783783,1.6216216216216217,4.104663810151615,98.25648334653208
2024-12-01,Tottenham Hotspur,Fulham,1,1,D,8,14,3,6,4,14,7,11,0,1.0,0,1.0,2024,H,,,1,0.0,0.0,0.0,0,0,1.3333333333333333,1.690909090909091,1.1496062992125984,1.3783783783783783,-0.3783783783783783,-1.0183868908278353,97.23809645570424
2024-12-05,Tottenham Hotspur,Bournemouth,0,1,H,21,12,8,4,15,8,5,9,2,,0,,2024,A,2.0,0.0,0,0.0,0.0,0.0,0,2,1.3333333333333333,1.680722891566265,1.2,1.3783783783783783,-1.3783783783783783,-4.025945945945946,93.2121505097583
2024-12-08,Tottenham Hotspur,Chelsea,3,4,A,13,17,5,8,17,11,5,10,2,2.0,0,0.0,2024,H,,,0,0.0,0.0,0.0,0,2,0.3333333333333333,1.6706586826347305,1.6706586826347305,1.3783783783783783,-1.3783783783783783,-4.096544748341156,89.11560576141714
2024-12-15,Tottenham Hotspur,Southampton,5,0,A,9,18,3,9,8,15,2,5,3,,0,,2024,A,1.0,0.0,3,0.0,0.0,0.0,1,3,1.0,1.6785714285714286,0.8692307692307693,1.3783783783783783,1.6216216216216217,4.073669438669438,93.18927520008658
2024-12-22,Tottenham Hotspur,Liverpool,3,6,A,9,24,5,12,7,9,7,5,1,2.0,0,0.0,2024,H,,,0,0.0,0.0,0.0,0,1,1.0,1.668639053254438,2.077380952380953,1.3783783783783783,-1.3783783783783783,-3.907553088803088,89.2817221112835
2024-12-26,Tottenham Hotspur,Nottingham Forest,0,1,H,10,13,3,4,12,13,2,7,2,,1,,2024,A,3.0,0.0,0,0.0,0.0,0.0,0,4,1.0,1.6588235294117648,1.148936170212766,1.3783783783783783,-1.3783783783783783,-4.518286371477861,84.76343573980563
2024-12-29,Tottenham Hotspur,Wolverhampton Wanderers,2,2,D,13,11,3,3,9,10,5,5,1,2.0,0,0.0,2024,H,,,1,0.0,0.0,0.0,0,1,0.3333333333333333,1.654970760233918,1.1637426900584795,1.3783783783783783,-0.3783783783783783,-1.2705073494547174,83.49292839035091
2025-01-04,Tottenham Hotspur,Newcastle United,1,2,A,13,14,4,4,11,15,9,10,1,4.0,0,0.0,2025,H,,,0,0.0,0.0,0.0,0,1,0.3333333333333333,1.6453488372093024,1.5116279069767442,1.0666666666666667,-1.0666666666666667,-3.043410852713178,80.44951753763773
2025-01-15,Tottenham Hotspur,Arsenal,1,2,H,14,10,4,2,16,9,10,4,1,,0,,2025,A,3.0,0.0,0,0.0,0.0,0.0,0,1,0.3333333333333333,1.6358381502890174,2.0,1.0666666666666667,-1.0666666666666667,-3.1166666666666663,77.33285087097107
2025-01-19,Tottenham Hotspur,Everton,2,3,H,12,11,6,6,14,14,3,8,1,,0,,2025,A,2.0,0.0,0,0.0,0.0,0.0,0,1,0.0,1.6264367816091954,1.1676300578034682,1.0666666666666667,-1.0666666666666667,-2.9918111753371868,74.34103969563388
2025-01-26,Tottenham Hotspur,Leicester City,1,2,A,15,12,6,3,6,16,6,4,1,5.0,0,0.0,2025,H,,,0,0.0,0.0,0.0,0,1,0.0,1.6171428571428572,1.2335766423357664,1.0666666666666667,-1.0666666666666667,-3.0017031630170314,71.33933653261685
2025-02-02,Tottenham Hotspur,Brentford,2,0,A,20,13,4,2,4,11,10,3,1,,0,,2025,A,0.0,0.0,3,0.0,0.0,0.0,1,1,1.0,1.625,1.2681159420289856,1.0666666666666667,1.9333333333333333,5.293115942028985,76.63245247464585
2025-02-16,Tottenham Hotspur,Manchester United,1,0,H,22,16,7,6,13,9,10,5,1,2.0,0,0.0,2025,H,,,3,0.0,0.0,0.0,1,1,2.0,1.6327683615819208,1.6723163841807909,1.0666666666666667,1.9333333333333333,5.232485875706214,81.86493835035206
2025-02-22,Tottenham Hotspur,Ipswich Town,4,1,A,17,10,5,6,15,14,4,4,1,,0,,2025,A,2.0,0.0,3,0.0,0.0,0.0,0,1,3.0,1.6404494382022472,0.6538461538461539,1.0666666666666667,1.9333333333333333,4.5852564102564095,86.45019476060847
2025-02-26,Tottenham Hotspur,Manchester City,0,1,A,11,12,6,5,12,15,8,3,3,0.0,0,0.0,2025,H,,,0,0.0,0.0,0.0,0,3,2.0,1.6312849162011174,2.2681564245810057,1.0666666666666667,-1.0666666666666667,-3.6568901303538173,82.79330463025465
2025-03-09,Tottenham Hotspur,Bournemouth,2,2,D,12,17,4,8,15,16,3,6,3,3.0,0,0.0,2025,H,,,1,0.0,0.0,0.0,0,3,1.3333333333333333,1.6277777777777778,1.2596153846153846,1.0666666666666667,-0.06666666666666665,-1.0056089743589742,81.78769565589567
2025-03-16,Tottenham Hotspur,Fulham,0,2,H,13,12,4,4,13,10,6,5,0,,0,,2025,A,0.0,0.0,0,0.0,0.0,0.0,0,0,0.3333333333333333,1.6187845303867403,1.2027972027972027,1.0666666666666667,-1.0666666666666667,-2.747086247086247,79.04060940880943
2025-04-03,Tottenham Hotspur,Chelsea,0,1,H,11,8,5,2,7,16,4,6,5,,0,,2025,A,5.0,0.0,0,0.0,0.0,0.0,0,5,0.3333333333333333,1.60989010989011,1.6483516483516485,1.0666666666666667,-1.0666666666666667,-4.063919413919415,74.97668999489002
2025-04-06,Tottenham Hotspur,Southampton,3,1,H,13,12,8,4,16,20,4,1,1,1.0,0,0.0,2025,H,,,3,0.0,0.0,0.0,0,1,1.0,1.6174863387978142,0.8137931034482758,1.0666666666666667,1.9333333333333333,4.561264367816091,79.53795436270612
2025-04-13,Tottenham Hotspur,Wolverhampton Wanderers,2,4,H,13,11,5,4,12,15,1,4,2,,0,,2025,A,1.0,0.0,0,0.0,0.0,0.0,0,2,1.0,1.608695652173913,1.184782608695652,1.0666666666666667,-1.0666666666666667,-3.2443840579710144,76.2935703047351
2025-04-21,Tottenham Hotspur,Nottingham Forest,1,2,A,22,4,6,3,11,12,7,1,1,4.0,0,0.0,2025,H,,,0,0.0,0.0,0.0,0,1,1.0,1.6,1.2293577981651376,1.0666666666666667,-1.0666666666666667,-3.0010703363914373,73.29249996834366
2025-04-27,Tottenham Hotspur,Liverpool,1,5,H,25,8,8,3,16,9,8,2,1,,0,,2025,A,2.0,0.0,0,0.0,0.0,0.0,0,1,0.0,1.5913978494623655,2.10752688172043,1.0666666666666667,-1.0666666666666667,-3.1327956989247308,70.15970426941894
2025-05-04,Tottenham Hotspur,West Ham United,1,1,D,11,7,2,2,18,15,1,3,2,,0,,2025,A,2.0,0.0,1,0.0,0.0,0.0,0,2,0.3333333333333333,1.588235294117647,1.3368983957219251,1.0666666666666667,-0.06666666666666665,-0.7672014260249554,69.39250284339398
2025-05-11,Tottenham Hotspur,Crystal Palace,0,2,A,8,23,1,10,12,10,4,8,1,1.0,0,0.0,2025,H,,,0,0.0,0.0,0.0,0,1,0.3333333333333333,1.5797872340425532,1.25,1.0666666666666667,-1.0666666666666667,-3.0041666666666664,66.38833617672732
2025-05-16,Tottenham Hotspur,Aston Villa,0,2,H,18,3,7,1,5,12,9,1,2,,0,,2025,A,1.0,0.0,0,0.0,0.0,0.0,0,2,0.3333333333333333,1.5714285714285714,1.560846560846561,1.0666666666666667,-1.0666666666666667,-3.3007936507936506,63.08754252593367
2025-05-25,Tottenham Hotspur,Brighton and Hove Albion,1,4,A,4,23,2,8,13,8,2,11,3,1.0,0,0.0,2025,H,,,0,0.0,0.0,0.0,0,3,0.0,1.563157894736842,1.3842105263157896,1.0666666666666667,-1.0666666666666667,-3.524298245614035,59.56324428031964
2025-08-16,Tottenham Hotspur,Burnley,3,0,H,16,14,6,4,14,8,6,5,0,0.0,0,0.0,2025,H,,,3,0.0,0.0,0.0,1,0,1.0,1.5706806282722514,0.8521739130434782,1.0666666666666667,1.9333333333333333,5.605507246376811,65.16875152669645
2025-08-23,Tottenham Hotspur,Manchester City,2,0,A,10,12,4,5,7,12,7,2,4,,0,,2025,A,1.0,0.0,3,0.0,0.0,0.0,1,4,2.0,1.578125,2.2552083333333335,1.0666666666666667,1.9333333333333333,4.395052083333333,69.5638036100298
2025-08-30,Tottenham Hotspur,Bournemouth,0,1,A,5,20,1,6,17,13,0,8,2,4.0,0,0.0,2025,H,,,0,0.0,0.0,0.0,0,2,2.0,1.5699481865284974,1.2735042735042734,1.0666666666666667,-1.0666666666666667,-3.257692307692307,66.30611130233748
2025-09-13,Tottenham Hotspur,West Ham United,3,0,A,7,14,4,5,8,7,2,13,1,,0,,2025,A,0.0,1.0,3,0.0,0.0,0.0,1,1,2.0,1.577319587628866,1.3350515463917525,1.0666666666666667,1.9333333333333333,5.28307560137457,71.58918690371206
2025-09-20,Tottenham Hotspur,Brighton and Hove Albion,2,2,D,12,11,4,3,10,13,2,10,2,,0,,2025,A,1.0,0.0,1,0.0,0.0,0.0,0,2,1.3333333333333333,1.5743589743589743,1.3743589743589744,1.0666666666666667,-0.06666666666666665,-0.7728205128205128,70.81636639089155
2025-09-27,Tottenham Hotspur,Wolverhampton Wanderers,1,1,D,10,9,3,3,9,11,10,9,3,2.0,0,0.0,2025,H,,,1,0.0,0.0,0.0,0,3,1.6666666666666667,1.5714285714285714,1.153061224489796,1.0666666666666667,-0.06666666666666665,-0.989625850340136,69.82674054055141
2025-10-04,Tottenham Hotspur,Leeds United,2,1,A,16,9,4,3,10,12,4,1,3,,0,,2025,A,2.0,0.0,3,0.0,0.0,0.0,0,3,1.6666666666666667,1.5786802030456852,1.1239669421487604,1.0666666666666667,1.9333333333333333,4.014738292011019,73.84147883256243
2025-10-19,Tottenham Hotspur,Aston Villa,1,2,A,9,8,3,2,11,7,6,6,2,0.0,0,0.0,2025,H,,,0,0.0,0.0,0.0,0,2,1.3333333333333333,1.5707070707070707,1.5505050505050506,1.0666666666666667,-1.0666666666666667,-3.299242424242424,70.54223640832001
2025-10-26,Tottenham Hotspur,Everton,3,0,A,12,7,2,4,9,8,9,8,0,,0,,2025,A,2.0,0.0,3,0.0,0.0,0.0,1,0,2.0,1.5778894472361809,1.2110552763819096,1.0666666666666667,1.9333333333333333,5.551675041876046,76.09391145019606
2025-11-01,Tottenham Hotspur,Chelsea,0,1,A,3,15,1,9,14,12,6,5,4,2.0,0,0.0,2025,H,,,0,0.0,0.0,0.0,0,4,1.0,1.57,1.67,1.0666666666666667,-1.0666666666666667,-3.8171666666666666,72.2767447835294
2025-11-08,Tottenham Hotspur,Manchester United,2,2,D,10,5,4,2,10,8,5,3,5,1.0,0,0.0,2025,H,,,1,0.0,0.0,0.0,0,5,1.3333333333333333,1.5671641791044777,1.626865671641791,1.0666666666666667,-0.06666666666666665,-1.560696517412935,70.71604826611646
2020-09-12,West Ham United,Newcastle United,0,2,A,15,15,3,2,13,7,8,7,2,2.0,0,0.0,2020,H,,,0,0.0,0.0,0.0,0,2,0.0,0.0,3.0,1.4375,-1.4375,-4.4437500000000005,107.86394230769231
2020-09-19,West Ham United,Arsenal,1,2,H,7,14,3,3,11,13,7,5,1,,0,,2020,A,0.0,0.0,0,0.0,0.0,0.0,0,1,0.0,0.0,3.0,1.4375,-1.4375,-4.1937500000000005,103.6701923076923
2020-09-27,West Ham United,Wolverhampton Wanderers,4,0,H,15,11,7,2,7,11,1,3,0,1.0,0,0.0,2020,H,,,3,0.0,0.0,0.0,1,0,1.0,1.0,1.0,1.4375,1.5625,4.656249999999999,108.3264423076923
2020-10-04,West Ham United,Leicester City,3,0,A,4,14,0,6,11,8,6,4,2,,0,,2020,A,2.0,0.0,3,0.0,0.0,0.0,1,2,2.0,1.5,2.25,1.4375,1.5625,3.96875,112.2951923076923
2020-10-18,West Ham United,Tottenham Hotspur,3,3,D,11,13,6,4,13,12,3,7,5,,0,,2020,A,0.0,0.0,1,0.0,0.0,0.0,0,5,2.3333333333333335,1.4,1.6,1.4375,-0.4375,-2.48375,109.8114423076923
2020-10-24,West Ham United,Manchester City,1,1,D,6,14,2,7,14,6,2,10,2,0.0,0,0.0,2020,H,,,1,0.0,0.0,0.0,0,2,1.6666666666666667,1.3333333333333333,1.6,1.4375,-0.4375,-1.73375,108.0776923076923
2020-10-31,West Ham United,Liverpool,1,2,H,9,4,5,3,13,14,1,2,1,,0,,2020,A,0.0,0.0,0,0.0,0.0,0.0,0,1,0.6666666666666666,1.1428571428571428,2.2857142857142856,1.4375,-1.4375,-4.086607142857143,103.99108516483517
2020-11-07,West Ham United,Fulham,1,0,H,16,13,7,3,10,9,9,5,2,2.0,0,0.0,2020,H,,,3,0.0,0.0,0.0,1,2,1.3333333333333333,1.375,0.5,1.4375,1.5625,4.231249999999999,108.22233516483516
2020-11-22,West Ham United,Sheffield United,1,0,A,9,15,5,3,7,6,2,6,0,,0,,2020,A,0.0,0.0,3,0.0,0.0,0.0,1,0,2.0,1.5555555555555556,0.1111111111111111,1.4375,1.5625,4.789583333333333,113.0119184981685
2020-11-30,West Ham United,Aston Villa,2,1,H,6,16,2,6,20,7,3,7,1,1.0,0,0.0,2020,H,,,3,0.0,0.0,0.0,0,1,3.0,1.7,1.6666666666666667,1.4375,1.5625,3.50625,116.51816849816849
2020-12-05,West Ham United,Manchester United,1,3,A,19,15,6,6,9,10,5,4,0,0.0,0,0.0,2020,H,,,0,0.0,0.0,0.0,0,0,2.0,1.5454545454545454,1.9,1.4375,-1.4375,-3.77875,112.73941849816849
2020-12-11,West Ham United,Leeds United,2,1,A,13,19,7,8,12,10,5,6,2,,0,,2020,A,1.0,0.0,3,0.0,0.0,0.0,0,2,2.0,1.6666666666666667,1.1666666666666667,1.4375,1.5625,3.3312500000000003,116.07066849816849
2020-12-16,West Ham United,Crystal Palace,1,1,D,9,8,2,2,8,12,5,3,0,1.0,0,1.0,2020,H,,,1,0.0,0.0,0.0,0,0,1.3333333333333333,1.6153846153846154,1.3846153846153846,1.4375,-0.4375,-1.2014423076923075,114.86922619047618
2020-12-21,West Ham United,Chelsea,0,3,H,11,6,7,0,11,6,5,4,0,,0,,2020,A,0.0,0.0,0,0.0,0.0,0.0,0,0,1.3333333333333333,1.5,1.7857142857142858,1.4375,-1.4375,-3.7616071428571427,111.10761904761904
2020-12-27,West Ham United,Brighton and Hove Albion,2,2,D,11,13,4,4,6,8,5,4,0,0.0,0,0.0,2020,H,,,1,0.0,0.0,0.0,0,0,0.6666666666666666,1.4666666666666666,0.8666666666666667,1.4375,-0.4375,-1.1237499999999998,109.98386904761904
2020-12-29,West Ham United,Southampton,0,0,D,8,8,3,3,16,15,4,3,1,,0,,2020,A,3.0,0.0,1,0.0,0.0,0.0,1,1,0.6666666666666666,1.4375,1.625,1.4375,-0.4375,-0.6875,109.29636904761904
2021-01-01,West Ham United,Everton,1,0,A,10,11,2,5,9,7,5,4,0,,0,,2021,A,2.0,0.0,3,0.0,0.0,0.0,1,0,1.6666666666666667,1.5294117647058822,1.8125,1.7804878048780488,1.2195121951219512,3.676905487804878,112.97327453542393
2021-01-16,West Ham United,Burnley,1,0,H,15,10,4,2,12,9,7,4,2,1.0,0,0.0,2021,H,,,3,0.0,0.0,0.0,1,2,2.3333333333333335,1.6111111111111112,0.9411764705882352,1.7804878048780488,1.2195121951219512,3.3076040172166428,116.28087855264056
2021-01-19,West Ham United,West Brom,2,1,H,14,6,6,2,10,10,3,1,0,1.0,0,0.0,2021,H,,,3,0.0,0.0,0.0,0,0,3.0,1.6842105263157894,0.5789473684210527,1.7804878048780488,1.2195121951219512,3.06193838254172,119.34281693518228
2021-01-26,West Ham United,Crystal Palace,3,2,A,6,17,3,7,9,8,3,4,0,,0,,2021,A,0.0,0.0,3,0.0,0.0,0.0,0,0,3.0,1.75,1.15,1.7804878048780488,1.2195121951219512,2.9762804878048783,122.31909742298717
2021-01-31,West Ham United,Liverpool,1,3,A,8,14,2,5,7,8,6,5,2,0.0,0,0.0,2021,H,,,0,0.0,0.0,0.0,0,2,2.0,1.6666666666666667,1.9047619047619049,1.7804878048780488,-1.7804878048780488,-5.136933797909408,117.18216362507775
2021-02-03,West Ham United,Aston Villa,3,1,A,9,20,2,10,11,15,7,3,1,,0,,2021,A,1.0,0.0,3,0.0,0.0,0.0,0,1,2.0,1.7272727272727273,1.6,1.7804878048780488,1.2195121951219512,2.658780487804878,119.84094411288264
2021-02-06,West Ham United,Fulham,0,0,D,20,8,2,1,11,10,7,3,2,,1,,2021,A,1.0,0.0,1,0.0,0.0,0.0,1,4,1.3333333333333333,1.6956521739130437,0.6818181818181818,1.7804878048780488,-0.7804878048780488,-2.153492239467849,117.68745187341479
2021-02-15,West Ham United,Sheffield United,3,0,H,13,8,9,5,11,12,7,7,0,2.0,0,0.0,2021,H,,,3,0.0,0.0,0.0,1,0,2.3333333333333335,1.75,0.4583333333333333,1.7804878048780488,1.2195121951219512,3.880030487804878,121.56748236121966
2021-02-21,West Ham United,Tottenham Hotspur,2,1,H,4,20,4,4,14,7,5,7,4,3.0,0,0.0,2021,H,,,3,0.0,0.0,0.0,0,4,2.3333333333333335,1.8,1.5,1.7804878048780488,1.2195121951219512,1.923780487804878,123.49126284902454
2021-02-27,West Ham United,Manchester City,1,2,H,10,9,3,3,8,11,4,2,1,,0,,2021,A,1.0,0.0,0,0.0,0.0,0.0,0,1,2.0,1.7307692307692308,2.3846153846153846,1.7804878048780488,-1.7804878048780488,-4.95891181988743,118.53235102913712
2021-03-08,West Ham United,Leeds United,2,0,H,16,17,5,2,9,9,6,6,1,1.0,0,0.0,2021,H,,,3,0.0,0.0,0.0,1,1,2.0,1.7777777777777777,1.2962962962962965,1.7804878048780488,1.2195121951219512,3.5043360433604334,122.03668707249754
2021-03-14,West Ham United,Manchester United,0,1,H,15,7,4,0,12,2,6,3,0,,0,,2021,A,4.0,0.0,0,0.0,0.0,0.0,0,0,1.0,1.7142857142857142,1.9655172413793105,1.7804878048780488,-1.7804878048780488,-4.646047098402019,117.39063997409552
2021-03-21,West Ham United,Arsenal,3,3,D,15,16,5,7,18,8,3,5,3,1.0,0,0.0,2021,H,,,1,0.0,0.0,0.0,0,3,1.3333333333333333,1.6896551724137931,1.4482758620689655,1.7804878048780488,-0.7804878048780488,-2.8184608915054667,114.57217908259005
2021-04-05,West Ham United,Wolverhampton Wanderers,3,2,A,20,9,5,6,9,9,4,2,4,,0,,2021,A,1.0,0.0,3,0.0,0.0,0.0,0,4,1.3333333333333333,1.7333333333333334,1.1666666666666667,1.7804878048780488,1.2195121951219512,1.9737804878048781,116.54595957039494
2021-04-11,West Ham United,Leicester City,3,2,H,4,15,4,5,7,13,1,9,3,3.0,0,0.0,2021,H,,,3,0.0,0.0,0.0,0,3,2.3333333333333335,1.7741935483870968,1.8064516129032255,1.7804878048780488,1.2195121951219512,2.1278127458693943,118.67377231626433
2021-04-17,West Ham United,Newcastle United,2,3,H,16,16,8,6,9,7,3,8,0,,1,,2021,A,2.0,0.0,0,0.0,0.0,0.0,0,2,2.0,1.71875,1.09375,1.7804878048780488,-1.7804878048780488,-5.015282012195122,113.6584903040692
2021-04-24,West Ham United,Chelsea,0,1,A,9,17,2,6,9,11,4,2,0,4.0,1,0.0,2021,H,,,0,0.0,0.0,0.0,0,2,1.0,1.6666666666666667,1.7575757575757576,1.7804878048780488,-1.7804878048780488,-5.114855875831486,108.54363442823772
2021-05-03,West Ham United,Burnley,2,1,A,8,22,3,4,4,8,5,4,1,,0,,2021,A,2.0,0.0,3,0.0,0.0,0.0,0,1,1.0,1.7058823529411764,1.0588235294117647,1.7804878048780488,1.2195121951219512,2.7399569583931136,111.28359138663083
2021-05-09,West Ham United,Everton,0,1,A,11,9,0,3,8,10,5,6,2,1.0,0,0.0,2021,H,,,0,0.0,0.0,0.0,0,2,1.0,1.6571428571428573,1.6176470588235294,1.7804878048780488,-1.7804878048780488,-5.093866571018651,106.18972481561218
2021-05-15,West Ham United,Brighton and Hove Albion,1,1,D,10,15,2,3,7,5,3,3,1,,0,,2021,A,1.0,0.0,1,0.0,0.0,0.0,0,1,1.3333333333333333,1.6388888888888888,1.0555555555555556,1.7804878048780488,-0.7804878048780488,-2.259552845528455,103.93017197008373
2021-05-19,West Ham United,West Brom,3,1,A,14,21,4,9,8,11,6,8,2,,0,,2021,A,2.0,0.0,3,0.0,0.0,0.0,0,2,1.3333333333333333,1.6756756756756757,0.7027027027027027,1.7804878048780488,1.2195121951219512,2.5433750823994727,106.4735470524832
2021-05-23,West Ham United,Southampton,3,0,H,14,17,7,5,5,9,2,3,0,3.0,0,0.0,2021,H,,,3,0.0,0.0,0.0,1,0,2.3333333333333335,1.7105263157894737,1.131578947368421,1.7804878048780488,1.2195121951219512,3.779043645699615,110.25259069818281
2021-08-15,West Ham United,Newcastle United,4,2,A,17,8,3,9,4,3,7,6,0,,0,,2021,A,1.0,0.0,3,0.0,0.0,0.0,0,0,3.0,1.7435897435897436,1.1538461538461535,1.7804878048780488,1.2195121951219512,2.9757035647279553,113.22829426291078
2021-08-23,West Ham United,Leicester City,4,1,H,13,5,7,1,8,8,10,0,0,1.0,0,1.0,2021,H,,,3,0.0,0.0,0.0,0,0,3.0,1.775,1.725,1.7804878048780488,1.2195121951219512,2.890030487804878,116.11832475071566
2021-08-28,West Ham United,Crystal Palace,2,2,D,14,9,4,2,10,7,5,3,1,0.0,0,0.0,2021,H,,,1,0.0,0.0,0.0,0,1,2.3333333333333335,1.7560975609756098,1.1219512195121952,1.7804878048780488,-0.7804878048780488,-2.2695121951219512,113.8488125555937
2021-09-11,West Ham United,Southampton,0,0,D,11,13,3,3,10,12,5,4,1,,1,,2021,A,3.0,0.0,1,0.0,0.0,0.0,1,3,1.6666666666666667,1.738095238095238,1.0952380952380951,1.7804878048780488,-0.7804878048780488,-1.9655052264808361,111.88330732911287
2021-09-19,West Ham United,Manchester United,1,2,A,13,17,4,10,5,8,2,11,0,0.0,0,0.0,2021,H,,,0,0.0,0.0,0.0,0,0,0.6666666666666666,1.697674418604651,2.0232558139534884,1.7804878048780488,-1.7804878048780488,-4.654707884288145,107.22859944482472
2021-09-25,West Ham United,Leeds United,2,1,A,15,20,5,7,10,6,5,7,2,,0,,2021,A,3.0,0.0,3,0.0,0.0,0.0,0,2,1.3333333333333333,1.7272727272727273,1.4090909090909092,1.7804878048780488,1.2195121951219512,2.4374168514412418,109.66601629626597
2021-10-03,West Ham United,Brentford,1,2,A,18,13,5,6,16,13,11,6,2,3.0,0,0.0,2021,H,,,0,0.0,0.0,0.0,0,2,1.0,1.6888888888888889,1.7142857142857142,1.7804878048780488,-1.7804878048780488,-5.108362369337979,104.55765392692798
2021-10-17,West Ham United,Everton,1,0,A,15,16,2,4,3,3,7,9,2,,0,,2021,A,0.0,0.0,3,0.0,0.0,0.0,1,2,2.0,1.7173913043478262,1.5869565217391304,1.7804878048780488,1.2195121951219512,3.2107370095440086,107.76839093647199
2021-10-24,West Ham United,Tottenham Hotspur,1,0,H,13,7,4,4,11,4,2,4,2,1.0,0,0.0,2021,H,,,3,0.0,0.0,0.0,1,2,2.0,1.74468085106383,1.6382978723404256,1.7804878048780488,1.2195121951219512,3.2030358069538143,110.97142674342581
2021-10-31,West Ham United,Aston Villa,4,1,A,9,21,3,9,7,13,3,6,2,,0,,2021,A,1.0,1.0,3,0.0,0.0,0.0,0,2,3.0,1.7708333333333333,1.3541666666666667,1.7804878048780488,1.2195121951219512,2.445655487804878,113.41708223123068
2021-11-07,West Ham United,Liverpool,3,2,H,7,16,3,5,11,6,3,2,1,1.0,0,0.0,2021,H,,,3,0.0,0.0,0.0,0,1,3.0,1.7959183673469388,1.8571428571428572,1.7804878048780488,1.2195121951219512,2.6202090592334497,116.03729129046413
2021-11-20,West Ham United,Wolverhampton Wanderers,0,1,H,15,8,5,3,6,9,7,3,1,,0,,2021,A,1.0,0.0,0,0.0,0.0,0.0,0,1,2.0,1.76,1.28,1.7804878048780488,-1.7804878048780488,-4.793219512195122,111.244071778269
2021-11-28,West Ham United,Manchester City,1,2,H,19,5,9,3,7,6,8,4,0,,0,,2021,A,2.0,0.0,0,0.0,0.0,0.0,0,0,1.0,1.7254901960784317,2.2549019607843137,1.7804878048780488,-1.7804878048780488,-4.689454806312769,106.55461697195624
2021-12-01,West Ham United,Brighton and Hove Albion,1,1,D,14,9,6,3,10,8,9,5,1,1.0,0,0.0,2021,H,,,1,0.0,0.0,0.0,0,1,0.3333333333333333,1.7115384615384617,1.1538461538461535,1.7804878048780488,-0.7804878048780488,-2.2742964352720447,104.2803205366842
2021-12-04,West Ham United,Chelsea,3,2,H,11,19,5,7,10,10,1,9,1,3.0,0,0.0,2021,H,,,3,0.0,0.0,0.0,0,1,1.3333333333333333,1.7358490566037736,1.8867924528301887,1.7804878048780488,1.2195121951219512,2.6157616198803497,106.89608215656455
2021-12-12,West Ham United,Burnley,0,0,D,9,16,1,3,13,11,6,4,1,,0,,2021,A,2.0,0.0,1,0.0,0.0,0.0,1,1,1.6666666666666667,1.7222222222222223,0.9433962264150944,1.7804878048780488,-0.7804878048780488,-1.442728946157386,105.45335321040716
2021-12-15,West Ham United,Arsenal,0,2,H,21,7,8,1,8,9,5,2,0,,1,,2021,A,2.0,0.0,0,0.0,0.0,0.0,0,2,1.3333333333333333,1.690909090909091,1.6363636363636365,1.7804878048780488,-1.7804878048780488,-5.096674057649667,100.3566791527575
2021-12-26,West Ham United,Southampton,2,3,A,11,11,5,6,10,9,10,2,2,3.0,0,0.0,2021,H,,,0,0.0,0.0,0.0,0,2,0.3333333333333333,1.6607142857142858,1.125,1.7804878048780488,-1.7804878048780488,-5.019969512195122,95.33670964056238
2021-12-28,West Ham United,Watford,4,1,A,14,13,5,6,12,12,4,5,1,,0,,2021,A,0.0,0.0,3,0.0,0.0,0.0,0,1,1.0,1.6842105263157894,0.7647058823529411,1.7804878048780488,1.2195121951219512,2.784074605451937,98.12078424601431
2022-01-01,West Ham United,Crystal Palace,3,2,A,22,10,6,5,6,16,9,1,2,,0,,2022,A,0.0,0.0,3,0.0,0.0,0.0,0,2,2.0,1.706896551724138,1.1551724137931034,1.0833333333333333,1.9166666666666667,4.218390804597701,102.33917505061201
2022-01-12,West Ham United,Norwich City,2,0,H,13,7,5,3,9,8,11,2,0,0.0,0,0.0,2022,H,,,3,0.0,0.0,0.0,1,0,3.0,1.728813559322034,0.5,1.0833333333333333,1.9166666666666667,5.616666666666666,107.95584171727867
2022-01-16,West Ham United,Leeds United,2,3,A,15,18,5,5,6,9,4,3,3,2.0,0,0.0,2022,H,,,0,0.0,0.0,0.0,0,3,2.0,1.7,1.396551724137931,1.0833333333333333,-1.0833333333333333,-3.5678160919540227,104.38802562532466
2022-01-22,West Ham United,Manchester United,0,1,H,18,6,3,1,9,8,3,3,1,,0,,2022,A,1.0,0.0,0,0.0,0.0,0.0,0,1,1.0,1.6721311475409837,1.8666666666666667,1.0833333333333333,-1.0833333333333333,-3.1383333333333328,101.24969229199132
2022-02-08,West Ham United,Watford,1,0,H,9,6,3,1,1,6,5,6,1,0.0,0,0.0,2022,H,,,3,0.0,0.0,0.0,1,1,1.0,1.6935483870967742,0.6818181818181818,1.0833333333333333,1.9166666666666667,5.339393939393939,106.58908623138525
2022-02-13,West Ham United,Leicester City,2,2,D,13,8,2,3,10,9,5,4,2,,0,,2022,A,1.0,0.0,1,0.0,0.0,0.0,0,2,1.3333333333333333,1.6825396825396826,1.55,1.0833333333333333,-0.08333333333333326,-0.8408333333333332,105.74825289805193
2022-02-19,West Ham United,Newcastle United,1,1,D,11,14,3,3,3,7,3,7,3,3.0,0,0.0,2022,H,,,1,0.0,0.0,0.0,0,3,1.6666666666666667,1.671875,1.0806451612903225,1.0833333333333333,-0.08333333333333326,-1.0204301075268813,104.72782279052504
2022-02-27,West Ham United,Wolverhampton Wanderers,1,0,H,13,14,4,1,8,2,3,5,1,0.0,0,0.0,2022,H,,,3,0.0,0.0,0.0,1,1,1.6666666666666667,1.6923076923076923,1.328125,1.0833333333333333,1.9166666666666667,5.242447916666666,109.97027070719172
2022-03-05,West Ham United,Liverpool,0,1,H,22,13,5,5,7,7,4,6,1,,0,,2022,A,2.0,0.0,0,0.0,0.0,0.0,0,1,1.3333333333333333,1.6666666666666667,2.0307692307692307,1.0833333333333333,-1.0833333333333333,-3.1629487179487175,106.807321989243
2022-03-13,West Ham United,Aston Villa,2,1,H,11,13,4,7,9,3,5,7,1,0.0,0,0.0,2022,H,,,3,0.0,0.0,0.0,0,1,2.0,1.6865671641791045,1.378787878787879,1.0833333333333333,1.9166666666666667,4.434848484848485,111.24217047409148
2022-03-20,West Ham United,Tottenham Hotspur,1,3,H,17,6,4,1,7,7,5,3,1,,0,,2022,A,0.0,0.0,0,0.0,0.0,0.0,0,1,1.0,1.661764705882353,1.6865671641791045,1.0833333333333333,-1.0833333333333333,-3.1113184079601988,108.13085206613128
2022-04-03,West Ham United,Everton,2,1,H,11,13,5,2,9,12,2,4,1,1.0,0,1.0,2022,H,,,3,0.0,0.0,0.0,0,1,2.0,1.681159420289855,1.2727272727272727,1.0833333333333333,1.9166666666666667,4.450757575757576,112.58160964188886
2022-04-10,West Ham United,Brentford,0,2,H,15,5,7,1,2,6,4,6,1,,0,,2022,A,0.0,0.0,0,0.0,0.0,0.0,0,1,1.0,1.6571428571428573,1.125,1.0833333333333333,-1.0833333333333333,-3.027083333333333,109.55452630855552
2022-04-17,West Ham United,Burnley,1,1,D,21,9,8,1,9,10,13,4,2,2.0,0,0.0,2022,H,,,1,0.0,0.0,0.0,0,2,1.3333333333333333,1.647887323943662,0.927536231884058,1.0833333333333333,-0.08333333333333326,-0.7474637681159418,108.80706254043957
2022-04-24,West Ham United,Chelsea,0,1,H,26,6,5,2,11,9,3,1,0,,1,,2022,A,1.0,0.0,0,0.0,0.0,0.0,0,2,0.3333333333333333,1.625,1.8857142857142857,1.0833333333333333,-1.0833333333333333,-3.391190476190476,105.4158720642491
2022-05-01,West Ham United,Arsenal,1,2,A,8,13,3,7,8,9,3,7,2,2.0,0,0.0,2022,H,,,0,0.0,0.0,0.0,0,2,0.3333333333333333,1.6027397260273972,1.7222222222222223,1.0833333333333333,-1.0833333333333333,-3.3666666666666663,102.04920539758244
2022-05-08,West Ham United,Norwich City,4,0,A,8,13,2,5,7,7,9,5,1,,0,,2022,A,1.0,0.0,3,0.0,0.0,0.0,1,1,1.0,1.6216216216216215,0.6,1.0833333333333333,1.9166666666666667,5.351666666666667,107.4008720642491
2022-05-15,West Ham United,Manchester City,2,2,D,6,31,2,8,9,5,4,9,3,1.0,0,0.0,2022,H,,,1,0.0,0.0,0.0,0,3,1.3333333333333333,1.6133333333333333,2.3466666666666667,1.0833333333333333,-0.08333333333333326,-1.210333333333333,106.19053873091578
2022-05-22,West Ham United,Brighton and Hove Albion,1,3,H,18,7,7,2,9,9,5,6,1,,0,,2022,A,1.0,0.0,0,0.0,0.0,0.0,0,1,1.3333333333333333,1.5921052631578947,1.2105263157894737,1.0833333333333333,-1.0833333333333333,-3.039912280701754,103.15062645021402
2022-08-07,West Ham United,Manchester City,0,2,A,6,14,1,2,8,4,1,4,0,1.0,0,0.0,2022,H,,,0,0.0,0.0,0.0,0,0,0.3333333333333333,1.5714285714285714,2.363636363636364,1.0833333333333333,-1.0833333333333333,-2.9628787878787874,100.18774766233523
2022-08-14,West Ham United,Nottingham Forest,0,1,H,13,19,6,5,10,11,6,7,1,,0,,2022,A,4.0,0.0,0,0.0,0.0,0.0,0,1,0.0,1.551282051282051,1.5,1.0833333333333333,-1.0833333333333333,-3.083333333333333,97.1044143290019
2022-08-21,West Ham United,Brighton and Hove Albion,0,2,A,13,11,3,2,10,7,5,4,2,0.0,0,0.0,2022,H,,,0,0.0,0.0,0.0,0,2,0.0,1.5316455696202531,1.2531645569620251,1.0833333333333333,-1.0833333333333333,-3.296308016877637,93.80810631212427
2022-08-28,West Ham United,Aston Villa,1,0,A,9,7,3,2,10,10,3,2,0,,0,,2022,A,2.0,0.0,3,0.0,0.0,0.0,1,0,1.0,1.55,1.2875,1.0833333333333333,1.9166666666666667,5.498541666666666,99.30664797879092
2022-08-31,West Ham United,Tottenham Hotspur,1,1,D,14,13,4,4,10,9,3,4,2,5.0,0,0.0,2022,H,,,1,0.0,0.0,0.0,0,2,1.3333333333333333,1.5432098765432098,1.7777777777777777,1.0833333333333333,-0.08333333333333326,-0.8749999999999999,98.43164797879092
2022-09-03,West Ham United,Chelsea,1,2,H,8,6,3,3,6,11,10,3,2,,0,,2022,A,4.0,0.0,0,0.0,0.0,0.0,0,2,1.3333333333333333,1.524390243902439,1.8414634146341464,1.0833333333333333,-1.0833333333333333,-3.384552845528455,95.04709513326247
2022-09-18,West Ham United,Everton,0,1,H,7,14,2,4,8,11,5,14,1,,0,,2022,A,3.0,0.0,0,0.0,0.0,0.0,0,1,0.3333333333333333,1.5060240963855422,1.2650602409638554,1.0833333333333333,-1.0833333333333333,-3.0480923694779114,91.99900276378456
2022-10-01,West Ham United,Wolverhampton Wanderers,2,0,H,18,15,5,4,8,6,1,6,2,2.0,0,0.0,2022,H,,,3,0.0,0.0,0.0,1,2,1.0,1.5238095238095235,1.2142857142857142,1.0833333333333333,1.9166666666666667,5.0095238095238095,97.00852657330837
2022-10-09,West Ham United,Fulham,3,1,H,17,8,8,2,9,7,4,2,1,3.0,0,0.0,2022,H,,,3,0.0,0.0,0.0,0,1,2.0,1.5411764705882354,0.8297872340425532,1.0833333333333333,1.9166666666666667,4.517198581560284,101.52572515486865
2022-10-16,West Ham United,Southampton,1,1,D,10,25,8,4,7,3,4,14,1,,0,,2022,A,1.0,0.0,1,0.0,0.0,0.0,0,1,2.3333333333333335,1.5348837209302326,1.058139534883721,1.0833333333333333,-0.08333333333333326,-0.5170542635658913,101.00867089130276
2022-10-19,West Ham United,Liverpool,0,1,H,22,8,7,3,9,8,8,3,0,,0,,2022,A,0.0,0.0,0,0.0,0.0,0.0,0,0,1.3333333333333333,1.5172413793103448,2.058139534883721,1.0833333333333333,-1.0833333333333333,-2.917054263565891,98.09161662773687
2022-10-24,West Ham United,Bournemouth,2,0,H,20,5,4,3,9,11,5,0,0,2.0,0,0.0,2022,H,,,3,0.0,0.0,0.0,1,0,1.3333333333333333,1.5340909090909092,1.0833333333333333,1.0833333333333333,1.9166666666666667,5.529166666666667,103.62078329440354
2022-10-30,West Ham United,Manchester United,0,1,H,16,13,3,5,12,10,5,10,3,,0,,2022,A,1.0,0.0,0,0.0,0.0,0.0,0,3,1.0,1.5168539325842696,1.7613636363636365,1.0833333333333333,-1.0833333333333333,-3.6225378787878784,99.99824541561566
2022-11-06,West Ham United,Crystal Palace,1,2,A,5,15,2,6,10,7,2,5,1,1.0,0,0.0,2022,H,,,0,0.0,0.0,0.0,0,1,1.0,1.5,1.247191011235955,1.0833333333333333,-1.0833333333333333,-3.0454119850187262,96.95283343059694
2022-11-12,West Ham United,Leicester City,0,2,A,18,9,6,6,9,8,7,2,3,1.0,0,0.0,2022,H,,,0,0.0,0.0,0.0,0,3,0.0,1.4835164835164836,1.4835164835164836,1.0833333333333333,-1.0833333333333333,-3.5808608058608056,93.37197262473613
2022-12-26,West Ham United,Arsenal,1,3,H,16,8,5,4,13,17,7,5,2,,0,,2022,A,0.0,0.0,0,0.0,0.0,0.0,0,2,0.0,1.4673913043478262,1.868131868131868,1.0833333333333333,-1.0833333333333333,-3.388553113553113,89.98341951118302
2022-12-30,West Ham United,Brentford,0,2,A,20,9,5,6,9,5,8,1,1,0.0,0,0.0,2022,H,,,0,0.0,0.0,0.0,0,1,0.0,1.4516129032258065,1.2545454545454546,1.0833333333333333,-1.0833333333333333,-3.046515151515151,86.93690435966786
2023-01-04,West Ham United,Leeds United,2,2,D,14,15,6,2,11,18,8,1,1,,0,,2023,A,3.0,0.0,1,0.0,0.0,0.0,0,1,0.3333333333333333,1.446808510638298,1.2258064516129032,1.475,-0.4750000000000001,-1.5213709677419356,85.41553339192592
2023-01-14,West Ham United,Wolverhampton Wanderers,0,1,H,17,16,4,4,10,7,4,3,2,,0,,2023,A,0.0,0.0,0,0.0,0.0,0.0,0,2,0.3333333333333333,1.431578947368421,1.1894736842105262,1.475,-1.475,-4.26592105263158,81.14961233929435
2023-01-21,West Ham United,Everton,2,0,H,11,5,4,2,9,6,4,9,1,1.0,0,0.0,2023,H,,,3,0.0,0.0,0.0,1,1,1.3333333333333333,1.4479166666666667,1.1770833333333333,1.475,1.525,4.285937499999999,85.43554983929434
2023-02-04,West Ham United,Newcastle United,1,1,D,8,10,2,1,11,13,4,2,1,,0,,2023,A,2.0,0.0,1,0.0,0.0,0.0,0,1,1.3333333333333333,1.443298969072165,1.381443298969072,1.475,-0.4750000000000001,-1.5447164948453609,83.89083334444899
2023-02-11,West Ham United,Chelsea,1,1,D,10,12,2,4,9,11,5,6,1,1.0,0,0.0,2023,H,,,1,0.0,0.0,0.0,0,1,1.6666666666666667,1.4387755102040816,1.7551020408163265,1.475,-0.4750000000000001,-1.6007653061224492,82.29006803832654
2023-02-19,West Ham United,Tottenham Hotspur,0,2,H,16,6,6,1,16,10,4,7,1,,0,,2023,A,2.0,0.0,0,0.0,0.0,0.0,0,1,0.6666666666666666,1.4242424242424243,1.75,1.475,-1.475,-4.1000000000000005,78.19006803832653
2023-02-25,West Ham United,Nottingham Forest,4,0,H,18,8,5,3,8,5,12,3,0,0.0,0,0.0,2023,H,,,3,0.0,0.0,0.0,1,0,1.3333333333333333,1.44,1.0416666666666667,1.475,1.525,4.5562499999999995,82.74631803832654
2023-03-04,West Ham United,Brighton and Hove Albion,0,4,H,20,3,9,2,6,8,7,3,3,,0,,2023,A,0.0,0.0,0,0.0,0.0,0.0,0,3,1.0,1.4257425742574257,1.3131313131313131,1.475,-1.475,-4.534469696969698,78.21184834135684
2023-03-12,West Ham United,Aston Villa,1,1,D,17,12,6,4,8,6,13,2,1,0.0,0,0.0,2023,H,,,1,0.0,0.0,0.0,0,1,1.3333333333333333,1.4215686274509804,1.3235294117647058,1.475,-0.4750000000000001,-1.536029411764706,76.67581892959214
2023-04-02,West Ham United,Southampton,1,0,H,12,9,2,3,10,11,5,3,0,2.0,0,0.0,2023,H,,,3,0.0,0.0,0.0,1,0,1.3333333333333333,1.4368932038834952,1.0095238095238095,1.475,1.525,4.561071428571428,81.23689035816356
2023-04-05,West Ham United,Newcastle United,1,5,A,7,15,2,8,11,12,7,6,2,1.0,0,0.0,2023,H,,,0,0.0,0.0,0.0,0,2,1.3333333333333333,1.4230769230769231,1.4134615384615383,1.475,-1.475,-4.299519230769231,76.93737112739433
2023-04-08,West Ham United,Fulham,1,0,A,16,9,3,5,10,12,11,4,1,,0,,2023,A,1.0,0.0,3,0.0,0.0,0.0,1,1,2.0,1.438095238095238,1.0,1.475,1.525,4.312499999999999,81.24987112739433
2023-04-16,West Ham United,Arsenal,2,2,D,16,11,3,5,11,8,7,2,1,2.0,0,0.0,2023,H,,,1,0.0,0.0,0.0,0,1,1.3333333333333333,1.4339622641509433,1.9065420560747663,1.475,-0.4750000000000001,-1.6234813084112152,79.62638981898311
2023-04-23,West Ham United,Bournemouth,4,0,A,17,18,5,10,7,8,8,5,2,,0,,2023,A,1.0,0.0,3,0.0,0.0,0.0,1,2,2.3333333333333335,1.4485981308411215,1.03125,1.475,1.525,4.0578125,83.68420231898311
2023-04-26,West Ham United,Liverpool,1,2,A,7,20,2,4,6,8,3,6,0,0.0,0,0.0,2023,H,,,0,0.0,0.0,0.0,0,0,1.3333333333333333,1.4351851851851851,1.9814814814814816,1.475,-1.475,-3.884722222222222,79.7994800967609
2023-04-29,West Ham United,Crystal Palace,3,4,H,16,8,6,4,9,17,8,5,2,,0,,2023,A,1.0,0.0,0,0.0,0.0,0.0,0,2,1.0,1.4220183486238531,1.2,1.475,-1.475,-4.2675,75.53198009676089
2023-05-03,West Ham United,Manchester City,0,3,H,16,6,7,2,8,8,6,3,1,,0,,2023,A,0.0,0.0,0,0.0,0.0,0.0,0,1,0.0,1.4090909090909092,2.36697247706422,1.475,-1.475,-4.192545871559633,71.33943422520127
2023-05-07,West Ham United,Manchester United,1,0,H,15,19,4,4,4,9,5,6,0,2.0,0,0.0,2023,H,,,3,0.0,0.0,0.0,1,0,1.0,1.423423423423423,1.7727272727272727,1.475,1.525,4.446590909090909,75.78602513429217
2023-05-14,West Ham United,Brentford,0,2,H,24,4,10,4,5,5,7,5,0,,0,,2023,A,1.0,0.0,0,0.0,0.0,0.0,0,0,1.0,1.4107142857142858,1.337837837837838,1.475,-1.475,-3.7881756756756757,71.9978494586165
2023-05-21,West Ham United,Leeds United,3,1,H,19,12,9,3,6,11,9,5,1,3.0,0,0.0,2023,H,,,3,0.0,0.0,0.0,0,1,2.0,1.424778761061947,1.1327433628318584,1.475,1.525,3.4925884955752213,75.49043795419172
2023-05-28,West Ham United,Leicester City,1,2,H,13,16,4,3,8,10,3,5,1,,0,,2023,A,1.0,0.0,0,0.0,0.0,0.0,0,1,1.0,1.412280701754386,1.3333333333333333,1.475,-1.475,-4.0375000000000005,71.45293795419173
2023-08-12,West Ham United,Bournemouth,1,1,D,14,16,5,3,9,14,10,4,4,,0,,2023,A,1.0,0.0,1,0.0,0.0,0.0,0,4,1.3333333333333333,1.4086956521739131,1.0256410256410255,1.475,-0.4750000000000001,-2.2413461538461537,69.21159180034556
2023-08-20,West Ham United,Chelsea,3,1,H,12,17,6,4,12,9,3,9,2,3.0,1,0.0,2023,H,,,3,0.0,0.0,0.0,0,4,1.3333333333333333,1.4224137931034482,1.603448275862069,1.475,1.525,2.6719827586206897,71.88357455896626
2023-08-26,West Ham United,Brighton and Hove Albion,3,1,A,25,12,10,3,10,9,17,4,3,,0,,2023,A,1.0,0.0,3,0.0,0.0,0.0,0,3,2.3333333333333335,1.435897435897436,1.3675213675213675,1.475,1.525,2.957371794871795,74.84094635383806
2023-09-01,West Ham United,Luton Town,2,1,A,16,9,1,3,8,13,9,6,1,,0,,2023,A,1.0,0.0,3,0.0,0.0,0.0,0,1,3.0,1.4491525423728813,0.0,1.475,1.525,3.6625,78.50344635383806
2023-09-16,West Ham United,Manchester City,1,3,A,6,29,3,15,7,11,4,11,3,2.0,0,0.0,2023,H,,,0,0.0,0.0,0.0,0,3,2.0,1.4369747899159664,2.3781512605042017,1.475,-1.475,-4.69422268907563,73.80922366476243
2023-09-24,West Ham United,Liverpool,1,3,H,22,11,7,4,12,13,7,4,2,,0,,2023,A,0.0,0.0,0,0.0,0.0,0.0,0,2,1.0,1.425,2.033333333333333,1.475,-1.475,-4.3925,69.41672366476243
2023-09-30,West Ham United,Sheffield United,2,0,H,20,16,9,2,6,9,7,4,1,1.0,0,0.0,2023,H,,,3,0.0,0.0,0.0,1,1,1.0,1.43801652892562,0.5333333333333333,1.475,1.525,4.382499999999999,73.79922366476242
2023-10-08,West Ham United,Newcastle United,2,2,D,5,10,3,3,11,18,4,2,3,3.0,0,0.0,2023,H,,,1,0.0,0.0,0.0,0,3,1.3333333333333333,1.4344262295081966,1.459016393442623,1.475,-0.4750000000000001,-2.0563524590163937,71.74287120574604
2023-10-22,West Ham United,Aston Villa,1,4,H,15,14,7,4,9,15,8,7,1,,0,,2023,A,0.0,0.0,0,0.0,0.0,0.0,0,1,1.3333333333333333,1.4227642276422765,1.4634146341463414,1.475,-1.475,-4.057012195121952,67.68585901062409
2023-10-29,West Ham United,Everton,0,1,A,12,10,2,4,7,11,4,3,4,1.0,0,0.0,2023,H,,,0,0.0,0.0,0.0,0,4,0.3333333333333333,1.4112903225806452,1.1612903225806452,1.475,-1.475,-4.761693548387097,62.924165462236985
2023-11-04,West Ham United,Brentford,2,3,H,16,12,4,2,12,14,4,3,4,,0,,2023,A,1.0,0.0,0,0.0,0.0,0.0,0,4,0.0,1.4,1.3908045977011494,1.475,-1.475,-4.796120689655173,58.12804477258181
2023-11-12,West Ham United,Nottingham Forest,3,2,H,16,10,6,5,9,12,9,4,2,2.0,0,0.0,2023,H,,,3,0.0,0.0,0.0,0,2,1.0,1.4126984126984128,1.02,1.475,1.525,3.2595,61.38754477258181
2023-11-25,West Ham United,Burnley,2,1,A,11,11,5,3,11,7,4,5,3,,0,,2023,A,1.0,0.0,3,0.0,0.0,0.0,0,3,2.0,1.4251968503937007,0.8764044943820225,1.475,1.525,3.0310393258426966,64.4185840984245
2023-12-03,West Ham United,Crystal Palace,1,1,D,9,9,3,2,17,7,2,3,2,0.0,0,0.0,2023,H,,,1,0.0,0.0,0.0,0,2,2.3333333333333335,1.421875,1.1953125,1.475,-0.4750000000000001,-1.766796875,62.65178722342451
2023-12-07,West Ham United,Tottenham Hotspur,2,1,A,23,11,7,5,11,12,8,4,3,,0,,2023,A,3.0,0.0,3,0.0,0.0,0.0,0,3,2.3333333333333335,1.434108527131783,1.7054263565891472,1.475,1.525,2.906686046511628,65.55847326993614
2023-12-10,West Ham United,Fulham,0,5,H,14,9,8,5,5,10,3,6,1,,0,,2023,A,2.0,0.0,0,0.0,0.0,0.0,0,1,1.3333333333333333,1.4230769230769231,1.0978260869565215,1.475,-1.475,-4.002173913043478,61.556299356892666
2023-12-17,West Ham United,Wolverhampton Wanderers,3,0,H,13,14,4,3,12,15,6,6,3,1.0,0,0.0,2023,H,,,3,0.0,0.0,0.0,1,3,2.0,1.4351145038167938,1.1908396946564883,1.475,1.525,3.7838740458015265,65.34017340269419
2023-12-23,West Ham United,Manchester United,2,0,H,12,11,5,3,13,15,4,4,2,3.0,0,0.0,2023,H,,,3,0.0,0.0,0.0,1,2,2.0,1.446969696969697,1.7803030303030305,1.475,1.525,3.9454545454545453,69.28562794814874
2023-12-28,West Ham United,Arsenal,2,0,A,30,6,8,3,8,8,10,3,0,,0,,2023,A,2.0,0.0,3,0.0,0.0,0.0,1,0,3.0,1.4586466165413534,1.9097744360902256,1.475,1.525,4.426033834586466,73.7116617827352
2024-01-02,West Ham United,Brighton and Hove Albion,0,0,D,6,22,2,8,4,6,2,0,1,0.0,0,0.0,2024,H,,,1,0.0,0.0,0.0,1,1,2.3333333333333335,1.455223880597015,1.3805970149253732,1.105263157894737,-0.10526315789473695,0.1797525530243517,73.89141433575955
2024-01-21,West Ham United,Sheffield United,2,2,D,21,16,6,5,11,10,4,1,1,,1,,2024,A,3.0,1.0,1,0.0,0.0,0.0,0,3,1.6666666666666667,1.451851851851852,0.559322033898305,1.105263157894737,-0.10526315789473695,-0.9970561998215882,72.89435813593798
2024-02-01,West Ham United,Bournemouth,1,1,D,9,9,3,4,13,11,1,5,1,3.0,0,0.0,2024,H,,,1,0.0,0.0,0.0,0,1,1.0,1.4485294117647058,1.1016949152542372,1.105263157894737,-0.10526315789473695,-0.578412132024978,72.31594600391298
2024-02-04,West Ham United,Manchester United,0,3,H,12,22,5,3,10,5,5,8,1,,0,,2024,A,0.0,0.0,0,0.0,0.0,0.0,0,1,0.6666666666666666,1.437956204379562,1.7883211678832116,1.105263157894737,-1.105263157894737,-3.181406069919324,69.13453993399366
2024-02-11,West Ham United,Arsenal,0,6,A,5,25,1,12,17,11,2,6,4,0.0,0,0.0,2024,H,,,0,0.0,0.0,0.0,0,4,0.3333333333333333,1.427536231884058,1.927536231884058,1.105263157894737,-1.105263157894737,-3.9522883295194506,65.18225160447422
2024-02-17,West Ham United,Nottingham Forest,0,2,H,19,10,8,3,13,15,5,3,4,,1,,2024,A,4.0,0.0,0,0.0,0.0,0.0,0,6,0.0,1.4172661870503598,0.984126984126984,1.105263157894737,-1.105263157894737,-4.310776942355891,60.871474662118324
2024-02-26,West Ham United,Brentford,4,2,H,17,14,6,8,5,9,1,7,1,2.0,0,0.0,2024,H,,,3,0.0,0.0,0.0,0,1,1.0,1.4285714285714286,1.2745098039215683,1.105263157894737,1.894736842105263,4.395665634674922,65.26714029679324
2024-03-02,West Ham United,Everton,3,1,A,22,12,11,5,9,6,4,5,2,,0,,2024,A,1.0,0.0,3,0.0,0.0,0.0,0,2,2.0,1.4397163120567376,1.1702127659574468,1.105263157894737,1.894736842105263,4.16131019036954,69.42845048716279
2024-03-10,West Ham United,Burnley,2,2,D,22,11,4,4,11,18,4,4,2,4.0,0,0.0,2024,H,,,1,0.0,0.0,0.0,0,2,2.3333333333333335,1.4366197183098592,0.8461538461538461,1.105263157894737,-0.10526315789473695,-0.7900809716599193,68.63836951550286
2024-03-17,West Ham United,Aston Villa,1,1,D,13,13,5,5,13,12,7,11,3,3.0,0,0.0,2024,H,,,1,0.0,0.0,0.0,0,3,1.6666666666666667,1.4335664335664335,1.5174825174825175,1.105263157894737,-0.10526315789473695,-1.14078027235922,67.49758924314364
2024-03-30,West Ham United,Newcastle United,3,4,H,24,10,9,4,9,8,3,4,1,,0,,2024,A,1.0,1.0,0,0.0,0.0,0.0,0,1,0.6666666666666666,1.4236111111111112,1.4545454545454546,1.105263157894737,-1.105263157894737,-3.1313397129186606,64.36624953022499
2024-04-02,West Ham United,Tottenham Hotspur,1,1,D,11,13,4,4,13,9,9,5,1,4.0,0,0.0,2024,H,,,1,0.0,0.0,0.0,0,1,0.6666666666666666,1.4206896551724135,1.7361111111111112,1.105263157894737,-0.10526315789473695,-0.673574561403509,63.69267496882147
2024-04-06,West Ham United,Wolverhampton Wanderers,2,1,A,14,11,7,4,15,7,4,4,2,,0,,2024,A,5.0,0.0,3,0.0,0.0,0.0,0,2,1.3333333333333333,1.4315068493150684,1.2344827586206897,1.105263157894737,1.894736842105263,4.151669691470054,67.84434466029153
2024-04-14,West Ham United,Fulham,0,2,A,15,18,4,10,6,13,8,3,1,2.0,0,0.0,2024,H,,,0,0.0,0.0,0.0,0,1,1.3333333333333333,1.4217687074829932,1.1192660550458715,1.105263157894737,-1.105263157894737,-3.081047802993723,64.7632968572978
2024-04-21,West Ham United,Crystal Palace,2,5,H,18,4,7,1,9,9,4,0,2,,0,,2024,A,3.0,0.0,0,0.0,0.0,0.0,0,2,1.0,1.412162162162162,1.1768707482993197,1.105263157894737,-1.105263157894737,-3.3396885069817404,61.423608350316066
2024-04-27,West Ham United,Liverpool,2,2,D,11,28,8,8,8,10,5,8,0,2.0,0,0.0,2024,H,,,1,0.0,0.0,0.0,0,0,0.3333333333333333,1.4093959731543624,2.033557046979866,1.105263157894737,-0.10526315789473695,-0.46819145178382227,60.95541689853224
2024-05-05,West Ham United,Chelsea,0,5,H,25,13,14,2,12,10,8,6,3,,0,,2024,A,1.0,0.0,0,0.0,0.0,0.0,0,3,0.3333333333333333,1.4,1.604026845637584,1.105263157894737,-1.105263157894737,-3.65376192158248,57.30165497694976
2024-05-11,West Ham United,Luton Town,3,1,H,24,4,8,1,9,15,7,6,1,3.0,0,0.0,2024,H,,,3,0.0,0.0,0.0,0,1,1.3333333333333333,1.4105960264900663,0.7027027027027027,1.105263157894737,1.894736842105263,4.481436699857752,61.783091676807516
2024-05-19,West Ham United,Manchester City,1,3,H,28,3,12,2,3,12,11,2,1,,0,,2024,A,0.0,0.0,0,0.0,0.0,0.0,0,1,1.0,1.4013157894736843,2.361842105263158,1.105263157894737,-1.105263157894737,-3.267434210526316,58.5156574662812
2024-08-17,West Ham United,Aston Villa,1,2,A,14,15,3,3,18,11,5,3,1,2.0,0,0.0,2024,H,,,0,0.0,0.0,0.0,0,1,1.0,1.392156862745098,1.5163398692810457,1.105263157894737,-1.105263157894737,-3.1406088751289993,55.3750485911522
2024-08-24,West Ham United,Crystal Palace,2,0,A,14,18,2,3,9,17,3,3,1,,0,,2024,A,1.0,0.0,3,0.0,0.0,0.0,1,1,1.0,1.4025974025974026,1.207792207792208,1.105263157894737,1.894736842105263,5.205673274094326,60.580721865246524
2024-08-31,West Ham United,Manchester City,1,3,A,10,23,2,8,10,3,3,11,3,2.0,0,0.0,2024,H,,,0,0.0,0.0,0.0,0,3,1.0,1.3935483870967742,2.3741935483870966,1.105263157894737,-1.105263157894737,-3.7692869269949068,56.811434938251615
2024-09-14,West Ham United,Fulham,1,1,D,21,11,5,3,15,18,3,2,3,,0,,2024,A,2.0,0.0,1,0.0,0.0,0.0,0,3,1.3333333333333333,1.391025641025641,1.11864406779661,1.105263157894737,-0.10526315789473695,-1.0809545049063338,55.73048043334528
2024-09-21,West Ham United,Chelsea,0,3,A,15,12,7,5,17,9,6,5,5,2.0,0,0.0,2024,H,,,0,0.0,0.0,0.0,0,5,0.3333333333333333,1.382165605095541,1.643312101910828,1.105263157894737,-1.105263157894737,-4.159654710023467,51.57082572332181
2024-09-28,West Ham United,Brentford,1,1,D,8,19,3,3,2,11,7,7,3,,0,,2024,A,2.0,0.0,1,0.0,0.0,0.0,0,3,0.6666666666666666,1.379746835443038,1.2583333333333333,1.105263157894737,-0.10526315789473695,-1.1019078947368424,50.46891782858497
2024-10-05,West Ham United,Ipswich Town,4,1,H,23,9,13,2,12,6,5,5,0,1.0,0,0.0,2024,H,,,3,0.0,0.0,0.0,0,0,1.3333333333333333,1.389937106918239,0.5714285714285714,1.105263157894737,1.894736842105263,4.751127819548872,55.22004564813384
2024-10-19,West Ham United,Tottenham Hotspur,1,4,H,22,11,7,4,10,15,13,5,3,,1,,2024,A,1.0,0.0,0,0.0,0.0,0.0,0,5,1.3333333333333333,1.38125,1.7,1.105263157894737,-1.105263157894737,-4.168157894736843,51.051887753397
2024-10-27,West Ham United,Manchester United,2,1,H,12,18,3,5,6,7,6,5,5,1.0,0,0.0,2024,H,,,3,0.0,0.0,0.0,0,5,2.0,1.391304347826087,1.7267080745341614,1.105263157894737,1.894736842105263,3.3278358940830333,54.37972364748003
2024-11-02,West Ham United,Nottingham Forest,0,3,H,19,4,6,2,7,9,11,6,2,,1,,2024,A,1.0,0.0,0,0.0,0.0,0.0,0,4,1.0,1.382716049382716,1.0813953488372092,1.105263157894737,-1.105263157894737,-3.8253671970624237,50.5543564504176
2024-11-09,West Ham United,Everton,0,0,D,11,18,6,4,10,9,7,6,1,2.0,0,0.0,2024,H,,,1,0.0,0.0,0.0,1,1,1.3333333333333333,1.3803680981595092,1.177914110429448,1.105263157894737,-0.10526315789473695,0.2101549886987405,50.76451143911634
2024-11-25,West Ham United,Newcastle United,2,0,A,18,15,2,6,11,8,8,3,0,,0,,2024,A,1.0,0.0,3,0.0,0.0,0.0,1,0,1.3333333333333333,1.3902439024390243,1.4817073170731707,1.105263157894737,1.894736842105263,5.414586007702181,56.179097446818524
2024-11-30,West Ham United,Arsenal,2,5,A,12,16,5,7,10,13,2,10,4,1.0,0,0.0,2024,H,,,0,0.0,0.0,0.0,0,4,1.3333333333333333,1.3818181818181818,1.987878787878788,1.105263157894737,-1.105263157894737,-3.9613397129186603,52.217757733899866
2024-12-03,West Ham United,Leicester City,1,3,H,8,31,6,10,9,7,3,9,2,,0,,2024,A,2.0,0.0,0,0.0,0.0,0.0,0,2,1.0,1.3734939759036144,1.2890625,1.105263157894737,-1.105263157894737,-3.3565172697368424,48.861240464163025
2024-12-09,West Ham United,Wolverhampton Wanderers,2,1,H,19,19,4,5,12,17,11,0,5,4.0,0,0.0,2024,H,,,3,0.0,0.0,0.0,0,5,1.0,1.3832335329341316,1.1497005988023952,1.105263157894737,1.894736842105263,3.414387015442798,52.275627479605824
2024-12-16,West Ham United,Bournemouth,1,1,D,29,16,9,3,6,11,12,6,2,,0,,2024,A,0.0,0.0,1,0.0,0.0,0.0,0,2,1.3333333333333333,1.380952380952381,1.2173913043478262,1.105263157894737,-0.10526315789473695,-0.8457665903890162,51.429860889216805
2024-12-21,West Ham United,Brighton and Hove Albion,1,1,D,11,12,4,6,14,20,8,4,2,2.0,0,0.0,2024,H,,,1,0.0,0.0,0.0,0,2,1.6666666666666667,1.378698224852071,1.343195266272189,1.105263157894737,-0.10526315789473695,-0.8646371846776707,50.565223704539136
2024-12-26,West Ham United,Southampton,1,0,A,18,16,5,2,15,8,2,2,2,,0,,2024,A,1.0,0.0,3,0.0,0.0,0.0,1,2,1.6666666666666667,1.388235294117647,0.8636363636363636,1.105263157894737,1.894736842105263,5.007296650717702,55.57252035525684
2024-12-29,West Ham United,Liverpool,0,5,A,7,22,0,13,7,10,3,6,0,0.0,0,0.0,2024,H,,,0,0.0,0.0,0.0,0,0,1.3333333333333333,1.3801169590643274,2.088235294117647,1.105263157894737,-1.105263157894737,-2.9763931888544897,52.596127166402354
2025-01-04,West Ham United,Manchester City,1,4,H,10,17,7,4,8,13,7,1,1,,0,,2025,A,2.0,0.0,0,0.0,0.0,0.0,0,1,1.0,1.372093023255814,2.2848837209302326,1.0,-1.0,-2.9927325581395348,49.60339460826282
2025-01-14,West Ham United,Fulham,3,2,H,4,21,3,5,9,18,0,3,3,3.0,0,0.0,2025,H,,,3,0.0,0.0,0.0,0,3,1.0,1.3815028901734103,1.162962962962963,1.0,2.0,4.1755555555555555,53.77895016381837
2025-01-18,West Ham United,Crystal Palace,0,2,A,7,12,0,7,13,10,2,4,1,0.0,1,0.0,2025,H,,,0,0.0,0.0,0.0,0,3,1.0,1.3735632183908046,1.2241379310344829,1.0,-1.0,-3.3336206896551723,50.4453294741632
2025-01-26,West Ham United,Aston Villa,1,1,D,14,14,4,4,13,16,4,3,3,,0,,2025,A,2.0,0.0,1,0.0,0.0,0.0,0,3,1.3333333333333333,1.3714285714285714,1.52,1.0,0.0,-0.878,49.5673294741632
2025-02-03,West Ham United,Chelsea,1,2,H,22,14,3,5,11,10,4,3,1,,0,,2025,A,3.0,0.0,0,0.0,0.0,0.0,0,1,0.3333333333333333,1.3636363636363635,1.6534090909090908,1.0,-1.0,-2.8980113636363636,46.669318110526845
2025-02-15,West Ham United,Brentford,0,1,A,13,14,3,5,10,13,9,2,1,1.0,0,0.0,2025,H,,,0,0.0,0.0,0.0,0,1,0.3333333333333333,1.3559322033898304,1.2805755395683454,1.0,-1.0,-2.8420863309352518,43.8272317795916
2025-02-22,West Ham United,Arsenal,1,0,A,20,5,2,2,16,15,2,0,3,,0,,2025,A,1.0,1.0,3,0.0,0.0,0.0,1,3,1.0,1.3651685393258426,2.0,1.0,2.0,4.85,48.6772317795916
2025-02-27,West Ham United,Leicester City,2,0,H,8,10,2,2,12,6,3,3,0,0.0,0,0.0,2025,H,,,3,0.0,0.0,0.0,1,0,2.0,1.3743016759776536,1.198581560283688,1.0,2.0,5.720212765957446,54.39744454554905
2025-03-10,West Ham United,Newcastle United,0,1,A,9,9,2,3,7,15,3,4,0,1.0,0,0.0,2025,H,,,0,0.0,0.0,0.0,0,0,2.0,1.3666666666666667,1.511111111111111,1.0,-1.0,-2.6266666666666665,51.770777878882384
2025-03-15,West Ham United,Everton,1,1,D,13,10,5,5,12,8,6,5,2,,0,,2025,A,1.0,0.0,1,0.0,0.0,0.0,0,2,1.3333333333333333,1.3646408839779005,1.1933701657458564,1.0,0.0,-0.5790055248618785,51.19177235402051
2025-04-01,West Ham United,Wolverhampton Wanderers,0,1,H,9,10,2,1,16,12,1,2,2,,0,,2025,A,4.0,0.0,0,0.0,0.0,0.0,0,2,0.3333333333333333,1.3571428571428572,1.164835164835165,1.0,-1.0,-3.0747252747252745,48.11704707929523
2025-04-05,West Ham United,Bournemouth,2,2,D,9,11,3,4,13,13,4,7,2,2.0,0,0.0,2025,H,,,1,0.0,0.0,0.0,0,2,0.6666666666666666,1.355191256830601,1.233644859813084,1.0,0.0,-0.5850467289719626,47.53200035032327
2025-04-13,West Ham United,Liverpool,1,2,H,15,11,6,4,15,8,10,3,2,,0,,2025,A,0.0,0.0,0,0.0,0.0,0.0,0,2,0.3333333333333333,1.3478260869565215,2.097826086956522,1.0,-1.0,-3.214673913043478,44.31732643727979
2025-04-19,West Ham United,Southampton,1,1,D,12,15,4,4,14,13,2,5,2,1.0,0,0.0,2025,H,,,1,0.0,0.0,0.0,0,2,0.6666666666666666,1.345945945945946,0.8095238095238095,1.0,0.0,-0.5214285714285715,43.79589786585122
2025-04-26,West Ham United,Brighton and Hove Albion,2,3,H,16,12,9,4,7,9,8,1,1,,0,,2025,A,1.0,0.0,0,0.0,0.0,0.0,0,1,0.3333333333333333,1.3387096774193548,1.3602150537634408,1.0,-1.0,-2.854032258064516,40.941865607786696
2025-05-04,West Ham United,Tottenham Hotspur,1,1,D,11,7,2,2,18,15,1,3,2,2.0,0,0.0,2025,H,,,1,0.0,0.0,0.0,0,2,0.6666666666666666,1.3368983957219251,1.588235294117647,1.0,0.0,-0.6382352941176471,40.303630313669046
2025-05-11,West Ham United,Manchester United,2,0,A,20,9,5,4,3,13,8,5,1,,0,,2025,A,0.0,0.0,3,0.0,0.0,0.0,1,1,1.3333333333333333,1.3457446808510638,1.627659574468085,1.0,2.0,5.405851063829787,45.70948137749883
2025-05-18,West Ham United,Nottingham Forest,1,2,A,16,10,5,5,14,7,8,7,6,3.0,0,0.0,2025,H,,,0,0.0,0.0,0.0,0,6,1.3333333333333333,1.3386243386243386,1.2300884955752212,1.0,-1.0,-4.084513274336284,41.624968103162544
2025-05-25,West Ham United,Ipswich Town,3,1,A,14,10,4,6,10,9,4,0,1,,0,,2025,A,1.0,0.0,3,0.0,0.0,0.0,0,1,2.0,1.3473684210526315,0.5789473684210527,1.0,2.0,4.763157894736842,46.38812599789938
2025-08-16,West Ham United,Sunderland,0,3,H,10,12,5,4,8,10,5,7,1,,0,,2025,A,0.0,0.0,0,0.0,0.0,0.0,0,1,1.0,1.3403141361256543,3.0,1.0,-1.0,-3.1,43.288125997899385
2025-08-22,West Ham United,Chelsea,1,5,A,12,12,4,7,7,10,7,5,0,1.0,0,0.0,2025,H,,,0,0.0,0.0,0.0,0,0,1.0,1.3333333333333333,1.671875,1.0,-1.0,-2.65078125,40.63734474789939
2025-08-31,West Ham United,Nottingham Forest,3,0,A,11,12,3,8,14,6,9,7,0,,0,,2025,A,0.0,0.0,3,0.0,0.0,0.0,1,0,1.0,1.3419689119170986,1.2222222222222223,1.0,2.0,5.716666666666666,46.35401141456606
2025-09-13,West Ham United,Tottenham Hotspur,0,3,A,7,14,4,5,8,7,2,13,0,1.0,1,0.0,2025,H,,,0,0.0,0.0,0.0,0,2,1.0,1.3350515463917525,1.577319587628866,1.0,-1.0,-3.13659793814433,43.217413476421726
2025-09-20,West Ham United,Crystal Palace,1,2,A,8,18,3,3,15,5,8,8,3,3.0,0,0.0,2025,H,,,0,0.0,0.0,0.0,0,3,1.0,1.328205128205128,1.2717948717948715,1.0,-1.0,-3.3407692307692307,39.8766442456525
2025-09-29,West Ham United,Everton,1,1,D,12,14,6,3,7,16,3,5,4,,0,,2025,A,3.0,0.0,1,0.0,0.0,0.0,0,4,0.3333333333333333,1.326530612244898,1.2142857142857142,1.0,0.0,-1.082142857142857,38.794501388509644
2025-10-04,West Ham United,Arsenal,0,2,H,21,4,5,0,14,14,8,3,2,,0,,2025,A,0.0,0.0,0,0.0,0.0,0.0,0,2,0.3333333333333333,1.3197969543147208,1.9949238578680204,1.0,-1.0,-3.199238578680203,35.595262809829435
2025-10-20,West Ham United,Brentford,0,2,A,7,22,1,7,10,10,6,10,1,1.0,0,0.0,2025,H,,,0,0.0,0.0,0.0,0,1,0.3333333333333333,1.3131313131313131,1.3125,1.0,-1.0,-2.846875,32.74838780982944
2025-10-24,West Ham United,Leeds United,1,2,H,13,9,5,3,12,11,3,4,3,,0,,2025,A,3.0,0.0,0,0.0,0.0,0.0,0,3,0.0,1.306532663316583,1.1300813008130082,1.0,-1.0,-3.319512195121951,29.428875614707493
2025-11-02,West Ham United,Newcastle United,3,1,H,15,12,9,4,5,10,7,6,1,2.0,0,0.0,2025,H,,,3,0.0,0.0,0.0,0,1,1.0,1.315,1.515,1.0,2.0,4.62275,34.05162561470749
2025-11-08,West Ham United,Burnley,3,2,H,15,16,6,7,15,13,7,4,2,2.0,0,0.0,2025,H,,,3,0.0,0.0,0.0,0,2,2.0,1.3233830845771144,0.864,1.0,2.0,4.4704,38.52202561470749
2020-09-14,Wolverhampton Wanderers,Sheffield United,2,0,A,9,11,2,4,13,7,12,5,1,,0,,2020,A,2.0,0.0,3,0.0,0.0,0.0,1,1,3.0,3.0,0.0,1.3125,1.6875,4.8687499999999995,149.48413461538462
2020-09-21,Wolverhampton Wanderers,Manchester City,1,3,A,10,14,1,9,6,8,4,6,0,3.0,0,0.0,2020,H,,,0,0.0,0.0,0.0,0,0,1.5,1.5,3.0,1.3125,-1.3125,-3.63125,145.85288461538462
2020-09-27,Wolverhampton Wanderers,West Ham United,0,4,H,15,11,7,2,7,11,1,3,1,,0,,2020,A,0.0,0.0,0,0.0,0.0,0.0,0,1,1.0,1.0,1.0,1.3125,-1.3125,-3.58125,142.2716346153846
2020-10-04,Wolverhampton Wanderers,Fulham,1,0,H,14,10,5,2,15,8,6,2,1,1.0,0,0.0,2020,H,,,3,0.0,0.0,0.0,1,1,1.0,1.5,0.0,1.3125,1.6875,4.8687499999999995,147.14038461538462
2020-10-19,Wolverhampton Wanderers,Leeds United,1,0,A,13,7,2,3,13,12,8,3,1,,0,,2020,A,2.0,0.0,3,0.0,0.0,0.0,1,1,2.0,1.8,1.4,1.3125,1.6875,4.6587499999999995,151.79913461538462
2020-10-25,Wolverhampton Wanderers,Newcastle United,1,1,D,16,5,3,2,10,10,2,3,0,1.0,0,0.0,2020,H,,,1,0.0,0.0,0.0,0,0,2.3333333333333335,1.6666666666666667,1.3333333333333333,1.3125,-0.3125,-0.88125,150.91788461538462
2020-10-30,Wolverhampton Wanderers,Crystal Palace,2,0,H,15,11,5,2,13,4,7,6,0,2.0,0,1.0,2020,H,,,3,0.0,0.0,0.0,1,0,2.3333333333333335,1.8571428571428572,1.4285714285714286,1.3125,1.6875,4.904464285714285,155.8223489010989
2020-11-08,Wolverhampton Wanderers,Leicester City,0,1,H,10,7,3,2,12,8,6,3,3,,0,,2020,A,2.0,0.0,0,0.0,0.0,0.0,0,3,1.3333333333333333,1.625,2.25,1.3125,-1.3125,-4.268750000000001,151.5535989010989
2020-11-23,Wolverhampton Wanderers,Southampton,1,1,D,20,7,9,2,14,13,7,4,2,0.0,0,0.0,2020,H,,,1,0.0,0.0,0.0,0,2,1.3333333333333333,1.5555555555555556,1.8888888888888888,1.3125,-0.3125,-1.4645833333333331,150.08901556776556
2020-11-29,Wolverhampton Wanderers,Arsenal,2,1,A,13,11,2,5,13,13,8,4,4,,0,,2020,A,3.0,0.0,3,0.0,0.0,0.0,0,4,1.3333333333333333,1.7,1.3,1.3125,1.6875,3.1237500000000002,153.21276556776556
2020-12-06,Wolverhampton Wanderers,Liverpool,0,4,H,11,9,6,3,8,14,4,6,1,,0,,2020,A,1.0,0.0,0,0.0,0.0,0.0,0,1,1.3333333333333333,1.5454545454545454,2.1818181818181817,1.3125,-1.3125,-3.758522727272727,149.45424284049284
2020-12-12,Wolverhampton Wanderers,Aston Villa,0,1,A,16,13,7,2,23,15,5,8,2,5.0,0,0.0,2020,H,,,0,0.0,0.0,0.0,0,2,1.0,1.4166666666666667,1.8,1.3125,-1.3125,-3.9512499999999995,145.50299284049282
2020-12-15,Wolverhampton Wanderers,Chelsea,2,1,H,12,13,4,3,12,12,5,6,2,2.0,0,0.0,2020,H,,,3,0.0,0.0,0.0,0,2,1.0,1.5384615384615383,1.6923076923076923,1.3125,1.6875,3.5649038461538463,149.0678966866467
2020-12-21,Wolverhampton Wanderers,Burnley,1,2,H,10,15,4,3,11,15,1,7,1,,0,,2020,A,2.0,0.0,0,0.0,0.0,0.0,0,1,1.0,1.4285714285714286,1.0,1.3125,-1.3125,-3.58125,145.48664668664668
2020-12-27,Wolverhampton Wanderers,Tottenham Hotspur,1,1,D,11,6,6,3,20,13,9,2,4,1.0,0,0.0,2020,H,,,1,0.0,0.0,0.0,0,4,1.3333333333333333,1.4,1.7333333333333334,1.3125,-0.3125,-1.9412499999999997,143.54539668664668
2020-12-29,Wolverhampton Wanderers,Manchester United,0,1,H,11,9,3,5,11,7,2,2,1,,0,,2020,A,1.0,0.0,0,0.0,0.0,0.0,0,1,0.3333333333333333,1.3125,2.0,1.3125,-1.3125,-3.7312499999999997,139.8141466866467
2021-01-02,Wolverhampton Wanderers,Brighton and Hove Albion,3,3,D,13,11,4,4,13,8,5,8,1,,0,,2021,A,2.0,0.0,1,0.0,0.0,0.0,0,1,0.6666666666666666,1.2941176470588236,0.8235294117647058,1.225,-0.2250000000000001,-0.8360294117647061,138.97811727488198
2021-01-12,Wolverhampton Wanderers,Everton,1,2,A,12,5,3,3,6,11,6,5,2,2.0,0,0.0,2021,H,,,0,0.0,0.0,0.0,0,2,0.3333333333333333,1.2222222222222223,1.8823529411764703,1.225,-1.225,-3.7448529411764704,135.2332643337055
2021-01-16,Wolverhampton Wanderers,West Brom,2,3,A,23,12,6,5,10,14,11,0,2,1.0,0,0.0,2021,H,,,0,0.0,0.0,0.0,0,2,0.3333333333333333,1.1578947368421053,0.6111111111111112,1.225,-1.225,-3.5541666666666667,131.67909766703883
2021-01-27,Wolverhampton Wanderers,Chelsea,0,0,D,14,4,5,0,14,7,13,1,1,,0,,2021,A,1.0,0.0,1,0.0,0.0,0.0,1,1,0.3333333333333333,1.15,1.5,1.225,-0.2250000000000001,-0.13750000000000015,131.54159766703884
2021-01-30,Wolverhampton Wanderers,Crystal Palace,0,1,H,11,6,2,4,7,10,1,6,2,,0,,2021,A,1.0,0.0,0,0.0,0.0,0.0,0,2,0.3333333333333333,1.0952380952380951,1.238095238095238,1.225,-1.225,-3.6482142857142854,127.89338338132455
2021-02-02,Wolverhampton Wanderers,Arsenal,2,1,H,11,9,7,3,11,8,9,6,3,2.0,0,2.0,2021,H,,,3,0.0,0.0,0.0,0,3,1.3333333333333333,1.181818181818182,1.4090909090909092,1.225,1.775,3.5761363636363637,131.4695197449609
2021-02-07,Wolverhampton Wanderers,Leicester City,0,0,D,13,13,1,3,11,15,8,2,1,3.0,0,0.0,2021,H,,,1,0.0,0.0,0.0,1,1,1.3333333333333333,1.173913043478261,1.8695652173913044,1.225,-0.2250000000000001,-0.19293478260869582,131.27658496235222
2021-02-14,Wolverhampton Wanderers,Southampton,2,1,A,7,10,3,4,10,9,4,6,2,,0,,2021,A,2.0,0.0,3,0.0,0.0,0.0,0,2,2.3333333333333335,1.25,1.2608695652173914,1.225,1.775,3.8483695652173915,135.12495452756963
2021-02-19,Wolverhampton Wanderers,Leeds United,1,0,H,15,18,5,7,13,8,7,9,1,0.0,0,0.0,2021,H,,,3,0.0,0.0,0.0,1,1,2.3333333333333335,1.32,1.3333333333333333,1.225,1.775,4.887499999999999,140.01245452756962
2021-02-27,Wolverhampton Wanderers,Newcastle United,1,1,D,19,14,7,4,11,13,3,5,0,,0,,2021,A,2.0,0.0,1,0.0,0.0,0.0,0,0,2.3333333333333335,1.3076923076923077,1.0,1.225,-0.2250000000000001,-0.6125000000000003,139.3999545275696
2021-03-02,Wolverhampton Wanderers,Manchester City,1,4,H,22,6,10,1,9,5,10,2,1,,0,,2021,A,0.0,0.0,0,0.0,0.0,0.0,0,1,1.3333333333333333,1.2592592592592593,2.407407407407407,1.225,-1.225,-3.573611111111111,135.8263434164585
2021-03-06,Wolverhampton Wanderers,Aston Villa,0,0,D,9,10,1,2,13,13,5,3,0,,0,,2021,A,1.0,0.0,1,0.0,0.0,0.0,1,0,0.6666666666666666,1.25,1.5384615384615383,1.225,-0.2250000000000001,0.1067307692307691,135.93307418568926
2021-03-15,Wolverhampton Wanderers,Liverpool,0,1,A,10,12,5,4,17,10,3,2,2,1.0,0,0.0,2021,H,,,0,0.0,0.0,0.0,0,2,0.3333333333333333,1.206896551724138,1.5862068965517242,1.225,-1.225,-3.7004310344827585,132.2326431512065
2021-04-05,Wolverhampton Wanderers,West Ham United,2,3,A,20,9,5,6,9,9,4,2,1,4.0,0,0.0,2021,H,,,0,0.0,0.0,0.0,0,1,0.3333333333333333,1.1666666666666667,1.7333333333333334,1.225,-1.225,-3.4724999999999997,128.7601431512065
2021-04-09,Wolverhampton Wanderers,Fulham,1,0,A,14,7,3,3,11,8,3,4,0,,0,,2021,A,0.0,0.0,3,0.0,0.0,0.0,1,0,1.0,1.2258064516129032,0.8125,1.225,1.775,5.215624999999999,133.97576815120652
2021-04-17,Wolverhampton Wanderers,Sheffield United,1,0,H,10,8,5,2,8,15,3,3,1,2.0,0,0.0,2021,H,,,3,0.0,0.0,0.0,1,1,2.0,1.28125,0.4375,1.225,1.775,5.021875,138.99764315120652
2021-04-25,Wolverhampton Wanderers,Burnley,0,4,A,12,14,2,7,8,9,8,5,1,2.0,0,0.0,2021,H,,,0,0.0,0.0,0.0,0,1,2.0,1.2424242424242424,1.0909090909090908,1.225,-1.225,-3.3761363636363635,135.62150678757015
2021-05-03,Wolverhampton Wanderers,West Brom,1,1,D,10,20,4,10,17,11,5,6,0,,0,,2021,A,2.0,0.0,1,0.0,0.0,0.0,0,0,1.3333333333333333,1.2352941176470589,0.7647058823529411,1.225,-0.2250000000000001,-0.5772058823529415,135.0443009052172
2021-05-09,Wolverhampton Wanderers,Brighton and Hove Albion,2,1,H,16,5,6,3,12,7,10,5,2,2.0,0,2.0,2021,H,,,3,0.0,0.0,0.0,0,2,1.3333333333333333,1.2857142857142858,1.0571428571428572,1.225,1.775,3.8789285714285717,138.9232294766458
2021-05-16,Wolverhampton Wanderers,Tottenham Hotspur,0,2,H,24,15,13,3,8,11,10,3,0,,0,,2021,A,1.0,0.0,0,0.0,0.0,0.0,0,0,1.3333333333333333,1.25,1.6388888888888888,1.225,-1.225,-3.208333333333333,135.71489614331244
2021-05-19,Wolverhampton Wanderers,Everton,0,1,H,14,9,4,3,11,11,7,12,2,,0,,2021,A,0.0,0.0,0,0.0,0.0,0.0,0,2,1.0,1.2162162162162162,1.5945945945945943,1.225,-1.225,-3.701689189189189,132.01320695412326
2021-05-23,Wolverhampton Wanderers,Manchester United,1,2,A,14,9,4,4,14,3,6,2,4,1.0,0,0.0,2021,H,,,0,0.0,0.0,0.0,0,4,0.0,1.1842105263157894,1.9473684210526316,1.225,-1.225,-4.254605263157895,127.75860169096536
2021-08-14,Wolverhampton Wanderers,Leicester City,0,1,H,9,17,5,3,6,10,5,4,2,,0,,2021,A,1.0,0.0,0,0.0,0.0,0.0,0,2,0.0,1.1538461538461535,1.7692307692307692,1.225,-1.225,-3.7278846153846152,124.03071707558075
2021-08-22,Wolverhampton Wanderers,Tottenham Hotspur,0,1,A,25,8,6,6,9,7,5,4,1,4.0,0,0.0,2021,H,,,0,0.0,0.0,0.0,0,1,0.0,1.125,1.7,1.225,-1.225,-3.4675,120.56321707558075
2021-08-29,Wolverhampton Wanderers,Manchester United,0,1,A,15,10,6,3,7,9,5,7,3,4.0,0,0.0,2021,H,,,0,0.0,0.0,0.0,0,3,0.0,1.0975609756097562,1.975609756097561,1.225,-1.225,-4.008841463414634,116.55437561216611
2021-09-11,Wolverhampton Wanderers,Watford,2,0,A,6,14,2,5,15,13,6,8,3,,0,,2021,A,3.0,0.0,3,0.0,0.0,0.0,1,3,1.0,1.1428571428571428,0.75,1.225,1.775,4.475,121.02937561216612
2021-09-18,Wolverhampton Wanderers,Brentford,0,2,A,11,9,0,3,10,7,4,2,4,2.0,0,1.0,2021,H,,,0,0.0,0.0,0.0,0,4,1.0,1.1162790697674418,1.6,1.225,-1.225,-4.202500000000001,116.8268756121661
2021-09-26,Wolverhampton Wanderers,Southampton,1,0,A,18,5,6,3,12,8,5,5,0,,0,,2021,A,0.0,0.0,3,0.0,0.0,0.0,1,0,2.0,1.1590909090909092,1.068181818181818,1.225,1.775,5.177272727272727,122.00414833943884
2021-10-02,Wolverhampton Wanderers,Newcastle United,2,1,H,7,8,3,2,15,5,0,4,0,2.0,0,0.0,2021,H,,,3,0.0,0.0,0.0,0,0,2.0,1.2,1.0666666666666669,1.225,1.775,4.3774999999999995,126.38164833943884
2021-10-16,Wolverhampton Wanderers,Aston Villa,3,2,A,14,9,5,4,8,17,6,7,3,,0,,2021,A,2.0,0.0,3,0.0,0.0,0.0,0,3,3.0,1.2391304347826086,1.4130434782608696,1.225,1.775,3.5755434782608697,129.9571918176997
2021-10-23,Wolverhampton Wanderers,Leeds United,1,1,D,18,8,4,4,15,14,6,3,3,,0,,2021,A,2.0,0.0,1,0.0,0.0,0.0,0,3,2.3333333333333335,1.2340425531914894,1.4042553191489362,1.225,-0.2250000000000001,-1.4231382978723406,128.53405351982735
2021-11-01,Wolverhampton Wanderers,Everton,2,1,H,10,14,4,5,10,8,4,3,1,1.0,0,0.0,2021,H,,,3,0.0,0.0,0.0,0,1,2.3333333333333335,1.2708333333333333,1.5208333333333333,1.225,1.775,4.059375,132.59342851982737
2021-11-06,Wolverhampton Wanderers,Crystal Palace,0,2,H,13,4,6,2,14,13,4,6,1,,0,,2021,A,2.0,0.0,0,0.0,0.0,0.0,0,1,1.3333333333333333,1.2448979591836735,1.2040816326530612,1.225,-1.225,-3.393112244897959,129.2003162749294
2021-11-20,Wolverhampton Wanderers,West Ham United,1,0,H,15,8,5,3,6,9,7,3,1,1.0,0,0.0,2021,H,,,3,0.0,0.0,0.0,1,1,2.0,1.28,1.76,1.225,1.775,4.823499999999999,134.0238162749294
2021-11-27,Wolverhampton Wanderers,Norwich City,0,0,D,14,5,4,2,11,10,4,3,2,,0,,2021,A,2.0,0.0,1,0.0,0.0,0.0,1,2,1.3333333333333333,1.2745098039215683,0.6923076923076923,1.225,-0.2250000000000001,-0.266346153846154,133.75747012108326
2021-12-01,Wolverhampton Wanderers,Burnley,0,0,D,16,6,2,1,5,7,5,5,2,3.0,0,0.0,2021,H,,,1,0.0,0.0,0.0,1,2,1.6666666666666667,1.2692307692307692,0.9607843137254902,1.225,-0.2250000000000001,-0.30661764705882366,133.45085247402443
2021-12-04,Wolverhampton Wanderers,Liverpool,0,1,A,3,17,1,5,4,7,2,8,2,2.0,0,0.0,2021,H,,,0,0.0,0.0,0.0,0,2,0.6666666666666666,1.2452830188679245,1.9433962264150944,1.225,-1.225,-3.754009433962264,129.69684304006216
2021-12-11,Wolverhampton Wanderers,Manchester City,0,1,H,24,2,10,1,12,5,14,1,2,,1,,2021,A,3.0,0.0,0,0.0,0.0,0.0,0,4,0.3333333333333333,1.2222222222222223,2.2962962962962963,1.225,-1.225,-4.3069444444444445,125.38989859561772
2021-12-15,Wolverhampton Wanderers,Brighton and Hove Albion,1,0,A,12,8,2,5,11,14,7,4,0,,0,,2021,A,2.0,0.0,3,0.0,0.0,0.0,1,0,1.0,1.2545454545454546,1.1296296296296295,1.225,1.775,5.168055555555555,130.55795415117328
2021-12-19,Wolverhampton Wanderers,Chelsea,0,0,D,4,8,1,1,9,7,4,9,0,2.0,0,0.0,2021,H,,,1,0.0,0.0,0.0,1,0,1.3333333333333333,1.25,1.875,1.225,-0.2250000000000001,0.05624999999999983,130.61420415117328
2022-01-03,Wolverhampton Wanderers,Manchester United,1,0,A,9,19,2,6,9,8,3,8,1,,0,,2022,A,3.0,0.0,3,0.0,0.0,0.0,1,1,2.3333333333333335,1.280701754385965,1.8421052631578947,1.054054054054054,1.945945945945946,5.23854907539118,135.85275322656446
2022-01-15,Wolverhampton Wanderers,Southampton,3,1,H,9,13,5,10,13,14,2,10,2,3.0,0,0.0,2022,H,,,3,0.0,0.0,0.0,0,2,2.3333333333333335,1.3103448275862069,1.1355932203389831,1.054054054054054,1.945945945945946,4.2945258818140175,140.14727910837848
2022-01-22,Wolverhampton Wanderers,Brentford,2,1,A,11,7,1,2,6,7,6,3,3,,0,,2022,A,2.0,0.0,3,0.0,0.0,0.0,0,3,3.0,1.3389830508474576,1.0,1.054054054054054,1.945945945945946,4.064864864864865,144.21214397324334
2022-02-10,Wolverhampton Wanderers,Arsenal,0,1,A,15,12,4,2,12,13,7,4,2,3.0,0,1.0,2022,H,,,0,0.0,0.0,0.0,0,2,2.0,1.3166666666666669,1.6666666666666667,1.054054054054054,-1.054054054054054,-3.285135135135135,140.9270088381082
2022-02-13,Wolverhampton Wanderers,Tottenham Hotspur,2,0,A,17,11,7,7,13,13,7,3,1,,0,,2022,A,3.0,0.0,3,0.0,0.0,0.0,1,1,2.0,1.3442622950819672,1.6333333333333333,1.054054054054054,1.945945945945946,5.269864864864864,146.19687370297308
2022-02-20,Wolverhampton Wanderers,Leicester City,2,1,H,11,17,3,7,12,9,7,10,4,4.0,0,0.0,2022,H,,,3,0.0,0.0,0.0,0,4,2.0,1.3709677419354838,1.524590163934426,1.054054054054054,1.945945945945946,3.7361763402747012,149.93305004324776
2022-02-24,Wolverhampton Wanderers,Arsenal,1,2,H,26,6,5,2,8,9,5,4,1,,0,,2022,A,1.0,0.0,0,0.0,0.0,0.0,0,1,2.0,1.3492063492063493,1.7096774193548387,1.054054054054054,-1.054054054054054,-3.0415867480383607,146.8914632952094
2022-02-27,Wolverhampton Wanderers,West Ham United,0,1,H,13,14,4,1,8,2,3,5,0,,0,,2022,A,1.0,0.0,0,0.0,0.0,0.0,0,0,1.0,1.328125,1.6923076923076923,1.054054054054054,-1.054054054054054,-2.788981288981289,144.10248200622812
2022-03-05,Wolverhampton Wanderers,Crystal Palace,0,2,A,12,12,5,8,13,8,7,7,0,3.0,0,0.0,2022,H,,,0,0.0,0.0,0.0,0,0,0.0,1.3076923076923077,1.1666666666666667,1.054054054054054,-1.054054054054054,-2.710135135135135,141.392346871093
2022-03-10,Wolverhampton Wanderers,Watford,4,0,H,10,9,5,0,11,10,5,2,2,2.0,0,0.0,2022,H,,,3,0.0,0.0,0.0,1,2,1.0,1.3333333333333333,0.6785714285714286,1.054054054054054,1.945945945945946,5.16307915057915,146.55542602167213
2022-03-13,Wolverhampton Wanderers,Everton,1,0,A,8,14,2,3,13,11,5,2,1,,0,,2022,A,2.0,1.0,3,0.0,0.0,0.0,1,1,2.0,1.3582089552238803,1.265625,1.054054054054054,1.945945945945946,5.325021114864865,151.880447136537
2022-03-18,Wolverhampton Wanderers,Leeds United,2,3,A,14,15,8,6,13,14,2,5,1,4.0,1,0.0,2022,H,,,0,0.0,0.0,0.0,0,3,2.0,1.338235294117647,1.2941176470588236,1.054054054054054,-1.054054054054054,-3.4792527821939587,148.40119435434303
2022-04-02,Wolverhampton Wanderers,Aston Villa,2,1,H,11,15,5,5,15,8,4,9,4,3.0,0,0.0,2022,H,,,3,0.0,0.0,0.0,0,4,2.0,1.3623188405797102,1.338235294117647,1.054054054054054,1.945945945945946,3.764129570747218,152.16532392509026
2022-04-08,Wolverhampton Wanderers,Newcastle United,0,1,H,12,5,4,2,6,13,1,2,1,,0,,2022,A,1.0,0.0,0,0.0,0.0,0.0,0,1,1.0,1.3428571428571427,1.144927536231884,1.054054054054054,-1.054054054054054,-2.9568742655699176,149.20844965952034
2022-04-24,Wolverhampton Wanderers,Burnley,0,1,H,14,10,5,4,8,7,3,6,1,,0,,2022,A,3.0,0.0,0,0.0,0.0,0.0,0,1,1.0,1.323943661971831,0.9859154929577464,1.054054054054054,-1.054054054054054,-2.933022459078797,146.27542720044156
2022-04-30,Wolverhampton Wanderers,Brighton and Hove Albion,0,3,A,11,17,1,9,6,4,7,3,2,1.0,0,0.0,2022,H,,,0,0.0,0.0,0.0,0,2,0.0,1.3055555555555556,1.1643835616438356,1.054054054054054,-1.054054054054054,-3.2097926693817103,143.06563453105983
2022-05-07,Wolverhampton Wanderers,Chelsea,2,2,D,19,14,6,4,7,11,9,3,3,,0,,2022,A,1.0,0.0,1,0.0,0.0,0.0,0,3,0.3333333333333333,1.3013698630136987,1.8356164383561644,1.054054054054054,-0.054054054054053946,-1.0604776008885595,142.00515693017127
2022-05-11,Wolverhampton Wanderers,Manchester City,1,5,A,7,16,3,5,2,10,6,2,0,1.0,0,0.0,2022,H,,,0,0.0,0.0,0.0,0,0,0.3333333333333333,1.2837837837837838,2.364864864864865,1.054054054054054,-1.054054054054054,-2.889864864864865,139.11529206530642
2022-05-15,Wolverhampton Wanderers,Norwich City,1,1,D,17,11,4,2,5,10,5,3,0,3.0,0,0.0,2022,H,,,1,0.0,0.0,0.0,0,0,0.6666666666666666,1.28,0.5945945945945946,1.054054054054054,-0.054054054054053946,-0.12432432432432405,138.9909677409821
2022-05-22,Wolverhampton Wanderers,Liverpool,1,3,H,29,7,8,5,6,3,5,3,0,,0,,2022,A,1.0,0.0,0,0.0,0.0,0.0,0,0,0.3333333333333333,1.263157894736842,2.1184210526315788,1.054054054054054,-1.054054054054054,-2.8528982930298716,136.1380694479522
2022-08-06,Wolverhampton Wanderers,Leeds United,1,2,H,12,15,4,6,13,9,6,4,0,,0,,2022,A,2.0,0.0,0,0.0,0.0,0.0,0,0,0.3333333333333333,1.2467532467532467,1.2987012987012987,1.054054054054054,-1.054054054054054,-2.7299403299403298,133.40812911801189
2022-08-13,Wolverhampton Wanderers,Fulham,0,0,D,7,9,1,3,7,14,5,3,3,3.0,0,0.0,2022,H,,,1,0.0,0.0,0.0,1,3,0.3333333333333333,1.2435897435897436,0.75,1.054054054054054,-0.054054054054053946,-0.0976351351351348,133.31049398287675
2022-08-20,Wolverhampton Wanderers,Tottenham Hotspur,0,1,H,11,20,4,3,10,8,8,6,2,,0,,2022,A,2.0,0.0,0,0.0,0.0,0.0,0,2,0.3333333333333333,1.2278481012658229,1.7721518987341771,1.054054054054054,-1.054054054054054,-3.3009579199452617,130.0095360629315
2022-08-28,Wolverhampton Wanderers,Newcastle United,1,1,D,10,21,4,6,10,11,4,13,2,1.0,0,0.0,2022,H,,,1,0.0,0.0,0.0,0,2,0.6666666666666666,1.225,1.25,1.054054054054054,-0.054054054054053946,-0.7226351351351349,129.28690092779635
2022-08-31,Wolverhampton Wanderers,Bournemouth,0,0,D,5,17,2,4,12,12,2,5,1,,0,,2022,A,2.0,0.0,1,0.0,0.0,0.0,1,1,0.6666666666666666,1.2222222222222223,0.8,1.054054054054054,-0.054054054054053946,0.39486486486486516,129.68176579266122
2022-09-03,Wolverhampton Wanderers,Southampton,1,0,H,7,12,2,1,10,14,5,6,4,2.0,0,0.0,2022,H,,,3,0.0,0.0,0.0,1,4,1.6666666666666667,1.2439024390243902,1.0975609756097562,1.054054054054054,1.945945945945946,4.600230718523401,134.28199651118462
2022-09-17,Wolverhampton Wanderers,Manchester City,0,3,A,6,16,1,7,7,9,5,7,2,1.0,1,0.0,2022,H,,,0,0.0,0.0,0.0,0,4,1.3333333333333333,1.2289156626506024,2.36144578313253,1.054054054054054,-1.054054054054054,-3.8893520026050146,130.3926445085796
2022-10-01,Wolverhampton Wanderers,West Ham United,0,2,H,18,15,5,4,8,6,1,6,2,,0,,2022,A,2.0,0.0,0,0.0,0.0,0.0,0,2,1.0,1.2142857142857142,1.5238095238095235,1.054054054054054,-1.054054054054054,-3.2637065637065636,127.12893794487304
2022-10-08,Wolverhampton Wanderers,Chelsea,0,3,H,20,8,7,2,8,8,4,2,0,,0,,2022,A,2.0,0.0,0,0.0,0.0,0.0,0,0,0.0,1.2,1.869047619047619,1.054054054054054,-1.054054054054054,-2.815492277992278,124.31344566688077
2022-10-15,Wolverhampton Wanderers,Nottingham Forest,1,0,H,9,10,2,2,17,13,4,5,2,2.0,0,0.0,2022,H,,,3,0.0,0.0,0.0,1,2,1.0,1.2209302325581397,0.5,1.054054054054054,1.945945945945946,5.189864864864864,129.50331053174563
2022-10-18,Wolverhampton Wanderers,Crystal Palace,1,2,H,14,10,4,4,14,18,4,3,1,,0,,2022,A,3.0,0.0,0,0.0,0.0,0.0,0,1,1.0,1.206896551724138,1.2209302325581397,1.054054054054054,-1.054054054054054,-2.968274670018856,126.53503586172677
2022-10-23,Wolverhampton Wanderers,Leicester City,0,4,A,21,5,5,4,10,13,9,2,2,1.0,0,0.0,2022,H,,,0,0.0,0.0,0.0,0,2,1.0,1.193181818181818,1.4659090909090908,1.054054054054054,-1.054054054054054,-3.2550214987714985,123.28001436295527
2022-10-29,Wolverhampton Wanderers,Brentford,1,1,D,12,14,3,4,10,17,3,6,3,,1,,2022,A,3.0,0.0,1,0.0,0.0,0.0,0,5,0.3333333333333333,1.1910112359550562,1.196078431372549,1.054054054054054,-0.054054054054053946,-1.4645468998410172,121.81546746311426
2022-11-05,Wolverhampton Wanderers,Brighton and Hove Albion,2,3,A,8,19,5,8,15,11,4,9,2,0.0,1,0.0,2022,H,,,0,0.0,0.0,0.0,0,4,0.3333333333333333,1.1777777777777778,1.2696629213483146,1.054054054054054,-1.054054054054054,-3.725584573337382,118.08988288977687
2022-11-12,Wolverhampton Wanderers,Arsenal,0,2,A,11,14,2,4,5,6,6,4,3,2.0,0,0.0,2022,H,,,0,0.0,0.0,0.0,0,3,0.3333333333333333,1.164835164835165,1.8555555555555556,1.054054054054054,-1.054054054054054,-3.5634684684684683,114.5264144213084
2022-12-26,Wolverhampton Wanderers,Everton,2,1,A,12,7,6,4,9,22,2,2,6,,0,,2022,A,1.0,0.0,3,0.0,0.0,0.0,0,6,1.0,1.184782608695652,1.2173913043478262,1.054054054054054,1.945945945945946,3.2822561692126913,117.8086705905211
2022-12-31,Wolverhampton Wanderers,Manchester United,0,1,A,10,16,3,6,11,11,7,5,1,3.0,0,0.0,2022,H,,,0,0.0,0.0,0.0,0,1,1.0,1.1720430107526882,1.7826086956521738,1.054054054054054,-1.054054054054054,-3.052526439482961,114.75614415103814
2023-01-04,Wolverhampton Wanderers,Aston Villa,1,1,D,13,10,4,3,6,12,7,8,3,,0,,2023,A,1.0,0.0,1,0.0,0.0,0.0,0,3,1.3333333333333333,1.1702127659574468,1.297872340425532,1.3658536585365855,-0.36585365853658547,-1.7593149974052935,112.99682915363285
2023-01-14,Wolverhampton Wanderers,West Ham United,1,0,H,17,16,4,4,10,7,4,3,0,2.0,0,0.0,2023,H,,,3,0.0,0.0,0.0,1,0,1.3333333333333333,1.1894736842105262,1.431578947368421,1.3658536585365855,1.6341463414634145,4.770629011553273,117.76745816518611
2023-01-22,Wolverhampton Wanderers,Manchester City,0,3,H,13,10,7,1,10,10,5,7,2,,0,,2023,A,1.0,0.0,0,0.0,0.0,0.0,0,2,1.3333333333333333,1.1770833333333333,2.3333333333333335,1.3658536585365855,-1.3658536585365855,-4.164634146341464,113.60282401884464
2023-02-04,Wolverhampton Wanderers,Liverpool,3,0,H,12,22,6,4,9,7,2,7,1,1.0,0,0.0,2023,H,,,3,0.0,0.0,0.0,1,1,2.0,1.1958762886597938,1.9791666666666667,1.3658536585365855,1.6341463414634145,4.438490853658536,118.0413148725032
2023-02-11,Wolverhampton Wanderers,Southampton,2,1,A,17,11,2,2,12,14,5,2,2,,1,,2023,A,2.0,0.0,3,0.0,0.0,0.0,0,4,2.0,1.2142857142857142,1.0,1.3658536585365855,1.6341463414634145,3.0353658536585364,121.07668072616173
2023-02-18,Wolverhampton Wanderers,Bournemouth,0,1,A,15,5,4,1,12,10,12,2,3,3.0,0,0.0,2023,H,,,0,0.0,0.0,0.0,0,3,2.0,1.202020202020202,0.9130434782608696,1.3658536585365855,-1.3658536585365855,-4.201590668080595,116.87509005808113
2023-02-24,Wolverhampton Wanderers,Fulham,1,1,D,10,8,5,2,12,17,4,3,0,,0,,2023,A,2.0,0.0,1,0.0,0.0,0.0,0,0,1.3333333333333333,1.2,1.0634920634920637,1.3658536585365855,-0.36585365853658547,-0.9741579558652732,115.90093210221585
2023-03-01,Wolverhampton Wanderers,Liverpool,0,2,H,15,4,6,1,13,14,5,2,3,,0,,2023,A,2.0,0.0,0,0.0,0.0,0.0,0,3,0.3333333333333333,1.188118811881188,2.0,1.3658536585365855,-1.3658536585365855,-4.364634146341464,111.53629795587439
2023-03-04,Wolverhampton Wanderers,Tottenham Hotspur,1,0,H,8,21,5,6,11,18,4,8,1,1.0,0,0.0,2023,H,,,3,0.0,0.0,0.0,1,1,1.3333333333333333,1.2058823529411764,1.7450980392156863,1.3658536585365855,1.6341463414634145,4.473601147776183,116.00989910365057
2023-03-12,Wolverhampton Wanderers,Newcastle United,1,2,H,19,7,8,4,11,10,10,3,2,,0,,2023,A,1.0,0.0,0,0.0,0.0,0.0,0,2,1.0,1.194174757281553,1.3663366336633664,1.3658536585365855,-1.3658536585365855,-4.019584641390969,111.9903144622596
2023-03-18,Wolverhampton Wanderers,Leeds United,2,4,A,23,11,8,4,15,9,5,4,3,5.0,1,0.0,2023,H,,,0,0.0,0.0,0.0,0,5,1.0,1.1826923076923077,1.194174757281553,1.3658536585365855,-1.3658536585365855,-4.743760359933697,107.24655410232592
2023-04-01,Wolverhampton Wanderers,Nottingham Forest,1,1,D,17,8,7,1,14,13,4,3,5,,0,,2023,A,3.0,0.0,1,0.0,0.0,0.0,0,5,0.3333333333333333,1.180952380952381,0.9642857142857144,1.3658536585365855,-0.36585365853658547,-2.209277003484321,105.03727709884159
2023-04-08,Wolverhampton Wanderers,Chelsea,1,0,H,9,13,4,1,14,10,8,8,2,5.0,0,0.0,2023,H,,,3,0.0,0.0,0.0,1,2,1.3333333333333333,1.19811320754717,1.69811320754717,1.3658536585365855,1.6341463414634145,4.23064887252646,109.26792597136804
2023-04-15,Wolverhampton Wanderers,Brentford,2,0,H,11,10,9,3,12,8,5,2,1,1.0,0,0.0,2023,H,,,3,0.0,0.0,0.0,1,1,2.3333333333333335,1.2149532710280373,1.289855072463768,1.3658536585365855,1.6341463414634145,4.541887592788971,113.80981356415701
2023-04-22,Wolverhampton Wanderers,Leicester City,1,2,H,15,16,8,3,17,16,1,7,3,,0,,2023,A,1.0,0.0,0,0.0,0.0,0.0,0,3,2.0,1.2037037037037035,1.351851851851852,1.3658536585365855,-1.3658536585365855,-4.267411924119242,109.54240164003778
2023-04-25,Wolverhampton Wanderers,Crystal Palace,2,0,H,9,14,3,4,13,14,6,11,5,4.0,0,0.0,2023,H,,,3,0.0,0.0,0.0,1,5,2.0,1.220183486238532,1.18348623853211,1.3658536585365855,1.6341463414634145,3.5578429178787196,113.1002445579165
2023-04-29,Wolverhampton Wanderers,Brighton and Hove Albion,0,6,H,22,10,8,2,14,11,2,5,1,,0,,2023,A,1.0,0.0,0,0.0,0.0,0.0,0,1,1.0,1.209090909090909,1.3457943925233644,1.3658536585365855,-1.3658536585365855,-3.766503305219968,109.33374125269653
2023-05-06,Wolverhampton Wanderers,Aston Villa,1,0,H,6,16,2,3,20,9,5,6,3,3.0,0,0.0,2023,H,,,3,0.0,0.0,0.0,1,3,2.0,1.2252252252252251,1.3873873873873874,1.3658536585365855,1.6341463414634145,4.027257745550428,113.36099899824696
2023-05-13,Wolverhampton Wanderers,Manchester United,0,2,H,27,5,9,0,9,9,11,7,2,,0,,2023,A,3.0,0.0,0,0.0,0.0,0.0,0,2,1.0,1.2142857142857142,1.7837837837837838,1.3658536585365855,-1.3658536585365855,-4.082201713909032,109.27879728433793
2023-05-20,Wolverhampton Wanderers,Everton,1,1,D,13,19,5,4,18,10,1,7,5,1.0,0,0.0,2023,H,,,1,0.0,0.0,0.0,0,5,1.3333333333333333,1.2123893805309736,1.15929203539823,1.3658536585365855,-0.36585365853658547,-2.2385279516511982,107.04026933268673
2023-05-28,Wolverhampton Wanderers,Arsenal,0,5,H,14,6,8,0,8,11,8,4,0,,0,,2023,A,0.0,0.0,0,0.0,0.0,0.0,0,0,0.3333333333333333,1.2017543859649122,1.8771929824561404,1.3658536585365855,-1.3658536585365855,-3.596213093709885,103.44405623897684
2023-08-14,Wolverhampton Wanderers,Manchester United,0,1,H,15,23,3,6,14,10,8,7,3,,0,,2023,A,2.0,0.0,0,0.0,0.0,0.0,0,3,0.3333333333333333,1.191304347826087,1.826086956521739,1.3658536585365855,-1.3658536585365855,-4.3385471898197245,99.10550904915712
2023-08-19,Wolverhampton Wanderers,Brighton and Hove Albion,1,4,A,16,16,5,8,14,11,5,3,3,6.0,1,0.0,2023,H,,,0,0.0,0.0,0.0,0,5,0.0,1.1810344827586208,1.3793103448275863,1.3658536585365855,-1.3658536585365855,-4.771530698065602,94.33397835109152
2023-08-26,Wolverhampton Wanderers,Everton,1,0,A,15,11,7,2,10,14,7,0,4,,0,,2023,A,3.0,0.0,3,0.0,0.0,0.0,1,4,1.0,1.1965811965811963,1.1452991452991452,1.3658536585365855,1.6341463414634145,3.8135709818636645,98.14754933295518
2023-09-03,Wolverhampton Wanderers,Crystal Palace,2,3,H,16,12,11,4,12,12,4,2,3,,0,,2023,A,1.0,0.0,0,0.0,0.0,0.0,0,3,1.0,1.1864406779661016,1.2203389830508475,1.3658536585365855,-1.3658536585365855,-4.2476849937990915,93.8998643391561
2023-09-16,Wolverhampton Wanderers,Liverpool,1,3,A,11,16,2,6,10,4,4,4,1,3.0,0,0.0,2023,H,,,0,0.0,0.0,0.0,0,1,1.0,1.1764705882352942,2.025210084033614,1.3658536585365855,-1.3658536585365855,-3.8684156589465055,90.03144868020959
2023-09-23,Wolverhampton Wanderers,Luton Town,1,1,D,20,3,4,3,12,17,10,1,2,,1,,2023,A,0.0,0.0,1,0.0,0.0,0.0,0,4,0.3333333333333333,1.175,0.2,1.3658536585365855,-0.36585365853658547,-1.8446341463414637,88.18681453386813
2023-09-30,Wolverhampton Wanderers,Manchester City,2,1,H,3,23,1,8,18,12,0,6,5,4.0,0,0.0,2023,H,,,3,0.0,0.0,0.0,0,5,1.3333333333333333,1.1900826446280992,2.363636363636364,1.3658536585365855,1.6341463414634145,2.580820399113082,90.7676349329812
2023-10-08,Wolverhampton Wanderers,Aston Villa,1,1,D,8,18,3,4,19,9,2,10,2,2.0,1,0.0,2023,H,,,1,0.0,0.0,0.0,0,4,1.6666666666666667,1.1885245901639343,1.4508196721311477,1.3658536585365855,-0.36585365853658547,-2.032257097161136,88.73537783582006
2023-10-21,Wolverhampton Wanderers,Bournemouth,2,1,A,7,20,4,7,15,10,3,12,6,,0,,2023,A,2.0,1.0,3,0.0,0.0,0.0,0,6,2.3333333333333335,1.2032520325203253,0.8936170212765957,1.3658536585365855,1.6341463414634145,2.551323300467047,91.28670113628712
2023-10-28,Wolverhampton Wanderers,Newcastle United,2,2,D,11,13,6,5,13,15,8,7,1,4.0,0,0.0,2023,H,,,1,0.0,0.0,0.0,0,1,1.6666666666666667,1.2016129032258065,1.467741935483871,1.3658536585365855,-0.36585365853658547,-1.2847954366640444,90.00190569962307
2023-11-04,Wolverhampton Wanderers,Sheffield United,1,2,H,11,10,2,3,13,10,4,4,3,,0,,2023,A,2.0,0.0,0,0.0,0.0,0.0,0,3,1.3333333333333333,1.192,0.5510204081632653,1.3658536585365855,-1.3658536585365855,-4.147287207565954,85.85461849205711
2023-11-11,Wolverhampton Wanderers,Tottenham Hotspur,2,1,H,17,6,4,2,19,15,11,3,4,3.0,0,0.0,2023,H,,,3,0.0,0.0,0.0,0,4,1.3333333333333333,1.2063492063492065,1.738095238095238,1.3658536585365855,1.6341463414634145,2.9246515679442506,88.77927006000137
2023-11-27,Wolverhampton Wanderers,Fulham,2,3,H,12,10,6,6,13,13,6,2,2,,0,,2023,A,2.0,0.0,0,0.0,0.0,0.0,0,2,1.0,1.1968503937007875,1.0674157303370786,1.3658536585365855,-1.3658536585365855,-3.9747465058920253,84.80452355410934
2023-12-02,Wolverhampton Wanderers,Arsenal,1,2,H,19,6,6,3,10,10,4,0,2,,0,,2023,A,1.0,0.0,0,0.0,0.0,0.0,0,2,1.0,1.1875,1.9296875,1.3658536585365855,-1.3658536585365855,-4.104087271341464,80.70043628276787
2023-12-05,Wolverhampton Wanderers,Burnley,1,0,H,7,12,4,3,11,15,6,8,2,4.0,0,0.0,2023,H,,,3,0.0,0.0,0.0,1,2,1.0,1.2015503875968991,0.8901098901098901,1.3658536585365855,1.6341463414634145,4.351849370142052,85.05228565290993
2023-12-09,Wolverhampton Wanderers,Nottingham Forest,1,1,D,10,8,4,2,9,11,4,3,0,1.0,0,0.0,2023,H,,,1,0.0,0.0,0.0,0,0,1.3333333333333333,1.2,0.9629629629629628,1.3658536585365855,-0.36585365853658547,-0.9590785907859082,84.09320706212402
2023-12-17,Wolverhampton Wanderers,West Ham United,0,3,H,13,14,4,3,12,15,6,6,1,,0,,2023,A,3.0,0.0,0,0.0,0.0,0.0,0,1,1.3333333333333333,1.1908396946564883,1.4351145038167938,1.3658536585365855,-1.3658536585365855,-3.7799013219139828,80.31330574021004
2023-12-24,Wolverhampton Wanderers,Chelsea,2,1,H,14,16,6,5,11,9,10,6,3,5.0,0,0.0,2023,H,,,3,0.0,0.0,0.0,0,3,1.3333333333333333,1.2045454545454546,1.568181818181818,1.3658536585365855,1.6341463414634145,3.2001385809312635,83.51344432114131
2023-12-27,Wolverhampton Wanderers,Brentford,4,1,A,14,11,4,5,5,14,8,2,1,,0,,2023,A,1.0,0.0,3,0.0,0.0,0.0,0,1,2.0,1.218045112781955,1.319148936170213,1.3658536585365855,1.6341463414634145,3.7374935132330043,87.25093783437431
2023-12-30,Wolverhampton Wanderers,Everton,3,0,H,12,10,6,0,9,14,5,2,2,3.0,0,0.0,2023,H,,,3,0.0,0.0,0.0,1,2,3.0,1.2313432835820894,1.1940298507462686,1.3658536585365855,1.6341463414634145,4.306261376046596,91.5571992104209
2024-01-22,Wolverhampton Wanderers,Brighton and Hove Albion,0,0,D,11,8,4,3,10,13,8,2,4,,0,,2024,A,1.0,0.0,1,0.0,0.0,0.0,1,4,2.3333333333333335,1.2296296296296296,1.3777777777777778,0.918918918918919,0.08108108108108103,-0.10396396396396398,91.45323524645694
2024-02-01,Wolverhampton Wanderers,Manchester United,3,4,A,16,21,7,8,10,10,4,5,2,5.0,0,0.0,2024,H,,,0,0.0,0.0,0.0,0,2,1.3333333333333333,1.2205882352941178,1.7794117647058822,0.918918918918919,-0.918918918918919,-2.96420906200318,88.48902618445376
2024-02-04,Wolverhampton Wanderers,Chelsea,4,2,A,15,14,6,7,15,11,10,1,2,,0,,2024,A,3.0,0.0,3,0.0,0.0,0.0,0,2,1.3333333333333333,1.2335766423357664,1.5766423357664234,0.918918918918919,2.081081081081081,4.566206352337739,93.0552325367915
2024-02-10,Wolverhampton Wanderers,Brentford,0,2,A,17,9,5,6,11,9,7,4,2,3.0,0,0.0,2024,H,,,0,0.0,0.0,0.0,0,2,1.0,1.2246376811594204,1.3131313131313131,0.918918918918919,-0.918918918918919,-2.894266994266994,90.16096554252451
2024-02-17,Wolverhampton Wanderers,Tottenham Hotspur,2,1,A,15,12,4,7,8,13,10,4,1,,0,,2024,A,0.0,0.0,3,0.0,0.0,0.0,0,1,2.0,1.237410071942446,1.7266187050359711,0.918918918918919,2.081081081081081,4.793709896947306,94.95467543947181
2024-02-25,Wolverhampton Wanderers,Sheffield United,1,0,H,13,12,2,4,8,4,5,6,2,1.0,0,0.0,2024,H,,,3,0.0,0.0,0.0,1,2,2.0,1.25,0.5625,0.918918918918919,2.081081081081081,5.5183277027027025,100.47300314217452
2024-03-02,Wolverhampton Wanderers,Newcastle United,0,3,H,14,12,7,3,8,11,3,5,1,,0,,2024,A,0.0,0.0,0,0.0,0.0,0.0,0,1,2.0,1.2411347517730495,1.453900709219858,0.918918918918919,-0.918918918918919,-2.665382403680276,97.80762073849425
2024-03-09,Wolverhampton Wanderers,Fulham,2,1,H,8,23,3,6,7,11,3,4,2,2.0,0,0.0,2024,H,,,3,0.0,0.0,0.0,0,2,2.0,1.2535211267605637,1.1057692307692308,0.918918918918919,2.081081081081081,4.636837318087317,102.44445805658157
2024-03-30,Wolverhampton Wanderers,Aston Villa,0,2,H,11,13,5,3,11,19,5,4,4,,0,,2024,A,3.0,0.0,0,0.0,0.0,0.0,0,4,1.0,1.2447552447552448,1.5277777777777777,0.918918918918919,-0.918918918918919,-3.426463963963964,99.0179940926176
2024-04-02,Wolverhampton Wanderers,Burnley,1,1,D,13,8,6,2,10,12,7,4,2,,0,,2024,A,0.0,0.0,1,0.0,0.0,0.0,0,2,1.3333333333333333,1.2430555555555556,0.8691588785046729,0.918918918918919,0.08108108108108103,-0.32767112907299834,98.6903229635446
2024-04-06,Wolverhampton Wanderers,West Ham United,1,2,A,14,11,7,4,15,7,4,4,5,2.0,0,0.0,2024,H,,,0,0.0,0.0,0.0,0,5,0.3333333333333333,1.2344827586206897,1.4315068493150684,0.918918918918919,-0.918918918918919,-3.6620233246945575,95.02829963885004
2024-04-13,Wolverhampton Wanderers,Nottingham Forest,2,2,D,18,11,9,4,15,10,10,1,3,,0,,2024,A,2.0,0.0,1,0.0,0.0,0.0,0,3,0.6666666666666666,1.2328767123287672,0.9577464788732394,0.918918918918919,0.08108108108108103,-0.5909592691282833,94.43734036972177
2024-04-20,Wolverhampton Wanderers,Arsenal,0,2,A,5,24,3,9,14,9,1,2,3,2.0,0,0.0,2024,H,,,0,0.0,0.0,0.0,0,3,0.3333333333333333,1.2244897959183674,1.9591836734693877,0.918918918918919,-0.918918918918919,-3.2411748483177054,91.19616552140405
2024-04-24,Wolverhampton Wanderers,Bournemouth,0,1,A,15,21,4,6,10,17,8,12,4,1.0,0,1.0,2024,H,,,0,0.0,0.0,0.0,0,4,0.3333333333333333,1.2162162162162162,1.1666666666666667,0.918918918918919,-0.918918918918919,-3.372297297297297,87.82386822410676
2024-04-27,Wolverhampton Wanderers,Luton Town,2,1,H,13,9,5,6,14,14,4,4,3,1.0,0,0.0,2024,H,,,3,0.0,0.0,0.0,0,3,1.0,1.2281879194630871,0.7142857142857143,0.918918918918919,2.081081081081081,4.4455598455598455,92.2694280696666
2024-05-04,Wolverhampton Wanderers,Manchester City,1,5,H,20,2,12,1,4,17,6,0,4,,0,,2024,A,0.0,0.0,0,0.0,0.0,0.0,0,4,1.0,1.22,2.348993288590604,0.918918918918919,-0.918918918918919,-3.549646290585888,88.7197817790807
2024-05-11,Wolverhampton Wanderers,Crystal Palace,1,3,A,13,13,7,3,13,12,8,3,3,2.0,0,1.0,2024,H,,,0,0.0,0.0,0.0,0,3,1.0,1.2119205298013245,1.2119205298013245,0.918918918918919,-0.918918918918919,-3.1290853767674958,85.59069640231321
2024-05-19,Wolverhampton Wanderers,Liverpool,0,2,H,36,4,14,3,14,11,10,2,1,,1,,2024,A,1.0,0.0,0,0.0,0.0,0.0,0,3,0.0,1.2039473684210529,2.039473684210526,0.918918918918919,-0.918918918918919,-3.253218349928876,82.33747805238434
2024-08-17,Wolverhampton Wanderers,Arsenal,0,2,H,18,9,6,3,17,14,8,2,2,,0,,2024,A,2.0,0.0,0,0.0,0.0,0.0,0,2,0.0,1.196078431372549,2.0,0.918918918918919,-0.918918918918919,-2.997297297297297,79.34018075508703
2024-08-25,Wolverhampton Wanderers,Chelsea,2,6,A,12,14,4,8,13,13,5,5,2,3.0,0,0.0,2024,H,,,0,0.0,0.0,0.0,0,2,0.0,1.1883116883116882,1.62987012987013,0.918918918918919,-0.918918918918919,-2.9417778167778166,76.39840293830922
2024-08-31,Wolverhampton Wanderers,Nottingham Forest,1,1,D,16,11,5,3,15,18,7,3,4,,0,,2024,A,3.0,0.0,1,0.0,0.0,0.0,0,4,0.3333333333333333,1.1870967741935483,1.0,0.918918918918919,0.08108108108108103,-0.8472972972972974,75.55110564101192
2024-09-15,Wolverhampton Wanderers,Newcastle United,1,2,A,12,14,5,6,17,6,4,7,3,3.0,0,0.0,2024,H,,,0,0.0,0.0,0.0,0,3,0.3333333333333333,1.1794871794871795,1.5064102564102564,0.918918918918919,-0.918918918918919,-3.1732588357588356,72.37784680525309
2024-09-21,Wolverhampton Wanderers,Aston Villa,1,3,H,9,10,4,4,11,16,6,5,6,,0,,2024,A,3.0,0.0,0,0.0,0.0,0.0,0,6,0.3333333333333333,1.1719745222929936,1.535031847133758,0.918918918918919,-0.918918918918919,-3.927552074367361,68.45029473088573
2024-09-28,Wolverhampton Wanderers,Liverpool,1,2,A,8,10,3,6,16,8,2,10,2,3.0,0,0.0,2024,H,,,0,0.0,0.0,0.0,0,2,0.0,1.1645569620253164,2.0569620253164556,0.918918918918919,-0.918918918918919,-3.0058416010947657,65.44445312979096
2024-10-05,Wolverhampton Wanderers,Brentford,3,5,H,19,17,12,6,9,10,10,3,3,,0,,2024,A,2.0,0.0,0,0.0,0.0,0.0,0,3,0.0,1.1572327044025157,1.2727272727272727,0.918918918918919,-0.918918918918919,-3.138206388206388,62.30624674158457
2024-10-20,Wolverhampton Wanderers,Manchester City,1,2,A,3,22,2,7,8,5,1,18,4,1.0,0,0.0,2024,H,,,0,0.0,0.0,0.0,0,4,0.0,1.15,2.36875,0.918918918918919,-0.918918918918919,-3.5526097972972974,58.75363694428728
2024-10-26,Wolverhampton Wanderers,Brighton and Hove Albion,2,2,D,19,14,6,7,12,10,9,6,3,,0,,2024,A,3.0,0.0,1,0.0,0.0,0.0,0,3,0.3333333333333333,1.1490683229813663,1.3540372670807452,0.918918918918919,0.08108108108108103,-0.6504028873594092,58.103234056927874
2024-11-02,Wolverhampton Wanderers,Crystal Palace,2,2,D,11,19,6,7,7,9,3,6,1,2.0,0,0.0,2024,H,,,1,0.0,0.0,0.0,0,1,0.6666666666666666,1.148148148148148,1.191358024691358,0.918918918918919,0.08108108108108103,-0.12600100100100112,57.977233055926874
2024-11-09,Wolverhampton Wanderers,Southampton,2,0,H,8,9,4,0,14,12,1,9,1,4.0,0,0.0,2024,H,,,3,0.0,0.0,0.0,1,1,1.6666666666666667,1.1595092024539877,0.896,0.918918918918919,2.081081081081081,5.718302702702702,63.695535758629575
2024-11-23,Wolverhampton Wanderers,Fulham,4,1,A,10,10,3,5,14,14,7,2,0,,0,,2024,A,3.0,0.0,3,0.0,0.0,0.0,0,0,2.3333333333333335,1.170731707317073,1.1507936507936507,0.918918918918919,2.081081081081081,5.130083655083655,68.82561941371323
2024-11-30,Wolverhampton Wanderers,Bournemouth,2,4,A,10,12,3,8,13,11,3,4,4,1.0,0,0.0,2024,H,,,0,0.0,0.0,0.0,0,4,2.0,1.1636363636363636,1.1797752808988764,0.918918918918919,-0.918918918918919,-3.374263589432129,65.4513558242811
2024-12-04,Wolverhampton Wanderers,Everton,0,4,H,13,6,4,2,10,8,3,4,0,,0,,2024,A,2.0,0.0,0,0.0,0.0,0.0,0,0,1.0,1.1566265060240963,1.180722891566265,0.918918918918919,-0.918918918918919,-2.374405731032237,63.076950093248854
2024-12-09,Wolverhampton Wanderers,West Ham United,1,2,H,19,19,4,5,12,17,11,0,4,,0,,2024,A,5.0,0.0,0,0.0,0.0,0.0,0,4,0.0,1.1497005988023952,1.3832335329341316,0.918918918918919,-0.918918918918919,-3.404782327237417,59.67216776601144
2024-12-14,Wolverhampton Wanderers,Ipswich Town,1,2,A,16,10,6,5,13,9,7,3,0,2.0,1,0.0,2024,H,,,0,0.0,0.0,0.0,0,2,0.0,1.1428571428571428,0.75,0.918918918918919,-0.918918918918919,-2.809797297297297,56.86237046871415
2024-12-22,Wolverhampton Wanderers,Leicester City,3,0,A,9,8,5,4,15,16,6,1,0,,0,,2024,A,2.0,0.0,3,0.0,0.0,0.0,1,0,1.0,1.1538461538461535,1.267175572519084,0.918918918918919,2.081081081081081,5.912626366824839,62.774996835538985
2024-12-26,Wolverhampton Wanderers,Manchester United,2,0,H,7,11,4,4,12,12,4,4,2,2.0,0,1.0,2024,H,,,3,0.0,0.0,0.0,1,2,2.0,1.1647058823529413,1.7,0.918918918918919,2.081081081081081,5.347702702702702,68.12269953824169
2024-12-29,Wolverhampton Wanderers,Tottenham Hotspur,2,2,D,13,11,3,3,9,10,5,5,2,,0,,2024,A,1.0,0.0,1,0.0,0.0,0.0,0,2,2.3333333333333335,1.1637426900584795,1.654970760233918,0.918918918918919,0.08108108108108103,-0.4455429113323851,67.67715662690931
2025-01-06,Wolverhampton Wanderers,Nottingham Forest,0,3,A,13,11,6,3,10,8,5,3,1,2.0,0,0.0,2025,H,,,0,0.0,0.0,0.0,0,1,1.3333333333333333,1.1569767441860466,1.1875,0.9333333333333333,-0.9333333333333333,-2.6614583333333335,65.01569829357598
2025-01-15,Wolverhampton Wanderers,Newcastle United,0,3,H,17,13,5,7,10,13,4,2,2,,0,,2025,A,0.0,0.0,0,0.0,0.0,0.0,0,2,0.3333333333333333,1.1502890173410405,1.5202312138728324,0.9333333333333333,-0.9333333333333333,-2.961368015414258,62.05433027816173
2025-01-20,Wolverhampton Wanderers,Chelsea,1,3,H,19,9,7,4,8,14,3,6,2,,0,,2025,A,4.0,0.0,0,0.0,0.0,0.0,0,2,0.0,1.1436781609195403,1.6551724137931034,0.9333333333333333,-0.9333333333333333,-2.981609195402299,59.07272108275943
2025-01-25,Wolverhampton Wanderers,Arsenal,0,1,A,9,9,4,3,20,10,1,5,0,1.0,1,1.0,2025,H,,,0,0.0,0.0,0.0,0,2,0.0,1.1371428571428572,2.0,0.9333333333333333,-0.9333333333333333,-3.033333333333333,56.0393877494261
2025-02-01,Wolverhampton Wanderers,Aston Villa,2,0,H,8,10,5,3,20,13,5,8,2,3.0,0,0.0,2025,H,,,3,0.0,0.0,0.0,1,2,1.0,1.1477272727272727,1.5113636363636365,0.9333333333333333,2.0666666666666664,5.33996212121212,61.37934987063822
2025-02-16,Wolverhampton Wanderers,Liverpool,1,2,H,10,16,3,4,15,13,4,3,2,,0,,2025,A,2.0,0.0,0,0.0,0.0,0.0,0,2,1.0,1.1412429378531073,2.0903954802259888,0.9333333333333333,-0.9333333333333333,-3.0468926553672318,58.33245721527099
2025-02-22,Wolverhampton Wanderers,Bournemouth,1,0,A,8,13,3,5,17,9,6,7,3,,0,,2025,A,3.0,1.0,3,0.0,0.0,0.0,1,3,2.0,1.151685393258427,1.2745098039215683,0.9333333333333333,2.0666666666666664,5.12549019607843,63.45794741134942
2025-02-25,Wolverhampton Wanderers,Fulham,1,2,A,18,11,5,5,8,15,7,5,1,3.0,0,0.0,2025,H,,,0,0.0,0.0,0.0,0,1,1.0,1.1452513966480449,1.198581560283688,0.9333333333333333,-0.9333333333333333,-2.6631205673758864,60.79482684397354
2025-03-08,Wolverhampton Wanderers,Everton,1,1,D,11,12,3,4,11,16,5,5,2,2.0,0,0.0,2025,H,,,1,0.0,0.0,0.0,0,2,1.3333333333333333,1.1444444444444444,1.1944444444444444,0.9333333333333333,0.06666666666666665,-0.4125000000000001,60.382326843973544
2025-03-15,Wolverhampton Wanderers,Southampton,2,1,A,10,5,3,3,12,13,5,1,0,,0,,2025,A,0.0,0.0,3,0.0,0.0,0.0,0,0,1.3333333333333333,1.1546961325966851,0.8181818181818182,0.9333333333333333,2.0666666666666664,5.143939393939393,65.52626623791294
2025-04-01,Wolverhampton Wanderers,West Ham United,1,0,H,9,10,2,1,16,12,1,2,4,2.0,0,0.0,2025,H,,,3,0.0,0.0,0.0,1,4,2.3333333333333335,1.164835164835165,1.3571428571428572,0.9333333333333333,2.0666666666666664,4.863095238095237,70.38936147600818
2025-04-05,Wolverhampton Wanderers,Ipswich Town,2,1,A,6,22,2,7,12,16,4,8,2,,0,,2025,A,2.0,0.0,3,0.0,0.0,0.0,0,2,3.0,1.174863387978142,0.6451612903225806,0.9333333333333333,2.0666666666666664,4.669892473118279,75.05925394912646
2025-04-13,Wolverhampton Wanderers,Tottenham Hotspur,4,2,H,13,11,5,4,12,15,1,4,1,2.0,0,0.0,2025,H,,,3,0.0,0.0,0.0,0,1,3.0,1.184782608695652,1.608695652173913,0.9333333333333333,2.0666666666666664,4.775362318840579,79.83461626796704
2025-04-20,Wolverhampton Wanderers,Manchester United,1,0,A,12,4,2,2,11,18,9,2,3,,0,,2025,A,2.0,0.0,3,0.0,0.0,0.0,1,3,3.0,1.1945945945945946,1.648648648648649,0.9333333333333333,2.0666666666666664,5.069369369369368,84.9039856373364
2025-04-26,Wolverhampton Wanderers,Leicester City,3,0,H,20,8,6,2,7,17,4,2,1,4.0,0,0.0,2025,H,,,3,0.0,0.0,0.0,1,1,3.0,1.2043010752688172,1.148648648648649,0.9333333333333333,2.0666666666666664,5.644369369369368,90.54835500670578
2025-05-02,Wolverhampton Wanderers,Manchester City,0,1,H,9,6,2,1,7,11,4,5,0,,0,,2025,A,0.0,0.0,0,0.0,0.0,0.0,0,0,2.0,1.1978609625668448,2.2620320855614975,0.9333333333333333,-0.9333333333333333,-2.572638146167558,87.97571686053823
2025-05-10,Wolverhampton Wanderers,Brighton and Hove Albion,0,2,A,10,7,3,2,8,12,7,4,1,1.0,0,0.0,2025,H,,,0,0.0,0.0,0.0,0,1,1.0,1.1914893617021276,1.3670212765957446,0.9333333333333333,-0.9333333333333333,-2.688386524822695,85.28733033571552
2025-05-20,Wolverhampton Wanderers,Crystal Palace,2,4,H,14,12,10,3,14,8,0,10,2,,0,,2025,A,1.0,0.0,0,0.0,0.0,0.0,0,2,0.0,1.1851851851851851,1.2592592592592593,0.9333333333333333,-0.9333333333333333,-2.922222222222222,82.3651081134933
2025-05-25,Wolverhampton Wanderers,Brentford,1,1,D,18,13,6,7,7,9,8,3,2,1.0,0,0.0,2025,H,,,1,0.0,0.0,0.0,0,2,0.3333333333333333,1.1842105263157894,1.3157894736842106,0.9333333333333333,0.06666666666666665,-0.4307017543859649,81.93440635910733
2025-08-16,Wolverhampton Wanderers,Manchester City,0,4,A,9,15,3,4,13,7,4,6,1,2.0,0,0.0,2025,H,,,0,0.0,0.0,0.0,0,1,0.3333333333333333,1.1780104712041886,2.2670157068062826,0.9333333333333333,-0.9333333333333333,-2.823385689354276,79.11102066975306
2025-08-23,Wolverhampton Wanderers,Bournemouth,0,1,H,14,6,4,1,13,16,8,3,4,,1,,2025,A,2.0,0.0,0,0.0,0.0,0.0,0,6,0.3333333333333333,1.171875,1.2586206896551724,0.9333333333333333,-0.9333333333333333,-3.922126436781609,75.18889423297145
2025-08-30,Wolverhampton Wanderers,Everton,2,3,A,12,10,4,4,15,10,2,2,0,1.0,0,0.0,2025,H,,,0,0.0,0.0,0.0,0,0,0.0,1.16580310880829,1.2227979274611398,0.9333333333333333,-0.9333333333333333,-2.4167530224525042,72.77214121051894
2025-09-13,Wolverhampton Wanderers,Newcastle United,0,1,H,16,8,4,3,10,17,10,4,4,,0,,2025,A,1.0,0.0,0,0.0,0.0,0.0,0,4,0.0,1.1597938144329898,1.5257731958762886,0.9333333333333333,-0.9333333333333333,-3.4621993127147768,69.30994189780417
2025-09-20,Wolverhampton Wanderers,Leeds United,1,3,A,16,6,6,4,11,9,4,0,1,1.0,0,0.0,2025,H,,,0,0.0,0.0,0.0,0,1,0.0,1.1538461538461535,1.134453781512605,0.9333333333333333,-0.9333333333333333,-2.653501400560224,66.65644049724393
2025-09-27,Wolverhampton Wanderers,Tottenham Hotspur,1,1,D,10,9,3,3,9,11,10,9,2,,0,,2025,A,3.0,0.0,1,0.0,0.0,0.0,0,2,0.3333333333333333,1.153061224489796,1.5714285714285714,0.9333333333333333,0.06666666666666665,-0.46904761904761905,66.18739287819632
2025-10-05,Wolverhampton Wanderers,Brighton and Hove Albion,1,1,D,6,17,3,6,13,9,2,8,2,4.0,0,0.0,2025,H,,,1,0.0,0.0,0.0,0,2,0.6666666666666666,1.1522842639593909,1.380710659898477,0.9333333333333333,0.06666666666666665,-0.44043993231810497,65.74695294587822
2025-10-18,Wolverhampton Wanderers,Sunderland,0,2,H,8,16,2,3,5,12,3,2,0,,0,,2025,A,0.0,0.0,0,0.0,0.0,0.0,0,0,0.6666666666666666,1.1464646464646464,1.75,0.9333333333333333,-0.9333333333333333,-2.4958333333333336,63.25111961254488
2025-10-26,Wolverhampton Wanderers,Burnley,2,3,A,15,11,7,7,12,7,5,3,1,0.0,0,0.0,2025,H,,,0,0.0,0.0,0.0,0,1,0.3333333333333333,1.1407035175879396,0.8780487804878049,0.9333333333333333,-0.9333333333333333,-2.6150406504065042,60.636078962138384
2025-11-01,Wolverhampton Wanderers,Fulham,0,3,H,19,5,6,2,13,14,10,1,3,,1,,2025,A,1.0,0.0,0,0.0,0.0,0.0,0,5,0.0,1.135,1.1851851851851851,0.9333333333333333,-0.9333333333333333,-3.661111111111111,56.97496785102727
2025-11-08,Wolverhampton Wanderers,Chelsea,0,3,H,20,3,8,0,12,14,10,1,2,,0,,2025,A,1.0,0.0,0,0.0,0.0,0.0,0,2,0.0,1.1293532338308458,1.6766169154228856,0.9333333333333333,-0.9333333333333333,-2.984825870646766,53.990141980380514
